date,sigma_t_w5,X_t_vol_w5,sigma_t_w10,X_t_vol_w10,sigma_t_w21,X_t_vol_w21
1999-07-06,0.013683084829692927,23,0.025296315127435517,40,0.024892725628055935,39
1999-07-07,0.014548701035638068,25,0.024777197219725728,39,0.02491726177282912,39
1999-07-08,0.01211264901973751,19,0.024632706721725003,39,0.024371930746494117,38
1999-07-09,0.00975852495648035,13,0.01837540008018357,30,0.024435413109007938,38
1999-07-12,0.009060519367544017,11,0.018674074966361382,30,0.023538498372464363,37
1999-07-13,0.013109258649851342,22,0.015521546446989049,24,0.024175116380910834,38
1999-07-14,0.013047321109014907,21,0.015771351113098877,24,0.02351505609202311,37
1999-07-15,0.014631083855442442,25,0.012850304537294199,18,0.02223930478729588,35
1999-07-16,0.016516268379737395,29,0.012812644404190282,18,0.019728765273422322,31
1999-07-19,0.016384445617761135,29,0.012558640947647168,18,0.019447856489854604,30
1999-07-20,0.012930754633633714,21,0.013123767996640036,19,0.019376045132760252,30
1999-07-21,0.0172874792580092,30,0.01478363603830843,22,0.019977563567347704,31
1999-07-22,0.016577342764486618,29,0.014743133067064089,22,0.019785376477570647,31
1999-07-23,0.011756887671821904,18,0.014014440595852431,21,0.019728082361726667,31
1999-07-26,0.010345831373534455,15,0.014029685174950157,21,0.01721888581284045,25
1999-07-27,0.011223357851790119,17,0.012493925484772916,17,0.01720075294773526,25
1999-07-28,0.00759712669919782,8,0.012593047116015122,18,0.013607068972680478,18
1999-07-29,0.017626249851416385,31,0.016741984412527448,26,0.016142828102989466,22
1999-07-30,0.01925329785409147,33,0.015301284902357864,23,0.015383770304403578,21
1999-08-02,0.018960900686577454,33,0.014588407536062229,22,0.014423270532296731,19
1999-08-03,0.018446290258955108,32,0.014968062783907651,23,0.014135304276592622,19
1999-08-04,0.015964664329952014,28,0.014385955756522094,22,0.014112905931320882,19
1999-08-05,0.011092693013885485,16,0.0138983778882783,21,0.01417341584473665,19
1999-08-06,0.014507043126886878,25,0.016132675931613875,25,0.015524371683181977,21
1999-08-09,0.015492250783310808,27,0.016639900081689894,26,0.014976721214859615,20
1999-08-10,0.015019926265620655,26,0.016067391448421106,25,0.014972569068866058,20
1999-08-11,0.02558062497348915,41,0.021662904475333145,35,0.017316683834238147,25
1999-08-12,0.025724421164292816,41,0.019177790725147078,31,0.017438138813474762,26
1999-08-13,0.0225647473902803,38,0.02228384169418928,36,0.019891615506590774,31
1999-08-16,0.02192819661711945,37,0.021831762741391814,35,0.019352412102636163,30
1999-08-17,0.016706695813748607,29,0.022914094848307615,37,0.020460951749065925,32
1999-08-18,0.023064972945626573,38,0.024073701059010445,38,0.020660871514067786,33
1999-08-19,0.02888369914685116,44,0.026031734530917703,41,0.02080995946691128,33
1999-08-20,0.022388137107133024,37,0.022447555072781802,36,0.02106142251344926,33
1999-08-23,0.030919535566927225,45,0.025539276781596527,40,0.02357805983124247,37
1999-08-24,0.02919993855066575,44,0.024414334472911556,39,0.023580577810189962,37
1999-08-25,0.026550337493245386,42,0.023532816869417845,38,0.023584703444620613,37
1999-08-26,0.027226386816664592,42,0.02648004435360798,41,0.024370837534860683,38
1999-08-27,0.02877961264781799,44,0.02432016960869249,38,0.02300915203036347,36
1999-08-30,0.022450690304364074,38,0.02890686668022474,44,0.024749583028180724,39
1999-08-31,0.018844189718804447,32,0.026720307131254954,41,0.024698230210694623,39
1999-09-01,0.02165782461219026,37,0.02686538891292994,42,0.024779068141795098,39
1999-09-02,0.021163286246576592,36,0.026560446982993757,41,0.02522070583639575,39
1999-09-03,0.032395203160571776,46,0.029256423290746954,44,0.026558671911354904,41
1999-09-07,0.02435693597159687,40,0.0237393987998683,38,0.02567332113402216,40
1999-09-08,0.02526984782963865,41,0.023068791419886808,37,0.025977859977179336,40
1999-09-09,0.024595625717617756,40,0.02280695340389929,36,0.025971744252425596,40
1999-09-10,0.02315907125039835,39,0.022126422269570442,36,0.024777200101627223,39
1999-09-13,0.006960378142488843,7,0.02221917900211276,36,0.024740602778069855,39
1999-09-14,0.005456163945151809,3,0.017224281452113663,27,0.022715121853406354,36
1999-09-15,0.004465150169548019,2,0.017218150311255134,27,0.02258710865021918,36
1999-09-16,0.005016411344780746,3,0.016776686757592696,26,0.02146432717849887,34
1999-09-17,0.006778318043359767,6,0.016212445358681656,25,0.021509394077150964,34
1999-09-20,0.007378104135346217,8,0.009707838374077168,10,0.02105359988997009,33
1999-09-21,0.016540715627977255,29,0.012118189710899974,17,0.021563432754922778,34
1999-09-22,0.01665145928969951,29,0.011694054464392034,15,0.018057358877674803,27
1999-09-23,0.01686262936750385,29,0.011796682735817276,16,0.01794034991747958,27
1999-09-24,0.017412010130149543,30,0.012468768125421144,17,0.018450526182612084,28
1999-09-27,0.018701592337598383,32,0.014128419954597982,21,0.018110217489967585,28
1999-09-28,0.015469023600455295,27,0.015433848756245566,24,0.018776967437227586,29
1999-09-29,0.020296565971047127,35,0.01750204043141873,28,0.016546533397613663,23
1999-09-30,0.024851673185538367,40,0.02015839224062663,33,0.017977912097769593,27
1999-10-01,0.02560022003403816,41,0.02068045573707519,34,0.018174442796848496,28
1999-10-04,0.027276590622054852,43,0.023236627948007686,37,0.01911537113797517,29
1999-10-05,0.026582622811085217,42,0.0205320363209613,33,0.017285963155627793,25
1999-10-06,0.020805716967882523,35,0.021481299269062566,35,0.017727001415981346,27
1999-10-07,0.022133570945089578,37,0.02230171148848278,36,0.01753362431328414,26
1999-10-08,0.016874766065461615,29,0.02232209207556263,36,0.01757943167066601,26
1999-10-11,0.01753449452602412,31,0.021684544302936638,35,0.01783545125173292,27
1999-10-12,0.01806160906582281,31,0.021603965813952145,35,0.01798869325864202,27
1999-10-13,0.018560329134469884,32,0.023748393990080517,38,0.019872613584115954,31
1999-10-14,0.019602989208538747,34,0.02165464154070479,35,0.019875108839132693,31
1999-10-15,0.01892519058902136,33,0.024891363059501844,39,0.0219113201250238,35
1999-10-18,0.03199321738635321,46,0.025525547690454797,40,0.023304151824356995,37
1999-10-19,0.03626535223471516,48,0.027071124972339107,42,0.0240594766123751,38
1999-10-20,0.0320883603847224,46,0.02740340891737128,42,0.023700321313932494,37
1999-10-21,0.03174543611059496,45,0.027475093468194517,42,0.02381561633786047,37
1999-10-22,0.008005012987579956,9,0.02829145329830934,43,0.0242974353637307,38
1999-10-25,0.015706650238867748,27,0.027865328456653318,43,0.024375036134029172,38
1999-10-26,0.014624457306482957,25,0.02763761429611062,42,0.023793375710006382,37
1999-10-27,0.024029140979816302,40,0.027231450986582757,42,0.02620946125782867,40
1999-10-28,0.027743081408468245,43,0.02926981524666866,44,0.027016711160940364,41
1999-10-29,0.030319917448233848,45,0.020963248501404526,34,0.02672614543425087,41
1999-11-01,0.03266953110437666,46,0.024275342124164333,38,0.02667986833300536,41
1999-11-02,0.033424196089306565,46,0.024494963410860816,39,0.026172424074440963,40
1999-11-03,0.028444039012813574,43,0.02595905877385174,41,0.02659695740505325,41
1999-11-04,0.012110765024764785,19,0.02596602869316187,41,0.026283991541215194,41
1999-11-05,0.014067884063238343,24,0.025571507863488597,40,0.02598763702936084,40
1999-11-08,0.011983541098811609,18,0.02559482013924365,40,0.02618311487366773,40
1999-11-09,0.015392116099091257,27,0.027638210705006522,42,0.02647255329893049,41
1999-11-10,0.014475282586322835,25,0.02170552672515879,35,0.026358490096726687,41
1999-11-11,0.01266694139305331,20,0.011853522823910136,16,0.02467009847511102,39
1999-11-12,0.028994368337661468,44,0.021501635219525913,35,0.026430314222452733,41
1999-11-15,0.02906249636653009,44,0.021139888980052705,34,0.023588465592432772,37
1999-11-16,0.026978358637920072,42,0.02394792826806724,38,0.023754877590589425,37
1999-11-17,0.034304793439497036,47,0.02615923675336836,41,0.02534575413931713,40
1999-11-18,0.033175965502979694,46,0.026219179119641813,41,0.025153707397625468,39
1999-11-19,0.025968042919416828,42,0.02603264634135563,41,0.025148690081212635,39
1999-11-22,0.025634408898753146,41,0.02607565137647121,41,0.025108362078141606,39
1999-11-23,0.013531214530248126,23,0.025772574660302913,40,0.025507545353568212,40
1999-11-24,0.010141567606880753,14,0.026773298847730023,41,0.02607344084766412,40
1999-11-26,0.012568733280568145,20,0.02645270196149393,41,0.023150306654136872,36
1999-11-29,0.011087253616254242,16,0.02072757710657083,34,0.02011754158001581,32
1999-11-30,0.013019902956710084,21,0.01966591350151214,32,0.020139054930118656,32
1999-12-01,0.013105918250918017,22,0.013328976262786896,19,0.019869825047882376,31
1999-12-02,0.00919190910883586,12,0.010524334035527133,12,0.01984329930756573,31
1999-12-03,0.022455886287547532,38,0.018996770065761642,31,0.02189678107665121,35
1999-12-06,0.021047340281591238,36,0.01914335139439239,31,0.021940370165558328,35
1999-12-07,0.02091923456863373,36,0.019465512683227364,32,0.021983372541908,35
1999-12-08,0.027904828492657036,43,0.020911097285233906,34,0.022907958599393794,36
1999-12-09,0.028424579859118303,43,0.01995388227875431,32,0.022440251574012037,36
1999-12-10,0.01983573974111292,34,0.020712373837787956,34,0.02273613340905218,36
1999-12-13,0.020729112430201046,35,0.020883487778744825,34,0.022945595035421776,36
1999-12-14,0.02134049737831624,36,0.023954192032208575,38,0.021305409354524456,34
1999-12-15,0.023184976147149077,39,0.02459859923321349,39,0.02132676494713976,34
1999-12-16,0.02325156614404862,39,0.02479270616908006,39,0.019166197852708424,29
1999-12-17,0.02073647078773797,35,0.019278220883429873,31,0.01832227702223694,28
1999-12-20,0.02125271032352846,36,0.0198896715693055,32,0.01874158381169916,29
1999-12-21,0.021385449962278744,36,0.022659713411131353,36,0.020307940988623093,32
1999-12-22,0.020621323257941724,35,0.02089789499132915,34,0.020244801334853308,32
1999-12-23,0.020545430046938585,35,0.021535382722215068,35,0.020241941401037376,32
1999-12-27,0.02548873930008619,41,0.02216273107853912,36,0.02067857641899817,33
1999-12-28,0.023479936728946854,39,0.02241544474866321,36,0.020892540615794635,33
1999-12-29,0.018710770000756702,32,0.019391260590100958,32,0.020748397118336655,33
1999-12-30,0.018991656848474738,33,0.018693360691695526,30,0.020787743337292088,33
1999-12-31,0.017038778356984394,30,0.01834563846789607,29,0.02076830951208891,33
2000-01-03,0.026620163953416418,42,0.024773107336601936,39,0.023661867861225695,37
2000-01-04,0.02750954804032428,43,0.02743555937574706,42,0.022739309044323194,36
2000-01-05,0.02903308817466397,44,0.024132195111514723,38,0.022811984237236814,36
2000-01-06,0.04639664399164743,50,0.033515948189408874,46,0.027164923334611006,41
2000-01-07,0.046071245611101916,50,0.03282545768270854,46,0.02649763111979716,41
2000-01-10,0.038653393291833704,48,0.03175801089623488,46,0.02645131133852489,41
2000-01-11,0.031582536017880816,45,0.03146961317088073,45,0.026166753411650517,40
2000-01-12,0.03311264159101109,46,0.03367897267026507,46,0.027219440876458886,41
2000-01-13,0.018961544041345132,33,0.03374029743827663,46,0.026154376056431894,40
2000-01-14,0.024659171239861607,40,0.03638591424033682,48,0.02749442910066915,42
2000-01-18,0.0234519131890099,39,0.030798974819687783,45,0.027363805491737843,41
2000-01-19,0.01545492494186695,27,0.024543741605099683,39,0.027602843562258627,42
2000-01-20,0.028957022953920705,44,0.02953643359611832,44,0.028516223788342218,42
2000-01-21,0.031946788075715035,46,0.024786215961140758,39,0.028134259680603523,42
2000-01-24,0.023684155780880047,39,0.02614560473655682,41,0.028578806802043905,42
2000-01-25,0.024473781804582786,40,0.02628902568494102,41,0.02842912716245325,42
2000-01-26,0.030926508365981945,45,0.02765452225830948,42,0.02899753778356222,43
2000-01-27,0.026425980626853494,42,0.026252139593252833,41,0.028976625248205063,43
2000-01-28,0.03488009548948616,47,0.03160883568830355,45,0.031050390954319326,45
2000-01-31,0.03309420035818844,46,0.028505598529622665,43,0.031173648048515395,45
2000-02-01,0.03375438577121359,47,0.029322827169343302,44,0.03146628813022669,45
2000-02-02,0.030356060359404323,45,0.02890588864535642,43,0.02955216556165005,43
2000-02-03,0.02866405618017994,44,0.02701136218238632,42,0.02788294326643794,42
2000-02-04,0.02218862190559238,37,0.02764558299174285,42,0.028810672096841832,43
2000-02-07,0.01910011047400338,33,0.026861017987959562,42,0.025219639087862365,39
2000-02-08,0.020479120633399493,35,0.027870889443959938,43,0.025777524267707186,40
2000-02-09,0.02182248475591576,37,0.02517940908972224,40,0.02658768817134776,41
2000-02-10,0.021755932884115696,37,0.02399103491735205,38,0.026446363715489984,41
2000-02-11,0.019730163842211726,34,0.01982713574325662,32,0.025282670592055655,40
2000-02-14,0.019598631681904604,34,0.018726344195815477,30,0.025162535690269862,39
2000-02-15,0.014199228967244607,24,0.016711963175753297,26,0.02304622746687874,36
2000-02-16,0.007128462464128799,7,0.01603495299600128,25,0.022912309775085737,36
2000-02-17,0.013298572991326857,22,0.017195691276269527,27,0.022661811574561895,36
2000-02-18,0.013401535695849322,22,0.01632373780167764,25,0.02189223786094179,35
2000-02-22,0.01362831351982986,23,0.01648112186217393,26,0.02163906539858168,35
2000-02-23,0.010815791631897857,16,0.01276895292433798,18,0.02145274162435435,34
2000-02-24,0.010630458558906776,15,0.011939279947567792,16,0.02146695953311988,34
2000-02-25,0.009988587228403685,14,0.012713247614019966,18,0.019007388753670543,29
2000-02-28,0.01875486938090407,32,0.015390217843975193,24,0.0193916064791679,30
2000-02-29,0.032211570372906353,46,0.024024726053840057,38,0.020912282888982593,33
2000-03-01,0.030804580384579484,45,0.02378757370757784,38,0.02044615032936701,32
2000-03-02,0.027655261366915585,43,0.023778296353412266,38,0.019542348306061365,30
2000-03-03,0.023629579773924856,39,0.025746995113989837,40,0.02137183793440081,34
2000-03-06,0.030643356660160506,45,0.026067862543752512,41,0.021731299546197933,35
2000-03-07,0.02759903212675339,43,0.028513470670605324,43,0.02217159150059024,35
2000-03-08,0.027593512849115282,43,0.02810694808220878,43,0.022176161250611368,35
2000-03-09,0.028270207979456473,43,0.027155861860499942,42,0.021335213610287045,34
2000-03-10,0.016976144389208254,30,0.027653433627310178,42,0.021295608615436282,34
2000-03-13,0.022704401881117914,38,0.027539694970688058,42,0.021876553381424125,35
2000-03-14,0.01738329209744644,30,0.021799823670525135,35,0.02177835871099012,35
2000-03-15,0.028663904379145323,44,0.02771428742972469,42,0.024758733522376206,39
2000-03-16,0.046298187284967984,50,0.039456815251359946,49,0.03190888932674802,46
2000-03-17,0.03958838023565386,49,0.03840324605448316,49,0.031830350507215686,45
2000-03-20,0.044647759894091886,50,0.03769891113335518,48,0.03138895063180104,45
2000-03-21,0.04173943075815361,49,0.03518298235864956,47,0.031524902652471834,45
2000-03-22,0.04194299357649674,49,0.03459972405797893,47,0.03151327249822031,45
2000-03-23,0.02965358748146528,44,0.03699937150496309,48,0.033050138597552556,46
2000-03-24,0.03307951756733275,46,0.035774562569974154,47,0.03286703064336791,46
2000-03-27,0.03195037928580353,46,0.0370416837367854,48,0.032289819238123484,46
2000-03-28,0.030172165447357607,45,0.03620336835912841,48,0.03223160057162942,46
2000-03-29,0.030759370978647164,45,0.03542282091385916,47,0.031108378778271925,45
2000-03-30,0.014419370362297712,25,0.02520212251792978,40,0.031642048451400624,45
2000-03-31,0.013851032157467675,23,0.025153579611314095,40,0.0315659413726439,45
2000-04-03,0.02067207424354846,35,0.025675114805346712,40,0.03142256947518958,45
2000-04-04,0.030492581849667324,45,0.02989791967841003,44,0.03300246390987185,46
2000-04-05,0.03046958609159232,45,0.030040664102371557,44,0.03181876036873192,45
2000-04-06,0.03039028125085335,45,0.02271419560522043,36,0.03164426167112706,45
2000-04-07,0.03020589119353885,45,0.02215432151957313,36,0.031789439800800595,45
2000-04-10,0.0371425852628709,48,0.02845026724102056,43,0.032292008184200215,46
2000-04-11,0.02520602372181359,41,0.02862877452334971,43,0.03229138357266198,46
2000-04-12,0.024282898239551827,40,0.02859381787044426,43,0.032272425935435646,46
2000-04-13,0.02714037494985696,42,0.027805362681410838,43,0.0313926542649523,45
2000-04-14,0.04693550915822345,51,0.03721015184664994,48,0.03037942957741867,44
2000-04-17,0.03823654625079328,48,0.03598918955001382,48,0.030696755020853103,44
2000-04-18,0.045300642453923304,50,0.035866051855279454,47,0.03203214129049053,46
2000-04-19,0.048198686634923826,51,0.038603678786357766,49,0.032823074972509136,46
2000-04-20,0.05111089023080309,51,0.039297261744716074,49,0.03329150242459821,46
2000-04-24,0.03311755759751575,46,0.03918727298706672,49,0.030748565497803096,44
2000-04-25,0.03583148884284863,48,0.037694600865481445,48,0.031794576059598983,45
2000-04-26,0.03634313915449838,48,0.03881024860814453,49,0.032592453874073876,46
2000-04-27,0.03048916542922863,45,0.03910877650188559,49,0.03268200089331139,46
2000-04-28,0.031823900352055984,45,0.04015297811907431,49,0.03343022036158628,47
2000-05-01,0.03224195027328817,46,0.03220120052517339,46,0.03321233595719072,46
2000-05-02,0.022359857884958596,37,0.03182165780525896,46,0.0333043876905971,47
2000-05-03,0.01981420054424887,34,0.028027018841463542,43,0.03263120907094429,46
2000-05-04,0.021127613287904086,36,0.026115932699138675,41,0.031373182532859104,45
2000-05-05,0.01927240036479946,33,0.024961042524233066,39,0.031505814697977544,45
2000-05-08,0.018179943643783707,31,0.024718653731226142,39,0.03139948484271449,45
2000-05-09,0.016088518345040218,28,0.01852302096433543,30,0.03142259145286633,45
2000-05-10,0.025160558656360524,41,0.02149749191339161,35,0.030579588999575393,44
2000-05-11,0.03398278503506899,47,0.027285847354464765,42,0.03200189064824078,46
2000-05-12,0.03461219590552484,47,0.02644152768666057,41,0.03243528494658127,46
2000-05-15,0.0394268709603969,49,0.02969776984838208,44,0.03389380596556254,47
2000-05-16,0.04106620445482023,49,0.030374834736457666,45,0.029824328905697726,44
2000-05-17,0.02978452870652551,44,0.03003372811757117,44,0.029659100791081864,44
2000-05-18,0.025320345861908723,41,0.028525996350722053,43,0.027728910911576938,42
2000-05-19,0.025425950950198128,41,0.028631757855302982,43,0.0262892288731427,41
2000-05-22,0.011662491968490646,18,0.028653302927931727,43,0.025645672756014128,40
2000-05-23,0.01178083334529973,18,0.028686159471657605,43,0.02581484120486352,40
2000-05-24,0.013175786335692264,22,0.023131740288695697,37,0.02406552528396789,38
2000-05-25,0.023778339103445203,39,0.025170566843541953,40,0.02514869657694323,39
2000-05-26,0.023853457815252232,39,0.024017313045021922,38,0.02497573582194835,39
2000-05-30,0.03095352718247958,45,0.022078722064978615,36,0.025327300819344756,40
2000-05-31,0.03381902817339211,47,0.02389843384998001,38,0.026065016112345893,40
2000-06-01,0.03336308797241401,46,0.024094774254889983,38,0.02618778307308208,40
2000-06-02,0.019818881337820435,34,0.02762354859434262,42,0.027533716807467842,42
2000-06-05,0.016784798735885842,29,0.026988621014734898,42,0.026677410649503176,41
2000-06-06,0.027198529868982642,42,0.02900880908396983,44,0.027394422401334734,41
2000-06-07,0.026053716281899796,42,0.029244046920107118,44,0.027636178783132896,42
2000-06-08,0.030720877525022415,45,0.030265879169835242,45,0.02832543819464398,42
2000-06-09,0.019620401357859644,34,0.02505307981388929,40,0.025808216846695816,40
2000-06-12,0.01931399258600035,33,0.024764263855880205,39,0.02431634714133638,38
2000-06-13,0.019788940058990845,34,0.02346178470080286,37,0.0242923139914039,38
2000-06-14,0.021539250008479432,36,0.023122021552386237,37,0.023136874290960327,36
2000-06-15,0.02431351045584278,40,0.026157430829856696,41,0.02404340003233046,38
2000-06-16,0.029065303523537846,44,0.02342971775868938,37,0.025195044656242335,39
2000-06-19,0.03118015748966503,45,0.02478522833759348,39,0.02551446363225569,40
2000-06-20,0.029458139070977284,44,0.02376349885539588,38,0.025366911557848665,40
2000-06-21,0.024624960500473993,40,0.023264956092854183,37,0.025896699779470247,40
2000-06-22,0.021812267344282845,37,0.022383862462327844,36,0.02587826712216018,40
2000-06-23,0.016634910167895357,29,0.022336512273316397,36,0.025665035033639285,40
2000-06-26,0.02207239739391441,37,0.0254680013199855,40,0.02438886733081331,38
2000-06-27,0.021928876990277013,37,0.024486155984852334,39,0.0243797702913574,38
2000-06-28,0.019034985570280872,33,0.02240737674724767,36,0.023342831405190702,37
2000-06-29,0.02070770534096045,35,0.020844200488115427,34,0.022969243622836453,36
2000-06-30,0.02858083066406056,43,0.022085157821494228,36,0.02429941931320378,38
2000-07-03,0.02891843153652587,44,0.024406081131263007,39,0.02337520246721848,37
2000-07-05,0.029991841009718707,45,0.024770710522621572,39,0.023597124363828506,37
2000-07-06,0.030280274447580614,45,0.023941960366245966,38,0.023153941651912775,36
2000-07-07,0.02901828205466127,44,0.023937076283203886,38,0.023123186492951472,36
2000-07-10,0.013281166429961251,22,0.02377778957678373,38,0.022400932178189135,36
2000-07-11,0.007024543992630337,7,0.021551097920292993,35,0.022427664793910257,36
2000-07-12,0.0075029291836229365,8,0.021752845182771697,35,0.022669947735862492,36
2000-07-13,0.010374580470305714,15,0.021939848952278546,35,0.022322548634017236,35
2000-07-14,0.009256567180810473,12,0.020307941867210036,33,0.021764526144904033,35
2000-07-17,0.01699434501450737,30,0.015838562473127833,25,0.02104423265368439,33
2000-07-18,0.0164630348615883,29,0.01284004283212642,18,0.019457829267685984,30
2000-07-19,0.01663748782944835,29,0.013187498208661679,19,0.019326141440770807,30
2000-07-20,0.022822225998494327,38,0.01673808712458106,26,0.020914187911449836,33
2000-07-21,0.022714465490547633,38,0.01635663460964936,25,0.0200514949191359,31
2000-07-24,0.01672067788655735,29,0.016650837749115393,26,0.01966377968256504,30
2000-07-25,0.01827221531048322,32,0.01706146206733225,27,0.01967436950474647,31
2000-07-26,0.0202026653009089,35,0.017515881535169878,28,0.01886524948933676,29
2000-07-27,0.00721315801204156,7,0.017315263743080223,28,0.01875170262522813,29
2000-07-28,0.010402233176133827,15,0.018839536549748768,31,0.01970358159063582,31
2000-07-31,0.02119431137934076,36,0.019316141994389448,31,0.019940823047281415,31
2000-08-01,0.021083554029293496,36,0.01944799897651356,32,0.01696287979715005,24
2000-08-02,0.020008876423998817,34,0.018982395174372467,31,0.015650865544214274,21
2000-08-03,0.020078023509436715,34,0.014530540620004547,22,0.01557286089719847,21
2000-08-04,0.01614742385986997,28,0.017450180193387444,28,0.0165463909967713,23
2000-08-07,0.012964811886158204,21,0.01727259718524154,28,0.016256415809886095,23
2000-08-08,0.01594262321770658,28,0.017924320711769165,29,0.016735829085322135,24
2000-08-09,0.016460116096210807,29,0.01730440833407126,28,0.016759913856101833,24
2000-08-10,0.019804045551678185,34,0.01891339612269961,31,0.017321433626630228,26
2000-08-11,0.014491608538203565,25,0.01720396669679127,27,0.017533138604040554,26
2000-08-14,0.018484800177695982,32,0.015625718275710656,24,0.017811790741772016,27
2000-08-15,0.017044370403540784,30,0.015661086177782717,24,0.016756353825264872,24
2000-08-16,0.018770170421970704,32,0.016813299210295063,27,0.017297578023630196,25
2000-08-17,0.017245407286417384,30,0.01827584238570128,29,0.017687152354969888,26
2000-08-18,0.017091254606571005,30,0.015713178758336315,24,0.015796599041381428,22
2000-08-21,0.018635865647695052,32,0.01784523505658645,29,0.016747209623083632,24
2000-08-22,0.01793338489650236,31,0.016818015756320658,27,0.016673087728701318,24
2000-08-23,0.016939994260539836,30,0.017540561972453652,28,0.016921713621116195,24
2000-08-24,0.014628930453127213,25,0.015279848328352053,23,0.016552792228542994,23
2000-08-25,0.0160822768216106,28,0.01573384318025512,24,0.01685377704617182,24
2000-08-28,0.10457254160918589,53,0.0769818097037162,53,0.055003725255096635,51
2000-08-29,0.10389257900047008,53,0.07709856745378929,53,0.05431783995218842,51
2000-08-30,0.10336493918237746,53,0.07707816524188159,53,0.0543345157625818,51
2000-08-31,0.10633969838992464,53,0.07682863597453235,53,0.054681006014980715,51
2000-09-01,0.10616462425729287,53,0.0765554845261257,53,0.05458539734839311,51
2000-09-05,0.015304073725121718,27,0.07514110891936358,53,0.05390856023097758,51
2000-09-06,0.027469969559448835,43,0.07464847912266949,53,0.05458150726353932,51
2000-09-07,0.02726673604817401,42,0.0747916271437803,53,0.05459424947068845,51
2000-09-08,0.028566040842517716,43,0.07635802905595003,53,0.055205047849542783,51
2000-09-11,0.02961836082325134,44,0.07719234502858402,53,0.05536075389455281,51
2000-09-12,0.029307515918513397,44,0.022197593155022198,36,0.05503757621083683,51
2000-09-13,0.016312366642859316,28,0.022419378188852562,36,0.05453063178559574,51
2000-09-14,0.01569644891589412,27,0.021960505429070697,35,0.05453606244779572,51
2000-09-15,0.010695228347800845,16,0.020407257108579165,33,0.05453670049350034,51
2000-09-18,0.008369986965405958,10,0.020937904131941406,34,0.05387743954634105,51
2000-09-19,0.014181595749382844,24,0.02174464245727244,35,0.05414818010481579,51
2000-09-20,0.01399197146665559,23,0.015194083954696088,23,0.053292198225786534,51
2000-09-21,0.013572344156590583,23,0.01529515408019439,23,0.0530594590964602,51
2000-09-22,0.013201245766835519,22,0.011398991535971187,15,0.05309791943637259,51
2000-09-25,0.016798009713439293,29,0.014445552160212769,22,0.0537673762904412,51
2000-09-26,0.016274410004700774,28,0.014620740747174147,22,0.05376042835248482,51
2000-09-27,0.01790482850179295,31,0.015224861761169954,23,0.018262634120994294,28
2000-09-28,0.022347644283718524,37,0.018520952369561222,30,0.019526513340253373,30
2000-09-29,0.02178851977388303,37,0.018166805559746587,29,0.019339983416304184,30
2000-10-02,0.021369164360810586,36,0.01816200968850166,29,0.0194970532313619,30
2000-10-03,0.020980518102694575,36,0.019421728459267682,32,0.020379779213829947,32
2000-10-04,0.027699537525194957,43,0.023121549386691594,37,0.021864797356231192,35
2000-10-05,0.027333089504550913,43,0.023731165218596938,38,0.019503826834916825,30
2000-10-06,0.03716724944734288,48,0.028934875922029292,44,0.022100626732257714,35
2000-10-09,0.03445692145370869,47,0.028077748799547275,43,0.021442166796891742,34
2000-10-10,0.028183451085439844,43,0.02940774309464455,44,0.02203417791822867,35
2000-10-11,0.027256153030355286,42,0.030047558742039276,44,0.022681553489436856,36
2000-10-12,0.015441548294582589,27,0.03145231157499887,45,0.025099170657234996,39
2000-10-13,0.04629840141751287,50,0.0400671025156686,49,0.02977335774485207,44
2000-10-16,0.04851836026369707,51,0.039718071522602795,49,0.030155983434801862,44
2000-10-17,0.04819999019449707,51,0.03813375059395194,48,0.03039258056261841,44
2000-10-18,0.04633943070966962,50,0.03747469979479507,48,0.030181223726616666,44
2000-10-19,0.03499010711043968,47,0.03863495086614664,49,0.03127708394288651,45
2000-10-20,0.024528938006865814,40,0.03620286791744409,48,0.03125506472711057,45
2000-10-23,0.02346959235225847,39,0.03601974139531791,48,0.031294486172011256,45
2000-10-24,0.019923025963912842,34,0.03564452866583283,47,0.0312388313814035,45
2000-10-25,0.024149481150393576,40,0.03488177468449042,47,0.03144162580265281,45
2000-10-26,0.021283376725775058,36,0.03110631372417574,45,0.03186383726669406,45
2000-10-27,0.026384456962950862,42,0.02431075969554907,38,0.03177497677888531,45
2000-10-30,0.028667059048559252,44,0.024901769233981758,39,0.03236578880309464,46
2000-10-31,0.02799023095870668,43,0.02308299328489291,37,0.03222777037524266,46
2000-11-01,0.02741187147043732,43,0.024354861143680892,39,0.031691486880552996,45
2000-11-02,0.01916829829214568,33,0.023261087792626426,37,0.03140390531266729,45
2000-11-03,0.018485868801876894,32,0.023238146822057017,37,0.03109996792513553,45
2000-11-06,0.01748707879583632,30,0.02277052877405489,36,0.02953509174368145,43
2000-11-07,0.0178755053028725,31,0.022249122922916996,36,0.029265151391688383,43
2000-11-08,0.022841954783526613,38,0.02379358933977363,38,0.029261926583671063,43
2000-11-09,0.019819330419042533,34,0.020557173433746523,33,0.028446165269895428,42
2000-11-10,0.018737390480130078,32,0.021467897082480897,35,0.02581803633586217,40
2000-11-13,0.011633051845635371,18,0.020758564645202822,34,0.022261606055772282,35
2000-11-14,0.014032349108735971,24,0.01942107303096936,32,0.021850707021522187,35
2000-11-15,0.01088439152292522,16,0.0189795778194622,31,0.021037673955695647,33
2000-11-16,0.021560446450657304,36,0.01956416565806434,32,0.0219619791382638,35
2000-11-17,0.019617697724193167,34,0.01852776367424617,30,0.02078013176701396,33
2000-11-20,0.023520438621590416,39,0.018628612095955455,30,0.02200176385334169,35
2000-11-21,0.022958187580398574,38,0.01851499193871424,30,0.021933603923682553,35
2000-11-22,0.028148133754438295,43,0.02013353624168939,33,0.022826463087110047,36
2000-11-24,0.01981860401070765,34,0.020821872467280095,34,0.022596782479876693,36
2000-11-27,0.021777999896996223,37,0.020727474870878886,34,0.021607920179254118,34
2000-11-28,0.01995114596034537,34,0.020612825518180125,33,0.020765243780951563,33
2000-11-29,0.02850085875336239,43,0.024748673300365003,39,0.0217247410482085,35
2000-11-30,0.014952891331040715,26,0.024719985686709155,39,0.021234253263990654,34
2000-12-01,0.01997914823133259,34,0.022717661121412814,36,0.02122528633490637,34
2000-12-04,0.02419831731037126,40,0.023352524712397543,37,0.020588096912775154,32
2000-12-05,0.03616773085662334,48,0.029548922789952498,44,0.02480985231789858,39
2000-12-06,0.03550382658614634,47,0.030352272828334383,45,0.02463528141482166,39
2000-12-07,0.03535404680572833,47,0.026271563152264945,41,0.024649973925263444,39
2000-12-08,0.0365622879615792,48,0.02785063676401428,43,0.025293418771369723,40
2000-12-11,0.03148857935951003,45,0.028289477183785872,43,0.025960967079892684,40
2000-12-12,0.022805782043840254,38,0.02866942477438062,43,0.02545717081064915,40
2000-12-13,0.01729970419495717,30,0.02697184186237628,42,0.025030642848354965,39
2000-12-14,0.03053823807437384,45,0.031220674157117472,45,0.026877321414367824,41
2000-12-15,0.0335896875675254,47,0.03544300402528187,47,0.029218486183820558,43
2000-12-18,0.033771479501538734,47,0.03558213169374817,47,0.029084366581354094,43
2000-12-19,0.036547744894240564,48,0.02995281012957193,44,0.029294335413165264,43
2000-12-20,0.03827644382986404,48,0.03265846611176234,46,0.03001833660894959,44
2000-12-21,0.03820403020077966,48,0.03319205432009583,46,0.030214206903590474,44
2000-12-22,0.030279062906912388,45,0.03226785112010917,46,0.029141236758281255,43
2000-12-26,0.029051703679832768,44,0.0314672960809902,45,0.029302635113564634,43
2000-12-27,0.028467329215380487,43,0.03146878537835866,45,0.029323303586988484,43
2000-12-28,0.01066085788003739,16,0.03147757657317497,45,0.029333986967973773,43
2000-12-29,0.012844136696733444,21,0.028290302038651165,43,0.028300178451716194,42
2001-01-02,0.010954975432628416,16,0.021761182445778987,35,0.028405015604281176,42
2001-01-03,0.040782782533736704,49,0.03373747971729899,46,0.03376498697433967,47
2001-01-04,0.03975340412431917,49,0.03367497829631233,46,0.03312965721385144,46
2001-01-05,0.046940076630126316,51,0.032130485710803326,46,0.0320427632919901,46
2001-01-08,0.0471091699849643,51,0.032553099093086256,46,0.03168852894677052,45
2001-01-09,0.04859173051706439,51,0.03334403166334022,46,0.03219086184315829,46
2001-01-10,0.027717873785423473,43,0.03440017421590217,47,0.032110058885711036,46
2001-01-11,0.028758074174603996,44,0.0345307372284164,47,0.03188389935611598,46
2001-01-12,0.02822946189134108,43,0.03705767559806986,48,0.03283968004404977,46
2001-01-16,0.031210338189849335,45,0.037747576133783906,48,0.033404156523421207,47
2001-01-17,0.02993244974327225,44,0.03805101588260287,48,0.03211719725910786,46
2001-01-18,0.026111091776293477,42,0.0255117221851527,40,0.029422472822955327,43
2001-01-19,0.024153972986094716,40,0.025037284817490305,40,0.029028386362829024,43
2001-01-22,0.017564784938242824,31,0.022304191843302002,36,0.0290327678934228,43
2001-01-23,0.0137259151789801,23,0.022853608156816644,37,0.02695905822948153,41
2001-01-24,0.011404708653277999,17,0.02135923531456055,35,0.026984993117085493,41
2001-01-25,0.013492089994304061,22,0.019639233051349684,32,0.02678249809794829,41
2001-01-26,0.013783301791320297,23,0.018733458329531497,30,0.026672260029675123,41
2001-01-29,0.01315712323166768,22,0.014928042475667973,23,0.026816440949315845,41
2001-01-30,0.012212530860703603,19,0.012435843638159657,17,0.0268332682364058,41
2001-01-31,0.010450653013545369,15,0.01091232627823703,13,0.026840221953913817,41
2001-02-01,0.008981711534016544,11,0.01081994064559607,13,0.02660518027822079,41
2001-02-02,0.011050469149482219,16,0.011825073917066433,16,0.018926504229089716,29
2001-02-05,0.009821275743929233,13,0.011760390212177679,16,0.01898066897191032,29
2001-02-06,0.013672117105498892,23,0.0130358151897441,19,0.017769979436289645,27
2001-02-07,0.014424237541106607,25,0.0123365841638596,17,0.01802291601277209,27
2001-02-08,0.013735546196122021,23,0.012165614803894003,17,0.017283011117105215,25
2001-02-09,0.013711006759049963,23,0.012171573721516964,17,0.01568742441603388,21
2001-02-12,0.0178831464147387,31,0.013712777589814387,20,0.016124915242882065,22
2001-02-13,0.01668106495476252,29,0.014413804317732329,22,0.014565619669120063,20
2001-02-14,0.017322443339586983,30,0.015123895791406192,23,0.013603887834965267,18
2001-02-15,0.01781920445084625,31,0.015472907501245303,24,0.01326427849506155,17
2001-02-16,0.017824856918036903,31,0.015222251627148227,23,0.013145399015592894,17
2001-02-20,0.02275063722473975,38,0.02041984186138943,33,0.017298469798607365,25
2001-02-21,0.02922143087153429,44,0.025246159458353023,40,0.020908563971907,33
2001-02-22,0.032267641064361405,46,0.025943354448778058,41,0.02038042761904816,32
2001-02-23,0.029599988700795787,44,0.025876917344535462,41,0.019711517760087387,31
2001-02-26,0.0418480121900649,49,0.03112725497795323,45,0.022548418253244905,36
2001-02-27,0.03600757987735291,48,0.02893979799771787,44,0.02257648390151836,36
2001-02-28,0.023371589149999063,39,0.028894832527777393,43,0.022002008635846865,35
2001-03-01,0.024160686186721514,40,0.028787653968256867,43,0.021978270354467713,35
2001-03-02,0.024723043201670885,40,0.02815497589229271,43,0.022018131882039833,35
2001-03-05,0.007650579539478,8,0.028489391425064337,43,0.022084700334581268,35
2001-03-06,0.01034790482502047,15,0.024977174915762613,39,0.02228681383656665,35
2001-03-07,0.020281573191714954,35,0.02064379430750493,33,0.023821206033915923,37
2001-03-08,0.018249989995960003,31,0.020641601646186003,33,0.02364578603884564,37
2001-03-09,0.024615794129210094,40,0.023438468486362204,37,0.024350940005471375,38
2001-03-12,0.032122945139252644,46,0.022108349957987425,36,0.025641603843701153,40
2001-03-13,0.03503978135753421,47,0.024457811719104272,39,0.0266603181503587,41
2001-03-14,0.03938055259636291,49,0.032937854503669275,46,0.029432594161877223,43
2001-03-15,0.04572677846878424,50,0.03547416681476761,47,0.030841851307933456,44
2001-03-16,0.045036954630831336,50,0.035698988303376845,47,0.03088067274791351,44
2001-03-19,0.04392796192759159,50,0.03629207731348393,48,0.03119223777447754,45
2001-03-20,0.04320595082420241,50,0.03806171838410878,48,0.03214215470366347,46
2001-03-21,0.03584272229173489,48,0.035955722112039505,47,0.031790546078487796,45
2001-03-22,0.026552824016608162,42,0.03558008080807004,47,0.030674290734264816,44
2001-03-23,0.04554201898289395,50,0.04273548417002654,50,0.033542129692153776,47
2001-03-26,0.048088962389823284,51,0.04352503572395754,50,0.034484340020916826,47
2001-03-27,0.049422779675205745,51,0.046059390000514795,50,0.03501855256334239,47
2001-03-28,0.044869306111041285,50,0.04057881190025033,49,0.035448659338924826,47
2001-03-29,0.03735849770581883,48,0.039020908626251065,49,0.035415125943050275,47
2001-03-30,0.03174722245355313,45,0.0386682238548818,49,0.035445800681332566,47
2001-04-02,0.029840042620442386,44,0.03858960017834855,49,0.035600817253311816,47
2001-04-03,0.024636365053814144,40,0.03865945303330264,49,0.036710402084741335,48
2001-04-04,0.02369612261398277,39,0.036225975456314535,48,0.03682383231719692,48
2001-04-05,0.03747570161386752,48,0.036541760378137375,48,0.03794030687409457,48
2001-04-06,0.04375753624025757,50,0.03747798327170106,48,0.03909883100571362,49
2001-04-09,0.04213583393753438,50,0.03588252740728226,47,0.038733095147525994,48
2001-04-10,0.047858420360686965,51,0.037469512771236356,48,0.04036343844593246,49
2001-04-11,0.04455208468556345,50,0.036722548105453424,48,0.04015444321446101,49
2001-04-12,0.03998063112912118,49,0.03682305927267367,48,0.03694875326322612,48
2001-04-16,0.025871813437069506,41,0.03707628948895635,48,0.036344965074617604,48
2001-04-17,0.024028196435791915,40,0.03725975003695816,48,0.03626167926549107,48
2001-04-18,0.018369740656605557,32,0.03468618273000917,47,0.037258608385753005,48
2001-04-19,0.019491167490233777,33,0.032420997612691654,46,0.03563064561539344,47
2001-04-20,0.024390384271915304,40,0.031233720531264338,45,0.034008955845527954,47
2001-04-23,0.026736469844790382,42,0.025652555075336637,40,0.032875735860673286,46
2001-04-24,0.02558637186108572,41,0.025545903530099386,40,0.031112261526551298,45
2001-04-25,0.014253728962419025,24,0.019600082941337638,32,0.030621281231168935,44
2001-04-26,0.014154920436155146,24,0.019141821154908152,31,0.028813396986823454,43
2001-04-27,0.0170143460155026,30,0.019887288946932563,32,0.028291814810515875,42
2001-04-30,0.023133824335836103,39,0.023656840116060444,38,0.02950469017035346,43
2001-05-01,0.025279990802025174,41,0.024056169168708688,38,0.029842187443016185,44
2001-05-02,0.02512790619069624,41,0.01976249360521653,32,0.029752919497813793,44
2001-05-03,0.025136773513085162,41,0.01984469779128125,32,0.027549039818501955,42
2001-05-04,0.022013026679427432,37,0.018851215989522913,31,0.026804836147466395,41
2001-05-07,0.01188469671584004,18,0.017418669649294283,28,0.02479627239615383,39
2001-05-08,0.00945074370297928,12,0.018676220897185226,30,0.021944888570579864,35
2001-05-09,0.008872779141311453,11,0.0185352668176565,30,0.022144482360696164,35
2001-05-10,0.007288334198774807,8,0.018511367998895006,30,0.018534293593668354,28
2001-05-11,0.007270889011691358,8,0.015746693756961718,24,0.018295121588895062,28
2001-05-14,0.012802487816025722,21,0.01242215334659926,17,0.01813521351108914,28
2001-05-15,0.010379416743284934,15,0.009780465920183362,10,0.01802208438301247,27
2001-05-16,0.012169594546518359,19,0.012430373773031682,17,0.018223076981792707,28
2001-05-17,0.01850890802536739,32,0.01427509217219478,21,0.016460532853680074,23
2001-05-18,0.01747841091154936,30,0.014254466735766186,21,0.016443179317204865,23
2001-05-21,0.017040050766764982,30,0.014820470604481596,22,0.016129716746142487,22
2001-05-22,0.018086150455747765,31,0.014138269361931435,21,0.015789209138174883,22
2001-05-23,0.016744062267607576,29,0.014490430326607276,22,0.016090693552425633,22
2001-05-24,0.011400597502787225,17,0.014570800294236954,22,0.016050483611584475,22
2001-05-25,0.014852936860798322,26,0.015350067604269001,24,0.016454157214217103,23
2001-05-29,0.014119745910785724,24,0.015050066395415135,23,0.015400220526173361,21
2001-05-30,0.010624266339784751,15,0.015988093801658092,25,0.013703888965444017,18
2001-05-31,0.012452669835708956,20,0.014057649032910019,21,0.012719121494603993,16
2001-06-01,0.012442964463446496,20,0.012479681042166317,17,0.01288593640327753,16
2001-06-04,0.011730685852836218,18,0.012676894669464318,18,0.012924740943172442,16
2001-06-05,0.011163540672271797,17,0.01214461752722321,17,0.012891178405275778,16
2001-06-06,0.010114142203081404,14,0.011380040865417827,15,0.013288476549625323,17
2001-06-07,0.010956197146686008,16,0.011221604885651049,14,0.012835169670610625,16
2001-06-08,0.010020607491203067,14,0.010652690301492553,13,0.012922320318364664,16
2001-06-11,0.007431128645207105,8,0.010388954519236361,12,0.01319001493824978,17
2001-06-12,0.004917244613803641,2,0.010382383287340369,12,0.013076312821987445,17
2001-06-13,0.004184383498295563,1,0.009645213908323659,10,0.012749879135546028,16
2001-06-14,0.009103812356804065,12,0.01138978178657537,15,0.013717015795706127,18
2001-06-15,0.014674261733165083,25,0.011966560212086823,16,0.012886367353064077,16
2001-06-18,0.016016842067404825,28,0.012056414405686267,16,0.012376873664098674,15
2001-06-19,0.01878813670723337,32,0.0139930526713759,21,0.013109162697596986,17
2001-06-20,0.01791866585723251,31,0.01353812958102587,20,0.012725965177749286,16
2001-06-21,0.022393012627155873,37,0.022919296041448295,37,0.01751886752803129,26
2001-06-22,0.024624010909978625,40,0.022578791971095778,36,0.017352567187236354,26
2001-06-25,0.02868483590219956,44,0.023028889544158517,37,0.017607321458365122,26
2001-06-26,0.02929836121678569,44,0.023307908288323922,37,0.01742517873285821,26
2001-06-27,0.029884791503343618,44,0.02324017894725793,37,0.017499122814153643,26
2001-06-28,0.012600074144122769,20,0.021061477649689107,34,0.017473413971974012,26
2001-06-29,0.013123192831225386,22,0.020972599893912307,34,0.01740344868998339,26
2001-07-02,0.011611338047583943,18,0.021015900204692076,34,0.017442234599574738,26
2001-07-03,0.011715621179653713,18,0.021071093494456912,34,0.01747387607261293,26
2001-07-05,0.01340994036003524,22,0.021866526122956732,35,0.017749846991342907,27
2001-07-06,0.015958605127641082,28,0.013671048734571391,20,0.01859680186854513,29
2001-07-09,0.015281329842656842,26,0.01376190534051842,20,0.018518598863111642,28
2001-07-10,0.013896825882636712,23,0.01615041665431975,25,0.019771566669599425,31
2001-07-11,0.01406727689592498,24,0.017901929154512376,29,0.02070904281782153,33
2001-07-12,0.024696164112264676,40,0.020577130672726065,33,0.021451254667016615,34
2001-07-13,0.024062479641133016,40,0.019251684494822743,31,0.021386444146183736,34
2001-07-16,0.024650137174783142,40,0.019349358083619213,32,0.020647189631932603,33
2001-07-17,0.024112119600650624,40,0.022281619521209654,36,0.021554411209559025,34
2001-07-18,0.014269566044397457,24,0.022277231402065726,36,0.02147824630775947,34
2001-07-19,0.015523944518871504,27,0.022075276612751955,36,0.021165217272342662,34
2001-07-20,0.01546566325980748,27,0.020532505791464397,33,0.021242158901305843,34
2001-07-23,0.01666482325788538,29,0.020631692752681473,33,0.016752703360456162,24
2001-07-24,0.01207179945387278,19,0.019338491090075335,31,0.017424949760936368,26
2001-07-25,0.013723816854263734,23,0.01608752516090587,25,0.017379220726804444,26
2001-07-26,0.015524446111468436,27,0.015029752632117806,23,0.017683169330163905,26
2001-07-27,0.014838275350177644,26,0.015037897831279302,23,0.017623430126579014,26
2001-07-30,0.014970541226009272,26,0.015340948464425392,24,0.017136438003780258,25
2001-07-31,0.008752496096203594,11,0.011766248940055481,16,0.0173465814547936,26
2001-08-01,0.008821983146907254,11,0.012132090702012354,17,0.017216141083684446,25
2001-08-02,0.007922440175719466,9,0.011879630218953535,16,0.01731413889878415,25
2001-08-03,0.00786923088979929,9,0.011670266496537664,15,0.017072264059218252,25
2001-08-06,0.010361094817954962,15,0.012456808467952392,17,0.01618228003775352,23
2001-08-07,0.009745785898770823,13,0.008845143655063179,8,0.01628060570962484,23
2001-08-08,0.014233983761655375,24,0.0121853293819248,17,0.015425357767051456,21
2001-08-09,0.012592186129339544,20,0.011392490285732035,15,0.013692429035629918,18
2001-08-10,0.01314688385899468,22,0.011526173119402922,15,0.0128257714533997,16
2001-08-13,0.012614773473568852,20,0.011692903527807292,15,0.013043844896229171,16
2001-08-14,0.010328243494606884,15,0.010976069274430384,14,0.013091838821594162,17
2001-08-15,0.005680772873053902,4,0.010217142689959284,11,0.010841716826922813,11
2001-08-16,0.0074286314701094945,8,0.009747290884744141,10,0.011197833798970743,12
2001-08-17,0.009005638646291534,11,0.011195044537653825,14,0.012311672173151841,15
2001-08-20,0.016205457855182286,28,0.013732007387067207,20,0.012878337217689917,16
2001-08-21,0.016284345294776847,28,0.01285903930796519,18,0.012960566240682639,16
2001-08-22,0.01680448847831508,29,0.011899408709015359,16,0.012002395810390355,14
2001-08-23,0.016158396969322666,28,0.011892333394640988,16,0.011806130592888413,14
2001-08-24,0.017354551783439726,30,0.01670983118129935,26,0.0136611531307119,18
2001-08-27,0.017183639528036268,30,0.016551369291124638,26,0.01368427470549435,18
2001-08-28,0.01932082739056861,33,0.017415794969725267,28,0.014176200896161792,19
2001-08-29,0.0201888684983863,35,0.017662417200881218,28,0.013969978021810983,18
2001-08-30,0.02172811060683921,37,0.018056369143045748,29,0.01410525525504033,19
2001-08-31,0.010797627630075917,16,0.01655460264731281,26,0.01401263183529792,18
2001-09-04,0.013658315892419953,23,0.015616839553541022,24,0.014227120245715756,19
2001-09-05,0.012383317859969573,20,0.015744258553843742,24,0.014174664597073583,19
2001-09-06,0.017535661285436762,31,0.018348709089051004,30,0.015185046616840777,20
2001-09-07,0.016963284224780013,30,0.018501905825237367,30,0.014795596581260608,20
2001-09-10,0.015228492697119915,26,0.01266506366826142,18,0.015192604909162738,21
2001-09-17,0.022366419399446672,37,0.021047974497070968,34,0.019796616704371023,31
2001-09-18,0.023658012698394362,39,0.021394719946610616,35,0.019815380819157773,31
2001-09-19,0.02361087485965805,39,0.02137778113279585,35,0.019983297583173895,31
2001-09-20,0.025143070106950008,41,0.024214037541726248,38,0.021992973127885992,35
2001-09-21,0.02947854148222423,44,0.023517514437198524,38,0.022185011543918543,35
2001-09-24,0.04679053144374566,51,0.03754970095844291,48,0.02869677828963259,43
2001-09-25,0.04673608688746344,51,0.03793522760837541,48,0.028199397329199107,42
2001-09-26,0.045105695162879794,50,0.03786117498939682,48,0.028402648965232074,42
2001-09-27,0.03052226235527155,45,0.03862606701357226,49,0.02873946538396431,43
2001-09-28,0.02884019268290051,44,0.03891534677505935,49,0.029180236219378868,43
2001-10-01,0.0112467833425017,17,0.033166306003526574,46,0.029088321366983267,43
2001-10-02,0.008982831789971023,11,0.03291606292074661,46,0.029367161081573973,43
2001-10-03,0.008879628878964659,11,0.03167220851799511,46,0.03011879364327676,44
2001-10-04,0.01170852407346309,18,0.021797685750620428,35,0.030070268219080622,44
2001-10-05,0.017999241517590733,31,0.02320696374820691,37,0.029892822099663388,44
2001-10-08,0.018283763936939205,32,0.01533361385700359,24,0.029973494053248097,44
2001-10-09,0.017799312390081878,31,0.015129789230218961,23,0.029951473829673267,44
2001-10-10,0.021142435152351004,36,0.017570926109844728,28,0.031156527446198477,45
2001-10-11,0.024648201233363032,40,0.01871953769306731,30,0.031026296075453673,45
2001-10-12,0.025375061537458565,41,0.02082044436171253,34,0.031047580357435045,45
2001-10-15,0.02321641447247587,39,0.020132809359274084,33,0.030599335321278735,44
2001-10-16,0.024219507414411236,40,0.02124280766597095,34,0.02648688511176095,41
2001-10-17,0.020839689066000054,36,0.020055795415604476,33,0.026290992934672634,41
2001-10-18,0.016872653502421477,29,0.020201523137779658,33,0.025431103328545077,40
2001-10-19,0.0165755601782561,29,0.02042034587700101,33,0.021609014378057623,35
2001-10-22,0.017955334127170403,31,0.019579984257296505,32,0.02165148956445149,35
2001-10-23,0.014481349897182964,25,0.019625155830419665,32,0.016742027478026635,24
2001-10-24,0.014888795444899197,26,0.01764089291537168,28,0.016999729511238546,24
2001-10-25,0.017828031036131113,31,0.016470566738950896,26,0.017333552032809528,26
2001-10-26,0.013503738741180845,22,0.014881246811928348,23,0.017303788376686967,25
2001-10-29,0.026273405063931644,42,0.022157955876726837,36,0.02090628736343854,33
2001-10-30,0.02672535761774559,42,0.02122765000201296,34,0.020819249225482676,33
2001-10-31,0.02687914854771432,42,0.02086744867932535,34,0.02077075331164104,33
2001-11-01,0.024597708473961696,40,0.0216432938934236,35,0.020159810847332222,32
2001-11-02,0.02551371516138681,41,0.021533178982938207,35,0.020317229004619592,32
2001-11-05,0.014049960666827059,24,0.020123785638571333,33,0.020009245656493115,31
2001-11-06,0.006842161433120447,7,0.020150063166800892,33,0.019457085496290785,30
2001-11-07,0.0044505497510814954,2,0.020236087357876676,33,0.019499583477696415,30
2001-11-08,0.0035569064778713058,0,0.018866059836502816,31,0.018105194608717165,28
2001-11-09,0.005919622435904769,4,0.01864540198533246,30,0.01700039550372293,24
2001-11-12,0.0067527359334206205,6,0.010392518570528446,12,0.016550104641442017,23
2001-11-13,0.016144080212436192,28,0.011711046553238244,16,0.017884729807556426,27
2001-11-14,0.016121284603567505,28,0.011174190996920482,14,0.017106228597104423,25
2001-11-15,0.01783944010264459,31,0.01222653733203691,17,0.017232927924123287,25
2001-11-16,0.02297314220801311,38,0.015923775063404134,25,0.018371297681410707,28
2001-11-19,0.023576776082680558,39,0.016385215564973292,25,0.018206987008524564,28
2001-11-20,0.016377567177213507,29,0.01648545288549122,26,0.017555003076257097,26
2001-11-21,0.015560137569859658,27,0.017104645656599023,27,0.01787730496027979,27
2001-11-23,0.019725832566074925,34,0.01811494137908874,29,0.01825959539114324,28
2001-11-26,0.014681410829093083,25,0.01844163655428653,30,0.017894028234431654,27
2001-11-27,0.014827927265708724,26,0.018600156283264897,30,0.017893038336102136,27
2001-11-28,0.030344353173943916,45,0.023156469871104778,37,0.019214236453728148,30
2001-11-29,0.031073164414117147,45,0.02327825840367991,37,0.018770550791809726,29
2001-11-30,0.02827819153031498,43,0.02332620218958938,37,0.0189559235023102,29
2001-12-03,0.02461878570912961,40,0.022855028914000073,37,0.019343558843490174,30
2001-12-04,0.029291049467315877,44,0.023189692745342987,37,0.019547867315391737,30
2001-12-05,0.01940835592419373,33,0.024820601341089425,39,0.020170091999192927,32
2001-12-06,0.019454709821452996,33,0.024721528827352984,39,0.020279874505332453,32
2001-12-07,0.019154009804509962,33,0.02386120191813446,38,0.02027486057637005,32
2001-12-10,0.02111286733459634,36,0.02406438274837596,38,0.021061064580288228,33
2001-12-11,0.02028950084989388,35,0.024883019014349403,39,0.021282245892263074,34
2001-12-12,0.016872539693468858,29,0.017720477779853226,28,0.021388156262970272,34
2001-12-13,0.014795844622865383,26,0.01787941181783907,29,0.0199203831534255,31
2001-12-14,0.015121361901435483,26,0.018306255622147813,29,0.019929064887604854,31
2001-12-17,0.015430849316541942,27,0.017783639592298645,28,0.02028989650472336,32
2001-12-18,0.015707230040115348,27,0.01734233896005067,28,0.019911571370706902,31
2001-12-19,0.02331766618503927,39,0.02006971611948466,33,0.02146919533497262,34
2001-12-20,0.02148160956611171,36,0.019876756618991593,32,0.02151260462559006,34
2001-12-21,0.016354529315884474,29,0.01980754448696547,32,0.02135722638220198,34
2001-12-24,0.018244085556554896,31,0.017358696383661124,28,0.02088592439326052,33
2001-12-26,0.018190839076194634,31,0.01700390344677171,27,0.02054817133851065,32
2001-12-27,0.007300503990010486,8,0.016486128046241562,26,0.020645957143040627,32
2001-12-28,0.0056616246591700775,4,0.014933450016559234,23,0.016439418712862856,23
2001-12-31,0.010087084149535451,14,0.014565248592440513,22,0.016737428319680277,24
2002-01-02,0.010326133173479562,15,0.014415462456034518,22,0.016607754356241032,23
2002-01-03,0.010413160848528615,15,0.014267493344644637,21,0.01570597754129992,22
2002-01-04,0.012290879763383096,19,0.009589326226802487,10,0.015658074620343437,21
2002-01-07,0.013995103774514912,23,0.010409149070149257,12,0.015292944388672975,21
2002-01-08,0.021668196580091996,37,0.01615710667972616,25,0.017319297494633443,25
2002-01-09,0.020995654621499854,36,0.016276677567074346,25,0.01726471764929047,25
2002-01-10,0.02102372080305799,36,0.01618479432441567,25,0.01612681032571124,22
2002-01-11,0.01672507338102017,29,0.016313925677851417,25,0.016304176846354154,23
2002-01-14,0.017054394594063788,30,0.01575278350547328,24,0.016177216915872837,23
2002-01-15,0.012108291278529401,19,0.016729835785248063,26,0.01615041445510994,22
2002-01-16,0.0140345378560427,24,0.016843978530546953,27,0.01622544668604327,23
2002-01-17,0.018075119510773778,31,0.01866310311883568,30,0.01654283024621258,23
2002-01-18,0.015775996968652763,27,0.017275246713388256,28,0.01628165824194864,23
2002-01-22,0.017819654228024874,31,0.017485316117327284,28,0.01421629360803869,19
2002-01-23,0.015962476400516165,28,0.013387944823825364,20,0.014238722041757775,19
2002-01-24,0.013194182036375311,22,0.013512373094085988,20,0.014215463926348714,19
2002-01-25,0.009498644547895226,12,0.013633184907413581,20,0.014246800397223737,19
2002-01-28,0.009632799693565801,13,0.012759590058685117,18,0.014251420719554226,19
2002-01-29,0.02472351064171767,40,0.021204342028442288,34,0.017955532226663053,27
2002-01-30,0.026872614404987543,42,0.021173829064818912,34,0.018320885472124696,28
2002-01-31,0.025717764196441173,41,0.020681092780457908,34,0.01816372873125502,28
2002-02-01,0.02586137014753707,41,0.019355299918140445,32,0.018229724710813675,28
2002-02-04,0.02952006213775019,44,0.02283045415886449,37,0.02043136743521963,32
2002-02-05,0.025894585495831804,41,0.02389217472148666,38,0.020039635788274373,31
2002-02-06,0.021874106965981233,37,0.023399166214783308,37,0.020158070484097592,32
2002-02-07,0.02276279609645766,38,0.022992400484944116,37,0.019080588929654183,29
2002-02-08,0.029713520138884873,44,0.02665759602683526,41,0.020510688203694043,32
2002-02-11,0.017372849412870737,30,0.027125612963641438,42,0.020636823339584266,32
2002-02-12,0.01953087181762393,34,0.022225263344449887,36,0.02061431221400978,32
2002-02-13,0.016209868880362598,28,0.021303622240567116,35,0.020691341940116893,33
2002-02-14,0.016162564701840045,28,0.021480998773528635,35,0.02024010815467433,32
2002-02-15,0.01666239653559079,29,0.022734441246178894,36,0.02091255920993387,33
2002-02-19,0.021270797442688873,36,0.021965605935795288,35,0.02164613314385829,35
2002-02-20,0.029957153569266183,45,0.02427537872264979,38,0.02316432539001937,37
2002-02-21,0.02942646076839215,44,0.024187244024583086,38,0.02319178110219692,37
2002-02-22,0.028225390768587242,43,0.024184885398511304,38,0.023021419344887387,36
2002-02-25,0.032599339481498915,46,0.024539073714943075,39,0.02442370880828368,38
2002-02-26,0.022893498889165833,38,0.024283707055367424,38,0.024460537681311394,38
2002-02-27,0.019221104435713253,33,0.024353516849608566,39,0.02469740679369477,39
2002-02-28,0.016917922593945277,29,0.025539851220564035,40,0.02280651167410187,36
2002-03-01,0.012515360297727778,20,0.025802013671910942,41,0.022639950927693192,36
2002-03-04,0.014951935988106357,26,0.025737738496831624,40,0.024341424579897145,38
2002-03-05,0.014498705677417614,25,0.01877585324456742,30,0.02391974485587576,38
2002-03-06,0.013946941890713016,23,0.017947290444959758,29,0.021492909932254035,34
2002-03-07,0.016043635059598625,28,0.01566421157488713,24,0.02145827178332371,34
2002-03-08,0.0169330938742405,29,0.014096042595351927,21,0.020859173996467525,33
2002-03-11,0.008771470506025022,11,0.013065285041126763,19,0.02087922965527453,33
2002-03-12,0.008624643795710436,10,0.012538141903525568,17,0.0200751846823595,31
2002-03-13,0.010522239087106774,15,0.015960117625010595,25,0.020675281055560654,33
2002-03-14,0.011453488226148707,17,0.015219634564880758,23,0.02030604606879378,32
2002-03-15,0.013990860819148432,23,0.015520852236848449,24,0.020538788271857247,32
2002-03-18,0.014244292332811055,24,0.01124040388490087,14,0.020601936834010234,32
2002-03-19,0.014080136050336041,24,0.011248561092326952,14,0.018940138265662917,29
2002-03-20,0.011870179419763843,18,0.01087552670959431,13,0.015909025619253482,22
2002-03-21,0.011721348768375946,18,0.011028160649557967,14,0.01498662538427302,20
2002-03-22,0.00865192423318558,11,0.01106399352121864,14,0.014050341235907354,19
2002-03-25,0.014138030503691005,24,0.013786078863138523,20,0.01522354978796471,21
2002-03-26,0.014800388299931164,26,0.013903841070464785,21,0.01404017707569562,19
2002-03-27,0.01580968356684331,27,0.013182111679324903,19,0.014206187041457017,19
2002-03-28,0.016508616370901907,29,0.013622082365860716,20,0.014596955880639821,20
2002-04-01,0.016265285448066717,28,0.012331767085219271,17,0.014106982807700412,19
2002-04-02,0.010536062494218101,15,0.012302938373948255,17,0.01401895609132728,18
2002-04-03,0.011949635211328954,18,0.012704232933296648,18,0.011879444694850087,14
2002-04-04,0.005938551226881097,4,0.012131672314121034,17,0.011904978021714462,14
2002-04-05,0.005874786640092214,4,0.01180520653001,16,0.010992082957535787,12
2002-04-08,0.0058726647382451634,4,0.011575992266723926,15,0.010996271836773798,12
2002-04-09,0.006919433400136037,7,0.00893700522140956,8,0.011030241359829078,12
2002-04-10,0.0035193270302084816,0,0.008319012747781893,7,0.011069258724086815,12
2002-04-11,0.01747891036215087,30,0.012367565309264963,17,0.013649628952617208,18
2002-04-12,0.018519735160743633,32,0.013046004166753418,19,0.013251920263795836,17
2002-04-15,0.019898976222148156,34,0.014410505120298598,22,0.014016704093309131,18
2002-04-16,0.03323851910069888,46,0.022634144129717055,36,0.01732551276109732,26
2002-04-17,0.033418858478814414,46,0.022464885227431283,36,0.017430034279417625,26
2002-04-18,0.02824004380489371,43,0.022679358888552794,36,0.017443895238101862,26
2002-04-19,0.02849986377450185,43,0.022771197567386974,36,0.017390436327483782,26
2002-04-22,0.028138780500646252,43,0.023501134597699917,37,0.01780153550233448,27
2002-04-23,0.008618356722135071,10,0.023325484561868236,37,0.017727240634484016,27
2002-04-24,0.00905378764522407,11,0.023543440282994883,38,0.017428269394176275,26
2002-04-25,0.009049728004327693,11,0.02113164418535554,34,0.017206290350143913,25
2002-04-26,0.01046594729434948,15,0.02141460625186795,35,0.01694051897938189,24
2002-04-29,0.010408937530800612,15,0.020655664917312112,34,0.01694146269187965,24
2002-04-30,0.013355641824873634,22,0.010617826114801351,13,0.017289206622894418,25
2002-05-01,0.01630934184170527,28,0.013370240675365611,20,0.01787103070745515,27
2002-05-02,0.018721014780836816,32,0.01632207681367034,25,0.018758081627114336,29
2002-05-03,0.014994045124358224,26,0.016524744818582057,26,0.018906416239081795,29
2002-05-06,0.026448309887032985,42,0.019626926018700464,32,0.02057049772448307,32
2002-05-07,0.025651990606543357,41,0.019438044765355756,32,0.020540177263756298,32
2002-05-08,0.03969288420714993,49,0.028880878832596567,43,0.02536906298224317,40
2002-05-09,0.03859778055149796,48,0.028769038696995906,43,0.02540281928459497,40
2002-05-10,0.03946944424640576,49,0.028606777939612124,43,0.024577288663694016,39
2002-05-13,0.034000653110993435,47,0.029262431315149363,44,0.025086525765129944,39
2002-05-14,0.03343797116449033,47,0.03010343568453458,45,0.025294754988490774,40
2002-05-15,0.020941535813365775,36,0.029919310908890044,44,0.022902387477527392,36
2002-05-16,0.01945124189507375,33,0.029422939985718568,44,0.023050021489526545,36
2002-05-17,0.008004011718528282,9,0.028749471112498995,43,0.023012373135658622,36
2002-05-20,0.016825193606142506,29,0.02530383510187394,40,0.023302709827713486,37
2002-05-21,0.014786759349424493,26,0.025780653310090683,41,0.02290335343900702,36
2002-05-22,0.014078662928015781,24,0.017320679339676293,28,0.022936311078516278,36
2002-05-23,0.012680045426916363,20,0.01702228303267153,27,0.02264212631349149,36
2002-05-24,0.010280766580515561,15,0.015382228426455606,24,0.022618454990992916,36
2002-05-28,0.009973147466963482,14,0.015398619432349936,24,0.02230327924779775,35
2002-05-29,0.009783604059849618,13,0.012436075310191289,17,0.02243589730596073,36
2002-05-30,0.009937877940045635,14,0.011698364815674482,15,0.022361974063622336,35
2002-05-31,0.006299122896266522,5,0.009853697952218878,10,0.022108785216735795,35
2002-06-03,0.007363043009593457,8,0.008535681279815304,7,0.0217556603233376,35
2002-06-04,0.0059699104411446895,4,0.007765095113444333,5,0.0216431370350431,35
2002-06-05,0.009658380116022103,13,0.009260137557726604,9,0.019731731777350353,31
2002-06-06,0.009665736367172734,13,0.00926465978692612,9,0.019758409492042935,31
2002-06-07,0.012202417935630374,19,0.00915947953909364,9,0.0144244457171728,19
2002-06-10,0.016077974329142177,28,0.012484979338266476,17,0.015068689923624574,20
2002-06-11,0.01853315223164726,32,0.013087644496956244,19,0.01510337635013292,20
2002-06-12,0.019308257167388456,33,0.014392827035310063,22,0.014451197537609846,19
2002-06-13,0.021252061240599595,36,0.015616564719075722,24,0.0134972042517941,17
2002-06-14,0.019632875301254574,34,0.015783356513727458,24,0.013216137591051627,17
2002-06-17,0.036838399906998456,48,0.02722304029714442,42,0.020140945734966248,32
2002-06-18,0.03308335475643179,46,0.026964192455764435,42,0.02003952578125364,31
2002-06-19,0.03662615998880879,48,0.028097096696099683,43,0.02019780896020062,32
2002-06-20,0.0394714076790079,49,0.030422161381118924,45,0.021409162333483518,34
2002-06-21,0.04042274505270589,49,0.02998597726455214,44,0.021568173512047463,34
2002-06-24,0.016522019496807257,29,0.029181468102135462,44,0.021357198703415417,34
2002-06-25,0.01223410451235293,19,0.028560385163176747,43,0.0213623252342451,34
2002-06-26,0.02017902129285865,35,0.031999210708354146,46,0.023674957232388685,37
2002-06-27,0.0406939059663674,49,0.03803798753953558,48,0.027721322457236394,42
2002-06-28,0.040352875577764964,49,0.038118379454805756,48,0.027749252791686684,42
2002-07-01,0.04036320446507537,49,0.02960033756126908,44,0.02775020066955006,42
2002-07-02,0.04147341856098408,49,0.02941936161315099,44,0.027997480838999222,42
2002-07-03,0.03319383851830013,46,0.029207606083387815,44,0.028025909477454383,42
2002-07-05,0.03767772303807325,48,0.03724471424301266,48,0.032291453149556705,46
2002-07-08,0.03982191843522759,49,0.03785010013634745,48,0.03272011548139705,46
2002-07-09,0.041115531381533676,49,0.03841341029088824,49,0.03270747716344895,46
2002-07-10,0.041239302272448354,49,0.03903478140617343,49,0.03273003808157912,46
2002-07-11,0.041327509235374156,49,0.035338995741354656,47,0.03262202775539172,46
2002-07-12,0.01549312292237081,27,0.0289776228507824,44,0.03248225163782729,46
2002-07-15,0.019668579938189015,34,0.02984478353845663,44,0.03249578536673067,46
2002-07-16,0.019055505561287576,33,0.030254838485495202,45,0.032677760189066964,46
2002-07-17,0.018445276728987457,32,0.030315367723857786,45,0.02913781356419107,43
2002-07-18,0.017987117845832488,31,0.030048121129165852,44,0.02903653860783781,43
2002-07-19,0.02031826108502624,35,0.018750268275236348,30,0.029063975841137596,43
2002-07-22,0.049635563976930024,51,0.03698768647678452,48,0.03628653784443958,48
2002-07-23,0.07584970825022137,53,0.05777120322284551,52,0.04843614418301512,50
2002-07-24,0.09863180963305063,53,0.07038327911553563,52,0.054347727312725684,51
2002-07-25,0.098916749877341,53,0.07008793137835796,52,0.05443783499644684,51
2002-07-26,0.10474471013700168,53,0.07231761130308045,52,0.054501527509084075,51
2002-07-29,0.10191515282955387,53,0.07834860278437235,53,0.0562710459879912,51
2002-07-30,0.040717800856535244,49,0.07862824987061152,53,0.05652830530388632,51
2002-07-31,0.037096513626322186,48,0.07821082369513702,53,0.056549984890733374,51
2002-08-01,0.04632430500039214,50,0.07874216436106252,53,0.05679987131936647,52
2002-08-02,0.05192550648245996,51,0.07937148136121189,53,0.05740626046906376,52
2002-08-05,0.034516998139889746,47,0.07498042313411968,53,0.05635121073022579,51
2002-08-06,0.05055263696655924,51,0.05630112252373783,51,0.05853997172559297,52
2002-08-07,0.05699338873613264,52,0.04934128269170295,51,0.05929387894754854,52
2002-08-08,0.06573031095140025,53,0.05372399457219823,51,0.061697147131298466,52
2002-08-09,0.05827340070399788,52,0.05316586862169291,51,0.061722606669374895,52
2002-08-12,0.033858032656747986,47,0.047025871376142794,51,0.06166000201671219,52
2002-08-13,0.04029019409565223,49,0.047662369274132935,51,0.06180575986624377,52
2002-08-14,0.04519747387287944,50,0.05177226628043717,51,0.06340376067746072,52
2002-08-15,0.03466936582472878,47,0.04954220100540818,51,0.06335924981220725,52
2002-08-16,0.03856695363382972,48,0.0476137827806234,51,0.06362873357270396,52
2002-08-19,0.04116857137606107,49,0.03739825828914074,48,0.06402486048488323,52
2002-08-20,0.038045305700201745,48,0.03695108555580211,48,0.058832727582624034,52
2002-08-21,0.033360139730919454,46,0.040256621549956115,49,0.0468040790751671,50
2002-08-22,0.034647775334705685,47,0.03360610562775947,46,0.04286710297627894,49
2002-08-23,0.03598979797962953,48,0.035464551131894784,47,0.04385360606116358,49
2002-08-26,0.028001213321822056,43,0.03557750136169321,47,0.04335453363848192,49
2002-08-27,0.027922475212350754,43,0.03411960377047289,47,0.03960726082736468,49
2002-08-28,0.025449672098638763,41,0.027996187484760734,43,0.04001817532918077,49
2002-08-29,0.018757739771349848,32,0.026834095399198645,42,0.03998982904786053,49
2002-08-30,0.01538698889432463,27,0.026132071928433614,41,0.03910429463598316,49
2002-09-03,0.041933444837337956,49,0.03516506075007934,47,0.044257430165311716,50
2002-09-04,0.0497802511158749,51,0.03877518943246758,49,0.04165456347989398,49
2002-09-05,0.049881147306192676,51,0.038333956064166355,49,0.04018581656573043,49
2002-09-06,0.05617336413157885,52,0.03948526183673299,49,0.040032601778080164,49
2002-09-09,0.05908964741610203,52,0.04071609927411944,49,0.03660782767070975,48
2002-09-10,0.029014348145547035,44,0.04012732815110661,49,0.03643628725715515,48
2002-09-11,0.029524253862792803,44,0.04031577371176454,49,0.03667726175762986,48
2002-09-12,0.029481488470245308,44,0.04043306396260416,49,0.03681932364530819,48
2002-09-13,0.023742623849040724,39,0.040924738626663903,49,0.0333405540888916,47
2002-09-16,0.020870341110561706,36,0.04178468279893756,50,0.03334026322209977,47
2002-09-17,0.020990304445636175,36,0.025511858025356503,40,0.033094453954726065,46
2002-09-18,0.020892581536238963,36,0.024322015596294096,39,0.03131702580589278,45
2002-09-19,0.026874102230126967,42,0.027065500509274,42,0.032510080617633046,46
2002-09-20,0.02577328183424974,41,0.024193627453967186,38,0.03212541126938947,46
2002-09-23,0.02949690086671179,44,0.024456003166376087,39,0.032321541539872684,46
2002-09-24,0.02869964142166986,44,0.02439154744815727,39,0.03191642820097396,46
2002-09-25,0.03591927512513908,48,0.02770238553240192,42,0.032921027060450664,46
2002-09-26,0.03369561305216422,47,0.03134616231264356,45,0.03543554687932574,47
2002-09-27,0.029790248966791746,44,0.031760443319652415,46,0.035083664209900674,47
2002-09-30,0.029340137242431244,44,0.03208547918746404,46,0.03556939847514648,47
2002-10-01,0.026803089883142325,42,0.03516420565176583,47,0.037192117362054126,48
2002-10-02,0.04128219451305212,49,0.03768616885494379,48,0.03101957392367151,45
2002-10-03,0.03879142852884288,48,0.035813421864387074,47,0.031249719081005038,45
2002-10-04,0.0389335664232341,48,0.034827527738383914,47,0.030698078749465743,44
2002-10-07,0.038148731349038664,48,0.03699259185738768,48,0.030952723906148283,44
2002-10-08,0.03643385092659571,48,0.039201102620628106,49,0.03190809956588755,46
2002-10-09,0.03488610715121492,47,0.03931033910286801,49,0.03254776779630719,46
2002-10-10,0.04776210096166778,51,0.04121502441217243,49,0.03551040097770658,47
2002-10-11,0.05314473622265978,52,0.045781670488083175,50,0.03753250812369257,48
2002-10-14,0.04322335667274764,50,0.04548038551800557,50,0.03753170720488895,48
2002-10-15,0.06291246105052559,52,0.05902128159970892,52,0.04626570382907542,50
2002-10-16,0.05566844318938389,52,0.05620184613639969,51,0.046346135317249536,50
2002-10-17,0.055335367421184445,52,0.05435780298211505,51,0.04698488954872392,50
2002-10-18,0.061629105578115836,52,0.054622866860847406,51,0.0455190584525143,50
2002-10-21,0.059695605260315136,52,0.04928784780701427,51,0.044497005767719804,50
2002-10-22,0.029896958665748246,44,0.049927172749574165,51,0.04449041094363041,50
2002-10-23,0.029027205472919725,44,0.046502416923131056,51,0.04420441488096889,50
2002-10-24,0.016254267973749407,28,0.04753328395808504,51,0.04468528037818284,50
2002-10-25,0.019787946047250902,34,0.045221611659545705,50,0.04397183658315923,49
2002-10-28,0.019990115964471235,34,0.044677540107017716,50,0.04356362060657942,49
2002-10-29,0.019849673421251664,34,0.0239699163085778,38,0.043518909469835027,49
2002-10-30,0.019875770685734186,34,0.023457794500698636,37,0.04281175440989,49
2002-10-31,0.012554951445421347,20,0.016929857709725132,27,0.04108722452546602,49
2002-11-01,0.009499324435291149,12,0.015027720608902362,23,0.03958995333927487,49
2002-11-04,0.010045030435007044,14,0.014976966519067715,23,0.03905399118171418,49
2002-11-05,0.010120651934115777,14,0.014918067351094466,23,0.036624676232401905,48
2002-11-06,0.01007804002227761,14,0.015052260044741462,23,0.036457641496193995,48
2002-11-07,0.021805561703050765,37,0.018637228496441,30,0.03673000980677359,48
2002-11-08,0.02016966327899642,35,0.016771342633907088,26,0.03509777527254953,47
2002-11-11,0.023471195205494486,39,0.019282783222119942,31,0.03431631486590589,47
2002-11-12,0.025564144640567558,41,0.020308397931441832,33,0.03429801283768901,47
2002-11-13,0.0284090862208932,43,0.022641003642031157,36,0.023219571962595803,37
2002-11-14,0.03172058762128049,45,0.02566985580147251,40,0.02405515249779169,38
2002-11-15,0.03294282598626597,46,0.025865810632568806,41,0.021265555689891327,34
2002-11-18,0.032351160973529934,46,0.027290220879362448,42,0.02174975582755345,35
2002-11-19,0.03207810455885284,46,0.02776296777737109,43,0.02181406664047926,35
2002-11-20,0.026426682648919456,42,0.030638235450166165,45,0.023150315657393807,36
2002-11-21,0.026101199867809132,42,0.028751268971514404,43,0.023868720113555692,37
2002-11-22,0.028066222063359098,43,0.029193351402414313,44,0.023278223508423287,37
2002-11-25,0.019459050289944185,33,0.026284895625806947,41,0.022598644210466506,36
2002-11-26,0.030845916104662068,45,0.029729404548072123,44,0.024205601666366955,38
2002-11-27,0.034199265567726796,47,0.02921001665569425,44,0.026316211014304876,41
2002-11-29,0.03153429114212835,45,0.028445154878919212,43,0.026185510354934965,40
2002-12-02,0.03145426149374819,45,0.028480429797894977,43,0.026282361314971307,40
2002-12-03,0.0323324983697908,46,0.0271234444751339,42,0.026328785569364552,41
2002-12-04,0.02592354139815589,41,0.02686243372962805,42,0.02632556211584204,41
2002-12-05,0.008515068900535305,10,0.02499493398966503,39,0.02654249395891987,41
2002-12-06,0.012603861744806358,20,0.022930626467100552,37,0.02666478688907173,41
2002-12-09,0.018796316285568094,32,0.02533785474692865,40,0.02663190300092512,41
2002-12-10,0.02265796529748727,38,0.026336048990295447,41,0.02679990406357821,41
2002-12-11,0.0227064432388322,38,0.02386980758839046,38,0.026021799239002115,40
2002-12-12,0.023037154865725898,38,0.016777575786200413,26,0.02577157126920881,40
2002-12-13,0.022221680818999223,37,0.01704810940236605,27,0.024559471616072547,38
2002-12-16,0.024064789372989673,40,0.022914004530018385,37,0.02516077173164897,39
2002-12-17,0.024231160347153547,40,0.022469441534905498,36,0.024885702083535233,39
2002-12-18,0.022553963980647396,38,0.02247459373847163,36,0.023929254810069595,38
2002-12-19,0.022665137655750747,38,0.021697310987443767,35,0.023699103908007106,37
2002-12-20,0.022611000408077543,38,0.02363338301037882,38,0.023259712278418828,37
2002-12-23,0.017259598429270825,30,0.020020042390227442,33,0.02237496473754035,35
2002-12-24,0.022585708532143835,38,0.022258348526690983,36,0.02324971369013677,37
2002-12-26,0.022845447385308634,38,0.022175025126367306,36,0.02333343718645913,37
2002-12-27,0.02407745113487447,40,0.022953261376695608,37,0.022407031974400214,36
2002-12-30,0.01273769753769641,21,0.02253186771928777,36,0.019170866532633463,29
2002-12-31,0.014208657356377916,24,0.016792690210881155,26,0.019174939111226877,29
2003-01-02,0.021344982992874014,36,0.020761637971952667,34,0.020802470084848635,33
2003-01-03,0.02057257472400711,35,0.020790170431394885,34,0.020549263952372464,32
2003-01-06,0.01948494003362981,33,0.023655281480140986,38,0.02194615253580604,35
2003-01-07,0.021416024420504703,36,0.021327804604186627,35,0.021637220182785164,35
2003-01-08,0.022394766241369587,38,0.021167155361547424,34,0.02154084905032944,34
2003-01-09,0.018026013231032763,31,0.018774847663581073,30,0.01992021610569955,31
2003-01-10,0.017209649439507205,30,0.01823857451573151,29,0.019713179832928644,31
2003-01-13,0.01091213606313735,16,0.016486831753224365,26,0.01960001462345073,30
2003-01-14,0.01459105780747675,25,0.017448249714406255,28,0.020147969845013273,32
2003-01-15,0.01577483552965233,27,0.0184068117557828,30,0.019969325571449488,31
2003-01-16,0.016424204702912167,29,0.016350466493995627,25,0.017966148717335033,27
2003-01-17,0.015457607372899616,27,0.016464079474382838,26,0.01794270172858214,27
2003-01-21,0.016554572167940953,29,0.013338858397670324,19,0.01834918247062919,28
2003-01-22,0.004486208078357381,2,0.013251336459569284,19,0.018378418461745687,28
2003-01-23,0.020614610506136544,35,0.017564167915452622,28,0.01871886225912182,29
2003-01-24,0.02602153746812728,42,0.020890237030029127,34,0.020127385839950714,32
2003-01-27,0.02664784947991918,42,0.020758902452980444,34,0.019430013821288703,30
2003-01-28,0.027345514929999405,43,0.02132184235386693,35,0.019419529622344674,30
2003-01-29,0.02738940542157086,43,0.019137848959485823,31,0.018693655609611066,29
2003-01-30,0.02212330470425018,37,0.02159056577255137,35,0.020497985680555372,32
2003-01-31,0.020388742822724588,35,0.022043555845081893,36,0.0205464160165255,32
2003-02-03,0.020132958936805605,34,0.022554905702547878,36,0.019160583810872957,29
2003-02-04,0.02155071188988612,36,0.023486345624675935,37,0.020036919867155983,31
2003-02-05,0.021238188023558834,36,0.023596849295229573,38,0.018254301760771283,28
2003-02-06,0.015594058690237545,27,0.018804629324952388,31,0.01836865196131287,28
2003-02-07,0.014257833620263373,24,0.016591412098611966,26,0.018364514192094936,28
2003-02-10,0.01216203366960361,19,0.01623187942802567,25,0.01810546495571329,28
2003-02-11,0.01079485591755212,16,0.016073053196544042,25,0.018167540231597584,28
2003-02-12,0.009875153795896754,13,0.015686024587246886,24,0.018352325128425467,28
2003-02-13,0.01545383856733316,27,0.014667550719014055,22,0.017562873166222456,26
2003-02-14,0.02048905857935306,35,0.016993190308705965,27,0.01870816869467149,29
2003-02-18,0.023109650891018938,39,0.01864173964665808,30,0.019664085126465548,30
2003-02-19,0.017255396896192172,30,0.016482503269790106,26,0.01973663223242194,31
2003-02-20,0.015400157753114516,27,0.017076441289925075,27,0.019646429342577293,30
2003-02-21,0.015249290905618775,26,0.016866105255183127,27,0.019894937181097642,31
2003-02-24,0.018329836395247184,32,0.018345840543482938,30,0.018296289866761486,28
2003-02-25,0.01630702491904628,28,0.018994209123580602,31,0.017446681361016472,26
2003-02-26,0.017482008785816128,30,0.018121483002680017,29,0.01742873988404162,26
2003-02-27,0.019741209277132424,34,0.017344105966288912,28,0.017845018641069944,27
2003-02-28,0.0203728689530618,35,0.017417822701394515,28,0.018238118298447063,28
2003-03-03,0.01678327096179534,29,0.016733692370126972,26,0.016454016855283228,23
2003-03-04,0.0185664107036306,32,0.016483015637987687,26,0.016883591659453377,24
2003-03-05,0.019396778334269185,33,0.01857433330497015,30,0.017788622351799843,27
2003-03-06,0.019065696018064425,33,0.01829797855231786,29,0.01682785202727372,24
2003-03-07,0.01846532428276704,32,0.018359501429866233,30,0.017042331402464164,25
2003-03-10,0.022394138081457654,38,0.019238026868576858,31,0.017889849820172127,27
2003-03-11,0.022327139308823258,37,0.01938394754649931,32,0.01832505657803255,28
2003-03-12,0.0165560161957134,29,0.018725871065778766,30,0.018360650694297823,28
2003-03-13,0.03274424710811188,46,0.025363505539643914,40,0.021254060672236636,34
2003-03-14,0.03271728694687086,46,0.0251784923698057,40,0.020722683810830558,33
2003-03-17,0.02706144247461168,42,0.025150440006069343,40,0.02072188631084147,33
2003-03-18,0.020134027550375272,34,0.02383308547906094,38,0.02048125798809665,32
2003-03-19,0.018056984097939408,31,0.023560442553289793,38,0.02045962915145599,32
2003-03-20,0.004324376300655033,1,0.022660528761047172,36,0.020519222030936056,32
2003-03-21,0.011060971529026176,16,0.024474822442239624,39,0.021376815012339012,34
2003-03-24,0.02947963812416028,44,0.026739580719684884,41,0.02362016685821173,37
2003-03-25,0.029263500999444452,44,0.024587627444210503,39,0.022800831152724924,36
2003-03-26,0.028243875782636558,43,0.02478216316170644,39,0.022731003995638047,36
2003-03-27,0.027914956041435526,43,0.020133106257422796,33,0.022110796438272278,35
2003-03-28,0.018531571905752418,32,0.02111484719206306,34,0.02225206274686653,35
2003-03-31,0.013352209868866394,22,0.023165132885769497,37,0.023104089011991253,36
2003-04-01,0.022540860667681066,38,0.025026808861622576,39,0.023955896217561987,38
2003-04-02,0.02939738111069439,44,0.027256862085078045,42,0.024543105801834823,38
2003-04-03,0.030837699027001,45,0.027778732367749446,43,0.024579633615221506,39
2003-04-04,0.029740060617000914,44,0.025626238510124646,40,0.02447753667943455,38
2003-04-07,0.02279544628842741,38,0.02132803992447147,35,0.024490903695701467,38
2003-04-08,0.02057000382813587,35,0.02141462037853227,35,0.023169382946193213,37
2003-04-09,0.015120950601978623,26,0.02230998310106578,36,0.022891224234717393,36
2003-04-10,0.013174900442646383,22,0.022368195311358068,36,0.02298468558095812,36
2003-04-11,0.010726953104377537,16,0.021685618297055825,35,0.02034068685550807,32
2003-04-14,0.016474966974826238,29,0.01937605789081917,32,0.020949781252009754,33
2003-04-15,0.017789437636524644,31,0.018178598340909822,29,0.021153827696365556,34
2003-04-16,0.021373096046762314,36,0.017796712058867774,28,0.022158481250466086,35
2003-04-17,0.021376211620092248,36,0.017375719727671653,28,0.022135828888621166,35
2003-04-21,0.02318175008698528,39,0.017385996204913465,28,0.022286876657773527,35
2003-04-22,0.023938761872888546,40,0.01938825256925416,32,0.021846492448368688,35
2003-04-23,0.022817162644791857,38,0.019364061496912225,32,0.019399033229200908,30
2003-04-24,0.02386683316197115,39,0.021380870714010014,35,0.020790168243672476,33
2003-04-25,0.023769379569973752,39,0.022564030783324765,36,0.021333392384788208,34
2003-04-28,0.025584415085971587,41,0.023122797611217806,37,0.02165618513816389,35
2003-04-29,0.01983735018510226,34,0.021677943612945925,35,0.021365890790602343,34
2003-04-30,0.019150117222871264,33,0.020618623177021147,33,0.02005020445091649,31
2003-05-01,0.014431181316889776,25,0.018820106605993533,31,0.019237608285352124,30
2003-05-02,0.012528022562994297,20,0.01857068374560517,30,0.01770224346978231,27
2003-05-05,0.010030271842267636,14,0.018342833674191133,29,0.017344515097413773,26
2003-05-06,0.010173275788470906,14,0.015513332808023129,24,0.017054341800365913,25
2003-05-07,0.010242132804077575,14,0.015235955759204846,23,0.01703769710460742,25
2003-05-08,0.014657476424836276,25,0.013747380104188066,20,0.017722350815157148,27
2003-05-09,0.01126880867006904,17,0.012347998487818309,17,0.01734280792585362,26
2003-05-12,0.0124094152717459,20,0.010692665983409918,13,0.017349573084453344,26
2003-05-13,0.010692139615460259,16,0.010649870857298288,13,0.01730847244933939,25
2003-05-14,0.010517192508671218,15,0.011005639613939511,14,0.016383681090751192,23
2003-05-15,0.009778677499585565,13,0.011746776792563847,16,0.016001288929187518,22
2003-05-16,0.010368946723238452,15,0.010403511864700342,12,0.015024734286554816,20
2003-05-19,0.013553073581618804,23,0.012558065682589785,18,0.015273045097211353,21
2003-05-20,0.014879285383301844,26,0.012216648217121992,17,0.015269698165117822,21
2003-05-21,0.015373233993797343,27,0.012752239617153572,18,0.013571512528216626,18
2003-05-22,0.013148601482803925,22,0.011227468896152677,14,0.013383832682997997,17
2003-05-23,0.014068635352868534,24,0.01165853243646485,15,0.01212784672128008,15
2003-05-27,0.011316738057102241,17,0.01446051859314234,22,0.01284536836580606,16
2003-05-28,0.012694831325879362,20,0.01584229658142605,25,0.01306607967824077,16
2003-05-29,0.016267470548052318,28,0.015800174442062526,24,0.01322933526635745,17
2003-05-30,0.014785291946562067,26,0.015474900718969018,24,0.013254063353476024,17
2003-06-02,0.01482931184002228,26,0.01496113435691826,23,0.013171767180811934,17
2003-06-03,0.013207789655367909,22,0.011595455448505605,15,0.013379944550053,17
2003-06-04,0.011915301892829959,18,0.011824099119544873,16,0.013661399113548649,18
2003-06-05,0.006446305156184445,5,0.01179565875062727,16,0.01367455999277554,18
2003-06-06,0.0069492119249447365,7,0.010904481938841071,13,0.013663525448566059,18
2003-06-09,0.016043261647059378,28,0.014738742536305367,22,0.013554321573008303,18
2003-06-10,0.014112243088471237,24,0.013223049489600356,19,0.013434374065249059,17
2003-06-11,0.014715750088507767,25,0.01279986820829452,18,0.013847029753895537,18
2003-06-12,0.014416706632341441,25,0.011863121297794049,16,0.013778655307022807,18
2003-06-13,0.014403740051658979,24,0.012075558096540038,16,0.013399203453435543,17
2003-06-16,0.011829817630381784,18,0.013432440933456188,20,0.013982515802537747,18
2003-06-17,0.011890204838788377,18,0.012730741456935082,18,0.01359663264813946,18
2003-06-18,0.014587373345501517,25,0.013829102229270706,20,0.012667288553523044,16
2003-06-19,0.019608340755118824,34,0.016349019346194354,25,0.014541192806066142,19
2003-06-20,0.019868245581717767,34,0.01639470927920991,25,0.014529013176202605,19
2003-06-23,0.015162903687632668,26,0.01675796189745976,26,0.015616217181729843,21
2003-06-24,0.015259680289120591,26,0.016734293794834827,26,0.015593623944785563,21
2003-06-25,0.01502378784435276,26,0.015350116999965172,24,0.014947856817824222,20
2003-06-26,0.014748287165653453,25,0.016363802251446433,25,0.014480024832516728,19
2003-06-27,0.015730905053621076,27,0.017067551391296856,27,0.014861441034876697,20
2003-06-30,0.012734433424180257,21,0.013893577456686044,21,0.014926836881335727,20
2003-07-01,0.016890477762775052,29,0.016318569388771256,25,0.015596889599325687,21
2003-07-02,0.01635154457754533,29,0.01669247194812876,26,0.015224504558463652,21
2003-07-03,0.017024904455752988,30,0.01502718561812264,23,0.015077049719748542,20
2003-07-07,0.016465596760419896,29,0.01678712197373271,26,0.015763929029882596,22
2003-07-08,0.014598336028062533,25,0.014656103913726008,22,0.015849043437478533,22
2003-07-09,0.013203321051403899,22,0.014890355627966189,23,0.01528657922414292,21
2003-07-10,0.01750445638792747,31,0.016027856252742757,25,0.015890467099139726,22
2003-07-11,0.016384045009316606,29,0.016512721410414304,26,0.015914684727360483,22
2003-07-14,0.01576636806419754,27,0.015202255364359001,23,0.01641112295254662,23
2003-07-15,0.01727465762615383,30,0.015338549627124215,24,0.01653340949305448,23
2003-07-16,0.02225870607706956,37,0.018319234071176835,29,0.016979006111067556,24
2003-07-17,0.02196151362287708,37,0.018921783965817125,31,0.017244626490294707,25
2003-07-18,0.021836392663239747,37,0.019239493668269464,31,0.017538632980030534,26
2003-07-21,0.018362264153647757,32,0.01895335136093839,31,0.017044076745692187,25
2003-07-22,0.0205820762692285,35,0.019045063988755478,31,0.017150586603150317,25
2003-07-23,0.016547713767101627,29,0.0185370771099322,30,0.01630898659558375,23
2003-07-24,0.0169183275156218,29,0.01850686816258101,30,0.016822449810030532,24
2003-07-25,0.016518793487255636,29,0.018274646618801012,29,0.01706455445850431,25
2003-07-28,0.013438284881958192,22,0.01666168501101575,26,0.01682178610369372,24
2003-07-29,0.013542421096743015,23,0.016709505767905735,26,0.01645413456747994,23
2003-07-30,0.01343959531202704,22,0.014266546253826937,21,0.01644817658223653,23
2003-07-31,0.011649975005210797,18,0.013697909333146947,20,0.015929593636128628,22
2003-08-01,0.011958392995800034,18,0.014616486731400553,22,0.017050769916182738,25
2003-08-04,0.014269780075480281,24,0.01459125866648121,22,0.017010542507322715,24
2003-08-05,0.014895739634581578,26,0.014536496418902053,22,0.016524785329182758,23
2003-08-06,0.01766620999123189,31,0.015112870180496238,23,0.016556376841073757,23
2003-08-07,0.019850941214672565,34,0.015411837541866629,24,0.016540686984170546,23
2003-08-08,0.012866197512219261,21,0.013989093063331282,21,0.016256056477096333,23
2003-08-11,0.01252577604419075,20,0.014065497082849838,21,0.015515327424351124,21
2003-08-12,0.004578142162571706,2,0.014886923996343048,23,0.015093375146689137,20
2003-08-13,0.007866174736821966,9,0.01489481053946067,23,0.015077766409784202,20
2003-08-14,0.006936152330666137,7,0.014584367558975095,22,0.013864172081329933,18
2003-08-15,0.00797522804928612,9,0.010154148366015935,11,0.013482026028945831,17
2003-08-18,0.00863958238228545,11,0.010241080188277454,11,0.01269154395687469,16
2003-08-19,0.003937737424391422,1,0.008007939603481012,6,0.01218775868628986,15
2003-08-20,0.004019167298367337,1,0.007982020096858255,6,0.01193425069566988,14
2003-08-21,0.0002345531719243325,0,0.007058165188957974,4,0.011901386495144085,14
2003-08-22,0.005764939667303485,4,0.008550126015994532,7,0.012005854578078021,14
2003-08-25,0.005950526133009066,4,0.008259185015105284,7,0.01100178099814558,12
2003-08-26,0.009756500052908791,13,0.007058258778312094,4,0.011276035366027662,13
2003-08-27,0.009859291924650421,13,0.007163509189414343,4,0.01128129487602736,13
2003-08-28,0.01055495855752334,15,0.007098392314552747,4,0.011336348010014067,13
2003-08-29,0.007140467880566815,7,0.007844000635262695,6,0.011345752226964406,13
2003-09-02,0.009866116207221751,13,0.01054214284322015,12,0.010162735373885843,10
2003-09-03,0.009748304501592179,13,0.010715047822313854,13,0.010070885427247791,10
2003-09-04,0.007829939201262664,9,0.010554497721052596,12,0.009121118358089516,7
2003-09-05,0.008600281733298503,10,0.010361896067827609,12,0.008906164674496762,6
2003-09-08,0.008630120082174406,10,0.00778744771193374,6,0.008480427267641045,5
2003-09-09,0.005086948800916436,3,0.007924808706612428,6,0.00844363981239883,5
2003-09-10,0.00438722948254621,2,0.008267215505323918,7,0.008550979612324958,5
2003-09-11,0.005801138694098718,4,0.007625020646036758,5,0.007991500904617718,4
2003-09-12,0.00591786212928449,4,0.0076296062703453535,5,0.007966946479491152,4
2003-09-15,0.005494611240194814,3,0.007749535677783294,5,0.00792284271789297,4
2003-09-16,0.007679424615660395,9,0.006188378811195733,2,0.008365077557066681,5
2003-09-17,0.005639941978019324,4,0.006010461042174893,2,0.00835326769155715,5
2003-09-18,0.01616928754281161,28,0.013030380026622577,19,0.011608283735353843,13
2003-09-19,0.015609973402582284,27,0.012832719988439335,18,0.01150278307594867,13
2003-09-22,0.01836270208622804,32,0.014165688189028778,21,0.011883768587445026,14
2003-09-23,0.018632801747864955,32,0.01425505581973302,21,0.011234972737821522,12
2003-09-24,0.021720158569865394,37,0.015027177553950312,23,0.01176634534666773,14
2003-09-25,0.014142288934084644,24,0.016051868811278677,25,0.012197327126311514,15
2003-09-26,0.01342725951858509,22,0.01696634790659205,27,0.012480401651812523,15
2003-09-29,0.016066218159773625,28,0.017309086137363462,28,0.012798735310163803,16
2003-09-30,0.01272288285995985,21,0.017790923145318303,28,0.013210944651049723,17
2003-10-01,0.020986256367400948,36,0.020305188598622716,33,0.014355908520757072,19
2003-10-02,0.019423006590486392,33,0.016633567687157173,26,0.0143339187903245,19
2003-10-03,0.01734827547120837,30,0.01654617439101651,26,0.014351710318615067,19
2003-10-06,0.016784987599909457,29,0.015884351177432036,25,0.01431687525589464,19
2003-10-07,0.013611898829989456,23,0.015359461174513365,24,0.014417513136617596,19
2003-10-08,0.006693665317063001,6,0.014685652737605978,22,0.014425470670931037,19
2003-10-09,0.0068750625738801556,7,0.013825774379340548,20,0.014217213508915496,19
2003-10-10,0.0063267898168999,5,0.012524333994903335,17,0.014234301045166691,19
2003-10-13,0.0103605736138162,15,0.01316960244035828,19,0.014730702826467676,20
2003-10-14,0.010275339192144937,15,0.01169300345562907,15,0.01463971090024321,20
2003-10-15,0.009528660112528804,13,0.007937236052590549,6,0.014631017714533647,20
2003-10-16,0.009585353589641297,13,0.00793433247389687,6,0.014634855028636162,20
2003-10-17,0.012403553315795878,20,0.0093075074900547,9,0.012849425296046177,16
2003-10-20,0.006050615914328768,5,0.00958897293350158,10,0.012866484341436196,16
2003-10-21,0.0063931621874604196,5,0.009866659800505233,10,0.012805734005359561,16
2003-10-22,0.006114288351097246,5,0.010012195742833943,11,0.012418808449646,15
2003-10-23,0.010148389147363091,14,0.010608066513961813,13,0.012276555916934476,15
2003-10-24,0.00920488247183574,12,0.010665198132900892,13,0.011954708598846234,14
2003-10-27,0.01165459715133108,18,0.008874931830693943,8,0.012364645740608997,15
2003-10-28,0.015314830756844913,27,0.011510532332543223,15,0.012565768111386863,15
2003-10-29,0.01468665330508049,25,0.011552157675286678,15,0.01217194134895672,15
2003-10-30,0.013451718381957228,22,0.011426894859309599,15,0.00997045375428238,9
2003-10-31,0.0133996330433638,22,0.01091392994372824,13,0.009930547879697795,9
2003-11-03,0.009783191700890431,13,0.011875032902988582,16,0.0103112102881306,10
2003-11-04,0.006643337688861612,6,0.01123887403014144,14,0.010342004197768357,10
2003-11-05,0.006442858754405351,5,0.010747780849502302,13,0.01011201782271969,10
2003-11-06,0.005872063822883412,4,0.010408561068312358,12,0.010122910976066109,10
2003-11-07,0.014373810625113559,24,0.013157803793425574,19,0.011372821525062532,13
2003-11-10,0.012973963793230542,21,0.011287671892156693,14,0.011410575692226076,13
2003-11-11,0.013263419964329523,22,0.01054002719171749,12,0.010566502312896206,11
2003-11-12,0.012832066882849503,21,0.010538996236221388,12,0.010551478511908761,11
2003-11-13,0.010751415580005887,16,0.010694289480080391,13,0.010597648785286882,11
2003-11-14,0.007726293912722692,9,0.011508668918922871,15,0.01089080209176229,12
2003-11-17,0.005947746043678656,4,0.01014129646437087,11,0.010641154050357145,11
2003-11-18,0.00701605598304018,7,0.010224785935611904,11,0.01105632678954719,12
2003-11-19,0.009786362525655824,13,0.010791822518069791,13,0.011086476927536957,12
2003-11-20,0.009848296894142544,13,0.009761914524099578,10,0.01100830054021648,12
2003-11-21,0.011192272680313666,17,0.009476352964694111,9,0.011018644924797554,12
2003-11-24,0.011718820015168406,18,0.009941157370257222,10,0.01121578910992995,12
2003-11-25,0.006197883649985101,5,0.009543126039128822,10,0.010449470203069144,10
2003-11-26,0.006355087114982737,5,0.009556620077600213,10,0.00954888213558905,8
2003-11-28,0.004940360529058429,2,0.0094000011759886,9,0.009560704185900794,8
2003-12-01,0.004532588972226524,2,0.008566342214899941,7,0.009895684986823985,9
2003-12-02,0.006589536710359478,6,0.008963156693291067,8,0.010007514176817575,10
2003-12-03,0.007318584761958868,8,0.007059882997134807,4,0.009567343892705164,8
2003-12-04,0.00765486913166545,8,0.006861164304023818,3,0.009542834213667948,8
2003-12-05,0.00982735083202991,13,0.008290292582858481,7,0.009811401879045934,9
2003-12-08,0.01185220796531494,18,0.009024525248463568,8,0.010435329676390069,10
2003-12-09,0.011696882209085754,18,0.009051300490021221,8,0.009233711903653916,7
2003-12-10,0.011539028195491562,17,0.009148513831012188,9,0.00928000286974844,7
2003-12-11,0.0114942012724116,17,0.009212301761244835,9,0.008974808819919146,6
2003-12-12,0.00849701583575066,10,0.009227737024882735,9,0.008975790470582761,6
2003-12-15,0.004899062479012233,2,0.00864912206853948,7,0.008908341049624974,6
2003-12-16,0.0023981654878500428,0,0.008245916991277628,7,0.008234068110342142,5
2003-12-17,0.005936689547927612,4,0.008675398864063303,8,0.008528541464769066,5
2003-12-18,0.006793198946250739,6,0.0089024254979372,8,0.007684860506298351,4
2003-12-19,0.007257448713626824,8,0.007473361686972256,5,0.007669686725047714,4
2003-12-22,0.007253031324037999,8,0.005874040796064982,2,0.007555368917785687,3
2003-12-23,0.008967705321174243,11,0.006389000244042562,2,0.007623960768831892,4
2003-12-24,0.007816089190732204,9,0.006563460693361435,3,0.007574639060535361,3
2003-12-26,0.00680448093899965,7,0.006456475657655959,3,0.007555173160266801,3
2003-12-29,0.007663129284839244,8,0.0071678048859085105,4,0.007844108949028468,4
2003-12-30,0.007319976461425512,8,0.007084576701130352,4,0.007844008308837072,4
2003-12-31,0.005523369900664104,4,0.007059370231657805,4,0.0075184953084368724,3
2004-01-02,0.004906709914015213,2,0.006384241708496265,2,0.007492963588912024,3
2004-01-05,0.006198956378911895,5,0.007463456856112368,5,0.00790320410749821,4
2004-01-06,0.006634441053611754,6,0.007370767534732645,5,0.007894740881863984,4
2004-01-07,0.006605216454047015,6,0.007369630008412138,5,0.0070573426128283465,2
2004-01-08,0.006380815261438015,5,0.006102223589904196,2,0.006336565213432899,1
2004-01-09,0.007677796211180824,8,0.006104194883777769,2,0.0062526526499382794,1
2004-01-12,0.0032436849395227527,0,0.00618545527956043,2,0.006260552765192938,1
2004-01-13,0.003934863889282224,1,0.006323314730712199,2,0.006448443544164075,1
2004-01-14,0.00567661397499847,4,0.006533168770449368,3,0.00655340417716876,2
2004-01-15,0.006734747301415676,6,0.007766142723662956,6,0.00705955555133872,3
2004-01-16,0.006685998699237581,6,0.007315858776255276,4,0.007058490848625483,3
2004-01-20,0.006766254892337699,6,0.0051708227917306344,1,0.006742138281950774,2
2004-01-21,0.012308987244394397,19,0.00887746267613863,8,0.00791625439560038,4
2004-01-22,0.012174579229463313,19,0.009046455929750235,8,0.007873809746817794,4
2004-01-23,0.011506061824815969,17,0.009401166163178517,9,0.00812576678481101,5
2004-01-26,0.011895886818208865,18,0.009881360480654912,10,0.008040268329566374,4
2004-01-27,0.015387312690579882,27,0.011572162346754162,15,0.008995806813069718,7
2004-01-28,0.013326854253973211,22,0.012734363027178387,18,0.009901786197870726,9
2004-01-29,0.0130354171879679,21,0.01254016113995667,17,0.009713869255541699,9
2004-01-30,0.013087480852559308,21,0.012132534933356068,17,0.009716908799213837,9
2004-02-02,0.009894639647450392,13,0.012238469921615334,17,0.00980257061166596,9
2004-02-03,0.008207456772911322,10,0.01236930088416821,17,0.00972950141550862,9
2004-02-04,0.005148592621584518,3,0.009570226896724439,10,0.009072753116099834,7
2004-02-05,0.0035168307542784946,0,0.00901194562627476,8,0.009235383303196381,7
2004-02-06,0.014372704769984972,24,0.013036115864987994,19,0.010901504005698026,12
2004-02-09,0.014255155840580932,24,0.012062383977100277,16,0.010861155422374908,11
2004-02-10,0.014001789297094886,23,0.01113792241230841,14,0.010862722033135624,12
2004-02-11,0.015058583009819358,26,0.011330750744434822,14,0.011524913583245837,13
2004-02-12,0.014025868147312652,24,0.011366485692156274,15,0.011516791089663695,13
2004-02-13,0.009110922553181744,12,0.011367670033403611,15,0.011366707923798437,13
2004-02-17,0.009300346875030239,12,0.011480699597361222,15,0.011296824752959933,13
2004-02-18,0.009781309903295314,13,0.011456657215587435,15,0.011407513887333054,13
2004-02-19,0.006791492658642408,6,0.011674094698895377,15,0.01154021995957564,13
2004-02-20,0.006796132508318171,6,0.011279888928673395,14,0.010429986306723331,10
2004-02-23,0.008529221577446138,10,0.008353794848431574,7,0.010526064891610976,11
2004-02-24,0.007309563203679163,8,0.008297625757394884,7,0.010460515653361563,10
2004-02-25,0.007791801981804247,9,0.008373833961262764,7,0.010246525223567957,10
2004-02-26,0.005414413375928567,3,0.006611953888395296,3,0.009605074757478143,8
2004-02-27,0.0028415781853346274,0,0.006487901022879644,3,0.008856484686149836,6
2004-03-01,0.0022110510954653044,0,0.006491274427161118,3,0.008834549462564744,6
2004-03-02,0.008607527847074033,10,0.007713790326486804,5,0.009395816629875098,8
2004-03-03,0.0077646313395501355,9,0.007360955253266849,5,0.009315265502080514,7
2004-03-04,0.008344186195915195,10,0.007354374541910255,5,0.009393865496193395,8
2004-03-05,0.010422821293185058,15,0.007984285530487517,6,0.009605756987324503,8
2004-03-08,0.010055992395591158,14,0.007698026005362431,5,0.009301346734624988,7
2004-03-09,0.0077723715009924265,9,0.007751594062060782,5,0.007667096098470951,4
2004-03-10,0.009637202890869173,13,0.008344504620968326,7,0.008157297303854541,5
2004-03-11,0.010246311284429158,14,0.008814900759904112,8,0.008518937666604075,5
2004-03-12,0.010876212611354798,16,0.010084272854973948,11,0.008277199855461664,5
2004-03-15,0.010847704109243314,16,0.009882434299745306,10,0.008259130100712813,5
2004-03-16,0.014414783876306875,25,0.010919614506328125,13,0.009150529082601076,7
2004-03-17,0.013564512121092685,23,0.012055608024182405,16,0.009668911127470236,9
2004-03-18,0.008813473079241185,11,0.011578257816026404,15,0.009654663066391211,9
2004-03-19,0.01526783847774142,26,0.01302502598618421,19,0.010365246040080338,10
2004-03-22,0.017287403011926702,30,0.013896775921871636,21,0.010854725929437651,11
2004-03-23,0.015135504179671135,26,0.013952531229694181,21,0.010724067044797541,11
2004-03-24,0.011850405166425914,18,0.013235732140269775,19,0.010715925179379575,11
2004-03-25,0.011958290315489943,18,0.012571902045839696,18,0.01076830809280515,11
2004-03-26,0.009001145520985519,11,0.012143758026048005,17,0.010790593498381297,11
2004-03-29,0.01138452988334997,17,0.014024318411640447,21,0.012065925367173968,14
2004-03-30,0.011434882010540973,17,0.01353864238226536,20,0.01229123696800092,15
2004-03-31,0.012405508556345791,20,0.012980873903987224,18,0.01188636179126833,14
2004-04-01,0.01250883831545477,20,0.013147897080236049,19,0.012063660397343563,14
2004-04-02,0.01395033527289707,23,0.011847160812590666,16,0.012089245756588029,14
2004-04-05,0.009885228405959358,13,0.010200124040188155,11,0.011944451340929153,14
2004-04-06,0.008679714513620469,11,0.010318872769329038,11,0.011928800896554199,14
2004-04-07,0.009872845501070229,13,0.011292200944387874,14,0.012201940424333908,15
2004-04-08,0.007578407818879456,8,0.01132045312137404,14,0.011816584048692699,14
2004-04-12,0.008433163941520957,10,0.0113041911835186,14,0.011467907279650021,13
2004-04-13,0.010202783489621664,14,0.010261424860631281,11,0.011960233749294745,14
2004-04-14,0.009938814723164296,14,0.009371657931167067,9,0.011986909296738258,14
2004-04-15,0.012051128395668237,18,0.011028900974143031,14,0.012323999686332417,15
2004-04-16,0.012946478833697954,21,0.010097621329837447,11,0.011762335440262402,14
2004-04-19,0.009969949146701232,14,0.009942249223525735,10,0.01155546511737471,13
2004-04-20,0.00974428318492126,13,0.009630427882116996,10,0.011354026162745622,13
2004-04-21,0.01012397701368994,14,0.009530068989538176,9,0.010928232718219119,12
2004-04-22,0.009552727766404038,13,0.010721776912223339,13,0.011155756929303914,12
2004-04-23,0.009791350203108395,13,0.010866871799903885,13,0.011350597668651877,13
2004-04-26,0.009765862493541852,13,0.009554842290351022,10,0.01113581996455679,12
2004-04-27,0.0073784363995231805,8,0.008915053088285984,8,0.011117407138088788,12
2004-04-28,0.008609682552362377,10,0.009143872945418928,9,0.009544648902493557,8
2004-04-29,0.004203801185664656,1,0.00745140391053968,5,0.008932254491150406,6
2004-04-30,0.0040105009504926995,1,0.007066641726181807,4,0.008937761306015004,6
2004-05-03,0.0075753150075969266,8,0.008322067755714485,7,0.008808168129341041,6
2004-05-04,0.008313508258402061,10,0.0074157052341321085,5,0.008920698030942566,6
2004-05-05,0.0066198195647559094,6,0.007500900777758162,5,0.008555812170442652,5
2004-05-06,0.012691028516318374,20,0.0090886998775943,9,0.009520228733127415,8
2004-05-07,0.014076953697666901,24,0.009779154950594294,10,0.009814162243909219,9
2004-05-10,0.013852109093897537,23,0.012147862066143595,17,0.01103905658395617,12
2004-05-11,0.013989826120012731,23,0.012748685805930334,18,0.010769566864884719,11
2004-05-12,0.018406528140295253,32,0.01415270646883408,21,0.011307759466385923,13
2004-05-13,0.016814158530276076,29,0.014186669640331795,21,0.011324888391259301,13
2004-05-14,0.015880562658969956,28,0.014160943091071623,21,0.010778424907959216,11
2004-05-17,0.0122072052775819,19,0.013577284476630161,20,0.010985843408733752,12
2004-05-18,0.012260033439834301,19,0.013656456548692202,20,0.011265073387283732,13
2004-05-19,0.008556617004718834,10,0.013687285566857811,20,0.010999960409178345,12
2004-05-20,0.009916982060110779,14,0.013148493725854615,19,0.011220474038975985,12
2004-05-21,0.009798327362382859,13,0.012553739091053997,17,0.010800028748684885,11
2004-05-24,0.004101727282480666,1,0.008933857017486956,8,0.01078172892574231,11
2004-05-25,0.010999448956713478,16,0.011814610944398042,16,0.012440496331110737,15
2004-05-26,0.010250864064400993,15,0.011070543705908894,14,0.012455259088678483,15
2004-05-27,0.010762518277123016,16,0.010714215265968684,13,0.012306723475774639,15
2004-05-28,0.01116701854900441,17,0.01041862968983696,12,0.012280305180183507,15
2004-06-01,0.010970163003788313,16,0.008058804184059321,6,0.012436428417794937,15
2004-06-02,0.003978210457476019,1,0.008035675907225337,6,0.0122827016084176,15
2004-06-03,0.008494555674020549,10,0.009724375084715275,10,0.01246966100892052,15
2004-06-04,0.008773461729558922,11,0.00966980670208108,10,0.012540294288086676,15
2004-06-07,0.012592964251393238,20,0.011220752571745282,14,0.012534213116559704,15
2004-06-08,0.012566751849604332,20,0.011199467189403432,14,0.011934750176863854,14
2004-06-09,0.014128938959790664,24,0.009848592028142165,10,0.010372023501651987,10
2004-06-10,0.01166580115978316,18,0.009979793034591306,10,0.010376605835802374,10
2004-06-14,0.0139779103513149,23,0.01100891280172876,14,0.010475384060480564,10
2004-06-15,0.00943033029397091,12,0.011096974858581002,14,0.010371500663457506,10
2004-06-16,0.009312337083191064,12,0.010896559628923533,13,0.01021850027992372,10
2004-06-17,0.007810601600136813,9,0.010762744636414355,13,0.009273215187502664,7
2004-06-18,0.00837975608532372,10,0.009764747411400074,10,0.009343027825264616,7
2004-06-21,0.006012923604149671,5,0.010157840655332557,11,0.00947744331706824,8
2004-06-22,0.005973918935647007,4,0.007516924038695755,5,0.009529010999666857,8
2004-06-23,0.0064537128870378125,5,0.007758756635409079,5,0.009558686015988372,8
2004-06-24,0.006628900509220511,6,0.006829628354424143,3,0.009607747428770639,8
2004-06-25,0.004970420526005088,2,0.006769128606160782,3,0.008220815202223565,5
2004-06-28,0.004836645191606317,2,0.005708538382924696,1,0.008333945373993646,5
2004-06-29,0.004840322779922828,2,0.005319997698626539,1,0.00838166210956131,5
2004-06-30,0.00415425463636682,1,0.005553643224514585,1,0.008411541636846483,5
2004-07-01,0.005139958825017141,3,0.0061479246903397775,2,0.008522982725563623,5
2004-07-02,0.005060040956372733,3,0.0047959049597362975,0,0.008466269603408275,5
2004-07-06,0.005130930246554449,3,0.004798554032875434,0,0.008039878930056709,4
2004-07-07,0.006440115317039944,5,0.005371978165587607,1,0.008035634523345459,4
2004-07-08,0.005768411542940122,4,0.004937312239019699,0,0.006505513234181401,1
2004-07-09,0.005283113433785373,3,0.004916278327417305,0,0.006445584370964201,1
2004-07-12,0.005240347552610961,3,0.004870303911038582,0,0.006113807154269966,1
2004-07-13,0.007289936188549849,8,0.00630463509996022,2,0.006313297506037361,1
2004-07-14,0.006921627520742887,7,0.006313937090058005,2,0.005842090161208808,1
2004-07-15,0.010199409281023752,14,0.00785316512431212,6,0.006775071898982908,2
2004-07-16,0.010915744640690252,16,0.008147928913595991,6,0.007106441128438158,3
2004-07-19,0.012820940897118643,21,0.009234598848779415,9,0.007513162068652991,3
2004-07-20,0.01126884514776669,17,0.009311276228957013,9,0.007071551129390715,3
2004-07-21,0.011348626068513782,17,0.008986665202445395,8,0.007036763874510791,2
2004-07-22,0.010810568954105624,16,0.010408846101890464,12,0.008094387274598764,4
2004-07-23,0.008625336772673143,10,0.010531999172802228,12,0.00793642287025133,4
2004-07-26,0.010003515578101427,14,0.010974946072279421,14,0.008137134429962436,5
2004-07-27,0.010045180689517727,14,0.010388551820633375,12,0.008183297944264731,5
2004-07-28,0.010234897722532284,14,0.010661431080782704,13,0.008323760942334805,5
2004-07-29,0.007097552366228909,7,0.008787337784108978,8,0.00842767128696624,5
2004-07-30,0.006762595785416659,6,0.0076272515084844245,5,0.00833279694341136,5
2004-08-02,0.003891882303023453,1,0.007340491038792606,4,0.008304020929322461,5
2004-08-03,0.0055037958558199155,3,0.00766634479299145,5,0.00831574884097876,5
2004-08-04,0.006292917873864489,5,0.008014385669616507,6,0.008505373767314571,5
2004-08-05,0.008616063068020138,10,0.007448518868884314,5,0.008792904660474953,6
2004-08-06,0.010356318529299144,15,0.008405801392701506,7,0.009055215316830784,7
2004-08-09,0.010651588506495634,16,0.008224421198242855,7,0.009241487078984284,7
2004-08-10,0.013703312108769653,23,0.009844905261751467,10,0.010029614303066035,10
2004-08-11,0.013243016828506536,22,0.009805934947908941,10,0.009845766759246363,9
2004-08-12,0.01263961128347662,20,0.01027573008420134,11,0.010024084273023192,10
2004-08-13,0.009492906043719126,12,0.010244932861867532,11,0.00910465429627452,7
2004-08-16,0.011306024994813736,17,0.011567861726800665,15,0.009338568573182729,7
2004-08-17,0.009996013073168573,14,0.011477200445016489,15,0.009347520792411936,7
2004-08-18,0.010349777304756343,15,0.011635436705590382,15,0.009567135245747796,8
2004-08-19,0.008085593813690777,9,0.010599458110597837,12,0.009604260363802955,8
2004-08-20,0.007767462242663181,9,0.008572768747852044,7,0.009350580141301626,7
2004-08-23,0.007409327971609442,8,0.009037420395656545,8,0.009227688992496215,7
2004-08-24,0.007087191332805114,7,0.008188596306645732,6,0.008739841968138446,6
2004-08-25,0.006541109297026728,6,0.008304312774950983,7,0.008836744608457004,6
2004-08-26,0.005333192064932317,3,0.006607978951135963,3,0.008824893730018652,6
2004-08-27,0.004149068813930848,1,0.006513402746423304,3,0.008846305854119631,6
2004-08-30,0.005643128863711962,4,0.0063064080559235,2,0.008951710359087253,6
2004-08-31,0.005656218614292221,4,0.006050624603397264,2,0.008934393206498952,6
2004-09-01,0.0051558214148017196,3,0.005676085801187741,1,0.008794197407706433,6
2004-09-02,0.007166623270285034,7,0.006055659802804751,2,0.008935136611236311,6
2004-09-03,0.007230969212219126,7,0.0057507095064986925,2,0.008321048976463697,5
2004-09-07,0.006514312055733617,6,0.0057638694601408495,2,0.007300104957356489,3
2004-09-08,0.0083395659366537,10,0.006785597512081437,3,0.0077706889395902454,4
2004-09-09,0.008064653060602564,9,0.00643081849319491,3,0.00719950285627363,3
2004-09-10,0.006724257077125765,6,0.006582599984075773,3,0.007232298699576389,3
2004-09-13,0.007068391329776783,7,0.006741801919611626,3,0.006844715859051999,2
2004-09-14,0.0062496968745088715,5,0.006296209651991695,2,0.006844275897854129,2
2004-09-15,0.0051336338633561065,3,0.006531459996334012,3,0.0062510962534773,1
2004-09-16,0.005323059035416367,3,0.00647197290863819,3,0.0060969089756466,1
2004-09-17,0.004908884115542391,2,0.005681238532118453,1,0.005949868946455135,1
2004-09-20,0.01529880973006488,27,0.011912021242511388,16,0.009543362616464518,8
2004-09-21,0.015570004997814003,27,0.011689550216935993,15,0.009311642809513555,7
2004-09-22,0.018097789427459054,31,0.014017850694685419,21,0.011083466460162106,12
2004-09-23,0.015994879731073875,28,0.013826733672463475,20,0.011249768589072862,13
2004-09-24,0.018223496084799708,31,0.013824298452815091,20,0.011161087723904265,12
2004-09-27,0.014178631004621975,24,0.013918435807138788,21,0.011287747558471563,13
2004-09-28,0.017150022016092458,30,0.015446652751548844,24,0.01189757033441343,14
2004-09-29,0.01263158950959684,20,0.016162341691827332,25,0.012101239649945313,15
2004-09-30,0.013078681634307447,21,0.01600206960611308,25,0.012274915044231767,15
2004-10-01,0.014888144320444332,26,0.017667430321795272,28,0.012990889249597144,16
2004-10-04,0.012937348029876474,21,0.014535552486231099,22,0.012635913829017551,16
2004-10-05,0.01184857025394221,18,0.014354594581580265,21,0.012645661713334354,16
2004-10-06,0.011327636204626606,17,0.01133104163694384,14,0.012541975352257487,15
2004-10-07,0.008701896487679843,11,0.010513463849267182,12,0.012485114220240087,15
2004-10-08,0.004088222542299774,1,0.010587708017229124,12,0.012444658887434611,15
2004-10-11,0.005248874460677706,3,0.009612954457577204,10,0.012464406970957857,15
2004-10-12,0.004575023838884536,2,0.0084685571355443,7,0.012450674163585187,15
2004-10-13,0.008141538055446764,9,0.009436561503763593,9,0.012683605719069117,16
2004-10-14,0.008332005240091674,10,0.008991341567363913,8,0.012752661162633629,16
2004-10-15,0.009522953483735223,13,0.006947283461297466,4,0.012792336730422373,16
2004-10-18,0.00943412860445937,12,0.007420320623524818,5,0.012957636508977593,16
2004-10-19,0.010614808577413258,15,0.00847178783436389,7,0.011309706528852893,13
2004-10-20,0.009200711063031726,12,0.00820436655112179,7,0.011228274219483794,12
2004-10-21,0.009002554802242125,11,0.008207698748156694,7,0.009717550244086407,9
2004-10-22,0.007652103234270989,8,0.008359560172856906,7,0.009619061805510217,9
2004-10-25,0.005292530852309445,3,0.007622495347294501,5,0.009474515947096456,8
2004-10-26,0.011227837634472292,17,0.010548984440122507,12,0.010055574981543487,10
2004-10-27,0.012381828209326207,19,0.010891281896465765,13,0.009903482438488096,9
2004-10-28,0.010778167737733267,16,0.010616272360049408,13,0.009829856858850057,9
2004-10-29,0.0074357864194839396,8,0.01052734128266331,12,0.009413014348825856,8
2004-11-01,0.00794781074544278,9,0.010373581936435594,12,0.008603319732766764,5
2004-11-02,0.00670846552129288,6,0.009735291024029681,10,0.009092676926420932,7
2004-11-03,0.005662139553408258,4,0.009208518556711313,9,0.009199257632998854,7
2004-11-04,0.007743767327409317,9,0.00891578673735727,8,0.009875738936150256,9
2004-11-05,0.008067101463715384,9,0.007319936389466199,4,0.009874001072906405,9
2004-11-08,0.007073939026755892,7,0.007100453175046628,4,0.009781028802996061,9
2004-11-09,0.0075508163441542105,8,0.006769694148074713,3,0.00973060378610411,9
2004-11-10,0.008303379413446792,10,0.006846989140182788,3,0.009772086910373162,9
2004-11-11,0.0030948163358923016,0,0.00679695397378321,3,0.009000871013868829,7
2004-11-12,0.00812579737663535,9,0.00788746729904961,6,0.00917224629358364,7
2004-11-15,0.009940396884624642,14,0.008883565914640096,8,0.009527873848549003,8
2004-11-16,0.012104332024967994,19,0.010095923376015321,11,0.010118758931568805,10
2004-11-17,0.012063601379556201,19,0.009869499777134383,10,0.00941078426557056,8
2004-11-18,0.0121119372508315,19,0.008414307250037386,7,0.009360117328821102,8
2004-11-19,0.007462474471806076,8,0.009818427474156156,10,0.010026128688620446,10
2004-11-22,0.008406359572065992,10,0.009726851256643824,10,0.009689219926374327,9
2004-11-23,0.007914629685576142,9,0.00977154389762955,10,0.009684468160329125,9
2004-11-24,0.008885446597435783,11,0.0101540602231201,11,0.009116672724091937,7
2004-11-26,0.008725485070401724,11,0.009957693893013092,10,0.00875734158992556,6
2004-11-29,0.006163748953488973,5,0.007551781610279515,5,0.009021397615556521,7
2004-11-30,0.006322394963529266,5,0.007425389779666847,5,0.009088910676752724,7
2004-12-01,0.014398166882028694,24,0.011548083636701251,15,0.010713077584641182,11
2004-12-02,0.01453667192793984,25,0.01155009106326928,15,0.010441578305628951,10
2004-12-03,0.014548826015673437,25,0.01143546614398164,15,0.010310673212021709,10
2004-12-06,0.013547602397692543,23,0.01045106040132829,12,0.009867695828074537,9
2004-12-07,0.01336993401781674,22,0.01061201607346447,13,0.00990055043932074,9
2004-12-08,0.0069346355672568714,7,0.010694045471729944,13,0.00998347213843608,9
2004-12-09,0.006229616526615072,5,0.010587744396088483,12,0.010004045929904897,9
2004-12-10,0.008901980091558388,11,0.011370859474765892,15,0.010298982077588404,10
2004-12-13,0.011293728673902232,17,0.011848155899508446,16,0.011055777804866497,12
2004-12-14,0.010767344165121134,16,0.011483423439013636,15,0.01036621688200498,10
2004-12-15,0.01103164143333506,16,0.008818324920694908,8,0.010380944375965357,10
2004-12-16,0.011920618248352784,18,0.008968228275600343,8,0.009988007716788675,9
2004-12-17,0.01127507932970503,17,0.009632465104621903,10,0.01022146066826379,10
2004-12-20,0.0072139638565918,7,0.009069073898395867,9,0.010118546925620931,10
2004-12-21,0.008790539210072086,11,0.009353144915591688,9,0.009504061130997585,8
2004-12-22,0.013258398196277284,22,0.011498740254569595,15,0.010591726284841433,11
2004-12-23,0.012132205790806561,19,0.011585792899444957,15,0.010651431580508592,11
2004-12-27,0.012094054032712005,19,0.011230927311843593,14,0.01097140106037498,12
2004-12-28,0.012176931663373915,19,0.010208297243341867,11,0.010920969092977444,12
2004-12-29,0.013377306946922284,22,0.010730244269434789,13,0.010753993855174015,11
2004-12-30,0.007214809687331916,7,0.010458030999075297,12,0.010624699804913164,11
2004-12-31,0.005343054969710862,3,0.010162890516251046,11,0.009205807666712381,7
2005-01-03,0.00398198777447186,1,0.009333823079480077,9,0.009096021561034453,7
2005-01-04,0.005351080748524702,3,0.01007974156957149,11,0.009356394775792372,7
2005-01-05,0.007497772099814308,8,0.010259613398302846,11,0.009415230928287534,8
2005-01-06,0.008161475928370146,9,0.007705502565940996,5,0.009439355487206464,8
2005-01-07,0.0092203913174352,12,0.007459611053530279,5,0.009591638453496197,8
2005-01-10,0.009952183824076621,14,0.007150802201496647,4,0.009777800595050795,9
2005-01-11,0.008930459716958454,11,0.007189110311124061,4,0.009352221872510169,7
2005-01-12,0.0065285749050464584,6,0.006878050659869262,4,0.008629571453570075,6
2005-01-13,0.002912056403137315,0,0.007555572369875416,5,0.008959989480009084,6
2005-01-14,0.0033131373677266116,0,0.007426162677331036,5,0.008753519644564261,6
2005-01-18,0.00874247535730522,11,0.008846994352560679,8,0.00913281694968247,7
2005-01-19,0.008754192236842068,11,0.008420868572624486,7,0.008874128193270171,6
2005-01-20,0.008994381170578944,11,0.007412026759045908,5,0.009007823667248949,7
2005-01-21,0.007693489879066985,9,0.006580102418559241,3,0.008756077955724122,6
2005-01-24,0.008054856624814774,9,0.007271547441429226,4,0.007290907874726628,3
2005-01-25,0.00570317917737484,4,0.00704585608215611,4,0.007032040990928073,2
2005-01-26,0.005395077881318609,3,0.006986315275323718,4,0.006738332728533608,2
2005-01-27,0.0035455020181152756,0,0.0068696342748369625,3,0.006744617517043227,2
2005-01-28,0.0047246065801462055,2,0.006024090009757043,2,0.006603198342777526,2
2005-01-31,0.006661366804335494,6,0.006978754737971051,4,0.007227333001926337,3
2005-02-01,0.007175687279310697,7,0.006258729941644815,2,0.007411778426978739,3
2005-02-02,0.006715676398076494,6,0.005968406084422431,2,0.0074353319987086,3
2005-02-03,0.009776994591426969,13,0.0069472727876861385,4,0.0075934337945014405,3
2005-02-04,0.009963936832372807,14,0.007630915917421041,5,0.0076144785672425126,3
2005-02-07,0.00912919252078711,12,0.007534175455800821,5,0.007379348752873804,3
2005-02-08,0.008954395648238408,11,0.007928935560948959,6,0.007350129500502336,3
2005-02-09,0.008963424708206772,11,0.008307384524574826,7,0.007335282343652218,3
2005-02-10,0.007772430407929672,9,0.00848801361760844,7,0.007379243910470093,3
2005-02-11,0.005949757363831644,4,0.008635623449504849,7,0.007511325085669582,3
2005-02-14,0.005975312853754521,4,0.007686575670476781,5,0.007148301733034886,3
2005-02-15,0.006017608203980288,5,0.007194613503832228,4,0.007107151514992458,3
2005-02-16,0.005665595001262177,4,0.007147539412427902,4,0.006671420893659818,2
2005-02-17,0.006499512367367616,5,0.006754617524199317,3,0.0068975576958476914,2
2005-02-18,0.0039758912750019375,1,0.004870248748370038,0,0.006858260223138501,2
2005-02-22,0.005751639333956977,4,0.005812088748936895,2,0.007437395817680531,3
2005-02-23,0.008054414919585539,9,0.00699995514635268,4,0.00743717133047568,3
2005-02-24,0.008124041053625233,9,0.006868880936413615,3,0.0074118300340104476,3
2005-02-25,0.007843885417058941,9,0.00683094185616106,3,0.007411360394168241,3
2005-02-28,0.008941622792769216,11,0.006524100305179495,3,0.007802231276845356,4
2005-03-01,0.007562099391256184,8,0.006871089171216026,3,0.00782286183747733,4
2005-03-02,0.006533777689997976,6,0.007107008249164495,4,0.007238246158397012,3
2005-03-03,0.0066165763280509726,6,0.007082835488049448,4,0.006906124531449008,2
2005-03-04,0.008109831931791737,9,0.007649178015081716,5,0.007179990339728532,3
2005-03-07,0.00455388983111074,2,0.007546033549694331,5,0.006862357757426536,2
2005-03-08,0.004755631565879644,2,0.006126871228358442,2,0.006137139848366909,1
2005-03-09,0.007689108822210207,9,0.006726816853969623,3,0.006582418817271497,2
2005-03-10,0.00805305129626317,9,0.007038337645589455,4,0.006729448715635918,2
2005-03-11,0.00718315671522152,7,0.0073975032399800095,5,0.006786564302039119,2
2005-03-14,0.008828966917598213,11,0.006972082682552973,4,0.007115182905833646,3
2005-03-15,0.009421145551326568,12,0.0075516770119683435,5,0.00698471994134343,2
2005-03-16,0.008706402105650136,11,0.007765132558836,5,0.007167095138232434,3
2005-03-17,0.007574917392014534,8,0.007752673352265597,5,0.007081121493147656,3
2005-03-18,0.007677140108404904,8,0.007049423253669847,4,0.007191973663808992,3
2005-03-21,0.007641361205476207,8,0.009224861574936297,9,0.008466418343317156,5
2005-03-22,0.011069123268060392,16,0.011479543147467089,15,0.010173024660915743,10
2005-03-23,0.012827517233245213,21,0.01171583326755204,16,0.0100182167006882,10
2005-03-24,0.013766314962368327,23,0.011277731595640056,14,0.009680382179331714,9
2005-03-28,0.015873734522233743,27,0.012046656897855794,16,0.009892603359252638,9
2005-03-29,0.01382294476433152,23,0.010763257771164363,13,0.00994340678898449,9
2005-03-30,0.008117141962997936,9,0.012659892068643316,18,0.010427356714657313,10
2005-03-31,0.008104488741241058,9,0.012773301181638979,18,0.010360338554324899,10
2005-04-01,0.009144154380223748,12,0.01275561122400783,18,0.010222077640653556,10
2005-04-04,0.008682423634795669,11,0.012806536499749221,18,0.010241358040195376,10
2005-04-05,0.007785906025471842,9,0.011555857177938998,15,0.010176634326770585,10
2005-04-06,0.005688708897979262,4,0.006635427741783991,3,0.01027851554800083,10
2005-04-07,0.00622202731645099,5,0.006811830653048154,3,0.010496373942124475,11
2005-04-08,0.0042502699923928884,1,0.006905522113997338,4,0.010287024563129256,10
2005-04-11,0.003561054167535032,0,0.006854535841520103,3,0.010249342648520727,10
2005-04-12,0.007246291293943127,8,0.0073948034021071385,5,0.011142708347741042,12
2005-04-13,0.01178384944470447,18,0.008782351622100878,8,0.01119920031309035,12
2005-04-14,0.012570450605896408,20,0.00944455983678687,9,0.011206103070650683,12
2005-04-15,0.01301040201358202,21,0.009178027628572706,9,0.011306190655430919,13
2005-04-18,0.013541262430638109,23,0.00938513995351615,9,0.01158269178199719,13
2005-04-19,0.010474989319380906,15,0.00926651578770759,9,0.01148991213114358,13
2005-04-20,0.008097306780507935,9,0.009566443903514188,10,0.010300093617865009,10
2005-04-21,0.0056706009993739885,4,0.009434207974375369,9,0.007819370362297103,4
2005-04-22,0.005295403700996972,3,0.00937615015264945,9,0.007812144868336372,4
2005-04-25,0.005251325406179522,3,0.009683290034766754,10,0.008000306791236816,4
2005-04-26,0.005837695275646988,4,0.008036879071651955,6,0.008060978257328294,4
2005-04-27,0.005634067162176907,4,0.006712338003680027,3,0.007769184444656202,4
2005-04-28,0.01151341159659675,17,0.008825906532056643,8,0.008681083661410334,6
2005-04-29,0.013851755912374673,23,0.009887868882902995,10,0.009295461598703609,7
2005-05-02,0.01403292933754334,24,0.010153799121849797,11,0.009406806091094825,8
2005-05-03,0.014238656903301195,24,0.010260680328227398,11,0.009419563052426754,8
2005-05-04,0.013623117843412318,23,0.010078496247504887,11,0.009341054467710374,7
2005-05-05,0.009579739972127353,13,0.010135377804681748,11,0.00936262715477415,8
2005-05-06,0.006332618773639498,5,0.010414048340285462,12,0.0094447334506763,8
2005-05-09,0.005253280524908693,3,0.01006745314881003,11,0.009472227683083626,8
2005-05-10,0.006538356628680231,6,0.010537422206929024,12,0.009768955575405395,9
2005-05-11,0.007330287844189311,8,0.01032343512973919,11,0.009028199633043148,7
2005-05-12,0.007688062931821828,9,0.008601762052688552,7,0.008578181755099216,5
2005-05-13,0.008540555964830948,10,0.007123335749318347,4,0.008688787814083348,6
2005-05-16,0.013024756207407357,21,0.00939744450905574,9,0.00950399095527569,8
2005-05-17,0.012035919090516182,18,0.00953131627188363,9,0.00940648144654561,8
2005-05-18,0.012654778446304249,20,0.010188070170642499,11,0.00971820334757528,9
2005-05-19,0.011382222696391176,17,0.010109681725121111,11,0.009614101878533787,9
2005-05-20,0.008078936043694654,9,0.009759435503999244,10,0.009625916091398031,9
2005-05-23,0.006610116203792477,6,0.009916425494129287,10,0.00970817351723429,9
2005-05-24,0.0061620914157031,5,0.009031788050020346,8,0.009511580486570264,8
2005-05-25,0.003545312687667955,0,0.009260628840244122,9,0.009568667571981595,8
2005-05-26,0.0030355091197341,0,0.008930244047286968,8,0.0093855230268694,8
2005-05-27,0.0029739090570594104,0,0.007903090033253136,6,0.00838912603745251,5
2005-05-31,0.0028851691919902916,0,0.005608203284085607,1,0.007646622570961106,4
2005-06-01,0.007363740933568475,8,0.006512415862018624,3,0.007816722666304347,4
2005-06-02,0.006728442112668396,6,0.00521611763363208,1,0.007750778799200569,4
2005-06-03,0.006927278764849942,7,0.005239726776677287,1,0.007774364714745444,4
2005-06-06,0.006759032209694957,6,0.005340542008993309,1,0.007764630486606684,4
2005-06-07,0.006286554477179598,5,0.005162523141531676,1,0.007606118626084543,3
2005-06-08,0.0023065134040799844,0,0.005144458629083353,0,0.0075399799915012965,3
2005-06-09,0.0024181949612076606,0,0.004810764331986301,0,0.007138092802078198,3
2005-06-10,0.0018517709969974284,0,0.004785967543111498,0,0.007035823807842075,2
2005-06-13,0.00130467614855325,0,0.004723707330376333,0,0.006857028247966989,2
2005-06-14,0.0020945692033774166,0,0.0047650560074458,0,0.006408532046601139,1
2005-06-15,0.0014781196960984453,0,0.0020110060111165748,0,0.004940373251017097,0
2005-06-16,0.0024696022163422215,0,0.002317089292245353,0,0.00470366389130632,0
2005-06-17,0.0025195807445661674,0,0.0021625505361308997,0,0.003845381937330716,0
2005-06-20,0.002572296790281221,0,0.0019476937895828413,0,0.003821057197857815,0
2005-06-21,0.0019744770633384236,0,0.0019513309158544147,0,0.0038224277800089396,0
2005-06-22,0.002374364754604734,0,0.002055262084381032,0,0.0037772843805288147,0
2005-06-23,0.005353903641272202,3,0.0040974149927207595,0,0.0045029874851630035,0
2005-06-24,0.005694292835453251,4,0.0042154651517883664,0,0.004400225061711091,0
2005-06-27,0.005738855561462198,4,0.004273249319960621,0,0.004456239189682268,0
2005-06-28,0.006771773490467311,6,0.004725030472394343,0,0.004624335930089967,0
2005-06-29,0.006561873388600704,6,0.004905388327806595,0,0.004690119499268234,0
2005-06-30,0.006545652491488466,6,0.0056375686030185725,1,0.00427450966893802,0
2005-07-01,0.006184007123497894,5,0.005641452614498332,1,0.004264274869772355,0
2005-07-05,0.007564001933247475,8,0.006362707518653778,2,0.0045920980591242265,0
2005-07-06,0.0065903959866435114,6,0.006371488176952074,2,0.004531469779628486,0
2005-07-07,0.006546695280471913,6,0.0061877457221786725,2,0.004531311469642136,0
2005-07-08,0.004368122633138854,2,0.005651472140560686,1,0.00470480138059751,0
2005-07-11,0.006228677045625135,5,0.006085514713329983,2,0.0049718195598465326,0
2005-07-12,0.004981845436015467,2,0.0060485107888664565,2,0.004971728208464427,0
2005-07-13,0.005235695989439541,3,0.005621594373842783,1,0.005042676304325888,0
2005-07-14,0.010115004043908016,14,0.008208270623205465,7,0.006427092766205003,1
2005-07-15,0.009874660179793777,13,0.007245516281442944,4,0.006427408710708038,1
2005-07-18,0.01688040936796306,29,0.01223214976196609,17,0.009039636039568876,7
2005-07-19,0.01720451099024422,30,0.012223426746837232,17,0.009335018740317004,7
2005-07-20,0.017241041741924035,30,0.012218585560695097,17,0.009333796458765775,7
2005-07-21,0.01235636212243665,19,0.012195516730035428,17,0.00933049771267254,7
2005-07-22,0.014085545313323362,24,0.012281643549729927,17,0.009473180363638383,8
2005-07-25,0.0074149114514985735,8,0.012371795494216027,17,0.009327352180260123,7
2005-07-26,0.003938832829719191,1,0.012471143661793888,17,0.009329014172448342,7
2005-07-27,0.004082157460962075,1,0.012452530691501713,17,0.009337682362858585,7
2005-07-28,0.007111937396237319,7,0.010612922073877066,13,0.009378644532794208,8
2005-07-29,0.0062069727340362734,5,0.010535436210804612,12,0.009433370661487176,8
2005-08-01,0.006816682230789105,7,0.00677163536442947,3,0.00938503432548279,8
2005-08-02,0.008618479036983585,10,0.0065472744820677985,3,0.009692292934553683,9
2005-08-03,0.008538088680043467,10,0.006427279332138788,3,0.009498565469584703,8
2005-08-04,0.006494038556284247,5,0.006474793498888744,3,0.009496700079214944,8
2005-08-05,0.0059889753222632435,5,0.006276304589115019,2,0.009528536952470254,8
2005-08-08,0.006419305342436758,5,0.006323496158244611,2,0.009402904694855723,8
2005-08-09,0.005810973391807743,4,0.006930722751617492,4,0.00957892061805938,8
2005-08-10,0.006053639141503599,5,0.007049587536236481,4,0.009623593544693356,9
2005-08-11,0.007114993668574906,7,0.0065206992248573676,3,0.00974185176913,9
2005-08-12,0.0067539719522707094,6,0.0060273111919119885,2,0.008812599106471097,6
2005-08-15,0.005357403128461025,3,0.005975562930751817,2,0.008937839570262406,6
2005-08-16,0.005604473241575442,4,0.005904331233647308,2,0.0065802130547761625,2
2005-08-17,0.003254801014932423,0,0.0059114084017639155,2,0.005932904472984,1
2005-08-18,0.003211946369154985,0,0.005846581530219358,2,0.00589006489712023,1
2005-08-19,0.003771724552843792,1,0.005322444994119803,1,0.005887633533184768,1
2005-08-22,0.0037255857427287223,1,0.00435525327518332,0,0.005725808606585437,0
2005-08-23,0.0067895672333577,6,0.00645564912400329,3,0.006473205652887756,1
2005-08-24,0.007756280874772596,9,0.007162996940308417,4,0.0068445122782931946,2
2005-08-25,0.008442588421314024,10,0.00718954437497812,4,0.006962501390548791,2
2005-08-26,0.008273918586603821,10,0.007176915439039337,4,0.0065526107643238555,2
2005-08-29,0.010601907608078012,15,0.00791240977070745,6,0.006742862273579122,2
2005-08-30,0.008887912716003768,11,0.007486497261819785,5,0.006801445307705053,2
2005-08-31,0.008229348290809835,10,0.00867251890667787,8,0.007053438610012459,2
2005-09-01,0.008387064595182066,10,0.008599319254554573,7,0.007057266097595884,2
2005-09-02,0.007683562890350837,9,0.008742875538961838,8,0.007088761983195456,3
2005-09-06,0.0075510299095240254,8,0.009319330159655312,9,0.007215253946634725,3
2005-09-07,0.005232095262670228,3,0.007765381586554456,6,0.006979637086955548,2
2005-09-08,0.004340018436540237,2,0.006204441813924545,2,0.006866023986560803,2
2005-09-09,0.0035705988925632706,1,0.006171900767278384,2,0.006651048607093154,2
2005-09-12,0.004170899936502858,1,0.005880941899212583,2,0.006815176660155655,2
2005-09-13,0.0034573666824839412,0,0.005536858918409219,1,0.006812698141631885,2
2005-09-14,0.004444793911944381,2,0.004870770908192433,0,0.006852906811302016,2
2005-09-15,0.004250728879745449,1,0.004055471568050099,0,0.0066792033360328715,2
2005-09-16,0.005230680290750961,3,0.004225940101660834,0,0.0069047887901485284,2
2005-09-19,0.004771533045588233,2,0.004619816394613617,0,0.00694021072640032,2
2005-09-20,0.005486166723238319,3,0.004671191250713525,0,0.007041393706763048,2
2005-09-21,0.006414519779506943,5,0.005442575737325724,1,0.007275832043547877,3
2005-09-22,0.007548485482730539,8,0.005867056092784731,2,0.0065515904823429255,2
2005-09-23,0.005935026816115338,4,0.0058179811839885395,2,0.005784266085207569,1
2005-09-26,0.006024506095927612,5,0.005322847132280431,1,0.005875701058508896,1
2005-09-27,0.005709061435199412,4,0.005284751543012323,1,0.005736605888798807,1
2005-09-28,0.004132987945393393,1,0.005230073313706371,1,0.005432886558588007,0
2005-09-29,0.004990926142086145,2,0.006074641162897034,2,0.00538736821712689,0
2005-09-30,0.005426428536282394,3,0.005480548876307035,1,0.005062297339265936,0
2005-10-03,0.004929601583729797,2,0.005431957725645664,1,0.005031467294161706,0
2005-10-04,0.005529584433258939,4,0.00534770334917371,1,0.005156975637674966,0
2005-10-05,0.005615117987972589,4,0.00469076320612765,0,0.004856596749579476,0
2005-10-06,0.0028093253136012232,0,0.00412395078441744,0,0.0048545792065910484,0
2005-10-07,0.002641690423903407,0,0.004125250674107959,0,0.004854432325669259,0
2005-10-10,0.0030484687069791128,0,0.004194338922876358,0,0.004927983895426056,0
2005-10-11,0.004815171675989665,2,0.005225172127791865,1,0.00502070709050423,0
2005-10-12,0.004864638808401833,2,0.005263274672975494,1,0.005076260529749898,0
2005-10-13,0.004589529440014146,2,0.0037730778882606414,0,0.005097614834449902,0
2005-10-14,0.006545625169218943,6,0.004743718035253524,0,0.005343821451462885,0
2005-10-17,0.006666842267317256,6,0.00489795839965112,0,0.005004933894299119,0
2005-10-18,0.0062068662015788,5,0.005257452815725431,1,0.005237947727560837,0
2005-10-19,0.007588711152362592,8,0.006420340081544042,2,0.00564800317959146,0
2005-10-20,0.009591993180601246,13,0.007131087984645016,4,0.006045500037092731,1
2005-10-21,0.008349788778344436,10,0.007124249294465251,4,0.005721309541112381,0
2005-10-24,0.01201752481610635,18,0.009294952371923505,9,0.006886700559263906,2
2005-10-25,0.01093422037380758,16,0.008744688014396656,8,0.006874078983604479,2
2005-10-26,0.011082383098588833,16,0.009022042563696858,8,0.0072468397313347095,3
2005-10-27,0.008821536324390705,11,0.009334957981673766,9,0.007349746937481825,3
2005-10-28,0.008523678990986333,10,0.009642272750148034,10,0.007391906821403024,3
2005-10-31,0.007388900968070056,8,0.009470733271932095,9,0.007391612783049041,3
2005-11-01,0.00904478536541136,11,0.009529254808830866,9,0.00762647926491676,4
2005-11-02,0.007580630334324677,8,0.00917589735028092,9,0.007612818191137173,3
2005-11-03,0.0072061275605888675,7,0.007973744570174544,6,0.007621806135066718,4
2005-11-04,0.004845017725864622,2,0.007896279377751019,6,0.007616882202058749,3
2005-11-07,0.009821858835644655,13,0.008196338418926035,7,0.008565160634840259,5
2005-11-08,0.007636974298769847,8,0.008197160283049612,7,0.008501450101051971,5
2005-11-09,0.007572518215293223,8,0.0078020160674620006,6,0.008143462326657483,5
2005-11-10,0.008202862485077931,10,0.008885083624902725,8,0.008817468086172285,6
2005-11-11,0.007788696406624934,9,0.008660770739947435,7,0.008831437537935846,6
2005-11-14,0.006602759903345543,6,0.008290943368677518,7,0.008798228279771302,6
2005-11-15,0.011154876903492228,17,0.009019919781273776,8,0.009247091868576498,7
2005-11-16,0.011289209930392294,17,0.00911189146155263,9,0.00893265719051582,6
2005-11-17,0.007506241909791867,8,0.00878992317871956,8,0.008828429658207869,6
2005-11-18,0.008345339370075665,10,0.008859065688567693,8,0.0081906339368555,5
2005-11-21,0.008159032851362989,9,0.0078029166134320265,6,0.008130260686810706,5
2005-11-22,0.003952176562651919,1,0.007897689633305654,6,0.007691301292253116,4
2005-11-23,0.0031534128421083405,0,0.007982140271725257,6,0.007749723609267836,4
2005-11-25,0.0034230938061566812,0,0.006244323962700807,2,0.007610646149561897,3
2005-11-28,0.005371612235277176,3,0.006694274172489496,3,0.007563507487294093,3
2005-11-29,0.00647331520295813,5,0.006974713908681871,4,0.007595762260794467,3
2005-11-30,0.007660746820619215,8,0.0067539294049015096,3,0.008120773271715205,5
2005-12-01,0.006907857042419319,7,0.006867503459730474,3,0.007733708090739387,4
2005-12-02,0.0062003951589907486,5,0.006898726814642389,4,0.007815429000234674,4
2005-12-05,0.006446361288240498,5,0.0062949803365411556,2,0.0077251980556291835,4
2005-12-06,0.006364569292667051,5,0.006282168611401057,2,0.007746864202114349,4
2005-12-07,0.0037877716049263405,1,0.005805530933229163,2,0.007102448676098547,3
2005-12-08,0.002632763180331484,0,0.004936605568169449,0,0.007229137306490587,3
2005-12-09,0.00512563420677157,3,0.0056917023105931535,1,0.007346139493969079,3
2005-12-12,0.005564908251394371,4,0.005708598015971049,1,0.006315292246487491,1
2005-12-13,0.00926592081218412,12,0.007667267089822643,5,0.007019991864024786,2
2005-12-14,0.008602834520350761,10,0.006494672306652301,3,0.006998789394852878,2
2005-12-15,0.010495448797622937,15,0.00750673418923735,5,0.006892764139973753,2
2005-12-16,0.010154506325881654,14,0.007615587508860973,5,0.006945800465396061,2
2005-12-19,0.010052028661544586,14,0.007793720792094593,6,0.007002837560886861,2
2005-12-20,0.006667723102576988,6,0.007793710456808367,6,0.006721660139885366,2
2005-12-21,0.006248822472076957,5,0.007626794770182948,5,0.006716241022449626,2
2005-12-22,0.0035617718774170514,0,0.0074740622327937965,5,0.00649569428812351,1
2005-12-23,0.002283106804197267,0,0.007056856772741873,4,0.006215898747821088,1
2005-12-27,0.005636955373851887,4,0.007989370223746637,6,0.006666824528518356,2
2005-12-28,0.005408231869747015,3,0.0058295388587171655,2,0.006648603992545158,2
2005-12-29,0.005629599811449428,4,0.005650428328085997,1,0.006630737476546803,2
2005-12-30,0.005666912020428595,4,0.004744065878892894,0,0.0061812281545041425,1
2006-01-03,0.010104726264088372,14,0.006918172556309712,4,0.006953289284661534,2
2006-01-04,0.012252168143583838,19,0.009008437053428384,8,0.008083310618470561,4
2006-01-05,0.012395641324970232,20,0.00922385015596774,9,0.008156356539266508,5
2006-01-06,0.012364393979872563,19,0.009196819980977076,9,0.008153234106440189,5
2006-01-09,0.012567463258447785,20,0.009261632398851534,9,0.008174209184522508,5
2006-01-10,0.009376176536983555,12,0.009350030014160517,9,0.008156431536824917,5
2006-01-11,0.005197088798218422,3,0.0090656567853092,8,0.008188858579006784,5
2006-01-12,0.005022477958752489,3,0.00893224316615867,8,0.008115945321823975,4
2006-01-13,0.005303660257157607,3,0.008985236999023441,8,0.007337537045732663,3
2006-01-17,0.007035782781943533,7,0.009609002793287809,10,0.007542885158757483,3
2006-01-18,0.006856384318297083,7,0.007838256517672462,6,0.00720784555049086,3
2006-01-19,0.004811169323957784,2,0.0059125937601875135,2,0.007262456794793469,3
2006-01-20,0.018871196096874474,32,0.015385201073316356,24,0.012320423551261665,15
2006-01-23,0.020612734407784564,35,0.015826728567009347,25,0.012490640501137285,15
2006-01-24,0.021360784441987326,36,0.01592730027642561,25,0.012475096691937549,15
2006-01-25,0.022151999993002578,37,0.016029863771844528,25,0.01259277068327172,16
2006-01-26,0.024947790657900613,40,0.016941448978024215,27,0.013293527330001277,17
2006-01-27,0.007592973380653991,8,0.016857682249372726,27,0.013103340859211946,17
2006-01-30,0.007969198052352609,9,0.016878227970561877,27,0.013095743305256029,17
2006-01-31,0.008840984066313708,11,0.016762942213911794,26,0.01308691657354615,17
2006-02-01,0.009336341442963471,12,0.016748698332426766,26,0.01310642578837308,17
2006-02-02,0.00963556424704075,13,0.01796722783750566,29,0.013335076735925825,17
2006-02-03,0.009677441502913603,13,0.010666861879212793,13,0.012920638595586674,16
2006-02-06,0.010389287657926195,15,0.01038412051507833,12,0.012851624392772832,16
2006-02-07,0.010564162007497992,15,0.010362742652536809,12,0.012829347961913715,16
2006-02-08,0.012215994291925126,19,0.010536531364877538,12,0.013024444520224958,16
2006-02-09,0.005497613334667862,3,0.009259093629068023,9,0.013246166992774065,17
2006-02-10,0.004613785348010913,2,0.009467097521824097,9,0.01305889416173025,16
2006-02-13,0.006510060393280888,6,0.009549915347879174,10,0.013043177632305883,16
2006-02-14,0.006507216899115944,6,0.010203356844435933,11,0.013344414404219922,17
2006-02-15,0.0064234048976708836,5,0.010137287167741277,11,0.013287153271727968,17
2006-02-16,0.0056632449011157805,4,0.0052623609176424765,1,0.013356026599480639,17
2006-02-17,0.006435732928168698,5,0.005473025302349291,1,0.013277789555222045,17
2006-02-21,0.005370681377306485,3,0.005626670306080675,1,0.008293205458602005,5
2006-02-22,0.007546446605974874,8,0.0066854192842746895,3,0.008812932225139786,6
2006-02-23,0.007882017413804822,9,0.006825678986073774,3,0.008830799814457257,6
2006-02-24,0.00783362401179036,9,0.006468031106774823,3,0.008785162365698687,6
2006-02-27,0.007374477496292852,8,0.006551595917453361,3,0.007967890093633688,4
2006-02-28,0.008882090987883113,11,0.006951086468728933,4,0.008166230740456585,5
2006-03-01,0.004580341035541008,2,0.006402953432948955,2,0.008209346397723593,5
2006-03-02,0.006061289316465469,5,0.007256752155911513,4,0.008437983400562924,5
2006-03-03,0.005607246558122518,4,0.007106759096253131,4,0.008382855053445418,5
2006-03-06,0.006582122800955443,6,0.007156675940777228,4,0.006270972987301618,1
2006-03-07,0.006803096611257649,7,0.00746915625180593,5,0.00633370877908048,1
2006-03-08,0.007203083085787863,7,0.005802820164659951,2,0.0064108716276526515,1
2006-03-09,0.005039382137775186,3,0.005908579046669478,2,0.006464849078675043,1
2006-03-10,0.005487188275565974,3,0.006927509246470307,4,0.006677270186711402,2
2006-03-13,0.0065430990751924245,6,0.006997376346149361,4,0.00650990252100896,1
2006-03-14,0.00661775821696663,6,0.00654943061806564,3,0.006626009453129592,2
2006-03-15,0.007033503627586172,7,0.006723763787298413,3,0.006508972783833469,1
2006-03-16,0.006549036910658233,6,0.005577100665341744,1,0.006348354587706185,1
2006-03-17,0.005169872260092804,3,0.005243791509451357,1,0.006340124095156583,1
2006-03-20,0.004590831907560661,2,0.0053480108272106475,1,0.006311036455927527,1
2006-03-21,0.004312617171753833,1,0.00552628231410242,1,0.006290600200649192,1
2006-03-22,0.005317112753435856,3,0.005922524414620987,2,0.006525592964693508,1
2006-03-23,0.004877779786238587,2,0.005513674356478675,1,0.00571049016120831,0
2006-03-24,0.004901084375295388,2,0.004749481118958771,0,0.005679073766302884,0
2006-03-27,0.00542581846892707,3,0.004792641233094181,0,0.005766589473428165,1
2006-03-28,0.004905216211426712,2,0.0044196726684724,0,0.005755257533989947,1
2006-03-29,0.0021627201484646125,0,0.004134432854860119,0,0.005319720503721372,0
2006-03-30,0.0034396482084110614,0,0.0044930659102321475,0,0.005614305701849352,0
2006-03-31,0.0031318952333873754,0,0.004445560427286184,0,0.005033112646356776,0
2006-04-03,0.0040659301101943395,1,0.004639415050117058,0,0.004974678565027095,0
2006-04-04,0.008964385066833617,11,0.0068315280477967855,3,0.005988809897445245,1
2006-04-05,0.00894406304892708,11,0.0063131863753853375,2,0.005899987376608885,1
2006-04-06,0.00927377458897812,12,0.0070056740651873554,4,0.006232270927878258,1
2006-04-07,0.00963253842974878,13,0.007120311438487166,4,0.006228100951188995,1
2006-04-10,0.009761665565935341,13,0.007246556485123085,4,0.005929661634458582,1
2006-04-11,0.006442553321216691,5,0.00793999875282458,6,0.006306681718120715,1
2006-04-12,0.0067514033387545335,6,0.007993637252688635,6,0.006145104170070905,1
2006-04-13,0.007634840393080816,8,0.008051113009631357,6,0.006371919390277606,1
2006-04-17,0.007382178749141028,8,0.008109550400196498,6,0.006357130798023073,1
2006-04-18,0.007221798726361711,7,0.008095234401548483,6,0.006364747006879314,1
2006-04-19,0.005447070169564919,3,0.006522274755537432,3,0.006504965127176693,1
2006-04-20,0.005504069124998943,4,0.006530476237876732,3,0.006417838972715175,1
2006-04-21,0.005263983861303823,3,0.006205449342726755,2,0.00629124552236025,1
2006-04-24,0.003923300115119075,1,0.0060257463934961005,2,0.006279461769574184,1
2006-04-25,0.005043288204344828,3,0.00680892603421859,3,0.006758399838891739,2
2006-04-26,0.006754528852056672,6,0.00639526413932281,2,0.006856045337965282,2
2006-04-27,0.008191398030835191,10,0.006837376119686116,3,0.007081999116428904,3
2006-04-28,0.01806231098607386,31,0.013272713978325234,19,0.01070957482718602,11
2006-05-01,0.019608334361027407,34,0.01392128307961819,21,0.01083345124889478,11
2006-05-02,0.017365275178528167,30,0.013921729562241154,21,0.010808118625948252,11
2006-05-03,0.01741597611336129,30,0.013680332335879371,20,0.010819527079934464,11
2006-05-04,0.019239787358704578,33,0.014271656775054658,21,0.010585879062639882,11
2006-05-05,0.01230259147799121,19,0.014948385576941342,23,0.01135656699303215,13
2006-05-08,0.011187197009352777,17,0.015150167811068515,23,0.011192790531666778,12
2006-05-09,0.011194662394601044,17,0.014123186950070575,21,0.011102917052888822,12
2006-05-10,0.01125230300293617,17,0.014295557974754696,21,0.011108354685300047,12
2006-05-11,0.01322212507192862,22,0.015761695244779047,24,0.011556502502274878,13
2006-05-12,0.007816981148971764,9,0.010442014864553784,12,0.011843949286050625,14
2006-05-15,0.010713113749836158,16,0.010714659322581272,13,0.01188585951626002,14
2006-05-16,0.010329460862355313,15,0.010675904687374184,13,0.011836761450219498,14
2006-05-17,0.011295705603055201,17,0.011379988240992572,15,0.012304954425471578,15
2006-05-18,0.009686625241684711,13,0.01108060080218257,14,0.012253174522522638,15
2006-05-19,0.008971069029260082,11,0.008321689400609317,7,0.012253120907400866,15
2006-05-22,0.006636131994413955,6,0.008401642082892088,7,0.012160435783705995,15
2006-05-23,0.006496300764791391,5,0.008148738425219071,6,0.012261432919859285,15
2006-05-24,0.003605483588804669,1,0.00836145484961302,7,0.011961782424693822,14
2006-05-25,0.005276251097040347,3,0.007712994884539362,5,0.01201928649658314,14
2006-05-26,0.006581022476220149,6,0.00769663416897102,5,0.012078502196131734,14
2006-05-30,0.00925237535947611,12,0.007808452177210189,6,0.009144530333274949,7
2006-05-31,0.008472036856770017,10,0.008084763909913724,6,0.009010840340796718,7
2006-06-01,0.009098049547926888,12,0.007136805424984698,4,0.009301372890815108,7
2006-06-02,0.008930055133227461,11,0.007087838909451985,4,0.009335214598867029,7
2006-06-05,0.010213611294713605,14,0.00824404832699063,7,0.009386547968117038,8
2006-06-06,0.008009553182708531,9,0.008244644415465864,7,0.008256598990342345,5
2006-06-07,0.007894794795437312,9,0.007725324498733994,5,0.008265392858034739,5
2006-06-08,0.006472243754234385,5,0.007780675309202671,6,0.008215950839839534,5
2006-06-09,0.005751589471697947,4,0.0077176601168287805,5,0.008245901647377483,5
2006-06-12,0.005170712684309709,3,0.007667731608451546,5,0.007670344847994262,4
2006-06-13,0.010306421784119911,15,0.009985511552707105,11,0.00889750131063811,6
2006-06-14,0.008628951953746074,10,0.009836624815568858,10,0.008653901806625765,6
2006-06-15,0.014920121816462122,26,0.011229481030863709,14,0.009694177589730013,9
2006-06-16,0.014907326677047103,26,0.010877224205233982,13,0.009291724070986029,7
2006-06-19,0.015067474261302742,26,0.010935350559187432,13,0.00958021103706191,8
2006-06-20,0.012165086091012606,19,0.011016665624435746,14,0.009626410446541502,9
2006-06-21,0.011719153254328304,18,0.011345563890321195,14,0.009789210338767299,9
2006-06-22,0.0076707592338500045,8,0.01129318826249997,14,0.009733918145825408,9
2006-06-23,0.008076781302416038,9,0.01141997426152924,15,0.009884082171037822,9
2006-06-26,0.008453228461858262,10,0.012290104382128028,17,0.010063998413004946,10
2006-06-27,0.010131340716728299,14,0.010554968555497373,12,0.009987471377878013,9
2006-06-28,0.009224154324577077,12,0.010228156713550197,11,0.009777828425349345,9
2006-06-29,0.013680644456972231,23,0.010783701748229645,13,0.01083451237562736,11
2006-06-30,0.014517995802167203,25,0.011356520553488045,15,0.010828388263499175,11
2006-07-03,0.01509974451219598,26,0.011544724474594151,15,0.011294149347909701,13
2006-07-05,0.013138829018285345,22,0.011541265112417444,15,0.011095252443319584,12
2006-07-06,0.01300822702779215,21,0.011448229803181132,15,0.011145886675801794,12
2006-07-07,0.010220061537575969,14,0.0114322349867991,15,0.011126046321995662,12
2006-07-10,0.0069516450460138214,7,0.010798404350651025,13,0.011204334997644269,12
2006-07-11,0.004079769678263325,1,0.010428529230961025,12,0.011249658646032605,12
2006-07-12,0.009184018165376043,12,0.011137702037403545,14,0.011598361373027449,13
2006-07-13,0.01157661812422982,18,0.013127416401533993,19,0.011321652707555379,13
2006-07-14,0.01153099209121417,17,0.010928135936689603,13,0.011245079425672261,12
2006-07-17,0.011920249890732135,18,0.01271424031766448,18,0.011624258416120258,13
2006-07-18,0.011188265760970609,17,0.011251991521301371,14,0.011637464519255097,13
2006-07-19,0.01633145926460964,29,0.012853222328411322,18,0.011977230339557764,14
2006-07-20,0.01456665028255123,25,0.012478962835751294,17,0.01194322701348763,14
2006-07-21,0.014487608814601451,25,0.01247914029507432,17,0.011803037990757648,14
2006-07-24,0.008421904241875252,10,0.01312417002884599,19,0.012098903232958081,14
2006-07-25,0.008693572915644081,11,0.012814162804388534,18,0.011948878543370903,14
2006-07-26,0.006054799863042451,5,0.012291301444914915,17,0.011643659168138839,14
2006-07-27,0.006378095260826088,5,0.010806130730845511,13,0.01143472057788147,13
2006-07-28,0.010491250661845985,15,0.012757772914517258,18,0.01239592767172685,15
2006-07-31,0.010302491308153519,15,0.008885512254506714,8,0.011465992147630296,13
2006-08-01,0.010081696561239605,14,0.008880561700884576,8,0.011165401401639588,12
2006-08-02,0.009967967095910645,14,0.008029041345886211,6,0.010702171789138152,11
2006-08-03,0.010091106185231747,14,0.008237466601623982,7,0.010752814513235088,11
2006-08-04,0.0038811849463936295,1,0.007950821480511946,6,0.010675271906712386,11
2006-08-07,0.004823539389083921,2,0.007860308814088937,6,0.010707078601841995,11
2006-08-08,0.004354560305238793,2,0.007833634805408864,6,0.010633049601635905,11
2006-08-09,0.0047902271633780405,2,0.00867363506353807,8,0.010705802782099814,11
2006-08-10,0.005481877461170124,3,0.008488574944575325,7,0.010260166637492336,10
2006-08-11,0.005590475918720869,4,0.005064074946071334,0,0.009430759578268699,8
2006-08-14,0.005872037434386398,4,0.005153004521405396,0,0.009340626679452077,7
2006-08-15,0.009558931381564844,13,0.007034548351825378,4,0.007909847301989395,4
2006-08-16,0.007597961063009687,8,0.006926154235672214,4,0.007905925409882763,4
2006-08-17,0.007656348690758983,8,0.0067242756413494476,3,0.007322180298693958,3
2006-08-18,0.005886907165969599,4,0.006724267388254152,3,0.007258424343356707,3
2006-08-21,0.006508675538791696,6,0.006484910852272418,3,0.007209033091143812,3
2006-08-22,0.0018975740008701854,0,0.006500518464389368,3,0.006879480445331511,2
2006-08-23,0.0021777767263116694,0,0.005461513792941479,1,0.006891904045933317,2
2006-08-24,0.0024947110025597503,0,0.0054602851903863,1,0.006901541498856496,2
2006-08-25,0.0026919850681593744,0,0.00476746676837586,0,0.006805512771937323,2
2006-08-28,0.004683773597564404,2,0.005356129776185343,1,0.005402543651016236,0
2006-08-29,0.004117909873538221,1,0.003516610033476773,0,0.005413232813598676,0
2006-08-30,0.0041940532782452685,1,0.0036884933425936975,0,0.005452412204565031,0
2006-08-31,0.005349183097508453,3,0.0040688783767362504,0,0.005478192663534236,0
2006-09-01,0.005012555219976914,3,0.004075136325491771,0,0.005318132913162048,0
2006-09-05,0.003220343163345771,0,0.003857653917250684,0,0.005317823962613308,0
2006-09-06,0.004298569139013054,1,0.004487167303997837,0,0.005336527332226913,0
2006-09-07,0.0052261471728184345,3,0.00606562007697485,2,0.006006817596473641,1
2006-09-08,0.006219331670963331,5,0.006101904231012543,2,0.005566753263380939,0
2006-09-11,0.0068473537001040845,7,0.006198196725040406,2,0.0055941436098274665,0
2006-09-12,0.006892862772639157,7,0.005304954010769183,1,0.005298809879317867,0
2006-09-13,0.007211701696128028,7,0.005634673077813417,1,0.005409420689054162,0
2006-09-14,0.002513071907888084,0,0.00533303490765548,1,0.004538154301825209,0
2006-09-15,0.0033369919360415803,0,0.0052638818363229594,1,0.004564681862137582,0
2006-09-18,0.004331815233716504,2,0.005908478831222023,2,0.004848092601018638,0
2006-09-19,0.0042867838705923774,1,0.00593324286582772,2,0.0048543356334221615,0
2006-09-20,0.003934105538179673,1,0.005550867679417013,1,0.004831817641623848,0
2006-09-21,0.004553764159772475,2,0.0035213673223881397,0,0.004889110219267027,0
2006-09-22,0.00532636477553735,3,0.00420455596803866,0,0.005053695108879782,0
2006-09-25,0.006576087655058192,6,0.005264449233350983,1,0.005568024465292766,0
2006-09-26,0.00659211762939122,6,0.005257052555615979,1,0.005536265568619123,0
2006-09-27,0.007191857887460399,7,0.005578882632429126,1,0.005376786342443995,0
2006-09-28,0.0070034864476316095,7,0.005600699822970125,1,0.005367249299582513,0
2006-09-29,0.007041360156232641,7,0.00589345970414664,2,0.005403480933255231,0
2006-10-02,0.0034909093413492136,0,0.005466999808280299,1,0.00540998289238267,0
2006-10-03,0.007301104700678752,8,0.006708011180470487,3,0.006008950601766578,1
2006-10-04,0.01060261132419293,15,0.008791229261374206,8,0.007187446743922491,3
2006-10-05,0.010600632988071757,15,0.008670122468721082,7,0.007008398482263505,2
2006-10-06,0.0095037367946245,12,0.008285426651692861,7,0.00628392746112048,1
2006-10-09,0.008636467019403096,11,0.007731041450934512,5,0.006290846423182083,1
2006-10-10,0.009185048692770065,12,0.008032957426846647,6,0.00647434032725209,1
2006-10-11,0.004201549439797715,1,0.008406668654521637,7,0.0068682374046454015,2
2006-10-12,0.00410658761329092,1,0.008534537405760594,7,0.006863088478201216,2
2006-10-13,0.004957420499018084,2,0.008340529080138572,7,0.006891303007355834,2
2006-10-16,0.004647491374380662,2,0.008409208727162696,7,0.006970012368710677,2
2006-10-17,0.004615382278925267,2,0.007541136033558417,5,0.006795968895849315,2
2006-10-18,0.003920473987474792,1,0.003947303546560192,0,0.006804620797752836,2
2006-10-19,0.004516866387208762,2,0.004198824037497056,0,0.0069120880776586575,2
2006-10-20,0.003758483953378015,1,0.004166794082730894,0,0.006879323172582378,2
2006-10-23,0.007706852968630357,9,0.006674994700511592,3,0.007413570250828077,3
2006-10-24,0.007840040180058303,9,0.006558972698569333,3,0.007044534461144712,2
2006-10-25,0.008339469783890824,10,0.0064101139656146,2,0.00721567507698211,3
2006-10-26,0.0070969739138224165,7,0.0062126075493237785,2,0.007101815707307881,3
2006-10-27,0.009264389047615494,12,0.006944314256180601,4,0.007430715726322224,3
2006-10-30,0.006345706863568798,5,0.00695916677041834,4,0.00741455837052357,3
2006-10-31,0.006420621509309998,5,0.0069279154865763085,4,0.007355464396368598,3
2006-11-01,0.0040001656147625984,1,0.006882756804972455,4,0.0068787012916606835,2
2006-11-02,0.004072209140962602,1,0.006946376333905393,4,0.0055342321095657905,0
2006-11-03,0.0029995985698257647,0,0.006987570162255945,4,0.00554717572581538,0
2006-11-06,0.007433267525273029,8,0.006636112827974924,3,0.006321843893313542,1
2006-11-07,0.007740483728220177,9,0.006833962725839278,3,0.006448866340414604,1
2006-11-08,0.0075932384404166775,8,0.006301855045554683,2,0.006380590952199896,1
2006-11-09,0.005921792957059244,4,0.0063156600806684275,2,0.006081627114354276,1
2006-11-10,0.005128644456672277,3,0.005501183132509643,1,0.006004856710143639,1
2006-11-13,0.0019205293809707522,0,0.005174634519671287,1,0.005953104913702753,1
2006-11-14,0.0005166161301063246,0,0.005173211117650039,1,0.005849024730981981,1
2006-11-15,0.002883446822516223,0,0.0055517441296306785,1,0.0059757876845795525,1
2006-11-16,0.003441269332465897,0,0.004883404527189719,0,0.005998755240106063,1
2006-11-17,0.0036321614580673315,1,0.004576574381598768,0,0.00580639053653108,1
2006-11-20,0.003722088146249659,1,0.0029329460698846606,0,0.00582760746175815,1
2006-11-21,0.0038160892622083726,1,0.002704537300490248,0,0.004978123393878397,0
2006-11-22,0.0028384345527633294,0,0.002823282816985919,0,0.004975101355113018,0
2006-11-24,0.004943531577450676,2,0.004100798150795668,0,0.005052527054591607,0
2006-11-27,0.005112264891561187,3,0.004749040428189776,0,0.005334445662172357,0
2006-11-28,0.005080013117607114,3,0.004904111771633899,0,0.005155852254151345,0
2006-11-29,0.0070412271826706535,7,0.005488864887854095,1,0.005273672033107403,0
2006-11-30,0.006167059018087429,5,0.005481178348868841,1,0.005385945893930286,0
2006-12-01,0.005666877787392767,4,0.005162378748527745,1,0.005444073369528146,0
2006-12-04,0.008429075420142946,10,0.006912873345097196,4,0.0059556841047175325,1
2006-12-05,0.008248792295509346,10,0.007853214808681475,6,0.006281018663472104,1
2006-12-06,0.008207106915236692,10,0.008016397396242448,6,0.005774026640894031,1
2006-12-07,0.007227570072830108,7,0.007968798124964014,6,0.005687579157652471,0
2006-12-08,0.008850834717773693,11,0.010005462820691015,11,0.007480570306618481,3
2006-12-11,0.009947102556168801,14,0.010399766810879544,12,0.008512935397403094,5
2006-12-12,0.014454734589298291,25,0.011210873642069474,14,0.009045165864776676,7
2006-12-13,0.014670434268306776,25,0.011277184307524656,14,0.009044925708281299,7
2006-12-14,0.014425215287389955,25,0.011059195523128302,14,0.009514534765177532,8
2006-12-15,0.013531447474408013,23,0.010802719156003223,13,0.009939938410744297,9
2006-12-18,0.014839340385193711,26,0.011944106752773503,16,0.011040591675521077,12
2006-12-19,0.01208522792846823,19,0.012766743044823026,18,0.011179655676590199,12
2006-12-20,0.01266027428385443,20,0.013145391801543433,19,0.011176999025004228,12
2006-12-21,0.014523612358097312,25,0.013747490968171046,20,0.011366560921730825,13
2006-12-22,0.013307190327014643,22,0.013129344386912049,19,0.011488737236437552,13
2006-12-26,0.006818174589616118,7,0.012267416133148887,17,0.01120869091594617,12
2006-12-27,0.012583403361557756,20,0.012188603804716563,17,0.011537392489244059,13
2006-12-28,0.013934857617359528,23,0.013243639214075753,19,0.011703330973560435,14
2006-12-29,0.013320156708529134,22,0.013217122741290803,19,0.011867002876990397,14
2007-01-03,0.014019699846205099,24,0.012893160767529777,18,0.012001358429373487,14
2007-01-04,0.013447712003109428,22,0.010065207467122679,11,0.01197120339393936,14
2007-01-05,0.002765785153056836,0,0.010127243803575737,11,0.012059990503224153,14
2007-01-08,0.004924020651318562,2,0.010293430158375834,11,0.01198890493883451,14
2007-01-09,0.005564026128222444,4,0.01041564327994441,12,0.012308834287661139,15
2007-01-10,0.005561161768997612,4,0.010658120110988023,13,0.012525959290500219,15
2007-01-11,0.005978846712953308,5,0.009945814811411269,10,0.011724374332237907,14
2007-01-12,0.006572609100692385,6,0.005305494348403977,1,0.01101420649592857,12
2007-01-16,0.0071249283667771945,7,0.005867433398499502,2,0.010642701285122817,11
2007-01-17,0.006672575664768735,6,0.006068458406180678,2,0.01083162630532113,11
2007-01-18,0.00525459255417995,3,0.005752106545983202,2,0.01040470374462839,10
2007-01-19,0.0052718143511087095,3,0.005812069459683749,2,0.00966518655621905,9
2007-01-22,0.005205517096388854,3,0.005745489870456342,2,0.007850741194043357,4
2007-01-23,0.004184279004191961,1,0.005508498882062407,1,0.007844734705330375,4
2007-01-24,0.0036371693698150137,1,0.005204557279900986,1,0.007983247266492823,4
2007-01-25,0.008966309587455173,11,0.007066164261703331,4,0.008610486329847972,5
2007-01-26,0.011372651259653064,17,0.008361801622852744,7,0.009126877078414539,7
2007-01-29,0.012335285915847856,19,0.009096587886929651,9,0.00912499194445901,7
2007-01-30,0.012584263949377348,20,0.008842277518291263,8,0.00734845509612007,3
2007-01-31,0.014504310644737,25,0.009971650554267634,10,0.008074918405669457,4
2007-02-01,0.012107764035551657,19,0.010341697649321094,11,0.008187303312583927,5
2007-02-02,0.01054732532160718,15,0.010346475170211152,12,0.008017921175297189,4
2007-02-05,0.00851774991141673,10,0.010306984110253842,11,0.008000880739153414,4
2007-02-06,0.008509430308344893,10,0.01027288656487376,11,0.0079572234832165,4
2007-02-07,0.004130417696554393,1,0.01009978508907317,11,0.007876782687863983,4
2007-02-08,0.004957223058102336,2,0.00898082506926367,8,0.007908565060443176,4
2007-02-09,0.0094941698208656,12,0.009769644796717181,10,0.008784043991829745,6
2007-02-12,0.009326167248876189,12,0.009280299942035355,9,0.008782769109627855,6
2007-02-13,0.00970660194148723,13,0.009371211596872287,9,0.00882261816592105,6
2007-02-14,0.011370765108863016,17,0.008142123599572762,6,0.008898146209046881,6
2007-02-15,0.010798290382558383,16,0.007922319058426238,6,0.008775523450731109,6
2007-02-16,0.004317774236098835,1,0.007929583617392724,6,0.008785289572229482,6
2007-02-20,0.004213618703331738,1,0.007930217654748748,6,0.008781062517997188,6
2007-02-21,0.006114727955799197,5,0.008036003667802136,6,0.00890388717516309,6
2007-02-22,0.003813871694316683,1,0.008001488791860828,6,0.008897007863900621,6
2007-02-23,0.004467197793716225,2,0.007802576327123282,6,0.008805503862998049,6
2007-02-26,0.009499425595377331,12,0.008103128750648768,6,0.009177827095799727,7
2007-02-27,0.01691828235372786,29,0.014464376330537678,22,0.011844936990537914,14
2007-02-28,0.017274133433589273,30,0.013993018293193231,21,0.011721488652468044,14
2007-03-01,0.020985798164529446,36,0.014715641834740651,22,0.012234748793974171,15
2007-03-02,0.020165064107447384,35,0.015325367219854646,23,0.012117313518693159,15
2007-03-05,0.019906146947392178,34,0.015289069122601162,23,0.012294998034547424,15
2007-03-06,0.02017683106360148,35,0.018957528105304853,31,0.014128402383089439,19
2007-03-07,0.020356324688989083,35,0.018951883013535537,31,0.014095342073985408,19
2007-03-08,0.019157574708140744,33,0.019323250982990658,31,0.01415371479963299,19
2007-03-09,0.01595413525239924,28,0.019086500324668305,31,0.014126167010491847,19
2007-03-12,0.013413728588236735,22,0.01853723958585932,30,0.014108669821009525,19
2007-03-13,0.01459642897674104,25,0.017046720477605484,27,0.015062383480974415,20
2007-03-14,0.015893035990350825,28,0.017348832007561894,28,0.015220987500344726,21
2007-03-15,0.019548754654943577,34,0.018252385057637197,29,0.01609060071689074,22
2007-03-16,0.02014388280620618,35,0.017299761693718663,28,0.015958760405954876,22
2007-03-19,0.021084263663253753,36,0.0169148315990154,27,0.016258821070215555,23
2007-03-20,0.012240835890496335,19,0.014946280960407532,23,0.016595032903875616,23
2007-03-21,0.015026039884733083,26,0.01692667742528773,27,0.017863566494232715,27
2007-03-22,0.015215086649482056,26,0.017062610274947876,27,0.01781084466615622,27
2007-03-23,0.012626571237169868,20,0.017023899352860333,27,0.017808815479708168,27
2007-03-26,0.013632528259661686,23,0.017132559876228394,27,0.017777293486329997,27
2007-03-27,0.014627636035940342,25,0.013097835085798426,19,0.01736601888527734,26
2007-03-28,0.00298016036490685,0,0.013235942240242365,19,0.015016831685041117,20
2007-03-29,0.006487865197405281,5,0.011904208672875139,16,0.015073141640921663,20
2007-03-30,0.00648037429539852,5,0.010885010924653209,13,0.014778895216475827,20
2007-04-02,0.006717824398573461,6,0.010935782285386667,13,0.013972409097176433,18
2007-04-03,0.006160965977737636,5,0.010583092942289828,12,0.013559208173860195,18
2007-04-04,0.006041939551373649,5,0.005410213033509609,1,0.012310204541977586,15
2007-04-05,0.004960230846912927,2,0.00558443314811914,1,0.012192097480735558,15
2007-04-09,0.004870695901043438,2,0.005550494770714501,1,0.01215500932002536,15
2007-04-10,0.006750034453408554,6,0.007380984881103537,5,0.012524094750261281,15
2007-04-11,0.009868033222317975,13,0.00775610038863507,5,0.012862723189947871,16
2007-04-12,0.010027208123485587,14,0.007807585484070301,6,0.01042197606913594,10
2007-04-13,0.009913189314118892,13,0.007394921874557382,5,0.010411651036584287,10
2007-04-16,0.015153989426832439,26,0.010854184391034185,13,0.010845368778091759,11
2007-04-17,0.014664740251746362,25,0.01104042918332761,14,0.010587762731610478,11
2007-04-18,0.013234916367721663,22,0.011124238603026929,14,0.01052407193190428,11
2007-04-19,0.012718465369924319,21,0.011044761037963913,14,0.010328581545146561,10
2007-04-20,0.012188725910455491,19,0.011080506044517503,14,0.00864614395041379,6
2007-04-23,0.007197536798060339,7,0.011440886195766218,15,0.008720072763491179,6
2007-04-24,0.006682341878338078,6,0.010746887746341834,13,0.008816864061122108,6
2007-04-25,0.010146335307091145,14,0.011147466993499725,14,0.009551778843180123,8
2007-04-26,0.0107141296417723,16,0.011263110649982873,14,0.009318002236308834,7
2007-04-27,0.010599467594200874,15,0.01141032178807462,15,0.009360833025992405,8
2007-04-30,0.01023057408880565,14,0.00836535867985508,7,0.00926521042806865,7
2007-05-01,0.009812767452263173,13,0.008213603232856794,7,0.009424446670074162,8
2007-05-02,0.006272891489695573,5,0.007978174888392517,6,0.009235417947819591,7
2007-05-03,0.006813009882708478,7,0.00846644711826457,7,0.009406231645789442,8
2007-05-04,0.0062089875733722525,5,0.008325269027179774,7,0.009375562515822052,8
2007-05-07,0.006687746666641846,6,0.008164351472689109,6,0.009469372361596723,8
2007-05-08,0.003869260307170574,1,0.007945824330337938,6,0.009526720958345437,8
2007-05-09,0.005601209215298178,4,0.0057614886251658205,2,0.009077314150196228,7
2007-05-10,0.009177404516918291,12,0.007939744736044226,6,0.009544273669562963,8
2007-05-11,0.008741731803329066,11,0.007885893162648252,6,0.009521310122790826,8
2007-05-14,0.008755706899604792,11,0.0077634343326550516,5,0.009601864329085661,8
2007-05-15,0.008824630331721236,11,0.0064847575276341185,3,0.00778140258204477,4
2007-05-16,0.021684355951256784,37,0.015060187856256513,23,0.011548844045177527,13
2007-05-17,0.019093927889064985,33,0.014873371342535946,22,0.01148071541171062,13
2007-05-18,0.018695209509695502,32,0.014884455170751239,23,0.011488879158121156,13
2007-05-21,0.01842533148728165,32,0.014846536599339922,22,0.011483944695466503,13
2007-05-22,0.017910870343059382,31,0.014762241555894269,22,0.011382999734636929,13
2007-05-23,0.003386899245959287,0,0.01470150771415693,22,0.011279446810518241,13
2007-05-24,0.0032985303499671456,0,0.013251678014676858,19,0.010622572338457231,11
2007-05-25,0.003253492426462991,0,0.01313645723200681,19,0.010557780652971619,11
2007-05-29,0.0035008547143480354,0,0.013074827354360526,19,0.010564108478449106,11
2007-05-30,0.0037792094105175253,1,0.01294853265772917,18,0.010574166652887252,11
2007-05-31,0.0071467911962552625,7,0.005403699130967014,1,0.010784275876852533,11
2007-06-01,0.007219780438895208,7,0.005394806998302395,1,0.010778569210966626,11
2007-06-04,0.006882020667949427,7,0.005488464171644814,1,0.01078354178573585,11
2007-06-05,0.006899791687701016,7,0.005561780470057229,1,0.010819259336884709,11
2007-06-06,0.005175845094787339,3,0.005749288428611898,2,0.011032330441473934,12
2007-06-07,0.005903779360979279,4,0.006814040816509999,3,0.011485784409248013,13
2007-06-08,0.01175084894045918,18,0.009312015941401488,9,0.011903814963770664,14
2007-06-11,0.012022585155331797,18,0.009252166843585541,9,0.01131029314502624,13
2007-06-12,0.013573337519309342,23,0.010167772683025348,11,0.011872214250839614,14
2007-06-13,0.016967717807444146,30,0.012606304868194366,18,0.012664752382174271,16
2007-06-14,0.014432730530603774,25,0.01209995699093723,16,0.01265760217254618,16
2007-06-15,0.013185900015159716,22,0.012309269431427213,17,0.009022055176914203,7
2007-06-18,0.013246442240850496,22,0.012145530042696284,17,0.009017969715930696,7
2007-06-19,0.008513842041030083,10,0.012168576665923747,17,0.00907345891367511,7
2007-06-20,0.008501088322536167,10,0.012709612275782592,18,0.009603649545693238,8
2007-06-21,0.008799754857973414,11,0.011508622343012403,15,0.009596294792686888,8
2007-06-22,0.012744132760163708,21,0.01298714887388222,18,0.010739863466569698,11
2007-06-25,0.012717141513925289,21,0.013410814943361896,20,0.011025191649085098,12
2007-06-26,0.010024688052995064,14,0.012901679499478225,18,0.01104598610170056,12
2007-06-27,0.014477555286812093,25,0.011526440620463041,15,0.011609862491537861,13
2007-06-28,0.013855532774289012,23,0.011532503054186443,15,0.011484873878830551,13
2007-06-29,0.010888076604222738,16,0.011204712498338452,14,0.011379008948944244,13
2007-07-02,0.010281262139344572,15,0.011755430113041915,16,0.011555192685460585,13
2007-07-03,0.008558903655857934,10,0.011640679845479928,15,0.01160575721699954,13
2007-07-05,0.007188368187479731,7,0.011082691694972197,14,0.011643085103379367,14
2007-07-06,0.007548375101384392,8,0.011064792834913274,14,0.011544057227610358,13
2007-07-09,0.005574612020747211,4,0.008651500690686542,7,0.011107341854911239,12
2007-07-10,0.006888655927439859,7,0.008340639672896872,7,0.01069495368038867,11
2007-07-11,0.007939155164432887,9,0.008137082309188188,6,0.010877502773632076,12
2007-07-12,0.014623006417839831,25,0.011376734924943186,15,0.01212980115370975,15
2007-07-13,0.015501900296967621,27,0.0116544900818554,15,0.011267927795804223,13
2007-07-16,0.01597996736158177,28,0.011299468211809797,14,0.011324876272186852,13
2007-07-17,0.01393418279552899,23,0.011229734488304981,14,0.011306879092273152,13
2007-07-18,0.016894888821995628,29,0.012518207860328109,17,0.011772178099139344,14
2007-07-19,0.007765169563472313,9,0.012661328599058087,18,0.011732473658849206,14
2007-07-20,0.007778204982373879,9,0.01273664889047928,18,0.0114532546364289,13
2007-07-23,0.008878096872598768,11,0.012811325202176458,18,0.011413906110717237,13
2007-07-24,0.012229335795615937,19,0.015576206687650803,24,0.012152161898495198,15
2007-07-25,0.012696803883652545,21,0.015083354326193104,23,0.011892491094781075,14
2007-07-26,0.015292111299993081,27,0.011968068667336258,16,0.013103113566212165,17
2007-07-27,0.015047838412317445,26,0.012111410401574584,16,0.012925071269527726,16
2007-07-30,0.015689748231467526,27,0.0130501127170757,19,0.01304787681677962,16
2007-07-31,0.01304282301451209,21,0.011930038491232973,16,0.013132671604966404,17
2007-08-01,0.014837692587641482,26,0.013020255324629165,19,0.013098823002028885,17
2007-08-02,0.012055829400909041,18,0.014197303458304875,21,0.01326436621176333,17
2007-08-03,0.017299072453249586,30,0.01615702909404827,25,0.014587942340015947,20
2007-08-06,0.033471780046963134,47,0.026820006033379053,42,0.020010726753551682,31
2007-08-07,0.031920625587891174,46,0.025340525047022236,40,0.020085512703661042,32
2007-08-08,0.03212442019462734,46,0.026087393295355477,41,0.02048660855474446,32
2007-08-09,0.043152096725771014,50,0.029882156216359847,44,0.023179575810238058,37
2007-08-10,0.03946603943340701,49,0.029351078993795767,44,0.022061625416777572,35
2007-08-13,0.027112680936000232,42,0.029475695815824314,44,0.02208277754186479,35
2007-08-14,0.026508218067522977,42,0.02979456297319028,44,0.022275955745074325,35
2007-08-15,0.021898270797302676,37,0.02967806279384634,44,0.02215890153223274,35
2007-08-16,0.023579614538382348,39,0.032839971182520196,46,0.02444442641393126,38
2007-08-17,0.025777324606295286,41,0.03143824196619455,45,0.025264506890569638,39
2007-08-20,0.025579748503092845,41,0.026139509789348394,41,0.025274233684264943,40
2007-08-21,0.022812098237067223,38,0.026176094067599926,41,0.02527352709049574,40
2007-08-22,0.022019626122958227,37,0.0255041425371392,40,0.02451386762859265,38
2007-08-23,0.014370887340325586,24,0.01841070478785084,30,0.024513014224235803,38
2007-08-24,0.006787807418334648,6,0.018407010338751476,30,0.023667766817835237,37
2007-08-27,0.008690955677579892,11,0.01884885632372401,31,0.023561530222468628,37
2007-08-28,0.01701265027214466,30,0.021331926267654122,35,0.024784183069095633,39
2007-08-29,0.01965309136533382,34,0.021911559629223427,35,0.024923550951112365,39
2007-08-30,0.01984250321562188,34,0.01755198421813596,28,0.025129783771438315,39
2007-08-31,0.021972234874577286,37,0.015585690054865967,24,0.02525943454675821,39
2007-09-04,0.02212200083721513,37,0.015845728892314854,25,0.024193594501657565,38
2007-09-05,0.01901604162243087,33,0.017468471170190146,28,0.021243353947022325,34
2007-09-06,0.016165988178296575,28,0.016967861123699815,27,0.021207439694493155,34
2007-09-07,0.01519852665477193,26,0.01692191805182169,27,0.02064019422160357,32
2007-09-10,0.01186056538867022,18,0.016646347102297728,26,0.017399040808368852,26
2007-09-11,0.01467054644477884,25,0.017758087878473553,28,0.017787280442959467,27
2007-09-12,0.009432769314000453,12,0.014154304391456755,21,0.01770324051729448,27
2007-09-13,0.010374873695683752,15,0.013574141809618261,20,0.017429379200069497,26
2007-09-14,0.009615964970177283,13,0.012755819462131737,18,0.0174586957740357,26
2007-09-17,0.012261877114240611,19,0.012543505690619591,17,0.014908299152735114,20
2007-09-18,0.024816208125827854,40,0.020851133693567774,34,0.01784543347382335,27
2007-09-19,0.024323598548268207,40,0.01850278874037462,30,0.017749726785104638,27
2007-09-20,0.02833277441262369,43,0.020119715724364322,33,0.01835163264288506,28
2007-09-21,0.02834366878710613,43,0.019961562105951573,33,0.018327397024513366,28
2007-09-24,0.029410819380071052,44,0.021244680771582383,34,0.01877294260366577,29
2007-09-25,0.012035150214190242,18,0.020912752184038187,34,0.018764186534157283,29
2007-09-26,0.013381582805723456,22,0.020827983393927347,34,0.018596059483321634,28
2007-09-27,0.01143247187233272,17,0.020553179508368602,33,0.017003709898742413,24
2007-09-28,0.010564685808161335,15,0.02055299513372126,33,0.016599226496729073,23
2007-10-01,0.01141891800417835,17,0.021062142886446263,34,0.016919312935979345,24
2007-10-02,0.009889318602812015,13,0.013132698188530974,19,0.016683714604992243,24
2007-10-03,0.01026062589936355,15,0.013135585003000244,19,0.01662848700788401,24
2007-10-04,0.011319806834149158,17,0.010988981727477075,14,0.015573198393706416,21
2007-10-05,0.011199945748033053,17,0.011650048026852482,15,0.01564561370743219,21
2007-10-08,0.009257841556723767,12,0.010081485405749206,11,0.015844876655190236,22
2007-10-09,0.009278671564306049,12,0.009891402707141386,10,0.015841023279233295,22
2007-10-10,0.010023392538760272,14,0.010638560740275567,13,0.015766805081532647,22
2007-10-11,0.01583511236089705,27,0.01297737904339448,18,0.01650328602962626,23
2007-10-12,0.015181330651101119,26,0.013375168506414422,20,0.016522976285627794,23
2007-10-15,0.021103742110974044,36,0.015776429862736967,24,0.018219969304954495,28
2007-10-16,0.023681305156160515,39,0.017917009262962524,29,0.019269719232592557,30
2007-10-17,0.024038151716866882,40,0.017796205917500498,28,0.015152901693976845,20
2007-10-18,0.013528616994701937,22,0.018164803611430046,29,0.015489793795578693,21
2007-10-19,0.013421393564453744,22,0.01793768027039383,29,0.016316146558599445,23
2007-10-22,0.017330226853775277,30,0.018903726039197207,31,0.01629314610783731,23
2007-10-23,0.015533804126394187,27,0.018893982023470493,31,0.015959441735309846,22
2007-10-24,0.014950531110860902,26,0.018916063205168993,31,0.016114778125092932,22
2007-10-25,0.014661007117637266,25,0.013826332118408825,20,0.016071832970076135,22
2007-10-26,0.020037329049099304,34,0.020961139374841842,34,0.018079591028558224,27
2007-10-29,0.019886828810014,34,0.019648297504093595,32,0.018123221064488017,28
2007-10-30,0.020870993505142946,36,0.018014786217492612,29,0.017162535277368877,25
2007-10-31,0.01976131467205952,34,0.017986930854775346,29,0.017047712682451054,25
2007-11-01,0.04209564798648688,50,0.029719762725770867,44,0.023488949677514984,37
2007-11-02,0.03304295378521369,46,0.0289593664955241,44,0.023565567835063965,37
2007-11-05,0.031053889276722688,45,0.03047729897759872,45,0.024215750640667402,38
2007-11-06,0.02981011287021916,44,0.030195231377277164,45,0.02428159355483177,38
2007-11-07,0.02453025670608217,40,0.03150419047522678,45,0.02519465897505742,39
2007-11-08,0.01590321405481691,28,0.03147515171914055,45,0.025154743938257836,39
2007-11-09,0.023058342420625485,38,0.026881871734123954,42,0.02389197472071609,37
2007-11-12,0.024511717178254643,40,0.02851420647939595,43,0.024830946272779177,39
2007-11-13,0.04304481472499716,50,0.04101509882735944,49,0.03072821068814866,44
2007-11-14,0.03192704101945742,46,0.04135266848548598,50,0.030553269540751007,44
2007-11-15,0.039207342926641395,49,0.035696152865635405,47,0.031220636899378325,45
2007-11-16,0.04115195024643891,49,0.03560338838908863,47,0.031202980874324302,45
2007-11-19,0.049620657007425815,51,0.03697350741060794,48,0.03255240095884401,46
2007-11-20,0.02408036370892417,40,0.03684817270385526,48,0.032289292731629615,46
2007-11-21,0.018098030568216354,31,0.034780611697272645,47,0.032244103633262765,46
2007-11-23,0.032130842181738554,46,0.03675841433264829,48,0.033791944364161046,47
2007-11-26,0.032797298108262124,46,0.03762924881896587,48,0.03404521258288737,47
2007-11-27,0.024502293214735574,40,0.036907681505869316,48,0.03227906558120269,46
2007-11-28,0.04069985828109598,49,0.03586607911183683,47,0.03663922079981383,48
2007-11-29,0.038120227625533534,48,0.03571944337828318,47,0.03674016638218634,48
2007-11-30,0.038080925336476584,48,0.03619697180840888,48,0.037915947234836586,48
2007-12-03,0.03251737871211271,46,0.035923180151898375,47,0.03428005881435428,47
2007-12-04,0.03318855013112207,46,0.030544328554605198,45,0.03420060248312904,47
2007-12-05,0.022986554331490903,38,0.031189017787728875,45,0.03392189773030427,47
2007-12-06,0.022794523248457807,38,0.029631620786635185,44,0.03391203026345353,47
2007-12-07,0.02068669530114626,35,0.028980202811062124,44,0.03215227185824299,46
2007-12-10,0.01936801839970895,33,0.025372110170390497,40,0.032001854583885894,46
2007-12-11,0.030213267014427128,45,0.030400905335992594,45,0.03361588231374859,47
2007-12-12,0.03345064292075194,47,0.02940027113060299,44,0.035416207201513665,47
2007-12-13,0.028180033064790916,43,0.029642464907853775,44,0.03140854258070909,45
2007-12-14,0.026960394081654845,42,0.02699593012747962,42,0.0313252322803775,45
2007-12-17,0.023587029469347334,39,0.02718375433691134,42,0.03042481248045886,44
2007-12-18,0.020837530951118965,35,0.02710070603676064,42,0.030359290466784185,44
2007-12-19,0.006727072820054792,6,0.02289684407749722,37,0.02774198515795784,42
2007-12-20,0.0059515222447179585,4,0.020318765328562447,33,0.027557701564802268,42
2007-12-21,0.010027872381698597,14,0.02156532340068088,35,0.027340002104466,41
2007-12-24,0.016042072652784085,28,0.02325059169846943,37,0.026966414190458504,41
2007-12-26,0.017106046189216132,30,0.020365486699734175,33,0.026318228082202185,41
2007-12-27,0.021846121283563433,37,0.015381997840016811,24,0.026961531275052766,41
2007-12-28,0.021748099420116903,37,0.015141908701733939,23,0.02237280145580291,35
2007-12-31,0.020745571919626785,35,0.015405115212227462,24,0.022450847734374953,36
2008-01-02,0.012683492044074082,20,0.01577736674637139,24,0.02108824222124147,33
2008-01-03,0.01382770033846838,23,0.01570880913111016,24,0.02113954988639363,33
2008-01-04,0.012066008336481528,19,0.01683601171741183,27,0.021403279662410568,34
2008-01-07,0.012825008905715024,21,0.01691678906546322,27,0.019277342968168933,30
2008-01-08,0.017096907858988313,30,0.01881088800456009,31,0.019347280504747752,30
2008-01-09,0.021306011069822266,36,0.016644707955278205,26,0.01993803685225432,31
2008-01-10,0.025815206633501852,41,0.019676553001524516,32,0.0205717647076478,32
2008-01-11,0.024854693777172452,40,0.01939782928911716,32,0.019717568823906198,31
2008-01-14,0.025672704752623537,41,0.020310147810116363,33,0.017359149033646902,26
2008-01-15,0.04048652399738009,49,0.030377332280832264,45,0.02296540253094155,36
2008-01-16,0.04093024604987854,49,0.03077041798178924,45,0.023351613480544032,37
2008-01-17,0.03978424608568729,49,0.032916723068676934,46,0.024922627851548914,39
2008-01-18,0.03377174154432431,47,0.03282244228360035,46,0.025027557169312487,39
2008-01-22,0.027411089392225887,43,0.0326986026310681,46,0.025070696351766137,39
2008-01-23,0.049676411961938206,51,0.0427451479709418,50,0.03186000664081736,45
2008-01-24,0.050463826469965584,51,0.04431567675714359,50,0.03298740984069378,46
2008-01-25,0.0444458389363522,50,0.044226501798835395,50,0.03260196505967242,46
2008-01-28,0.04068502206541682,49,0.04586604919302819,50,0.03390489035722502,47
2008-01-29,0.03903320796136927,48,0.045547900302845626,50,0.0335155053272984,47
2008-01-30,0.026695401928263952,42,0.038412408937890954,49,0.03347821887934811,47
2008-01-31,0.022778893505454995,38,0.03694266645469665,48,0.03355272200543181,47
2008-02-01,0.02291396416533871,38,0.03361823964378335,46,0.035422207408096464,47
2008-02-04,0.02604497822516947,42,0.033060496311216436,46,0.03563178420004677,47
2008-02-05,0.04648368308246288,51,0.04408691573624679,50,0.03894002036841814,48
2008-02-06,0.0464276689514282,50,0.03689751045757572,48,0.0389442350650126,48
2008-02-07,0.045510112946514115,50,0.03497362568870976,47,0.03800115098274636,48
2008-02-08,0.02828436008653063,43,0.034962220663059644,47,0.03825559711026414,48
2008-02-11,0.029104277573489473,44,0.032071804873403775,46,0.03786108940318788,48
2008-02-12,0.014479908348140677,25,0.03246088232597402,46,0.03784818084149695,48
2008-02-13,0.015348438514103873,27,0.032613933940344016,46,0.03759991450572943,48
2008-02-14,0.017517915668382112,31,0.03254013221856387,46,0.034462154321124726,47
2008-02-15,0.014747777882634096,25,0.024085893195083915,38,0.034072456983016336,47
2008-02-19,0.01462173801619137,25,0.024233989901479406,38,0.032299110381781466,46
2008-02-20,0.012030541265791768,18,0.012555919699103022,18,0.031932215467826965,46
2008-02-21,0.011283076586966199,17,0.013048854455589343,19,0.03221119920975645,46
2008-02-22,0.009693138979492078,13,0.013404408902043424,20,0.026731311387348813,41
2008-02-25,0.010595522908549584,15,0.012137700672167732,17,0.02533301586469487,40
2008-02-26,0.012352263545049895,19,0.012768675281382265,18,0.025013981032808007,39
2008-02-27,0.019621897007780456,34,0.01583841705749412,25,0.024481604186580793,38
2008-02-28,0.022489492303235784,38,0.017555022659077334,28,0.024861796169053135,39
2008-02-29,0.032032119921785715,46,0.022552587785239546,36,0.026869443242633528,41
2008-03-03,0.03275210792530344,46,0.02328189889434082,37,0.02684663979206747,41
2008-03-04,0.03227048797424588,46,0.025482194486730704,40,0.02359785338958364,37
2008-03-05,0.020661736072648148,35,0.025131855293812545,40,0.02384474076340758,37
2008-03-06,0.021643261660283707,37,0.02694465647769035,42,0.020665191144260946,33
2008-03-07,0.01997247638380367,34,0.026164489311511448,41,0.02061028207327611,32
2008-03-10,0.025104380308072886,41,0.029070049107545688,44,0.02294970469803041,36
2008-03-11,0.05870453189066392,52,0.045804823907948704,50,0.03233439724295812,46
2008-03-12,0.05867952107213864,52,0.04306039586961278,50,0.032348813230666136,46
2008-03-13,0.05505708964091966,52,0.043067437710643273,50,0.031874409099463215,45
2008-03-14,0.06177955820624822,52,0.04401071178774793,50,0.0335629810539959,47
2008-03-17,0.06183792186875531,52,0.045910707541227024,50,0.03496744962799823,47
2008-03-18,0.07044748779422845,53,0.06113733078598841,52,0.044632653003369126,50
2008-03-19,0.07048965534641508,53,0.06115040748471473,52,0.044644500245182225,50
2008-03-20,0.0854299055558478,53,0.06826774589879518,52,0.05081592376851192,50
2008-03-24,0.07370123392318288,53,0.06830558770060859,52,0.05141957040814034,51
2008-03-25,0.05680612007774082,52,0.06372719688169913,52,0.05144376117447146,51
2008-03-26,0.059891468854740504,52,0.06249166391107104,52,0.052844080815221225,51
2008-03-27,0.059582221325356545,52,0.062454773307023814,52,0.05278641532295689,51
2008-03-28,0.037513330831366196,48,0.0642846706674748,52,0.052763403491534196,51
2008-03-31,0.03563478759507977,47,0.06085090344363899,52,0.05317171172344448,51
2008-04-01,0.06878050252745051,53,0.06360016476769385,52,0.05801060207864799,52
2008-04-02,0.059104762247211624,52,0.05614858360091903,51,0.05766348726733706,52
2008-04-03,0.05686589510756749,52,0.055124362063010614,51,0.05670929933886057,52
2008-04-04,0.0483854649812971,51,0.04721665484823404,51,0.05683556520564699,52
2008-04-07,0.04854758613198138,51,0.04659579715773292,51,0.05576139788904963,51
2008-04-08,0.022476059698168287,38,0.04833857801385702,51,0.05637184745065064,51
2008-04-09,0.022142467995702568,37,0.04365909766294908,50,0.05445975711210336,51
2008-04-10,0.020711571622687407,35,0.0431470788212889,50,0.05116422897617292,51
2008-04-11,0.021008380929806267,36,0.04000297173285392,49,0.05119766002519704,51
2008-04-14,0.017814380835880248,31,0.04227668507947965,50,0.05196571917427462,51
2008-04-15,0.0191729738896803,33,0.020098118397179395,33,0.04975549391903806,50
2008-04-16,0.025108969970829283,41,0.02235904397161,36,0.04750189777807124,50
2008-04-17,0.027769321901933264,43,0.02349753121316516,37,0.04177429490313991,49
2008-04-18,0.030886837530822137,45,0.027211469841928758,42,0.04219215949858816,49
2008-04-21,0.017957393914372368,31,0.026606443726794046,41,0.036650335971543664,48
2008-04-22,0.01949585612452287,33,0.023382593329120925,37,0.03606378646959629,48
2008-04-23,0.02518195365832727,41,0.024423608202713804,39,0.03642773636304773,48
2008-04-24,0.02957820077233862,44,0.027700956439276656,42,0.034694236789589515,47
2008-04-25,0.026769055386894787,42,0.02729610061408735,42,0.0347813603739068,47
2008-04-28,0.025645228974050645,41,0.021240774152435502,34,0.03250997423024681,46
2008-04-29,0.029464798087491625,44,0.024136190687503258,38,0.032968522973164986,46
2008-04-30,0.03534435608999276,47,0.02903145299911317,44,0.025119372646260765,39
2008-05-01,0.030982120864807196,45,0.029268751202301078,44,0.025714462042945967,40
2008-05-02,0.02751532629252729,43,0.026515097792710395,41,0.025740081782574552,40
2008-05-05,0.028571430456794167,43,0.028056205296384914,43,0.026272400426738958,40
2008-05-06,0.028290244109673637,43,0.028059921073015685,43,0.025947969355991807,40
2008-05-07,0.033061085898676394,46,0.03283189114049014,46,0.02763618114510223,42
2008-05-08,0.02708932046800924,42,0.028585457995045818,43,0.02763244919209121,42
2008-05-09,0.02217887178479916,37,0.025891655780508175,41,0.028344054805903938,42
2008-05-12,0.024115678036469194,40,0.025373572605410587,40,0.028135604864502273,42
2008-05-13,0.02101427533973746,36,0.025683253069190372,40,0.027521553221707948,42
2008-05-14,0.01625100174973097,28,0.02466204969763868,39,0.027461904166781778,41
2008-05-15,0.021448487711242317,36,0.023467117589649252,37,0.027145861471470398,41
2008-05-16,0.020958378478128117,36,0.02233026736181215,36,0.027145258820969756,41
2008-05-19,0.02080038412248526,35,0.022054643211727537,36,0.024976977477304846,39
2008-05-20,0.024312808113959635,40,0.02282244111232892,37,0.026076926377277834,40
2008-05-21,0.027287942996194223,43,0.02171466360099806,35,0.02752243525952658,42
2008-05-22,0.03132148218748779,45,0.02616448259229648,41,0.0286717960595234,43
2008-05-23,0.03146389987652773,45,0.026168200740374833,41,0.02647896094207215,41
2008-05-27,0.03701797650224101,48,0.028478580858592614,43,0.025964353874571383,40
2008-05-28,0.033815377613078526,47,0.02783351463833832,43,0.02571200729830548,40
2008-05-29,0.024402806730439177,40,0.028703427050254273,43,0.026456208900469857,41
2008-05-30,0.021624679178649873,37,0.027259218878016522,42,0.025432182345214722,40
2008-06-02,0.019056791821076613,33,0.026879097911164405,42,0.02426270752805251,38
2008-06-03,0.014451109677316092,25,0.026928221179299022,42,0.023688069094168675,37
2008-06-04,0.01572522526027203,27,0.02486375298902936,39,0.023499057543548755,37
2008-06-05,0.01060425827825732,15,0.019845520314768935,32,0.023561453908354877,37
2008-06-06,0.023531490511904053,39,0.02350347954365511,37,0.023650696806936915,37
2008-06-09,0.02366654109591272,39,0.02310415492277885,37,0.023834512812787954,37
2008-06-10,0.03308709610005748,46,0.024482400790470846,39,0.02526917839008769,40
2008-06-11,0.038046255100789995,48,0.028295082450671534,43,0.02701443635166538,41
2008-06-12,0.044324351986993776,50,0.03047841817001537,45,0.028429750599685586,42
2008-06-13,0.03988626920861605,49,0.032956242527347725,46,0.0293245126842223,43
2008-06-16,0.03682968751237116,48,0.033329278207946914,46,0.029175239075690942,43
2008-06-17,0.03672505285672493,48,0.03367460807628667,46,0.028954635000252818,43
2008-06-18,0.02232573863706744,37,0.033417846764387873,46,0.028959553782931514,43
2008-06-19,0.019871399778978067,34,0.03333766403010934,46,0.028004541722174457,42
2008-06-20,0.021969703722688493,37,0.03156400669006288,45,0.027680428770025946,42
2008-06-23,0.017494983925910108,31,0.03302699533275072,46,0.027465286029555804,42
2008-06-24,0.0249347268615055,40,0.0311611830048506,45,0.027493443769074262,42
2008-06-25,0.025350133635561,41,0.026840926091230514,42,0.026622716596359005,41
2008-06-26,0.0326055094825978,46,0.029594841787599073,44,0.029298123659851797,43
2008-06-27,0.031131462539807905,45,0.025965531649022815,41,0.02865417874111418,43
2008-06-30,0.03003180658492412,45,0.023227218434778044,37,0.02887519814452278,43
2008-07-01,0.03185645771477309,45,0.027002779324610125,42,0.029761477479322684,44
2008-07-02,0.03025264885894597,45,0.0265355956068095,41,0.029730865541066985,44
2008-07-03,0.020507875966474985,35,0.027035062480710404,42,0.029782295144142098,44
2008-07-07,0.020720652086404997,35,0.02571151925988087,40,0.029683786288500012,44
2008-07-08,0.03439901400572881,47,0.03373757246452822,46,0.03190301838246972,46
2008-07-09,0.042605429709482355,50,0.035942176319060284,47,0.033442326822015436,47
2008-07-10,0.042326621132289625,50,0.0356817281039232,47,0.0320636734259179,46
2008-07-11,0.04224689488519884,50,0.03134099216760346,45,0.030592427294509172,44
2008-07-14,0.04842255563150376,51,0.03517644415774,47,0.03095234961300906,44
2008-07-15,0.025408203536528295,41,0.03625839881665784,48,0.03010420127759575,44
2008-07-16,0.07545183156784217,53,0.058006458663966115,52,0.0435889181714988,49
2008-07-17,0.08430535818540776,53,0.06468552023678452,52,0.048808549408513334,50
2008-07-18,0.08544764182698966,53,0.06802507706604821,52,0.051980386276861294,51
2008-07-21,0.0682930761447619,53,0.0664820329146116,52,0.05208376829200768,51
2008-07-22,0.0415700487344438,49,0.0665209508636244,52,0.052711655921860646,51
2008-07-23,0.035657337992735086,47,0.061326130357564165,52,0.05174853545730603,51
2008-07-24,0.0682075191260198,53,0.07244780234937523,52,0.05651803169488266,51
2008-07-25,0.05853805478814533,52,0.07266823435033969,52,0.05658883096501454,51
2008-07-28,0.0644972190383317,52,0.07463429323440464,53,0.05737266938770031,52
2008-07-29,0.06371840019642586,52,0.07253452505363867,52,0.058405068955616236,52
2008-07-30,0.064950170502827,53,0.06249885860609344,52,0.05797700178583394,52
2008-07-31,0.04898731513829244,51,0.056671543010429495,52,0.05794177464914181,52
2008-08-01,0.04900638734048594,51,0.05096374263268368,51,0.057711719468385915,52
2008-08-04,0.02593196217800267,41,0.05053183974800819,51,0.0577186900511821,52
2008-08-05,0.025671521432094762,41,0.05010744339421392,51,0.05825658899972429,52
2008-08-06,0.0280644555978783,43,0.04987861642407585,51,0.05730126815879267,52
2008-08-07,0.043172051584430784,50,0.043536327620720114,50,0.05774812572671327,52
2008-08-08,0.049118912995165784,51,0.046338763498904735,51,0.05833756794075074,52
2008-08-11,0.0492645438730265,51,0.03719274029629953,48,0.058282917344162674,52
2008-08-12,0.050721609844398184,51,0.040849177828106105,49,0.05857618058030598,52
2008-08-13,0.05198510454170159,51,0.04214714056568576,50,0.05839702711515991,52
2008-08-14,0.0470830944707647,51,0.04259654189108164,50,0.051572988215179034,51
2008-08-15,0.04119589153602549,49,0.043420291445787546,50,0.048021025568321295,50
2008-08-18,0.04058729404482902,49,0.04614526134037587,51,0.046171644028057644,50
2008-08-19,0.03356432324272472,47,0.04055373334905924,49,0.04612620706866082,50
2008-08-20,0.03266673566911755,46,0.04175867606828284,50,0.04392138377101233,49
2008-08-21,0.031156413842669345,45,0.03767397598051712,48,0.0437451975010059,49
2008-08-22,0.03466531103916401,47,0.03596012489805956,47,0.039713074106130175,49
2008-08-25,0.028397636478987964,43,0.035141002292934376,47,0.040125445944701965,49
2008-08-26,0.025022183539956246,41,0.030273929290721528,45,0.036578476007348606,48
2008-08-27,0.024862839949237776,40,0.027925697241687277,43,0.03438306462300514,47
2008-08-28,0.031212228576274002,45,0.032137180961950534,46,0.0360805968099762,48
2008-08-29,0.030177415705675403,45,0.031459865598638025,45,0.03606471655847142,48
2008-09-02,0.021776975032303855,37,0.025385842786401446,40,0.03603407197722762,48
2008-09-03,0.022021487847647986,37,0.023045619145907734,37,0.03642924751701789,48
2008-09-04,0.04465801841854335,50,0.03415974526059753,47,0.03711769142946413,48
2008-09-05,0.04176700259089408,49,0.035972446895934033,48,0.03835764345894459,48
2008-09-08,0.050446343801005177,51,0.039281155833252666,49,0.0382482312675283,48
2008-09-09,0.0637046595044087,52,0.04581457883353693,50,0.040233692562776396,49
2008-09-10,0.06191427295082871,52,0.04613068697800079,50,0.03994512722051601,49
2008-09-11,0.0527132032022223,52,0.04606669350418851,50,0.037301912770466586,48
2008-09-12,0.05017171548618208,51,0.04394291125644778,50,0.03707408963215646,48
2008-09-15,0.06031843606661708,52,0.06379419867521817,52,0.049612275806555105,50
2008-09-16,0.0703702203347618,53,0.06558287192102756,52,0.0498857172259729,50
2008-09-17,0.07595971072999186,53,0.06951077121509795,52,0.053966630071028115,51
2008-09-18,0.13317169844140422,54,0.09603810579395375,53,0.06868145137308833,52
2008-09-19,0.1736282070995146,54,0.12343541817767816,54,0.08633303710061323,53
2008-09-22,0.14669939579761956,54,0.12277459333533311,54,0.08679319962356018,53
2008-09-23,0.14928265426363388,54,0.1199412942441256,54,0.08657297765815229,53
2008-09-24,0.13473216714855196,54,0.12148101849124411,54,0.08718765733387594,53
2008-09-25,0.11766715063296347,54,0.12150261512578242,54,0.08725599408714775,53
2008-09-26,0.03721367849292247,48,0.12066048585108055,54,0.0874984846892995,53
2008-09-29,0.06412699192702694,52,0.11596157714965445,54,0.09111312012694527,53
2008-09-30,0.10319839240119824,53,0.12358356758282703,54,0.09717289146327518,53
2008-10-01,0.10661974796133487,54,0.11528473980023791,54,0.10027008207383778,53
2008-10-02,0.11063687122244854,54,0.10767659748573223,53,0.10051134910091465,53
2008-10-03,0.14758676085882136,54,0.10150988455360267,53,0.1080694852982403,53
2008-10-06,0.1378019849819112,54,0.10224016441767898,53,0.10841151551023004,53
2008-10-07,0.11680599905111193,54,0.10900664228221066,53,0.11096016935845947,53
2008-10-08,0.06758732700598657,53,0.10894749536237786,53,0.11045337053797825,53
2008-10-09,0.05677638778342976,52,0.11037225585536567,54,0.11238361588260146,53
2008-10-10,0.08518183822328702,53,0.11540988604470466,54,0.11460189381780626,53
2008-10-13,0.11232523898780439,54,0.1189293276936013,54,0.11746978029272417,53
2008-10-14,0.11892632975856707,54,0.12317287979950692,54,0.11849123310425348,53
2008-10-15,0.13862326996113325,54,0.12048935144414305,54,0.12250008002738585,53
2008-10-16,0.12279370131333782,54,0.1204979615781211,54,0.11973786361035739,53
2008-10-17,0.12869787925721826,54,0.10850892377871629,53,0.11387011480081526,53
2008-10-20,0.11656951740603745,54,0.1080900659070626,53,0.09992192136760154,53
2008-10-21,0.05343335205987745,52,0.10149484303928707,53,0.10043207936261248,53
2008-10-22,0.0343579778753159,47,0.10213245634514961,53,0.10096305807283719,53
2008-10-23,0.035008423403821085,47,0.09632996277460242,53,0.10060504026578268,53
2008-10-24,0.03710498649081034,48,0.09411801008567654,53,0.10109858342501539,53
2008-10-27,0.023581204056198846,39,0.08284887095115155,53,0.10034352202000806,53
2008-10-28,0.08763430820210971,53,0.07218447742374377,52,0.10375006897559623,53
2008-10-29,0.08471213963946149,53,0.06363507402372974,52,0.09684077250654949,53
2008-10-30,0.08473570125664598,53,0.06467001930159513,52,0.0918825919044032,53
2008-10-31,0.07358641634755793,53,0.0647715675282239,52,0.09292624346468069,53
2008-11-03,0.06600503129185656,53,0.06524661229631681,52,0.08525055114323683,52
2008-11-04,0.03400978159394795,47,0.06425376387845891,52,0.08561012494674379,52
2008-11-05,0.07822288302248592,53,0.07687486759135244,53,0.08635265259567865,53
2008-11-06,0.0858205163408095,53,0.0814884057560613,53,0.08773378049621311,53
2008-11-07,0.08324209327455742,53,0.07883590193085452,53,0.08520696322084395,52
2008-11-10,0.07857156188870296,53,0.0798835805740455,53,0.08316266956919431,52
2008-11-11,0.061485979219091436,52,0.061860476991070515,52,0.07832432856511945,52
2008-11-12,0.051684305722079785,51,0.06777861775296759,52,0.06647360572377584,52
2008-11-13,0.048580727583635214,51,0.06624543906732731,52,0.06243786854164252,52
2008-11-14,0.04282795615485797,50,0.06298505241000618,52,0.06280197341323009,52
2008-11-17,0.04415588975713426,50,0.0601182543720896,52,0.0628710766969088,52
2008-11-18,0.04432511826495755,50,0.0507456099203333,51,0.06279244127344599,52
2008-11-19,0.09432061224442392,53,0.07272143545686031,53,0.07737606306797418,52
2008-11-20,0.1189236073975127,54,0.0967811876214369,53,0.09217704016855194,53
2008-11-21,0.09579066440569323,53,0.09544325273911108,53,0.09792685844691101,53
2008-11-24,0.35214048717102503,54,0.2366421586563596,54,0.1686746331276647,54
2008-11-25,0.3526525540640858,54,0.2374611542934783,54,0.1689091670435551,54
2008-11-26,0.33628064082426246,54,0.2432692861490405,54,0.1697276478365955,54
2008-11-28,0.28405316686783544,54,0.24996349959214423,54,0.17482079729574088,54
2008-12-01,0.29097500835180384,54,0.2607137550472122,54,0.1808054827021012,54
2008-12-02,0.16386504891468653,54,0.262946524781168,54,0.1829052694855737,54
2008-12-03,0.16343555821619246,54,0.2627704878449834,54,0.18398618642587936,54
2008-12-04,0.159790622781289,54,0.2490441916609566,54,0.1836213869531561,54
2008-12-05,0.1368073063570512,54,0.22520978754053345,54,0.1818562441158432,54
2008-12-08,0.06852361378136589,53,0.20424751619594858,54,0.18236420802814968,54
2008-12-09,0.0612064843367042,52,0.11689423116216476,54,0.18227784058855187,54
2008-12-10,0.05983037185948578,52,0.11896092468975573,54,0.18202344700356873,54
2008-12-11,0.07044802510622698,53,0.11665443281397825,54,0.1828847396003716,54
2008-12-12,0.06817724869045323,53,0.10198666409438165,53,0.18131910614732907,54
2008-12-15,0.041977279514819464,49,0.06941911042199865,52,0.18149153858026668,54
2008-12-16,0.07547620311530305,53,0.06825213535124064,52,0.18306013548008074,54
2008-12-17,0.07756359162337864,53,0.06638462227925733,52,0.18274546939336972,54
2008-12-18,0.06954824159660601,53,0.06614448407720334,52,0.18259581452086857,54
2008-12-19,0.07207865290993451,53,0.06681411818928956,52,0.17466674159753748,54
2008-12-22,0.07203978718453606,53,0.05581878961617023,51,0.16303577370475011,54
2008-12-23,0.008869192863775702,11,0.054944994420627856,51,0.15529019379338116,54
2008-12-24,0.03881115586113898,48,0.05864188375946964,52,0.09342947903805182,53
2008-12-26,0.03713748380392107,48,0.053335930438228395,51,0.09346896011461042,53
2008-12-29,0.03176420091388273,45,0.052545314605669344,51,0.08705316064662935,53
2008-12-30,0.033829345678302813,47,0.05391521750712717,51,0.07778315954449289,52
2008-12-31,0.02925935677482467,44,0.03397819685490682,47,0.060208452410738585,52
2009-01-02,0.03717667079656674,48,0.04123509833720124,49,0.05594874252630567,51
2009-01-05,0.03730599997894278,48,0.03844278734703335,49,0.052698244233098,51
2009-01-06,0.03542594546639895,47,0.03779431121072106,48,0.05278460112443388,51
2009-01-07,0.045729108393891216,50,0.03821562481504774,48,0.05274783422694642,51
2009-01-08,0.04424131423876598,50,0.035595485572277895,47,0.04745446010124466,50
2009-01-09,0.04305572772541879,50,0.03956070352539799,49,0.04854846730486742,50
2009-01-12,0.08328465780814757,53,0.06706855280767743,52,0.05981528528705341,52
2009-01-13,0.08325544211153371,53,0.07045251834409753,52,0.05936951184880106,52
2009-01-14,0.11865073652573928,54,0.09762971166556914,53,0.07620243863990324,52
2009-01-15,0.11188646349604998,54,0.10413227565712226,53,0.0814828469678088,52
2009-01-16,0.10905225296937006,54,0.09653994169281872,53,0.0757871301216547,52
2009-01-20,0.11333469864530368,54,0.10303356439613524,53,0.08374079189983395,52
2009-01-21,0.22109353309956084,54,0.15826996902614898,54,0.11398685222550102,53
2009-01-22,0.20926083898037828,54,0.16088927509249945,54,0.11713495362895471,53
2009-01-23,0.21249688657026214,54,0.17022218365188163,54,0.12143261689835617,53
2009-01-26,0.208943089608098,54,0.17030671382934426,54,0.12146591605031702,53
2009-01-27,0.1741165459951798,54,0.1690124423545613,54,0.12229115769965276,53
2009-01-28,0.13334964292471424,54,0.18119742899607857,54,0.13053895705744162,53
2009-01-29,0.10781918061639835,54,0.16680796417517715,54,0.13117727789882502,54
2009-01-30,0.11572296986698444,54,0.1614357184842406,54,0.1315577001498983,54
2009-02-02,0.11232933779046221,54,0.15839234800718155,54,0.13201023915590607,54
2009-02-03,0.11351575879960871,54,0.1421527611474428,54,0.1307223925313886,54
2009-02-04,0.05166039354306797,51,0.10235697757273957,53,0.13088954778693493,54
2009-02-05,0.05003820771554114,51,0.08728864880712324,53,0.12994049475978026,53
2009-02-06,0.057313082211030826,52,0.08629144825600883,53,0.13314906666461135,54
2009-02-09,0.057296293441502055,52,0.0841281754825037,53,0.13323387789136354,54
2009-02-10,0.09345332326565581,53,0.09803238095177054,53,0.13614175600796777,54
2009-02-11,0.1048237937149633,53,0.08250206437465253,53,0.13444895526221015,54
2009-02-12,0.10620440967746878,53,0.07963316345824205,53,0.13363901614586404,54
2009-02-13,0.09116594228871024,53,0.07479145517454668,53,0.12416500516963759,53
2009-02-17,0.0996037925186541,53,0.08347033932200205,53,0.12245856534111099,53
2009-02-18,0.08108821275324916,53,0.08332301854188515,53,0.12147279820330815,53
2009-02-19,0.0535378325059057,52,0.09134195594030992,53,0.11706129584784283,53
2009-02-20,0.07629027819509039,53,0.10843920248827013,53,0.10363666518895888,53
2009-02-23,0.12025116704962947,54,0.1068040747399964,53,0.10253051799853488,53
2009-02-24,0.17669439428679673,54,0.13592986650628341,54,0.11069496047933368,53
2009-02-25,0.17611812995708012,54,0.12935299856555474,54,0.11057374503169963,53
2009-02-26,0.1633618927482826,54,0.12209216375568373,54,0.10932345507369397,53
2009-02-27,0.2269332938517885,54,0.16602432206937448,54,0.12798065678952747,53
2009-03-02,0.22530607698219035,54,0.17025983343779977,54,0.1325768329364094,54
2009-03-03,0.16968038374543015,54,0.17264006166285756,54,0.13281675553793096,54
2009-03-04,0.16468655746308947,54,0.17244277794742305,54,0.13206186159923383,54
2009-03-05,0.15538078247994397,54,0.17129148278825435,54,0.13255442211419213,54
2009-03-06,0.08879191232146685,53,0.16398992797955766,54,0.13257845095320614,54
2009-03-09,0.05597478218660689,52,0.15806633011438748,54,0.13276494072610984,54
2009-03-10,0.1930584574387083,54,0.1942100923201778,54,0.15936811412170893,54
2009-03-11,0.1808430669075483,54,0.19684358871027818,54,0.16047779863054507,54
2009-03-12,0.15378777609159736,54,0.2001463248443802,54,0.15986667766368384,54
2009-03-13,0.1464010897627961,54,0.15236083764649733,54,0.15869965959729207,54
2009-03-16,0.15255250808384493,54,0.1531889983908947,54,0.1743194817268054,54
2009-03-17,0.10617926539546961,53,0.15169746108388815,54,0.17511494648971787,54
2009-03-18,0.10937894998310042,54,0.1467356620380274,54,0.1794736086237021,54
2009-03-19,0.1780857193242163,54,0.15690467985139517,54,0.18289471143481825,54
2009-03-20,0.18308500971646077,54,0.15705286839437566,54,0.1797158886641769,54
2009-03-23,0.15423789867348153,54,0.15586870839470543,54,0.17474711348263053,54
2009-03-24,0.16140705885364967,54,0.13437364609044947,54,0.17494508268564607,54
2009-03-25,0.12656739825703564,54,0.1382648181895798,54,0.1700644916894351,54
2009-03-26,0.10025305641493418,53,0.14347721173720185,54,0.17035346249764416,54
2009-03-27,0.10780957728604566,54,0.14917336287335678,54,0.17117569660900597,54
2009-03-30,0.037673750854413136,48,0.1256614470307008,54,0.14744077718822324,54
2009-03-31,0.07951896480246645,53,0.12691825962678013,54,0.13816750597568764,54
2009-04-01,0.08967341713632934,53,0.10365152570061506,53,0.13805341747653777,54
2009-04-02,0.08894101568877973,53,0.09003746787031909,53,0.1354387126861216,54
2009-04-03,0.08177438102710165,53,0.0905779857887339,53,0.13116665524667737,54
2009-04-06,0.05220201327941756,51,0.06499981955188538,52,0.13272274508355825,54
2009-04-07,0.039597577277890365,49,0.06477758879059305,52,0.1327896440022436,54
2009-04-08,0.03486713607958521,47,0.0648210214343629,52,0.11052175081019698,53
2009-04-09,0.06645581741734649,53,0.07513456599583519,53,0.1121564365440019,53
2009-04-13,0.12270392782287493,54,0.10111323156257465,53,0.1210155049247824,53
2009-04-14,0.10737617707198845,54,0.08393447708481945,53,0.1209523077139231,53
2009-04-15,0.11187873947612707,54,0.08554416514233892,53,0.10527275719053383,53
2009-04-16,0.1053686772388824,53,0.08630123952160779,53,0.10480721470248786,53
2009-04-17,0.12700299310330773,54,0.09616437387544718,53,0.09716754046643843,53
2009-04-20,0.09832461218288534,53,0.11990257239049318,54,0.10081437198683539,53
2009-04-21,0.11166374598892831,54,0.12145186498127974,54,0.10276293570975424,53
2009-04-22,0.11258636344035881,54,0.12160827174480639,54,0.09416702185574467,53
2009-04-23,0.11066415809963825,54,0.1213646533631105,54,0.09375962084674473,53
2009-04-24,0.10744526679905471,54,0.11602759585925593,54,0.09358943841205583,53
2009-04-27,0.0538590413537665,52,0.08027643278115065,53,0.09332299271202736,53
2009-04-28,0.025566597077057475,41,0.07672935486720228,53,0.09297750402888029,53
2009-04-29,0.05288082028589639,52,0.0841174516937164,53,0.08941684637873668,53
2009-04-30,0.053251887271596285,52,0.08343304443276078,53,0.08802131876738516,53
2009-05-01,0.05367557900899645,52,0.08019660359830899,53,0.08772891839310959,53
2009-05-04,0.06415865200899253,52,0.05584558961787858,51,0.08897883820067419,53
2009-05-05,0.051548939270706064,51,0.046804706809981875,51,0.08889353457050646,53
2009-05-06,0.07978618679228482,53,0.06963736557687732,52,0.09403392277427344,53
2009-05-07,0.07784598412318226,53,0.06950649544317221,52,0.09431852606099508,53
2009-05-08,0.06613681920465299,53,0.06982487007975373,52,0.0941252486160402,53
2009-05-11,0.0796051349849679,53,0.07004716548010868,52,0.09201065573300235,53
2009-05-12,0.0899448945557547,53,0.0691674484983958,52,0.07564451213908781,52
2009-05-13,0.048391578164202635,51,0.07216959111668611,52,0.07601717149634778,52
2009-05-14,0.05666859185963836,52,0.07167715612940981,52,0.07665941740165941,52
2009-05-15,0.042331420164291096,50,0.07126411034872847,52,0.07669151896701797,52
2009-05-18,0.05239499352508121,51,0.06901485827312803,52,0.07478685653089541,52
2009-05-19,0.049720110554223776,51,0.0690578997535678,52,0.059826332339853294,52
2009-05-20,0.033821395025465474,47,0.044628238009589656,50,0.0566738609905431,52
2009-05-21,0.030889695457662063,45,0.04463500382026104,50,0.056664107351104505,52
2009-05-22,0.029486915935486135,44,0.0399991124439487,49,0.05662571065026057,51
2009-05-26,0.024746532327424978,40,0.0397587415171626,49,0.05671483100130603,52
2009-05-27,0.0207396330848819,35,0.03633988083154331,48,0.05607292149458777,51
2009-05-28,0.018676281142268967,32,0.027324798044186548,42,0.054010397332694485,51
2009-05-29,0.01948784989687782,33,0.024871725883388783,39,0.05180350487444073,51
2009-06-01,0.018682073607800793,32,0.02383828286068667,38,0.05145243980336359,51
2009-06-02,0.022713278383493234,38,0.02504152442038523,40,0.05247839955559032,51
2009-06-03,0.02450566815111833,40,0.022559838375794995,36,0.050853326675091286,50
2009-06-04,0.040311670269047306,49,0.029690342142621423,44,0.05157286559199704,51
2009-06-05,0.040115033113199944,49,0.030621416247348966,45,0.03645864494912306,48
2009-06-08,0.04002152540389669,49,0.030581852144681888,45,0.03644388231484397,48
2009-06-09,0.035144296870903806,47,0.028271231060863412,43,0.03380187201142651,47
2009-06-10,0.032294822425988724,46,0.029571026171739498,44,0.03345987325849937,47
2009-06-11,0.018643293902111575,32,0.029609370875929106,44,0.03164918221715503,45
2009-06-12,0.011935664430850427,18,0.02891350821499407,44,0.027769880882734112,42
2009-06-15,0.017528602790546296,31,0.029765958382091458,44,0.02692851396422325,41
2009-06-16,0.022861387644403517,38,0.02803294189955292,43,0.027660693301051146,42
2009-06-17,0.02225753396430218,37,0.03044471479136271,45,0.027291753048777425,41
2009-06-18,0.02724470031858761,42,0.023516567864252828,38,0.026049839432506508,40
2009-06-19,0.030505745246314005,45,0.02384756028810059,38,0.026275058388257583,40
2009-06-22,0.03454784738104139,47,0.027833456470075766,43,0.027916295812795592,42
2009-06-23,0.03523823308512699,47,0.028145289903768706,43,0.028047117040585146,42
2009-06-24,0.02910169132218122,44,0.02696082977593653,42,0.02716961927946,41
2009-06-25,0.027250371037989402,42,0.026802948709752413,42,0.027128806875122143,41
2009-06-26,0.025576915288372498,41,0.026943629754447307,42,0.02720144399822369,41
2009-06-29,0.00554875964511928,4,0.026497810385433147,41,0.026753105089543705,41
2009-06-30,0.00949238338050927,12,0.025149075996614395,40,0.02679392618486234,41
2009-07-01,0.006867955596674942,7,0.019973059835652906,33,0.0253328376625258,40
2009-07-02,0.013229498065100816,22,0.020297081468978302,33,0.02514255360244924,39
2009-07-06,0.014614486217735248,25,0.020038503862961205,33,0.021456819360962342,34
2009-07-07,0.014634059784177091,25,0.016450963209316966,26,0.021710377682742504,35
2009-07-08,0.014232746530082515,24,0.016282076692928655,25,0.021934384980787106,35
2009-07-09,0.025982270953003685,42,0.019522088971774022,32,0.023472784533821706,37
2009-07-10,0.02687358664901814,42,0.02074748304243571,34,0.022974076275257823,36
2009-07-13,0.04857714633383078,51,0.03491742572671846,47,0.029743226733603474,44
2009-07-14,0.047876044871225425,51,0.03954303512475021,49,0.0325376692558913,46
2009-07-15,0.04856212512686488,51,0.04787815020160818,51,0.03795298061739974,48
2009-07-16,0.06185392450473524,52,0.050610493951542324,51,0.03837275790856942,48
2009-07-17,0.054700887530780846,52,0.04933275383468964,51,0.03665290421317156,48
2009-07-20,0.06632739858185312,53,0.054821990640293985,51,0.039963720459942856,49
2009-07-21,0.06335280066901713,52,0.05607552361122382,51,0.04093599180927912,49
2009-07-22,0.05180822774284935,51,0.05788872906525532,52,0.04181107632505215,49
2009-07-23,0.05060887754809958,51,0.05776607981142752,52,0.041826186136540454,49
2009-07-24,0.05011152194383934,51,0.056377669212877936,52,0.041783284941810946,49
2009-07-27,0.03884929258215495,48,0.05147117261739664,51,0.041843240425724224,49
2009-07-28,0.053976519869279704,52,0.05970231017796387,52,0.04813574051120698,50
2009-07-29,0.059266524966025316,52,0.05948275343119859,52,0.05149212293084099,51
2009-07-30,0.06195103370989777,52,0.05807320673955394,52,0.05169130720513034,51
2009-07-31,0.05880068231919164,52,0.05800987531152279,52,0.05169732127552738,51
2009-08-03,0.05575452453639833,52,0.05039929652564689,51,0.05108781708215553,51
2009-08-04,0.04037124181022172,49,0.04502495239141111,50,0.050467167626740236,50
2009-08-05,0.047514323894111185,51,0.05079123149832573,51,0.0532609021748679,51
2009-08-06,0.04139513552213791,49,0.05011954464858461,51,0.05331073760470577,51
2009-08-07,0.04076909850318617,49,0.04791590972601646,51,0.05329712949211177,51
2009-08-10,0.03699593723045488,48,0.04486432668192593,50,0.05174734062792986,51
2009-08-11,0.06149996753835009,52,0.04924419655171538,51,0.05346601509931991,51
2009-08-12,0.05508889981443447,52,0.04849958096744112,51,0.05474152965378188,51
2009-08-13,0.050734515450821006,51,0.04562679184095017,50,0.05240823686046164,51
2009-08-14,0.051480285207337856,51,0.04646229069195384,51,0.05094208982063849,50
2009-08-17,0.051588837494692216,51,0.047335191478501376,51,0.05108086715858214,50
2009-08-18,0.035714488828684665,48,0.04744669483873481,51,0.04677347834770716,50
2009-08-19,0.019173653735811265,33,0.03968793848749238,49,0.04428613764494054,50
2009-08-20,0.040104842191258774,49,0.043235769557474185,50,0.04577799777266206,50
2009-08-21,0.038799121701582055,48,0.04432218562953112,50,0.0453956069717786,50
2009-08-24,0.032037562892345404,46,0.04434014109268684,50,0.04442299665560626,50
2009-08-25,0.04001180418045787,49,0.03584145561813103,47,0.044416751817706324,50
2009-08-26,0.045369586165799176,50,0.03394811530003913,47,0.04230856553590631,49
2009-08-27,0.047402469071817985,51,0.04146586037620027,50,0.042808504299079474,49
2009-08-28,0.046062189006451336,50,0.040422529937440416,49,0.0414771914191482,49
2009-08-31,0.054588343415567925,52,0.04503886259110703,50,0.044063449018915894,50
2009-09-01,0.07122516513184599,53,0.05758132721408721,52,0.050597208320101686,50
2009-09-02,0.07055354910378278,53,0.0574482100846064,52,0.05067860707352208,50
2009-09-03,0.05768704782992169,52,0.05310066596538343,51,0.047418071735666395,50
2009-09-04,0.0544845569964959,52,0.05124216706068671,51,0.04620847982977339,50
2009-09-08,0.05338166226858413,52,0.05203294691686708,51,0.04736769880043837,50
2009-09-09,0.02963392219283416,44,0.051853437206885865,51,0.047373426990123195,50
2009-09-10,0.0302300566821292,45,0.05142125130769627,51,0.04438520505442843,50
2009-09-11,0.025277549192852574,41,0.04202704431095969,50,0.042634101525185625,49
2009-09-14,0.021893422695970017,37,0.039145827680077974,49,0.04294212328863049,49
2009-09-15,0.04022952982335377,49,0.04504851783529619,50,0.04762228681855709,50
2009-09-16,0.044386339911388725,50,0.03800246157113344,48,0.04768509492865795,50
2009-09-17,0.05324231449729256,52,0.04238940686998762,50,0.048406119229523675,50
2009-09-18,0.05383976179642078,52,0.03987250108938084,49,0.049193431381555894,50
2009-09-21,0.05878220859288098,52,0.04223279716904559,50,0.04634164031849988,50
2009-09-22,0.036594334732831205,48,0.044673832849722324,50,0.04637085761600826,50
2009-09-23,0.04382965032290308,50,0.04556053357372297,50,0.046397590506902724,50
2009-09-24,0.04043864986062913,49,0.04519951521409025,50,0.046484999955698214,50
2009-09-25,0.03598339962000571,48,0.04451158222459468,50,0.04623887460195638,50
2009-09-28,0.03682322863679057,48,0.04650558243682328,51,0.04251715563146544,49
2009-09-29,0.031481256005173444,45,0.034296757785641674,47,0.04221064277606709,49
2009-09-30,0.027885625125349773,43,0.03464106224525746,47,0.041803162530724254,49
2009-10-01,0.043788877194068425,50,0.03979693833083116,49,0.039108972139177044,49
2009-10-02,0.04311448024076084,50,0.0374419511309601,48,0.0391037048354612,49
2009-10-05,0.04116542865456097,49,0.03683262373570588,48,0.03844656109346742,48
2009-10-06,0.03903090130926702,48,0.03347200601979941,46,0.03824801557382372,48
2009-10-07,0.03513479584877092,47,0.03206982203505275,46,0.037479606920548594,48
2009-10-08,0.01588557274581354,28,0.031054231262086358,45,0.037466890035539206,48
2009-10-09,0.016159537029656553,28,0.03071642704517126,45,0.03723004388436548,48
2009-10-12,0.014873004682915863,26,0.029182217597096573,44,0.037190591953745106,48
2009-10-13,0.015019840996580075,26,0.02816001910321153,43,0.036907618488870614,48
2009-10-14,0.017199737823527177,30,0.028774957355928145,43,0.030802783654256566,44
2009-10-15,0.03434162548043066,47,0.0252271751140102,40,0.033330452573530615,47
2009-10-16,0.03853418270520384,48,0.0280392332928746,43,0.032679975872431655,46
2009-10-19,0.034322838378997876,47,0.025961223269479847,41,0.03163897045901734,45
2009-10-20,0.03233041336199927,46,0.0268171014138276,42,0.031040347755468056,45
2009-10-21,0.01880252951216452,32,0.026823787845915364,42,0.02892095189414861,43
2009-10-22,0.017016031544010393,30,0.027101585308373862,42,0.028383423134540186,42
2009-10-23,0.012571678420373,20,0.027127399770258222,42,0.028024043791852,42
2009-10-26,0.021023661371708885,36,0.026869486658028116,42,0.029488543972254103,43
2009-10-27,0.020281649539306168,35,0.025937748089316322,41,0.027705084447549832,42
2009-10-28,0.02577977061573676,41,0.021750010470145405,35,0.028153087033874983,42
2009-10-29,0.04118201963729173,49,0.029888530051899197,44,0.03036896612341729,44
2009-10-30,0.045389716123960436,50,0.031900307829854445,46,0.029216711811170002,43
2009-11-02,0.04345011280136611,50,0.03218161735642119,46,0.02953296476740861,43
2009-11-03,0.044710634291694334,50,0.03277005166753079,46,0.028506082949354337,42
2009-11-04,0.04100001920526655,49,0.03278788203160113,46,0.028559591969540603,42
2009-11-05,0.029624640095755325,44,0.03393890525854877,47,0.029300958777874624,43
2009-11-06,0.019750503904985114,34,0.03393890525854877,47,0.02927499390224226,43
2009-11-09,0.019355571742141864,33,0.03389313984028705,47,0.03043232994868023,44
2009-11-10,0.020002712465304478,34,0.03389080528429451,47,0.029396077940066018,43
2009-11-11,0.016704647640101034,29,0.030460331964111652,45,0.02909431848321582,43
2009-11-12,0.020196331263582477,35,0.024683422745208822,39,0.02766764667083252,42
2009-11-13,0.020231278040354406,35,0.018856094773224488,31,0.02608817095366648,40
2009-11-16,0.020262889380085327,35,0.019453051710595165,32,0.02669630091949182,41
2009-11-17,0.021196533796829155,36,0.019541547651686562,32,0.026942725548614505,41
2009-11-18,0.02096313915790154,36,0.01794707571180571,29,0.02666236870016834,41
2009-11-19,0.015446059616879091,27,0.017688953199783267,28,0.02669187101114752,41
2009-11-20,0.018346789685730922,32,0.01866173592204798,30,0.026715802909922797,41
2009-11-23,0.014481592980149375,25,0.016823284414445326,27,0.027125682886191823,41
2009-11-24,0.015874093696203663,28,0.017802827193909306,29,0.025710257577470644,40
2009-11-25,0.014250633050928515,24,0.01802993985795415,29,0.025787110618418808,40
2009-11-27,0.017087012465233312,30,0.01839373399678824,30,0.024524658196294864,38
2009-11-30,0.019241596842255855,33,0.01875052696469211,30,0.021112887961886047,33
2009-12-01,0.014598280201485559,25,0.015395262493421847,24,0.01789126091467319,27
2009-12-02,0.014217299270970651,24,0.014353205009192465,21,0.01697433698204633,24
2009-12-03,0.014469871395124597,25,0.013539636396494093,20,0.01702348288021357,25
2009-12-04,0.011834436489368482,18,0.015331522194756971,23,0.016911233756021292,24
2009-12-07,0.014636616005265326,25,0.016118180544190387,25,0.016967822752099505,24
2009-12-08,0.01856233192585984,32,0.015749520614503375,24,0.018151687885633202,28
2009-12-09,0.01782584804364081,31,0.01560130896701259,24,0.016561800171743947,23
2009-12-10,0.018948276915240706,33,0.015981782310347307,25,0.016618078490423027,24
2009-12-11,0.0201419589299104,35,0.016659757379724537,26,0.017430667208561842,26
2009-12-14,0.03211564719722079,46,0.024459920472587472,39,0.02150472935755856,34
2009-12-15,0.03313380435854373,46,0.025742979518632664,40,0.022714322856222154,36
2009-12-16,0.0333926156175821,46,0.025767750052856836,40,0.021580448103363972,34
2009-12-17,0.0364437596215331,48,0.03107120887526941,45,0.024959741753207764,39
2009-12-18,0.053658956406118355,52,0.03966092574790807,49,0.029515752571894604,43
2009-12-21,0.05127815399033851,51,0.040349873129210526,49,0.02972721888746638,44
2009-12-22,0.050030757345903024,51,0.0401496035810967,49,0.029860572678051638,44
2009-12-23,0.048997047946120316,51,0.04014276117135397,49,0.029094836582973776,43
2009-12-24,0.03383402273337732,47,0.04120078807435214,49,0.02980891448074392,44
2009-12-28,0.017888429219967524,31,0.04048104241994075,49,0.03020562133287403,44
2009-12-29,0.017617995699703036,31,0.03667324013206569,48,0.029958732278939762,44
2009-12-30,0.01539551258359806,27,0.03533904265848947,47,0.029603881847972417,44
2009-12-31,0.013517630720866501,22,0.034274377541366065,47,0.02959705309015474,44
2010-01-04,0.016572361447318617,29,0.025354413928329645,40,0.030620538955208824,44
2010-01-05,0.02301013673009186,38,0.019975725056679453,33,0.03224448620735257,46
2010-01-06,0.023246234246836823,39,0.021768288606478108,35,0.032881935200248506,46
2010-01-07,0.018257271649650984,32,0.019202926789539547,31,0.032702994039666665,46
2010-01-08,0.022779963838630513,38,0.019411723514415103,32,0.032308368846005284,46
2010-01-11,0.02202932098652528,37,0.019161906151063706,31,0.0323883804212054,46
2010-01-12,0.023930377692160488,40,0.02259939286070605,36,0.032925082994715055,46
2010-01-13,0.016244206957917253,28,0.022588891824517746,36,0.03243701105911811,46
2010-01-14,0.016261951671294652,28,0.021619879795248546,35,0.029605861199825334,44
2010-01-15,0.017935075657821473,31,0.023725259399125426,38,0.02898253111891666,43
2010-01-19,0.026149436631555317,42,0.024711403800469958,39,0.02921272851312794,43
2010-01-20,0.02443723354976176,40,0.022851635343635792,37,0.02454168084730197,38
2010-01-21,0.033810232042888855,47,0.025164297382305478,40,0.023916791058826,38
2010-01-22,0.0329833776708093,46,0.024804296798677065,39,0.023872854221493295,37
2010-01-25,0.032535776779095735,46,0.024778956707283754,39,0.02339766966987683,37
2010-01-26,0.019940908019635762,34,0.023924531975104725,38,0.023777818496643215,37
2010-01-27,0.02645074615158969,42,0.02482941321621126,39,0.023683629178010653,37
2010-01-28,0.016446189324525202,29,0.025764213645028445,40,0.02370030506694104,37
2010-01-29,0.019818675305223986,34,0.027589393038786814,42,0.02437177012038713,38
2010-02-01,0.01892100607718013,33,0.02678866879301033,42,0.024179470701531387,38
2010-02-02,0.007278506784333973,8,0.02492042578592413,39,0.024564828726127932,38
2010-02-03,0.01439601731116135,24,0.024219656652896562,38,0.024007983178031832,38
2010-02-04,0.03296757718631023,46,0.024575039296914493,39,0.02528882045814643,40
2010-02-05,0.030769396037831277,45,0.024978012418629323,39,0.02427792384267263,38
2010-02-08,0.03062725961302001,45,0.025831871702262758,41,0.024447605694018618,38
2010-02-09,0.02792790913846137,43,0.024756737838127655,39,0.024586698557548265,39
2010-02-10,0.02934789090315694,44,0.02430833925253342,38,0.024445195482399644,38
2010-02-11,0.01370871114544356,23,0.023962650317998706,38,0.023843790703229086,37
2010-02-12,0.012946511599556225,21,0.02232182671317854,36,0.023869294400895195,37
2010-02-16,0.018635196124241752,32,0.026418654921117068,41,0.025801688195783684,40
2010-02-17,0.020663075178223585,35,0.0274008210905353,42,0.026169729418381197,40
2010-02-18,0.020704669857502564,35,0.027102836964934,42,0.02497079116147994,39
2010-02-19,0.021662651647450668,37,0.018044384222924467,29,0.024492280512712954,38
2010-02-22,0.017982334543566538,31,0.018018634266863048,29,0.021145492000103044,33
2010-02-23,0.022743201844697105,38,0.019994523233868695,33,0.0223985395585843,35
2010-02-24,0.02263407617406424,38,0.021340540186105268,35,0.023134387936747085,36
2010-02-25,0.02412091935796159,40,0.022858956998897235,37,0.022737922580649873,36
2010-02-26,0.02421442089112261,40,0.02286148726089283,37,0.022567688442419027,36
2010-03-01,0.02316743556914046,39,0.022470143195779353,36,0.022498773905739945,36
2010-03-02,0.017117502269055347,30,0.018978356216527097,31,0.021914383210943446,35
2010-03-03,0.008468326902358434,10,0.016362893210930943,25,0.0218897616085099,35
2010-03-04,0.004363057185243222,2,0.016510269997666093,26,0.021495352169312282,34
2010-03-05,0.009229031849086751,12,0.017641987404276197,28,0.021723890699995925,35
2010-03-08,0.008808343303233044,11,0.01803861707956213,29,0.017317202274226316,25
2010-03-09,0.028594061595115336,44,0.02477434818821324,39,0.022727195634638885,36
2010-03-10,0.025468244123527224,41,0.025359785637928237,40,0.02242383229023222,36
2010-03-11,0.023712663875172065,39,0.025763218868330755,40,0.024414225164998887,38
2010-03-12,0.047668276774350885,51,0.03413801270678555,47,0.02807703873314947,42
2010-03-15,0.05218793738320519,51,0.03560884983235484,47,0.0288397367986284,43
2010-03-16,0.045439448698401164,50,0.036283237084681556,48,0.02928333556408927,43
2010-03-17,0.043502693706049415,50,0.036283237084681556,48,0.02861774737006111,43
2010-03-18,0.033195622595801236,46,0.037104783775328186,48,0.028468958453971148,42
2010-03-19,0.027343998014073827,43,0.039836740969182584,49,0.02966037610915795,44
2010-03-22,0.03004161166747927,45,0.04056226011571713,49,0.030244732711168978,44
2010-03-23,0.025706698731407226,41,0.035085538482796726,47,0.030390249744356154,44
2010-03-24,0.02560069302172875,41,0.03365106606607745,46,0.028955207164080937,43
2010-03-25,0.02629018120392051,42,0.030088066631143596,45,0.02892489755026566,43
2010-03-26,0.013037038267677024,21,0.023695081310817857,38,0.02821073635725103,42
2010-03-29,0.022940049733089263,38,0.025203679170130666,40,0.029624419280310357,44
2010-03-30,0.02401040801063352,40,0.02365555423271376,38,0.03030961589101152,44
2010-03-31,0.02390250800149731,39,0.023913046997009985,38,0.030571483505586004,44
2010-04-01,0.025035149973848446,41,0.02570255787362934,40,0.03090976048596553,44
2010-04-05,0.026667745992067993,42,0.023018284342240534,37,0.03096646074176612,45
2010-04-06,0.021563797096460433,36,0.02100744732999469,34,0.03089693667382381,44
2010-04-07,0.015555256097220494,27,0.020581517262359076,33,0.030888167670003176,44
2010-04-08,0.00943304785067069,12,0.021485264659837577,35,0.02760956350220123,42
2010-04-09,0.006569752054560499,6,0.020535829761708205,33,0.026927161603209536,41
2010-04-12,0.0066249412567860756,6,0.020953640416981237,34,0.02474346817708877,39
2010-04-13,0.011297188255660022,17,0.016997921000011615,27,0.021394175887842724,34
2010-04-14,0.02602461828445586,42,0.021206950869447554,34,0.02406816108360386,38
2010-04-15,0.034153845789661574,47,0.023753458522155078,38,0.02429352525547577,38
2010-04-16,0.04527208210286444,50,0.03162429712704588,45,0.027622413411021098,42
2010-04-19,0.05499450913167607,52,0.037059802710606535,48,0.030747378568883786,44
2010-04-20,0.05431395820494412,52,0.036987302183580734,48,0.029416973335394156,43
2010-04-21,0.04642132437051778,50,0.03771780450958412,48,0.029195732766903966,43
2010-04-22,0.045069585219322444,50,0.03822075764307994,48,0.029433914679453207,43
2010-04-23,0.033917082259020064,47,0.03824021871945554,49,0.02951262706998373,43
2010-04-26,0.02545779830661795,41,0.042087949700062056,50,0.03178165630667743,45
2010-04-27,0.026428339316000617,42,0.046037185413714765,50,0.03455839042688606,47
2010-04-28,0.0350548559747518,47,0.04027534503434334,49,0.03418475842819671,47
2010-04-29,0.0405131892364107,49,0.041238250452713336,49,0.033977969910044946,47
2010-04-30,0.0418358681210507,49,0.040032452520015534,49,0.035389499689217646,47
2010-05-03,0.039265442788045654,49,0.031233550763667225,45,0.03483574049304258,47
2010-05-04,0.032311194695565065,46,0.03038872960127121,45,0.035538428305706,47
2010-05-05,0.02831234587911685,43,0.030310272323197694,45,0.03575048203960024,47
2010-05-06,0.020177998118117952,35,0.030761673200433687,45,0.036219240521588196,48
2010-05-07,0.01801532021582351,31,0.03040543784101688,45,0.03565709552666807,47
2010-05-10,0.036793742685937554,48,0.03587357566066715,47,0.03769252191444497,48
2010-05-11,0.03415216767823087,47,0.03134430733973876,45,0.03737120086697412,48
2010-05-12,0.033128549529669794,46,0.02979565374567689,44,0.03740078232607656,48
2010-05-13,0.030384577794522742,45,0.028063783429123322,43,0.03379194583820803,47
2010-05-14,0.03300152091041998,46,0.02658916300640937,41,0.033857046766533075,47
2010-05-17,0.013156502141075055,22,0.02651392255271646,41,0.03277131289182153,46
2010-05-18,0.014337625591793954,24,0.026484520195599357,41,0.02796331563431596,42
2010-05-19,0.022588956027946867,38,0.028470787243336914,43,0.02813588620251508,42
2010-05-20,0.02618803446650501,42,0.030079121574256275,45,0.029129325972085826,43
2010-05-21,0.03601447233770169,48,0.03305357840838073,46,0.030894933399688292,44
2010-05-24,0.03505442248990447,47,0.026017462906970285,41,0.031132307137785573,45
2010-05-25,0.03083118630001071,45,0.02622549958072265,41,0.02982323752231991,44
2010-05-26,0.03078910122984752,45,0.027792838115842478,43,0.028227610221338746,42
2010-05-27,0.01712673783748288,30,0.03120731124300351,45,0.029297126255210335,43
2010-05-28,0.0214043632768956,36,0.030333204427716916,45,0.028594493931184115,43
2010-06-01,0.027754097369088435,43,0.030080116142510414,45,0.027887644816504752,42
2010-06-02,0.02828785300939776,43,0.027998390176825403,43,0.028195104369339426,42
2010-06-03,0.027386104043461115,43,0.02750080002530745,42,0.027581385610264873,42
2010-06-04,0.025576181921061515,41,0.02662363947570721,41,0.028746225276720765,43
2010-06-07,0.028610079428343725,44,0.027888251858508486,43,0.029084301680954033,43
2010-06-08,0.03209527773895374,46,0.028814652693427638,43,0.029618115848751864,44
2010-06-09,0.03742454671340466,48,0.03168336219733454,46,0.028325164270484697,42
2010-06-10,0.037240241919186234,48,0.031098515747281293,45,0.028367213096455193,42
2010-06-11,0.030138227893861263,45,0.027752830737966565,43,0.028345821917144926,42
2010-06-14,0.01838682356209428,32,0.027451284327405137,42,0.028035655372023082,42
2010-06-15,0.019361080181672322,33,0.027263767635543248,42,0.028187304191998046,42
2010-06-16,0.013212323278118925,22,0.02680911468694572,42,0.02730199867293646,41
2010-06-17,0.014467743922748843,25,0.02679944609898118,42,0.026169062945341763,40
2010-06-18,0.0141051342014598,24,0.02220022517344771,36,0.025930905504522418,40
2010-06-21,0.01385117135901671,23,0.01564772615726357,24,0.023270120892962307,37
2010-06-22,0.01212383080852534,19,0.017594776722835347,28,0.0229596942713216,36
2010-06-23,0.012790156027145193,21,0.013604777691491595,20,0.02315980140258915,36
2010-06-24,0.016611416423362717,29,0.016050799831146604,25,0.024063296424978113,38
2010-06-25,0.02785265878547948,43,0.021457898817592504,35,0.025388556628045726,40
2010-06-28,0.029060599625608204,44,0.021857258963711358,35,0.02391642204135822,37
2010-06-29,0.04189895968151354,49,0.029361976563061346,44,0.0279691511963335,42
2010-06-30,0.04260864154808856,50,0.029662977132206766,44,0.02743563845847892,41
2010-07-01,0.04083644941702444,49,0.02984396113623111,44,0.027133469882061258,41
2010-07-02,0.03400411461311188,47,0.029380786917242073,44,0.027022093824498186,41
2010-07-06,0.03211672326862212,46,0.029318452432809925,44,0.025320106019045992,40
2010-07-07,0.011584413951913635,18,0.030694531283908776,45,0.02432241504272672,38
2010-07-08,0.0122086959816095,19,0.030880877361350218,45,0.024185496400377555,38
2010-07-09,0.01201988830207742,18,0.02916585104507106,44,0.022926846791930425,36
2010-07-12,0.01040545315320072,15,0.026781481735203158,42,0.023134876857469025,36
2010-07-13,0.012527318618138286,20,0.02977914307832889,44,0.024906028565240386,39
2010-07-14,0.023901858623385907,39,0.01804946048095159,29,0.025535570944434642,40
2010-07-15,0.02673568401183852,42,0.019606389368988827,32,0.02513974421356235,39
2010-07-16,0.0409910239463521,49,0.030329846688474254,45,0.02885046027475664,43
2010-07-19,0.041473036496526616,49,0.03079338902014248,45,0.029165147290752775,43
2010-07-20,0.031094798820688913,45,0.030755233932631423,45,0.029040759663398617,43
2010-07-21,0.0308837776637291,45,0.030035799557878985,44,0.02916546366985875,43
2010-07-22,0.03840879737052947,48,0.031882521398958225,46,0.029974225111963324,44
2010-07-23,0.023068518751197104,39,0.032057457306454644,46,0.030099524076876907,44
2010-07-26,0.025381501972498284,41,0.03328837769798729,46,0.02995648408978416,44
2010-07-27,0.025387770109038043,41,0.02939891636962127,44,0.028702390752220617,43
2010-07-28,0.026337982546768026,42,0.029147025449052618,44,0.028870865827047582,43
2010-07-29,0.020421706965238717,35,0.02909345494982384,44,0.024168551062135103,38
2010-07-30,0.018226623869587167,31,0.019634642374146992,32,0.02425180645154443,38
2010-08-02,0.014388503754998911,24,0.019764247298114095,32,0.024552599252889922,38
2010-08-03,0.016112160542601155,28,0.02072422227515547,34,0.024917422683307686,39
2010-08-04,0.013589752581882981,23,0.01995239532288832,32,0.024901656284655446,39
2010-08-05,0.014192490310850858,24,0.01663256203481377,26,0.024424043666673008,38
2010-08-06,0.014694954557565972,25,0.01592068000821384,25,0.024305454993562663,38
2010-08-09,0.0084325092447318,10,0.01176187987173116,16,0.024036548603638224,38
2010-08-10,0.010030274052450713,14,0.012923491981429051,18,0.02411378801225957,38
2010-08-11,0.01563820699636875,27,0.016414002872007002,25,0.022798227088517448,36
2010-08-12,0.017980526071902248,31,0.01623514510970465,25,0.022597398807327713,36
2010-08-13,0.019067790960088603,33,0.016468332077497233,26,0.02255786498307727,36
2010-08-16,0.01797337349612295,31,0.013505983683897561,20,0.017991900992617205,27
2010-08-17,0.017266410257794736,30,0.013326212813566858,19,0.017374847622551877,26
2010-08-18,0.004253689194707913,1,0.013340029213380835,19,0.01737582169653079,26
2010-08-19,0.00851403560461053,10,0.01379642655554143,20,0.01759639829675926,26
2010-08-20,0.00792731644376438,9,0.013811656100954662,20,0.015127398328901122,20
2010-08-23,0.008340885266894,10,0.013387722485954004,20,0.014844750936143207,20
2010-08-24,0.008522761469293727,10,0.012837080542094394,18,0.012474035305604057,15
2010-08-25,0.006505353951585245,6,0.0073965522842830145,5,0.01236163681444212,15
2010-08-26,0.004435440106019723,2,0.006569025110579916,3,0.012098290344001264,14
2010-08-27,0.015437378687740718,27,0.01220795886342365,17,0.013800622219688906,18
2010-08-30,0.018984308916836144,33,0.01386776501858253,21,0.014454842231524575,19
2010-08-31,0.019540066554988043,34,0.014744349887771372,22,0.013577360211522721,18
2010-09-01,0.02467077272676962,40,0.019651132956145005,32,0.016337432036352167,23
2010-09-02,0.023360665351975684,39,0.018724375751976368,30,0.01649402642620646,23
2010-09-03,0.021725623661657277,37,0.018192574001427958,29,0.016576884494044476,23
2010-09-07,0.020465667007828266,35,0.019812638054869547,32,0.016982832617549678,24
2010-09-08,0.020594217994822736,35,0.0192858683231777,31,0.01693874614502801,24
2010-09-09,0.014439901529924281,25,0.019306987341495174,31,0.01706736190327135,25
2010-09-10,0.014180700400242911,24,0.019015887640192942,31,0.01487197388163026,20
2010-09-13,0.016503862716830728,29,0.018303140020046318,29,0.015456987033127699,21
2010-09-14,0.013686189760701732,23,0.016488633457766435,26,0.015756357050908245,22
2010-09-15,0.014533062092431057,25,0.016874080011699995,27,0.015792915228256824,22
2010-09-16,0.013373466455475835,22,0.013121364447053396,19,0.01594186653353924,22
2010-09-17,0.013848769778513596,23,0.013216686262064072,19,0.016004517091870004,22
2010-09-20,0.01087899106769177,16,0.01335569366507471,19,0.015475165806426662,21
2010-09-21,0.01087899106769177,16,0.01203729679244785,16,0.015564732903218675,21
2010-09-22,0.012844199924703674,21,0.013336751612894913,19,0.016033307632965604,22
2010-09-23,0.011907923744749962,18,0.01345562496109126,20,0.0165570510683732,23
2010-09-24,0.020260509007606817,35,0.016516429282932905,26,0.017344034314668202,26
2010-09-27,0.019120007806512726,33,0.015001632517321789,23,0.017437739651749502,26
2010-09-28,0.01906159147361191,33,0.014708024744384558,22,0.016511966647852608,23
2010-09-29,0.0182334515401619,31,0.015030273085141039,23,0.015505110082677789,21
2010-09-30,0.013846864946449655,23,0.014363040775146527,22,0.015458518690378046,21
2010-10-01,0.021511586827831046,36,0.02064442507812284,33,0.016514988408183377,23
2010-10-04,0.02289593964619924,38,0.021263719354915566,35,0.01690267627458308,24
2010-10-05,0.02371164922801785,39,0.02185565426378353,35,0.01759218041892445,26
2010-10-06,0.025394705751388753,41,0.021173792189077972,34,0.016945212096378216,24
2010-10-07,0.0247348052709147,40,0.01934960560599007,32,0.01730420578376645,25
2010-10-08,0.016935869256304546,30,0.0184108574258469,30,0.017004227486176506,24
2010-10-11,0.014016361638426412,24,0.017903689055331195,29,0.017036279277562662,25
2010-10-12,0.011284405711409082,17,0.01792843348534058,29,0.0167792974832786,24
2010-10-13,0.009236037208365442,12,0.018046398220458844,29,0.01639911054235275,23
2010-10-14,0.022721001581529197,38,0.024589555181823167,39,0.019459036708256796,30
2010-10-15,0.023923496222073327,39,0.021378258808956392,35,0.020268792584611346,32
2010-10-18,0.038878893093692975,48,0.02781891804746509,43,0.02358281983709664,37
2010-10-19,0.03941501155871976,49,0.02822299336793787,43,0.024352303667897316,38
2010-10-20,0.04031206254526,49,0.02844551922636955,43,0.024259876799698852,38
2010-10-21,0.034546129073671085,47,0.027781412603232882,43,0.024090470342749814,38
2010-10-22,0.030792201575076655,45,0.028019978493380924,43,0.02353597346096359,37
2010-10-25,0.02005826124678492,34,0.029183560904617246,44,0.023394107003201905,37
2010-10-26,0.014233102875833516,24,0.028888403609504572,43,0.02335409915902737,37
2010-10-27,0.014100987360796551,24,0.028865162469787865,43,0.02339476723645955,37
2010-10-28,0.012486508154032306,20,0.02457806305280858,39,0.02336599637586704,37
2010-10-29,0.0122944228076768,19,0.022285258665515367,36,0.023341185052082592,37
2010-11-01,0.003103401819503372,0,0.013779037267340572,20,0.02123113292105534,34
2010-11-02,0.0035647325860323977,1,0.010346546356707675,12,0.020940131345077405,33
2010-11-03,0.0040182927300609576,1,0.009832581621484541,10,0.02028726008218249,32
2010-11-04,0.014944172594166543,26,0.013061553344459827,19,0.021382878860796026,34
2010-11-05,0.01884508936995642,32,0.016294602648682936,25,0.022379035184643566,35
2010-11-08,0.020775691671584155,35,0.016496413221049094,26,0.02262468540932782,36
2010-11-09,0.02913255999827932,44,0.019908483537998074,32,0.0238021401132839,37
2010-11-10,0.03059209119549996,45,0.021254824662684132,34,0.02434236559484372,38
2010-11-11,0.02921770615705473,44,0.022100208740151756,36,0.024586312658409406,39
2010-11-12,0.02195227713765017,37,0.023041420381869838,37,0.022609313725940307,36
2010-11-15,0.022930643951865642,38,0.02289487841231563,37,0.02154947664971777,34
2010-11-16,0.020866543293319776,36,0.02447245223401252,39,0.018885952513911838,29
2010-11-17,0.01137717938239385,17,0.02458149219170246,39,0.017947416202461663,27
2010-11-18,0.019673048358460742,34,0.023593283961304085,38,0.018606959062092924,29
2010-11-19,0.018546639816862043,32,0.01961600894230254,32,0.018539379131337255,28
2010-11-22,0.019688019616517283,34,0.02015943031179939,33,0.01911330278633826,29
2010-11-23,0.01890196047754602,33,0.01880054593577593,31,0.018809120328593172,29
2010-11-24,0.021256106670972597,36,0.016867439411127713,27,0.01913765418100951,29
2010-11-26,0.014910440815473675,26,0.016694978723748585,26,0.019236335384682692,30
2010-11-29,0.015987512340706788,28,0.016503141793930105,26,0.019268904737766,30
2010-11-30,0.014896702859742317,26,0.01692183346391905,27,0.01944908697145799,30
2010-12-01,0.012546471168639023,20,0.017126325117507026,27,0.02005053337888762,31
2010-12-02,0.014913135526610565,26,0.01857295041561224,30,0.020837141441606283,33
2010-12-03,0.010289560116054829,15,0.017121052348134,27,0.02085033444796297,33
2010-12-06,0.011634023045916264,18,0.01674705133973394,26,0.019660583177315113,30
2010-12-07,0.01565853769914976,27,0.017337724930784205,28,0.01977495547557133,31
2010-12-08,0.016660295564044213,29,0.01423746288962345,21,0.01955039386882646,30
2010-12-09,0.015162802299218228,26,0.014178423228600853,21,0.018042329991593463,27
2010-12-10,0.01501973239057303,26,0.012149055844879589,17,0.017499235081770214,26
2010-12-13,0.013440514446118141,22,0.011882382061142697,16,0.01706092765041762,25
2010-12-14,0.016411328755468326,29,0.017371253804277502,28,0.017703415379455023,27
2010-12-15,0.019632365783257395,34,0.019475437271662,32,0.018554102062879278,28
2010-12-16,0.018500667882980035,32,0.01806905322386393,29,0.017591509490014486,26
2010-12-17,0.020746566266105985,35,0.01924741935212197,31,0.017944688458128147,27
2010-12-20,0.020082691695951626,34,0.019189735777397694,31,0.017320271040664602,25
2010-12-21,0.016490830358269478,29,0.01551734616024356,24,0.01710548952545269,25
2010-12-22,0.010932013871609997,16,0.015574626467940979,24,0.016162404912979083,23
2010-12-23,0.013125478227818855,22,0.015745721301872434,24,0.01559348126014279,21
2010-12-27,0.011020750837728145,16,0.01595585559614934,25,0.01568996259899793,21
2010-12-28,0.0110213842391063,16,0.015715758672290674,24,0.0153160504680592,21
2010-12-29,0.011024912290522501,16,0.013233395714369746,19,0.015441299008100758,21
2010-12-30,0.011023884649705022,16,0.010649989542598153,13,0.015507690432863864,21
2010-12-31,0.00999032508438629,14,0.011044356780640757,14,0.015176117930325098,20
2011-01-03,0.017268981584975782,30,0.013720710058531168,20,0.015876584502762532,22
2011-01-04,0.01739753152539125,30,0.013773832881936995,20,0.015908298530637823,22
2011-01-05,0.017248411741980073,30,0.014144663645030272,21,0.01600166389750389,22
2011-01-06,0.017559462255785776,31,0.01426162265830564,21,0.014228092531625944,19
2011-01-07,0.016775615455380387,29,0.013482939288695274,20,0.014274451860247877,19
2011-01-10,0.008066844536583136,9,0.012985332700341384,18,0.014309483197828769,19
2011-01-11,0.008438922102653363,10,0.01301726833028207,18,0.01390960552497144,18
2011-01-12,0.014123523478670953,24,0.015003447412957458,23,0.01502191660358206,20
2011-01-13,0.014791291032815335,26,0.015471609519737646,24,0.01386777989420087,18
2011-01-14,0.015523746279246036,27,0.015249849880281826,23,0.01296407072413955,16
2011-01-18,0.03633262471604072,48,0.02492034213895307,39,0.019989430643665106,31
2011-01-19,0.035901578598588196,48,0.02499370601429939,39,0.01943296115239958,30
2011-01-20,0.03189758373157503,46,0.024618387200217768,39,0.019502732232650234,30
2011-01-21,0.03462520171118556,47,0.025568156224590945,40,0.019854382069627762,31
2011-01-24,0.032147700552725686,46,0.02562094350914411,40,0.019912101642179037,31
2011-01-25,0.012176133656080118,19,0.025674367479598437,40,0.01984770325249733,31
2011-01-26,0.01127948101514916,17,0.02553332933132514,40,0.019441552545906803,30
2011-01-27,0.010841670802152745,16,0.02335463900580591,37,0.01945478792601932,30
2011-01-28,0.009998134804755055,14,0.024039213873009294,38,0.02011441233939808,32
2011-01-31,0.016162478224085862,28,0.02443037138924543,39,0.02064544090337128,32
2011-02-01,0.017364995051305007,30,0.014201634814260173,21,0.02085508549605391,33
2011-02-02,0.018359982588497182,32,0.014366507179801032,22,0.019473600840925778,30
2011-02-03,0.018793526477118204,32,0.014502008345518614,22,0.019550179536802582,30
2011-02-04,0.01422250069068322,24,0.013029159937825668,19,0.019261785808813006,30
2011-02-07,0.012950104129409976,21,0.01404766048320889,21,0.019636786002724435,30
2011-02-08,0.010670618099255767,16,0.013733068962365107,20,0.01963687702235548,30
2011-02-09,0.010675432269515506,16,0.014204380147760556,21,0.019718673771623414,31
2011-02-10,0.011565312644574074,18,0.014713786443438686,22,0.019822020959081425,31
2011-02-11,0.015349953157741026,27,0.013979837412047155,21,0.019325784179779086,30
2011-02-14,0.013571061487758595,23,0.012597620712421488,18,0.019345078992002863,30
2011-02-15,0.013506787000627612,22,0.011494457929907493,15,0.01885824423673245,29
2011-02-16,0.012261307084732751,19,0.010945115912614527,13,0.0123130126400576,15
2011-02-17,0.009025929508702459,11,0.010616587369538782,13,0.012209943781192075,15
2011-02-18,0.005868726309858921,4,0.01097816007411627,14,0.01222949027177342,15
2011-02-22,0.02070463899966499,35,0.017236312864579637,27,0.015167676066562734,20
2011-02-23,0.02095551240453399,36,0.017345500016888095,28,0.015158890374793883,20
2011-02-24,0.020948507774133852,36,0.017201548949332363,27,0.015081352867779424,20
2011-02-25,0.019893176544096065,34,0.016931875734703335,27,0.015096969155308363,20
2011-02-28,0.01999348718464742,34,0.014977639229335838,23,0.015065087033353594,20
2011-03-01,0.010640393323406733,15,0.015649620490327868,24,0.015117639298113586,20
2011-03-02,0.011542504577973092,17,0.016108577787550565,25,0.014340824295752496,19
2011-03-03,0.015166549270642012,26,0.017776030499040855,28,0.014393584316341973,19
2011-03-04,0.019897262457174582,34,0.01882413150273457,31,0.015545997349834272,21
2011-03-07,0.01989268627086588,34,0.018852887112175726,31,0.015503999377110748,21
2011-03-08,0.021864808963813123,37,0.016799268078983565,27,0.016760825795311227,24
2011-03-09,0.021785822247988917,37,0.016799737092608884,27,0.016262443107476418,23
2011-03-10,0.022427639442274466,38,0.018282568543024378,29,0.016912070410444503,24
2011-03-11,0.01817715712376868,31,0.01847847086812925,30,0.016970858165187307,24
2011-03-14,0.01837561448989582,32,0.018515198860409317,30,0.01684965737970922,24
2011-03-15,0.013765906322863867,23,0.018337312500337172,29,0.01649118361399252,23
2011-03-16,0.012357313871433802,19,0.018199311065273352,29,0.016373796745347793,23
2011-03-17,0.014220455196066762,24,0.01773346091164659,28,0.01685485885627316,24
2011-03-18,0.015193950689045657,26,0.015966430817084095,25,0.017198634259366276,25
2011-03-21,0.016129628862137632,28,0.016574406776256854,26,0.017128612022079794,25
2011-03-22,0.012935638760339098,21,0.0132573609842584,19,0.01713320383568766,25
2011-03-23,0.011886584534441644,18,0.01303631435329105,19,0.014487003158365722,19
2011-03-24,0.010277152977578473,15,0.011807395234995223,16,0.01460455937515443,20
2011-03-25,0.009089086026326885,12,0.011821389100704901,16,0.014750737702352187,20
2011-03-28,0.006441546173644722,5,0.011827880822206123,16,0.014744689831397146,20
2011-03-29,0.0065010703776702755,5,0.009721385454908449,10,0.014822706798718268,20
2011-03-30,0.00574633759389967,4,0.008850765030251229,8,0.014005764634167476,18
2011-03-31,0.006244692855198791,5,0.008020177605494734,6,0.013939062164056503,18
2011-04-01,0.006249116406300742,5,0.007386120031355411,5,0.013390107803016974,17
2011-04-04,0.005746684404051295,4,0.005755205822796025,2,0.011827822531433496,14
2011-04-05,0.0068747473974165125,7,0.006312428945195153,2,0.012002185105171224,14
2011-04-06,0.013382920706509045,22,0.009936933842926777,10,0.012035727500855346,14
2011-04-07,0.012391382956203047,20,0.01008778109468041,11,0.012026033781761003,14
2011-04-08,0.0134431723928844,22,0.010284765760682144,11,0.010861527251941951,11
2011-04-11,0.01383652521910122,23,0.010270529683949486,11,0.010857698295939891,11
2011-04-12,0.013615194187170939,23,0.01026817017177046,11,0.010808357691749898,11
2011-04-13,0.0056952465542187535,4,0.011093179986392913,14,0.009906227937503473,9
2011-04-14,0.007513026974809856,8,0.012096646188285962,16,0.010204996213930489,10
2011-04-15,0.007727021899809835,9,0.011893405866523134,16,0.009758053013610365,9
2011-04-18,0.008191115036489482,10,0.011815099814126475,16,0.009396569520224137,8
2011-04-19,0.015685347002136682,27,0.014040577391843946,21,0.01036648763448202,10
2011-04-20,0.014948322311898108,26,0.011305386627306298,14,0.010458245696554791,10
2011-04-21,0.011988267579397261,18,0.011365450475819624,15,0.010453916051934053,10
2011-04-25,0.012810788777491599,21,0.011468802931553784,15,0.01053172624003221,11
2011-04-26,0.013043304504158628,21,0.01130724398787141,14,0.010468273573305483,10
2011-04-27,0.005951918461148762,4,0.011184517487540173,14,0.01033551018611023,10
2011-04-28,0.009721340883030293,13,0.011947591661665405,16,0.01095105420072638,12
2011-04-29,0.009314758817121663,12,0.010300365216336437,11,0.01095105420072638,12
2011-05-02,0.014021024172719946,24,0.013025471104739944,19,0.011964648826094304,14
2011-05-03,0.014427026144085937,25,0.013102643304662766,19,0.011962030439411136,14
2011-05-04,0.01444559171312303,25,0.010434230329727788,12,0.011909624832496437,14
2011-05-05,0.010790782655097073,16,0.010138578237091186,11,0.011905001525702416,14
2011-05-06,0.012400826678114233,20,0.010643846089009664,13,0.01045118236062454,10
2011-05-09,3.9212743204182594,54,2.7732918847979326,54,1.9139120479074188,54
2011-05-10,3.9219190232904007,54,2.7731822135849,54,1.9138543466451277,54
2011-05-11,3.925054014213701,54,2.7742151251871756,54,1.9141083940559116,54
2011-05-12,3.9254904002457374,54,2.775238882151405,54,1.9142844062613764,54
2011-05-13,3.928824043783581,54,2.7759787840077546,54,1.914396937575664,54
2011-05-16,0.011551563817581692,18,2.7754969561602754,54,1.9143147517533659,54
2011-05-17,0.014166338932220556,24,2.7754342057975365,54,1.9141988860973713,54
2011-05-18,0.010660363280331969,16,2.7756483855997436,54,1.914277979200562,54
2011-05-19,0.011435373544085466,17,2.7752587788458305,54,1.9145029885714737,54
2011-05-20,0.0078858434885756,9,2.7758730673487366,54,1.914692514320236,54
2011-05-23,0.011469155505104621,17,0.011796540635604471,16,1.9148770154368626,54
2011-05-24,0.011533501432539025,17,0.012771783058688714,18,1.9147122577936564,54
2011-05-25,0.011463722562421702,17,0.010598833215795338,12,1.9147365430927055,54
2011-05-26,0.010726293533992438,16,0.010459432180870153,12,1.914766084809131,54
2011-05-27,0.014918870501222916,26,0.011314352833948615,14,1.9147567038330797,54
2011-05-31,0.009344508682236685,12,0.01116177616710948,14,1.9147095165020134,54
2011-06-01,0.02023757241103222,35,0.015535207525370853,24,1.9148789232499264,54
2011-06-02,0.021069452670538755,36,0.016068167351748507,25,1.9148535598815684,54
2011-06-03,0.021096957493378164,36,0.015915420467995905,25,1.91488494476349,54
2011-06-06,0.024571562692386105,40,0.020568641067913465,33,1.9153072922629621,54
2011-06-07,0.022399918153020747,38,0.020123017786030616,33,1.9155420680959954,54
2011-06-08,0.020092464460843323,34,0.01979697813272132,32,0.0159549422797076,22
2011-06-09,0.025742987861488105,41,0.022768150012614417,36,0.017562398118048876,26
2011-06-10,0.026534172824224163,42,0.02298250060132112,37,0.016993652124194576,24
2011-06-13,0.023410322723066708,39,0.02501865087238689,39,0.018899923462186632,29
2011-06-14,0.02285483501969623,38,0.02488221317578485,39,0.018543265069088755,28
2011-06-15,0.022744075075474057,38,0.02310683950894497,37,0.018886564124986745,29
2011-06-16,0.02061097147780806,35,0.02268567738213094,36,0.018718087983244383,29
2011-06-17,0.022237960732670568,37,0.02390197131056893,38,0.019324903891194692,30
2011-06-20,0.014117447760637142,24,0.0191349729470957,31,0.019263254828679757,30
2011-06-21,0.020592793614282144,35,0.020598029556521097,33,0.02057594952414385,32
2011-06-22,0.01616360745119863,28,0.01861510184741471,30,0.020144981879488037,32
2011-06-23,0.014422356080385541,25,0.01757022093034546,28,0.020034637422897413,31
2011-06-24,0.013682549682794304,23,0.017569627201673807,28,0.020056337577249395,31
2011-06-27,0.012397176207425436,20,0.014701397570407145,22,0.020186153906656748,32
2011-06-28,0.004503073668248689,2,0.014071160228074506,21,0.01975525113264427,31
2011-06-29,0.013969756320585157,23,0.014282557118715468,21,0.021120259467497803,33
2011-06-30,0.012855773569704711,21,0.012913783201126622,18,0.019338180033497167,30
2011-07-01,0.014478277407688018,25,0.014184626137628477,21,0.020198045514217167,32
2011-07-05,0.017953719635246182,31,0.014645046119300533,22,0.020270177704772446,32
2011-07-06,0.02135185852535301,36,0.014787525794771897,22,0.017517657352804715,26
2011-07-07,0.017246403106369962,30,0.0149808161970409,23,0.017154310245804327,25
2011-07-08,0.019414526467219754,33,0.016250233390314568,25,0.01670728789476218,24
2011-07-11,0.024576044779742155,40,0.024993812993017114,39,0.02057845138900965,32
2011-07-12,0.02423955898980435,40,0.025413290502104453,40,0.021067156339601035,33
2011-07-13,0.027190299995294136,42,0.025653191751857218,40,0.01993044609389666,31
2011-07-14,0.02291196132907204,38,0.022589849547425038,36,0.019970984918644477,31
2011-07-15,0.02285297061804712,38,0.02255239829798862,36,0.019795222972456533,31
2011-07-18,0.011848241481896168,18,0.01831859087663676,29,0.02003393383175188,31
2011-07-19,0.013163017439399847,22,0.01934667290037085,32,0.019706529784341117,31
2011-07-20,0.014921559957497665,26,0.021085674930801303,34,0.019988724175789483,31
2011-07-21,0.025276896091364586,41,0.026064129297990908,41,0.02120151248739304,34
2011-07-22,0.02258718067010408,38,0.02589390953230995,41,0.021193246384457742,34
2011-07-25,0.020425893882686837,35,0.01951247222241558,32,0.021288636980397957,34
2011-07-26,0.021726457914850547,37,0.018538857366036606,30,0.021305307640854396,34
2011-07-27,0.0289485209004664,44,0.02176094085244677,35,0.022617737215343544,36
2011-07-28,0.014594892038919572,25,0.021553982548555287,35,0.022578059043178316,36
2011-07-29,0.01567766175857174,27,0.020998096329884208,34,0.021112299849615653,33
2011-08-01,0.016793406018177418,29,0.020161692415609708,33,0.021116946276232295,33
2011-08-02,0.02137310659521569,36,0.023554616702270704,38,0.02090644285380483,33
2011-08-03,0.018282477778834277,32,0.022909256877425427,37,0.02108767836791507,33
2011-08-04,0.03237251175484087,46,0.023969037845581045,38,0.024768701083399142,39
2011-08-05,0.03076876987903545,45,0.024696863151129744,39,0.02502897535257986,39
2011-08-08,0.06357925654076592,52,0.05198208056679116,51,0.0417440955498954,49
2011-08-09,0.1105820031155723,54,0.07532209031349495,53,0.0531343906189574,51
2011-08-10,0.11386354963343776,54,0.07998953904189612,53,0.057069605295941135,52
2011-08-11,0.12282838309296579,54,0.08470115061198438,53,0.05928900211387825,52
2011-08-12,0.12241751205997807,54,0.0843231359691879,53,0.059294483327467166,52
2011-08-15,0.09111445228991213,53,0.08688165707404592,53,0.060629157039477466,52
2011-08-16,0.06838729926773116,53,0.08702956304014646,53,0.06107694406129286,52
2011-08-17,0.04407381644141997,50,0.08680659034541256,53,0.0609778806761686,52
2011-08-18,0.04209358372328068,50,0.08662391496012753,53,0.06174004079147978,52
2011-08-19,0.043927429485624454,50,0.08673825417332176,53,0.060610375672908924,52
2011-08-22,0.02226433498209266,37,0.07045553805631083,52,0.06052521813596724,52
2011-08-23,0.04280386432376598,50,0.05392007978491006,51,0.06225317178583805,52
2011-08-24,0.05045287786097778,51,0.0457336727795146,50,0.06347229363981492,52
2011-08-25,0.044826984862011886,50,0.04369991639737833,50,0.0646544791048845,52
2011-08-26,0.033892157677419134,47,0.043428156865356705,50,0.06467253083763286,52
2011-08-29,0.020964299833619818,36,0.04355135184490304,50,0.06586195574363786,52
2011-08-30,0.02869338002418392,44,0.04113752998683335,49,0.06581570488570475,52
2011-08-31,0.028456179029588937,43,0.04106467463343302,49,0.06551354457454903,52
2011-09-01,0.030130798533829422,45,0.036577196785927336,48,0.06571706939858352,52
2011-09-02,0.038924043136622205,48,0.038236610394953664,48,0.06522692345397411,52
2011-09-06,0.021683291538932923,37,0.03806048032386939,48,0.06494696283022174,52
2011-09-07,0.03864531768059329,48,0.03780582361780827,48,0.054922326504096314,51
2011-09-08,0.03846338771706482,48,0.03765764039225351,48,0.04583179150790885,50
2011-09-09,0.03967277847805471,49,0.03546733544618385,47,0.04090505893928555,49
2011-09-12,0.03702823188231489,48,0.03581665521169682,47,0.03817894112234317,48
2011-09-13,0.03633270472332957,48,0.030053227678813597,45,0.03815127019435559,48
2011-09-14,0.026426202869716114,42,0.03122074202309834,45,0.036515722668492664,48
2011-09-15,0.03165691083147384,45,0.03567933147928961,47,0.03701323307729139,48
2011-09-16,0.015884535091094953,28,0.03497919430220053,47,0.0371651320417343,48
2011-09-19,0.03185558401516698,45,0.033600831853667634,46,0.03581943670246117,47
2011-09-20,0.035405843082269975,47,0.033880688994224174,46,0.03504818538188816,47
2011-09-21,0.04094028971900616,49,0.032510874953450904,46,0.03648182494278099,48
2011-09-22,0.02963434341485509,44,0.03549737740569893,47,0.03699139412072688,48
2011-09-23,0.04162314622596974,49,0.03801854861195733,48,0.037068977782536504,48
2011-09-26,0.05865499883175089,52,0.044930119753473094,50,0.03885446139582475,48
2011-09-27,0.05750808473120854,52,0.04503655818531304,50,0.03897369707939656,49
2011-09-28,0.054730535566214135,52,0.046509130276752665,51,0.03775223943983523,48
2011-09-29,0.0414235146071048,49,0.04584992448375313,50,0.03905310558857407,49
2011-09-30,0.050137933909824815,51,0.047129849491907676,51,0.040024736631271506,49
2011-10-03,0.0528652800517537,52,0.053856320417787436,51,0.04426922037365474,50
2011-10-04,0.06368145702480478,52,0.058182898869530764,52,0.045461926219515926,50
2011-10-05,0.06365325852084586,52,0.056330785583480716,51,0.04544386054393501,50
2011-10-06,0.06667181260393497,53,0.0545010219889684,51,0.04584553339064125,50
2011-10-07,0.06762324045597812,53,0.05647520046079551,52,0.04665134216422498,50
2011-10-10,0.05119037813505212,51,0.057302368158044854,52,0.04887836680161222,50
2011-10-11,0.050649603107859126,51,0.05946849232026892,52,0.05008223001907721,50
2011-10-12,0.0505742972747181,51,0.05871304975429471,52,0.051084359885047975,50
2011-10-13,0.06216181186590693,52,0.06154764481589051,52,0.05259662383173896,51
2011-10-14,0.049579490770815415,51,0.05900246036839987,52,0.05206219159861541,51
2011-10-17,0.04530512492531371,50,0.04647165078855177,51,0.05210719043361222,51
2011-10-18,0.049959925931753364,51,0.047891617487393436,51,0.053252739984994794,51
2011-10-19,0.04744359254964973,51,0.04935552136840353,51,0.05294838640813761,51
2011-10-20,0.03599039965229854,48,0.04792942600340497,51,0.05136638571251137,51
2011-10-21,0.03572942514556037,48,0.041642726163866224,50,0.048792712907295595,50
2011-10-24,0.033004770799370926,46,0.038085253128101355,48,0.04880307695348164,50
2011-10-25,0.027194021790700237,42,0.038167047079980025,48,0.047512799804880206,50
2011-10-26,0.02392892691723077,39,0.03579425141093787,47,0.04751043423644347,50
2011-10-27,0.045569412160702365,50,0.03900485020924505,49,0.0499582900669689,50
2011-10-28,0.04649273563826454,51,0.03956319022964702,49,0.04975857182979031,50
2011-10-31,0.0624598731508996,52,0.04875819391557579,51,0.0517465308225046,51
2011-11-01,0.07167652102797402,53,0.05183783398205204,51,0.049677968151024356,50
2011-11-02,0.0728493639099409,53,0.052034623063964204,51,0.04876404955660149,50
2011-11-03,0.05279085788927215,52,0.05247130416336252,51,0.04898002805467778,50
2011-11-04,0.05187860344516112,51,0.05274308107225539,51,0.04833637399456388,50
2011-11-07,0.0432228479288558,50,0.05078684575953329,51,0.04622170553202126,50
2011-11-08,0.019019903218994612,33,0.05110111628042917,51,0.0440437657485544,50
2011-11-09,0.04637220301385067,50,0.057572199403507544,52,0.047150406350978516,50
2011-11-10,0.041468069113724,49,0.04486028796175113,50,0.045986521512997015,50
2011-11-11,0.04480619632375594,50,0.04651145155672396,51,0.044574956659536674,50
2011-11-14,0.045435417897070424,50,0.04201245170498754,50,0.04489644083145459,50
2011-11-15,0.03916114566106146,49,0.03500319629375737,47,0.04482908457771896,50
2011-11-16,0.02554226465149767,41,0.03555538709289215,47,0.04283176832321107,49
2011-11-17,0.026353658016419593,42,0.03286782604147765,46,0.04318864631413184,49
2011-11-18,0.02088173030661722,36,0.03396948068350795,47,0.042858544192399886,49
2011-11-21,0.02403682679278244,40,0.03475757720889329,47,0.04375317963506356,49
2011-11-22,0.02322987620276751,39,0.030450994767479714,45,0.04222370449167369,49
2011-11-23,0.022846943568137178,38,0.02372655272770248,38,0.04259413089228862,49
2011-11-25,0.02621748555077727,42,0.024782490896280755,39,0.04252840890417814,49
2011-11-28,0.04358403040781052,50,0.03291264584884471,46,0.03835404114359971,48
2011-11-29,0.037547683879348454,48,0.03301581768165809,46,0.03853252241546906,48
2011-11-30,0.05017172513615602,51,0.04565907415247538,50,0.0418847145832446,49
2011-12-01,0.04404271529528951,50,0.0439186893028931,50,0.03876253344231437,48
2011-12-02,0.04220950981773052,50,0.044059031612944805,50,0.03972069327237363,49
2011-12-05,0.042049348721258664,49,0.04683036153101545,51,0.0412825389643915,49
2011-12-06,0.04400311182005788,50,0.04202894591661665,50,0.041168735931759286,49
2011-12-07,0.032700481366138026,46,0.04012409573716202,49,0.04114282942093815,49
2011-12-08,0.050108834036042264,51,0.04598269863057769,50,0.04323246503435106,49
2011-12-09,0.048900978338034806,51,0.04611141704319592,50,0.04034861348976523,49
2011-12-12,0.04365168486274542,50,0.049302142567728,51,0.04204850312852062,49
2011-12-13,0.04307325504492713,50,0.04975985168648573,51,0.04166895402986459,49
2011-12-14,0.041418175166074,49,0.04184993526423058,50,0.04164166551503406,49
2011-12-15,0.03374547561710277,47,0.04159387862394017,50,0.04158885343199288,49
2011-12-16,0.023270046394477325,39,0.03839455143139473,49,0.04065952408595287,49
2011-12-19,0.020633473410689728,35,0.03219082183471217,46,0.04133341162930364,49
2011-12-20,0.035555774752993805,47,0.037815523670589136,48,0.042523988339743836,49
2011-12-21,0.03282626179432287,46,0.03796963348637701,48,0.041023167396148134,49
2011-12-22,0.0414458394817293,49,0.038340296091985394,49,0.04239383945105255,49
2011-12-23,0.04237782025397521,50,0.03615050287192236,48,0.04123484292354865,49
2011-12-27,0.034292824391526276,47,0.032378065563006694,46,0.04170408028741272,49
2011-12-28,0.034732833502607405,47,0.03343920093435676,46,0.040535253879699126,49
2011-12-29,0.03618752325228465,48,0.032666264375139,46,0.04079263787709162,49
2011-12-30,0.020458818459641537,35,0.03319953378385965,46,0.03599395623269796,47
2012-01-03,0.044012164689685496,50,0.040799599337984715,49,0.03958326653265331,49
2012-01-04,0.04217242830431244,50,0.036409940438140734,48,0.03849837054933931,48
2012-01-05,0.03639559613112039,48,0.034614742002528974,47,0.03624696782414904,48
2012-01-06,0.03687151878352417,48,0.03470127931932115,47,0.0362514365752665,48
2012-01-09,0.03274987958714117,46,0.030308805497472,45,0.03650418834797062,48
2012-01-10,0.01459156380047821,25,0.031006650178048635,45,0.03347993009027915,47
2012-01-11,0.016107296231955632,28,0.03067349346286601,45,0.03377152014776878,47
2012-01-12,0.0163348779164101,29,0.026636365687095466,41,0.031016031009982993,45
2012-01-13,0.026638044388481694,42,0.03033684314297493,45,0.03167440743231101,45
2012-01-17,0.050667491152802266,51,0.04242293011233242,50,0.036320960477987205,48
2012-01-18,0.05018317908875302,51,0.03599067580369314,48,0.036629277904693204,48
2012-01-19,0.044244309396215244,50,0.035916586734137564,47,0.03663881412290796,48
2012-01-20,0.04424635876028803,50,0.0358852365810972,47,0.034583464046693206,47
2012-01-23,0.04393874551979802,50,0.03587586817231464,47,0.03355875971306874,47
2012-01-24,0.010250332834786307,14,0.0355657427264651,47,0.033579562787310835,47
2012-01-25,0.004328253342639979,2,0.034155600564162496,47,0.03136811779145088,45
2012-01-26,0.005368261080923008,3,0.031352525246675256,45,0.031327348948174065,45
2012-01-27,0.006687686846413263,6,0.03165703628444125,45,0.030839960825985058,44
2012-01-30,0.014654469473683896,25,0.031142409437857118,45,0.030429039223080826,44
2012-01-31,0.015815747264773552,27,0.012980405079578235,18,0.030260596107111622,44
2012-02-01,0.01857921649889159,32,0.012939008076282243,18,0.030094823531113594,44
2012-02-02,0.01852285933728212,32,0.012984502352222088,18,0.025844966172281228,40
2012-02-03,0.025352164271026968,41,0.018084534859492997,29,0.02726938916597728,41
2012-02-06,0.020580923225968203,35,0.01909789025728682,31,0.02747277459437801,42
2012-02-07,0.023890952082913943,39,0.019753011081884674,32,0.02762878177095193,42
2012-02-08,0.024953697115777496,40,0.020942603657320265,34,0.028191815631203206,42
2012-02-09,0.029139207358563842,44,0.023018745507138335,37,0.028152301911115892,42
2012-02-10,0.02248527141468802,38,0.0250370045304271,40,0.027472258451405884,42
2012-02-13,0.022398511241101184,38,0.023369011357319804,37,0.027427723949587656,41
2012-02-14,0.02454029569842264,40,0.025350331180380326,40,0.027279574372475256,41
2012-02-15,0.00917376917140572,12,0.024264943185167268,38,0.019599843362990886,30
2012-02-16,0.02246641724972865,38,0.025951040725231803,41,0.019742988126762,31
2012-02-17,0.020826724573450955,35,0.020522148923124792,33,0.0197173293114072,31
2012-02-21,0.0215881059097344,37,0.020935223144165245,34,0.019761272849198146,31
2012-02-22,0.023448097232655122,39,0.022996456536889757,37,0.021242958662020864,34
2012-02-23,0.0223986398358451,38,0.019702093962581296,32,0.02128513685044652,34
2012-02-24,0.01826870111338199,32,0.019389012834044782,32,0.02154914111713358,34
2012-02-27,0.02022687085132881,35,0.019354966288457513,32,0.021657737528263974,35
2012-02-28,0.020815197949800454,35,0.020025894280153656,33,0.021674050122901734,35
2012-02-29,0.013089944961072244,21,0.018024970435943477,29,0.021030390666198114,33
2012-03-01,0.015514892619232458,27,0.018203960263420235,29,0.02132135781907744,34
2012-03-02,0.012719758010700691,21,0.01628717337523531,25,0.020664102634448882,33
2012-03-05,0.015322315396977296,27,0.01707368632596053,27,0.020856189640474285,33
2012-03-06,0.025455487318965235,41,0.022416714472075872,36,0.020704820162778234,33
2012-03-07,0.0320338189504572,46,0.023285740261025565,37,0.02214735296239387,35
2012-03-08,0.031764174674751205,45,0.024038462815723912,38,0.022620941740122212,36
2012-03-09,0.03188006248382975,46,0.02344220382418666,37,0.02131803802828374,34
2012-03-12,0.03100849209049661,45,0.02306070693091209,37,0.02096942039465879,33
2012-03-13,0.024533661989867766,40,0.02955814838155027,44,0.024245928956487944,38
2012-03-14,0.03521774870577281,47,0.03237643079553102,46,0.025687734768897987,40
2012-03-15,0.03591456375934829,48,0.03278978759711956,46,0.025476290023589844,40
2012-03-16,0.035701471841998,47,0.032711437096071036,46,0.025182166918352355,39
2012-03-19,0.03512258994378314,47,0.03195079976039118,46,0.024624500726325962,39
2012-03-20,0.0252936975827639,41,0.02510519382729611,40,0.02493892244573443,39
2012-03-21,0.014415060775110284,25,0.025398306395799517,40,0.025094354132924327,39
2012-03-22,0.019110914608865534,33,0.02762134021845844,42,0.024681741500763226,39
2012-03-23,0.018704456811645488,32,0.027616535723586,42,0.024662473724062776,39
2012-03-26,0.01811317412820571,31,0.027539828906403562,42,0.024340323908998096,38
2012-03-27,0.014071706174207372,24,0.02103516564169155,34,0.024780701016594967,39
2012-03-28,0.015459396936965901,27,0.01705519449980232,27,0.02465560884504158,39
2012-03-29,0.012867584013691046,21,0.015645688089304777,24,0.02495390978104499,39
2012-03-30,0.012203430030231667,19,0.015185343054950349,23,0.024550763205396196,38
2012-04-02,0.01239107768576727,20,0.014819538340781972,22,0.02455382266115172,38
2012-04-03,0.011358174246598914,17,0.012302968085747473,17,0.024596664633136516,39
2012-04-04,0.01740423943784388,30,0.015973127984395985,25,0.02367509639525609,37
2012-04-05,0.017322756734944614,30,0.014908958287684045,23,0.022729112462669815,36
2012-04-09,0.01706738529650785,30,0.015203753498666322,23,0.022898428379781937,36
2012-04-10,0.012433927177647271,20,0.0156633485087037,24,0.0239425343408216,38
2012-04-11,0.02390068895831718,39,0.019000586930722565,31,0.024484857836648277,38
2012-04-12,0.027831763976077402,43,0.022386709156686033,36,0.0210796439353219,33
2012-04-13,0.031649642873290244,45,0.024072587295036203,38,0.02116153878192829,34
2012-04-16,0.03183896986313877,45,0.02534778891087943,40,0.02036858251501996,32
2012-04-17,0.027795266161163297,43,0.027849289893996917,43,0.02152802881335172,34
2012-04-18,0.027841799971628715,43,0.027694990181621672,42,0.02126000890116576,34
2012-04-19,0.025411934020856525,41,0.0251977910590234,40,0.020347068795621537,32
2012-04-20,0.02277996551173957,38,0.02660430074932032,41,0.020980082671497376,33
2012-04-23,0.022788957113652544,38,0.026226636013523978,41,0.020785653563513494,33
2012-04-24,0.013473787804155651,22,0.023908307909951517,38,0.020753875426320345,33
2012-04-25,0.015195181003457738,26,0.022981807209470777,37,0.02074886350771214,33
2012-04-26,0.01646979755429356,29,0.020529766284682883,33,0.020666722861002164,33
2012-04-27,0.012030742991157107,18,0.01740169227310299,28,0.02055958553662596,32
2012-04-30,0.01030872633194565,15,0.01675211124939293,26,0.02053003762083175,32
2012-05-01,0.013053825934473002,21,0.01372334105331968,20,0.021025238909003943,33
2012-05-02,0.01716554167820304,30,0.015329136921899342,23,0.021392306756195523,34
2012-05-03,0.015893160432614153,28,0.015328812708458836,23,0.02131507948146782,34
2012-05-04,0.018059226093105347,31,0.015261573436665626,23,0.020708535297508504,33
2012-05-07,0.018958724860527566,33,0.014868898176144358,22,0.020754123454925652,33
2012-05-08,0.012839056502466695,21,0.014552036769911793,22,0.020347515631804893,32
2012-05-09,0.013093339779018633,22,0.015045478735790412,23,0.020023806704283883,31
2012-05-10,0.01599113626454011,28,0.015120420585985396,23,0.019310225591379397,30
2012-05-11,0.020558860458248653,35,0.018311832710561787,29,0.01927402316516417,30
2012-05-14,0.020909521023236278,36,0.020381620170730093,33,0.019751257016858682,31
2012-05-15,0.020716781270221994,35,0.017013130858891983,27,0.018872174454342562,29
2012-05-16,0.020959404623692467,36,0.01731010212073506,28,0.016912634265443448,24
2012-05-17,0.013321108027407746,22,0.016760295820682863,26,0.016722881013675223,24
2012-05-18,0.012120168242910194,19,0.01665141822107562,26,0.016654791694895674,24
2012-05-21,0.014720970898107094,25,0.017761807963772483,28,0.017054745117586628,25
2012-05-22,0.023006299350090152,38,0.022569865706437823,36,0.01881436830597723,29
2012-05-23,0.018580695952866655,32,0.023162946225310833,37,0.01896496600585873,29
2012-05-24,0.018332466572935267,32,0.022363653090419326,36,0.018610760155092197,29
2012-05-25,0.016736578800304738,29,0.019971996115553215,33,0.01823421578451589,28
2012-05-29,0.018416283584892137,32,0.01882474401151317,31,0.019550384449226965,30
2012-05-30,0.022806104401684523,38,0.021598628729612147,35,0.02046181646006761,32
2012-05-31,0.025082545049216677,41,0.02107714879731576,34,0.020662671152911784,33
2012-06-01,0.030168230577374375,45,0.02428487836122804,38,0.021510763494137185,34
2012-06-04,0.03066066959697932,45,0.02477353442945531,39,0.02160050446558919,34
2012-06-05,0.03567613522160207,47,0.027910158427024327,43,0.023892936404665364,37
2012-06-06,0.0405017322928816,49,0.03211361354517688,46,0.027545344031488613,42
2012-06-07,0.040656471277210365,49,0.03213662759238438,46,0.027531955997979644,42
2012-06-08,0.03242053686829521,46,0.03296960008007112,46,0.02833477721561139,42
2012-06-11,0.040715452569441715,49,0.03665946377277073,48,0.029676895746945747,44
2012-06-12,0.04159718535807212,49,0.038641790722991474,49,0.0303607638514305,44
2012-06-13,0.03539731356751745,47,0.035952661208821186,47,0.02903609903930824,43
2012-06-14,0.03466379260114656,47,0.035685693336837,47,0.028963901701797357,43
2012-06-15,0.0324171955011081,46,0.031469495061198755,45,0.02815062429129306,42
2012-06-18,0.02510709787884956,41,0.03202058609520553,46,0.02850599924055839,42
2012-06-19,0.022265561368527156,37,0.03175857293762093,46,0.029030928039358996,43
2012-06-20,0.022222779706611368,37,0.027954337120620502,43,0.02906657860804401,43
2012-06-21,0.029783432367588625,44,0.030759939524876486,45,0.029953544445391576,44
2012-06-22,0.028971510603948418,44,0.029169093467354065,44,0.029929269773585464,44
2012-06-25,0.03343224113242948,47,0.028784163884659365,43,0.031319271471906315,45
2012-06-26,0.025747984886750293,41,0.024796425887791924,39,0.03127119253459226,45
2012-06-27,0.026046997568375557,42,0.02534117897092789,40,0.031087181938110067,45
2012-06-28,0.024189625558011664,40,0.0261289037256221,41,0.030470769465648355,44
2012-06-29,0.03265248264147251,46,0.029117355528952428,44,0.0313188341687825,45
2012-07-02,0.02359006748343841,39,0.027876366364117992,43,0.02963265597698061,44
2012-07-03,0.023332313430112536,39,0.02533772684351417,40,0.029000452878848747,43
2012-07-05,0.027733397562695026,43,0.025973823720822048,41,0.028986441877504446,43
2012-07-06,0.026091686811251152,42,0.024341863032109085,39,0.02674490683076429,41
2012-07-09,0.014662110035863705,25,0.02405942158988136,38,0.026759829678580538,41
2012-07-10,0.013301837856825678,22,0.020198985438405526,33,0.02569989172501294,40
2012-07-11,0.010934499481705218,16,0.020204018728423097,33,0.023696574801128353,37
2012-07-12,0.00869920825004742,11,0.02011668426934741,33,0.021885920801514906,35
2012-07-13,0.02996836846890159,45,0.02652278013423487,41,0.025297769111091713,40
2012-07-16,0.029205358267431057,44,0.023216522986710463,37,0.02525083682883705,39
2012-07-17,0.02857564687216209,43,0.024355353182959675,39,0.025513471708283834,40
2012-07-18,0.029919337767615052,44,0.024415321562356825,39,0.024931953302027167,39
2012-07-19,0.02887165414232949,44,0.02330117093224803,37,0.02388484505742398,37
2012-07-20,0.019451522188256586,33,0.02421807280248299,38,0.024153527735287363,38
2012-07-23,0.019045795219726026,33,0.024856828540830926,39,0.023401246801741354,37
2012-07-24,0.009074181617850804,12,0.024771798765767187,39,0.02329064124472129,37
2012-07-25,0.01953384942569045,34,0.025921163660852627,41,0.022100602256325118,35
2012-07-26,0.022256123320655394,37,0.025197450118000186,40,0.022550139480167375,36
2012-07-27,0.023285229960989803,39,0.022081513157996002,36,0.02396215473769419,38
2012-07-30,0.018827381547590522,32,0.022198597288033944,36,0.02322358605485479,37
2012-07-31,0.018027719541878304,31,0.021078759469232062,34,0.021615333754879548,35
2012-08-01,0.021030159502243292,36,0.021229228799267592,34,0.021782233719551115,35
2012-08-02,0.02349383519890326,39,0.021591096911099426,35,0.022187354734647162,35
2012-08-03,0.026783210989492483,42,0.02424232522128797,38,0.023710659434430847,37
2012-08-06,0.031879031388330814,45,0.024743818185483712,39,0.024893220582563543,39
2012-08-07,0.03128902599397828,45,0.02408944626758033,38,0.024741438427260776,39
2012-08-08,0.029211357662403944,44,0.02433441594518335,39,0.024580335955811772,39
2012-08-09,0.023023631744302612,38,0.02443166242491756,39,0.024575863666837238,38
2012-08-10,0.018306244072356925,32,0.022240174789437125,36,0.023734997979246664,37
2012-08-13,0.005952676403356167,4,0.02214588974351599,36,0.021168516526063892,34
2012-08-14,0.0020562819339578317,0,0.022145209191090028,36,0.021182010390645375,34
2012-08-15,0.0020563923713729855,0,0.02131650222505036,35,0.02080682397765233,33
2012-08-16,0.002633513509673268,0,0.018751789271521303,30,0.0206011597057332,32
2012-08-17,0.004335669682999729,2,0.013592388849152552,20,0.0199887415577619,31
2012-08-20,0.014054278690585691,24,0.010775965328124257,13,0.019538226888539394,30
2012-08-21,0.014722926738835455,25,0.012413927733163839,17,0.018821303221042283,29
2012-08-22,0.01657213658521554,29,0.01302597606750492,19,0.01897645076163243,29
2012-08-23,0.02520019259818196,41,0.01716428499461693,27,0.020530507001657844,32
2012-08-24,0.025221666294383313,41,0.017247663145319947,27,0.020343305525252826,32
2012-08-27,0.02026481905603116,35,0.01727448420394068,28,0.019034151082718342,29
2012-08-28,0.013729749595611383,23,0.017906655760215575,29,0.019233326271066786,30
2012-08-29,0.018840736252183084,32,0.01866065620674562,30,0.019497353625994182,30
2012-08-30,0.013050642496850007,21,0.019102025398191825,31,0.019326835615821304,30
2012-08-31,0.012402670313732607,20,0.019043426599974034,31,0.018300571602152572,28
2012-09-04,0.012207417567120809,19,0.015803654652153696,24,0.01581727078007394,22
2012-09-05,0.010235596834651509,14,0.01307570735431174,19,0.013148712403129354,17
2012-09-06,0.021274742390391663,36,0.01994511779103521,32,0.016104463789958647,22
2012-09-07,0.02074051196232319,35,0.018259815099313122,29,0.017086274613181754,25
2012-09-10,0.02268495950213931,38,0.018924797434266505,31,0.017276525959537326,25
2012-09-11,0.02153399160847124,36,0.019368363657295357,32,0.017861650057498606,27
2012-09-12,0.020014498513746065,34,0.017829408714663767,29,0.017749562674378883,27
2012-09-13,0.019141981093022238,33,0.020192196198922336,33,0.01927577898979007,30
2012-09-14,0.018710902081267567,32,0.018624583131943477,30,0.019144046279136087,29
2012-09-17,0.023426101289723302,39,0.021740106715731202,35,0.020221429811111954,32
2012-09-18,0.023304611330286308,39,0.021994929175776952,36,0.020382241462228636,32
2012-09-19,0.023196724148706226,39,0.02177543417199466,35,0.01955725375645212,30
2012-09-20,0.012744092185005967,21,0.0199975213751823,33,0.01941875859198122,30
2012-09-21,0.010332836247718517,15,0.018719365514256243,30,0.019316464637207393,30
2012-09-24,0.006502291178811692,6,0.018572138025650886,30,0.017808494509757647,27
2012-09-25,0.00950419461037218,13,0.01840309335028696,30,0.018603893940144774,29
2012-09-26,0.005803635762057066,4,0.018264340760965,29,0.0187999808352388,29
2012-09-27,0.012147525833200768,19,0.011756819712129041,16,0.01852666816837232,28
2012-09-28,0.012186952594009886,19,0.0106608672146368,13,0.018465757084708455,28
2012-10-01,0.012542466436550869,20,0.00943452908921236,9,0.018241618151241194,28
2012-10-02,0.01208016027530507,19,0.011267866538100857,14,0.018373824040783235,28
2012-10-03,0.012606914435401646,20,0.013780474564529962,20,0.018750244607748386,29
2012-10-04,0.014767584720374535,26,0.015532282054461418,24,0.019201013507109916,30
2012-10-05,0.014075018314929624,24,0.015607831199925372,24,0.017351835734207316,26
2012-10-08,0.014204535397403009,24,0.015359617865949438,24,0.016393891947458657,23
2012-10-09,0.015895745234815815,28,0.013627677943571738,20,0.01632064257036852,23
2012-10-10,0.014116680014204642,24,0.012721715075010905,18,0.01576651397602579,22
2012-10-11,0.009553665090864878,13,0.012582079411568086,18,0.015738618511452144,22
2012-10-12,0.014639948279418658,25,0.015019004093623873,23,0.013945694227044383,18
2012-10-15,0.028651093309647928,44,0.021329881098750843,35,0.018263176235787167,28
2012-10-16,0.027209162688046712,42,0.021341456678298423,35,0.017645710851528468,26
2012-10-17,0.02820609011650865,43,0.0219631498014674,35,0.0185046361909035,28
2012-10-18,0.02935938080327266,44,0.021683540107372987,35,0.018554380574062092,28
2012-10-19,0.033121317621306004,46,0.025238752695165713,40,0.020091207180501048,32
2012-10-22,0.024432394372516267,40,0.025237851234769935,40,0.020105924937612603,32
2012-10-23,0.026346565646718608,42,0.026761117668142567,41,0.02087390333152389,33
2012-10-24,0.02087857372234237,36,0.026633288133594772,41,0.02019018206734717,32
2012-10-25,0.02113821692770986,36,0.026601273843539084,41,0.01983610201937592,31
2012-10-26,0.017819476953191086,31,0.026598326188660724,41,0.020700934640292212,33
2012-10-31,0.019610504416843054,34,0.021262633802126254,34,0.020779543950708784,33
2012-11-01,0.01675825868273568,29,0.021184223521906104,34,0.02081452275699271,33
2012-11-02,0.017591633693497772,31,0.018625663507188864,30,0.021020883011609967,33
2012-11-05,0.01802025691505365,31,0.01868858877094597,30,0.020795901906994617,33
2012-11-06,0.01779063583161578,31,0.018140375085293908,29,0.02104719332497359,33
2012-11-07,0.03550804584975839,47,0.027178443814474033,42,0.02566997724222006,40
2012-11-08,0.03371273711226596,47,0.02644820510736341,41,0.025678288479078725,40
2012-11-09,0.03391282472899248,47,0.026041569129056284,41,0.025643059910229065,40
2012-11-12,0.03536768378313891,47,0.026546635074465866,41,0.025594800091115064,40
2012-11-13,0.02952156956539383,44,0.025759464019641246,40,0.025586175640390972,40
2012-11-14,0.01639914298046591,29,0.02608097516525783,41,0.02611067813196533,40
2012-11-15,0.017111662831501694,30,0.025384232622912648,40,0.023017120881710693,36
2012-11-16,0.017076114545794784,30,0.0253743091955439,40,0.02267128901094078,36
2012-11-19,0.023076720036253738,39,0.028192434574428545,43,0.022697238623656565,36
2012-11-20,0.022894224024856163,38,0.025604359518596874,40,0.02269021770293587,36
2012-11-21,0.016210595376584962,28,0.01625484761881259,25,0.02165550961435147,35
2012-11-23,0.016262027823978634,28,0.01644126059041861,26,0.021421123460821992,34
2012-11-26,0.017530088483545165,31,0.016946898470641052,27,0.021081062484356584,33
2012-11-27,0.008826232075286308,11,0.01663092712631401,26,0.021065936180517053,33
2012-11-28,0.009285910696438002,12,0.016641073970002394,26,0.021042526597605263,33
2012-11-29,0.010076640771092119,14,0.013318492374847009,19,0.0206374778795612,32
2012-11-30,0.009949175676100201,14,0.01441821970206887,22,0.020220307979246236,32
2012-12-03,0.009713233658501689,13,0.014594548208039917,22,0.019809352871990968,31
2012-12-04,0.009514374911245767,13,0.008694478904479235,8,0.019834022079360133,31
2012-12-05,0.032098734517827104,46,0.023367786100740574,37,0.024669189273462504,39
2012-12-06,0.032128367662389454,46,0.0235623081256696,38,0.023896679658717185,37
2012-12-07,0.027853363117264725,43,0.023910648725832852,38,0.01960876983624471,30
2012-12-10,0.028314939034452574,43,0.023846307753708277,38,0.01984067759227701,31
2012-12-11,0.02942469722467001,44,0.023142137845156268,37,0.019881984226746235,31
2012-12-12,0.013398943098394482,22,0.02322121057118525,37,0.01990335474960988,31
2012-12-13,0.013076762501696237,21,0.023601818432347387,38,0.01988764681128983,31
2012-12-14,0.011000989660745855,16,0.022020392033122314,36,0.018409786946177748,28
2012-12-17,0.0193158343346129,33,0.023115813775031573,37,0.020165894959302065,32
2012-12-18,0.017480248283399422,30,0.022857620915335705,37,0.019989414230876308,31
2012-12-19,0.018411101145277754,32,0.015347698354430601,24,0.019105359744654996,29
2012-12-20,0.01601347516112465,28,0.01552758383427831,24,0.019260720295468395,30
2012-12-21,0.021665391204959288,37,0.017068743115911014,27,0.019715344019308613,31
2012-12-24,0.013062206617450138,21,0.016288778252096472,25,0.01977701941191271,31
2012-12-26,0.012696086124600624,20,0.015850604578693927,25,0.019381900742765416,30
2012-12-27,0.013220361640996074,22,0.016205037698210596,25,0.019065020565030195,29
2012-12-28,0.00772264869898259,9,0.016184125884850565,25,0.019211622536719635,30
2012-12-31,0.008935269691459434,11,0.016431731674884407,26,0.019304780889519327,30
2013-01-02,0.020538396299402847,35,0.016798837991399765,26,0.020090919641007805,32
2013-01-03,0.020600536323241297,35,0.01678331431545653,26,0.019671974321851245,31
2013-01-04,0.019030423065935942,33,0.017802997390252435,29,0.019890987450418,31
2013-01-07,0.017163754521888844,30,0.017474312397195598,28,0.01583975329578119,22
2013-01-08,0.018929342427735453,33,0.015786355398565165,24,0.015813976333166155,22
2013-01-09,0.01290982195286173,21,0.016441530118977858,26,0.016031896309987522,22
2013-01-10,0.014506456447135474,25,0.016842907044455725,27,0.015769611513228532,22
2013-01-11,0.012063803386706711,19,0.017280882647541285,28,0.016067667146146918,22
2013-01-14,0.012079426499090872,19,0.01701780745281475,27,0.016089431871777297,22
2013-01-15,0.012815155318342158,21,0.0168876846449546,27,0.0158528299802011,22
2013-01-16,0.011644427523874828,18,0.011626101387935068,15,0.015954323316104076,22
2013-01-17,0.014018581765143073,24,0.01544368196590336,24,0.015564270693154723,21
2013-01-18,0.0157157433800863,27,0.01328835144365787,19,0.015610813607611037,21
2013-01-22,0.015948964631572284,28,0.013345873865676606,19,0.015596120475014855,21
2013-01-23,0.015575030054320657,27,0.01354411286816462,20,0.015212742955966764,21
2013-01-24,0.01822268581607589,31,0.014419379087182495,22,0.014944008489986458,20
2013-01-25,0.006654324403301718,6,0.013164202828052866,19,0.014868901282565062,20
2013-01-28,0.011342911773455805,17,0.013357776887403765,19,0.01535028272282569,21
2013-01-29,0.01184531388320171,18,0.013399590818239429,20,0.015248291850231221,21
2013-01-30,0.011938708541481494,18,0.013135215286506009,19,0.015214441533344784,21
2013-01-31,0.007182680374992133,7,0.013283609717763042,19,0.015028221410648088,20
2013-02-01,0.012833818964111269,21,0.010398944986932925,12,0.01269766731402408,16
2013-02-04,0.014466696454381187,25,0.012420343565630938,17,0.013484273693785482,17
2013-02-05,0.016090264311201658,28,0.013354421127476823,19,0.012849136404551308,16
2013-02-06,0.015395739753493972,27,0.013314900491018864,19,0.012859763862648727,16
2013-02-07,0.01597472422727887,28,0.012159472910733058,17,0.012903251439596706,16
2013-02-08,0.012963567515576584,21,0.012211234571338953,17,0.012736542844273958,16
2013-02-11,0.009374197817296866,12,0.011788265652107307,16,0.012292385093339964,15
2013-02-12,0.013416506108506898,22,0.014053733435537721,21,0.013337356668596693,17
2013-02-13,0.014953728246669252,26,0.014314945635715129,21,0.013479527537364927,17
2013-02-14,0.014154329169057813,24,0.014335195363872066,21,0.013457812738906779,17
2013-02-15,0.015630715424414566,27,0.014030710827839176,21,0.013723048777038156,18
2013-02-19,0.016086665974876138,28,0.012450027419953722,17,0.012056056580490308,14
2013-02-20,0.017028596771511247,30,0.015708873381686545,24,0.01386808273667049,18
2013-02-21,0.01836916253303736,32,0.016999126057063923,27,0.014668011101165952,20
2013-02-22,0.01903573708957011,33,0.017365057135176276,28,0.014781712720184087,20
2013-02-25,0.023837165844531317,39,0.02119976145923511,34,0.0165083385857051,23
2013-02-26,0.020872684337963413,36,0.020755247861514354,34,0.016520194924579738,23
2013-02-27,0.0241157877237903,40,0.019681977426235186,32,0.017009506316428728,24
2013-02-28,0.02258330647716035,38,0.019653421547884478,32,0.017012739974952326,24
2013-03-01,0.021856140893110602,37,0.019428715094145534,32,0.016989645435492414,24
2013-03-04,0.011241275979884386,17,0.020753471976408394,34,0.017488142518163375,26
2013-03-05,0.011130813225374146,16,0.020782294521232897,34,0.01724224671543453,25
2013-03-06,0.01146193695082689,17,0.019696249786220216,32,0.01724949271885804,25
2013-03-07,0.007762370673675354,9,0.017931677295774315,29,0.01702171354854816,25
2013-03-08,0.010443766844933129,15,0.02047000361033114,33,0.01865345566915722,29
2013-03-11,0.010443811768601294,15,0.01209917146424405,16,0.018855133536982146,29
2013-03-12,0.018901701398876893,32,0.014779511000489281,22,0.01919426629992197,30
2013-03-13,0.019305797133296592,33,0.014971652112961536,23,0.019159922708955886,29
2013-03-14,0.019295044892933454,33,0.013968364358204971,21,0.018452469884668678,28
2013-03-15,0.01293666263352949,21,0.014700898216435656,22,0.01835719739385955,28
2013-03-18,0.012404959555454089,20,0.017695544769591533,28,0.019129892159716375,29
2013-03-19,0.011890827330276077,18,0.018238454498264396,29,0.01909395905646157,29
2013-03-20,0.012857431509051963,21,0.01721538664149695,27,0.018897964780664158,29
2013-03-21,0.011352630418634045,17,0.018386874757104123,30,0.018195235369490234,28
2013-03-22,0.011984528162668796,18,0.013160896831346615,19,0.017468885560323708,26
2013-03-25,0.010742701824336785,16,0.010986771289875732,14,0.017894919349272047,27
2013-03-26,0.0125540959796264,20,0.011534808564411947,15,0.015343801091735037,21
2013-03-27,0.011050396411425214,16,0.011445007295802404,15,0.015582993084641323,21
2013-03-28,0.008980299104222985,11,0.010023540426969074,11,0.015156647235205737,20
2013-04-01,0.008890553413654148,11,0.010019537547213513,11,0.015335173538706356,21
2013-04-02,0.008568567611965732,10,0.009683707701762863,10,0.015375167194206335,21
2013-04-03,0.016039551803087363,28,0.013985027356521532,21,0.017003600079376357,24
2013-04-04,0.017788739676176453,31,0.013963221631351509,21,0.016697798404582742,24
2013-04-05,0.01878026155546409,32,0.013889956858651372,21,0.015910172916658003,22
2013-04-08,0.020106325094773714,34,0.014943185191469675,23,0.016043022304570078,22
2013-04-09,0.020133989368408017,34,0.01459451703622887,22,0.01357242311099653,18
2013-04-10,0.008768348727617076,11,0.01693439955801719,27,0.014219010166787359,19
2013-04-11,0.011313619643588069,17,0.01674585635831384,26,0.013996559655454498,18
2013-04-12,0.012454318931618896,20,0.016654434477676755,26,0.01398500471723881,18
2013-04-15,0.012385582081547606,20,0.01615694535235595,25,0.01372363020763115,18
2013-04-16,0.019689561862611876,34,0.020040462751242844,33,0.01654580270792869,23
2013-04-17,0.022108223105554888,37,0.016491477259072535,26,0.016431432837717544,23
2013-04-18,0.02336182497380657,39,0.017873826954129826,29,0.016587094947452696,23
2013-04-19,0.023340650199663627,39,0.018000727788021385,29,0.01650609471784634,23
2013-04-22,0.023347265589430337,39,0.01778143797523514,28,0.01601251680996065,22
2013-04-23,0.018966121495719787,33,0.019505209747847762,32,0.01721566751811261,25
2013-04-24,0.016357795158528535,29,0.018397110859390692,30,0.016926993662564123,24
2013-04-25,0.012838526139472783,21,0.01822592445603374,29,0.016903143491851656,24
2013-04-26,0.013419002763177514,22,0.018323907070650774,29,0.016793625449052992,24
2013-04-29,0.014080156343637152,24,0.018441101943253803,30,0.016740632013916193,24
2013-04-30,0.007590170064483779,8,0.013645037615589538,20,0.016541927087362168,23
2013-05-01,0.006639755484898742,6,0.013217570802676088,19,0.017074911108899398,25
2013-05-02,0.011226565571944968,17,0.012822906259936973,18,0.014803797980407039,20
2013-05-03,0.012259907361063992,19,0.012839587857057798,18,0.014835842878742534,20
2013-05-06,0.012978174879290842,21,0.012984205776304927,18,0.014898226558809166,20
2013-05-07,0.01310165392320122,22,0.01047733397421668,12,0.014911446538780751,20
2013-05-08,0.005979319968719459,5,0.01203655666088062,16,0.0155132220861878,21
2013-05-09,0.01406700747982553,24,0.013362624182214965,19,0.015296393403997926,21
2013-05-10,0.014284110263727714,24,0.013121993846097166,19,0.015189619592426042,20
2013-05-13,0.014237416096637787,24,0.01295374982696662,18,0.015126999739321122,20
2013-05-14,0.016238317003904764,28,0.01394950820818743,21,0.015703547130867048,22
2013-05-15,0.01634663318661964,29,0.012056759468468983,16,0.014340782051885078,19
2013-05-16,0.016421798596367523,29,0.014418108020325723,22,0.013917432320138314,18
2013-05-17,0.016472235485211813,29,0.014645316173898528,22,0.013414550139290294,17
2013-05-20,0.01653881943450746,29,0.01476319210785787,22,0.013324081083458356,17
2013-05-21,0.015107298649031476,26,0.014820715224914616,22,0.013350215137767643,17
2013-05-22,0.012676192941304128,20,0.01468085527024548,22,0.012937632915176871,16
2013-05-23,0.011544847909844202,17,0.014113898345944018,21,0.013070575985887784,16
2013-05-24,0.0069361209407589625,7,0.014175367810062374,21,0.013070377708627528,16
2013-05-28,0.014816442159660137,26,0.015715442563629566,24,0.013770711953319881,18
2013-05-29,0.015320326217470637,27,0.01448323598614762,22,0.013711045696566122,18
2013-05-30,0.013925323504252936,23,0.0136334525842699,20,0.013862795532910265,18
2013-05-31,0.019272061753963197,33,0.015320925187593771,23,0.01453097890242638,19
2013-06-03,0.019302586864610928,33,0.01454530524046057,22,0.014463201116385466,19
2013-06-04,0.017336022677831832,30,0.015278544518888907,23,0.015032428685939656,20
2013-06-05,0.01809765896329829,31,0.016857438134343584,27,0.016102304574653756,22
2013-06-06,0.016989902374237687,30,0.017461345778389627,28,0.016202958240763184,23
2013-06-07,0.01747860523189493,30,0.01776029407764149,28,0.01569387579753158,21
2013-06-10,0.017833438372198553,31,0.017782108668450643,28,0.015259833012775439,21
2013-06-11,0.024561850426302646,40,0.02009484275624779,33,0.017734541919835076,27
2013-06-12,0.022697673015934342,38,0.01965087713733253,32,0.01790152841703084,27
2013-06-13,0.022943052503759595,38,0.019417305970533594,32,0.017520779541813594,26
2013-06-14,0.021928805918626292,37,0.01914419819640953,31,0.017173868895656436,25
2013-06-17,0.021347023574000916,36,0.019268034789677608,31,0.01696249731246896,24
2013-06-18,0.016073553675238706,28,0.019756323343111365,32,0.016799825754549535,24
2013-06-19,0.015975101742387292,28,0.018555639205548338,30,0.01686775821338079,24
2013-06-20,0.018391082909440415,32,0.020011524952285854,33,0.01815677713438629,28
2013-06-21,0.018427424214098646,32,0.019096707825295454,31,0.018478321550069454,28
2013-06-24,0.01882931288763111,32,0.019269755151321743,31,0.019351165842465167,30
2013-06-25,0.027488405768480762,43,0.022208978502738466,36,0.021150681772235093,34
2013-06-26,0.02975057173330398,44,0.022902571196806255,37,0.020491695310195023,32
2013-06-27,0.02702215332178848,42,0.022608301370100534,36,0.020664867696549696,33
2013-06-28,0.02448270293784017,40,0.02180922252584297,35,0.02001406186863573,31
2013-07-01,0.014841755656006745,26,0.021908792846358428,35,0.019635900598776623,30
2013-07-02,0.009042372833762736,11,0.02125234852626606,34,0.019627997299767403,30
2013-07-03,0.009702995984736975,13,0.02126433529142313,35,0.019537661356820703,30
2013-07-05,0.011164371368340056,17,0.019496219516201993,32,0.01949115766919698,30
2013-07-08,0.012956926866814511,21,0.018484824317779754,30,0.019708887647480494,31
2013-07-09,0.013361253397025707,22,0.013486979457804537,20,0.019660670655426208,30
2013-07-10,0.01563800425584746,27,0.012061962710395306,16,0.01970791281735382,31
2013-07-11,0.012802386574604765,21,0.01182802824856955,16,0.017975999602778917,27
2013-07-12,0.012425768723647455,20,0.01194616773834804,16,0.018099414898056297,27
2013-07-15,0.012268250119123098,19,0.0119802083024309,16,0.018215356758713445,28
2013-07-16,0.012440357410653012,20,0.01220115863376552,17,0.017453870600957683,26
2013-07-17,0.00900386451000617,11,0.012097220686271575,16,0.017469263217579238,26
2013-07-18,0.009808093510304901,13,0.010756318741895367,13,0.01762203831783092,26
2013-07-19,0.011716089857571246,18,0.011513005266768149,15,0.017525952505452316,26
2013-07-22,0.00991398886589437,14,0.010785661902561165,13,0.01559462766673098,21
2013-07-23,0.010259825527105393,15,0.010822659202352472,13,0.014489094277946219,19
2013-07-24,0.012848073853266442,21,0.011087924070609219,14,0.012686335805433243,16
2013-07-25,0.01063332822701309,15,0.011113993860211448,14,0.011022273293062301,12
2013-07-26,0.010982850077689288,16,0.011245756271264042,14,0.011288338991685215,13
2013-07-29,0.008886574724717943,11,0.010254818415962444,11,0.011538976122720946,13
2013-07-30,0.009545183979214781,13,0.01029789961843562,11,0.011325524081611655,13
2013-07-31,0.009067461441412359,12,0.010524845100509436,12,0.011338622567030464,13
2013-08-01,0.01043280442103421,15,0.009941715024728744,10,0.011459142298717404,13
2013-08-02,0.009032583527015369,11,0.009660674382584944,10,0.01098254788183549,12
2013-08-05,0.006069780138419058,5,0.008867330394080546,8,0.010683195878895074,11
2013-08-06,0.01530994486236515,27,0.012137744583220138,17,0.011917591201074138,14
2013-08-07,0.014720478492996195,25,0.011585313255222156,15,0.01159698293747579,13
2013-08-08,0.012764991266049911,21,0.011284715625676647,14,0.011244848375607706,12
2013-08-09,0.012283983910589923,19,0.011308250097373627,14,0.011395163515403848,13
2013-08-12,0.012094130212156823,19,0.011090547181607454,14,0.011091412432185177,12
2013-08-13,0.010734429373835175,16,0.012521081334036226,17,0.010875682473128616,12
2013-08-14,0.010941969406322298,16,0.012315071069183475,17,0.01090181354875851,12
2013-08-15,0.012128374943890711,19,0.011742049326097325,16,0.011321882360006984,13
2013-08-16,0.01226484227028482,19,0.011653975847529119,15,0.010683105999247487,11
2013-08-19,0.014365126451605321,24,0.01253885352032955,17,0.011366830902345994,13
2013-08-20,0.012326708325979556,19,0.011754182718038287,16,0.01133676735524944,13
2013-08-21,0.012559290854957864,20,0.012277823683597712,17,0.011655259833486288,14
2013-08-22,0.016214184943127166,28,0.013499122877808275,20,0.012111700308180286,15
2013-08-23,0.015819834826348564,27,0.013377653899820246,20,0.011845631822341883,14
2013-08-26,0.0124979085191063,20,0.013267044038471907,19,0.011777192147398915,14
2013-08-27,0.01592449683887061,28,0.01342758320090738,20,0.012875162546553836,16
2013-08-28,0.01543718467446547,27,0.013657902683778887,20,0.01284935132270048,16
2013-08-29,0.012470138115030335,20,0.01368215857546079,20,0.012729262003259264,16
2013-08-30,0.012375509371090283,19,0.013559975073118765,20,0.01210740825967138,15
2013-09-03,0.017557421541019313,31,0.014404653359440576,22,0.013283248665081786,17
2013-09-04,0.009337997002324778,12,0.013917705132319463,21,0.013395792996150058,17
2013-09-05,0.009065792075480819,12,0.01299515360926565,18,0.012377193632469646,15
2013-09-06,0.012610255988745477,20,0.012722419498596298,18,0.012613237139898195,16
2013-09-09,0.013476690689593302,22,0.014064350752547305,21,0.013244772153466871,17
2013-09-10,0.013077251109769674,21,0.01515517990017584,23,0.013918985161995393,18
2013-09-11,0.014552422293196825,25,0.01153948611128553,15,0.013888218907921133,18
2013-09-12,0.015786217592660547,27,0.01238321483537023,17,0.013443787046404308,17
2013-09-13,0.013538940484990688,23,0.012381482446376036,17,0.013494021848770424,17
2013-09-16,0.012143145337872155,19,0.01224043213699327,17,0.013343756162880199,17
2013-09-17,0.008258192537018443,10,0.010862443585320354,13,0.013154195184559377,17
2013-09-18,0.010540629899034655,15,0.01199622767033562,16,0.012831383798396163,16
2013-09-19,0.009081621825205366,12,0.012420806124088928,17,0.012757940505447088,16
2013-09-20,0.013153484229913628,22,0.012641285512953333,18,0.012693509245288191,16
2013-09-23,0.019400096173603536,33,0.016007803477700804,25,0.014318344445019164,19
2013-09-24,0.018772889986733373,32,0.014511097915380982,22,0.01455823060514674,20
2013-09-25,0.013988340784281943,23,0.014814173043295357,22,0.014603806357768562,20
2013-09-26,0.013808417540508931,23,0.014712346331438978,22,0.013317996173017044,17
2013-09-27,0.014509155063639204,25,0.014518427123691939,22,0.013321320729923257,17
2013-09-30,0.0071198174350114805,7,0.013792043963457026,20,0.013429863583066146,17
2013-10-01,0.005836743737962194,4,0.013659928206895688,20,0.01341652592002767,17
2013-10-02,0.0047320244704184234,2,0.010986030407449667,14,0.012525975240189892,15
2013-10-03,0.004654751201669223,2,0.010968417448342021,13,0.012527057868666603,15
2013-10-04,0.009188100985696421,12,0.012648044384786701,18,0.012965213114165746,16
2013-10-07,0.012806789010457668,21,0.009895276445567654,10,0.013357561823280044,17
2013-10-08,0.013241988996267053,22,0.009725046714984191,10,0.012801249838683007,16
2013-10-09,0.013743303068241166,23,0.009699975175551252,10,0.011915863338136577,14
2013-10-10,0.019044836828333956,33,0.013432798910610413,20,0.01359201387338226,18
2013-10-11,0.017930671580680364,31,0.013435540296639426,20,0.01346901056378564,17
2013-10-14,0.014059642307003961,24,0.013234876528422248,19,0.013550261398563709,18
2013-10-15,0.015400137894903581,27,0.014316770218348273,21,0.013647272588437979,18
2013-10-16,0.02217601082125351,37,0.019112356477463184,31,0.016478397757800304,23
2013-10-17,0.020431037307905586,35,0.018730778265367183,30,0.015900347643620864,22
2013-10-18,0.02027487375844849,35,0.01846423963546859,30,0.015875040313596624,22
2013-10-21,0.02078845608939887,35,0.016730998103116523,26,0.015573913707420997,21
2013-10-22,0.018724704803753885,32,0.016228023660712434,25,0.013824110970777157,18
2013-10-23,0.006277894971185093,5,0.01716580668778636,27,0.013773348472692081,18
2013-10-24,0.004684904176089903,2,0.015206712925000306,23,0.013734113510025087,18
2013-10-25,0.004223838555127921,1,0.015225161654215613,23,0.013639054934228274,18
2013-10-28,0.0050305297976564745,3,0.015083636867576742,23,0.013631887244317418,18
2013-10-29,0.005304388944555229,3,0.013988505328052151,21,0.01347268551930857,17
2013-10-30,0.0033574428255498086,0,0.004800065367984648,0,0.013593904314513362,18
2013-10-31,0.009952560409980719,14,0.007385949435959379,5,0.014530350748821577,19
2013-11-01,0.010051934108659403,14,0.0072878682964552756,4,0.014455908118835096,19
2013-11-04,0.009484798063102848,12,0.007291245108120775,4,0.014055772465960426,19
2013-11-05,0.008602758558045032,10,0.007290233888737773,4,0.013412343745826885,17
2013-11-06,0.010267765192359012,15,0.007490489564230362,5,0.013210046461594653,17
2013-11-07,0.004246108103217532,1,0.007475645137869082,5,0.013235534734328066,17
2013-11-08,0.016159015572053934,28,0.01379296847641482,20,0.013821557997186422,18
2013-11-11,0.01567496751357715,27,0.013865526155833363,20,0.013840421887490361,18
2013-11-12,0.017401911362806312,30,0.014449883522122354,22,0.014071997950123967,19
2013-11-13,0.017530591671971858,31,0.014690750872031644,22,0.013781787783019047,18
2013-11-14,0.016466861730421212,29,0.012382254015495827,17,0.010485561091630704,11
2013-11-15,0.00859421786234204,10,0.012311411325229796,17,0.010442506532748122,10
2013-11-18,0.008950721154407811,11,0.01220439605549253,17,0.01059938020374062,11
2013-11-19,0.0024080372491801366,0,0.011749787672426007,16,0.01072001893362165,11
2013-11-20,0.006365009504213296,5,0.012507517211497739,17,0.010798421740053165,11
2013-11-21,0.009587413110354867,13,0.012733354163025018,18,0.011216992595329406,12
2013-11-22,0.00994903274186517,14,0.009322396475228993,9,0.011483692364647463,13
2013-11-25,0.01070884845614528,16,0.010050692504024909,11,0.011872949057416128,14
2013-11-26,0.012698757654336664,21,0.008622040643473626,7,0.012009046928066982,14
2013-11-27,0.010572927032118144,15,0.008767985343050283,8,0.012013377587143912,14
2013-11-29,0.009788215176643121,13,0.009164944582201833,9,0.01188767622976881,14
2013-12-02,0.009283930480188883,12,0.009804779462869485,10,0.010618182377666825,11
2013-12-03,0.003769527918655281,1,0.010602633532169092,12,0.010954045152115455,12
2013-12-04,0.0038945234510986857,1,0.010536784890916718,12,0.010941283395320928,12
2013-12-05,0.006961073607464742,7,0.0121054254535296,16,0.011839694324932046,14
2013-12-06,0.010003889573047785,14,0.010721638746857538,13,0.011897599344742134,14
2013-12-09,0.012674158724933306,20,0.010571144065336678,12,0.011899319290308723,14
2013-12-10,0.012385297846010782,20,0.008769472441876697,8,0.010039376952854753,10
2013-12-11,0.01490353113121299,26,0.010295591421881252,11,0.011061963546267827,12
2013-12-12,0.01300793933074489,21,0.01051923037432856,12,0.01063539344254092,11
2013-12-13,0.012137405793763144,19,0.010642764878909368,13,0.010471570364919247,10
2013-12-16,0.009451883899029628,12,0.010640981061896048,13,0.010452969166374433,10
2013-12-17,0.009352316823213743,12,0.010438045361263111,12,0.010478843017365208,11
2013-12-18,0.011637972262364267,18,0.0136657483971714,20,0.011701297270565313,14
2013-12-19,0.012007293701073592,18,0.012023258243712951,16,0.01162255714577223,13
2013-12-20,0.011943751399879736,18,0.01191162646677673,16,0.011513093692173333,13
2013-12-23,0.011480877755132773,17,0.011371447774254915,15,0.01081531340006698,11
2013-12-24,0.0106415615267337,15,0.011047677992541126,14,0.010431470569819384,10
2013-12-26,0.0034894753342026414,0,0.008299641739434264,7,0.009703856676087029,9
2013-12-27,0.0035292931189170288,0,0.008436719991938237,7,0.009653296048327056,9
2013-12-30,0.0037515113494112694,1,0.008921877157951119,8,0.009730785668756462,9
2013-12-31,0.003695531371143906,1,0.00885946062492257,8,0.009775850646509937,9
2014-01-02,0.004141404086316634,1,0.008558832520297268,7,0.0097391936219014,9
2014-01-03,0.010659186968089979,16,0.007594547084659764,5,0.010604224139035877,11
2014-01-06,0.010212324323287041,14,0.007573636923659803,5,0.010672801863961658,11
2014-01-07,0.007554587401264629,8,0.00759558416127868,5,0.009629678573788925,9
2014-01-08,0.007082700910238135,7,0.007995998299436462,6,0.00974677442297134,9
2014-01-09,0.006250571051558767,5,0.007891995185720462,6,0.00957673528750466,8
2014-01-10,0.007852297682916105,9,0.008838759268202679,8,0.00966503532009667,9
2014-01-13,0.012672193869914097,20,0.011327493362855687,14,0.00947877064884078,8
2014-01-14,0.01235556888037347,19,0.0108443595139557,13,0.009481106797424142,8
2014-01-15,0.014555148483782303,25,0.011881558768542027,16,0.01012619784203794,10
2014-01-16,0.023712155134830767,39,0.019554679052450244,32,0.014426501777011828,19
2014-01-17,0.023754197792299012,39,0.018198077096645917,29,0.014477144505654517,19
2014-01-21,0.023177267886517656,39,0.017947672858931056,29,0.013564545749926535,18
2014-01-22,0.022824032361062112,38,0.017660932722159628,28,0.013561452167093828,18
2014-01-23,0.01764471754311217,31,0.017593415841488113,28,0.014353819986011662,19
2014-01-24,0.011903151506788919,18,0.017774513500525634,28,0.015379681823407088,21
2014-01-27,0.011472633586725076,17,0.01775708540054411,28,0.015452443285409791,21
2014-01-28,0.01776909824092526,31,0.019494709092915147,32,0.016026000970954128,22
2014-01-29,0.01904536574200914,33,0.02021033980386467,33,0.017163432790632184,25
2014-01-30,0.020165797869789,35,0.018173694678514717,29,0.017246878438913014,25
2014-01-31,0.018453282723872116,32,0.01487569030677981,22,0.01745720768493296,26
2014-02-03,0.01972876252654328,34,0.015318326850917859,23,0.01782716797292926,27
2014-02-04,0.01760672182467024,31,0.016741989874814657,26,0.01708364983581279,25
2014-02-05,0.015098243078662485,26,0.017180581497608777,27,0.017019063237936092,25
2014-02-06,0.020112070301404873,34,0.019639072823399377,32,0.01816330130194546,28
2014-02-07,0.01922124867156294,33,0.019610360942961348,32,0.018821177530744332,29
2014-02-10,0.010992062550702031,16,0.01925252792747761,31,0.01865343476397262,29
2014-02-11,0.011234095780561868,17,0.018664603280984227,30,0.018816116896601915,29
2014-02-12,0.011226589937573528,17,0.0151938051320788,23,0.01866977994114916,29
2014-02-13,0.00973601556907555,13,0.015305515913419101,23,0.01859269692970744,28
2014-02-14,0.00574321834362655,4,0.01392127939486696,21,0.017845617955484203,27
2014-02-18,0.005962096783084124,4,0.01057120779579395,12,0.015494736465580852,21
2014-02-19,0.011172095605184512,17,0.014201364087773507,21,0.016163250023845,23
2014-02-20,0.009580254506715194,13,0.014220182013513258,21,0.016140882024905077,22
2014-02-21,0.01043521065229535,15,0.011749944675821316,16,0.016168863054409573,23
2014-02-24,0.014123650071650602,24,0.010275006740834246,11,0.015996378777447983,22
2014-02-25,0.014797331775822691,26,0.010860285297361737,13,0.015071838784408816,20
2014-02-26,0.00965301759275094,13,0.01042524861042653,12,0.014908442358668901,20
2014-02-27,0.010046124851949364,14,0.010586791288284875,12,0.014546584134166233,20
2014-02-28,0.010165700265015374,14,0.010593776856542465,12,0.012843587616508882,16
2014-03-03,0.011019874980025612,16,0.012084251584428643,16,0.013635931690373115,18
2014-03-04,0.01689453310199072,29,0.015280971389408269,23,0.01416390174023788,19
2014-03-05,0.0172877098146082,30,0.013372023923667941,20,0.013167617520807378,17
2014-03-06,0.01722783648030842,30,0.013333668198909864,19,0.013103883355155149,17
2014-03-07,0.017275909488767234,30,0.013432714288613977,20,0.013124855576216135,17
2014-03-10,0.011281831928349782,17,0.01277252552926187,18,0.012064464175133072,14
2014-03-11,0.013240523956285544,22,0.014425410919968438,22,0.012153586525182376,15
2014-03-12,0.010988301416335165,16,0.014730847499961189,22,0.012292499481036404,15
2014-03-13,0.009077384494940851,12,0.014933633967328162,23,0.012424931757613064,15
2014-03-14,0.00798532620670467,9,0.015070166985193065,23,0.012371695856842455,15
2014-03-17,0.015337410796466383,27,0.01512175152001782,23,0.013201330319422168,17
2014-03-18,0.013751995511655858,23,0.012728869469988673,18,0.013347150941498697,17
2014-03-19,0.014750707830576805,26,0.013327370077621218,19,0.013896219315218141,18
2014-03-20,0.013541425232017434,23,0.015788078761643343,24,0.013926090782549048,18
2014-03-21,0.010961082097332053,16,0.015811330670043353,24,0.013948441768825506,18
2014-03-24,0.012060287523809374,19,0.015805991147832148,24,0.013958563311360256,18
2014-03-25,0.012241002116190019,19,0.013357898490337965,19,0.013657959949118672,18
2014-03-26,0.012248362905839326,19,0.01279160861745863,18,0.013360113045929892,17
2014-03-27,0.024239945795457858,40,0.02213750058551105,36,0.018086769442819308,27
2014-03-28,0.024126606055696255,40,0.021934559562646724,35,0.017997582609970385,27
2014-03-31,0.025255805618095654,41,0.02125600231788802,34,0.01809701614272974,27
2014-04-01,0.025142451802226032,41,0.021102215108676364,34,0.017522724532479286,26
2014-04-02,0.026522540158874473,42,0.020557069947326007,33,0.016684242077630182,24
2014-04-03,0.008729278424976743,11,0.018310340991017568,29,0.01659561346774059,23
2014-04-04,0.010409365084563495,15,0.018415270252216846,30,0.01665173688754943,24
2014-04-07,0.01029780434362429,15,0.018397607736132762,30,0.01677797853528157,24
2014-04-08,0.009722976829172688,13,0.018152131147860344,29,0.016795862329178585,24
2014-04-09,0.010776797869578365,16,0.019151573976682764,31,0.01642457643108048,23
2014-04-10,0.012579490881229305,20,0.010870575109454446,13,0.01683604595873719,24
2014-04-11,0.01257279965221574,20,0.011265723905985561,14,0.016781404874595056,24
2014-04-14,0.024740767770168114,40,0.018542056268172874,30,0.019326594611519456,30
2014-04-15,0.02486614673670964,40,0.01898195656291664,31,0.019144148735545794,29
2014-04-16,0.02506409984133535,41,0.018797929140177708,30,0.019071324104067637,29
2014-04-17,0.021527514650890183,36,0.018348218092493915,30,0.018699889770995903,29
2014-04-21,0.020625328250583854,35,0.018064834202922767,29,0.017720027886131594,27
2014-04-22,0.007958433660708997,9,0.017425122206474436,28,0.01776599136878321,27
2014-04-23,0.006042828541299499,5,0.017464470343014755,28,0.017892541449170553,27
2014-04-24,0.005908480474698475,4,0.017290043385369935,28,0.017831795255754512,27
2014-04-25,0.008160292921603975,9,0.01632912824073627,25,0.017971449308384093,27
2014-04-28,0.008465167160246253,10,0.01608939546149446,25,0.01365595780080993,18
2014-04-29,0.012510456095118219,20,0.009894869602953401,10,0.014180010867982986,19
2014-04-30,0.011967933973982336,18,0.009024339825058429,8,0.014162021774060948,19
2014-05-01,0.011973001474133918,18,0.009035676513775731,8,0.014154086024590062,19
2014-05-02,0.010683259947779973,16,0.009017500220572206,8,0.013998017740821317,18
2014-05-05,0.01117424656727587,17,0.009392782821193388,9,0.013994611973676886,18
2014-05-06,0.006808507653749727,7,0.01043607367568856,12,0.014265855741629353,19
2014-05-07,0.009624610436601906,13,0.010367270312760014,12,0.014125985950734164,19
2014-05-08,0.011674370223938137,18,0.01114909732236494,14,0.014267170252631705,19
2014-05-09,0.011624744957868548,18,0.010645713243867597,13,0.014045196136001649,19
2014-05-12,0.011060462618808633,16,0.01049214002411101,12,0.013350354168283134,17
2014-05-13,0.004877204092095622,2,0.008480780027812794,7,0.013015152305620682,16
2014-05-14,0.006483292798077227,5,0.008542840223659948,7,0.008936685780103168,6
2014-05-15,0.007474817292366726,8,0.009241611329447657,9,0.008716879609620804,6
2014-05-16,0.007476035140028464,8,0.00922230952607436,9,0.008714270044948211,6
2014-05-19,0.007804394818736351,9,0.009122490163262645,9,0.008911260271659116,6
2014-05-20,0.0072490715677671,8,0.007258158219586284,4,0.00882253968497074,6
2014-05-21,0.00826084826841172,10,0.007169117028654239,4,0.008917841337016452,6
2014-05-22,0.0054762926050277725,3,0.0067765045504312536,3,0.008837972270711286,6
2014-05-23,0.004904365311911316,2,0.0067410470811520165,3,0.008889555310337185,6
2014-05-27,0.00472040842170008,2,0.006737753622880647,3,0.008637092972401757,6
2014-05-28,0.004957799039471635,2,0.006912427661109336,4,0.00845922255724123,5
2014-05-29,0.004871673905060025,2,0.006581109294938541,3,0.007369290657104174,3
2014-05-30,0.004859151468592776,2,0.004900711331035294,0,0.0074497997630714186,3
2014-06-02,0.004928832355294901,2,0.004716699568059981,0,0.007477223551346812,3
2014-06-03,0.005679145236121437,4,0.004941237130588032,0,0.007726289224856196,4
2014-06-04,0.0060957573349267715,5,0.005260915312699833,1,0.007403831777796181,3
2014-06-05,0.008069967149455038,9,0.006601179817091004,3,0.006853953258466701,2
2014-06-06,0.008070487814723389,9,0.006600325152227244,3,0.0068157945530277235,2
2014-06-09,0.008635114203907508,10,0.007244806427762599,4,0.007066622096419828,3
2014-06-10,0.010184682544965445,14,0.007854106514942592,6,0.007151638656485254,3
2014-06-11,0.011403113976553008,17,0.008658051491518732,7,0.007625040578071481,4
2014-06-12,0.010760107835978356,16,0.00971848332483031,10,0.008092556945894646,4
2014-06-13,0.010990526942633467,16,0.010829978841609968,13,0.008599342957685899,5
2014-06-16,0.005990415390130367,5,0.010751942436434372,13,0.008046384066528307,4
2014-06-17,0.0078203185914995,9,0.01034691126089329,12,0.008029249623698009,4
2014-06-18,0.008298996043804435,10,0.010201642765887746,11,0.007931884786507108,4
2014-06-19,0.0076576228925307206,8,0.008839799364714228,8,0.008070160899246157,4
2014-06-20,0.004877152142118118,2,0.008351619222366017,7,0.008061969379101528,4
2014-06-23,0.008871459301168566,11,0.008786329791997427,8,0.008600981426619017,5
2014-06-24,0.009325743559604844,12,0.008790442793952132,8,0.008686640359831382,6
2014-06-25,0.009199230848342252,12,0.008427836586479245,7,0.008599266689977715,5
2014-06-26,0.010282720442174483,15,0.00858800383319984,7,0.008958789986953535,6
2014-06-27,0.010136970405275258,14,0.007500523159497672,5,0.008966465859509483,6
2014-06-30,0.005074433718923187,3,0.0074689360317024694,5,0.00885236966159356,6
2014-07-01,0.00715118041987464,7,0.007878014261963317,6,0.008978586202840418,7
2014-07-02,0.009298740038566448,12,0.008745154260115238,8,0.009128452165374881,7
2014-07-03,0.005690991257994325,4,0.008373074367940363,7,0.009069877080815846,7
2014-07-07,0.006748716632215919,6,0.008437926574673632,7,0.008439486393327077,5
2014-07-08,0.009633926780572847,13,0.007798853911766358,6,0.008619347069022785,5
2014-07-09,0.008982878930172966,11,0.007678188088182149,5,0.007935524785581669,4
2014-07-10,0.006773188309798113,6,0.00819460587150076,7,0.008104814453406245,4
2014-07-11,0.005894237494540495,4,0.007386455963365847,5,0.00793613589194377,4
2014-07-14,0.016867969503358823,29,0.012141900032065214,17,0.010283154617993787,10
2014-07-15,0.01607827057988085,28,0.012953420091237629,18,0.010434663127324809,10
2014-07-16,0.01532634208072504,27,0.013070579309629553,19,0.010616548328796922,11
2014-07-17,0.01624674622470821,28,0.01394450833159172,21,0.01110649973957625,12
2014-07-18,0.015786211635055187,27,0.014028812934527412,21,0.011188037553002614,12
2014-07-21,0.012310098563448547,19,0.013958701565698943,21,0.01106733161714253,12
2014-07-22,0.009690397943758136,13,0.012986085247605257,18,0.010986936818619824,12
2014-07-23,0.00992629265557472,14,0.013009464849516605,18,0.010805372909106744,11
2014-07-24,0.006617325717769762,6,0.012108637831288044,16,0.010715231430532175,11
2014-07-25,0.006458352155425412,5,0.01229162939951425,17,0.010733179555315343,11
2014-07-28,0.007075908588624091,7,0.009552729329314093,10,0.010412439368266744,10
2014-07-29,0.007316920452250444,8,0.008163219569431536,6,0.01052218721317042,11
2014-07-30,0.007334966349684204,8,0.008307869288863274,7,0.010690678301168129,11
2014-07-31,0.012034208738821986,18,0.010167477929090613,11,0.011900247728899154,14
2014-08-01,0.01285062346848816,21,0.010860277638405908,13,0.012286322786255558,15
2014-08-04,0.014099290248299381,24,0.011125808639987718,14,0.01229014714991252,15
2014-08-05,0.014206415291732983,24,0.01103834520216184,14,0.012407995752218692,15
2014-08-06,0.01232538876991834,19,0.010210552701166015,11,0.012159686045362748,15
2014-08-07,0.009431665272544758,12,0.010213935371721522,11,0.012166485063009182,15
2014-08-08,0.007010757874653898,7,0.01090708535020714,13,0.012001035825907901,14
2014-08-11,0.006778693391657427,6,0.010850448626615964,13,0.012016343198124129,14
2014-08-12,0.004247390557295784,1,0.010849130973279376,13,0.010051401397495816,10
2014-08-13,0.004477088245576253,2,0.010213917771180933,11,0.00931108551503658,7
2014-08-14,0.004255823116088949,1,0.008053409108445023,6,0.00915366675735636,7
2014-08-15,0.006472791054072518,5,0.0063638151922429205,2,0.008902414500974839,6
2014-08-18,0.009064418607512163,12,0.007893271461477147,6,0.00946522015758798,8
2014-08-19,0.00887175231589239,11,0.0067315742265528725,3,0.009448705587926333,8
2014-08-20,0.008937750328465242,11,0.0067294785197431605,3,0.009396324960585727,8
2014-08-21,0.013172259076516507,22,0.009403202696077142,9,0.010639301200146521,11
2014-08-22,0.01159426923011683,18,0.009768506094001936,10,0.010653261503060292,11
2014-08-25,0.011255732257466068,17,0.009846059344299635,10,0.011003160744445644,12
2014-08-26,0.010953694992181526,16,0.00968671345254455,10,0.010973434361322837,12
2014-08-27,0.01256008094464199,20,0.010480476760816966,12,0.01095737416654145,12
2014-08-28,0.009885103822255624,13,0.011510018010919184,15,0.011006881648233536,12
2014-08-29,0.009703899012224246,13,0.010582389184674473,12,0.009658538633244828,9
2014-09-02,0.007998566494584632,9,0.009951025836265809,10,0.008613888169487657,5
2014-09-03,0.007013749408065835,7,0.009944397201006596,10,0.008615532171462277,5
2014-09-04,0.006404530707765689,5,0.009890940999625756,10,0.00808128110190298,4
2014-09-05,0.003814190750990011,1,0.00716104333384164,4,0.008246981373296594,5
2014-09-08,0.005133261624573009,3,0.007350385451170508,5,0.00838075952557251,5
2014-09-09,0.008304811002023307,10,0.007968184587473963,6,0.009279615730474153,7
2014-09-10,0.009965879378486175,14,0.008185810942384152,6,0.009406421934899694,8
2014-09-11,0.010525171803662648,15,0.008388299142760815,7,0.009438298217425442,8
2014-09-12,0.010536327937454572,15,0.007655115330106749,5,0.00941801978649516,8
2014-09-15,0.010225077850506654,14,0.00763235097446841,5,0.009419049186489578,8
2014-09-16,0.005078750433735877,3,0.007451376054322317,5,0.009069454283064932,7
2014-09-17,0.0034491455580761667,0,0.007289426840929399,4,0.008601135793498433,5
2014-09-18,0.010604194154623806,15,0.010504954052661442,12,0.009801094440870841,9
2014-09-19,0.011325331434359234,17,0.010511717324953112,12,0.009916660139332433,9
2014-09-22,0.01252559187423957,20,0.010821061093393756,13,0.008838854017965745,6
2014-09-23,0.012876560751069509,21,0.009312361720841811,9,0.008868343048318121,6
2014-09-24,0.013108014604915584,22,0.009058656701928163,8,0.008562693398001,5
2014-09-25,0.01172293769055286,18,0.01224291586150619,17,0.010040933628185818,10
2014-09-26,0.013948452705856762,23,0.012675573828319775,18,0.010211921853695323,10
2014-09-29,0.013961345570634729,23,0.01296801048976885,18,0.01018068357738578,10
2014-09-30,0.013965375893085248,23,0.013015827300932896,18,0.010185865278018435,10
2014-10-01,0.012728279141439309,21,0.01361666394039738,20,0.010538994621820924,11
2014-10-02,0.00947006031681053,12,0.01022933045822405,11,0.010486722428779155,11
2014-10-03,0.01346933168771806,22,0.013028049074419441,19,0.011465674126088598,13
2014-10-06,0.012778738550780155,21,0.012851498457910051,18,0.011444200297640521,13
2014-10-07,0.015737750720129035,27,0.014058408224932529,21,0.012167553220700247,15
2014-10-08,0.017814708141096033,31,0.016327187836617834,25,0.012884128529844696,16
2014-10-09,0.02309270312070146,39,0.016691289853583806,26,0.014023550611740472,18
2014-10-10,0.020908153290161557,36,0.017088327082604007,27,0.014512075293150928,19
2014-10-13,0.020649066514995998,35,0.017033782139625323,27,0.014478464735903793,19
2014-10-14,0.026130573005060515,42,0.020400742728154297,33,0.01623916696428296,23
2014-10-15,0.02618730436836403,42,0.022847385899062034,37,0.017854761367341616,27
2014-10-16,0.0249344872540187,40,0.022811520675635126,37,0.017862528100930003,27
2014-10-17,0.023771259570400004,39,0.021574093104295256,35,0.016937905879799604,24
2014-10-20,0.02392457636474194,39,0.02197476682830376,36,0.017150300419675347,25
2014-10-21,0.019683625571057715,34,0.021827600409746625,35,0.01749505126333606,26
2014-10-22,0.009763791924670301,13,0.020233769250835015,33,0.0176164221419945,26
2014-10-23,0.010490083135928526,15,0.01908975951355854,31,0.017832522861296902,27
2014-10-24,0.01049733092283544,15,0.017690088306606618,28,0.01713319255680652,25
2014-10-27,0.01139554536187197,17,0.01768356620112717,28,0.016990365024904676,24
2014-10-28,0.011835596811084854,18,0.015555277761474997,24,0.017290603999314317,25
2014-10-29,0.008193582179853828,10,0.008694537236788234,8,0.017268523663559406,25
2014-10-30,0.007534800333254143,8,0.008610543437392119,7,0.017019177965292162,25
2014-10-31,0.007524516300665498,8,0.008611367555051635,7,0.017055401916388227,25
2014-11-03,0.00653395216732143,6,0.008897771187353718,8,0.016518864697597505,23
2014-11-04,0.00602407491002199,5,0.008899944409478226,8,0.01657373555875533,23
2014-11-05,0.008357450105195159,10,0.007906569910978946,6,0.01618545732235528,23
2014-11-06,0.008267596608646191,10,0.0076863639374733575,5,0.015375429521596679,21
2014-11-07,0.008494690420724975,10,0.008152770177066447,6,0.014056519225321622,19
2014-11-10,0.008441905246174115,10,0.007705874028447972,5,0.013068971925420527,16
2014-11-11,0.007827275424087616,9,0.006590254306200028,3,0.013001989762419045,16
2014-11-12,0.0037689166707110624,1,0.007251555390312225,4,0.011526415458260355,13
2014-11-13,0.003892824847166722,1,0.006681944115993951,3,0.007936930087231021,4
2014-11-14,0.003655902571029482,1,0.006275810158090523,2,0.007989494989244051,4
2014-11-17,0.003930365357669988,1,0.0063784006587013385,2,0.007959330224457396,4
2014-11-18,0.0046548512618357005,2,0.006194792076751863,2,0.00784937202880786,4
2014-11-19,0.003076348256277707,0,0.0036379141045494103,0,0.007472193949991119,3
2014-11-20,0.0034683110073451917,0,0.003688806213390012,0,0.006924667282222089,2
2014-11-21,0.003486763566925865,0,0.003602740190830853,0,0.006414349552235866,1
2014-11-24,0.006776488511917956,6,0.00568934465625691,1,0.006812106216208635,2
2014-11-25,0.006970427751048211,7,0.0056802528943960305,1,0.006707860098611635,2
2014-11-26,0.007131687532411849,7,0.005197978481793585,1,0.006012384576697059,1
2014-11-28,0.007186354547836969,7,0.0053700715075681036,1,0.006060732008380389,1
2014-12-01,0.009216485623427794,12,0.006668680681661967,3,0.006347092933812991,1
2014-12-02,0.011338803543957521,17,0.008965744117451234,8,0.007422010162852519,3
2014-12-03,0.013257910160427645,22,0.010010839842744547,11,0.008081329986333156,4
2014-12-04,0.012915351172939593,21,0.009900778607657763,10,0.007947854692826826,4
2014-12-05,0.013222862074507107,22,0.010531179116659921,12,0.008010483130095706,4
2014-12-08,0.00836330439378626,10,0.010505070000158427,12,0.00802325057861156,4
2014-12-09,0.010874913720995881,16,0.010876984626708549,13,0.008281445154747437,5
2014-12-10,0.015450858138393002,27,0.013923081278659625,21,0.010103059973015993,10
2014-12-11,0.015503834800143996,27,0.0138510470663589,20,0.01009222187435752,10
2014-12-12,0.012934712982104076,21,0.015382749890433475,24,0.010973655052162481,12
2014-12-15,0.009958537190397595,14,0.015377844422700985,24,0.011254065273027431,13
2014-12-16,0.012280876604134565,19,0.01623215691818068,25,0.013040423384775847,16
2014-12-17,0.02146746392674726,36,0.01780958616881118,29,0.014274125585996406,19
2014-12-18,0.02781659645230931,43,0.02123884353093718,34,0.015904294673659523,22
2014-12-19,0.02577842500576087,41,0.020277349132505784,33,0.015895003007685406,22
2014-12-22,0.024764463339544712,40,0.020076003618220067,33,0.015883151858275844,22
2014-12-23,0.0151054700973734,26,0.020362915708704195,33,0.015974401261789735,22
2014-12-24,0.013758462911793666,23,0.018806403292550893,31,0.015700732722312618,22
2014-12-26,0.0044081597383972965,2,0.018819257928746575,31,0.015705089701299094,22
2014-12-29,0.004400737496030258,2,0.017434355510994523,28,0.015719464203038148,22
2014-12-30,0.0039783369886204865,1,0.016737415485332797,26,0.0156999620156393,22
2014-12-31,0.007318931396629105,8,0.013289550380040689,19,0.01577664113296571,22
2015-01-02,0.007387416427883484,8,0.011424603460094935,15,0.01523236931982987,21
2015-01-05,0.015604378254356977,27,0.011628548942666437,15,0.016256504483118914,23
2015-01-06,0.017951256082855256,31,0.015457933451351566,24,0.01776692229168176,27
2015-01-07,0.019867553289842133,34,0.016164231999026092,25,0.01743027690621924,26
2015-01-08,0.02365648313808735,39,0.01689369125650091,27,0.017824800060339246,27
2015-01-09,0.023481859617606324,39,0.017576177215161692,28,0.01825099515047404,28
2015-01-12,0.021064046023434622,36,0.017489907151761668,28,0.01767320479396513,26
2015-01-13,0.014918698086593024,26,0.01688615026051809,27,0.017661105194795395,26
2015-01-14,0.014719057298355442,25,0.016715219249701752,26,0.01761716335490791,26
2015-01-15,0.012278404836171862,19,0.018665418163955796,30,0.019003142415377264,29
2015-01-16,0.01676965828736871,29,0.01923721964895339,31,0.018261985291949456,28
2015-01-20,0.016809018668548652,29,0.0181129099892389,29,0.017083438319648467,25
2015-01-21,0.019736105354297817,34,0.016847864174494208,27,0.015368619515150807,21
2015-01-22,0.027563228420717546,43,0.021588960631658806,35,0.01813861912035749,28
2015-01-23,0.02167019406460301,37,0.021123603023158972,34,0.018422566891419388,28
2015-01-26,0.02164012470191913,37,0.020618698114619166,33,0.018326362537832982,28
2015-01-27,0.022391314915820297,37,0.020748810708436302,34,0.018309659010163428,28
2015-01-28,0.025478182170448466,41,0.02177648093844805,35,0.018758241680003455,29
2015-01-29,0.015501588540762437,27,0.021771648501239735,35,0.018965711447694458,29
2015-01-30,0.01472371726614139,25,0.018739252871285576,30,0.018932372915962916,29
2015-02-02,0.017542689250260046,31,0.01933622586881276,31,0.0195527491585315,30
2015-02-03,0.02097709291323218,36,0.02048422355444737,33,0.020562646939738423,32
2015-02-04,0.016722829697959234,29,0.02074231168309597,34,0.01967705829295014,31
2015-02-05,0.016469064842731872,29,0.01631831855551563,25,0.01834046230647812,28
2015-02-06,0.013149546484729066,22,0.015660991534810403,24,0.01844676703343782,28
2015-02-09,0.012808708531501567,21,0.015586986047337523,24,0.018061507702901186,27
2015-02-10,0.007919653082819729,9,0.01494985070414471,23,0.01751027367647033,26
2015-02-11,0.004291812028921757,1,0.011510851768731255,15,0.017504174947809172,26
2015-02-12,0.0092383215741765,12,0.012929196807957432,18,0.018242234106822994,28
2015-02-13,0.009184034388049926,12,0.01070449540627525,13,0.017657515144733047,26
2015-02-17,0.008348318162988961,10,0.010375262684473504,12,0.01523492483921552,21
2015-02-18,0.01064100003623384,15,0.009396867728672664,9,0.015351583568360895,21
2015-02-19,0.012404575843759291,20,0.008755507964749316,8,0.015300043528009035,21
2015-02-20,0.00859295939999412,10,0.00899184496768778,8,0.015368400303124986,21
2015-02-23,0.009965365027565861,14,0.009919921436096027,10,0.013423283775096287,17
2015-02-24,0.010380412506603584,15,0.010081795203101974,11,0.012676647677353397,16
2015-02-25,0.00982554668058134,13,0.010081736478681514,11,0.012665730014091265,16
2015-02-26,0.008633455201180753,10,0.01008356725179479,11,0.012203145062023222,15
2015-02-27,0.007533423077134792,8,0.007637399407199239,5,0.010328169197097883,10
2015-03-02,0.007868214651352443,9,0.009418009293301149,9,0.010792994945495427,11
2015-03-03,0.007817384456097058,9,0.009245020690103732,9,0.009817083613314773,9
2015-03-04,0.008579175418663222,10,0.008877823568902857,8,0.00967604611540689,9
2015-03-05,0.009302424752865402,12,0.008467694343796558,7,0.008805849151176501,6
2015-03-06,0.011165135701340822,17,0.008979302732216565,8,0.008767268419327911,6
2015-03-09,0.0049161039325932646,2,0.008250219411006628,7,0.008876895954398202,6
2015-03-10,0.013315174697729894,22,0.013438063268411333,20,0.011743326941748873,14
2015-03-11,0.019313905264886876,33,0.01521869722422266,23,0.01248146160753851,15
2015-03-12,0.025988976262630716,42,0.018438285015189074,30,0.014141073969619727,19
2015-03-13,0.026062637135854844,42,0.018903543406066696,31,0.014479233127718589,19
2015-03-16,0.025959676574720824,42,0.017815330562949445,29,0.013681471682436502,18
2015-03-17,0.017206181303093447,30,0.017781413286427804,28,0.013658814202401339,18
2015-03-18,0.01654368045499843,29,0.017795054609441273,28,0.013595349471682283,18
2015-03-19,0.011654359105559104,18,0.01951166447344147,32,0.014746114779988197,20
2015-03-20,0.013725436646942606,23,0.019755720978729914,32,0.014828762712537039,20
2015-03-23,0.013740914720855082,23,0.019978623805549378,33,0.014794009301571456,20
2015-03-24,0.01324819109948763,22,0.01707934673769126,27,0.014842855997209203,20
2015-03-25,0.013013850806408041,21,0.015894723214793096,25,0.014834756659839512,20
2015-03-26,0.00938806642528478,12,0.010019993242255072,11,0.014821572128672526,20
2015-03-27,0.003573429393463024,1,0.00989886588287845,10,0.014749070465079759,20
2015-03-30,0.009437757681439599,12,0.011133885132606648,14,0.01505056588902652,20
2015-03-31,0.008571492365797104,10,0.010911012201525698,13,0.014260037675824792,19
2015-04-01,0.006884245888094842,7,0.011079090887303453,14,0.014215666289032893,19
2015-04-02,0.006474868563122127,5,0.008490541972535497,7,0.01428523720365453,19
2015-04-06,0.0067076551601504665,6,0.007319009121017758,4,0.014300950052167728,19
2015-04-07,0.003704630818508536,1,0.006910291423166006,4,0.014193085003739312,19
2015-04-08,0.004789109428080212,2,0.006738332700560882,3,0.01431125549464928,19
2015-04-09,0.005004701688718291,3,0.005699861842167324,1,0.0123714958895909,15
2015-04-10,0.005173770830071603,3,0.005529832124181756,1,0.011510326794196366,13
2015-04-13,0.003499775490319775,0,0.00511082719402015,0,0.008716037010095552,6
2015-04-14,0.0021637334999495225,0,0.0039304893602362615,0,0.00849465541208899,5
2015-04-15,0.002801203625165296,0,0.0041566664054861775,0,0.008732173811602404,6
2015-04-16,0.005301997155371212,3,0.005575165508089911,1,0.009357634477186764,7
2015-04-17,0.012387970534169918,20,0.008951298872877355,8,0.01012557770190552,10
2015-04-20,0.012344076347481284,19,0.008612070879038352,7,0.008448861659442988,5
2015-04-21,0.014223704407070185,24,0.010023759569088821,11,0.008627182927784723,5
2015-04-22,0.01474112864935963,25,0.01039545657019425,12,0.008761400378268638,6
2015-04-23,0.012252577435654308,19,0.010364967194196007,12,0.008402421538027794,5
2015-04-24,0.009593866673221528,13,0.01057237311841852,12,0.008122361797697165,5
2015-04-27,0.009443608393670526,12,0.010531470188619456,12,0.008074844336397798,4
2015-04-28,0.00671553756564164,6,0.010599817592544452,12,0.00800296559775467,4
2015-04-29,0.007513999804727844,8,0.011130362809280146,14,0.008102083506094019,4
2015-04-30,0.008916882875699313,11,0.010253506322745819,11,0.008353655496999098,5
2015-05-01,0.008626584126288764,10,0.008839195716856785,8,0.008476513664280254,5
2015-05-04,0.008247644269375076,10,0.00906101370695036,8,0.008548151369135185,5
2015-05-05,0.012335961270445511,19,0.009372298414806692,9,0.009241978842154469,7
2015-05-06,0.010731787525118738,16,0.009283663735568753,9,0.009554988902399445,8
2015-05-07,0.011620610111095282,18,0.009767171652243297,10,0.009630866172219924,9
2015-05-08,0.012689889235683533,20,0.010296924133266057,11,0.00996072950544506,9
2015-05-11,0.012143054815934645,19,0.010259364266711672,11,0.009932890257459293,9
2015-05-12,0.009617384695814957,13,0.010428445492177925,12,0.009983177692242384,9
2015-05-13,0.007430682666653656,8,0.009828692599816615,10,0.010118338596918321,10
2015-05-14,0.0072154111734631585,7,0.009463045110337805,9,0.010059220642846034,10
2015-05-15,0.006833116212073811,7,0.009609007179700563,10,0.009665801546290872,9
2015-05-18,0.007388383111896241,8,0.00963277284934956,10,0.008885337775340216,6
2015-05-19,0.007203400672689689,7,0.008335835085786107,7,0.009182464363989304,7
2015-05-20,0.009176393771016707,12,0.007992585490839607,6,0.008785236894458764,6
2015-05-21,0.008831837362692848,11,0.007876729700834346,6,0.008522212541521856,5
2015-05-22,0.007774800775080359,9,0.006970534031032759,4,0.008522693842246935,5
2015-05-26,0.009745905842597059,13,0.008440544696833117,7,0.008981446187574493,7
2015-05-27,0.009587044091963402,13,0.008918506053267316,8,0.009226985384791527,7
2015-05-28,0.009279522681913859,12,0.008924856208597827,8,0.009359752573862455,7
2015-05-29,0.009840763374676332,13,0.009023458273734667,8,0.009138808261192932,7
2015-06-01,0.010596362665115698,15,0.00908483644725866,9,0.009027007548834178,7
2015-06-02,0.008638141093394112,11,0.008858028102026776,8,0.008923423111098634,6
2015-06-03,0.010211539563567795,14,0.009625005709937125,10,0.009463667156829102,8
2015-06-04,0.010120243773001844,14,0.009404330097889197,9,0.008834891661721774,6
2015-06-05,0.009161487495108861,12,0.010574620277784948,12,0.00896150937885866,6
2015-06-08,0.012375792784893848,19,0.011355439891011154,15,0.009304194045393462,7
2015-06-09,0.01240426653630894,20,0.010192601856871429,11,0.00900152923138175,7
2015-06-10,0.012799224618512446,21,0.010978103522074931,14,0.009661422263945337,9
2015-06-11,0.011560648297629242,18,0.010444516598109188,12,0.009530409356327272,8
2015-06-12,0.010569726928017364,15,0.009659013995611851,10,0.009496597025221076,8
2015-06-15,0.009814685461027064,13,0.010539079087937732,12,0.009698116728735743,9
2015-06-16,0.009904015786505436,13,0.010591882972497326,12,0.009572762741183162,8
2015-06-17,0.007182018440867831,7,0.010398877957342154,12,0.009815865311875826,9
2015-06-18,0.007282946283600019,8,0.010108399296794315,11,0.009539940767489785,8
2015-06-19,0.008080024850557022,9,0.009451305576129325,9,0.009611340743487464,9
2015-06-22,0.010018502039562924,14,0.00944304006872242,9,0.009922196346951627,9
2015-06-23,0.01006855095781176,14,0.009520220552498728,9,0.010004828917946629,10
2015-06-24,0.011030178692816285,16,0.00884715805335118,8,0.009962440044872347,9
2015-06-25,0.011425312964633602,17,0.0090353104182885,8,0.009961825009059866,9
2015-06-26,0.010728779537432582,16,0.009143341533669698,9,0.0098345624438782,9
2015-06-29,0.01324787577670633,22,0.011925992820947197,16,0.01134074627119184,13
2015-06-30,0.012923305668428671,21,0.011845067209091245,16,0.011333351790933473,13
2015-07-01,0.014107187676191296,24,0.012111812924203129,16,0.0114079552707876,13
2015-07-02,0.013922242028477042,23,0.012016008286979789,16,0.010893441603542301,12
2015-07-06,0.013582423313644905,23,0.011821778955182714,16,0.010889768725186776,12
2015-07-07,0.008162605535362457,10,0.01083659238144086,13,0.01041367959160522,10
2015-07-08,0.014217726689349236,24,0.012829358573560688,18,0.012148335096022166,15
2015-07-09,0.017249752297389044,30,0.014980270178693732,23,0.01276049256707951,16
2015-07-10,0.020125547003883425,34,0.016314549975081943,25,0.012581553024562455,16
2015-07-13,0.022003931059139,37,0.01755564655130339,28,0.013278562945061655,17
2015-07-14,0.020899304288428757,36,0.015364234298399818,24,0.013391514215398094,17
2015-07-15,0.00498603743028449,2,0.015507355528733006,24,0.013484060152321082,17
2015-07-16,0.01212673686055105,19,0.01914526808177955,31,0.015756477814781834,22
2015-07-17,0.013891951488709971,23,0.01879996496318858,31,0.01556715160142599,21
2015-07-20,0.014887867927607915,26,0.01845989631725787,30,0.015560781607805468,21
2015-07-21,0.015130514024978569,26,0.01748451498046794,28,0.01535393766293454,21
2015-07-22,0.015681371331620363,27,0.010969987749690727,13,0.015727838923286767,22
2015-07-23,0.010411572219889156,15,0.012733485288011562,18,0.015852484211713126,22
2015-07-24,0.015030841603438958,26,0.015786505572420208,24,0.016237395561015267,23
2015-07-27,0.01594125567170018,28,0.01647001412542773,26,0.016398029671198036,23
2015-07-28,0.016305793867502416,28,0.016476828492252283,26,0.016440423864768156,23
2015-07-29,0.012554107688011212,20,0.016462243350594902,26,0.015223693618957677,21
2015-07-30,0.012517698282181206,20,0.011577432547310187,15,0.015232857474770628,21
2015-07-31,0.009300739918163135,12,0.011789639326233144,16,0.015350261862192748,21
2015-08-03,0.006640151346250271,6,0.011766219286868674,16,0.015256122877353336,21
2015-08-04,0.005913430238891973,4,0.01165267003256095,15,0.015158129946771522,20
2015-08-05,0.004219572962747646,1,0.00908804483391497,9,0.014841319956029624,20
2015-08-06,0.006249795266815114,5,0.009333134675212242,9,0.013003985063543026,16
2015-08-07,0.005777658128213305,4,0.007322080383938926,4,0.01277929295912396,16
2015-08-10,0.00936485564344914,12,0.007660108291141905,5,0.012712249482594645,16
2015-08-11,0.012922479897539108,21,0.009618040565159186,10,0.013152893947499794,17
2015-08-12,0.01275654104215257,21,0.009437918809047065,9,0.013471703006943845,17
2015-08-13,0.013675986924625634,23,0.010024296515168158,11,0.013400959272326953,17
2015-08-14,0.014020052813212624,24,0.010119095138980303,11,0.010465595180309581,10
2015-08-17,0.011644914787227127,18,0.010220266248212357,11,0.010472543603777577,10
2015-08-18,0.008051269892631044,9,0.010235575074961277,11,0.010477105155806523,10
2015-08-19,0.006893428086802848,7,0.010269896023554284,11,0.010563378284545717,11
2015-08-20,0.013688711810890127,23,0.013107632819291677,19,0.01086676726449194,12
2015-08-21,0.015402533161617856,27,0.015514646809009823,24,0.012372712131667827,15
2015-08-24,0.02241344565923991,38,0.02095957866168835,34,0.017132040779043522,25
2015-08-25,0.021127565800392663,36,0.020995055731950412,34,0.01709344159058057,25
2015-08-26,0.0405449096030202,49,0.028814830560043178,43,0.02073834785914189,33
2015-08-27,0.04294323479003129,50,0.03005120474539568,45,0.02136081213499645,34
2015-08-28,0.04061298615818098,49,0.029834972775707607,44,0.0213465153135883,34
2015-08-31,0.02316795253702171,39,0.029860121108489884,44,0.02141220554130466,34
2015-09-01,0.03526715199917884,47,0.03238434665353101,46,0.023389281607864833,37
2015-09-02,0.02742710386613095,43,0.03354705213524996,46,0.023848481012626238,37
2015-09-03,0.024246054416353857,40,0.03287694982991509,46,0.023781400681862082,37
2015-09-04,0.025275319374419302,41,0.032282585450924155,46,0.024064495554592835,38
2015-09-08,0.02857772172779739,43,0.026490189317018357,41,0.02478622723506629,39
2015-09-09,0.019049539257569668,33,0.026841774588356602,42,0.02445692260501906,38
2015-09-10,0.01718164829596299,30,0.02158033794799475,35,0.024387886567538715,38
2015-09-11,0.017172947539894654,30,0.01989110371210207,32,0.02436358066730915,38
2015-09-14,0.012924919434386138,21,0.019896812382589123,32,0.024211842575628178,38
2015-09-15,0.012573404640331957,20,0.02123937223057268,34,0.024755185347179527,39
2015-09-16,0.009037574201546451,11,0.014500397602848802,22,0.024946973579290228,39
2015-09-17,0.014378162259602697,24,0.015154734683915599,23,0.02512513547462416,39
2015-09-18,0.019372456747293886,33,0.01726068961931243,27,0.025545913747265694,40
2015-09-21,0.020047181960011783,34,0.015956334631186106,25,0.025119581407439317,39
2015-09-22,0.016288456504316966,28,0.014293311489138665,21,0.024336743811927408,38
2015-09-23,0.01322755124680927,22,0.013663599491421458,20,0.0203981142255534,32
2015-09-24,0.01354750868029311,23,0.014661456943196927,22,0.020763842105866282,33
2015-09-25,0.018421917648450394,32,0.017959446275709275,29,0.018848910197275665,29
2015-09-28,0.02228395370346021,37,0.020201067189309693,33,0.019023553462523782,29
2015-09-29,0.02244004420908403,38,0.01849127982198472,30,0.019036442987697688,29
2015-09-30,0.02381469040730839,39,0.018607630461692247,30,0.01930180123811832,30
2015-10-01,0.0216420265125927,37,0.018377217323040627,30,0.016512586823568452,23
2015-10-02,0.016268807317584878,28,0.016501995353407135,26,0.01606304707178052,22
2015-10-05,0.010919659671246897,16,0.018359756275042372,30,0.017131672212093472,25
2015-10-06,0.011215016502428626,17,0.018207738613350916,29,0.016331233779216785,23
2015-10-07,0.011018747815906579,16,0.018079790164109703,29,0.015695731202606325,22
2015-10-08,0.011002860322029897,16,0.016305357988219613,25,0.01538269626704701,21
2015-10-09,0.012009585766089912,18,0.014215475808657277,21,0.015422308726996119,21
2015-10-12,0.005026584605165414,3,0.00908258095130823,9,0.015430691315038285,21
2015-10-13,0.004961724229181112,2,0.009132974719763758,9,0.015423804240703151,21
2015-10-14,0.0058866496545634224,4,0.009632830118833943,10,0.01487758732524913,20
2015-10-15,0.0221054033045015,37,0.01648752720019569,26,0.017727773453343663,27
2015-10-16,0.022112352320823522,37,0.01678025928058073,26,0.017282961565918964,25
2015-10-19,0.02181108943021399,37,0.01523122301018133,23,0.0161012465573148,22
2015-10-20,0.021729008444286227,37,0.015177987166033233,23,0.016055204298243194,22
2015-10-21,0.023904787447102168,39,0.01680177898357379,27,0.01664192622899403,24
2015-10-22,0.012112289214426834,19,0.017197069237385794,27,0.01676856614744918,24
2015-10-23,0.01556082410581467,27,0.018044637177567165,29,0.01646396043006579,23
2015-10-26,0.01671683378455538,29,0.018525567939648303,30,0.015727156850072248,22
2015-10-27,0.017385683306234235,30,0.01893866002500529,31,0.01415786938145398,19
2015-10-28,0.021376352745823016,36,0.021670399555961666,35,0.016232560372631925,23
2015-10-29,0.025248069499217696,41,0.018959683324115403,31,0.017020920840796618,25
2015-10-30,0.023790117810715824,39,0.01914965125162576,31,0.017248223725935125,25
2015-11-02,0.023923964299744145,39,0.019482035143626387,32,0.017344110373252498,26
2015-11-03,0.022908424593218246,38,0.019502864191218154,32,0.016620467026396517,24
2015-11-04,0.012665947242246437,20,0.018232156171891164,29,0.01670456613031319,24
2015-11-05,0.009087797688028166,12,0.017947457119116293,29,0.01671183319718789,24
2015-11-06,0.013873345948173715,23,0.019345674955108385,32,0.01786954421897698,27
2015-11-09,0.01486461032072531,26,0.018898363392676167,31,0.01781656430444199,27
2015-11-10,0.01506463430251704,26,0.018278587554256483,29,0.01777393651682526,27
2015-11-11,0.01755387177619377,31,0.014936686393257403,23,0.018288731176636503,28
2015-11-12,0.022021689233034963,37,0.01603718071724634,25,0.019220549523004615,30
2015-11-13,0.011264479691430108,17,0.01585104223863424,25,0.016731961203873852,24
2015-11-16,0.014239062997602822,24,0.01564453989121751,24,0.016802788818676317,24
2015-11-17,0.013590740082529001,23,0.015514787535508126,24,0.01682579572921347,24
2015-11-18,0.020011606539632385,34,0.017848374094186673,29,0.017833341144905188,27
2015-11-19,0.013580439739152309,23,0.01780176170226735,28,0.017140939429432518,25
2015-11-20,0.01362387846353344,23,0.014416100558109624,22,0.017065062513253782,25
2015-11-23,0.014760292503936049,26,0.014569975084511065,22,0.016613141704406597,23
2015-11-24,0.014592036277937887,25,0.01450228145572697,22,0.01644907824714574,23
2015-11-25,0.0038796157806858596,1,0.01373174482167213,20,0.016289834677108202,23
2015-11-27,0.004181174752434194,1,0.010615084666589383,13,0.013656082865903434,18
2015-11-30,0.003936252463336589,1,0.010431192621369437,12,0.01294378340858736,16
2015-12-01,0.007178409505241657,7,0.01094222266426356,13,0.013099840707324064,17
2015-12-02,0.010113849930589782,14,0.01192513938600328,16,0.013248125578139421,17
2015-12-03,0.011400630378815585,17,0.008054342407714816,6,0.013427067140628798,17
2015-12-04,0.018377007801626846,32,0.013017500162238429,19,0.014857491693504624,20
2015-12-07,0.01969043587846118,34,0.013529027540943135,20,0.01510756388561656,20
2015-12-08,0.019673881207413896,34,0.014518905859321618,22,0.013807359190855871,18
2015-12-09,0.019436055852908387,33,0.014815779309550947,22,0.013940086755598302,18
2015-12-10,0.019058081736922985,33,0.014815057451646541,22,0.013909165022495958,18
2015-12-11,0.00977471503582806,13,0.01687117610121414,27,0.01480945220514987,20
2015-12-14,0.011843176909912847,18,0.016930054731944682,27,0.013852449132313921,18
2015-12-15,0.020655687399767333,35,0.019053356938241367,31,0.015271991747009618,21
2015-12-16,0.023633498936787015,39,0.02095930120996516,34,0.016220595937325742,23
2015-12-17,0.02598103071083829,42,0.021588460470666357,35,0.016782177237613827,24
2015-12-18,0.02645161562860894,42,0.020501858207738314,33,0.01672080793268747,24
2015-12-21,0.026856002730658357,42,0.021175346040966308,34,0.01699598532329159,24
2015-12-22,0.02323823608123976,39,0.02074028101953773,34,0.017049593872741166,25
2015-12-23,0.019498665077887282,33,0.020960153869466532,34,0.01725780215392205,25
2015-12-24,0.017618556185841506,31,0.020939900720162635,34,0.017268378006437397,25
2015-12-28,0.007523030472638789,8,0.01844742884712643,30,0.017303892337758198,25
2015-12-29,0.007552202531308326,8,0.018617593004211282,30,0.017514218804756895,26
2015-12-30,0.010872365881599797,16,0.017171737816312833,27,0.01770497264663536,27
2015-12-31,0.00990818533348614,13,0.014596626099898445,22,0.017412049898108847,26
2016-01-04,0.010094741994401829,14,0.013861958237582434,20,0.017368309854303054,26
2016-01-05,0.01009859806811518,14,0.01002106005558026,11,0.017257566745504577,25
2016-01-06,0.0035309126369662334,0,0.009928173910992648,10,0.015816650999054164,22
2016-01-07,0.018423636690574303,32,0.01768461562652149,28,0.018771522907790456,29
2016-01-08,0.018332071199619257,32,0.017206831706034403,27,0.019310132695570605,30
2016-01-11,0.02519240813409035,41,0.019006639030294165,31,0.019884117235304557,31
2016-01-12,0.02601118030188188,42,0.019342362144850956,31,0.019922967632468133,31
2016-01-13,0.027470534067538823,43,0.019084614155822837,31,0.02038129394573516,32
2016-01-14,0.02262889810960683,38,0.020093969624776147,33,0.020462572469031694,32
2016-01-15,0.03317449817551794,46,0.025510125475974015,40,0.022707582882343157,36
2016-01-19,0.02855196563708692,43,0.025494779268175324,40,0.021149390103943646,34
2016-01-20,0.025928836933612275,41,0.025385351373811763,40,0.021675257887745818,35
2016-01-21,0.026875642616419698,42,0.02566564646716411,40,0.021268029609238712,34
2016-01-22,0.032283847760270344,46,0.02683254787200676,42,0.022002404607231574,35
2016-01-25,0.024083012785010533,40,0.02735056601048636,42,0.022420590421081642,36
2016-01-26,0.0295394888691381,44,0.028499359063865776,43,0.023226247142723578,37
2016-01-27,0.025070008505929296,41,0.02854885373089196,43,0.023225114941843317,37
2016-01-28,0.024761369762382232,40,0.027576261870797033,42,0.02325566719648971,37
2016-01-29,0.03387001309277052,47,0.03431590078889925,47,0.026988815361639648,41
2016-02-01,0.024854810128325938,40,0.02754507371823891,42,0.027030770906361027,41
2016-02-02,0.036458032204551176,48,0.03148341748582161,45,0.028340579944890917,42
2016-02-03,0.0364547534339885,48,0.02950068998416132,44,0.02842063812171187,42
2016-02-04,0.036678664491070614,48,0.029508305434003634,44,0.028786072926707647,43
2016-02-05,0.023245108780709733,39,0.029468736546753978,44,0.02890655080349701,43
2016-02-08,0.027628429407279737,43,0.03164283956263899,45,0.028931422783187524,43
2016-02-09,0.023863692983953095,39,0.030068984037722155,45,0.028582578592471933,43
2016-02-10,0.023706695294540787,39,0.029963856126249834,44,0.02805618777807181,42
2016-02-11,0.027235248354499416,42,0.034934224867624514,47,0.03033843753518192,44
2016-02-12,0.054109727769297795,52,0.03927704520485506,49,0.03523117842073253,47
2016-02-16,0.05175159053972849,51,0.04207314964379115,50,0.03645074909887405,48
2016-02-17,0.051404330031493695,51,0.04046330088943741,49,0.034487904986982974,47
2016-02-18,0.053493802459879315,52,0.040995354398003926,49,0.03467668293531253,47
2016-02-19,0.035795638994329436,48,0.04076571157670686,49,0.033919910719291034,47
2016-02-22,0.021900851101827188,37,0.04050046132649058,49,0.03402746157187919,47
2016-02-23,0.023497078212704504,39,0.03825300383678122,49,0.034319333355136226,47
2016-02-24,0.01862374810864015,32,0.03815241020188777,48,0.033430882443976045,47
2016-02-25,0.019140812647747855,33,0.038278066981936344,49,0.033120105562520714,46
2016-02-26,0.022090949074425315,37,0.029892284031181635,44,0.03354723133240874,47
2016-02-29,0.02250395816735463,38,0.02215067134129093,36,0.03371692294427151,47
2016-03-01,0.03009518307791737,45,0.02736765358129927,42,0.034420078946230996,47
2016-03-02,0.028130391130987215,43,0.02737671882000118,42,0.03481053197455705,47
2016-03-03,0.028097249307964398,43,0.025608111015273265,40,0.033066799243697396,46
2016-03-04,0.02958763082412692,44,0.025677631521695204,40,0.03305768895217319,46
2016-03-07,0.02671384451884452,42,0.02604499842901721,41,0.03306286320763063,46
2016-03-08,0.022922280843290333,38,0.0267091464953431,41,0.03372412124043734,47
2016-03-09,0.019090591332551973,33,0.02650780488521407,41,0.03143235267224626,45
2016-03-10,0.017106628631803282,30,0.026436251911833845,41,0.031302857312846884,45
2016-03-11,0.02706147736020473,42,0.027970435268859586,43,0.03210178153771291,46
2016-03-14,0.02721233558156345,42,0.027199051701231568,42,0.027810870854752093,42
2016-03-15,0.018328653076411502,32,0.020058440597363718,33,0.023800984346709107,37
2016-03-16,0.019681363939221284,34,0.019071378355124895,31,0.02299262306041194,36
2016-03-17,0.02011921937601846,34,0.019090901536707002,31,0.02272709565789154,36
2016-03-18,0.01195141403473046,18,0.01973928414015035,32,0.02210053435395304,35
2016-03-21,0.010681225564382899,16,0.0195911055811731,32,0.022104327775512148,35
2016-03-22,0.011224797000633821,17,0.014467153932344186,22,0.022140071727676805,35
2016-03-23,0.01613492861019786,28,0.017137386284396056,27,0.02141183621053824,34
2016-03-24,0.014522071837054807,25,0.017601587442155765,28,0.021596183656181687,34
2016-03-28,0.00987765388818562,13,0.01163110163656343,15,0.02152119749104381,34
2016-03-29,0.008819735498367693,11,0.011534071014314452,15,0.021163914175259434,34
2016-03-30,0.010487515625715834,15,0.011691612329227472,15,0.0206980794792392,33
2016-03-31,0.005179606652046743,3,0.01146433814900211,15,0.01579381177001608,22
2016-04-01,0.008836531549350362,11,0.011877324612652498,16,0.015431395009908127,21
2016-04-04,0.010430577771657661,15,0.010512470071372161,12,0.015228856302194626,21
2016-04-05,0.012056374043197298,19,0.010772651974195904,13,0.015462075512765964,21
2016-04-06,0.0126720691851094,20,0.011559480922968223,15,0.015580109109633469,21
2016-04-07,0.021388914100089723,36,0.014827734129662795,22,0.015740225539684183,22
2016-04-08,0.018404876422852826,32,0.015010481113206797,23,0.015775843726887236,22
2016-04-11,0.021645824486271312,37,0.016236513752636298,25,0.01614917648291509,22
2016-04-12,0.023100271369545823,39,0.017445197524504068,28,0.014170871911460844,19
2016-04-13,0.0337481508597878,47,0.02480468954134537,39,0.018784777350493654,29
2016-04-14,0.019528165670926755,33,0.024797868382391515,39,0.019026476840671647,29
2016-04-15,0.0210848909128063,36,0.02470357782609079,39,0.018879296722616897,29
2016-04-18,0.022434340708267116,38,0.024115679540255102,38,0.018695956482709067,29
2016-04-19,0.022673325680738925,38,0.023038563093387456,37,0.018557069088697555,28
2016-04-20,0.010075118094649414,14,0.023481899266129556,37,0.019159903965187127,29
2016-04-21,0.011153606691871324,17,0.01703991367172893,27,0.019119407066806062,29
2016-04-22,0.01011240653909443,14,0.016873740006466898,27,0.018112869191561826,28
2016-04-25,0.012139491143165612,19,0.01812920874869152,29,0.0179592946642943,27
2016-04-26,0.011942126855904404,18,0.01803806931815423,29,0.01792465964378318,27
2016-04-27,0.006642930786538949,6,0.009213575600738206,9,0.017765365751423973,27
2016-04-28,0.00946680524893532,12,0.010347285992035932,12,0.018233342574380595,28
2016-04-29,0.009317723055515172,12,0.01111511418327433,14,0.018439756848702197,28
2016-05-02,0.010357335454711314,15,0.011254239723877926,14,0.018250515153848613,28
2016-05-03,0.013279686065608243,22,0.013718691335172735,20,0.01904762477422579,29
2016-05-04,0.012580978285363488,20,0.012020703985998724,16,0.01941241022331674,30
2016-05-05,0.012582485927973331,20,0.012112549492455684,17,0.019590016316497455,30
2016-05-06,0.014295699983977117,24,0.01170309725205314,16,0.017217499296004482,25
2016-05-09,0.010793385889999636,16,0.01186681292306733,16,0.017590414442006787,26
2016-05-10,0.016317364416695488,28,0.01413905154592888,21,0.017822268818282305,27
2016-05-11,0.01396389800066642,23,0.013742527032015183,20,0.017690037560174458,26
2016-05-12,0.01411847249862175,24,0.013646752688282852,20,0.013059943847616086,16
2016-05-13,0.016008145193851294,28,0.014359882013930776,21,0.013172229318900658,17
2016-05-16,0.015843109930748448,27,0.013615333998278021,20,0.013186649264940207,17
2016-05-17,0.012484948906945396,20,0.013735960193237756,20,0.013509332493707874,18
2016-05-18,0.027102879509990664,42,0.020684903538670817,34,0.017352702569026004,26
2016-05-19,0.028375163910267894,43,0.021368436619275896,35,0.016869101751769144,24
2016-05-20,0.025488781558457664,41,0.021424731609972623,35,0.016871821864778102,24
2016-05-23,0.025267300680614436,41,0.02094028173620649,34,0.01679408971217644,24
2016-05-24,0.02546323936560645,41,0.02049760079256363,33,0.017231170673997282,25
2016-05-25,0.016321225256524186,28,0.021112658032123782,34,0.01792547762045332,27
2016-05-26,0.01632930133880944,28,0.021826378204054798,35,0.01829007525105396,28
2016-05-27,0.015734062645989037,27,0.01997559139048346,33,0.01824618047706121,28
2016-05-31,0.01609920894786473,28,0.02002341954491261,33,0.018112816625371814,28
2016-06-01,0.015174989061227282,26,0.019949981223183654,32,0.018097668121490957,27
2016-06-02,0.010954211210512977,16,0.01332218366522278,19,0.01722880324739629,25
2016-06-03,0.017702870935970904,31,0.016565994159463738,26,0.0183081295539241,28
2016-06-06,0.01726939275353048,30,0.016615966006290152,26,0.018198781459102704,28
2016-06-07,0.01717077150299272,30,0.016699017111004206,26,0.01823832843396438,28
2016-06-08,0.016124086918094468,28,0.015783617067586637,24,0.01799428740511523,27
2016-06-09,0.015845963780423,27,0.013612308605010004,20,0.017648402897947182,26
2016-06-10,0.012404269382688845,20,0.014533478918340252,22,0.018394739331793666,28
2016-06-13,0.009944602406572332,14,0.013937271840056439,21,0.01861743178582001,29
2016-06-14,0.011186671947802188,17,0.015021551488187922,23,0.019081297346558165,29
2016-06-15,0.011467840443816078,17,0.014243454787903571,21,0.019082795450612693,29
2016-06-16,0.014276596203846772,24,0.01443474402969852,22,0.018841777250363293,29
2016-06-17,0.015246378337583364,26,0.013103495705745477,19,0.014994665537091945,20
2016-06-20,0.01498819479711723,26,0.01308211166670456,19,0.014815422935430042,20
2016-06-21,0.0032761511764778004,0,0.01340723249808174,20,0.01485434174756533,20
2016-06-22,0.005593621007685177,4,0.013228545685299457,19,0.014791073401638228,20
2016-06-23,0.018050935564589032,31,0.019918909678325585,32,0.017226910546854886,25
2016-06-24,0.05036386713790467,51,0.035115411523966314,47,0.02566116080761272,40
2016-06-27,0.051430599154497304,51,0.03700378749347042,48,0.02690818376706447,41
2016-06-28,0.060467538337481815,52,0.04112495450005326,49,0.029632982137527752,44
2016-06-29,0.06490351087907936,52,0.043482890952747044,50,0.03140816210808393,45
2016-06-30,0.06090623332544813,52,0.04351377053844577,50,0.031380039093666476,45
2016-07-01,0.03858964088915397,48,0.04348395884358779,50,0.03135934340730331,45
2016-07-05,0.034412796534391624,47,0.04459067446272334,50,0.03132839117972881,45
2016-07-06,0.026795113569991147,42,0.044677029805640874,50,0.03131231711826789,45
2016-07-07,0.017020085310928846,30,0.044758974372640606,50,0.03139227514998652,45
2016-07-08,0.019072851042226925,33,0.04267271710310953,50,0.031711054972474326,45
2016-07-11,0.01934036436154342,33,0.029163841794860246,44,0.03172923872354834,45
2016-07-12,0.009203329230807588,12,0.023750272387247976,38,0.031933258979363936,46
2016-07-13,0.011402737801638753,17,0.019815983150710904,32,0.031707475434397135,45
2016-07-14,0.012595911110055992,20,0.017239093991864934,27,0.03145834804377931,45
2016-07-15,0.014718638083072845,25,0.017427267524840775,28,0.03148242346615285,45
2016-07-18,0.014866585556332138,26,0.017083112181237765,27,0.031486428510797235,45
2016-07-19,0.012713277448801628,21,0.011388696200660988,15,0.031508989815269374,45
2016-07-20,0.012224310433372708,19,0.011529527912217933,15,0.03148833363400367,45
2016-07-21,0.005396344252124186,3,0.0125595574658726,18,0.03156259379803773,45
2016-07-22,0.005792608567164293,4,0.01207465173054545,16,0.03151909162763161,45
2016-07-25,0.005271135615288829,3,0.012557475618681483,18,0.03022538580025187,44
2016-07-26,0.0054158206892849755,3,0.009598206683989063,10,0.021312353564900216,34
2016-07-27,0.005496480598270812,3,0.009490027972004515,9,0.018030332141904366,27
2016-07-28,0.004685723466365703,2,0.004807322526260493,0,0.015078880743266198,20
2016-07-29,0.004643385219555024,2,0.005070578854171776,0,0.012556427582945145,15
2016-08-01,0.005380025111572954,3,0.005026655470538153,0,0.012727907319796943,16
2016-08-02,0.005170009207695544,3,0.005505813561841503,1,0.012887173465591859,16
2016-08-03,0.012848476074921922,21,0.009329930335391812,9,0.011017318380867624,12
2016-08-04,0.012739146489397432,21,0.009059088345995604,8,0.011035797844780324,12
2016-08-05,0.022753497525193022,38,0.016529367106537917,26,0.01403554030327608,19
2016-08-08,0.02080139601748964,35,0.016216506314650235,25,0.013776074996387933,18
2016-08-09,0.0188419889620716,32,0.016310208819524028,25,0.013812771626962065,18
2016-08-10,0.020664661881142302,35,0.016890328352646332,27,0.013044389559307697,16
2016-08-11,0.020182494040911787,35,0.016706429084745206,26,0.013023426117384732,16
2016-08-12,0.006563413826491289,6,0.01654194523700645,26,0.01193480508682354,14
2016-08-15,0.010537198261258332,15,0.016363862342990625,25,0.012421064493598415,15
2016-08-16,0.01043137972931729,15,0.015324557190502458,23,0.01241563158737401,15
2016-08-17,0.007996431800821586,9,0.014809925746447423,22,0.012317773274550886,15
2016-08-18,0.008689217837749482,11,0.014909189403812168,23,0.012370541097903308,15
2016-08-19,0.008094584729624965,9,0.007385818233968832,5,0.012171324109914837,15
2016-08-22,0.0029085660370365748,0,0.0072980353619902915,4,0.012168045526249248,15
2016-08-23,0.002133695331917486,0,0.007306715946158116,4,0.012053826226548577,14
2016-08-24,0.0022592680951603805,0,0.006142242472235968,2,0.012056831893301744,14
2016-08-25,0.0015743550785063682,0,0.006024784285419258,2,0.012060202389576398,14
2016-08-26,0.0036314828513486696,1,0.005980034196152992,2,0.01199908811218269,14
2016-08-29,0.0036439243680565204,1,0.0031945510847896214,0,0.011806284947352452,14
2016-08-30,0.005288211112017582,3,0.004845127900157795,0,0.011624695850517841,13
2016-08-31,0.0065200115325672195,6,0.005169170645869839,1,0.011294584498380986,13
2016-09-01,0.008657108504520665,11,0.005943066327859295,2,0.011020989427577985,12
2016-09-02,0.00811333526159648,9,0.005939764922271366,2,0.010966634434681178,12
2016-09-06,0.008503777633474935,10,0.006296988387138054,2,0.006519728593891593,1
2016-09-07,0.005168039650622433,3,0.0062601769958174165,2,0.006491012289961095,1
2016-09-08,0.006191739424909271,5,0.006423350111208754,2,0.006542388745265623,2
2016-09-09,0.00799262681893481,9,0.008072662242060588,6,0.0068559910744550425,2
2016-09-12,0.010171983901670284,14,0.008678262395599575,8,0.007237202571281873,3
2016-09-13,0.013416793749541554,22,0.010625603012723897,13,0.008429181095396693,5
2016-09-14,0.013062021701591615,21,0.009388964487320624,9,0.007606160246790539,3
2016-09-15,0.013160675745790607,22,0.009836907384530698,10,0.007682596818952456,4
2016-09-16,0.013410513490993465,22,0.010483928358886762,12,0.008328601871106792,5
2016-09-19,0.011019425764065524,16,0.01052501931361984,12,0.008351726574757402,5
2016-09-20,0.008199150760499535,10,0.010482636436442582,12,0.008354796738580281,5
2016-09-21,0.009029270310376125,11,0.010764079809145012,13,0.008504375398799058,5
2016-09-22,0.008638259189409182,11,0.01061949571465328,13,0.008541810930570829,5
2016-09-23,0.0034075240776212756,0,0.009811840093877738,10,0.008539409460755806,5
2016-09-26,0.01371555842288903,23,0.011780240103897598,16,0.010400419860723611,10
2016-09-27,0.015017428663383943,26,0.011417774305944093,15,0.01050302882502062,11
2016-09-28,0.015496553715615796,27,0.011962553543573408,16,0.010771035603071013,11
2016-09-29,0.01810303285669192,31,0.01369975887245134,20,0.011336744530407247,13
2016-09-30,0.024668480526845938,40,0.01665787049915744,26,0.013454370821990226,17
2016-10-03,0.02006604926186635,34,0.016746946724510606,26,0.013374381087437215,17
2016-10-04,0.020503514476699722,35,0.01730631627322694,28,0.013785536443213394,18
2016-10-05,0.0212717885000841,36,0.01800779547286944,29,0.014305346871995098,19
2016-10-06,0.013068428151929101,21,0.018072581863682918,29,0.014382039232613374,19
2016-10-07,0.009130020434510324,12,0.018033753743189062,29,0.01435237309117645,19
2016-10-10,0.00632873839452491,5,0.014315864195911625,21,0.013977999823028466,18
2016-10-11,0.010854600075022435,16,0.01547300927672331,24,0.014059676360144468,19
2016-10-12,0.008446298188041502,10,0.015752601818141847,24,0.01345099899090416,17
2016-10-13,0.007136359252503969,7,0.013159960243055763,19,0.013475532629858617,17
2016-10-14,0.006829532710140599,7,0.009650765963998489,10,0.013424923850705268,17
2016-10-17,0.005460301204080272,3,0.00939944928903212,9,0.012937471899645987,16
2016-10-18,0.005703640407752307,4,0.008617533263714767,7,0.0129946329776087,16
2016-10-19,0.0060002509209887075,5,0.0070814636733678256,4,0.013067958079917124,16
2016-10-20,0.004288698311504752,1,0.00665995459464463,3,0.01302390307768054,16
2016-10-21,0.004781616937815277,2,0.006568978902374993,3,0.013032543419713997,16
2016-10-24,0.004696264529228802,2,0.0063421040699491935,2,0.013037427318164029,16
2016-10-25,0.00431156241295967,1,0.004935927529480105,0,0.011219404117716866,12
2016-10-26,0.0036425783400559826,1,0.004712732424875559,0,0.011168257656865027,12
2016-10-27,0.004012834854265098,1,0.00424922556258852,0,0.01110029762686639,12
2016-10-28,0.005685108081252482,4,0.00537331124295319,1,0.009726112186309028,9
2016-10-31,0.00676113521396768,6,0.006264610594509218,2,0.007784943331853464,4
2016-11-01,0.006738878776777526,6,0.005963519363013307,2,0.0077864531827445465,4
2016-11-02,0.0029244567261848885,0,0.005277507293325118,1,0.007447181845666652,3
2016-11-03,0.001629783785076715,0,0.00532193154340563,1,0.006386411572837435,1
2016-11-04,0.0033534174440374843,0,0.005310655176539808,1,0.006040013410985279,1
2016-11-07,0.01782070420600168,31,0.01293195032680737,18,0.009730444649926357,9
2016-11-08,0.017417237314019837,30,0.012937007082626427,18,0.009670505620665883,9
2016-11-09,0.01994125733317226,34,0.016559619195344058,26,0.011714214460991471,14
2016-11-10,0.01930122102204294,33,0.019912655899251366,32,0.013995915847064793,18
2016-11-11,0.023848075638788165,39,0.02061473959536993,33,0.01448171646558965,19
2016-11-14,0.023973489963082524,40,0.02166368413340893,35,0.015957352037120058,22
2016-11-15,0.02234335880121511,37,0.02100016645709111,34,0.015995792375871058,22
2016-11-16,0.025950886671911394,42,0.021821037365622624,35,0.016642821254921142,24
2016-11-17,0.021438371469198945,36,0.020740619608500765,34,0.016748624724582915,24
2016-11-18,0.018563999176431475,32,0.02069441503635339,34,0.01677292936073354,24
2016-11-21,0.01218269165844521,19,0.019774489537551124,32,0.016748886764994836,24
2016-11-22,0.011394219427049424,17,0.01951370277060876,32,0.016729572777463578,24
2016-11-23,0.006372413356338538,5,0.017960594262335462,29,0.01670124084454506,24
2016-11-25,0.005087193420307259,3,0.014734503002961925,22,0.016728635830977907,24
2016-11-28,0.01368486707999453,23,0.016217758607206364,25,0.017847661168546004,27
2016-11-29,0.013673847126198594,23,0.012323777882814682,17,0.01764567445019683,26
2016-11-30,0.014878684384764326,26,0.012511382431209295,17,0.017479338847401597,26
2016-12-01,0.015825955095748353,27,0.011712807804896969,16,0.01739293983104073,26
2016-12-02,0.01914562895167245,33,0.013756576506045242,20,0.01824834807620496,28
2016-12-05,0.017723236415752852,31,0.015310787675202699,23,0.018242502832177078,28
2016-12-06,0.01749597971804646,31,0.015485010045824954,24,0.01813685801574057,28
2016-12-07,0.017985178121640886,31,0.01616504089961062,25,0.017384383417679006,26
2016-12-08,0.018272900356671604,32,0.01663917810314193,26,0.017454017161748835,26
2016-12-09,0.009782598565995754,13,0.016775878552859315,26,0.01665382733308738,24
2016-12-12,0.012385145092531401,20,0.014430743272424973,22,0.015284511287653766,21
2016-12-13,0.012319839790948965,19,0.014312040781423152,21,0.0146114862383876,20
2016-12-14,0.010605102746952364,15,0.01455368110017622,22,0.013203280399798891,17
2016-12-15,0.008518167943562084,10,0.014380099926518789,22,0.013168455050574554,17
2016-12-16,0.009307030947772646,12,0.011955529322004946,16,0.012759003069794349,16
2016-12-19,0.008451504075315096,10,0.010742724602891348,13,0.012576966875295584,16
2016-12-20,0.012011812101699678,18,0.011581047399750475,15,0.012993523107714814,16
2016-12-21,0.011264281696781108,17,0.010436439261419702,12,0.013029237913926382,16
2016-12-22,0.01055693906026145,15,0.009049043869407873,8,0.013090617388920166,17
2016-12-23,0.009597788554172404,13,0.009307309393640498,9,0.01304091844869881,16
2016-12-27,0.009230110673778007,12,0.008657396633557954,7,0.0130405281912897,16
2016-12-28,0.009417393955798109,12,0.010638601330793746,13,0.012491119481696372,15
2016-12-29,0.010047923191398467,14,0.01110191764918209,14,0.012894697693780951,16
2016-12-30,0.01033437835678712,15,0.010117268028116006,11,0.012584850405192463,16
2017-01-03,0.014080115916473538,24,0.011709804203849133,16,0.01281425977459207,16
2017-01-04,0.015609107564090037,27,0.012240514967102574,17,0.011695688665893284,14
2017-01-05,0.01567863074401709,27,0.012337537389644194,17,0.011859128575652318,14
2017-01-06,0.014150493888939561,24,0.012407263243780275,17,0.011697089608510406,14
2017-01-09,0.014766808576539163,26,0.0124548125501081,17,0.011086789461551179,12
2017-01-10,0.011424839652616967,17,0.012088240950551285,16,0.010338887196717987,10
2017-01-11,0.007954452816406148,9,0.012084192895565506,16,0.010379964517424485,10
2017-01-12,0.005958185480183906,4,0.01146291605152385,15,0.010572670735391249,11
2017-01-13,0.00702713418295297,7,0.011165141971713395,14,0.010643652581218358,11
2017-01-17,0.010780524764947922,16,0.01305496976828928,19,0.011531425534960732,13
2017-01-18,0.010994173044148063,16,0.011465383268662597,15,0.011583668404481075,13
2017-01-19,0.0106541470989315,16,0.009497360319711207,9,0.011746528241842366,14
2017-01-20,0.010655577300176059,16,0.00894176734677826,8,0.011849116403572918,14
2017-01-23,0.005400338764119291,3,0.008118574981397668,6,0.010758474133434831,11
2017-01-24,0.014211089817882744,24,0.011895015954785591,16,0.011877926035774424,14
2017-01-25,0.015419380925095216,27,0.013827901716511106,20,0.012641887501447829,16
2017-01-26,0.014108701317026991,24,0.013836113810267675,20,0.012430805967763432,15
2017-01-27,0.013116033854835786,22,0.013562227184209998,20,0.012391475678957094,15
2017-01-30,0.013357393144993533,22,0.0131322982066958,19,0.01204492712043744,14
2017-01-31,0.011706596692588719,18,0.012341170767771562,17,0.012155333252775546,15
2017-02-01,0.006506330372346857,6,0.011730444541139652,16,0.012221156918469624,15
2017-02-02,0.006808997315760671,7,0.011144297449763039,14,0.011123108333778461,12
2017-02-03,0.017790819924205364,31,0.014749292904822046,22,0.01307998209245886,17
2017-02-06,0.016976960890780428,30,0.014402287099584923,22,0.012645494591066413,16
2017-02-07,0.01559114979638548,27,0.01368016256041573,20,0.012636242444794497,16
2017-02-08,0.018051010197092796,31,0.013287928518977303,19,0.012921177263199822,16
2017-02-09,0.019215131461718337,33,0.014486858710027565,22,0.013614817400496857,18
2017-02-10,0.012412196623910202,20,0.014535875701697105,22,0.013736712216120689,18
2017-02-13,0.016055951783915622,28,0.0155848331981256,24,0.014521998636674275,19
2017-02-14,0.014833991772319942,26,0.01451946723645661,22,0.014822074288149523,20
2017-02-15,0.006146426233867383,5,0.014528847064784352,22,0.01416624187522649,19
2017-02-16,0.009299359415346146,12,0.014581239320607575,22,0.013538053856121708,18
2017-02-17,0.011283194861417456,17,0.012168494081514292,17,0.013163301503624356,17
2017-02-21,0.008040123793022845,9,0.011978236897026014,16,0.012853814323721485,16
2017-02-22,0.0060778923393057195,5,0.011224935666903557,14,0.012605262299358768,16
2017-02-23,0.0037564495816783533,1,0.00881906902843981,8,0.012156200074523341,15
2017-02-24,0.008981478223070384,11,0.011143028502059392,14,0.01254162904272187,15
2017-02-27,0.010069511517967233,14,0.011181050998398856,14,0.012492592351938066,15
2017-02-28,0.009349851188397363,12,0.009195546599926475,9,0.012471298860757452,15
2017-03-01,0.01706775953022093,30,0.012081204161429198,16,0.013475090542884927,17
2017-03-02,0.018926224269689266,33,0.012864162358431078,18,0.013543514691021273,18
2017-03-03,0.01616120153403573,28,0.012959257575489208,18,0.013551080412514353,18
2017-03-06,0.01760137954550773,31,0.013540232140629509,20,0.013950198310240336,18
2017-03-07,0.017435392748659212,30,0.013433691976359914,20,0.012370564806118227,15
2017-03-08,0.01119229985402925,17,0.013810482923740295,20,0.012440701441891865,15
2017-03-09,0.008616544590449395,10,0.013945907649547833,21,0.012226438225715935,15
2017-03-10,0.008570159429944275,10,0.012315896029516745,17,0.011506035112356492,13
2017-03-13,0.004562238349316637,2,0.012234035764171003,17,0.01116654952004239,12
2017-03-14,0.0052199320619464714,3,0.012138664530716027,17,0.011194957721509594,12
2017-03-15,0.006060804292251198,5,0.00848908553356644,7,0.010558947607629118,11
2017-03-16,0.005396837667409069,3,0.007153275478191124,4,0.01014632317582728,10
2017-03-17,0.007417392312557173,8,0.008052030788248806,6,0.010298258503272765,10
2017-03-20,0.007917495811657922,9,0.00822433133076792,7,0.01067063017566181,11
2017-03-21,0.011094107410712163,16,0.011143472141992707,14,0.012024409924470332,14
2017-03-22,0.011496053439521113,17,0.009974675962509911,10,0.011898851907979123,14
2017-03-23,0.011413365109462182,17,0.009663080749242329,10,0.011977404563772973,14
2017-03-24,0.012185773403008988,19,0.009744865356787587,10,0.011980505764870773,14
2017-03-27,0.012783986452377914,21,0.010089397721410685,11,0.011508187561999094,13
2017-03-28,0.008690832250673658,11,0.012628939706482111,18,0.012151102898824692,15
2017-03-29,0.007713244436694226,9,0.012437407359786318,17,0.012130572734009104,15
2017-03-30,0.00967944619175824,13,0.014013200438687388,21,0.011072109184736008,12
2017-03-31,0.01297872298241211,21,0.013892750999637498,21,0.010880484945651851,12
2017-04-03,0.013528195477811087,22,0.013257872726169944,19,0.010776556258333698,11
2017-04-04,0.011035745239913557,16,0.009578499303021158,10,0.01048809502436686,11
2017-04-05,0.011077212866844955,16,0.009354563332854424,9,0.010448252219788692,10
2017-04-06,0.00596341020805401,4,0.009358540896543161,9,0.010244592586216605,10
2017-04-07,0.0045731336243711685,2,0.009952483977400194,10,0.01016997019510047,10
2017-04-10,0.0045843110581981665,2,0.010033075235949545,11,0.010170687468051864,10
2017-04-11,0.004664390366190775,2,0.008152842689567204,6,0.010170098226720218,10
2017-04-12,0.005474281421072357,3,0.00855199332271931,7,0.010279204618867168,10
2017-04-13,0.0027289896534278524,0,0.004902782308533153,0,0.010222858062270725,10
2017-04-17,0.010292988055865412,15,0.007509168558569371,5,0.010898249734976481,12
2017-04-18,0.01095427000031994,16,0.007957798314866007,6,0.010760759395799235,11
2017-04-19,0.011689379015144396,18,0.008470910676851634,7,0.010704507216726273,11
2017-04-20,0.013263483208161723,22,0.00972910885571203,10,0.0094757872938361,8
2017-04-21,0.013908524025949458,23,0.009842227020421365,10,0.009788310241213157,9
2017-04-24,0.01861043058142388,32,0.014272038580389529,21,0.011727857682025167,14
2017-04-25,0.01790617197395251,31,0.01478502516260186,22,0.01200188133126746,14
2017-04-26,0.015835001575618478,27,0.014698599935809603,22,0.012010218697925245,14
2017-04-27,0.01787726855753861,31,0.014969907685484318,23,0.011666251113503218,14
2017-04-28,0.016573022122605054,29,0.014759909017185734,22,0.011708947867342275,14
2017-05-01,0.009544641705261007,13,0.013967561340139366,21,0.010970993163677504,12
2017-05-02,0.007084653505833036,7,0.013484488658725117,20,0.01074135805755259,11
2017-05-03,0.008493348136568634,10,0.012645374092682458,18,0.01089861875466608,12
2017-05-04,0.005301804822584515,3,0.012436759824595816,17,0.010900305085121628,12
2017-05-05,0.0038440534971337947,1,0.01135808885864805,15,0.010890822422834377,12
2017-05-08,0.003710074735540768,1,0.0070549281440181,4,0.010877228261697462,12
2017-05-09,0.005064268585578096,3,0.006074757947908694,2,0.010777859514525647,11
2017-05-10,0.003297562051744141,0,0.00607409941801653,2,0.010757438074703037,11
2017-05-11,0.003899278311672704,1,0.004427702740351791,0,0.010733612043297217,11
2017-05-12,0.004278704487946155,1,0.0038719729812938418,0,0.01051649757458581,11
2017-05-15,0.004451664070004479,2,0.0038705546490466983,0,0.010280079542439001,10
2017-05-16,0.005796729379987762,4,0.005936082974400607,2,0.010352146469346776,10
2017-05-17,0.02242080759242675,38,0.015129398675976777,23,0.013765491459397598,18
2017-05-18,0.02220640398321162,37,0.015142174876294472,23,0.013431500606712507,17
2017-05-19,0.023665159244188955,39,0.01608329559441411,25,0.013666804408165915,18
2017-05-22,0.023472060494390542,39,0.01606466368207214,25,0.013305417804347465,17
2017-05-23,0.022313161662672668,37,0.01619951400302499,25,0.011946885819222054,14
2017-05-24,0.007118705170462079,7,0.016329158743451984,25,0.011795714750447463,14
2017-05-25,0.008940516861071019,11,0.016510849194080406,26,0.011866742064532013,14
2017-05-26,0.006631955809848633,6,0.01645312724753244,26,0.011467288007086376,13
2017-05-30,0.007991084163587674,9,0.016599065311702386,26,0.01154848934774003,13
2017-05-31,0.01009359062903567,14,0.016345102708262595,25,0.01229465423806597,15
2017-06-01,0.010044363963096936,14,0.010157045895877332,11,0.012400040383199723,15
2017-06-02,0.010173046333037259,14,0.010166400588951643,11,0.012273337346236295,15
2017-06-05,0.01021439247568089,14,0.008673004243272985,8,0.012274181458661788,15
2017-06-06,0.009982728106782158,14,0.008772883433292562,8,0.012318961213897126,15
2017-06-07,0.007186247890092042,7,0.009319814030018053,9,0.012652383704848422,16
2017-06-08,0.010565057303724751,15,0.011245295390608662,14,0.013326336229034957,17
2017-06-09,0.011102694029295142,16,0.012284585414660269,17,0.013846356666039734,18
2017-06-12,0.012049872639058616,18,0.012422364892248298,17,0.013881669928099504,18
2017-06-13,0.009856458646980861,13,0.011858599357321089,16,0.013877866877973795,18
2017-06-14,0.01088088612629293,16,0.009032500285090351,8,0.013870571986877108,18
2017-06-15,0.01087936537271712,16,0.010335805382850059,11,0.01367691356238651,18
2017-06-16,0.005587739047240987,4,0.010579547728054941,12,0.009944056180837327,9
2017-06-19,0.0074118459177207234,8,0.010645484347817683,13,0.010027872434878233,10
2017-06-20,0.007703157704822909,9,0.011212690403614242,14,0.009863767549346427,9
2017-06-21,0.0075809812537330264,8,0.010810617988887768,13,0.009873232425300246,9
2017-06-22,0.0066243136794288246,6,0.008793199295665903,8,0.009741926988074832,9
2017-06-23,0.00662599386538954,6,0.005779778928063309,2,0.009634371839456474,9
2017-06-26,0.005290210047725207,3,0.006233932497264082,2,0.0095874710158254,8
2017-06-27,0.00505019851295377,3,0.006398151530094697,2,0.009665725153372039,9
2017-06-28,0.007670544764335778,8,0.008071629088065075,6,0.009859245473819387,9
2017-06-29,0.011569356081960537,18,0.010872962682985186,13,0.010108306801197234,10
2017-06-30,0.011050779533160674,16,0.010745923450738442,13,0.01015518850109767,10
2017-07-03,0.011378639178056737,17,0.011837210882326348,16,0.010706059683409772,11
2017-07-05,0.012139200222577418,19,0.01076468254616667,13,0.010699590732263878,11
2017-07-06,0.01627666513324336,28,0.012120670578389081,17,0.011182819313870124,12
2017-07-07,0.011797352885793604,18,0.011718147364285515,16,0.010978957608630697,12
2017-07-10,0.01205411971785682,18,0.011768811613822348,16,0.010393610649230094,10
2017-07-11,0.007811710540398044,9,0.013197672287889515,19,0.01021656007571316,10
2017-07-12,0.007539278393127645,8,0.013206606405239059,19,0.010180136824937567,10
2017-07-13,0.0065330147909793594,6,0.012679465575782421,18,0.010142694357592496,10
2017-07-14,0.005653858613595794,4,0.009338460271336212,9,0.010230559345776501,10
2017-07-17,0.006091945403448465,5,0.009348568367168035,9,0.009910978817195467,9
2017-07-18,0.0026366997109718597,0,0.0059744727656415334,2,0.009840757170126594,9
2017-07-19,0.0028158572738807507,0,0.005733011969505962,1,0.00976368169286269,9
2017-07-20,0.003087846392783287,0,0.004818269843331834,0,0.009595181596132317,8
2017-07-21,0.0033018081984823103,0,0.004422806138149618,0,0.00970492570402931,9
2017-07-24,0.0032635867667185478,0,0.004608986136468421,0,0.009639359471559587,9
2017-07-25,0.014646710969819619,25,0.0100689160663656,11,0.011243594926790626,12
2017-07-26,0.014448850420024717,25,0.010102075302545815,11,0.011264250524340127,13
2017-07-27,0.014526902829854998,25,0.010356892345636266,12,0.011379700120518359,13
2017-07-28,0.014117799796419497,24,0.01026169315102027,11,0.01106740277501956,12
2017-07-31,0.014727722506076974,25,0.011184566499209792,14,0.009875082093944072,9
2017-08-01,0.010518816734194657,15,0.01203687965286559,16,0.010428122582596957,10
2017-08-02,0.010783566706217957,16,0.012020978842073333,16,0.009541466968224154,8
2017-08-03,0.014627123384912028,25,0.013789793945599475,20,0.010422942665467025,10
2017-08-04,0.015089418551944468,26,0.013776778165922206,20,0.01040389171647957,10
2017-08-07,0.013915365706979108,23,0.013793870661950224,20,0.010378870961689605,10
2017-08-08,0.011104232337300927,16,0.010781713188837569,13,0.010350104604054338,10
2017-08-09,0.011292521953223516,17,0.011055424336453862,14,0.010056466622209203,10
2017-08-10,0.010981209589591503,16,0.012401104927058882,17,0.010864862762457204,12
2017-08-11,0.007015102242549315,7,0.01252427447696473,17,0.010952215649774381,12
2017-08-14,0.012367307554092212,19,0.012697671174937048,18,0.011464729150300727,13
2017-08-15,0.012533921087400644,20,0.01116747312180167,14,0.011463633126193211,13
2017-08-16,0.01237868311009999,19,0.01117773669399465,14,0.011509258905306368,13
2017-08-17,0.01197878864804898,18,0.010842768856563397,13,0.012080194879981743,14
2017-08-18,0.011718409004406996,18,0.00960082616795207,10,0.012024255608852365,14
2017-08-21,0.007219243579562075,7,0.00963498659844636,10,0.012150739341677787,15
2017-08-22,0.01124579344173754,17,0.011231907410458604,14,0.012507828520694198,15
2017-08-23,0.01191216546060193,18,0.011458649379644838,15,0.010749712521934903,11
2017-08-24,0.008676453919772953,11,0.010217153561991058,11,0.010868228769692427,12
2017-08-25,0.008481062524112893,10,0.00992096426403437,10,0.010807495456630442,11
2017-08-28,0.005363834445520397,3,0.008469636363011705,7,0.010791188223648567,11
2017-08-29,0.004768244513033658,2,0.008584345994393474,7,0.010290149468134821,10
2017-08-30,0.0052723554599965325,3,0.008899141020764039,8,0.00970079137104749,9
2017-08-31,0.004644354153765664,2,0.006669137559669983,3,0.009698420547162662,9
2017-09-01,0.005655509218706748,4,0.0068519114086497334,3,0.008989786554419071,7
2017-09-05,0.011854353816245562,18,0.009523166018459863,9,0.009644512374620834,9
2017-09-06,0.011839193851934686,18,0.008595169283597099,7,0.009666585408150978,9
2017-09-07,0.013094552361851539,22,0.010323591547239445,11,0.010399701704956759,10
2017-09-08,0.013265539909828263,22,0.009971096238185507,10,0.010372379966020202,10
2017-09-11,0.01802670429821998,31,0.012824147739604863,18,0.011017066303441077,12
2017-09-12,0.01607977762223625,28,0.013788967478960008,20,0.011405041699815377,13
2017-09-13,0.016080503033649596,28,0.013759026564636661,20,0.011024434788958213,12
2017-09-14,0.01035975336075451,15,0.013721232312068385,20,0.01104730469612478,12
2017-09-15,0.011370453668481308,17,0.013798764150536479,20,0.011028977753650079,12
2017-09-18,0.011153443153005297,17,0.015247968940129229,23,0.011237014768136584,12
2017-09-19,0.01034836892299652,15,0.012787246846528301,18,0.011262584480358318,13
2017-09-20,0.010331004376240892,15,0.012742724913435277,18,0.010881387823492262,12
2017-09-21,0.00943721447479164,12,0.00941942886832531,9,0.010650449588007664,11
2017-09-22,0.010035603952370428,14,0.01015464212621995,11,0.010792484760299892,11
2017-09-25,0.006737025602544715,6,0.009598417040536277,10,0.010999767892898646,12
2017-09-26,0.005558976824134882,4,0.008746439529278617,8,0.01100113322868136,12
2017-09-27,0.010440397486465244,15,0.009975077643372738,10,0.011562738083374656,13
2017-09-28,0.01048964301750874,15,0.009727195396270448,10,0.011422870767657555,13
2017-09-29,0.009711379092328547,13,0.009445309164987323,9,0.011390380448378491,13
2017-10-02,0.008045016694232882,9,0.008047849709822754,6,0.011627634621304775,13
2017-10-03,0.007492548993023895,8,0.007963777516105188,6,0.01159004225274389,13
2017-10-04,0.0059444808247872535,4,0.00812257546786625,6,0.010224710884168285,10
2017-10-05,0.00985542204971595,13,0.010076760550662327,11,0.010907590424434847,12
2017-10-06,0.01031237087628648,15,0.009690960892923749,10,0.009526680487475302,8
2017-10-09,0.010514126363475552,15,0.009065769735805114,8,0.009713041529287472,9
2017-10-10,0.01097794785002405,16,0.009406993677374553,9,0.009076637499629541,7
2017-10-11,0.01121638660200965,17,0.008562904378289798,7,0.00888479061991036,6
2017-10-12,0.014209537799249413,24,0.014690972661686109,22,0.012135506766657537,15
2017-10-13,0.013900267917848102,23,0.01471460548669604,22,0.01216446663237492,15
2017-10-16,0.01375843483709687,23,0.013709691938449287,20,0.012207670348012314,15
2017-10-17,0.015301856447169465,27,0.013796603267860705,20,0.011303015385349327,13
2017-10-18,0.018010455048450013,31,0.014643605890696893,22,0.011506022651670979,13
2017-10-19,0.007679710056136357,9,0.012072261785873645,16,0.01152743388264195,13
2017-10-20,0.007672769970780641,8,0.012714495624166731,18,0.011638389758098064,14
2017-10-23,0.006552408384135996,6,0.012741430659587173,18,0.011555035616587836,13
2017-10-24,0.006905626892855723,7,0.013297171149333474,19,0.011480972003559398,13
2017-10-25,0.007804852678267892,9,0.013482842429664965,20,0.01171396126188792,14
2017-10-26,0.00735602844673313,8,0.007112268303589405,4,0.011046637607522562,12
2017-10-27,0.006424064198711009,5,0.006855126783070447,3,0.011007228707954982,12
2017-10-30,0.006491367828941263,5,0.006531407640294757,3,0.011015961733956943,12
2017-10-31,0.004250083447971404,1,0.006737284734696455,3,0.010582980532627328,11
2017-11-01,0.004127348394117505,1,0.005887701541591933,2,0.010659273940649116,11
2017-11-02,0.005654676613583524,4,0.00618562520730377,2,0.010859126876025289,11
2017-11-03,0.007806864514838743,9,0.006743899788798342,3,0.00980991484751455,9
2017-11-06,0.007984003072653553,9,0.006867621309067992,3,0.00982345462581455,9
2017-11-07,0.010444830146686354,15,0.007517884730018794,5,0.010259528067537396,10
2017-11-08,0.009055206162268131,11,0.007281341156081522,4,0.0102843140674573,10
2017-11-09,0.006067256736380572,5,0.007223278553486394,4,0.010299430881733894,10
2017-11-10,0.005986431514547893,5,0.0071508274147192566,4,0.007082884730939092,3
2017-11-13,0.00597312834616432,4,0.007154434056771918,4,0.007083033859271869,3
2017-11-14,0.002921548893458199,0,0.0072557772176074335,4,0.007147258286792734,3
2017-11-15,0.0037113503268339262,1,0.006699433499778777,3,0.007049704593419566,2
2017-11-16,0.003404554027318,0,0.005126119526005976,0,0.006371965151159862,1
2017-11-17,0.0036115466095300902,1,0.004821454558695381,0,0.0064067875515660365,1
2017-11-20,0.006587301073269622,6,0.006514173573243556,3,0.0065022091517494655,1
2017-11-21,0.005603904982376106,4,0.005156709251346099,0,0.006611482138051093,2
2017-11-22,0.005868576787826435,4,0.004922061165829333,0,0.006169047135243185,1
2017-11-24,0.00620983496318076,5,0.004994756327687221,0,0.005974881063472973,1
2017-11-27,0.007297015177552633,8,0.0056172629381673455,1,0.006150613461132732,1
2017-11-28,0.01620598334548303,28,0.011896754116247132,16,0.009625840739856343,9
2017-11-29,0.017297781835567908,30,0.012403326474080118,17,0.010408821946372843,10
2017-11-30,0.01661981942329236,29,0.012386174955986703,17,0.010412322464467001,10
2017-12-01,0.01604569939320261,28,0.012337369464946653,17,0.010326659492111425,10
2017-12-04,0.012709998884693605,21,0.012696008939811619,18,0.011079635281610633,12
2017-12-05,0.011957130994879769,18,0.01351956911446778,20,0.01099192070494491,12
2017-12-06,0.01354455136909678,23,0.01500950721901775,23,0.011492923537495836,13
2017-12-07,0.013521483680208874,22,0.015267112551196853,23,0.011040741799618798,12
2017-12-08,0.014428984286380668,25,0.015147737240692932,23,0.011070792538941216,12
2017-12-11,0.009253893356488779,12,0.014423847526119402,22,0.011068890167335442,12
2017-12-12,0.009390349720763655,12,0.01111027126724673,14,0.011020038541123964,12
2017-12-13,0.009000375256520893,11,0.01088771536413828,13,0.011482377175299497,13
2017-12-14,0.011340332774617818,17,0.011790932092778927,16,0.012034325992746564,14
2017-12-15,0.01184347757427557,18,0.012548266550244892,17,0.012224660889589163,15
2017-12-18,0.013522973344585661,22,0.011025282282146777,14,0.012394319642225284,15
2017-12-19,0.014233862239060797,24,0.011461620601420591,15,0.012755564882763052,16
2017-12-20,0.01320992435271512,22,0.010659031658470059,13,0.012640269738694013,16
2017-12-21,0.011734916705197815,18,0.011655615057074277,15,0.012983479060445008,16
2017-12-22,0.01172996589476134,18,0.011353516181988474,15,0.013037680128651459,16
2017-12-26,0.011029695196908574,16,0.011677381312490485,15,0.013231834814842917,17
2017-12-27,0.009351196173991768,12,0.011577783190327217,15,0.013007643643910279,16
2017-12-28,0.009363553900261183,12,0.010866549289798176,13,0.01104971357777577,12
2017-12-29,0.005610198118980082,4,0.009853345650093834,10,0.01050488115510449,11
2018-01-02,0.005748627096176319,4,0.00909431138520389,9,0.010399457933877186,10
2018-01-03,0.004924651449329008,2,0.00810946218733035,6,0.010430940822864488,10
2018-01-04,0.007652015221283752,8,0.008077327631454734,6,0.009674527474443317,9
2018-01-05,0.007737473626489395,9,0.008098988367887666,6,0.009566868172707816,8
2018-01-08,0.008652455464154052,11,0.007204282013940056,4,0.009389830283029161,8
2018-01-09,0.009693827477676546,13,0.008068204996048172,6,0.00959273057712528,8
2018-01-10,0.009733413301112026,13,0.007485104039445402,5,0.009400391507169027,8
2018-01-11,0.008202608489101138,10,0.00752091615315754,5,0.009393960588142907,8
2018-01-12,0.010975062817532945,16,0.00908273290787303,9,0.010079365135142768,10
2018-01-16,0.00700187116823785,7,0.008172315253549067,6,0.009588696588748955,8
2018-01-17,0.006727872667736854,6,0.008035439475216679,6,0.008725943121953534,6
2018-01-18,0.007394422650262466,8,0.008199109579788923,7,0.008488691198023746,5
2018-01-19,0.007131270120083658,7,0.008133707300252346,6,0.008471907924351447,5
2018-01-22,0.004607888887439106,2,0.007944246513054606,6,0.007800406402328307,4
2018-01-23,0.005147611881982335,3,0.006024071340061297,2,0.007799901462326513,4
2018-01-24,0.006240472493002122,5,0.006126201427261339,2,0.007502819987353232,3
2018-01-25,0.0060281387444540355,5,0.0063701518705784966,2,0.007372232529616204,3
2018-01-26,0.005200438637959982,3,0.006047920560189043,2,0.006939390347669454,2
2018-01-29,0.005879756928420715,4,0.005010582955197517,0,0.007008200445646237,2
2018-01-30,0.010943403835402243,16,0.0082697728472906,7,0.008247547684008712,5
2018-01-31,0.00897029613087473,11,0.008287572052194585,7,0.007904770619064886,4
2018-02-01,0.010413422855196875,15,0.008587756743861755,7,0.007994437741831025,4
2018-02-02,0.014433738947029755,25,0.012079650295808965,16,0.010410741810240492,10
2018-02-05,0.02253699291147024,38,0.018944405566576398,31,0.014835091884572726,20
2018-02-06,0.028322599262232226,43,0.020885469551080154,34,0.01562517546105226,21
2018-02-07,0.028655965703866217,44,0.020291716133692895,33,0.015410679715229214,21
2018-02-08,0.029706609915367367,44,0.02309998606895521,37,0.01772662952061717,27
2018-02-09,0.034788804162122454,47,0.025111883561709993,40,0.01865988154815458,29
2018-02-12,0.027106037991493036,42,0.026078307521187588,41,0.018973352622216423,29
2018-02-13,0.025540881095293597,41,0.02604992851011612,41,0.018615478675136327,29
2018-02-14,0.0269660706481449,42,0.027189196948714103,42,0.01916819757319312,29
2018-02-15,0.008947743646060045,11,0.02702588862402622,42,0.019170139417519473,29
2018-02-16,0.009234847133803986,12,0.025568544834942038,40,0.01918286097946491,29
2018-02-20,0.009987197902125692,14,0.019258591340732562,31,0.01900623634616909,29
2018-02-21,0.010046654648142986,14,0.018395864408219317,30,0.019061471428931626,29
2018-02-22,0.006891474932799387,7,0.01882022360427197,31,0.019154999447110358,29
2018-02-23,0.008454028133829256,10,0.011070702411966187,14,0.019128128054736442,29
2018-02-26,0.008737622294734067,11,0.009089977555173346,9,0.019220687334300622,30
2018-02-27,0.0119855901390474,18,0.010691527531965768,13,0.019389013195316065,30
2018-02-28,0.01209119479946754,19,0.01144585378793246,15,0.019500372351324312,30
2018-03-01,0.015198748817578177,26,0.011526107528660241,15,0.01983839939085317,31
2018-03-02,0.012729527783008367,21,0.011225389544466714,14,0.01984928382437718,31
2018-03-05,0.013603103943944811,23,0.012132706843637849,17,0.019876409996408294,31
2018-03-06,0.012871921132369846,21,0.012134992969998658,17,0.019063499732207258,29
2018-03-07,0.012552422448104122,20,0.011619814254548807,15,0.015740257259742735,22
2018-03-08,0.005633424113043776,4,0.011614642467934274,15,0.015029656988657618,20
2018-03-09,0.012714349972793961,21,0.014509470577249776,22,0.01616930315794347,23
2018-03-12,0.012937869974476403,21,0.014196989946116723,21,0.012950420178811253,16
2018-03-13,0.015205527570497514,26,0.01400992102653386,21,0.012403979879285744,15
2018-03-14,0.01811826615856553,31,0.014781587030672196,22,0.012719244318679076,16
2018-03-15,0.01800266301084074,31,0.012687509847530103,18,0.012636159548862689,16
2018-03-16,0.009291731227368864,12,0.012704721189693277,18,0.011672599081007567,14
2018-03-19,0.008750866378051269,11,0.012520157639372989,17,0.011703773920832659,14
2018-03-20,0.009387406857260357,12,0.012587436449148084,18,0.011768955413673454,14
2018-03-21,0.006216672471843528,5,0.012775358937565838,18,0.01187947222521294,14
2018-03-22,0.019347302592622437,33,0.01792771705797359,29,0.014425946549148215,19
2018-03-23,0.02129738153553643,36,0.0161194953870483,25,0.01582509600081144,22
2018-03-26,0.028982165956135852,44,0.020190341107701293,33,0.017077681747709704,25
2018-03-27,0.028760632781946887,44,0.020542447199217436,33,0.017227240077415686,25
2018-03-28,0.027950358467441597,43,0.02037055033142999,33,0.017098839007253223,25
2018-03-29,0.023534042770523365,39,0.020311406105748452,33,0.017089426909436448,25
2018-04-02,0.01844940917070434,32,0.020387788564913627,33,0.01659873756095023,23
2018-04-03,0.012817272686633217,21,0.021238862266050342,34,0.016911052672471442,24
2018-04-04,0.00953792049532599,13,0.021842844209878493,35,0.01699909166002954,24
2018-04-05,0.010230705346183094,14,0.022371972719222803,36,0.017363074779749552,26
2018-04-06,0.015288877031178875,26,0.019624137283858176,32,0.017938364392148246,27
2018-04-09,0.015793159361182644,27,0.016455911008597883,26,0.018221255982474188,28
2018-04-10,0.016285687682361976,28,0.014723576936383098,22,0.017428528487924016,26
2018-04-11,0.016980889897488482,30,0.013000875729275609,18,0.017457322170253916,26
2018-04-12,0.021616760413268113,37,0.015943874239970825,25,0.018927079011339436,29
2018-04-13,0.01925241436607591,33,0.016508142427850633,26,0.018771845237868692,29
2018-04-16,0.02084892979307222,36,0.017517206065513827,28,0.01894754329568275,29
2018-04-17,0.019507578272388304,33,0.01745942115426687,28,0.01893584684426587,29
2018-04-18,0.019711261632721862,34,0.01748859697850804,28,0.01894506701140855,29
2018-04-19,0.013983301470140869,23,0.01806184611955112,29,0.019475641866212,30
2018-04-20,0.012729040964484734,21,0.016242743022455975,25,0.01941357090984031,30
2018-04-23,0.011766539505629899,18,0.016073400219737077,25,0.01730583939735205,25
2018-04-24,0.011799206355025656,18,0.015199834009514364,23,0.015533958708283046,21
2018-04-25,0.010707228317615931,16,0.015074927107638865,23,0.014300744221268273,19
2018-04-26,0.004101513972872629,1,0.009769810883758237,10,0.013463024471005428,17
2018-04-27,0.004075357023351002,1,0.008910497730882858,8,0.013482792191776487,17
2018-04-30,0.005023383700747516,3,0.008585627507387422,7,0.013453281924503076,17
2018-05-01,0.005088986119124787,3,0.008576705447066006,7,0.013442346107511147,17
2018-05-02,0.0038323118037148682,1,0.008047672677474431,6,0.01323298095553298,17
2018-05-03,0.004081964892215952,1,0.0038653751986173104,0,0.012925452341655309,16
2018-05-04,0.004398729302796485,2,0.003998508033511933,0,0.01252573638420119,15
2018-05-07,0.004493346268553128,2,0.005003827173519333,0,0.011663187639625252,14
2018-05-08,0.01652169332782652,29,0.012798275615665905,18,0.013919218457713052,18
2018-05-09,0.015173300800167235,26,0.013235634149875893,19,0.013822004751892599,18
2018-05-10,0.013806367865712208,23,0.01311270213257503,19,0.013723689516524553,18
2018-05-11,0.012928296667941487,21,0.012848140459607712,18,0.011882038281807533,14
2018-05-14,0.015093532668699618,26,0.012033680923829572,16,0.011342209748489592,13
2018-05-15,0.006521047509423818,6,0.011971005132772468,16,0.010856330605598617,11
2018-05-16,0.007117529911958289,7,0.012700306270693304,18,0.011076399140606737,12
2018-05-17,0.005452586987286041,3,0.01304772995701411,19,0.010830533883928167,11
2018-05-18,0.008902819999971959,11,0.015699350807284733,24,0.01131076717088629,13
2018-05-21,0.011097688371580771,16,0.015650589813128935,24,0.01137065313528473,13
2018-05-22,0.012891633351846244,21,0.01075487761449174,13,0.01138170456427481,13
2018-05-23,0.013109179070697674,22,0.010254816933643362,11,0.011655013275418171,14
2018-05-24,0.01366676248625769,23,0.009982134996721521,11,0.012030117261160956,14
2018-05-25,0.011280218527387845,17,0.009779310184748447,10,0.012331375521001327,15
2018-05-29,0.0174403444974242,30,0.014351270542554953,21,0.0150440261937042,20
2018-05-30,0.019328524260331503,33,0.016076581755650764,25,0.015356643456022166,21
2018-05-31,0.020164419091645236,35,0.016286895554087435,25,0.015357980043131908,21
2018-06-01,0.0216815190038871,37,0.017088825052367806,27,0.015489484360349916,21
2018-06-04,0.02145742142401626,36,0.016175374709567248,25,0.015491714293137195,21
2018-06-05,0.008940649703419559,11,0.015801485226576723,24,0.01559682071600441,21
2018-06-06,0.011506341104752038,17,0.017524920891049418,28,0.016267851024080005,23
2018-06-07,0.011285168337098668,17,0.01741926832216781,28,0.013990083000486386,18
2018-06-08,0.011256484150585055,17,0.017007791237126074,27,0.01357250076954012,18
2018-06-11,0.01193670722960307,18,0.016613257800262595,26,0.013351973318726259,17
2018-06-12,0.011655350893268551,18,0.00979847523510761,10,0.013286962781851616,17
2018-06-13,0.004365964253717213,2,0.00908934852067737,9,0.013289720487257066,17
2018-06-14,0.006266913405426423,5,0.01069238605833972,13,0.013553933876368694,18
2018-06-15,0.007001767195145186,7,0.010247931346021793,11,0.013573314884325206,18
2018-06-18,0.009002304882749598,11,0.010510092513133373,12,0.013737839847876097,18
2018-06-19,0.008952049758877628,11,0.010148943279831455,11,0.013032333958465184,16
2018-06-20,0.010100173371220468,14,0.007512106326264003,5,0.013118389350757338,17
2018-06-21,0.0032822042360736853,0,0.007545597998286489,5,0.012935712705696585,16
2018-06-22,0.005909496992807139,4,0.007693174435082306,5,0.012788594672083127,16
2018-06-25,0.011799870319122734,18,0.00990954574998587,10,0.01327431517856471,17
2018-06-26,0.01288411012723595,21,0.010475000141238476,12,0.013266674403996275,17
2018-06-27,0.012184809717418893,19,0.011016884619611995,14,0.01033258938506022,10
2018-06-28,0.017256883713129435,30,0.012204283699052592,17,0.010925726827292457,12
2018-06-29,0.017108431967504664,30,0.012192385462841378,17,0.010926063035360164,12
2018-07-02,0.01252543292291664,20,0.01209566997350064,16,0.010777699622523803,11
2018-07-03,0.015117592148096708,26,0.013246910103261665,19,0.011347719437523048,13
2018-07-05,0.013702969132550912,23,0.013135379360325205,19,0.011343783819699244,13
2018-07-06,0.010141034339867792,14,0.013432855201433946,20,0.010378140970150343,10
2018-07-09,0.015406870206213598,27,0.015759022814238396,24,0.011978571322849829,14
2018-07-10,0.017120302561926877,30,0.01415245666049998,21,0.012204513389793874,15
2018-07-11,0.014335942148854702,24,0.014278926235170157,21,0.01219313150194408,15
2018-07-12,0.014390047924878387,24,0.0133104607544915,19,0.012221707377772268,15
2018-07-13,0.018776874406358147,32,0.014238608496065267,21,0.01315444160708423,17
2018-07-16,0.02250266470843677,38,0.018325433401033476,29,0.014838666845174075,20
2018-07-17,0.021662307235507418,37,0.01840745294348146,30,0.014864082185987405,20
2018-07-18,0.02119337905105666,36,0.01705813927848572,27,0.014879487401756422,20
2018-07-19,0.02251217271424817,38,0.017954251741404113,29,0.015214339553312023,21
2018-07-20,0.01832110380504134,32,0.017868916364642568,29,0.01512806253292636,20
2018-07-23,0.009972010545989639,14,0.01641081319954867,25,0.015383628242433129,21
2018-07-24,0.010564534934961513,15,0.01608709971442375,25,0.015420228445816923,21
2018-07-25,0.01070235389536073,16,0.01583029319417454,25,0.01441840386762387,19
2018-07-26,0.007903304849811934,9,0.01613591205967023,25,0.014528521664342315,19
2018-07-27,0.007763620373989426,9,0.013267014824210121,19,0.014034193837367722,19
2018-07-30,0.006769997726822999,6,0.00826661217202408,7,0.013506080810136439,18
2018-07-31,0.007238600117030723,7,0.008650192389456489,7,0.013644262968208698,18
2018-08-01,0.006150512986929186,5,0.00860060746650903,7,0.01365937480266129,18
2018-08-02,0.0054008119999704824,3,0.006974029621326838,4,0.012946593955307511,16
2018-08-03,0.005957230123901285,4,0.007056229801240561,4,0.012947779957434388,16
2018-08-06,0.004760085700974433,2,0.006247509954268196,2,0.01292972802621294,16
2018-08-07,0.003537310739553843,0,0.005390669912563065,1,0.011804859201584618,14
2018-08-08,0.004145135477514888,1,0.005062638118233723,0,0.011466982246576442,13
2018-08-09,0.008024891847682123,9,0.006469943994646867,3,0.011855164921425075,14
2018-08-10,0.012217684035172411,19,0.00996254862069236,10,0.013112702880421682,17
2018-08-13,0.012309314619401966,19,0.010088848033906759,11,0.012609240197388285,16
2018-08-14,0.015391746707147547,27,0.011355472743748835,15,0.010079564370690802,10
2018-08-15,0.014143298590863206,24,0.012446408025238428,17,0.01096992652415176,12
2018-08-16,0.018004889882737563,31,0.013664152288236859,20,0.011255930787300805,13
2018-08-17,0.015322258125669432,27,0.013260157833234141,19,0.010907476663050992,12
2018-08-20,0.013952014151900814,23,0.014186504040655202,21,0.011196893060035263,12
2018-08-21,0.01365430891261276,23,0.014730389920785028,22,0.010980464397075023,12
2018-08-22,0.006741892676193369,6,0.01445072913790462,22,0.010667493601152524,11
2018-08-23,0.007307804429555237,8,0.014040860266026219,21,0.01049988450243555,11
2018-08-24,0.007714268548627875,9,0.011676447309989488,15,0.010449760056915797,10
2018-08-27,0.01204381272009575,18,0.012305676660020082,17,0.011725372459940287,14
2018-08-28,0.011892940573627067,18,0.012072918772227997,16,0.011587070515755391,13
2018-08-29,0.01161990364855307,18,0.009106281969369485,9,0.011520095572591382,13
2018-08-30,0.014142196420047692,24,0.010649403842097786,13,0.011990167878577516,14
2018-08-31,0.014226190899363188,24,0.010806974832849325,13,0.01200446976009668,14
2018-09-04,0.007056965716643508,7,0.010218188669036277,11,0.011881933436045166,14
2018-09-05,0.006906958890853126,7,0.009803208104153952,10,0.011894274094131978,14
2018-09-06,0.007700982634573792,9,0.010878134312237902,13,0.012284201364791105,15
2018-09-07,0.006325865853879156,5,0.010974416365722647,14,0.012189191591955926,15
2018-09-10,0.006689572994420851,6,0.010982930488297949,14,0.01195875318524626,14
2018-09-11,0.00571096565514509,4,0.006234152131066284,2,0.010816615307799347,11
2018-09-12,0.011186984473053083,17,0.008802212849774088,8,0.01077563696664364,11
2018-09-13,0.008960157681278124,11,0.008672453699864644,8,0.010528187595027513,11
2018-09-14,0.008268126825850514,10,0.008047472965647824,6,0.009574156091843944,8
2018-09-17,0.008153753307621128,9,0.008235212025269077,7,0.009219509617155095,7
2018-09-18,0.00734284888635145,8,0.008520853863096907,7,0.009306847088116434,7
2018-09-19,0.014253855172558597,24,0.013361583178154588,19,0.011410989589378513,13
2018-09-20,0.011897651130202186,18,0.012004872970584517,16,0.011604520092280031,13
2018-09-21,0.015282621018733082,26,0.01224411683724165,17,0.01181985376262165,14
2018-09-24,0.016541814513924547,29,0.012545282140917968,17,0.011815084454405746,14
2018-09-25,0.01753931144522061,31,0.012679603899424883,18,0.011870078207484874,14
2018-09-26,0.010847912139314393,16,0.013624558283299799,20,0.01120878072841819,12
2018-09-27,0.007809710496216363,9,0.013377218742064276,20,0.01130617947849157,13
2018-09-28,0.009401470687023562,12,0.014843396141451103,22,0.011889143106939733,14
2018-10-01,0.010286336515016804,15,0.014809934919582202,22,0.01144074302341559,13
2018-10-02,0.010400901945089042,15,0.014723309440900372,22,0.011424911835659086,13
2018-10-03,0.00992018757463451,14,0.009945219601991621,10,0.01153269986533912,13
2018-10-04,0.009425387657809585,12,0.008438157617241832,7,0.011512728739672426,13
2018-10-05,0.004290534032969689,1,0.00820272542621814,7,0.010965273970440094,12
2018-10-08,0.004279432131639154,1,0.00829806954113827,7,0.010799119970376747,11
2018-10-09,0.006698282936753117,6,0.008645695705748937,7,0.011089888144876315,12
2018-10-10,0.012485444710143153,20,0.011166149344307789,14,0.012704749708653934,16
2018-10-11,0.012554842967849129,20,0.011971021912418014,16,0.01314169429210596,17
2018-10-12,0.019596493059528815,34,0.014184957168128152,21,0.014006153634950507,18
2018-10-15,0.01887622944128473,32,0.014186156086082065,21,0.01407188276491323,19
2018-10-16,0.020266481121496923,35,0.014605346057249115,22,0.014129661191251277,19
2018-10-17,0.01655648019667142,29,0.014240412268297366,21,0.014040250928321498,19
2018-10-18,0.014957804548328036,26,0.014635557731048854,22,0.012120710883823991,15
2018-10-19,0.010195185626387106,14,0.014899530239510074,23,0.011533592956725685,13
2018-10-22,0.017126655263055554,30,0.01701780350281566,27,0.013147342111021084,17
2018-10-23,0.015015723977940158,26,0.017074453473657623,27,0.013257002476850318,17
2018-10-24,0.014502006663149953,25,0.017369938903201338,28,0.014242139041990952,19
2018-10-25,0.021758627930249217,37,0.018612096227894784,30,0.01511316335384367,20
2018-10-26,0.020295104693127182,35,0.016201980154366663,25,0.014920527112849693,20
2018-10-29,0.017909368287888087,31,0.016526743384911082,26,0.014813336428582596,20
2018-10-30,0.017922788200616286,31,0.01615459036992692,25,0.01481724077188249,20
2018-10-31,0.011810005148274407,18,0.017407719201387246,28,0.0154057906134145,21
2018-11-01,0.009400177281558715,12,0.017297308243257016,28,0.015328554784773402,21
2018-11-02,0.005352865883668076,3,0.017207507499938976,27,0.015278270166915565,21
2018-11-05,0.008361472105818203,10,0.015566121123759621,24,0.01625581618286071,23
2018-11-06,0.011670618507892368,18,0.015234369721117132,23,0.0162486483237774,23
2018-11-07,0.013767987251812129,23,0.012215890394654169,17,0.017257723341620016,25
2018-11-08,0.015482752282295193,27,0.012198540067735771,17,0.01635771724019464,23
2018-11-09,0.0224822753057062,38,0.015683861542881632,24,0.01690141091765547,24
2018-11-12,0.020722966993500447,35,0.017723402604522334,28,0.016676401547605618,24
2018-11-13,0.022240372148881513,37,0.01793592397477926,29,0.01685591146462458,24
2018-11-14,0.015379060189867117,27,0.018250104782930425,29,0.01706402520340713,25
2018-11-15,0.021050733579541337,36,0.019204884001269282,31,0.017665770319095546,26
2018-11-16,0.018212642721618613,31,0.019319565791716346,31,0.017469540074074245,26
2018-11-19,0.014276645336453125,24,0.017672275711015602,28,0.017423310255464553,26
2018-11-20,0.019713495987134906,34,0.019825329401736248,32,0.01737000628009157,26
2018-11-21,0.01880015794373225,32,0.01746347872622483,28,0.01729965556147584,25
2018-11-23,0.016234129168396,28,0.017724343420992893,28,0.016552904626376087,23
2018-11-26,0.02441330932692997,40,0.02031548212600018,33,0.017609527617883577,26
2018-11-27,0.02440296843962615,40,0.019012673884583994,31,0.017452577986163703,26
2018-11-28,0.022536761448486063,38,0.021807235433872946,35,0.018950637329347805,29
2018-11-29,0.024333681355168738,40,0.020979354900980914,34,0.019107886182741108,29
2018-11-30,0.02114797756911727,36,0.0203261505115995,33,0.018840663652322995,29
2018-12-03,0.017123420758354862,30,0.020334265236013237,33,0.018841594509665115,29
2018-12-04,0.028190754815244995,43,0.024857204380746047,39,0.02115374702078917,34
2018-12-06,0.021716796037822405,37,0.025258703779967192,40,0.021595790171270533,34
2018-12-07,0.02179398967633184,37,0.026151035847563234,41,0.022176625726683497,35
2018-12-10,0.01905156198508259,33,0.02636983005003245,41,0.021330744608540758,34
2018-12-11,0.011507804109939235,17,0.022419347223363667,36,0.021376834203812485,34
2018-12-12,0.012035601277743464,18,0.022418068712042324,36,0.020832584203237886,33
2018-12-13,0.010848210103001701,16,0.016240488452687264,25,0.020511297788682888,32
2018-12-14,0.007688284492739977,9,0.01615183083165974,25,0.020252085194257714,32
2018-12-17,0.005560238579556429,4,0.01536881454795999,24,0.020116944651204293,32
2018-12-18,0.005040768684059108,3,0.013777680407072654,20,0.019319640003657837,30
2018-12-19,0.006780813635966456,6,0.010469120815941148,12,0.01922397444032076,30
2018-12-20,0.00537858140012361,3,0.00812763246780914,6,0.01919622508459459,30
2018-12-21,0.012853758523705294,21,0.010520228189009991,12,0.01962382998238061,30
2018-12-24,0.01266525973027239,20,0.010364024327018327,12,0.019384554762374415,30
2018-12-26,0.03151528904464809,45,0.02128086242142273,35,0.0227864040011699,36
2018-12-27,0.03135068005474595,45,0.021787129773752485,35,0.021135774461802988,33
2018-12-28,0.031150084187303563,45,0.02193772164586566,35,0.021237244746546043,34
2018-12-31,0.023080979160995597,39,0.022089882072653673,36,0.01915817166169819,29
2019-01-02,0.01864025305283483,32,0.024180167349899636,38,0.020964512060855384,33
2019-01-03,0.016507047856089006,29,0.024753260656060865,39,0.02098786697130945,33
2019-01-04,0.025993774294853132,42,0.028515117451830135,43,0.02441031123111707,38
2019-01-07,0.025351107089462033,41,0.028029615304658424,43,0.023120536857994027,36
2019-01-08,0.02623952303359343,42,0.02348722434618333,37,0.022059937225951533,35
2019-01-09,0.025038661136834093,41,0.02106730054682254,34,0.021704043759563838,35
2019-01-10,0.02059922599515913,35,0.018383475661242574,30,0.021190793071256653,34
2019-01-11,0.007436184538618164,8,0.01843078678047077,30,0.020944266522414597,33
2019-01-14,0.017107756303232358,30,0.02043688181184438,33,0.0225523805442319,36
2019-01-15,0.019084456837602907,33,0.02200112518248632,36,0.024026089456806003,38
2019-01-16,0.019323016090105356,33,0.02164509336493964,35,0.023713157861820246,37
2019-01-17,0.018527482020792203,32,0.018750916180738826,30,0.02326817735764031,37
2019-01-18,0.017377174608017375,30,0.015227079000534476,23,0.023087709660005822,36
2019-01-22,0.022049775927923995,37,0.018631499814484427,30,0.023059552926299718,36
2019-01-23,0.013197582724386587,22,0.018182676705705215,29,0.02269735868522232,36
2019-01-24,0.01251044855099856,20,0.018104655104769215,29,0.019940217721982092,31
2019-01-25,0.01526231234513684,26,0.018000078926872096,29,0.01878546528707996,29
2019-01-28,0.01522515422630584,26,0.018499756272540198,30,0.017600234459142935,26
2019-01-29,0.011769684027072982,18,0.01691289558688641,27,0.018147571418338317,28
2019-01-30,0.012860643226058349,21,0.012483094539170368,17,0.018086589455531182,27
2019-01-31,0.012818013063676399,21,0.012112493256723561,17,0.018098800757286097,27
2019-02-01,0.011418775554244765,17,0.013101514274816534,19,0.018257473299338696,28
2019-02-04,0.01177850108607206,18,0.012863531747186168,18,0.01723088120989589,25
2019-02-05,0.01064751695817254,16,0.010661107047188388,13,0.01490639733559034,20
2019-02-06,0.0073041920663367765,8,0.010665252147782243,13,0.014954660546986624,20
2019-02-07,0.009464990281434634,12,0.01203213719417706,16,0.015705259824222776,22
2019-02-08,0.009557460274200399,13,0.01016970026441568,11,0.016022828587554015,22
2019-02-11,0.0071802365050704,7,0.010220364323023208,11,0.016190274062028224,23
2019-02-12,0.013462771079411977,22,0.011799607632395901,16,0.01643335759553406,23
2019-02-13,0.014024470060306164,24,0.010574881297304705,12,0.014406936611280265,19
2019-02-14,0.012494388676876406,20,0.01065555428871345,13,0.01169254120226751,14
2019-02-15,0.016444820136371243,29,0.014295711784588683,21,0.013033107617257622,16
2019-02-19,0.015088767609313243,26,0.014188639823772364,21,0.013016770373689892,16
2019-02-20,0.01441633765532725,25,0.014131474720742294,21,0.012872721305937194,16
2019-02-21,0.015280617361738795,26,0.01427323519014978,21,0.012012648204401113,14
2019-02-22,0.013939176981984082,23,0.012970986518276014,18,0.012039938460524353,14
2019-02-25,0.004615684370249425,2,0.01188739590964664,16,0.011955848480942754,14
2019-02-26,0.00554110334218676,4,0.011877913405149949,16,0.01119252831261803,12
2019-02-27,0.005614184391389653,4,0.010957932899962521,13,0.011209921826003309,12
2019-02-28,0.005943710736962031,4,0.01126456601019068,14,0.011071242157669588,12
2019-03-01,0.006930472221951887,7,0.010643424045640476,13,0.010634981880267768,11
2019-03-04,0.008007239022762265,9,0.006390972310859319,2,0.010884270662784917,12
2019-03-05,0.009243660027426154,12,0.007346557801403029,5,0.01091788954488657,12
2019-03-06,0.008078569426589981,9,0.007104578637648545,4,0.010886749991868942,12
2019-03-07,0.008266966809167393,10,0.007384189531479368,5,0.011035839700549346,12
2019-03-08,0.006116998238162612,5,0.007656767279481436,5,0.011055579031696938,12
2019-03-11,0.007503902248763527,8,0.007401728002214838,5,0.010510960841160277,11
2019-03-12,0.007523728730289401,8,0.008139090618551132,6,0.010258840806389807,10
2019-03-13,0.008584128070238771,10,0.009336214620531993,9,0.010481472978744402,11
2019-03-14,0.0041844267043459294,1,0.009465679641293362,9,0.009951680307339505,9
2019-03-15,0.005134510142768876,3,0.01063857573453995,13,0.01048627256880622,11
2019-03-18,0.003948394957663591,1,0.010108810883867348,11,0.010344236335493183,10
2019-03-19,0.008259222977147204,10,0.008889940391157166,8,0.008392038554128461,5
2019-03-20,0.014779579071244848,26,0.011422859431780705,15,0.009588000433213147,8
2019-03-21,0.014827109510886383,26,0.011021264419405732,14,0.009627828119012352,9
2019-03-22,0.021471348065761727,36,0.019058806492628384,31,0.013803940362045132,18
2019-03-25,0.017002694111704755,30,0.019143688643831414,31,0.01392012729818052,18
2019-03-26,0.02209906975020044,37,0.019686887648942004,32,0.014320180190064447,19
2019-03-27,0.021855825374376015,37,0.018931928607832132,31,0.014347433211109142,19
2019-03-28,0.026222956084215605,42,0.020276207217598166,33,0.015148595794375974,20
2019-03-29,0.013688926783914653,23,0.019240675974084756,31,0.015153378595155712,20
2019-04-01,0.01614533426462734,28,0.022458451688471423,36,0.01695260715519027,24
2019-04-02,0.01695842170249655,30,0.02246104678982586,36,0.016756530108243028,24
2019-04-03,0.013684855234472436,23,0.021694328659755194,35,0.01657601254171167,23
2019-04-04,0.013174639827738654,22,0.02174256973332684,35,0.016595296421251477,23
2019-04-05,0.014810321760937639,26,0.013869371377957114,21,0.01642989388316746,23
2019-04-08,0.006644753331156293,6,0.012351807708442476,17,0.01646679579672205,23
2019-04-09,0.010702246929333562,16,0.01400204797996421,21,0.016842457202094065,24
2019-04-10,0.010039630855198099,14,0.013091349819347356,19,0.016803156844675482,24
2019-04-11,0.008834662281293145,11,0.012283860167549164,17,0.016632456001447547,24
2019-04-12,0.012824365713561901,21,0.013309620771572023,19,0.01722988321739871,25
2019-04-15,0.013019782081063736,21,0.009768018899453872,10,0.01692355564362894,24
2019-04-16,0.012657349515479208,20,0.01222211509037035,17,0.01781331508039642,27
2019-04-17,0.011956423044760935,18,0.012441688124780031,17,0.017935102669693545,27
2019-04-18,0.016049387794174037,28,0.013509577175844216,20,0.017374229800981543,26
2019-04-22,0.01645483029215071,29,0.013912855793806383,21,0.01744634435757006,26
2019-04-23,0.016296954759914727,28,0.013927049527006682,21,0.013256069952668164,17
2019-04-24,0.010123284003655718,14,0.012999234336178455,18,0.01296734476498051,16
2019-04-25,0.004699363084640927,2,0.013186138971678177,19,0.012926049724980813,16
2019-04-26,0.007589130717279098,8,0.013344737864012626,19,0.012592949224478381,16
2019-04-29,0.010992199409749794,16,0.01319607007811415,19,0.012667538361927003,16
2019-04-30,0.011879272039745975,18,0.013457065819707766,20,0.012893174841828444,16
2019-05-01,0.013084110035305014,21,0.011301001797784434,14,0.011640498718290709,14
2019-05-02,0.01281908593211494,21,0.010364119450922372,12,0.011623345784594239,13
2019-05-03,0.012292753763560711,19,0.009838486619230818,10,0.011551074437160478,13
2019-05-06,0.006740695174148083,6,0.00942562022285858,9,0.01152727971828447,13
2019-05-07,0.015309090738760037,27,0.014280644139158628,21,0.013797765045386375,18
2019-05-08,0.015542213359456618,27,0.014226088164167225,21,0.013730568891514543,18
2019-05-09,0.014366026248658324,24,0.014443211676230526,22,0.013521089341352013,18
2019-05-10,0.014279105513052425,24,0.013891889867532006,21,0.013512144003272188,18
2019-05-13,0.02380320157334545,39,0.01847131517621755,30,0.01782016016834467,27
2019-05-14,0.0255631739733537,41,0.019874440631031665,32,0.01730785096774913,25
2019-05-15,0.025121682730531038,41,0.019858030858007383,32,0.017335070605291193,26
2019-05-16,0.02789512545725082,43,0.020985525632402073,34,0.016489070984472134,23
2019-05-17,0.027657020764740456,43,0.02075094591713843,34,0.016180350051196737,23
2019-05-20,0.013143851749183727,22,0.020806663600882454,34,0.016123896554503442,22
2019-05-21,0.014014263662843997,23,0.020276601196619802,33,0.016673552868009166,24
2019-05-22,0.017631964619159696,31,0.021032377741042944,34,0.017179096063223757,25
2019-05-23,0.01493341665934371,26,0.021112666129161708,34,0.017277912297827772,25
2019-05-24,0.01531961688125888,27,0.021326308049678246,35,0.01744286008734351,26
2019-05-28,0.01565658147237486,27,0.013921649669002655,21,0.01717652083650623,25
2019-05-29,0.01102061559528173,16,0.012961116988655074,18,0.01615003794148616,22
2019-05-30,0.007667343525237004,8,0.012897959033435715,18,0.0161677267794843,23
2019-05-31,0.011467787248024533,17,0.012559702006509889,18,0.016606570003554342,23
2019-06-03,0.011391655615940032,17,0.012862786983309336,18,0.01666733271214723,24
2019-06-04,0.0277677431030329,43,0.021934195046379786,35,0.020823810492633953,33
2019-06-05,0.027787046104087634,43,0.02124098596922108,34,0.020826300995061775,33
2019-06-06,0.027408651739113936,43,0.020063666898259547,33,0.0199182500938261,31
2019-06-07,0.02442247319641831,40,0.020062107448140847,33,0.02004832395222282,31
2019-06-10,0.02468216519507267,40,0.020908712443396864,34,0.020605180497022597,32
2019-06-11,0.012924422033479906,21,0.02042219707722104,33,0.020740660115625892,33
2019-06-12,0.016175333999520394,28,0.021514055424733246,35,0.017448105949300973,26
2019-06-13,0.015700609801842774,27,0.021397478655994794,35,0.017249010397506565,25
2019-06-14,0.013720800443897048,23,0.018932899618254055,31,0.017188639944689783,25
2019-06-17,0.012335163138513064,19,0.020218459290954782,33,0.017160576346564305,25
2019-06-18,0.015507963143582694,27,0.013786763386462187,20,0.01742082809520152,26
2019-06-19,0.013402338629201075,22,0.014010875824815996,21,0.017488586974323043,26
2019-06-20,0.013600067283549738,23,0.013861628806791412,20,0.017192554620148175,25
2019-06-21,0.013640854428780526,23,0.013064927189871896,19,0.01639154292000389,23
2019-06-24,0.012189362438548538,19,0.011784620706039401,16,0.016256038458149772,23
2019-06-25,0.007708191416611065,9,0.011801441378064135,16,0.016557171266379667,23
2019-06-26,0.009923048018530405,14,0.011265359343428132,14,0.016456063936401477,23
2019-06-27,0.011551401712588297,18,0.011993330071266616,16,0.016606990294926495,23
2019-06-28,0.016622996957120953,29,0.01453715827488204,22,0.017376675459658642,26
2019-07-01,0.014564390348156053,25,0.013204969521359283,19,0.016201385507112944,23
2019-07-02,0.011352176873102165,17,0.012355128037467957,17,0.01636047167213357,23
2019-07-03,0.011643683639529438,18,0.01191432153492945,16,0.01243135054668393,15
2019-07-05,0.011541759621711715,17,0.011920114676145118,16,0.012407396675256121,15
2019-07-08,0.00670671910956999,6,0.01205132186111782,16,0.012424107191173064,15
2019-07-09,0.005831596780141406,4,0.0111723771821945,14,0.01194452832649895,14
2019-07-10,0.006358762953261725,5,0.010026375185392553,11,0.011422698250128507,13
2019-07-11,0.006510994545414505,6,0.009952254876167788,10,0.011295519243072906,13
2019-07-12,0.005744498992034903,4,0.009659883925109497,10,0.010485427112794963,11
2019-07-15,0.005255717760964941,3,0.005735471288478058,1,0.010526032386034443,11
2019-07-16,0.005355734763543818,3,0.0055074536898629825,1,0.01067137250275972,11
2019-07-17,0.005618143273092971,4,0.005849845615887756,2,0.010230153434855897,10
2019-07-18,0.008225234247049332,10,0.00704575312930575,4,0.009636904848720042,9
2019-07-19,0.009829500978129206,13,0.0077973303685516596,6,0.010007886757982639,10
2019-07-22,0.010086432189778415,14,0.007776379955179998,6,0.009937423326155813,9
2019-07-23,0.011461008642167361,17,0.008543053418913973,7,0.010135577346827972,10
2019-07-24,0.011244950001108492,17,0.009160762612064261,9,0.01009600549515494,10
2019-07-25,0.015772644240304654,27,0.011886962525226471,16,0.011026870829181428,12
2019-07-26,0.015051884632611584,26,0.0123823299108321,17,0.011045027947595553,12
2019-07-29,0.015611488335470927,27,0.01253203213756671,17,0.010942195904374175,12
2019-07-30,0.014476042970445043,25,0.012386338604312904,17,0.009323225415691451,7
2019-07-31,0.01194326349853303,18,0.012433090373131683,17,0.0092765629397308,7
2019-08-01,0.01872530596125556,32,0.016794470105637112,26,0.012700502150353154,16
2019-08-02,0.015342969655624145,27,0.016736520138175937,26,0.012749639631130929,16
2019-08-05,0.01758513212142757,31,0.019142791895936755,31,0.014498042546569076,19
2019-08-06,0.022886064595143918,38,0.019667918787889815,32,0.015183003309492281,20
2019-08-07,0.022465559132851573,38,0.01815037699313532,29,0.015298517038538387,21
2019-08-08,0.024803616124967447,40,0.020826530048314584,34,0.01653748215240246,23
2019-08-09,0.024773483036353846,40,0.019928618282073925,32,0.016459335803127095,23
2019-08-12,0.022219433978924417,37,0.020735261311656095,34,0.017178976225534416,25
2019-08-13,0.020857329539789922,36,0.021492563589679207,35,0.0174411486010888,26
2019-08-14,0.030349378420079974,45,0.02536889128688575,40,0.020360530226726358,32
2019-08-15,0.024273735758851188,40,0.023991966019322596,38,0.020394929177040843,32
2019-08-16,0.033853392400051925,47,0.028012067813798655,43,0.0219497724884936,35
2019-08-19,0.032707195425462424,46,0.026419741688112786,41,0.02226246841098349,35
2019-08-20,0.03282632720162321,46,0.025928281870393796,41,0.02229128654821181,35
2019-08-21,0.018899867551941296,32,0.02554117034960009,40,0.021937198608428368,35
2019-08-22,0.01845894755606862,32,0.024225978440947562,38,0.021780871937914777,35
2019-08-23,0.01807589880504175,31,0.025624382017199732,40,0.022169353766031713,35
2019-08-26,0.01791848664883086,31,0.02503208456342179,39,0.0222362093987539,35
2019-08-27,0.01834892953636117,32,0.025083905604348068,40,0.022351726660728773,35
2019-08-28,0.019891969547424417,34,0.018862835562514547,31,0.02267281832405845,36
2019-08-29,0.02301752233382721,38,0.020146073086634256,33,0.023659546665834977,37
2019-08-30,0.01524929563223474,26,0.01707893395869792,27,0.022397830397197803,35
2019-09-03,0.01771491886977547,31,0.017222732745068386,27,0.02247802942499665,36
2019-09-04,0.014360919568839779,24,0.017178349071968527,27,0.021398324078955602,34
2019-09-05,0.017945227986305542,31,0.01958518629419993,32,0.022268234086114027,35
2019-09-06,0.017942001073405465,31,0.019741244191068635,32,0.02197175404999153,35
2019-09-09,0.02421007055429432,40,0.019330223148592375,31,0.02327339676700797,37
2019-09-10,0.02008445992845619,34,0.019475009813248255,32,0.02310955322805731,36
2019-09-11,0.021744686698239632,37,0.017632620009693397,28,0.0221095213931475,35
2019-09-12,0.019388401094866385,33,0.01771788913391978,28,0.02207892731071525,35
2019-09-13,0.017672235124921103,31,0.017151399870839506,27,0.0180599433186208,27
2019-09-16,0.00876458227730673,11,0.018056117193320755,29,0.01826062023025804,28
2019-09-17,0.009485311837460859,12,0.016944008551802857,27,0.01715877496414162,25
2019-09-18,0.00982871929169446,13,0.016877589419337594,27,0.017076212133539825,25
2019-09-19,0.010381057269179327,15,0.01520388806022527,23,0.01671721829642941,24
2019-09-20,0.006669298520131047,6,0.015193972779255197,23,0.016788773214639313,24
2019-09-23,0.006393385832505341,5,0.007507870401900473,5,0.016736703830409812,24
2019-09-24,0.012265089363526289,19,0.010811169197307943,13,0.01606931448749201,22
2019-09-25,0.016460378820422276,29,0.01309349365377375,19,0.016426521152522515,23
2019-09-26,0.016409021233485907,29,0.013038232327014562,19,0.015794661889760694,22
2019-09-27,0.01647821877481552,29,0.01198433460965092,16,0.015738940558099858,22
2019-09-30,0.01658987306473886,29,0.011855246194649356,16,0.015245721909785867,21
2019-10-01,0.013451819238003359,22,0.012457620820814206,17,0.01568001081176125,21
2019-10-02,0.012320184549234973,19,0.01421872873165863,21,0.016650597019527938,24
2019-10-03,0.014191299556151258,24,0.014731785725432257,22,0.0164825548572499,23
2019-10-04,0.019059780373183892,33,0.01692825943742253,27,0.01570261225731651,22
2019-10-07,0.01906696639904296,33,0.016863581282832,27,0.015627985827531762,21
2019-10-08,0.021447171176284745,36,0.01715345403480716,27,0.013641245541674491,18
2019-10-09,0.018508377156492884,32,0.0162732422208019,25,0.014120127456374705,19
2019-10-10,0.019577577305392044,34,0.01748254821827032,28,0.014693404722774622,20
2019-10-11,0.01944956027180681,33,0.01880298038759836,31,0.01539550250318534,21
2019-10-14,0.019286383687992688,33,0.018661789142289442,30,0.015010276875915305,20
2019-10-15,0.007362882810774178,8,0.01817389130311228,29,0.01518950760425848,20
2019-10-16,0.018480708079507798,32,0.0174888849093106,28,0.016117173884397103,22
2019-10-17,0.017358777785690522,30,0.017509494233914295,28,0.01599955311041754,22
2019-10-18,0.013995546794273818,23,0.01635689950852628,25,0.015965545519970013,22
2019-10-21,0.019747392945267377,34,0.018421841991383234,30,0.017148565869973806,25
2019-10-22,0.01904876113754828,33,0.014933785195314183,23,0.017150946934265162,25
2019-10-23,0.011992705328303415,18,0.014733069348995953,22,0.01612839513404829,22
2019-10-24,0.012590119072230095,20,0.01451272440667141,22,0.015585485378961884,21
2019-10-25,0.012250606815945746,19,0.013612827110991982,20,0.015667558499848445,21
2019-10-28,0.005060815049264216,3,0.013591508731078934,20,0.01567304932001767,21
2019-10-29,0.007356492047715704,8,0.013614690643364355,20,0.0157108910382215,22
2019-10-30,0.007421778362359632,8,0.010090972175309187,11,0.015305302508891339,21
2019-10-31,0.010619555459551245,15,0.011935942940188814,16,0.014239795696357915,19
2019-11-01,0.016231113291841986,28,0.014163204008199152,21,0.015138966304346276,20
2019-11-04,0.017751655975434075,31,0.012309899567719114,17,0.014915385418560554,20
2019-11-05,0.01738681985741013,30,0.012628910738184843,18,0.015004837395824202,20
2019-11-06,0.017823471612712312,31,0.012944933915348022,18,0.013545268308360352,18
2019-11-07,0.014854843196624697,26,0.013723803007149996,20,0.013678853875000964,18
2019-11-08,0.011609371432158157,18,0.013488814615115705,20,0.013403042743225608,17
2019-11-11,0.010638558685324068,15,0.013892707497959492,21,0.013080504574447921,17
2019-11-12,0.011057138202507187,16,0.013909427275380132,21,0.013284697917730617,17
2019-11-13,0.013149588938254688,22,0.01503538951369256,23,0.013645603993153916,18
2019-11-14,0.0073385823563655184,8,0.013921588437220647,21,0.01230846332280698,15
2019-11-15,0.0085195380750595,10,0.011130018338215936,14,0.012343484559708703,15
2019-11-18,0.008605833061482963,10,0.009413137207422335,9,0.012361390298084932,15
2019-11-19,0.009042167592806483,11,0.009547901315699553,10,0.010796296578295417,11
2019-11-20,0.007716953565053024,9,0.010188610832111854,11,0.011221224064456413,12
2019-11-21,0.007699938182765575,9,0.007644360921023703,5,0.011184009202198345,12
2019-11-22,0.009269850746280044,12,0.00893749299355578,8,0.011463318165615207,13
2019-11-25,0.010116127544759644,14,0.00951761581469374,9,0.011411672044028268,13
2019-11-26,0.010373671141254405,15,0.009259711026875861,9,0.01141344041773187,13
2019-11-27,0.006912129551620418,7,0.0073637017084071475,5,0.011270086500255056,13
2019-11-29,0.008910703301479033,11,0.008022066228683232,6,0.011446472911975007,13
2019-12-02,0.008059225962918897,9,0.008270997196576172,7,0.011021474280348734,12
2019-12-03,0.0071668311243162225,7,0.009725789042710972,10,0.009977119796243071,9
2019-12-04,0.011088929740385934,16,0.010457934945066166,12,0.009545239297802481,8
2019-12-05,0.011613602600589091,18,0.009838415182006881,10,0.009623110029466881,9
2019-12-06,0.013322491795171105,22,0.01071100583127235,13,0.010051667039231356,10
2019-12-09,0.01303269547229304,21,0.010348968449603113,12,0.009296956055509151,7
2019-12-10,0.008151895924391007,9,0.009925314897707692,10,0.009349992806772744,7
2019-12-11,0.00837016300059877,10,0.009929819114647779,10,0.009250967680607042,7
2019-12-12,0.011196732940133455,17,0.011725773821139717,16,0.01005432918578776,10
2019-12-13,0.011619917611137289,18,0.011786549934852359,16,0.009582243170116906,8
2019-12-16,0.010843402338646347,16,0.011350314859676297,15,0.009627813180830629,9
2019-12-17,0.011246273954558877,17,0.009291506486504033,9,0.009745801470160841,9
2019-12-18,0.010500105717178658,15,0.00906286318937158,8,0.009733488060708948,9
2019-12-19,0.007242179747610184,8,0.009053222454024656,8,0.00970795519406492,9
2019-12-20,0.003385534778125247,0,0.008328407251221607,7,0.009140330377679197,7
2019-12-23,0.003421825681151089,0,0.007586137952000412,5,0.00911353328432843,7
2019-12-24,0.00250151465822467,0,0.007840818390230684,6,0.008878170065463707,6
2019-12-26,0.006589333140467351,6,0.008295692229723383,7,0.009175696830156429,7
2019-12-27,0.00729832376909801,8,0.006866338802481883,3,0.009150760121804095,7
2019-12-30,0.007730994856839813,9,0.005835453352399044,2,0.00920364812038267,7
2019-12-31,0.00779591630569179,9,0.00576286283381969,2,0.008905985698060183,6
2020-01-02,0.009208137588739423,12,0.006786020206811608,3,0.009020597931103876,7
2020-01-03,0.012909919971272806,21,0.010034221732899523,11,0.009355767494188193,7
2020-01-06,0.012958037409162567,21,0.010163196718285514,11,0.009279772480529625,7
2020-01-07,0.01348735047714376,22,0.010617861385822283,13,0.00960318790147944,8
2020-01-08,0.013888437955313922,23,0.01083877290757811,13,0.009272711065429503,7
2020-01-09,0.01163369849633155,18,0.011076047896899978,14,0.009170917520829852,7
2020-01-10,0.00904151498841331,11,0.01051678006578541,12,0.009585762556272942,8
2020-01-13,0.012128583916742642,19,0.011979177884196944,16,0.010074771126517569,10
2020-01-14,0.011068667862790194,16,0.012715050529826105,18,0.00976172231719961,9
2020-01-15,0.013222613219734142,22,0.01317152398755372,19,0.009739258512461772,9
2020-01-16,0.013336166154140182,22,0.01210658209055481,16,0.00978035343951336,9
2020-01-17,0.011426389020341243,17,0.010187742869567714,11,0.009595718360371442,8
2020-01-21,0.011528726655782306,17,0.011447824117308842,15,0.010295564497222449,10
2020-01-22,0.007276885465141937,8,0.010973911719018601,13,0.010285879746710498,10
2020-01-23,0.006970593521423776,7,0.010885892102098374,13,0.010319595971237747,10
2020-01-24,0.009242992334919268,12,0.011764925283663033,16,0.011028825946057834,12
2020-01-27,0.010094802911281604,14,0.013141261038945981,19,0.011998597865609119,14
2020-01-28,0.01244018740761082,20,0.011595187610167038,15,0.01152203822147691,13
2020-01-29,0.01133644305858616,17,0.00931844594956672,9,0.011664951999130336,14
2020-01-30,0.014983874878374262,26,0.01108789532329552,14,0.012074765299840797,14
2020-01-31,0.021028964449252216,36,0.015447248230439418,24,0.014523660073566822,19
2020-02-03,0.021418535263127127,36,0.01622405218939871,25,0.014110485527380407,19
2020-02-04,0.023366660023448338,39,0.017842359273195715,29,0.01442641054077539,19
2020-02-05,0.026645362672168722,42,0.020975135914320764,34,0.016073106066304296,22
2020-02-06,0.026475886449186872,42,0.020975066220740524,34,0.015958808464134725,22
2020-02-07,0.013636628792965916,23,0.02021400475671452,33,0.015886826657568933,22
2020-02-10,0.0150529436562449,26,0.01871488932539978,30,0.015747105552624895,22
2020-02-11,0.014120922012695802,24,0.018739764568625045,30,0.01569601174103787,22
2020-02-12,0.004586790755674263,2,0.018230966212373103,29,0.015190242444160292,21
2020-02-13,0.005161957465830316,3,0.018115030158694506,29,0.014735580819485039,20
2020-02-14,0.005019127175690461,3,0.01130511438380186,14,0.014661704384926274,20
2020-02-18,0.00871768834627849,11,0.012994969193400558,18,0.01497583411425254,20
2020-02-19,0.00824464348266406,10,0.011968885464300827,16,0.01506124910197989,20
2020-02-20,0.008105614892421242,9,0.006558910195531016,3,0.014766063291292778,20
2020-02-21,0.01215008002280555,19,0.009462047815011065,9,0.015485660934270111,21
2020-02-24,0.022904521338862237,38,0.017880372017084315,29,0.018830139055116466,29
2020-02-25,0.0257482742930592,41,0.02081036207578648,34,0.020452510574446033,32
2020-02-26,0.021095528483205703,36,0.019656542147021623,32,0.020318077623685447,32
2020-02-27,0.016633781047990532,29,0.02222811134736359,36,0.022754903952199035,36
2020-02-28,0.018534197530616366,32,0.02159597493640802,35,0.02280503285063584,36
2020-03-02,0.04677375731768076,51,0.034757893592978054,47,0.027618578642798784,42
2020-03-03,0.04600802361002013,50,0.03550855534950235,47,0.027535377828601517,42
2020-03-04,0.05040315927963578,51,0.03876788117655518,49,0.028851331026153428,43
2020-03-05,0.05125369221559537,51,0.040606698610681245,49,0.030547615987736594,44
2020-03-06,0.05322566631806737,52,0.0408784503240713,49,0.029687438725323062,44
2020-03-09,0.07125950685152468,53,0.060261586101780854,52,0.04401678206134308,50
2020-03-10,0.09353983904159827,53,0.06995381244687018,52,0.04919511451898579,50
2020-03-11,0.0887124733800594,53,0.07302465756428703,53,0.051453946366206746,51
2020-03-12,0.09890203070692563,53,0.08242392047255603,53,0.058190242945518826,52
2020-03-13,0.15083885228883043,54,0.10721059635981262,53,0.07347830112622959,52
2020-03-16,0.15829136625911208,54,0.11611923219854456,54,0.08265465696792901,52
2020-03-17,0.1456809871603316,54,0.11627764375811929,54,0.08247231246260732,52
2020-03-18,0.14621290074497117,54,0.11403435168994933,54,0.08367336217039949,52
2020-03-19,0.1470659562264304,54,0.12248317888987892,54,0.08737085925929025,53
2020-03-20,0.1028926827500405,53,0.12247357832318469,54,0.08712527373146997,53
2020-03-23,0.07053948599899984,53,0.11556408544960277,54,0.08754018270416557,53
2020-03-24,0.10636038324583917,53,0.12440671800164449,54,0.09587469922413948,53
2020-03-25,0.09002750828374245,53,0.12333889112379853,54,0.09641696090161224,53
2020-03-26,0.09192549285968252,53,0.11773222213189957,54,0.09983920645523757,53
2020-03-27,0.09365899002949463,53,0.10286619109204677,53,0.09971638427364858,53
2020-03-30,0.07770912071733495,53,0.08039089586558107,53,0.09980824295149297,53
2020-03-31,0.06068283105215873,52,0.08164333964554127,53,0.09840962317341191,53
2020-04-01,0.07160947437368935,53,0.08040405171178731,53,0.09945287089717106,53
2020-04-02,0.04283342138275393,50,0.07560976422002,53,0.0990381838961208,53
2020-04-03,0.04246849094743032,50,0.07589543869998384,53,0.09882835580190982,53
2020-04-06,0.0712717476663098,53,0.07686470606878969,53,0.10197191487875895,53
2020-04-07,0.06896002110241442,53,0.06150221773324179,52,0.09619840262965407,53
2020-04-08,0.05631871921471039,52,0.06500959141348964,52,0.09580703904853446,53
2020-04-09,0.05865236083257928,52,0.0610709181365379,52,0.09540664771089234,53
2020-04-13,0.04885861327579944,51,0.05874988486442627,52,0.08921066960085433,53
2020-04-14,0.047864835895066224,51,0.05978632414434767,52,0.08018527767533798,52
2020-04-15,0.05941429365671007,52,0.060977588477447726,52,0.06866521327440589,52
2020-04-16,0.052052263613438156,51,0.05655967981529835,52,0.06963116937455499,52
2020-04-17,0.07369810934698187,53,0.06736562982934537,52,0.07050403835557402,52
2020-04-20,0.07455360946844639,53,0.06619641828801653,52,0.06894234123822328,52
2020-04-21,0.07725034211535463,53,0.06352829905720712,52,0.06955515026592095,52
2020-04-22,0.07436102034129623,53,0.06366732583221385,52,0.06731670254881235,52
2020-04-23,0.06808715055841295,53,0.05896035216718626,52,0.05938521575312938,52
2020-04-24,0.03192605534993234,46,0.05358172455173152,51,0.059154629452445436,52
2020-04-27,0.04817306506437374,51,0.06028454514528637,52,0.05772861726463468,52
2020-04-28,0.0305792996680772,45,0.05953333009735369,52,0.05660074356699704,51
2020-04-29,0.034097196403786265,47,0.0578502401404063,52,0.05807490412137602,52
2020-04-30,0.045440595483338904,50,0.055289336450265146,51,0.05764049302606109,52
2020-05-01,0.06143564041337815,52,0.04767317100868402,51,0.05595112291029778,51
2020-05-04,0.04839184122444056,51,0.04645430402801159,51,0.05604541696974034,51
2020-05-05,0.04769985863371076,51,0.043114054302033356,50,0.05532211938160805,51
2020-05-06,0.019959894107397555,34,0.04388689644760854,50,0.05187941933003849,51
2020-05-07,0.036848981319635696,48,0.04542011571191531,50,0.05247128339744082,51
2020-05-08,0.03223280280317855,46,0.04647251895711639,51,0.050721708607725534,50
2020-05-11,0.04010002766434658,49,0.0419035808194518,50,0.04943254733612797,50
2020-05-12,0.042256195121333266,50,0.04262686521320508,50,0.05001035090337478,50
2020-05-13,0.04476414409688522,50,0.034396993701859106,47,0.05044337259175166,50
2020-05-14,0.04383927630641106,50,0.03827300852831787,49,0.04968213347474941,50
2020-05-15,0.035496663772640456,47,0.03421655896980645,47,0.04808613473227234,50
2020-05-18,0.05520196017348569,52,0.045953652106035706,50,0.04447971311705406,50
2020-05-19,0.0528593948675945,52,0.04603804803674369,50,0.04432311714791718,50
2020-05-20,0.04413237864068197,50,0.04558970254586292,50,0.04257454219226236,49
2020-05-21,0.04573637145177438,50,0.04431869720096649,50,0.042624544254929335,49
2020-05-22,0.04790889450070361,51,0.04284531016067028,50,0.04293880037108279,49
2020-05-26,0.0490707652093001,51,0.04927014180251396,51,0.047153337344283376,50
2020-05-27,0.05240049403193534,51,0.05112135511796915,51,0.04752558993041791,50
2020-05-28,0.06749002640302115,53,0.05385696831156222,51,0.049600581944272415,50
2020-05-29,0.06935812591118055,53,0.0553869996582608,51,0.04787767989977823,50
2020-06-01,0.0667466429767757,53,0.055257619965009074,51,0.0477947839752613,50
2020-06-02,0.05582992268464198,52,0.04955374971010648,51,0.0457249129651277,50
2020-06-03,0.04551055215843256,50,0.04874842801426693,51,0.04651421938189039,50
2020-06-04,0.029673473384761832,44,0.04932859472877268,51,0.04636716349427167,50
2020-06-05,0.012136356280047642,19,0.04914238310057331,51,0.04664733814925963,50
2020-06-08,0.010946888940955213,16,0.046170569015607364,51,0.046674969968753394,50
2020-06-09,0.03464914945321666,47,0.04509976641210009,50,0.04737776818701326,50
2020-06-10,0.052082085664679555,51,0.04619854474157427,51,0.048268682804831375,50
2020-06-11,0.07787812321862618,53,0.06160628120356996,52,0.05695930771598073,52
2020-06-12,0.08411948796845828,53,0.0655943264203308,52,0.05784564324042595,52
2020-06-15,0.08005155190616013,53,0.0651856248585806,52,0.05762118289796905,52
2020-06-16,0.08347989096669682,53,0.06517385112481636,52,0.057589170040695054,52
2020-06-17,0.08002811537928506,53,0.06436952596593196,52,0.05553251022318406,51
2020-06-18,0.03940021914943779,49,0.0626677710867483,52,0.05496502187567752,51
2020-06-19,0.020267054275525366,35,0.05898125005326865,52,0.054935890583198956,51
2020-06-22,0.020575470972455136,35,0.05637357533072272,52,0.05505347650699064,51
2020-06-23,0.01674974238716132,29,0.05697029593847029,52,0.05468949475646744,51
2020-06-24,0.021552064455739643,36,0.05525340639069173,51,0.05234647240094971,51
2020-06-25,0.029767196831063495,44,0.0345875726653158,47,0.04960410501482454,50
2020-06-26,0.039521801229790876,49,0.03065271571883316,45,0.04957516896662911,50
2020-06-29,0.04109556227001583,49,0.03067665607859773,45,0.04924892639603996,50
2020-06-30,0.040957492304673465,49,0.029504283700639723,44,0.048905774533683735,50
2020-07-01,0.03704505705968041,48,0.028806478439872076,43,0.048686822405608406,50
2020-07-02,0.031033804001866696,45,0.02889247349867478,43,0.047419466751292216,50
2020-07-06,0.01602791903850233,28,0.03068272912321792,45,0.04681377311041047,50
2020-07-07,0.023911913095853755,39,0.031885186871704746,46,0.04513408474841354,50
2020-07-08,0.02318438055687157,39,0.03152256760994044,45,0.044052615272148654,50
2020-07-09,0.025841437690781257,41,0.03013159769119677,45,0.04404548241851716,50
2020-07-10,0.04034206963722118,49,0.0350468894270207,47,0.044976501375911936,50
2020-07-13,0.03927902958437197,49,0.028600601705371376,43,0.03343421918612881,47
2020-07-14,0.040977809306263636,49,0.03163011170815448,45,0.029872743237647704,44
2020-07-15,0.04366739082328844,50,0.033071607253862746,46,0.030683647113693112,44
2020-07-16,0.040675553910331466,49,0.032741767154060936,46,0.030011527438400784,44
2020-07-17,0.02725080973049106,42,0.03380269867902872,46,0.02991358373520394,44
2020-07-20,0.027463313390802963,43,0.03231820388376315,46,0.029906624063572952,44
2020-07-21,0.025339169383515527,41,0.03230148818205245,46,0.030811048501473818,44
2020-07-22,0.020266480741154922,35,0.03220339346391992,46,0.030604225151702545,44
2020-07-23,0.020149081677182927,35,0.030431603467244425,45,0.03041693154091139,44
2020-07-24,0.015569052372128682,27,0.022350906987314775,36,0.029072826567271025,43
2020-07-27,0.0164421408675074,29,0.022313179847070708,36,0.027944066433676303,42
2020-07-28,0.006490677394626134,5,0.017971595300665503,29,0.02459408055708068,39
2020-07-29,0.013413162993671816,22,0.01633270363757371,25,0.024943966978047023,39
2020-07-30,0.01996878297745877,34,0.01927759616801669,31,0.02577645790221888,40
2020-07-31,0.02074046951928892,35,0.01843548408420267,30,0.02584483318082087,40
2020-08-03,0.02161665705719912,37,0.018590471704561132,30,0.02588483722377935,40
2020-08-04,0.02155693094094347,36,0.015065993171177478,23,0.025094713974488616,39
2020-08-05,0.019516038911374645,33,0.016473326319846764,26,0.024424890273824888,38
2020-08-06,0.013218157720248806,22,0.01615418775903997,25,0.024324693678779253,38
2020-08-07,0.012724127025317361,21,0.017977032911474823,29,0.02394562774042648,38
2020-08-10,0.012964935587811624,21,0.01815347139083724,29,0.019545949585977416,30
2020-08-11,0.010187172864308673,14,0.018603997412754283,30,0.019757994322775013,31
2020-08-12,0.013606346696779245,23,0.01760867193803504,28,0.017571498352169188,26
2020-08-13,0.015014073241681454,26,0.013936548764376036,21,0.016264494864202284,23
2020-08-14,0.01199014607878628,18,0.0119755173428167,16,0.016150722424657614,22
2020-08-17,0.016515797990357347,29,0.016097416814486593,25,0.01652604323588237,23
2020-08-18,0.0116453483536629,18,0.017612092491147816,28,0.017221491974348087,25
2020-08-19,0.012737821976632032,21,0.01651587269948003,26,0.015648782384987996,21
2020-08-20,0.012644982423337699,20,0.01700597757678272,27,0.015899851330419774,22
2020-08-21,0.011169790980183409,17,0.01419738766083642,21,0.015751690616616937,22
2020-08-24,0.022025400304227335,37,0.018485354039679467,30,0.017750264028617728,27
2020-08-25,0.019363545949547752,33,0.017888048244448344,29,0.017859954751510736,27
2020-08-26,0.021507627069292573,36,0.018241636510714025,29,0.018197662343045963,28
2020-08-27,0.01999243254907919,34,0.01939565567046388,32,0.017770028369609683,27
2020-08-28,0.0183369610557999,32,0.019815415735319093,32,0.0164465322843533,23
2020-08-31,0.01785385473155558,31,0.018920061267174073,31,0.016778065867168845,24
2020-09-01,0.01681711711240822,29,0.017484153468254812,28,0.016714191321989046,24
2020-09-02,0.015990907948726,28,0.017898080753194184,29,0.016917352372337616,24
2020-09-03,0.014989238516499316,26,0.01738053775073091,28,0.016643690102950845,24
2020-09-04,0.01711215520301166,30,0.017681358018877023,28,0.017137418529854828,25
2020-09-08,0.01922428284018346,33,0.017492945470823293,28,0.017500229322875285,26
2020-09-09,0.019502396037920096,33,0.017221191409068762,27,0.017260848146242066,25
2020-09-10,0.018149231078291892,31,0.016686854049866504,26,0.01681135617291981,24
2020-09-11,0.018008244524064902,31,0.015630061237157752,24,0.016782945331646645,24
2020-09-14,0.025527860801466556,41,0.02257607057929599,36,0.02047633684584525,32
2020-09-15,0.0349580909578036,47,0.029688620114435862,44,0.024864890074691257,39
2020-09-16,0.04029049786756897,49,0.03204127753101037,46,0.025473134697605086,40
2020-09-17,0.040152953022754685,49,0.030843379964291588,45,0.025246126080903163,39
2020-09-18,0.038528524749371795,48,0.03081548100517373,45,0.02532933277965469,40
2020-09-21,0.03440790105813001,47,0.028565037594359254,43,0.025487482626373906,40
2020-09-22,0.019199621415493837,33,0.02831346706797628,43,0.025565528089849215,40
2020-09-23,0.008859827036479515,11,0.027531610236741846,42,0.024361873086325623,38
2020-09-24,0.015011782047704501,26,0.02878609893431297,43,0.02422729804746414,38
2020-09-25,0.01580753022424968,27,0.02845475323654185,43,0.024210016840943423,38
2020-09-28,0.024276626354508727,40,0.029197921893758236,44,0.025156849955817222,39
2020-09-29,0.025268983073003477,41,0.02121354168254723,34,0.02492400037232305,39
2020-09-30,0.019985112710983174,34,0.019610027139759015,32,0.025361750305059615,40
2020-10-01,0.019974380892452084,34,0.020013074305843478,33,0.025508219589834537,40
2020-10-02,0.019231281330643002,33,0.019869047836632153,32,0.025176087717107918,39
2020-10-05,0.018400474634767003,32,0.020947066166008402,34,0.02640745783738255,41
2020-10-06,0.01466590148451134,25,0.020664005526907205,34,0.025740991823386048,40
2020-10-07,0.014170936713052229,24,0.01636264865604467,25,0.02555526130195072,40
2020-10-08,0.014961275812234649,26,0.016637603484824414,26,0.025397707538403102,40
2020-10-09,0.01496741185590382,26,0.016280208823930522,25,0.02550194228409112,40
2020-10-12,0.01224434234609614,19,0.014815688691160282,22,0.026135906966195895,40
2020-10-13,0.026569326057607083,42,0.021248185168027883,34,0.02540634300698134,40
2020-10-14,0.02589557610132342,41,0.021392310838199455,35,0.020794594945212904,33
2020-10-15,0.02766308931847669,43,0.021700241662914566,35,0.020056873164321195,31
2020-10-16,0.02718404583347327,42,0.02186170572784254,35,0.02003709825841427,31
2020-10-19,0.022231844313099356,37,0.019266520525529955,31,0.01986487984609129,31
2020-10-20,0.013671664986261524,23,0.0199591842599273,33,0.019683277356744293,31
2020-10-21,0.012900698269473317,21,0.01973249224091037,32,0.019589295559223827,30
2020-10-22,0.015395613509129076,27,0.021369591695262737,35,0.018594421523488086,28
2020-10-23,0.014186611264287503,24,0.0212690112515737,35,0.018556029670375198,28
2020-10-26,0.016236756888043883,28,0.01996630768435455,33,0.018920364432173566,29
2020-10-27,0.019989917654613998,34,0.016542170195342605,26,0.018969355080901796,29
2020-10-28,0.020502142286873994,35,0.01678776306951217,26,0.018809546062363222,29
2020-10-29,0.017299104792968503,30,0.01671858068610708,26,0.01866563738807542,29
2020-10-30,0.016600646674408415,29,0.016629573868262564,26,0.018567384763728212,28
2020-11-02,0.021153296503609188,36,0.01810463353053357,29,0.019082130108888692,29
2020-11-03,0.019676400438136284,34,0.020386040014883446,33,0.01929772599912156,30
2020-11-04,0.025168454519322682,41,0.02279134767418083,36,0.020435640312775283,32
2020-11-05,0.026437581040190228,42,0.022990553169166,37,0.021057474278171923,33
2020-11-06,0.02677343804534431,42,0.02307036392386292,37,0.021107051923955362,33
2020-11-09,0.056412286285000036,52,0.043249670738407686,50,0.033215459148735256,46
2020-11-10,0.05734947016932914,52,0.04087941829670973,49,0.032966326881636164,46
2020-11-11,0.0492367461044179,51,0.039459312341484344,49,0.031262460844157076,45
2020-11-12,0.05331646971487968,52,0.040698047089916214,49,0.03121138295852321,45
2020-11-13,0.05129670710125276,51,0.0401286499341661,49,0.031167622079196693,45
2020-11-16,0.01987064928830467,34,0.040572128945945564,49,0.031623684060161146,45
2020-11-17,0.01916120553226948,33,0.04046714557154764,49,0.03145054347018965,45
2020-11-18,0.017510611971506013,31,0.036868912877746116,48,0.03142324861446582,45
2020-11-19,0.01291765839398347,21,0.03685277932732357,48,0.031209409138712726,45
2020-11-20,0.01711606976091983,30,0.03694258667363946,48,0.03134335195245824,45
2020-11-23,0.01583646588666798,27,0.016939727321654476,27,0.031700427748942404,45
2020-11-24,0.030268839012342296,45,0.02462672378789327,39,0.03376632773708583,47
2020-11-25,0.03131189374183288,45,0.025068322487299108,40,0.0322933316076242,46
2020-11-27,0.03407336049487923,47,0.024309418521533857,38,0.031810555207908646,45
2020-11-30,0.03850885886031233,48,0.028103509997496653,43,0.033235123503934386,46
2020-12-01,0.037107128556844074,48,0.026937325901742488,42,0.032970709922742834,46
2020-12-02,0.021604493337076817,37,0.027707534336024547,42,0.03316013646833548,46
2020-12-03,0.022224276542256022,37,0.028642182354668148,43,0.033404324742769505,47
2020-12-04,0.027335592505237014,43,0.02961083727534942,44,0.03198790500393877,46
2020-12-07,0.021800092062145792,37,0.029528473639780044,44,0.03238583404873581,46
2020-12-08,0.021993433222007988,37,0.028773406236525727,43,0.03205420861595348,46
2020-12-09,0.018801208105402603,32,0.019312648777445995,31,0.022419585560358384,36
2020-12-10,0.017696948169079192,31,0.02054429074503496,33,0.022547256812475935,36
2020-12-11,0.019654394123772935,34,0.022657983160808463,36,0.023684828085020655,37
2020-12-14,0.019157272217325712,33,0.01989882055007119,32,0.023306960040543015,37
2020-12-15,0.020135020500432532,34,0.020111569472015884,33,0.023341541668289858,37
2020-12-16,0.019917190857757554,34,0.018343571871028128,29,0.02264140978760021,36
2020-12-17,0.015425210085542752,27,0.0175357524343056,28,0.02265002381493523,36
2020-12-18,0.01181770856746945,18,0.015293738574882325,23,0.023287630119509902,37
2020-12-21,0.019615458234926397,34,0.01857363354687862,30,0.023986372557673056,38
2020-12-22,0.02587362431813444,41,0.022063917380807742,36,0.025289551989283933,40
2020-12-23,0.028590760700855634,44,0.023234299871120818,37,0.02501317174602794,39
2020-12-24,0.028747458856682093,44,0.02182555973508958,35,0.020322046314314838,32
2020-12-28,0.026838156783636286,42,0.01986669945115707,32,0.020352958067204056,32
2020-12-29,0.021211272135814228,36,0.019881871228836726,32,0.020283063913855055,32
2020-12-30,0.01247927470715558,20,0.01945601688813956,32,0.018968926482582558,29
2020-12-31,0.007773213333027062,9,0.019757454959329485,32,0.019048162828794866,29
2021-01-04,0.014753433038727842,26,0.02161552028801193,35,0.019139494938268737,29
2021-01-05,0.019019103257604933,33,0.022099842635175487,36,0.019530489858635366,30
2021-01-06,0.03062688724795527,45,0.026079874637326295,41,0.021716264178730658,35
2021-01-07,0.029578465564831104,44,0.022222430705915067,36,0.021525266286075713,34
2021-01-08,0.03197007009447355,46,0.02246990993606964,36,0.021809164919781555,35
2021-01-11,0.024570236898588678,40,0.022266660120951808,36,0.021915795784463097,35
2021-01-12,0.025338471280057243,41,0.0223493107588988,36,0.021416149218253206,34
2021-01-13,0.01003545845132574,14,0.022038391569420803,36,0.020234613811964258,32
2021-01-14,0.015923071373242025,28,0.022764741296125622,36,0.020871644981765212,33
2021-01-15,0.03898119241908667,48,0.0345319602454105,47,0.02670254383405787,41
2021-01-19,0.037467101992753285,48,0.03336353379177298,46,0.026832852135885644,41
2021-01-20,0.036968725838333494,48,0.032823307816644436,46,0.02692274720758018,41
2021-01-21,0.03648216587060121,48,0.02729329727217725,42,0.027138232130258257,41
2021-01-22,0.026539824417519748,42,0.026657119844182814,41,0.02606821355647608,40
2021-01-25,0.006036161989125702,5,0.026702833756484204,41,0.02517869929579108,39
2021-01-26,0.009996305395586939,14,0.025857226594073746,41,0.024585776259575105,39
2021-01-27,0.012106057631185505,19,0.025967273069865508,41,0.025186199561134884,39
2021-01-28,0.015909613558013243,28,0.027047270172219716,42,0.025355465681005118,40
2021-01-29,0.022218701553571737,37,0.023938415483850436,38,0.026721116814416194,41
2021-02-01,0.023633118174114467,39,0.016454738903725973,26,0.026802447769560842,41
2021-02-02,0.026179714979353876,42,0.018846904898062688,31,0.027019254658785807,41
2021-02-03,0.025918475715194334,41,0.021384094708776648,35,0.0270673214858319,41
2021-02-04,0.026567834934263113,42,0.02158396095260617,35,0.026878074954349008,41
2021-02-05,0.009731207387145523,13,0.02130775549835274,35,0.02355878612470617,37
2021-02-08,0.008699886553570865,11,0.02108439757344754,34,0.02373845041905238,37
2021-02-09,0.014110483712916302,24,0.021508280878732404,35,0.023713945492960915,37
2021-02-10,0.011807588719748437,18,0.019024204362155413,31,0.023467969930621176,37
2021-02-11,0.010518878884643422,15,0.019196161969112294,31,0.02345799200106093,37
2021-02-12,0.01069131293699677,16,0.011530673153894687,15,0.023516975207307233,37
2021-02-16,0.008216107552044386,10,0.011528768025576373,15,0.0223110619464446,35
2021-02-17,0.006677674260430563,6,0.010961231674697154,13,0.016543644817813875,23
2021-02-18,0.012636859081479596,20,0.012378707707833165,17,0.017028732029224454,25
2021-02-19,0.0198318868820327,34,0.01525696186025967,23,0.018678243666929245,29
2021-02-22,0.020588868546763197,35,0.015529595436174989,24,0.01792927621687244,27
2021-02-23,0.02137335404849883,36,0.015671333595842208,24,0.01803636238045615,27
2021-02-24,0.023163374214771208,39,0.016447708753241707,26,0.01831500386757262,28
2021-02-25,0.022350453575651068,37,0.018371658238443687,30,0.01901791514909009,29
2021-02-26,0.02210125122764777,37,0.020207225744672853,33,0.01885867903009809,29
2021-03-01,0.03262310960187877,46,0.025935459072368397,41,0.021757274347513168,35
2021-03-02,0.03363654663584599,47,0.026578115662450722,41,0.01945721215791383,30
2021-03-03,0.032730832632165655,46,0.026933790831283975,42,0.019657683589729108,30
2021-03-04,0.03134493502015974,45,0.025793358836264754,41,0.019842595273054143,31
2021-03-05,0.02674344374944047,42,0.024071180762233454,38,0.019422087110363657,30
2021-03-08,0.016918778685527776,29,0.024624198830106952,39,0.019737147696077043,31
2021-03-09,0.019125289815613615,33,0.02579878439163659,41,0.02041815517881543,32
2021-03-10,0.023683212421388315,39,0.027018680414491805,42,0.021521801551911975,34
2021-03-11,0.02330040559991267,39,0.02607485246872006,41,0.021442360167881487,34
2021-03-12,0.024075216169576592,40,0.02399281079958445,38,0.021805418979024403,35
2021-03-15,0.024935478624963106,40,0.020116064573076995,33,0.02205493740953592,35
2021-03-16,0.023864530523438565,39,0.020390997377057248,33,0.0224794244323286,36
2021-03-17,0.015860269418299953,27,0.019709429663522272,32,0.02249041362994095,36
2021-03-18,0.015571414775137363,27,0.019213713535094892,31,0.022491075289409624,36
2021-03-19,0.00849280609411761,10,0.0199521349892615,32,0.022066125910332753,35
2021-03-22,0.008846260862553537,11,0.018713265076192278,30,0.021459242191108608,34
2021-03-23,0.009339325750033912,12,0.018484008373785613,30,0.021791802246638653,35
2021-03-24,0.007419834730282987,8,0.012686154187211732,18,0.021778915238574358,35
2021-03-25,0.0163409080648591,29,0.015524429549231649,24,0.02153973787460291,34
2021-03-26,0.018926181368078644,33,0.014184352793623914,21,0.021308532431004983,34
2021-03-29,0.02006855838553309,34,0.014879368154876746,23,0.02113105662208046,33
2021-03-30,0.020007123971020252,34,0.016133335223081163,25,0.01796590794304805,27
2021-03-31,0.018392252501205856,32,0.016082707716108924,25,0.01781809161360236,27
2021-04-01,0.016161853859549522,28,0.01615870699205188,25,0.01731848447177718,25
2021-04-05,0.014351630453642359,24,0.01584085222170259,25,0.01724840005472708,25
2021-04-06,0.01000132993325341,14,0.01507998011629104,23,0.017246928531744882,25
2021-04-07,0.004139663144775222,1,0.01405915782731101,21,0.016134015480278784,22
2021-04-08,0.0044967560725218065,2,0.013446108337956546,20,0.015689508377751606,21
2021-04-09,0.0031953981321580643,0,0.011430188861422394,15,0.013079669590380122,17
2021-04-12,0.0033776879386421643,0,0.009832665595826193,10,0.013058729652431947,16
2021-04-13,0.0051394291175437595,3,0.007839895482974056,6,0.011741661173809514,14
2021-04-14,0.007941155722513181,9,0.006013385395748223,2,0.011833273898489005,14
2021-04-15,0.007962791711129099,9,0.006166248037931952,2,0.011599601071353728,13
2021-04-16,0.007990441677118302,9,0.0058410022815124935,2,0.011561564422584457,13
2021-04-19,0.007897677855310568,9,0.005771136670761374,2,0.011551898141201269,13
2021-04-20,0.01613591125320448,28,0.011569043957605918,15,0.013283490456866498,17
2021-04-21,0.0162844886150557,28,0.01259887507655105,18,0.013323244013702407,17
2021-04-22,0.01645418840200747,29,0.01291929252240859,18,0.013195735693111096,17
2021-04-23,0.021401567256664852,36,0.015305974721981004,23,0.013857949138288802,18
2021-04-26,0.02226339036268752,37,0.015780757992083283,24,0.01311767487310613,17
2021-04-27,0.012642391420915158,20,0.015879914025673954,25,0.012719918186570896,16
2021-04-28,0.013191747596891928,22,0.015459690413284622,24,0.011894438529363852,14
2021-04-29,0.008383763485330929,10,0.015819518698356082,25,0.011469240002258059,13
2021-04-30,0.02034193805154296,35,0.01973069883028331,32,0.013880989334340435,18
2021-05-03,0.01974686966622321,34,0.01985715767412999,32,0.013911491148272165,18
2021-05-04,0.019417827395590736,33,0.016450183884819138,26,0.014020125716178103,18
2021-05-05,0.021544521854839523,36,0.016973909378745426,27,0.014624326355099986,20
2021-05-06,0.021769875335642105,37,0.016197869557518174,25,0.014926971333281127,20
2021-05-07,0.00613339913043995,5,0.015264190320817958,23,0.014862524317945186,20
2021-05-10,0.007512459546233332,8,0.015149923316016951,23,0.014864306038199469,20
2021-05-11,0.009498305692778911,12,0.015110785317488544,23,0.014901793981779937,20
2021-05-12,0.008688838452721798,11,0.015494948960277186,24,0.014897757710861595,20
2021-05-13,0.008600062314355656,10,0.015620552063288391,24,0.014992986572474113,20
2021-05-14,0.011129817315107203,16,0.009160095685510102,9,0.015263888015645481,21
2021-05-17,0.011348820750467092,17,0.009239476666795844,9,0.015346020135280919,21
2021-05-18,0.013076988537936592,21,0.010840766920323786,13,0.015547333292606262,21
2021-05-19,0.011686015081534348,18,0.010000569505674349,11,0.013342715671928743,17
2021-05-20,0.011216707305402598,17,0.009439536407006772,9,0.013319472691812028,17
2021-05-21,0.011929754507954684,18,0.010891618019574395,13,0.013219382487794298,17
2021-05-24,0.011131289986569705,16,0.010854633884936363,13,0.012609968770679856,16
2021-05-25,0.01094062193406259,16,0.011471520567368002,15,0.012849197046502137,16
2021-05-26,0.010727875362627435,16,0.010708359540048751,13,0.01273008757646717,16
2021-05-27,0.011409056035478274,17,0.010896409243000948,13,0.01300201085238274,16
2021-05-28,0.009279597495496344,12,0.010076196774080158,11,0.012866594577180883,16
2021-06-01,0.01046105515582467,15,0.010291432661363663,11,0.009574384328248798,8
2021-06-02,0.007530717621743998,8,0.009215837563332493,9,0.009612943762808242,9
2021-06-03,0.008623896617477854,10,0.009278941817018832,9,0.009733617305614941,9
2021-06-04,0.006594380716511307,6,0.00914482184677616,9,0.009236847601469991,7
2021-06-07,0.006786248083254293,6,0.007690727538298199,5,0.008971079564682558,6
2021-06-08,0.0017232759587729426,0,0.0077755469359761685,6,0.009052465437338616,7
2021-06-09,0.004246518345348462,1,0.008156338144348827,6,0.009579648888196726,8
2021-06-10,0.006548466852445785,6,0.009729352494364709,10,0.010295314288920035,10
2021-06-11,0.006011569425923083,5,0.007789166208131192,6,0.010164293821572627,10
2021-06-14,0.006366721929031051,5,0.00893971360519063,8,0.010501694679832235,11
2021-06-15,0.005203119712143528,3,0.007281909194315645,4,0.010439441926700713,10
2021-06-16,0.009482771435536922,12,0.009869597352787716,10,0.011919092200417104,14
2021-06-17,0.012486778391784078,20,0.012212614030730339,17,0.013840467889658816,18
2021-06-18,0.009138948461039045,12,0.011407093469223315,15,0.01411390350510911,19
2021-06-21,0.019092384909608295,33,0.014018700969950379,21,0.014657317536961624,20
2021-06-22,0.022345571647103595,37,0.01529657845570133,23,0.013907174602372752,18
2021-06-23,0.02145765121721775,36,0.01702148034269654,27,0.014141749212220289,19
2021-06-24,0.015487430370124794,27,0.020194984890120955,33,0.015466994667704851,21
2021-06-25,0.007803881873305301,9,0.020467410463623967,33,0.015469641161846216,21
2021-06-28,0.009384672536277151,12,0.02016664800759703,33,0.014824438837279066,20
2021-06-29,0.018139470869099228,31,0.020862044035318706,34,0.015486097760955175,21
2021-06-30,0.018857760882034443,32,0.01953006029847799,32,0.015615535338164942,21
2021-07-01,0.01509866781017813,26,0.015011587810996669,23,0.01567728867461362,21
2021-07-02,0.015226869411125186,26,0.01373904413823603,20,0.01567857951465384,21
2021-07-06,0.01951904454692321,33,0.017296927871467187,28,0.016598994051671243,23
2021-07-07,0.017256421705928282,30,0.017112879843804267,27,0.01657686942232222,23
2021-07-08,0.013436428559753915,22,0.01730494618243404,28,0.016697326320632744,24
2021-07-09,0.021131824850559797,36,0.017635794882416716,28,0.018204523990242135,28
2021-07-12,0.023163032559422536,39,0.01848216472934081,30,0.018588168068014034,28
2021-07-13,0.018960716857210784,33,0.018871493956951695,31,0.018735443397783453,29
2021-07-14,0.018894572388646256,32,0.017331103385329682,28,0.018532435429563277,28
2021-07-15,0.015820089556872717,27,0.016416560668512402,25,0.01835940935001216,28
2021-07-16,0.01486930608196038,26,0.017282751969513885,28,0.017736774424390683,27
2021-07-19,0.013177470897041476,22,0.018570716513137304,30,0.016969007209142944,24
2021-07-20,0.018993930443143934,33,0.018229700847788414,29,0.01717265739878027,25
2021-07-21,0.02343162217926109,39,0.02008161732541582,33,0.01780218330012313,27
2021-07-22,0.023930416782405338,40,0.019763121765344772,32,0.017958625920728707,27
2021-07-23,0.02167014031431287,37,0.017653481643340463,28,0.01777471745460323,27
2021-07-26,0.016218401493935625,28,0.017810239374500703,29,0.017266346988065704,25
2021-07-27,0.015193234364677375,26,0.017248068309505475,27,0.017264355101145896,25
2021-07-28,0.01088285344129281,16,0.017236678592269003,27,0.01728346005484463,25
2021-07-29,0.00756810381657009,8,0.017516237814725527,28,0.016618549400640732,24
2021-07-30,0.01259383905372817,20,0.016791955799407968,26,0.016591555291873117,23
2021-08-02,0.01028489712925618,15,0.013532087309367882,20,0.01656239261399378,23
2021-08-03,0.012897377251558885,21,0.013348228202268438,19,0.017000156867447137,24
2021-08-04,0.013393620021716368,22,0.011509980121078055,15,0.015566199931717789,21
2021-08-05,0.0147839643109528,26,0.01118068505391781,14,0.01594592093277876,22
2021-08-06,0.011144413612128071,16,0.011848571632151849,16,0.015808620416768126,22
2021-08-09,0.010431028667788684,15,0.01137533936110275,15,0.014962369067968773,20
2021-08-10,0.011020309356406875,16,0.01225969277546707,17,0.015259662367183952,21
2021-08-11,0.0057519401150659035,4,0.012540518808820804,17,0.015045229955090385,20
2021-08-12,0.010048535021902037,14,0.01299607217258082,18,0.015031037676025994,20
2021-08-13,0.014254887307455243,24,0.012273285522272706,17,0.015528450747301113,21
2021-08-16,0.01669099009225783,29,0.014000657993797141,21,0.014898873551182773,20
2021-08-17,0.01312367944055196,22,0.01400390746085744,21,0.013365169904247146,17
2021-08-18,0.005000010169456782,2,0.014142626450483213,21,0.01319576533576045,17
2021-08-19,0.0048981833634314225,2,0.014822980843143437,22,0.013093957538115588,17
2021-08-20,0.009068689308131067,12,0.01337144949943921,20,0.012623802569330775,16
2021-08-23,0.010942559504231208,16,0.013569960728913843,20,0.01263522293759117,16
2021-08-24,0.013652237642630217,23,0.012889506105686434,18,0.012652420950640864,16
2021-08-25,0.01402151966535169,24,0.012527698112571825,17,0.012958930280522382,16
2021-08-26,0.010732440417043982,16,0.012826801134187748,18,0.01329759040962835,17
2021-08-27,0.01069934627953502,16,0.012466305840605213,17,0.013233019198427518,17
2021-08-30,0.015607271560343257,27,0.013048018386912478,19,0.013294317939824708,17
2021-08-31,0.013676393989047669,23,0.012908091933907524,18,0.013291655255565455,17
2021-09-01,0.010448945614527121,15,0.013002435583619753,18,0.013101605704201758,17
2021-09-02,0.010485076703513705,15,0.011293461860861873,14,0.013004796064466842,16
2021-09-03,0.008817325544139684,11,0.011422446568351,15,0.012612193337033823,16
2021-09-07,0.005129999703065387,3,0.011224647763023779,14,0.011911242898081544,14
2021-09-08,0.005146461593652719,3,0.010086295716960774,11,0.012043588226990762,14
2021-09-09,0.006737835111735154,6,0.008413751721066773,7,0.01114357657558753,12
2021-09-10,0.00732342140238956,8,0.008659581222993262,7,0.01042105798727072,10
2021-09-13,0.011309108592765094,17,0.00970995516989599,10,0.011043477912745937,12
2021-09-14,0.015392521491615076,27,0.010960643452062808,13,0.011837238225885529,14
2021-09-15,0.019821230055341046,34,0.01408467927170004,21,0.012938446193736994,16
2021-09-16,0.01986530253793419,34,0.013999488674269396,21,0.012932700981233102,16
2021-09-17,0.01882804933632207,32,0.01392293631930603,21,0.0128601412590464,16
2021-09-20,0.023839816808659323,39,0.01800582453567511,29,0.014802213795744494,20
2021-09-21,0.022187892393130987,37,0.01800498173264607,29,0.014719158904298865,20
2021-09-22,0.020624404274776464,35,0.019476162111615163,32,0.015276385325744626,21
2021-09-23,0.028758895977922413,44,0.0233963580778419,37,0.017252918793915904,25
2021-09-24,0.028696904309472273,44,0.022920330866008462,37,0.0168815463836488,24
2021-09-27,0.01665129094073564,29,0.0230070526915058,37,0.017112972900174578,25
2021-09-28,0.01886502619545336,32,0.021667544894437365,35,0.017223660799626395,25
2021-09-29,0.018976302814109273,33,0.02045268555056102,33,0.016776583675984204,24
2021-09-30,0.01362753117137919,23,0.021362845181457337,35,0.01725160709957107,25
2021-10-01,0.01537959764300376,27,0.021792924854619394,35,0.01747489640617161,26
2021-10-04,0.013074250963180363,21,0.016735543383660997,26,0.017468257517467143,26
2021-10-05,0.014268535251646265,24,0.016581443600007545,26,0.017833598999741407,27
2021-10-06,0.01443697255157823,25,0.01632361477931826,25,0.017792055632385374,27
2021-10-07,0.009459818038302276,12,0.011763798894315308,16,0.01760390825441326,26
2021-10-08,0.008185712747777055,10,0.011736537197777187,16,0.01757588407395737,26
2021-10-11,0.009989974476689836,14,0.011147128903278083,14,0.017456240017226097,26
2021-10-12,0.0066294588396598976,6,0.011418154889569007,15,0.017562818926736327,26
2021-10-13,0.006302777549913606,5,0.011434372762953539,15,0.016677339327906375,24
2021-10-14,0.008875526349411793,11,0.0100054776554796,11,0.015901494869547134,22
2021-10-15,0.014380024404403367,24,0.0111736813822803,14,0.016437552519647666,23
2021-10-18,0.014403449790521676,24,0.011704253203737223,16,0.016609759855506133,23
2021-10-19,0.011961663096879486,18,0.010148503265236707,11,0.013964485813722333,18
2021-10-20,0.011140942707234728,16,0.010162987809651393,11,0.013840891022753867,18
2021-10-21,0.0147179737020681,25,0.011575052126329016,15,0.014105019969292722,19
2021-10-22,0.011658555686958715,18,0.012407307810880073,17,0.01158727111920414,13
2021-10-25,0.011412604331575336,17,0.012297507644907007,17,0.011677439964516964,14
2021-10-26,0.011168705310953585,17,0.011399777329195108,15,0.011141224318685718,12
2021-10-27,0.010959437156134044,16,0.011371024879375961,15,0.010877786956652914,12
2021-10-28,0.008595843463894803,10,0.011402862277016576,15,0.011030138035670732,12
2021-10-29,0.011707467445427848,18,0.011187273355107448,14,0.011533623202904261,13
2021-11-01,0.012929514323517004,21,0.011516576278387997,15,0.01115151334014479,12
2021-11-02,0.013808445345101358,23,0.011927150476579891,16,0.011512612219314258,13
2021-11-03,0.014783699465582145,26,0.01227174175786709,17,0.010805180153853117,11
2021-11-04,0.016594555855469293,29,0.014011215297856722,21,0.012267146319913408,15
2021-11-05,0.01525631006714129,26,0.012820488496535982,18,0.012290449214673952,15
2021-11-08,0.01941889703453006,33,0.015553353102942409,24,0.013433617368666844,17
2021-11-09,0.01857948060687526,32,0.015586731728028106,24,0.013381495704998844,17
2021-11-10,0.018353264402256566,32,0.015731196351236106,24,0.01313853950530597,17
2021-11-11,0.010831613198161739,16,0.0158606445371882,25,0.013330386652467574,17
2021-11-12,0.010424180860459186,15,0.014019592861766274,21,0.013240185875762709,17
2021-11-15,0.0070731665965029005,7,0.013943931325515725,21,0.012265933922864443,15
2021-11-16,0.009590241577278273,13,0.013947992561105788,21,0.012464085174219729,15
2021-11-17,0.010647854012476626,16,0.014177688027744797,21,0.012621452350559509,16
2021-11-18,0.008976555970605498,11,0.010943211799035638,13,0.012688801792558005,16
2021-11-19,0.007517473422889674,8,0.011554300036213265,15,0.012368260461031767,15
2021-11-22,0.011403497113442473,17,0.009455496234249376,9,0.012273196275585995,15
2021-11-23,0.012858738489307893,21,0.01073329338115832,13,0.01284438546500239,16
2021-11-24,0.012447970312588236,20,0.011274644872810166,14,0.013021209574067398,16
2021-11-26,0.017335624001335127,30,0.013016336710887595,18,0.014050624805415309,19
2021-11-29,0.01701367542750059,30,0.012618671651347587,18,0.013823930391679241,18
2021-11-30,0.016108910565978622,28,0.013431760317385199,20,0.013576206139169348,18
2021-12-01,0.007636216656475483,8,0.013719256226402392,20,0.013722237980633689,18
2021-12-02,0.0187242541793273,32,0.016216426884148503,25,0.014619655609845279,20
2021-12-03,0.017037658316764105,30,0.01631938076565986,25,0.014729209258652903,20
2021-12-06,0.017161635838832272,30,0.01624252484453752,25,0.013610158676883281,18
2021-12-07,0.016294025942062734,28,0.015797808285715444,24,0.013747144603934397,18
2021-12-08,0.014115095907061188,24,0.013864066063846124,20,0.012543662966326405,15
2021-12-09,0.008046322960875043,9,0.013853095154012054,20,0.012532941507182153,15
2021-12-10,0.010489810652123547,15,0.013373035840953545,20,0.013052388228950407,16
2021-12-13,0.010397155857057803,15,0.013377378703019058,20,0.012595879758292294,16
2021-12-14,0.010920846245561545,16,0.013321843276261743,19,0.0127606722409284,16
2021-12-15,0.010924569805376462,16,0.012466057778582769,17,0.012760998407189247,16
2021-12-16,0.014494238074514715,25,0.01109627620491044,14,0.013318076235027124,17
2021-12-17,0.015196844399400486,26,0.012397562862777326,17,0.013929092411891476,18
2021-12-20,0.01710422117482189,30,0.013361255171298034,19,0.014163927702338458,19
2021-12-21,0.019898615523633083,34,0.015226678815945166,23,0.015155262313638831,20
2021-12-22,0.020098990363341583,34,0.015494291123454908,24,0.014871473839025812,20
2021-12-23,0.019457058915095093,33,0.016179123530391467,25,0.014550679666236542,20
2021-12-27,0.015033896127734356,26,0.014800979899908166,22,0.014752400433790613,20
2021-12-28,0.007319582387303116,8,0.014487031010632014,22,0.013912839356072732,18
2021-12-29,0.004958301355114372,2,0.014294189000386323,21,0.01389808632399609,18
2021-12-30,0.005584332805381075,4,0.014130795228066529,21,0.01332244646509333,17
2021-12-31,0.003785223552515839,1,0.01332736467858887,19,0.012803035222054329,16
2022-01-03,0.02055549867780233,35,0.017130016599920344,27,0.015675716603305155,21
2022-01-04,0.020015258383445263,34,0.014240934960566822,21,0.01532373740510088,21
2022-01-05,0.02188834975171054,37,0.015096673123033444,23,0.01553341850199845,21
2022-01-06,0.023531761088433113,39,0.01728922605823067,28,0.017043585963195038,25
2022-01-07,0.02204116868583404,37,0.017349344004784023,28,0.017108225136169074,25
2022-01-10,0.01611604835778936,28,0.017423090536144548,28,0.017017189585256966,25
2022-01-11,0.016377790302128402,29,0.017252379405706675,27,0.016150969087600525,22
2022-01-12,0.012183234599211204,19,0.017003942204603845,27,0.015859854882466565,22
2022-01-13,0.0060079224781899344,5,0.016488822549496268,26,0.015858451033043484,22
2022-01-14,0.010476919891781218,15,0.01784737876071661,29,0.016134552557341263,22
2022-01-18,0.016257195754027218,28,0.01638894688808404,25,0.017223941628884822,25
2022-01-19,0.013256362580892026,22,0.017427767279871113,28,0.016593063328415345,23
2022-01-20,0.013448687650578668,22,0.01684046789680231,27,0.015583764939935893,21
2022-01-21,0.010454205752526431,15,0.014255481852566093,21,0.01603595872697545,22
2022-01-24,0.010663643027644778,16,0.013206956910961206,19,0.01625239895604671,23
2022-01-25,0.016879115698069082,29,0.015641866894695534,24,0.016754588014329483,24
2022-01-26,0.01600681572820904,28,0.014884472237147992,23,0.016798088795170543,24
2022-01-27,0.01665509902699122,29,0.014822947972501431,22,0.01700373446538481,24
2022-01-28,0.01361051789934314,23,0.014915275160302352,23,0.01701753175901258,25
2022-01-31,0.011328831226044306,17,0.015007741921226411,23,0.016990520425336688,24
2022-02-01,0.011206650574580496,17,0.014727337169479304,22,0.017419505389960045,26
2022-02-02,0.012340004364232311,19,0.013560899306599369,20,0.014896958692494064,20
2022-02-03,0.013976261564890787,23,0.014676548642744355,22,0.015291903566312553,21
2022-02-04,0.014454866475009012,25,0.013236468945703376,19,0.015176056017686465,20
2022-02-07,0.014398955997096834,24,0.012376631468460648,17,0.01351618969203775,18
2022-02-08,0.011522982630676522,17,0.011150427796147057,14,0.013434156488129978,17
2022-02-09,0.011381164157711345,17,0.011192346602935888,14,0.013589280718985823,18
2022-02-10,0.00735512806395479,8,0.010669891126473794,13,0.013206158799722886,17
2022-02-11,0.008117488625683006,9,0.011067337317604453,14,0.013249959186116706,17
2022-02-14,0.010040429277892114,14,0.01184882459332414,16,0.013316072372524771,17
2022-02-15,0.009194475814207207,12,0.00988725532450728,10,0.013171884934727993,17
2022-02-16,0.006889802140070364,7,0.009707385114887574,10,0.011926080677801362,14
2022-02-17,0.015599400214700479,27,0.013983846829599848,21,0.013655972269235985,18
2022-02-18,0.015501924072195387,27,0.013339998111861033,19,0.013782459439862433,18
2022-02-22,0.015635898798946408,27,0.013102712305142131,19,0.013167503153781656,17
2022-02-23,0.012882653367585357,21,0.01207895525758617,16,0.013224951126930597,17
2022-02-24,0.016339029576587002,29,0.014763054573696649,22,0.014985328530635493,20
2022-02-25,0.022046486208712492,37,0.018004848395811134,29,0.01566801958019328,21
2022-02-28,0.02732123672577362,43,0.021217357353553738,34,0.018160515864325287,28
2022-03-01,0.026756741605062178,42,0.021212495533546136,34,0.01800652348193976,27
2022-03-02,0.03079998101213869,45,0.022257099932474766,36,0.01843918991710711,28
2022-03-03,0.0291317435812089,44,0.02282066892174189,37,0.018417030945232424,28
2022-03-04,0.02320228269371796,39,0.021908148585983063,35,0.018571683552834804,28
2022-03-07,0.018120300195984148,31,0.021908848419382242,35,0.018663158406210762,29
2022-03-08,0.01809581017125429,31,0.021636132258871447,35,0.018108198051248872,28
2022-03-09,0.019377153544474262,33,0.024262612866709297,38,0.018952048615512578,29
2022-03-10,0.016588483477633163,29,0.02234979867962321,36,0.018559825817174944,28
2022-03-11,0.016124240699352147,28,0.019447673613638944,32,0.01798911353340298,27
2022-03-14,0.015542292959464916,27,0.01645254881956959,26,0.018137466694872317,28
2022-03-15,0.017214440617827353,30,0.018189708951118655,29,0.01901478022578055,29
2022-03-16,0.02056952376488877,35,0.020527074882132675,33,0.020903161287002224,33
2022-03-17,0.0163563636269731,29,0.018289096440549827,29,0.020921875947315614,33
2022-03-18,0.012362865408653334,19,0.01723119039992793,27,0.020953252733822904,33
2022-03-21,0.01430514200146112,24,0.0160792024286165,25,0.020066743134687617,31
2022-03-22,0.013881438917481776,23,0.015278700705270692,23,0.02031448542809477,32
2022-03-23,0.012131735041663576,19,0.016113493151842465,25,0.020573343989666638,32
2022-03-24,0.01098101427991942,16,0.01451957052595318,22,0.020597776592558743,32
2022-03-25,0.011585970568669347,18,0.013393187651203438,20,0.01906349504542316,29
2022-03-28,0.0128262753344119,21,0.014705263819879114,22,0.018346840813420622,28
2022-03-29,0.013006059848502517,21,0.014205089171146794,21,0.016175135232373135,23
2022-03-30,0.015224377244380678,26,0.013095563281284469,19,0.016944175292679872,24
2022-03-31,0.0178493433936557,31,0.014564339233690222,22,0.017212714719271435,25
2022-04-01,0.015455675307921765,27,0.014808463556684965,22,0.016408940190263944,23
2022-04-04,0.01913948876253685,33,0.015871779213733412,25,0.016356507151049877,23
2022-04-05,0.015353965515638442,27,0.015391289909884129,24,0.016606971408085102,23
2022-04-06,0.014711681097055675,25,0.015415636868927185,24,0.016914739340164818,24
2022-04-07,0.013214916025459348,22,0.014846005945241705,22,0.01607392110144462,22
2022-04-08,0.017787034107726175,31,0.016651686705384548,26,0.016436173727769107,23
2022-04-11,0.01588731642804512,28,0.016643672276493816,26,0.016304632571165375,23
2022-04-12,0.013656726193874848,23,0.015335160062105056,24,0.016273681536341556,23
2022-04-13,0.010599775335211475,15,0.014487976760957273,22,0.015639762651054764,21
2022-04-14,0.01160172729198037,18,0.014599328628605053,22,0.014231588510169481,19
2022-04-18,0.014918351817101045,26,0.016549985951204552,26,0.015623836498071203,21
2022-04-19,0.013354134004516946,22,0.016730755563027246,26,0.01597006669909158,22
2022-04-20,0.011790317895947635,18,0.014560123431110163,22,0.016029779619455467,22
2022-04-21,0.013458493111212725,22,0.012864984008704429,18,0.015815529954699512,22
2022-04-22,0.0203635637369695,35,0.015670728394237048,24,0.016208341865092436,23
2022-04-25,0.014469651865882654,25,0.014845530552919473,22,0.016167680031626164,23
2022-04-26,0.0120265482730427,18,0.01581849951009043,25,0.016229371858250023,23
2022-04-27,0.009278246579409798,12,0.01624902661215222,25,0.01618293516981581,23
2022-04-28,0.013653394017516163,23,0.016506137110917397,26,0.016120466798092502,22
2022-04-29,0.01685602660717203,29,0.01896694193190589,31,0.016864675949294482,24
2022-05-02,0.019395401451246127,33,0.01634849603189708,25,0.016404926522981908,23
2022-05-03,0.024798784612756263,40,0.019122410943892547,31,0.017456684473115658,26
2022-05-04,0.029722292836259677,44,0.02437721240314055,39,0.019871087501841047,31
2022-05-05,0.03239004884635655,46,0.024828784332420015,39,0.019590507359102362,30
2022-05-06,0.0229149144913784,38,0.02337651432818095,37,0.019063391316863923,29
2022-05-09,0.031452251868890876,45,0.0258226256770901,41,0.020399949332521896,32
2022-05-10,0.030291779068194503,45,0.026221748423371386,41,0.020598792606888263,32
2022-05-11,0.014674375824537423,25,0.026809266144006673,42,0.021064055098006254,33
2022-05-12,0.014835651850508058,26,0.02707852457381431,42,0.021534032774707272,34
2022-05-13,0.022249525058097172,37,0.026424947535785004,41,0.02230660127450784,35
2022-05-16,0.0201828194192026,35,0.026133009178118134,41,0.021932848493521912,35
2022-05-17,0.04127439177301638,49,0.03503619915075521,47,0.027202839044575145,41
2022-05-18,0.04377514247792536,50,0.0336233111651114,46,0.027963688178427842,42
2022-05-19,0.040359421109892935,49,0.03359922894895588,46,0.028061058016066495,42
2022-05-20,0.040421770094639466,49,0.03347644014779571,46,0.02802837638649226,42
2022-05-23,0.04519461294659643,50,0.03706049271924257,48,0.03060162909441587,44
2022-05-24,0.03425876917413341,47,0.035798631755238584,47,0.03060014560968089,44
2022-05-25,0.026682161039207605,42,0.03432340345773716,47,0.030278180653334492,44
2022-05-26,0.027082662824346997,42,0.03243948585863624,46,0.030487798949326437,44
2022-05-27,0.028597964292669042,44,0.033164990581696696,46,0.030607783271327394,44
2022-05-31,0.013771353542931216,23,0.03317249344132337,46,0.029283828988988708,43
2022-06-01,0.016929881120868663,29,0.02580167661212806,41,0.02973081965918499,44
2022-06-02,0.01693851038294906,30,0.02241883129815683,36,0.02919234403373116,43
2022-06-03,0.009449563283210437,12,0.02396733753360277,38,0.02811597301963672,42
2022-06-06,0.01086395047574536,16,0.023939601120713208,38,0.027840650845430023,42
2022-06-07,0.014785072243902157,26,0.014016826578655049,21,0.02796563563787153,42
2022-06-08,0.013557237140274018,23,0.014529606800849014,22,0.027056909907098223,41
2022-06-09,0.016888754227336746,29,0.016569039655074218,26,0.02731388052826705,41
2022-06-10,0.02329364425041702,39,0.016884853069412394,27,0.028732701958117966,43
2022-06-13,0.024131164726148638,40,0.019261783585790487,31,0.02980804719386036,44
2022-06-14,0.02128127014031689,36,0.020159752201236253,33,0.029356766088360426,43
2022-06-15,0.03461347912675999,47,0.025474394823225614,40,0.03040874680152377,44
2022-06-16,0.03385159813982423,47,0.025261519742182312,40,0.025194480422058,39
2022-06-17,0.028422555698618703,43,0.02501425178520464,39,0.02426035068662854,38
2022-06-21,0.022437093763536583,38,0.0280135413621849,43,0.02522734117931737,39
2022-06-22,0.025337201492103834,41,0.027194282400546277,42,0.025419693017937624,40
2022-06-23,0.0204830065790478,35,0.027308767620862682,42,0.02112078923455506,33
2022-06-24,0.025309415635800574,41,0.029495531219655598,44,0.02272866597070418,36
2022-06-27,0.02462994853076615,40,0.025679315676010176,40,0.0227193365072195,36
2022-06-28,0.020982004930587512,36,0.02158136490667664,35,0.021655219034490976,35
2022-06-29,0.019742915189046684,34,0.021635748761360516,35,0.021663623876220495,35
2022-06-30,0.021101205065800703,36,0.01970070275032214,32,0.021994135828442656,35
2022-07-01,0.01591023553042289,28,0.020418874541911,33,0.02250743487502755,36
2022-07-05,0.01579575702589369,27,0.020329669845143953,33,0.022468086461258082,36
2022-07-06,0.015465707143131587,27,0.017394372475904432,28,0.022210868966115908,35
2022-07-07,0.01825939872898059,32,0.01792889844072948,29,0.022680889887252934,36
2022-07-08,0.013403877662364089,22,0.01687576004419641,27,0.02232283024641883,35
2022-07-11,0.01182581397899272,18,0.013231219172584553,19,0.022326870016914392,35
2022-07-12,0.011737017313956443,18,0.013216889357015536,19,0.02169320135635799,35
2022-07-13,0.01247020254252692,20,0.013273640024246598,19,0.019661166754337368,30
2022-07-14,0.011538950192639804,17,0.015631609017825975,24,0.018542199822018483,28
2022-07-15,0.06646861451971385,53,0.04558451365611033,50,0.03461180819812736,47
2022-07-18,0.06518496711043595,53,0.0454954316820785,50,0.033890079929068624,47
2022-07-19,0.06483003434557555,52,0.04639516134528669,51,0.03462497158175182,47
2022-07-20,0.06233313499037461,52,0.04582313319701558,50,0.034486802335944276,47
2022-07-21,0.05583524168006589,52,0.04593575371376059,50,0.03402353778281869,47
2022-07-22,0.020040758539673405,34,0.04643110126229741,51,0.033940398499891465,47
2022-07-25,0.019861008846828523,34,0.04570323475702474,50,0.033527805958449265,47
2022-07-26,0.010111590262069274,14,0.04635616131398839,51,0.03324655937636765,46
2022-07-27,0.013701666406896903,23,0.04550270517539832,50,0.033377773485453475,47
2022-07-28,0.013611637942906409,23,0.04325941948573187,50,0.033174321959995146,46
2022-07-29,0.01247266032785584,20,0.01625693078489922,25,0.03323164900511614,46
2022-08-01,0.012201490287143409,19,0.01628331827269555,25,0.03260269216731427,46
2022-08-02,0.014701956308666822,25,0.011896885790464317,16,0.03304540499492031,46
2022-08-03,0.014160944800892555,24,0.013199975614321872,19,0.03307537988310051,46
2022-08-04,0.0142655897162979,24,0.013203870592000452,19,0.03301112924049702,46
2022-08-05,0.014987543143952932,26,0.013006934871176361,18,0.03291358200766283,46
2022-08-08,0.015014872302356855,26,0.012904938613332216,18,0.03292988430187247,46
2022-08-09,0.010173018833824815,14,0.012594734651061196,18,0.03268440312040303,46
2022-08-10,0.011459901974072768,17,0.013012308294820344,18,0.032792488732396645,46
2022-08-11,0.009297300409302349,12,0.013586512678892975,20,0.0324743740876873,46
2022-08-12,0.009359048745746442,12,0.013172856601649602,19,0.03125955559662681,45
2022-08-15,0.010129045228855589,14,0.013532934368778943,20,0.014212258203336839,19
2022-08-16,0.010589149781557082,15,0.00989043783395024,10,0.014210666576139003,19
2022-08-17,0.009415685454023144,12,0.010102740226970759,11,0.011553759521843222,13
2022-08-18,0.006078055020637802,5,0.009793693306171728,10,0.011561384409931949,13
2022-08-19,0.007140120762732414,7,0.011881340124656508,16,0.012242163359306607,15
2022-08-22,0.01110720699767225,16,0.014756359266645919,22,0.013215210888280399,17
2022-08-23,0.009271556110434082,12,0.014162002287666137,21,0.013204668495621196,17
2022-08-24,0.011031496190443255,16,0.011719905620024286,16,0.01283959812722387,16
2022-08-25,0.01792023620406541,31,0.012776749984349483,18,0.013000376520585525,16
2022-08-26,0.024840066037002662,40,0.017370327766128867,28,0.016117858013258775,22
2022-08-29,0.023368082555670328,39,0.01734078406472452,28,0.01614800414650094,22
2022-08-30,0.023367785767738448,39,0.016962135211500664,27,0.016154664156619744,22
2022-08-31,0.022954349575360026,38,0.017005821172044796,27,0.015516053709898838,21
2022-09-01,0.017439889427519745,30,0.017123986116801732,27,0.014917075075277035,20
2022-09-02,0.004042390292204278,1,0.017172944210338204,27,0.014915075437041552,20
2022-09-06,0.005496140545456364,3,0.016059453434364348,25,0.01489887456951861,20
2022-09-07,0.007939679242880613,9,0.01669875187893509,26,0.015113636407292911,20
2022-09-08,0.014307100550939028,24,0.019303483966832156,31,0.016076058990789833,22
2022-09-09,0.014574370334490482,25,0.018691836406822454,30,0.01571241159200078,22
2022-09-12,0.01438744285574211,24,0.011817698924324861,16,0.01527383218692502,21
2022-09-13,0.023978738436965106,40,0.016951915568989777,27,0.01678893772807036,24
2022-09-14,0.024600182725382405,40,0.0172454344824115,27,0.016854398194612263,24
2022-09-15,0.019839294719255104,34,0.017181505438551486,27,0.016820422009866057,24
2022-09-16,0.016026661996558316,28,0.017293609933901825,28,0.01681449476373577,24
2022-09-19,0.015759158118621316,27,0.01731238929765241,28,0.016900311606755695,24
2022-09-20,0.00935671218437987,12,0.018055918535445706,29,0.017024088445971645,25
2022-09-21,0.01082412014829781,16,0.018431264641768773,30,0.01668630808110701,24
2022-09-22,0.009861948436166766,13,0.015138408350497689,23,0.01687459069903485,24
2022-09-23,0.011716205564213062,18,0.013642298076538542,20,0.017576272645396192,26
2022-09-26,0.005759066217022543,4,0.012930467187068445,18,0.017048821557032894,25
2022-09-27,0.008421742159723642,10,0.010938730470911952,13,0.015068883228640348,20
2022-09-28,0.019684289560560696,34,0.015127095028820927,23,0.016120484425619665,22
2022-09-29,0.02023404463294373,35,0.015050371511389219,23,0.016555204438176426,23
2022-09-30,0.01870761309366327,32,0.014917596253759722,23,0.0166984261443331,24
2022-10-03,0.020722327506813736,35,0.018090849420341833,29,0.01780453808327959,27
2022-10-04,0.028095587889490153,43,0.024897030863321686,39,0.02081768235177517,33
2022-10-05,0.0287789859124092,44,0.02458165436716898,39,0.020820532172323863,33
2022-10-06,0.027641301834595514,43,0.02466611008786283,39,0.02080158607814952,33
2022-10-07,0.02826650735724424,43,0.023879733301670782,38,0.019700361888456135,31
2022-10-10,0.02684862987519651,42,0.022646679406117656,36,0.01900111768394374,29
2022-10-11,0.005905646959087513,4,0.023916180854181582,38,0.01916000929869307,29
2022-10-12,0.0141240972627697,24,0.023042616880539234,37,0.018671497603819316,29
2022-10-13,0.032133166787305975,46,0.02831921417879666,43,0.02279051377036472,36
2022-10-14,0.030113295180334024,45,0.027564294840578787,42,0.022910275818152314,36
2022-10-17,0.028140984920638334,43,0.026954800749001667,42,0.023093063179074252,36
2022-10-18,0.019071687602643102,33,0.0233028453988104,37,0.023354485234081075,37
2022-10-19,0.025190604461296676,41,0.02369297128751376,38,0.023282013950237927,37
2022-10-20,0.013298281949378366,22,0.023184147320192236,37,0.02305057300106877,36
2022-10-21,0.01949987794400198,33,0.02391782550003179,38,0.0240344146483056,38
2022-10-24,0.019405911744078713,33,0.02299429366126375,37,0.02318284162309985,37
2022-10-25,0.02055557442668487,35,0.019800844476086828,32,0.022571493841140326,36
2022-10-26,0.016237970531480846,28,0.020031900817733966,33,0.022403685120880527,36
2022-10-27,0.013633909907178438,23,0.014096363828164473,21,0.022115756125601106,35
2022-10-28,0.008921253377387892,11,0.014412377586777662,22,0.021464596408962366,34
2022-10-31,0.010934393697092119,16,0.014913196688158796,23,0.021047314287734077,33
2022-11-01,0.00794052199585479,9,0.014710422660903106,22,0.020719219724220497,33
2022-11-02,0.01156273483217817,18,0.014077200933645076,21,0.01900804036270117,29
2022-11-03,0.015172492559095557,26,0.015802203510928876,24,0.01940975521927451,30
2022-11-04,0.014314601742371869,24,0.013068231870268182,19,0.019063637953901313,29
2022-11-07,0.01622607072784047,28,0.013549650330677936,20,0.01846902068744772,28
2022-11-08,0.01631552940588418,28,0.012306466077357487,17,0.018020549952952814,27
2022-11-09,0.016763985344347636,29,0.013596389668061913,20,0.017150566992784964,25
2022-11-10,0.030717679935954267,45,0.02532359399592201,40,0.021832322605400186,35
2022-11-11,0.03168710113194943,45,0.026971639927090046,42,0.02054487073271058,32
2022-11-14,0.03780297243341566,48,0.028543997903975358,43,0.02162907830762569,35
2022-11-15,0.038314354928507544,48,0.02862232128224074,43,0.021662156367024128,35
2022-11-16,0.037755868257092345,48,0.028540622032534074,43,0.021994547099626206,35
2022-11-17,0.02272583939583018,38,0.02709689160579464,42,0.021432883903270188,34
2022-11-18,0.012413114065803215,20,0.02705994880554158,42,0.02116097699429324,34
2022-11-21,0.008345158199390022,10,0.02700708511252171,42,0.02037004978001749,32
2022-11-22,0.009445421535165139,12,0.027012188352380347,42,0.020387556320996002,32
2022-11-23,0.012948809679486644,21,0.027608171031367767,42,0.020903067103436125,33
2022-11-25,0.012907761655143478,21,0.017428060185061125,28,0.020906808879866137,33
2022-11-28,0.01504030140898998,26,0.013001475688782274,18,0.021611085898166054,35
2022-11-29,0.015541512334252482,27,0.012026703629025713,16,0.021438148057668218,34
2022-11-30,0.01781060923693206,31,0.013684733587335966,20,0.02163809876128692,35
2022-12-01,0.01580700692543094,27,0.013640816698137093,20,0.02187229952220663,35
2022-12-02,0.016208693933898836,28,0.014017010647069117,21,0.02176411068411367,35
2022-12-05,0.019910555444677555,34,0.016640646323508427,26,0.022593020665338404,36
2022-12-06,0.018442041334505554,32,0.0163542319877103,25,0.02269849025973582,36
2022-12-07,0.010435460232006123,15,0.015207004405923149,23,0.022537862585040955,36
2022-12-08,0.012830398470686503,21,0.014843201686460835,22,0.02243798597680143,36
2022-12-09,0.014990287123449334,26,0.015044785136705154,23,0.02218540781866098,35
2022-12-12,0.013045662656432847,21,0.016329227937118985,25,0.016688912020480867,24
2022-12-13,0.011637461438746945,18,0.01739114167581633,28,0.014905882081674772,20
2022-12-14,0.013657986023292528,23,0.016219447462120676,25,0.014382051941756298,19
2022-12-15,0.021172712561211934,36,0.017886885497324707,29,0.01548230653396737,21
2022-12-16,0.02117327603993498,36,0.01781286469247436,29,0.01534844922246625,21
2022-12-19,0.01709617894766856,30,0.015050867568990411,23,0.015389349855952451,21
2022-12-20,0.010460702888062983,15,0.01456920383530039,22,0.015113494656021858,20
2022-12-21,0.018738940492828118,32,0.016486720491699518,26,0.016173361913023744,23
2022-12-22,0.015426986203757587,27,0.017518752447115548,28,0.016163624032421057,23
2022-12-23,0.015733994565423567,27,0.017611660003995885,28,0.015869646146808036,22
2022-12-27,0.014883052771159772,26,0.016044148501614102,25,0.015905017447018985,22
2022-12-28,0.01464989834624473,25,0.014649596045830573,22,0.01545954462476819,21
2022-12-29,0.011634972913477287,18,0.015112192672833659,23,0.01565061620437602,21
2022-12-30,0.0040692149214821074,1,0.011506274509294713,15,0.015001973631782928,20
2023-01-03,0.005048417231244428,3,0.011633198236452405,15,0.01517684071504663,20
2023-01-04,0.00926562052600862,12,0.012649565883105599,18,0.016156377972820244,22
2023-01-05,0.01158796384925361,18,0.012805722905005437,18,0.014250560974139884,19
2023-01-06,0.011580950527524624,18,0.011688284940430345,15,0.01395885244109535,18
2023-01-09,0.01110480052566956,16,0.008230398632310483,7,0.013798125539195943,18
2023-01-10,0.011196514627437114,17,0.008402269370507564,7,0.013973604918886384,18
2023-01-11,0.007402474930880361,8,0.008180898496659275,6,0.014059360604874711,19
2023-01-12,0.0035037992930511304,0,0.0080734518857039,6,0.013593561351066803,18
2023-01-13,0.004738513222837747,2,0.008374870322747831,7,0.013541530423775042,18
2023-01-17,0.003927226315785748,1,0.007884037391206987,6,0.013028669889466313,16
2023-01-18,0.013198651853005552,22,0.011859566416564911,16,0.01164749505108612,14
2023-01-19,0.013009774133552875,21,0.010269559565247032,11,0.011465434812326664,13
2023-01-20,0.01958495124087555,34,0.013292418538385174,19,0.012650115897952065,16
2023-01-23,0.019643364681838256,34,0.013537223566636506,20,0.01261604442992363,16
2023-01-24,0.021429665691234244,36,0.014965176511978066,23,0.012804403798169106,16
2023-01-25,0.017533746966235258,31,0.014844099842982475,22,0.011461562362044922,13
2023-01-26,0.01669779213677479,29,0.014808752132479782,22,0.01146658014931798,13
2023-01-27,0.011525874225376763,17,0.015388445926985472,24,0.011840591211708242,14
2023-01-30,0.008294854765039033,10,0.015008000953791104,23,0.012017993797619779,14
2023-01-31,0.0070160734367618015,7,0.015051895927340853,23,0.011973788724533661,14
2023-02-01,0.006229184965978896,5,0.013270448974685734,19,0.012056005859469945,14
2023-02-02,0.005711430808333788,4,0.013151935415382985,19,0.01204982042298231,14
2023-02-03,0.012467943472965952,20,0.011829726488020246,16,0.012938993258659335,16
2023-02-06,0.01247855084961607,20,0.010078712653193586,11,0.012863984832177686,16
2023-02-07,0.011619411813880478,18,0.009826152314254604,10,0.01274146794027432,16
2023-02-08,0.011749362226364028,18,0.00921751878267624,9,0.012759851568075199,16
2023-02-09,0.013891049455324747,23,0.011030522024154752,14,0.013765513983709943,18
2023-02-10,0.011269879344180478,17,0.011204873904667229,14,0.013614087580893823,18
2023-02-13,0.014762569693214713,26,0.013061210027311719,19,0.014014429036942907,18
2023-02-14,0.015566626354230974,27,0.013346065430156692,19,0.013789545513195145,18
2023-02-15,0.015560380986416694,27,0.013444215344299244,20,0.013730333772059854,18
2023-02-16,0.00944323093856373,12,0.013569365759223436,20,0.013183034384888015,17
2023-02-17,0.00984941853702618,13,0.010933685559662232,13,0.01317805512107778,17
2023-02-21,0.016218076649277782,28,0.014867655862843956,22,0.012775038549531551,16
2023-02-22,0.014501974651508515,25,0.01480312503207042,22,0.012121467484128685,15
2023-02-23,0.015020512526532795,26,0.01505692029649284,23,0.012072912538132636,14
2023-02-24,0.015009243058025971,26,0.01312595091916691,19,0.011855971792011862,14
2023-02-27,0.015732122435660932,27,0.013221204159602061,19,0.011861797950516529,14
2023-02-28,0.004265946719499499,1,0.011926235978435056,16,0.011874871924206021,14
2023-03-01,0.0071087407157052526,7,0.012450621599882715,17,0.012434538290831389,15
2023-03-02,0.007836078345019289,9,0.012369526343496811,17,0.012256443314763431,15
2023-03-03,0.008502474703320634,10,0.013513574750856221,20,0.012947024469361633,16
2023-03-06,0.010050405572685283,14,0.013588268742436946,20,0.01296661341312012,16
2023-03-07,0.01614189957692353,28,0.011169166082686116,14,0.012678342210682826,16
2023-03-08,0.014255324915742077,24,0.011612064560195326,15,0.012793874991500564,16
2023-03-09,0.022042480120533205,37,0.01748163895398271,28,0.01552294484197618,21
2023-03-10,0.01577402790682396,27,0.017491631240291468,28,0.015523779147227202,21
2023-03-13,0.028628519665167787,44,0.027980648517966174,43,0.021737755557375595,35
2023-03-14,0.04974066107785424,51,0.03580557610277269,47,0.02588096074197455,40
2023-03-15,0.052614036793260086,52,0.03784506376878021,48,0.027803296704509234,42
2023-03-16,0.05418082904672195,52,0.038996054131576266,49,0.028019780797208522,42
2023-03-17,0.05461552451919832,52,0.03789994127887077,48,0.02842400909767383,42
2023-03-20,0.04389708538200478,50,0.03788632341293385,48,0.028434209190477875,42
2023-03-21,0.03251698865416703,46,0.039680760728831914,49,0.029118531186226617,43
2023-03-22,0.025126380296114987,41,0.040064430499012996,49,0.029095186214237005,43
2023-03-23,0.021810739820998643,37,0.038950010386272015,49,0.029007910217387713,43
2023-03-24,0.018613787077451153,32,0.038921857991051065,49,0.0288530619323496,43
2023-03-27,0.02712904677033979,42,0.034526937001134926,47,0.030532954147348287,44
2023-03-28,0.02549553742096291,41,0.028099721702903535,43,0.030616760979027668,44
2023-03-29,0.018944372246278245,33,0.022406832209257488,36,0.030899051829701117,44
2023-03-30,0.017449546524692106,30,0.02177271832489313,35,0.0305986838098881,44
2023-03-31,0.013531555209661848,23,0.01925944087522205,31,0.030992894948399862,45
2023-04-03,0.0091319250409959,12,0.019271906024220572,31,0.030566694192063596,44
2023-04-04,0.013224541229981245,22,0.019211182875609856,31,0.03061680368052999,44
2023-04-05,0.011833125181853482,18,0.015963599622454996,25,0.0304104508160022,44
2023-04-06,0.011791035035220726,18,0.015566677945958,24,0.030436252205162762,44
2023-04-10,0.010467327100624002,15,0.015026391196937012,23,0.029479274789638753,43
2023-04-11,0.01250888549282127,20,0.01085493090420915,13,0.029675726251747588,44
2023-04-12,0.010518137352974815,15,0.011265772991068613,14,0.024470147099779432,38
2023-04-13,0.00874295563945236,11,0.010547110678704766,12,0.020788367583470673,33
2023-04-14,0.019733892085141314,34,0.01765975412878424,28,0.019292442286024964,30
2023-04-17,0.020624293135563868,35,0.017322024299083798,28,0.019069217482187716,29
2023-04-18,0.02074924807466507,35,0.016979140849970514,27,0.01738130604229981,26
2023-04-19,0.01870565851097705,32,0.015422523503710135,24,0.017239562147152783,25
2023-04-20,0.024415737910524177,40,0.017332890427433197,28,0.01776062398683533,27
2023-04-21,0.011588388027748954,18,0.017933704552649244,29,0.016162408568945134,23
2023-04-24,0.011378940956833183,17,0.017838331192576554,29,0.01600109476782262,22
2023-04-25,0.01259737666036793,20,0.019570340098993364,32,0.016968971684846974,24
2023-04-26,0.010160610580673541,14,0.020843735786455334,34,0.01609369747553574,22
2023-04-27,0.012237584344292382,19,0.020699714206173916,34,0.016005110899345948,22
2023-04-28,0.013152510942610144,22,0.012101363210423642,16,0.01567348274123566,21
2023-05-01,0.013831737988255374,23,0.01219187389939602,17,0.015680930073622912,21
2023-05-02,0.0148488026951781,26,0.01298898720924375,18,0.016316481924059545,23
2023-05-03,0.012762791009316408,21,0.011940553609171223,16,0.016363840318301313,23
2023-05-04,0.01256135830830292,20,0.011695072579024884,15,0.01651694892892441,23
2023-05-05,0.022389607567044695,37,0.017514584296646186,28,0.017921259538956374,27
2023-05-08,0.022202126637064147,37,0.01754698926244546,28,0.017919042260393057,27
2023-05-09,0.018167444089108205,31,0.0165670251291124,26,0.01765722588727706,26
2023-05-10,0.01772869257447058,31,0.015196426798684569,23,0.01735277110142933,26
2023-05-11,0.015395955364507828,27,0.015225025293210034,23,0.01737654280631296,26
2023-05-12,0.0064144658007174475,5,0.015532067610213002,24,0.0174353371086143,26
2023-05-15,0.010008194505019608,14,0.016280891956317114,25,0.0137710846736728,18
2023-05-16,0.011559262302711315,18,0.014920377511033483,23,0.013993125040741813,18
2023-05-17,0.02341759005309916,39,0.01958111328377252,32,0.016825826965432233,24
2023-05-18,0.024451942705757037,40,0.019340951404239623,31,0.01687756901239026,24
2023-05-19,0.024770076366150588,40,0.017272882183761377,28,0.016667942168939055,24
2023-05-22,0.023919031980258635,39,0.017286877423951016,28,0.016680933226254066,24
2023-05-23,0.022226131323543473,37,0.017264541249092727,27,0.016715199245958864,24
2023-05-24,0.013891486549879173,23,0.019681723148069284,32,0.017267450450447284,25
2023-05-25,0.013898391473690536,23,0.019658980073265456,32,0.01676451682990872,24
2023-05-26,0.015452899388750302,27,0.01973498514935419,32,0.016884156553740762,24
2023-05-30,0.015506568840359357,27,0.01910917910624368,31,0.016900226631827976,24
2023-05-31,0.014981055539214066,26,0.018614595307020827,30,0.01689013106065961,24
2023-06-01,0.008750757953297699,11,0.012850067656494586,18,0.01627273208625715,23
2023-06-02,0.0152925431259529,27,0.016963892466116844,27,0.017811120119322774,27
2023-06-05,0.01610275103601084,28,0.01619985027389655,25,0.01736033502333788,26
2023-06-06,0.01681441824604818,29,0.017387026804798963,28,0.01658859913870013,23
2023-06-07,0.012737786175651366,21,0.017898333761271156,29,0.016937496939961563,24
2023-06-08,0.014270394507666331,24,0.012990678276067626,18,0.01693331687526121,24
2023-06-09,0.009952336421471662,14,0.012173624815501053,17,0.016901977087946767,24
2023-06-12,0.008895978222335127,11,0.01231248668533253,17,0.01676429334213614,24
2023-06-13,0.006018440162808163,5,0.012191526481729999,17,0.016403483002666315,23
2023-06-14,0.005824497308738664,4,0.01230906101037509,17,0.016464796449306138,23
2023-06-15,0.006372348419579478,5,0.01226942985675159,17,0.015891482806782174,22
2023-06-16,0.007428290496746363,8,0.009510437652065024,9,0.01369136779116172,18
2023-06-20,0.008616021823346502,10,0.010686842968725338,13,0.013550868606908182,18
2023-06-21,0.007244070775788488,8,0.008711215500343273,8,0.013119445369973696,17
2023-06-22,0.008781272489002002,11,0.008114144345674458,6,0.013712346649478574,18
2023-06-23,0.004802909186976969,2,0.00850867878111359,7,0.014041182035617642,19
2023-06-26,0.00853127450265868,10,0.008580049562681784,7,0.01211139918509472,15
2023-06-27,0.009543207719474436,13,0.008614793488813001,7,0.011983133005271769,14
2023-06-28,0.009558849503477419,13,0.007997360279415625,6,0.011968772543476992,14
2023-06-29,0.007257366764481855,8,0.008090973482429493,6,0.01196871711372647,14
2023-06-30,0.00444570881116756,2,0.0071605505825173416,4,0.011854737699546945,14
2023-07-03,0.00811886028174637,9,0.009568620375506619,10,0.012021999485935743,14
2023-07-05,0.008091331197629496,9,0.009087462336857362,9,0.009707522265218994,9
2023-07-06,0.0167317570243089,29,0.012867674079335808,18,0.011819560268462544,14
2023-07-07,0.017463595065476217,30,0.012615155283307129,18,0.010902970233064592,12
2023-07-10,0.017375373859757317,30,0.011985885529148815,16,0.010076710270852534,10
2023-07-11,0.0182977001752013,32,0.013435285968609385,20,0.011061498363980488,12
2023-07-12,0.02024586362995436,35,0.014542765227813967,22,0.011825781105642903,14
2023-07-13,0.008617000657174773,10,0.014439004162399318,22,0.011900436769760771,14
2023-07-14,0.02433527185963821,40,0.02001380091942106,33,0.014637160032628303,20
2023-07-17,0.024755764781360587,40,0.020290804795376486,33,0.01486697839422546,20
2023-07-18,0.024387984760457972,40,0.020391756810587875,33,0.015295180648251971,21
2023-07-19,0.02335875224782149,39,0.020630015807886683,33,0.01544324788952554,21
2023-07-20,0.023167296665432133,39,0.017448376667229686,28,0.01522597217288243,21
2023-07-21,0.010125078473961333,14,0.0177987071517088,28,0.01528964699329817,21
2023-07-24,0.01040018868405112,15,0.017980577667399536,29,0.015077135342740801,20
2023-07-25,0.011029724299909276,16,0.01787502451094563,29,0.01502608118110469,20
2023-07-26,0.010562460506244636,15,0.01709706832507864,27,0.015091991534806833,20
2023-07-27,0.011044247307958022,16,0.017180120967993706,27,0.015160201331601947,20
2023-07-28,0.011560811121868042,18,0.010468579545661737,12,0.015325698291805457,21
2023-07-31,0.010084468102852524,14,0.01015948312313273,11,0.01535001964340528,21
2023-08-01,0.0102102719294582,14,0.010022179949285575,11,0.015580767565034865,21
2023-08-02,0.010977076866234179,16,0.010477576353289353,12,0.015670613005553457,21
2023-08-03,0.008581555730862441,10,0.010478040616571305,12,0.015670986941245326,21
2023-08-04,0.008673839080890151,11,0.010699300595061422,13,0.014333285820808471,19
2023-08-07,0.007750000850171361,9,0.009426848589762605,9,0.014241121644140037,19
2023-08-08,0.008137658506154097,9,0.009713664706402949,10,0.014602080813273731,20
2023-08-09,0.008088645968161147,9,0.009246522881571585,9,0.014276495880593479,19
2023-08-10,0.008071812781002876,9,0.007877743702279411,6,0.013494413250877956,17
2023-08-11,0.009769473449174625,13,0.008789685630893218,8,0.0134568200348859,17
2023-08-14,0.00893981838220032,11,0.007887977713241866,6,0.010579539496395623,11
2023-08-15,0.01027297236610986,15,0.008741374838632061,8,0.01088268500193926,12
2023-08-16,0.00985627570144631,13,0.008500260580237737,7,0.010105033967430295,10
2023-08-17,0.009594947394800681,13,0.00836159750961749,7,0.009486574271388614,8
2023-08-18,0.006541721947362173,6,0.008378696505594096,7,0.009462465892643343,8
2023-08-21,0.007135807148438732,7,0.007679752104494637,5,0.009452300175090174,8
2023-08-22,0.009018337778140028,11,0.009150658621144482,9,0.009416770439633758,8
2023-08-23,0.010159080716536966,14,0.009446098035288092,9,0.00952366296839524,8
2023-08-24,0.010651179934195754,16,0.00961797794674113,10,0.009025107610844383,7
2023-08-25,0.011667371371713363,18,0.009434516967251281,9,0.008708658628006948,6
2023-08-28,0.01205831699091819,19,0.009833058292005049,10,0.008897577093862461,6
2023-08-29,0.003779388223379559,1,0.009732191081558544,10,0.009234462170878218,7
2023-08-30,0.0065739928021171555,6,0.009307887587593267,9,0.009143238238095985,7
2023-08-31,0.0067337414343446944,6,0.009302090196499307,9,0.00888380371601556,6
2023-09-01,0.007240857701475535,7,0.00977163503751664,10,0.009285290945265737,7
2023-09-05,0.007920954859937915,9,0.009819195771782774,10,0.009189683415571786,7
2023-09-06,0.005992084634028125,5,0.005425089329740392,1,0.009108920088073139,7
2023-09-07,0.008350152230184139,10,0.007473149972544591,5,0.009156440882500337,7
2023-09-08,0.008325350522892978,10,0.007509688289977772,5,0.008799573866797842,6
2023-09-11,0.006416660119374552,5,0.007316105169483796,4,0.008838994127426721,6
2023-09-12,0.015483228088172206,27,0.01161857596682981,15,0.010988084763668636,12
2023-09-13,0.01677996577557659,29,0.012372826093156746,17,0.011645339169514329,14
2023-09-14,0.012856063002865055,21,0.012829158590239842,18,0.011632489343995377,13
2023-09-15,0.014933199441525933,26,0.013495190408847783,20,0.011470012184633997,13
2023-09-18,0.015231449787986417,26,0.01351056494561351,20,0.011434696740729744,13
2023-09-19,0.012160086411127197,19,0.013231199955330867,19,0.011372585439392586,13
2023-09-20,0.01131442872646948,17,0.013765554375940892,20,0.011514899483026707,13
2023-09-21,0.006164817684588093,5,0.01355388640572134,20,0.010513334919084452,11
2023-09-22,0.00829148088348899,10,0.015101905075359339,23,0.011362083856780985,13
2023-09-25,0.009278221187827992,12,0.015105276682794844,23,0.011375929941023738,13
2023-09-26,0.009030505968205314,11,0.013354485377163796,19,0.012097453022730555,14
2023-09-27,0.012128142301837888,19,0.011933843785212154,16,0.012180064810957156,15
2023-09-28,0.01648942439482438,29,0.01195849532059899,16,0.012689311728666802,16
2023-09-29,0.013723018914801158,23,0.011825577984148865,16,0.012565259066904056,15
2023-10-02,0.015475042276993286,27,0.012340627043371133,17,0.012989719887995705,16
2023-10-03,0.014514491734476455,25,0.012568821674077486,18,0.013242958175131827,17
2023-10-04,0.013905805138100859,23,0.01265507030213782,18,0.013217811095140012,17
2023-10-05,0.00841189247733269,10,0.012529817357675091,17,0.013233281241569693,17
2023-10-06,0.013719571932339528,23,0.01308766945860444,19,0.013454029416177746,17
2023-10-09,0.011870398428446947,18,0.01314701044744791,19,0.013462427529593844,17
2023-10-10,0.008800820141004993,11,0.012384634307852012,17,0.013958708941452047,18
2023-10-11,0.008014363842011039,9,0.012343786599274357,17,0.01265858827293846,16
2023-10-12,0.008413908551293706,10,0.011062789539824912,14,0.012071724447712633,14
2023-10-13,0.007647711124620679,8,0.011083212286179877,14,0.011255035403256003,13
2023-10-16,0.010419031396794284,15,0.010529955997383968,12,0.011318654056165956,13
2023-10-17,0.006623447552179763,6,0.008735976753636606,8,0.01145431579814104,13
2023-10-18,0.009488126416094837,12,0.010966114623290822,13,0.011962143793187174,14
2023-10-19,0.00919833233915594,12,0.011586042267174555,15,0.011998146060072719,14
2023-10-20,0.008823547744122695,11,0.010297571425426772,11,0.011823864207702308,14
2023-10-23,0.010212263076543476,14,0.011404714400427675,15,0.01189370636298617,14
2023-10-24,0.0082454676010243,10,0.008834568117559663,8,0.011869154305777108,14
2023-10-25,0.00743501335698579,8,0.008338531203039786,7,0.011298880870689433,13
2023-10-26,0.01457692335134613,25,0.011647583726292151,15,0.012074585295720884,14
2023-10-27,0.018322667106141194,32,0.013575866746534195,20,0.012538380149126845,15
2023-10-30,0.019575969271076174,34,0.015741931039750454,24,0.013389042299933592,17
2023-10-31,0.0205757966427844,35,0.016582380699661687,26,0.01353854213688442,18
2023-11-01,0.01963867354530039,34,0.015968500125831998,25,0.01313175456263254,17
2023-11-02,0.026199785069506,42,0.021274598163879447,35,0.01631364330522989,23
2023-11-03,0.015170478785668443,26,0.021488911777259496,35,0.016890892293013295,24
2023-11-06,0.019086103019971143,33,0.019925300775563187,32,0.01664357222676844,24
2023-11-07,0.020676083291146907,35,0.02006030895911526,33,0.01665342726392642,24
2023-11-08,0.02154878961041999,36,0.01968556013687066,32,0.016287527075234322,23
2023-11-09,0.012058884573659811,19,0.01986995676562224,32,0.016379732465073876,23
2023-11-10,0.008548891403933712,10,0.01607850464436395,25,0.01665736863217473,24
2023-11-13,0.010436372766396076,15,0.015921616579936047,25,0.01691253249268093,24
2023-11-14,0.018390069505486478,32,0.0184558532429074,30,0.01846302164924944,28
2023-11-15,0.016528688610918787,29,0.018182652125972587,29,0.01853594047531005,28
2023-11-16,0.015565682063104417,27,0.01509577417217082,23,0.01797329471169924,27
2023-11-17,0.01555713922246278,27,0.014544830757397494,22,0.01777175406788977,27
2023-11-20,0.017421914403545014,30,0.01428916410000796,21,0.017522089300671104,26
2023-11-21,0.009516170641368171,13,0.014435891483238348,22,0.01664037685722964,24
2023-11-22,0.00836289948685931,10,0.01430004590085131,21,0.016697665254997513,24
2023-11-24,0.007905570501258547,9,0.013349716159304801,19,0.016340403929148224,23
2023-11-27,0.003410792921005333,0,0.013708775746274451,20,0.01629719949131396,23
2023-11-28,0.0037901360846755374,1,0.013880338302922277,21,0.014530056156748244,19
2023-11-29,0.010112454085411346,14,0.009259179484209745,9,0.014598899073397122,20
2023-11-30,0.00992359323564894,14,0.008922669758857433,8,0.01452115643869094,19
2023-12-01,0.0132665422652737,22,0.010808353543243476,13,0.0149368210587937,20
2023-12-04,0.012081541915052613,19,0.010256714738802629,11,0.012530870342477006,15
2023-12-05,0.015235808639177667,26,0.011702877897387137,16,0.012784288607454647,16
2023-12-06,0.016319217393740287,28,0.013211228179329272,19,0.013274979352137915,17
2023-12-07,0.016386988100769048,29,0.013098531892938256,19,0.013222796415894165,17
2023-12-08,0.014346507488396845,24,0.013059344352081136,19,0.013009306833869713,16
2023-12-11,0.01755000942574966,31,0.014626882484545087,22,0.013538213705013739,18
2023-12-12,0.015182085004081265,26,0.014390963153183759,22,0.013582520910757538,18
2023-12-13,0.01575350817479137,27,0.01520162483757582,23,0.014181097719197448,19
2023-12-14,0.0164423867654845,29,0.015563429725428247,24,0.012474221441310069,15
2023-12-15,0.01777338180680748,31,0.015313284190004495,23,0.012770706261885017,16
2023-12-18,0.01521671187140581,26,0.01556032192878288,24,0.01272523024843893,16
2023-12-19,0.016439718272222306,29,0.015241832123431071,23,0.013313949621930403,17
2023-12-20,0.018048265714744636,31,0.01605634162405766,25,0.014106888666181457,19
2023-12-21,0.016715133587066434,29,0.01591145135360715,25,0.01401294098918216,18
2023-12-22,0.01581966553902512,27,0.015863257818827598,25,0.013917973113010774,18
2023-12-26,0.015309505071165868,27,0.014392517583500956,22,0.013935465532773597,18
2023-12-27,0.011130928347358019,16,0.014179716792761804,21,0.013797488006479881,18
2023-12-28,0.004183603729160673,1,0.012430609584565924,17,0.01361187865631734,18
2023-12-29,0.004185714408505269,1,0.011525108103081397,15,0.013377936774460659,17
