date,sigma_t_w5,X_t_vol_w5,sigma_t_w10,X_t_vol_w10,sigma_t_w21,X_t_vol_w21
1999-07-06,0.00879946457793951,13,0.014887002617612985,25,0.015735506334053607,25
1999-07-07,0.007644453074543776,10,0.015023070496540385,26,0.015524340571710782,24
1999-07-08,0.007648214403349765,10,0.013110775468947697,21,0.01533762547228723,24
1999-07-09,0.007227725817524416,9,0.010446595930497016,14,0.015748526833623617,25
1999-07-12,0.007240500722151461,9,0.00964576084548703,12,0.01570338031409102,24
1999-07-13,0.006764760779548512,7,0.01025490255914315,14,0.016027689957283875,25
1999-07-14,0.007167736497410367,8,0.008143222643905396,8,0.015171594419150353,24
1999-07-15,0.008883753469695851,13,0.008580461666149649,9,0.014701560752571065,23
1999-07-16,0.008788979145603967,13,0.007716536530038786,7,0.013067195722584905,20
1999-07-19,0.013457751600141952,24,0.010249709814593534,14,0.01265589043257352,18
1999-07-20,0.018650986374339526,34,0.013268989978049246,21,0.01431828812352704,22
1999-07-21,0.0217665517054236,38,0.016158018687186203,28,0.01600032169488284,25
1999-07-22,0.019635714528712163,36,0.01592363198170725,27,0.016000542599444903,25
1999-07-23,0.014300335503635051,26,0.015937561339405146,27,0.015777687940297984,25
1999-07-26,0.021484389703204928,38,0.017670759452931777,30,0.015506159809080733,24
1999-07-27,0.019544809874494615,36,0.018026792549853517,31,0.014933995754288993,23
1999-07-28,0.010590609186408471,17,0.017893026306952588,31,0.014491876641659818,22
1999-07-29,0.015555359319599192,29,0.017800699178741226,30,0.014362784542447025,22
1999-07-30,0.01959101570829356,36,0.017429030210118063,30,0.015341894103500566,24
1999-08-02,0.014383402705316446,26,0.017244517363255794,30,0.014653091914852484,23
1999-08-03,0.009976388147690028,16,0.01603351608623715,28,0.014711992288143797,23
1999-08-04,0.006895927277665973,8,0.014365628517880757,24,0.0145754280956489,22
1999-08-05,0.009557346910776766,15,0.014072212210751946,23,0.014551080813158984,22
1999-08-06,0.015871754612105687,29,0.018149863855147857,31,0.016389299339439868,26
1999-08-09,0.020269338532400195,37,0.0166431992468335,29,0.016896707629165838,27
1999-08-10,0.02069671939114967,37,0.01538634861121088,26,0.016719834439020254,27
1999-08-11,0.02483185889491184,41,0.01882779457044744,32,0.01796950907050676,29
1999-08-12,0.025068504462979473,42,0.01847774363927829,32,0.017845882420170833,29
1999-08-13,0.01935565037048439,35,0.02228058155923524,37,0.019797519516178162,32
1999-08-16,0.020035567605015275,36,0.02216016514543222,37,0.019358571330037346,31
1999-08-17,0.021774985245458987,38,0.024894092859704918,41,0.021288431605428662,35
1999-08-18,0.021568056368231475,38,0.02381686628187199,39,0.020802081954561156,34
1999-08-19,0.022054909324625283,39,0.02446826696314923,40,0.01984854259940185,32
1999-08-20,0.018713169024350412,34,0.017949299882322075,31,0.020261654135214587,33
1999-08-23,0.018106849073379068,33,0.018330056879424482,31,0.020761807687907804,34
1999-08-24,0.013749691720915197,25,0.017601537513233054,30,0.020377267340684943,33
1999-08-25,0.01574226627959888,29,0.01848190321796143,32,0.020386324364251373,33
1999-08-26,0.02206656916272816,39,0.021873678699385234,37,0.021505490522156785,35
1999-08-27,0.020086113166603303,36,0.0194802453149866,33,0.021057914863863568,34
1999-08-30,0.02569720040153815,42,0.027191929957813304,43,0.023602686905787623,38
1999-08-31,0.02633908076385483,43,0.024235460828945888,40,0.023666129716640914,38
1999-09-01,0.026327397254154485,43,0.023599373686395093,39,0.023608055160009075,38
1999-09-02,0.025105337854627797,42,0.02352494179684736,39,0.02335304232024966,37
1999-09-03,0.04073577461602367,50,0.0302807111685964,45,0.02655848242525391,42
1999-09-07,0.03168991586791811,46,0.029679732839496844,45,0.025192872109518528,40
1999-09-08,0.0331929683869031,47,0.029516529571690858,45,0.025587286725661323,40
1999-09-09,0.03444521617137147,48,0.029790630253719582,45,0.026078821104065033,41
1999-09-10,0.03645454302236665,48,0.03078617936497477,46,0.02623579833293716,41
1999-09-13,0.021188408809727485,38,0.030783499219095414,46,0.02608428843373943,41
1999-09-14,0.026047755983883772,43,0.02867927090836283,44,0.026534709152861463,42
1999-09-15,0.02581553628048891,42,0.028507374623509038,44,0.0266838045637941,42
1999-09-16,0.02580572259726268,42,0.028707637589961088,44,0.025225631123431957,40
1999-09-17,0.020936347863491803,37,0.028831064625082888,44,0.02508181427641683,40
1999-09-20,0.020922206067295196,37,0.019865959349515558,34,0.025027307021994218,40
1999-09-21,0.013482263613125824,24,0.019838613568029143,34,0.024839208587862312,39
1999-09-22,0.013196361326363556,24,0.019576713912921945,33,0.024007298391715236,38
1999-09-23,0.018571536412038264,34,0.021307850910913285,36,0.024835123290434188,39
1999-09-24,0.03287565120189374,47,0.027714888280233916,43,0.028612012711467554,44
1999-09-27,0.037666337147639166,49,0.029418869101463407,45,0.028588879218460404,44
1999-09-28,0.034681655438515493,48,0.02594096396684021,42,0.02868990378372423,44
1999-09-29,0.03769991096666911,49,0.027258629784357585,43,0.026792182547802183,42
1999-09-30,0.03794580840556457,49,0.028453919747775985,44,0.02740471733699216,43
1999-10-01,0.024540328008009232,41,0.028494306444822762,44,0.02735759391989037,43
1999-10-04,0.02670426781466903,43,0.030906159491126933,46,0.028652221954667215,44
1999-10-05,0.026705598175707498,43,0.02918468154662218,44,0.025715414676419968,41
1999-10-06,0.01686585011323958,31,0.0282900668760809,44,0.025619324684980405,41
1999-10-07,0.028120549577367704,44,0.03148694957546141,46,0.026451026437427225,42
1999-10-08,0.028726606301690213,45,0.025864123892390692,42,0.026069454535411478,41
1999-10-11,0.024631090112325126,41,0.025855187319670472,41,0.02631162599077117,41
1999-10-12,0.022641038051080933,39,0.02577488901765412,41,0.02634361171279452,41
1999-10-13,0.012659512574731462,22,0.025812620526422334,41,0.02542053896813345,40
1999-10-14,0.010890304740584989,18,0.023967284904538685,39,0.02539836362914676,40
1999-10-15,0.017337250904776454,32,0.02810439533667372,43,0.027689000639887374,43
1999-10-18,0.030751528127071336,46,0.026439349718998122,42,0.02864674317595854,44
1999-10-19,0.05347909407517633,52,0.03958262414561521,50,0.03411475221096841,49
1999-10-20,0.050606295097450696,51,0.039700165786226725,50,0.03397647871891748,49
1999-10-21,0.04841282997609947,51,0.03834580898338642,49,0.0337682385733061,48
1999-10-22,0.03194980308538396,47,0.04427453289301742,51,0.03664220879649153,49
1999-10-25,0.039024495457466155,49,0.042488948517084665,51,0.03472295574726689,49
1999-10-26,0.03078395669140249,46,0.04208515544150997,50,0.03381161646811621,48
1999-10-27,0.03357326602325217,47,0.040943417799279236,50,0.03518288012890421,49
1999-10-28,0.033480691874837876,47,0.04008587648387913,50,0.03540422381793382,49
1999-10-29,0.026768964572011413,43,0.030088094372897254,45,0.03522002702597868,49
1999-11-01,0.023525545615946046,40,0.03096893078575196,46,0.035068983009953134,49
1999-11-02,0.026236851154652473,43,0.026988117817172443,42,0.034614872195096597,49
1999-11-03,0.025813113888237392,42,0.029532583108409793,45,0.03505533510012253,49
1999-11-04,0.012407691464788899,22,0.029465564847648257,45,0.03490261306540513,49
1999-11-05,0.01706524526011074,31,0.022958646002653193,38,0.03383122834088604,48
1999-11-08,0.017913587872253754,33,0.02197388387259083,37,0.03357095557654685,48
1999-11-09,0.023602626036221545,40,0.02591213847191484,42,0.03343503208677665,48
1999-11-10,0.02120118146870687,38,0.022332612308881658,37,0.033205245592782894,48
1999-11-11,0.02250156673361894,39,0.017130631707521167,29,0.03240716764447058,47
1999-11-12,0.0331657095509592,47,0.02490840597038177,41,0.03327085938553749,48
1999-11-15,0.03329696364410416,47,0.025290086670129185,41,0.02997671974114404,45
1999-11-16,0.029725428477139184,45,0.026082623128509848,42,0.02993734896462618,45
1999-11-17,0.03168839503428555,46,0.02555079120629032,41,0.026678695728485663,42
1999-11-18,0.03211869673111086,47,0.02659103524894087,42,0.027274457989384555,42
1999-11-19,0.017886290080767846,33,0.0255508903271542,41,0.02740994941100003,43
1999-11-22,0.018676247149024404,34,0.02558305717543364,41,0.02410542620523383,38
1999-11-23,0.0067329220238897605,7,0.0245408362511343,40,0.024612600236558188,39
1999-11-24,0.013740265874601669,25,0.027562676104239372,43,0.02655640492297647,42
1999-11-26,0.018978764370340025,35,0.027683356152187654,43,0.02450492418018466,39
1999-11-29,0.02554263247247107,42,0.023855380494903444,39,0.025084048191994317,40
1999-11-30,0.03539656067535276,48,0.027427583484317467,43,0.025968037179366323,41
1999-12-01,0.035407063116836814,48,0.024028141835446937,40,0.02587569547767094,41
1999-12-02,0.03302539480665006,47,0.02426614312214755,40,0.026259416184298317,41
1999-12-03,0.03491945844126148,48,0.026647872318385418,42,0.026597266836965852,42
1999-12-06,0.02949831167314327,45,0.028008059941228194,43,0.027710039537706253,43
1999-12-07,0.026343402328179635,43,0.029484816980036566,45,0.027999639053665305,43
1999-12-08,0.026478073934306446,43,0.03008855798256144,45,0.028074868513852505,43
1999-12-09,0.03085864698193427,46,0.030408361088415107,45,0.02807814046957368,43
1999-12-10,0.042846728550813194,50,0.036884889787527096,49,0.031223903941140836,46
1999-12-13,0.03997299635659518,49,0.03313004964867793,47,0.031268124829521855,46
1999-12-14,0.03659471852376635,48,0.03127318484025549,46,0.02791705879350881,43
1999-12-15,0.03410289667562935,47,0.03151094636744187,46,0.028072919922746305,43
1999-12-16,0.03401549916543967,47,0.03193020404983336,47,0.02702383132267576,42
1999-12-17,0.015939457394916638,30,0.03067621026575221,46,0.027330974421190486,43
1999-12-20,0.01634570093691025,30,0.029265922864198744,44,0.027327357857096158,42
1999-12-21,0.024516755100928832,41,0.029388103358463945,45,0.02873201349996991,44
1999-12-22,0.023063198965140072,39,0.027486851957760426,43,0.028726275566629468,44
1999-12-23,0.0249091489105471,41,0.028108349195208007,43,0.029410362895819955,45
1999-12-27,0.019477913355144007,35,0.020241323274159548,34,0.028537927890293625,44
1999-12-28,0.01795578646127272,33,0.02043381178334954,35,0.02848095419193814,44
1999-12-29,0.01412270653932886,26,0.019489209199219173,33,0.026418139137305344,42
1999-12-30,0.01028244766972177,17,0.018384131071550684,31,0.025818548586141455,41
1999-12-31,0.011575282861283188,20,0.01861332827595184,32,0.025812504414096975,41
2000-01-03,0.02077634469221347,37,0.019107163979148762,33,0.026220808429852912,41
2000-01-04,0.031876940218736154,47,0.02674468376694203,42,0.027885779162114856,43
2000-01-05,0.0317868012071141,47,0.024997802420621173,41,0.027265265638291934,42
2000-01-06,0.05009540190622055,51,0.034789941574104935,48,0.030989997316649427,46
2000-01-07,0.05024202953970577,51,0.03465442394745783,48,0.030034578865064453,45
2000-01-10,0.0502110362469696,51,0.03625823255491214,49,0.03079337379782295,46
2000-01-11,0.04214815331314546,50,0.03646912483872367,49,0.02817155517718446,43
2000-01-12,0.04214299803545127,50,0.03644046473871341,49,0.028292284986821823,43
2000-01-13,0.023594917404070905,40,0.03694951257668293,49,0.0284232231272109,43
2000-01-14,0.037142873783560335,49,0.04216634839420089,50,0.030959747722617455,46
2000-01-18,0.04090552513769341,50,0.043490064262192575,51,0.032635795262844026,48
2000-01-19,0.04063299230604687,50,0.0390545389974981,50,0.032147048655973544,47
2000-01-20,0.042034080344148086,50,0.0397312885842091,50,0.032374469724135074,47
2000-01-21,0.03983048910309026,49,0.030863165449781436,46,0.031715020746835056,47
2000-01-24,0.014274936539514588,26,0.031300408604752486,46,0.03193521045031818,47
2000-01-25,0.015187259299051426,28,0.030448737802602644,45,0.03177358853004057,47
2000-01-26,0.02848726370269593,45,0.033173419967559035,47,0.03343958901028405,48
2000-01-27,0.02661953562422467,43,0.03360797818162148,48,0.03376586060190148,48
2000-01-28,0.03745769597492503,49,0.036708017446463785,49,0.03525393777344472,49
2000-01-31,0.041614357066468564,50,0.03663456466560518,49,0.03758638173980469,50
2000-02-01,0.042361246504506546,50,0.03324353214563569,47,0.03753813348530047,50
2000-02-02,0.040261895575257146,50,0.03291128012431698,47,0.036871236844905585,49
2000-02-03,0.040726930368394795,50,0.03345421541212404,48,0.03491158549377545,49
2000-02-04,0.03508732899276829,48,0.034232559395617895,48,0.03523140112586842,49
2000-02-07,0.012377624871179426,22,0.033159391274198736,47,0.031128896275817063,46
2000-02-08,0.02714696922724846,44,0.03518719860343413,48,0.03243342486345325,47
2000-02-09,0.028080682294795167,44,0.03315842628503167,47,0.03190936617019669,47
2000-02-10,0.02777595295321521,44,0.03286462883788863,47,0.03207086218109392,47
2000-02-11,0.026560539537772522,43,0.029339542197304593,44,0.032011726965309246,47
2000-02-14,0.028080772213053804,44,0.020973618668676794,35,0.03180898055844859,47
2000-02-15,0.024621109166082643,41,0.024438646444269307,40,0.029581919184096063,45
2000-02-16,0.023106738550577273,39,0.02430378906126794,40,0.027951837558993574,43
2000-02-17,0.020535859000869027,37,0.023214919522546004,38,0.0277782754762255,43
2000-02-18,0.02139624083723151,38,0.022936426725235645,38,0.027724179882491755,43
2000-02-22,0.02285385208722486,39,0.02440768737738468,40,0.028206741975262888,43
2000-02-23,0.020314095038799263,37,0.021589929792819124,36,0.02806934920747793,43
2000-02-24,0.022194363275247143,39,0.021389425503356284,36,0.028349429263919073,43
2000-02-25,0.022586477346376196,39,0.02035926481277764,34,0.026628099658076294,42
2000-02-28,0.026717966966453427,43,0.02439295497463987,40,0.027847987468719162,43
2000-02-29,0.025865766949089142,42,0.02307744398308116,38,0.02563338575407468,41
2000-03-01,0.024663621005681636,41,0.021312508947784053,36,0.021950879604451464,35
2000-03-02,0.02305775801310473,39,0.021386583235983508,36,0.022014369760347256,36
2000-03-03,0.021315196912542335,38,0.02095717698098802,35,0.021871656376186287,35
2000-03-06,0.00571219327630324,4,0.01969042471544083,34,0.02111696540170511,34
2000-03-07,0.008913174853843185,13,0.01979750624163523,34,0.021083784118537254,34
2000-03-08,0.008904944612077902,13,0.01798752946842618,31,0.02114343761233164,34
2000-03-09,0.009071607588170168,13,0.01739236436884373,30,0.018980536236344565,31
2000-03-10,0.008529513586458374,12,0.01692593461479704,29,0.018506408424661523,30
2000-03-13,0.010879236991090505,18,0.008463807838158229,9,0.017889860348961808,29
2000-03-14,0.00839759834850702,12,0.008271108128075418,8,0.01793906177583399,29
2000-03-15,0.03759690104463122,49,0.027688707961539775,43,0.024372505343597257,39
2000-03-16,0.04348287138897394,50,0.03544249198855639,48,0.028347655672442088,43
2000-03-17,0.0406350112244089,50,0.03526599162912473,48,0.028269229864682905,43
2000-03-20,0.04332026697553664,50,0.03560712989343466,49,0.028135082406766702,43
2000-03-21,0.03680416187264084,48,0.033991346520674766,48,0.02792306281359008,43
2000-03-22,0.030727550478265985,46,0.033073265576870924,47,0.02770825151678143,43
2000-03-23,0.0228439070010018,39,0.03304694803482729,47,0.0293526821452367,44
2000-03-24,0.02339543693204452,40,0.03209378480610433,47,0.028594539403440006,44
2000-03-27,0.023854273594817215,40,0.03349064448365418,48,0.02835280179342287,43
2000-03-28,0.025871806763866377,42,0.03318221118265467,47,0.027763774080914502,43
2000-03-29,0.03135830545652214,46,0.03128306256271591,46,0.028888689154550732,44
2000-03-30,0.014806166739479694,27,0.025017702306798905,41,0.029514643481583214,45
2000-03-31,0.025302440753450138,42,0.02673717862759332,42,0.029912841831793272,45
2000-04-03,0.03886117210416006,49,0.031061678538951962,46,0.03179509250757848,47
2000-04-04,0.04063863191842299,50,0.03233652251248826,47,0.032594517451306815,48
2000-04-05,0.03701981955412237,49,0.032476146727737604,47,0.03193547816673116,47
2000-04-06,0.034164080242531154,47,0.02792186055511292,43,0.0319938317798696,47
2000-04-07,0.03366689707672203,47,0.028379975704654687,44,0.03233577088646957,47
2000-04-10,0.013543540773166112,24,0.02861543822344878,44,0.03217352740823841,47
2000-04-11,0.011171960743934263,19,0.028570520071747676,44,0.03244531341868088,47
2000-04-12,0.024958387504928615,41,0.029921238519460956,45,0.03275770539024101,48
2000-04-13,0.029234260223518934,45,0.030760335565957503,46,0.030649588074813737,46
2000-04-14,0.03735517689524185,49,0.033834020019778845,48,0.029490313522263882,45
2000-04-17,0.03711548774399968,49,0.026342180619838583,42,0.02935282199997527,44
2000-04-18,0.03785104355820263,49,0.026315699920253472,42,0.029325215174935807,44
2000-04-19,0.026744337379001053,43,0.026905240916726535,42,0.029204042331500955,44
2000-04-20,0.027068810237777297,44,0.02711131218394038,42,0.029133779547664426,44
2000-04-24,0.022643315416860415,39,0.030185498147890375,45,0.02792521734312601,43
2000-04-25,0.026664630471074157,43,0.03250706819548212,47,0.029177142930906747,44
2000-04-26,0.033352363582565325,47,0.034079021499430845,48,0.029905491433810237,45
2000-04-27,0.030625614803845385,46,0.030575941343116822,45,0.02989530761325107,45
2000-04-28,0.03855952632114253,49,0.03190440111681718,46,0.030733790561569278,46
2000-05-01,0.034288607419673364,48,0.02809159488058137,43,0.030650105062873412,46
2000-05-02,0.024734427024470443,41,0.028075306211196915,43,0.029623971386853534,45
2000-05-03,0.022830977276640116,39,0.02811875641415462,43,0.026216574133178003,41
2000-05-04,0.02321723613181133,40,0.027785351884484333,43,0.02611427965576504,41
2000-05-05,0.015494342872299791,28,0.02779053512457438,43,0.026122085615340438,41
2000-05-08,0.01245999747713541,22,0.024341566951751274,40,0.026413637227765817,42
2000-05-09,0.01287377130281028,23,0.019140512278802844,33,0.026155392240322765,41
2000-05-10,0.01850798237567953,34,0.019594606996295155,33,0.026836170415006598,42
2000-05-11,0.021251755365887165,38,0.02168267818238462,36,0.027347809324750245,43
2000-05-12,0.023970357719381604,40,0.019788553941751857,34,0.026118608901579157,41
2000-05-15,0.029469784801614496,45,0.023251919729629797,39,0.02729319390102096,42
2000-05-16,0.032126461184991455,47,0.02397485153502845,39,0.024834805317553447,39
2000-05-17,0.02473628830370432,41,0.023723085399566163,39,0.02482615911411305,39
2000-05-18,0.024844556288505997,41,0.023146840647320113,38,0.0251908748103699,40
2000-05-19,0.025420663479577242,42,0.023295102281409463,39,0.02469937389879663,39
2000-05-22,0.016027795480995057,30,0.023191697002114688,38,0.0247832849481496,39
2000-05-23,0.023173114693784105,40,0.026537121449220272,42,0.025355908458282044,40
2000-05-24,0.0308780732285521,46,0.027465813716095116,43,0.0282102229256606,43
2000-05-25,0.03612064617478682,48,0.02947812292037034,45,0.02740612267118086,43
2000-05-26,0.03639042495293026,48,0.030545074435587502,45,0.027479279174964254,43
2000-05-30,0.036718192165353596,48,0.028695806975579833,44,0.025251873242366753,40
2000-05-31,0.033365171678147135,47,0.027082761770504157,42,0.02504360629312868,40
2000-06-01,0.01629756980654104,30,0.026503053517543996,42,0.025214630875097576,40
2000-06-02,0.032717452680460404,47,0.032491481182000945,47,0.028695220844927895,44
2000-06-05,0.03726135409746698,49,0.03474639508260302,48,0.029198963086732567,44
2000-06-06,0.04600096946996069,51,0.03967863186173958,50,0.03113659856749208,46
2000-06-07,0.046293064455214174,51,0.03805530833465545,49,0.031198376211326123,46
2000-06-08,0.04669699311178192,51,0.03298821327497085,47,0.031721717576221484,47
2000-06-09,0.022712154819142953,39,0.03292233530621415,47,0.03056917474817657,46
2000-06-12,0.023965002651114706,40,0.032593939998277956,47,0.03049176808581422,46
2000-06-13,0.01644932926808926,30,0.03308197834760952,47,0.03064809973518152,46
2000-06-14,0.01073485421739173,18,0.03307480356067107,47,0.02968412454642713,45
2000-06-15,0.02615316426085977,43,0.036909774024309304,49,0.032642882561059496,48
2000-06-16,0.04016141271330094,49,0.031787681312554404,46,0.03799772000759627,50
2000-06-19,0.044655624144184856,51,0.035318292008986035,48,0.038145671499882204,50
2000-06-20,0.045900537097490875,51,0.03464170127819598,48,0.03807617143849559,50
2000-06-21,0.04456675805740059,51,0.032775110026705724,47,0.03855454308156808,50
2000-06-22,0.04268376117881161,50,0.033385153839080826,47,0.036934506643914615,49
2000-06-23,0.020331011146415272,37,0.0343910100986542,48,0.03318551009284463,48
2000-06-26,0.016811683382380035,31,0.03464020269477304,48,0.03340625341486881,48
2000-06-27,0.018181739402817025,33,0.034644976410869006,48,0.033484169737201634,48
2000-06-28,0.01992978679788876,36,0.034990066993084455,48,0.033949538267510584,49
2000-06-29,0.02005728068299016,36,0.03211788424501348,47,0.03379066857946793,48
2000-06-30,0.02670833079745858,43,0.024473703187291425,40,0.03421465993530353,49
2000-07-03,0.038552279917355714,49,0.0284590636732646,44,0.031162580350356364,46
2000-07-05,0.03916812996377458,49,0.02879375559388658,44,0.0312874286673489,46
2000-07-06,0.03599698901267085,48,0.02786467324686846,43,0.030890604181363173,46
2000-07-07,0.03885951361464084,49,0.030325324791491314,45,0.03186142986754437,47
2000-07-10,0.019956425827408412,36,0.030236185906400034,45,0.03183987015851316,47
2000-07-11,0.01710997819260267,31,0.03013375472229032,45,0.031823321816443935,47
2000-07-12,0.017862762605530574,33,0.029580165388479084,45,0.03161711334657296,46
2000-07-13,0.019613190430343475,36,0.02733116901558827,43,0.03160822136054925,46
2000-07-14,0.014905955680200913,27,0.028214163705725114,44,0.03240723036800307,47
2000-07-17,0.014981917639116766,27,0.020047285673946067,34,0.029941168464803585,45
2000-07-18,0.0179460112926874,33,0.017790899906393733,30,0.023801138000260316,38
2000-07-19,0.018198156448948868,34,0.01771946173973412,30,0.023058232005725734,37
2000-07-20,0.02785961460428136,44,0.02308498174581593,38,0.025605376439180386,41
2000-07-21,0.028694452189620013,45,0.021572297230858784,36,0.024970618897639324,40
2000-07-24,0.028601608467333887,45,0.021578597839375713,36,0.024974378812695885,40
2000-07-25,0.02512280743315,42,0.021820048364093333,36,0.0251859126454005,40
2000-07-26,0.029629619722333737,45,0.023489922695642807,39,0.025664762904351095,41
2000-07-27,0.01618068804189361,30,0.023134579372474956,38,0.02538817995685397,40
2000-07-28,0.014993038977905134,27,0.021799479113511863,36,0.024117985930345427,38
2000-07-31,0.019186103315270164,35,0.022979179208789363,38,0.024519525906319253,39
2000-08-01,0.017305655191525448,32,0.021308838114978003,36,0.020907926187857046,34
2000-08-02,0.013463288137763096,24,0.021787722038957947,36,0.01886953357817746,30
2000-08-03,0.021058253308443454,37,0.019744370346835294,34,0.020544149879969383,33
2000-08-04,0.030594400513974277,46,0.027654738771651262,43,0.024931469914198402,39
2000-08-07,0.03288477266653117,47,0.027648996798383882,43,0.024088569060673855,38
2000-08-08,0.035091944979197154,48,0.028118595632503133,43,0.024243667801889194,39
2000-08-09,0.03138659511135465,46,0.025925384690375305,42,0.02425661036255467,39
2000-08-10,0.030718607961171512,46,0.025159942858221058,41,0.024172996555944893,39
2000-08-11,0.011452114090609035,19,0.024036355442120006,40,0.023745649542612334,38
2000-08-14,0.011567973268729366,20,0.02395694014122686,39,0.023549005019709104,38
2000-08-15,0.012761845575505942,23,0.025307766081054544,41,0.023782267570633352,38
2000-08-16,0.015208921177310595,28,0.026244898853871164,42,0.023454899885031112,38
2000-08-17,0.015008941220919062,27,0.024497710687002926,40,0.023439552270155144,37
2000-08-18,0.01414644458061575,26,0.012650549738632264,20,0.02144002192295442,35
2000-08-21,0.010413801403891499,17,0.012583759648588653,20,0.020781954204421492,34
2000-08-22,0.011026888573841046,18,0.012111097315132106,19,0.020727194924879528,34
2000-08-23,0.006255728088851657,6,0.01100356323088816,16,0.020789925847788226,34
2000-08-24,0.015274198716212477,28,0.014468581195734803,24,0.021120441586078606,34
2000-08-25,0.015189324245141004,28,0.014270118881984867,24,0.02140288194256049,35
2000-08-28,0.015016490723325511,27,0.0123489020257035,19,0.021214685866001403,34
2000-08-29,0.011389755183280673,19,0.012859906632542557,21,0.021477055464290188,35
2000-08-30,0.012712927059351615,23,0.01225972126249385,19,0.021479506810071,35
2000-08-31,0.028415227926245318,44,0.02194047139912153,37,0.02376886603925766,38
2000-09-01,0.029415249131781625,45,0.02277712381768261,38,0.023127101955897615,37
2000-09-05,0.029691008344640002,45,0.02326020294406032,39,0.017855661248273418,29
2000-09-06,0.026614221486460334,43,0.023148957581474526,38,0.01792057433097329,29
2000-09-07,0.02592186219633217,42,0.023598916678881955,39,0.01802287676315113,29
2000-09-08,0.01754211498685721,32,0.02238897194325698,37,0.01838025009197148,30
2000-09-11,0.0074464119068740585,9,0.021166208925902756,35,0.01845101217130975,30
2000-09-12,0.008149130311769044,11,0.020994697935983866,35,0.018403092452499697,30
2000-09-13,0.01122450106522162,19,0.01926088926968371,33,0.018132359371201653,29
2000-09-14,0.014416690843177251,26,0.020138690326051197,34,0.01808171966555902,29
2000-09-15,0.015554673988433215,29,0.017119215375475023,29,0.01871039224760769,30
2000-09-18,0.01363639627673792,24,0.01690291875517077,29,0.019173108158112656,31
2000-09-19,0.01889614045402273,35,0.017758416165647477,30,0.019751007795205673,32
2000-09-20,0.01937729511825062,35,0.019002414104270147,32,0.020248370383642827,33
2000-09-21,0.019466847271306594,35,0.01881983858317226,32,0.020365283545235792,33
2000-09-22,0.026647520915742625,43,0.020798588399053478,35,0.021991824813130757,36
2000-09-25,0.02442913709366596,41,0.020337416365138226,34,0.0209011871908566,34
2000-09-26,0.024626877640984,41,0.02078890008219261,35,0.021251051588057412,34
2000-09-27,0.024881263663827397,41,0.021316237345245504,36,0.02183603892373845,35
2000-09-28,0.026770197584766738,43,0.023569062581885798,39,0.02196975288030008,35
2000-09-29,0.022218814100508605,39,0.02384025266062647,39,0.023130751770367983,37
2000-10-02,0.024304766186247297,41,0.02382660720312341,39,0.02017096485132324,33
2000-10-03,0.025354511840376494,42,0.023729638474461027,39,0.020166725929804216,33
2000-10-04,0.026694128458617905,43,0.024442995396909546,40,0.020888092258038175,34
2000-10-05,0.02591221847706667,42,0.02493755455126273,41,0.0213425871366905,35
2000-10-06,0.02954925659635696,45,0.02492238892098077,41,0.02293507753166567,37
2000-10-09,0.028923564353478617,45,0.025217020199547954,41,0.022198668938590214,36
2000-10-10,0.025060222542207907,42,0.026577776483585256,42,0.022972292419981128,37
2000-10-11,0.02562374238824838,42,0.027443609745723817,43,0.023413634179457975,37
2000-10-12,0.011886121530254196,21,0.027227130305923598,43,0.02527619405007047,40
2000-10-13,0.03800488263914476,49,0.03336802735118591,47,0.028086812355521063,43
2000-10-16,0.038257453968681694,49,0.032632287676462715,47,0.028149224151229134,43
2000-10-17,0.0406276416260193,50,0.031896256021418226,46,0.029786152439832236,45
2000-10-18,0.040593890582178646,50,0.03201063164234779,47,0.028842344043618805,44
2000-10-19,0.04453598010277395,51,0.03603921504755369,49,0.031290009180513584,46
2000-10-20,0.036323993044689015,48,0.03530066601264117,48,0.03126083468892488,46
2000-10-23,0.03511226351216794,48,0.03559330815389667,49,0.029497461975387725,45
2000-10-24,0.023188697193506528,40,0.035781790331402656,49,0.030032675735505426,45
2000-10-25,0.022456485162636045,39,0.03471257185907187,48,0.02990741097702184,45
2000-10-26,0.01261895102301834,22,0.030871224643653487,46,0.0298245386588996,45
2000-10-27,0.02108219435774312,37,0.029463025156495796,45,0.030542359651992014,46
2000-10-30,0.027175122556521537,44,0.03154203239952943,46,0.03227906468882437,47
2000-10-31,0.02740547944003345,44,0.024261647856606762,40,0.03260468654658994,48
2000-11-01,0.024391415456990893,41,0.02274158560361208,38,0.032187328268171535,47
2000-11-02,0.015415023634360802,28,0.02020854443259749,34,0.032160429718690334,47
2000-11-03,0.021115287263778072,38,0.020688733014867462,35,0.03172457796113532,47
2000-11-06,0.022139079042395392,39,0.02339620962701933,39,0.03252533599615589,48
2000-11-07,0.024171367163174643,40,0.02449767201482271,40,0.03223385502864242,47
2000-11-08,0.03291152819383606,47,0.028760056466132385,44,0.03230149773936892,47
2000-11-09,0.03322469633730301,47,0.027346610706390776,43,0.031603875905726594,46
2000-11-10,0.035623580780132696,48,0.029044146227300352,44,0.029772462332245713,45
2000-11-13,0.02256292972564795,39,0.02677096390936472,42,0.028679383777206312,44
2000-11-14,0.023443817726354916,40,0.027596636303850196,43,0.02887142267843948,44
2000-11-15,0.037543194324804526,49,0.03702220974360429,49,0.032342027373282616,47
2000-11-16,0.030673934882427405,46,0.0356034599757179,49,0.032216309769756264,47
2000-11-17,0.030518042995281457,46,0.03620942677773211,49,0.031528141580952795,46
2000-11-20,0.029895369649624543,46,0.02754941417945446,43,0.031857374894946375,47
2000-11-21,0.036068196807054205,48,0.029050242504834158,44,0.03196169650807897,47
2000-11-22,0.018633267305320816,34,0.028647623764304755,44,0.03193262007864794,47
2000-11-24,0.02454970497166461,41,0.028470382515638756,44,0.032406661145750484,47
2000-11-27,0.021352137237275096,38,0.030159230005188414,45,0.032456271307744054,47
2000-11-28,0.019257003641485144,35,0.032658746330089375,47,0.0316722674170408,46
2000-11-29,0.019235348876901367,35,0.0325509619558711,47,0.029604779493907316,45
2000-11-30,0.015774252894477276,29,0.020588384750059183,35,0.028940057253510863,44
2000-12-01,0.014721239973112941,27,0.020578357730266564,35,0.028754852492900655,44
2000-12-04,0.0165928894196112,31,0.0180291114709083,31,0.028144579395349024,43
2000-12-05,0.030883659062906677,46,0.024295919046581817,40,0.03168681213901147,47
2000-12-06,0.047570500181175736,51,0.03551547100135206,49,0.0324441427019665,47
2000-12-07,0.05034140966086257,51,0.03563105026403052,49,0.03357317569226998,48
2000-12-08,0.05536450815025263,52,0.0382671255565846,49,0.03541557221555476,49
2000-12-11,0.05785367280452585,52,0.04249158989629837,51,0.03818602453375018,50
2000-12-12,0.05525085443279418,52,0.04241813924204111,51,0.037868460842589706,50
2000-12-13,0.03127646592341745,46,0.0428587317462982,51,0.037751806148148576,50
2000-12-14,0.03588553233739943,48,0.04262776840433032,51,0.03725832534595471,50
2000-12-15,0.03275328332672628,47,0.042896378346534585,51,0.03238667877245075,47
2000-12-18,0.022976169044377354,39,0.04318395984406502,51,0.03352878210883215,48
2000-12-19,0.024147256745736735,40,0.04041837728303446,50,0.032396241747820395,47
2000-12-20,0.02926293555891799,45,0.03159254860378268,46,0.032871058016633405,48
2000-12-21,0.04168797379245721,50,0.03667086842733674,49,0.03599340669968272,49
2000-12-22,0.03926284703994322,49,0.03504876699571522,48,0.03512576474105057,49
2000-12-26,0.03799226212241279,49,0.03034453402872411,45,0.035060599195512875,49
2000-12-27,0.03792901917374436,49,0.030266322343936246,45,0.035063683021446676,49
2000-12-28,0.02987394504048451,45,0.02965826807988151,45,0.03499804943861748,49
2000-12-29,0.012042978090095989,21,0.030188105379813514,45,0.03550910478200356,49
2001-01-02,0.014656616214537368,27,0.029447502845347844,45,0.035142734668751514,49
2001-01-03,0.03283523781085099,47,0.033501312064183414,48,0.037343891958225156,50
2001-01-04,0.03335973404450435,47,0.03392603088870106,48,0.036900143744704204,49
2001-01-05,0.053764810529143885,52,0.04161950026925266,50,0.0401245912537272,50
2001-01-08,0.051893222524569724,52,0.03597725797647433,49,0.035054040350800515,49
2001-01-09,0.054049742866336625,52,0.03733554619642027,49,0.03583280207598713,49
2001-01-10,0.044873774493439066,51,0.038589551028248,50,0.035175204005391245,49
2001-01-11,0.04254155905600341,50,0.038768280911148686,50,0.033040796686355955,48
2001-01-12,0.022960182609204655,39,0.03897569654148821,50,0.03315893725310323,48
2001-01-16,0.027350258144807692,44,0.03910637514717513,50,0.033593368087806275,48
2001-01-17,0.02772077753755219,44,0.04075681373296245,50,0.03412935635479837,49
2001-01-18,0.026048122157094546,43,0.03476265257264789,48,0.03415295564361742,49
2001-01-19,0.024641645848165587,41,0.03296075004423225,47,0.03334358095754322,48
2001-01-22,0.0264663545286583,43,0.023358476844204067,39,0.03348949201003294,48
2001-01-23,0.019204164471670712,35,0.02335107120169323,39,0.03222666793949436,47
2001-01-24,0.013881217340213678,25,0.020830248598895817,35,0.028837965519543214,44
2001-01-25,0.009204037802101139,14,0.01895267053588409,32,0.028844248865085003,44
2001-01-26,0.012884537994371809,23,0.020498266898023518,35,0.029438719560119044,45
2001-01-29,0.012046581973954357,21,0.01990335671730006,34,0.029488827610245696,45
2001-01-30,0.009981013790471602,16,0.018367885139456138,31,0.029739115318637554,45
2001-01-31,0.024557984850820114,41,0.018972938579010678,32,0.030276638062487465,45
2001-02-01,0.02632890791578021,43,0.018670397337359843,32,0.03041387155481601,45
2001-02-02,0.022202608810010474,39,0.018653392645459732,32,0.026958318005164503,42
2001-02-05,0.02089878907783013,37,0.01835331074999292,31,0.026276771822984848,41
2001-02-06,0.019614246993766196,36,0.02404950875132962,40,0.022600486323247144,36
2001-02-07,0.01943678714435591,35,0.02534425454751751,41,0.023575184051239945,38
2001-02-08,0.019147596526909255,35,0.02527069464260509,41,0.023061624111192423,37
2001-02-09,0.02223247681498429,39,0.022852287092260646,38,0.02216343113919449,36
2001-02-12,0.025263709408685196,42,0.022413002230392543,37,0.021955536079041462,35
2001-02-13,0.018651377011109943,34,0.019486391697414264,33,0.021876785172872944,35
2001-02-14,0.01217783794332496,21,0.019094607413536895,33,0.020339953912442636,33
2001-02-15,0.005734484768351333,4,0.019154312571319002,33,0.019371808974574443,31
2001-02-16,0.004534004255621237,2,0.019436975876108646,33,0.01917969011922478,31
2001-02-20,0.02315624364378019,39,0.023281367757749697,39,0.02171548195269753,35
2001-02-21,0.024935265633967186,41,0.021099597470149545,35,0.02181074858815575,35
2001-02-22,0.024794460997957034,41,0.020094261436556494,34,0.021985345019048183,36
2001-02-23,0.02772153067971067,44,0.020523786516252657,35,0.0221781822204079,36
2001-02-26,0.03387676033031298,47,0.023247598119009043,38,0.02368348867634421,38
2001-02-27,0.02377161497906493,40,0.023164291950569207,38,0.022566402177989553,36
2001-02-28,0.024120421429911693,40,0.025233310240170538,41,0.022971344636825767,37
2001-03-01,0.025907846826370564,42,0.025137997991100267,41,0.021952967682337614,35
2001-03-02,0.0249584621721656,41,0.02510568220911811,41,0.021231664530761165,34
2001-03-05,0.014229502644076056,26,0.024720510185068205,40,0.021212316244810157,34
2001-03-06,0.019310147899767455,35,0.02169241066369846,36,0.02197576439766438,35
2001-03-07,0.025431043312632975,42,0.02338929361237074,39,0.024738797784953834,39
2001-03-08,0.02180544447926758,38,0.023531122733480216,39,0.022970969799763822,37
2001-03-09,0.026973438443054387,44,0.025600721820962305,41,0.022598353643891365,36
2001-03-12,0.03006689486195836,46,0.02411711109239861,40,0.022665834839810214,36
2001-03-13,0.035085645058607395,48,0.028767681087167617,44,0.024861911549176812,39
2001-03-14,0.038084532108361824,49,0.03146736070708406,46,0.027144681692043583,42
2001-03-15,0.03703071152499776,49,0.030972408475811165,46,0.027195492835815852,42
2001-03-16,0.03636605389991798,48,0.03158984250998914,46,0.027402842805680217,43
2001-03-19,0.038224656536449436,49,0.03251789439162829,47,0.028156718929912176,43
2001-03-20,0.030985228927296177,46,0.03422213942355613,48,0.029042542076947727,44
2001-03-21,0.02397562220075893,40,0.03000254828478153,45,0.02725377974602148,42
2001-03-22,0.024467729535784445,41,0.029699540155116628,45,0.027107795738039647,42
2001-03-23,0.03986884219373619,49,0.03633227022320165,49,0.030121169821153367,45
2001-03-26,0.03748991506188509,49,0.03588364463098775,49,0.030025386972751516,45
2001-03-27,0.03621250200231309,48,0.034087617937450486,48,0.030040681301043107,45
2001-03-28,0.03555504247078531,48,0.029904053173705647,45,0.030032298923804802,45
2001-03-29,0.03502354878386406,48,0.031163167248492933,46,0.02975747678386985,45
2001-03-30,0.025458829356211157,42,0.031548408695347294,46,0.03007139357280136,45
2001-04-02,0.02673331316391269,43,0.030930654004638836,46,0.030260136521501238,45
2001-04-03,0.02423449778396828,41,0.031038278264595955,46,0.031350008490166545,46
2001-04-04,0.02685196555274448,43,0.03341856330653611,47,0.032171946911156456,47
2001-04-05,0.03298314999353375,47,0.03355260291774895,48,0.030972910114222596,46
2001-04-06,0.030036443211681054,46,0.029822228431575188,45,0.03203110588792977,47
2001-04-09,0.03505427964511928,48,0.030954430998974287,46,0.03210633748157308,47
2001-04-10,0.036428315242863225,48,0.029425461978402935,45,0.032432222445401865,47
2001-04-11,0.030262778908403107,46,0.02988489078810357,45,0.03047683976628848,46
2001-04-12,0.027830306423493215,44,0.02916444985220153,44,0.028713330530163124,44
2001-04-16,0.013651160180864617,25,0.027272329762670324,43,0.028743870333038622,44
2001-04-17,0.014948230399350088,27,0.027124119203066628,42,0.028567059870797492,44
2001-04-18,0.028796856646638683,45,0.031741563837427655,46,0.030843344665562676,46
2001-04-19,0.029102562889824504,45,0.028137343069058122,44,0.030094169428439566,45
2001-04-20,0.03416575647551775,48,0.029438519652937103,45,0.03069193306190562,46
2001-04-23,0.03331538358898693,47,0.02401794578768081,40,0.029991675089692617,45
2001-04-24,0.03321375106866708,47,0.024387484564015287,40,0.02704742963034031,42
2001-04-25,0.01738874388736782,32,0.023523497315529756,39,0.027020335540957837,42
2001-04-26,0.012636602183045425,22,0.023422047816020468,39,0.025795862163342224,41
2001-04-27,0.01548092533953492,28,0.025013959557993393,41,0.026702635714183073,42
2001-04-30,0.018565913946975036,34,0.025603971717915442,41,0.026409087978659096,41
2001-05-01,0.017354745360738052,32,0.02502327602841548,41,0.0257089661240615,41
2001-05-02,0.01832485229815685,34,0.017079977167041075,29,0.02553762766597768,40
2001-05-03,0.01862545363627048,34,0.01553690263035761,27,0.024311565651862575,39
2001-05-04,0.010148044240696543,16,0.013184550335671104,21,0.022459210487522436,36
2001-05-07,0.006550200365630487,7,0.013230595213544714,21,0.02177553238863477,35
2001-05-08,0.006359336763236,6,0.013359753664230358,22,0.019146665451800344,31
2001-05-09,0.006346166007202634,6,0.013459396482571197,22,0.019000587969478965,31
2001-05-10,0.007700857511820306,10,0.01357839726120688,22,0.018363034565495102,30
2001-05-11,0.018018527540632306,33,0.014473724236561984,24,0.020595037501707974,34
2001-05-14,0.02167728254080281,38,0.015571852687096252,27,0.020824146863609415,34
2001-05-15,0.023013637598382295,39,0.015919207893625328,27,0.020785705364859033,34
2001-05-16,0.026217598026377877,43,0.018365003658990107,31,0.02129410825139326,35
2001-05-17,0.02620440161231848,43,0.018317360283777766,31,0.016830014131416358,27
2001-05-18,0.009969390080995729,16,0.018294472075448286,31,0.016210833595823006,26
2001-05-21,0.013454976185608359,24,0.018549893863609276,32,0.015324781039077803,24
2001-05-22,0.01932992414853323,35,0.021544946421145256,36,0.017263002082214957,27
2001-05-23,0.018113405885129975,33,0.02129688240595585,36,0.017101126667648573,27
2001-05-24,0.018920587295503173,35,0.02202351993556051,37,0.017635288063575203,28
2001-05-25,0.02423156847078271,41,0.017806642560084483,31,0.018507630149384162,30
2001-05-29,0.022831517111565214,39,0.017755122941705594,30,0.017479215600008084,28
2001-05-30,0.018888427439434915,35,0.019138061400913134,33,0.01735941420199229,28
2001-05-31,0.019142532211186763,35,0.01776501682135292,30,0.017358776478716115,28
2001-06-01,0.016721672619092035,31,0.019352217983826213,33,0.017922173946482288,29
2001-06-04,0.015352584202326934,28,0.019413541626973375,33,0.01795675317149548,29
2001-06-05,0.017404656070519314,32,0.01980896607769073,34,0.01846014020084266,30
2001-06-06,0.015804186940398323,29,0.0164739984904766,28,0.01848985410580819,30
2001-06-07,0.015650512468046485,29,0.01649319189318519,28,0.018309548248260324,29
2001-06-08,0.012747331653404878,23,0.014887705086039957,25,0.018418929058018122,30
2001-06-11,0.012674826509480768,22,0.013276390213126099,22,0.018476877574719556,30
2001-06-12,0.005787022071235174,5,0.012420047232845687,20,0.01561269510246173,24
2001-06-13,0.005831134079571982,5,0.011553549749011708,17,0.015413238882744994,24
2001-06-14,0.011281037917642898,19,0.013484152438294946,22,0.016430273086494154,26
2001-06-15,0.012209658135341245,22,0.012275555661144714,19,0.01543985922224395,24
2001-06-18,0.016243214039067057,30,0.013754290948173311,23,0.01602500762120486,25
2001-06-19,0.016397894889435195,30,0.011892686583937674,18,0.016042010311648112,25
2001-06-20,0.016463778961351958,30,0.012008965192091514,19,0.0158575625952598,25
2001-06-21,0.00768447615372589,10,0.013481269706489527,22,0.014317208969806702,22
2001-06-22,0.007016656903718271,8,0.012820742945625572,21,0.014377713796831592,22
2001-06-25,0.011718842940494505,20,0.013588788904360792,22,0.013886614189043788,21
2001-06-26,0.014524027808246994,26,0.014603699940443688,25,0.013326428773802907,20
2001-06-27,0.01433015663682435,26,0.014632596780087324,25,0.012958118283688664,19
2001-06-28,0.009026151766266692,13,0.011961591590889411,18,0.012623398607998989,18
2001-06-29,0.006200942648690942,6,0.011984404994320208,18,0.01252237993201022,18
2001-07-02,0.00775466820249321,10,0.010467502377157621,14,0.011720589234635249,16
2001-07-03,0.004875330724524671,3,0.010270282561490622,14,0.011612925980431123,16
2001-07-05,0.005142254703428608,3,0.010158696292501337,13,0.010608716412690882,13
2001-07-06,0.015367697610756653,28,0.011888954956761481,18,0.012704099786256407,19
2001-07-09,0.01669362225066536,31,0.011951902654535473,18,0.012911069999526447,19
2001-07-10,0.019434882434164774,35,0.01481941730709917,25,0.014626663439558494,23
2001-07-11,0.020620339840465057,37,0.015217682373785266,26,0.01470822963124316,23
2001-07-12,0.02965395546750361,45,0.02010291620683163,34,0.016768519045709834,27
2001-07-13,0.0250165360650502,42,0.020571363659433177,35,0.017020508112769256,27
2001-07-16,0.02561475730567487,42,0.021355765463719825,36,0.016445502853793197,26
2001-07-17,0.013869627700189497,25,0.024120878602203577,40,0.018109287790367884,29
2001-07-18,0.014024290775266996,25,0.02404065941393306,40,0.017720803396912323,28
2001-07-19,0.017200144925990587,32,0.024348776488601315,40,0.017911539655260555,29
2001-07-20,0.02017987554597471,36,0.02145336072410106,36,0.018116204897113946,29
2001-07-23,0.02036931801319377,37,0.02198742139357447,37,0.017737255171113894,28
2001-07-24,0.006565298005709218,7,0.017942745269717873,31,0.0176843363421904,28
2001-07-25,0.006704901889759852,7,0.017945573194625645,31,0.017504752935682075,28
2001-07-26,0.009482602600223239,14,0.015200492689811518,26,0.01732930661572489,28
2001-07-27,0.008343255879178722,11,0.014962471984760684,25,0.017329610524954842,28
2001-07-30,0.006402685790048519,6,0.014237362453118518,24,0.01723352345661006,27
2001-07-31,0.004375255308312047,2,0.00763222808989496,6,0.017232017955716696,27
2001-08-01,0.007836356612241946,10,0.007858724639670672,7,0.01740708097101615,28
2001-08-02,0.006744987080481979,7,0.007853655694291023,7,0.017435291432390622,28
2001-08-03,0.0061659536850858215,6,0.0070451958146068965,5,0.017409982248155865,28
2001-08-06,0.007146811989123998,8,0.007195457623881975,5,0.015793819031741572,25
2001-08-07,0.0076647537679630125,10,0.006923000814635156,5,0.01573548446193636,25
2001-08-08,0.006491106402959742,6,0.006913273812021678,5,0.013503865153448862,21
2001-08-09,0.006644956803435905,7,0.00636917940232938,3,0.01351539053832063,21
2001-08-10,0.007156732025480062,8,0.0063174474546016535,3,0.011619149549235895,16
2001-08-13,0.00630177525191869,6,0.006701272925043105,4,0.011374293365541932,15
2001-08-14,0.008292064364041335,11,0.007529017611128268,6,0.0111151581803823,14
2001-08-15,0.008193970179683664,11,0.006971802108436011,5,0.007233639800862929,4
2001-08-16,0.010126060245900565,16,0.008084923085932567,7,0.0078112772257590704,5
2001-08-17,0.011036836930531467,18,0.008779143017561953,9,0.007921313616161541,6
2001-08-20,0.012681510460402695,23,0.009447605646560891,11,0.008207838290437596,6
2001-08-21,0.010824007455652374,18,0.009407473405573156,11,0.007983028468436584,6
2001-08-22,0.012272672685680809,22,0.010664109702951077,15,0.008655733631353836,8
2001-08-23,0.011588755522341199,20,0.01056955109793465,15,0.008636242741640723,8
2001-08-24,0.01778347626879792,33,0.014015190507784726,23,0.010433954973363878,13
2001-08-27,0.016694434142825954,31,0.014092891882838273,23,0.010474104434474116,13
2001-08-28,0.017423679990875976,32,0.014340498901225185,24,0.010882656111863048,14
2001-08-29,0.014302487760231514,26,0.016890388034519203,29,0.0124603576198185,18
2001-08-30,0.013475338657766144,24,0.01591794030610547,27,0.012408837374201306,18
2001-08-31,0.018867676140727454,35,0.01770782251943698,30,0.013264174957623992,20
2001-09-04,0.019513524226308865,36,0.017120278115578178,29,0.013380045107025918,20
2001-09-05,0.018973178550981212,35,0.017267747806751357,30,0.013412205363878221,20
2001-09-06,0.01733687544645207,32,0.016653202857382556,29,0.014291911060434257,22
2001-09-07,0.019032110424137504,35,0.016364296694654112,28,0.014792219852907853,23
2001-09-10,0.012122750745346743,21,0.015446770015401446,26,0.014820542243607614,23
2001-09-17,0.018498546308256838,34,0.021648356352460933,36,0.018794246654260893,30
2001-09-18,0.025126299846054776,42,0.023304627993362595,39,0.019097732676270737,31
2001-09-19,0.026401804596242924,43,0.02257884365653232,38,0.019091806984432958,31
2001-09-20,0.026668781064992507,43,0.022722411283565384,38,0.019490702428391116,32
2001-09-21,0.03015251226647655,46,0.022435397034672316,37,0.02088195427347679,34
2001-09-24,0.036315167930273326,48,0.029622100095392876,45,0.02420760937828124,39
2001-09-25,0.03944458609786468,49,0.0332005085951507,47,0.02535644498620698,40
2001-09-26,0.039440303773146085,49,0.032892008941763716,47,0.02535684343955609,40
2001-09-27,0.038525378545865414,49,0.03493455058428066,48,0.0262956167377157,41
2001-09-28,0.01741979052464039,32,0.035688877637017405,49,0.027145289821218693,42
2001-10-01,0.015274459822189043,28,0.029023613840705384,44,0.026809434568549083,42
2001-10-02,0.014047410195208805,25,0.028978054232690634,44,0.026909705418418556,42
2001-10-03,0.011728452928501484,20,0.028790453970935072,44,0.02686111193487701,42
2001-10-04,0.016149196219601876,30,0.027991794958728916,43,0.026390481516432168,41
2001-10-05,0.024917991624532287,41,0.02748864811244277,43,0.028230311340540232,43
2001-10-08,0.02496214915981726,42,0.027392251900418572,43,0.02841680428276323,43
2001-10-09,0.021834409211783954,38,0.02779330445611538,43,0.029155569009701916,44
2001-10-10,0.0394827147079954,49,0.03299390560068801,47,0.031817345280429524,47
2001-10-11,0.03993180656068339,49,0.03086199112266784,46,0.03149210628706951,46
2001-10-12,0.03700382813071173,49,0.029788441559706707,45,0.03179004919114782,47
2001-10-15,0.042099059081119036,50,0.03457107434728128,48,0.03361712922431818,48
2001-10-16,0.03554191449561206,48,0.03714885570329581,49,0.03211944556985325,47
2001-10-17,0.033178268760995076,47,0.03701357837543962,49,0.03217301146603639,47
2001-10-18,0.03301218381933156,47,0.03668553348851925,49,0.032175785526212225,47
2001-10-19,0.02644708434997892,43,0.03323859771708923,47,0.03157767003811475,46
2001-10-22,0.02053349668410042,37,0.03132906991195105,46,0.029469756144816103,45
2001-10-23,0.013095726480299427,23,0.026755070453330018,42,0.02807989654296347,43
2001-10-24,0.011067369595873263,18,0.023324803286612218,39,0.027521882651636246,43
2001-10-25,0.008991363760148951,13,0.02290313868370218,38,0.027570936295709295,43
2001-10-26,0.010003877052394765,16,0.018899447463973977,32,0.026837918081702317,42
2001-10-29,0.014783380656983865,27,0.017208465480755043,30,0.026704361094671333,42
2001-10-30,0.015351249804125826,28,0.013599844666859245,22,0.026714245410334916,42
2001-10-31,0.01205939831075769,21,0.012885500111798388,21,0.026641289363754442,42
2001-11-01,0.012879514134602612,23,0.01334723436065524,22,0.02681841090294998,42
2001-11-02,0.015224815630724942,28,0.013598583147105318,22,0.02665421184970004,42
2001-11-05,0.010559950686765785,17,0.012132378892956448,19,0.024200460334491015,39
2001-11-06,0.008430622027354817,12,0.0128007049284376,20,0.022740471573324095,36
2001-11-07,0.006156251042423744,6,0.012215099723078654,19,0.02022169481917779,33
2001-11-08,0.006350553586666804,6,0.01177971724448946,18,0.01781561498851392,29
2001-11-09,0.00719630070136342,8,0.011702202532856407,18,0.01774187265301973,28
2001-11-12,0.007786403489319094,10,0.008774735533599762,9,0.015821190468625963,25
2001-11-13,0.004837761925821849,3,0.007218790601587295,5,0.01297299786412438,19
2001-11-14,0.0036291814866244777,1,0.0071302677900362,5,0.010670870490052121,13
2001-11-15,0.004054362226378472,1,0.0072276590335299,5,0.010297066787984798,12
2001-11-16,0.006628923832368401,7,0.00796961477726742,7,0.010788192713599497,14
2001-11-19,0.012764866579445262,23,0.01013389633613436,13,0.011435171107920205,15
2001-11-20,0.013182086860635586,24,0.009606487126866176,12,0.010896855284331626,14
2001-11-21,0.013187389468180427,24,0.009183066626149913,11,0.010864014989097009,14
2001-11-23,0.01593567398976622,30,0.011290122711285605,16,0.011194373819752988,15
2001-11-26,0.013787682435502454,25,0.011295096244097478,16,0.010993174527170402,14
2001-11-27,0.0160508665747275,30,0.01386455908236747,23,0.012287117975807033,17
2001-11-28,0.020092359738169613,36,0.016309262435845875,28,0.013178901857015401,20
2001-11-29,0.026010982897487375,43,0.0194419771400107,33,0.014363813410576966,22
2001-11-30,0.026548269153763897,43,0.022432052697395517,37,0.016647720340436323,26
2001-12-03,0.02672532017888455,43,0.02225670978259087,37,0.016324826348155057,26
2001-12-04,0.02783574219933523,44,0.021445536751990013,36,0.016302297891054213,26
2001-12-05,0.0243931575650319,41,0.021395584431611842,36,0.016336445350892227,26
2001-12-06,0.020300627403770508,37,0.022023616814410583,37,0.01618657748189571,26
2001-12-07,0.008417840906007768,12,0.020595200298304302,35,0.016049000990329916,25
2001-12-10,0.01566090217025376,29,0.021563223807644444,36,0.01679410466953944,27
2001-12-11,0.01504940562177191,27,0.02118809177246146,36,0.017023046725278036,27
2001-12-12,0.015049490479971256,27,0.01911668405641551,33,0.017095246807910972,27
2001-12-13,0.016030989895184432,30,0.01729601314470403,30,0.017539863938458137,28
2001-12-14,0.015569535040308804,29,0.013232336976603783,21,0.017541440094315453,28
2001-12-17,0.018367496722954506,34,0.016229499690734436,28,0.018798626824708363,30
2001-12-18,0.018173304580210242,33,0.01575582018156397,27,0.018636219623322316,30
2001-12-19,0.018168841448514033,33,0.015730063218802725,27,0.018014787736927967,29
2001-12-20,0.014845930492604029,27,0.01532426172143878,26,0.01800711913595868,29
2001-12-21,0.019656210687040866,36,0.017041078564711352,29,0.01872419047078839,30
2001-12-24,0.011901333063490135,21,0.015445616992314002,26,0.01797625394558636,29
2001-12-26,0.013427962415652571,24,0.015238352098731893,26,0.01814407147785584,29
2001-12-27,0.013916108390711026,25,0.015389435361118984,26,0.01766209120210542,28
2001-12-28,0.014333136176567358,26,0.013869270181262328,23,0.01658230190564676,26
2001-12-31,0.007982649458111248,10,0.01427245025164329,24,0.015313540693013135,24
2002-01-02,0.008207621201345501,11,0.010589448028485927,15,0.013114085092696627,20
2002-01-03,0.007814249956495534,10,0.010563455632393009,14,0.013124332359542506,20
2002-01-04,0.009605000814640836,15,0.011534250381122308,17,0.013165229704473933,20
2002-01-07,0.01073351667682035,18,0.01202364566623341,19,0.01343517193765529,20
2002-01-08,0.012314223893104999,22,0.010460719481170624,14,0.013535127330873397,21
2002-01-09,0.012220643372238639,22,0.010470294631024068,14,0.013516727392485101,21
2002-01-10,0.012331051702824098,22,0.010017698305966449,13,0.012518073369914947,18
2002-01-11,0.008252270573834212,11,0.010674045541741927,15,0.012814928636097313,19
2002-01-14,0.008552664115851188,12,0.009748253362034047,12,0.012686917791145332,19
2002-01-15,0.01064642921941866,18,0.010856846474827058,15,0.012303572071387167,18
2002-01-16,0.011319673140125488,19,0.011108513374129587,16,0.012496631651451644,18
2002-01-17,0.0119215806752612,21,0.01143443173503613,17,0.010522760411528692,13
2002-01-18,0.008941953291567774,13,0.009438231317790972,11,0.010550858771005213,13
2002-01-22,0.01620004592715072,30,0.014298125098144368,24,0.012609389108885148,18
2002-01-23,0.015922910085863478,30,0.013249372318177204,21,0.012557382255650711,18
2002-01-24,0.01413664260867049,26,0.014171550929518696,24,0.011922362185869182,17
2002-01-25,0.01693885853331858,31,0.014800303978580148,25,0.012201529858070725,17
2002-01-28,0.015641155991018146,29,0.013026368088520672,21,0.012096799766726701,17
2002-01-29,0.03443335970844661,48,0.02695472812494474,42,0.019455193847135347,32
2002-01-30,0.04182766424378942,50,0.03011763743344738,45,0.021609102994897128,35
2002-01-31,0.04238283656986171,50,0.030528924005905657,45,0.022110562832249596,36
2002-02-01,0.04374654335931779,50,0.03200355461602984,47,0.022870871666265283,37
2002-02-04,0.04466520178239657,51,0.033641380785574174,48,0.023848937882721244,38
2002-02-05,0.03166896723626593,46,0.03164981612489043,46,0.02351479880036094,38
2002-02-06,0.0216436212918122,38,0.0315541484693873,46,0.02344292608412545,38
2002-02-07,0.015210695537302928,28,0.030563164036263326,45,0.023271747239134624,37
2002-02-08,0.021515590004423983,38,0.03254670770265102,47,0.024186437380063854,39
2002-02-11,0.01395432390768961,25,0.03278277823955271,47,0.02431520123524968,39
2002-02-12,0.012706120352039314,23,0.02312735825748538,38,0.023997723720612683,38
2002-02-13,0.012394845211874212,22,0.019696284756578912,34,0.024263547399589573,39
2002-02-14,0.012936745570364321,23,0.018219669566174698,31,0.02414370613510141,39
2002-02-15,0.014460475630742986,26,0.01735676285410854,30,0.024463059411669003,39
2002-02-19,0.01577016626918446,29,0.015342298238096953,26,0.024846530219512088,39
2002-02-20,0.021706734331700932,38,0.017137160615885397,30,0.025572933224791386,40
2002-02-21,0.019606649571233738,36,0.017146574216572338,30,0.024622612595422422,39
2002-02-22,0.01982519631544355,36,0.017130510506198703,29,0.024626007011563384,39
2002-02-25,0.021484387877320675,38,0.017696932747950582,30,0.025303884930002157,40
2002-02-26,0.014874568205884177,27,0.017574987158443665,30,0.025235040468379943,40
2002-02-27,0.01363990093687831,24,0.017501990352570142,30,0.02522030624724596,40
2002-02-28,0.012818968437830593,23,0.016911198578921004,29,0.01946733178451611,32
2002-03-01,0.012465720679259856,22,0.01713588345527315,30,0.017620607946547767,28
2002-03-04,0.009783071999183105,15,0.015763134218859182,27,0.01776651213870808,28
2002-03-05,0.01686266917828912,31,0.01571580957175845,27,0.017306159021884145,27
2002-03-06,0.018691802908936246,34,0.015465728778776777,27,0.016001919824450594,25
2002-03-07,0.01880730779024674,35,0.015174253252729133,26,0.015680735610022357,24
2002-03-08,0.01877844676316996,34,0.015057505095233485,26,0.01565228138666059,24
2002-03-11,0.016961416342794546,31,0.013389872179680733,22,0.015712609373093725,24
2002-03-12,0.010443905386117981,17,0.013429369577392429,22,0.014947478696098205,23
2002-03-13,0.007155351020079507,8,0.013882917634190495,23,0.015128563370885152,23
2002-03-14,0.008457258837278792,12,0.014604930268239556,25,0.015298902722300608,24
2002-03-15,0.01659404669385732,31,0.016935405203884712,29,0.016262859762498034,26
2002-03-18,0.017022188716672278,31,0.016027461819094882,28,0.016374538865623876,26
2002-03-19,0.017053459969512692,31,0.01374162444826331,23,0.015357635229199742,24
2002-03-20,0.018497276430344926,34,0.013247679185639684,21,0.014904173319717242,23
2002-03-21,0.017783252037504887,33,0.013223034496605121,21,0.014117243920674866,22
2002-03-22,0.009140299773066622,14,0.012965522762406863,21,0.014072177163053548,22
2002-03-25,0.009381566648044093,14,0.013234902077442993,21,0.014348176725674863,22
2002-03-26,0.011923657282722386,21,0.013905472755273115,23,0.013214384286732089,20
2002-03-27,0.009130425005221994,14,0.013786715065578787,23,0.013348196438112874,20
2002-03-28,0.011145761469854184,19,0.014079722129027604,23,0.013715469175838001,21
2002-04-01,0.009989422921845723,16,0.009026821320460437,10,0.013703133678662788,21
2002-04-02,0.010217428881040928,17,0.009449392273772193,11,0.013570974587356018,21
2002-04-03,0.00792593661322516,10,0.009700985563619353,12,0.012769991369621626,19
2002-04-04,0.008684840838758288,12,0.008559052680803099,9,0.011791663898316434,16
2002-04-05,0.006097707385356783,5,0.008574864792485986,9,0.010589222037991024,13
2002-04-08,0.006528261443553135,7,0.008433727346456702,8,0.010671515659967793,13
2002-04-09,0.005926470573445067,5,0.007890989529187896,7,0.010384070554605765,12
2002-04-10,0.002280328958149719,0,0.006726621989575271,4,0.010376836439565036,12
2002-04-11,0.010781213810507381,18,0.009229450376368178,11,0.011299956419829471,15
2002-04-12,0.014542112986740865,26,0.01051891921143604,14,0.012028089256065634,17
2002-04-15,0.01565612522230447,29,0.011565355172866955,17,0.01222305126540371,17
2002-04-16,0.018767632969092167,34,0.013121634419077936,21,0.011046687359233887,14
2002-04-17,0.0187840095696263,35,0.012672149896425625,20,0.010947410626448552,14
2002-04-18,0.01507902242190284,28,0.012776627621098708,20,0.01098088672923295,14
2002-04-19,0.013564634966963553,24,0.013272076743697037,22,0.010676422946204116,13
2002-04-22,0.012320686214375237,22,0.01366392950135461,23,0.010918081785131033,14
2002-04-23,0.009726720315319862,15,0.014095614423590842,23,0.011070795791939345,14
2002-04-24,0.0108512101953192,18,0.014465159637675367,24,0.011056320731167406,14
2002-04-25,0.011913924346578253,21,0.013105227025782826,21,0.010980274963127992,14
2002-04-26,0.01166596228563904,20,0.01211374020044508,19,0.011195401609382745,15
2002-04-29,0.011542378046273007,20,0.011528555501030985,17,0.010977760888984004,14
2002-04-30,0.012634518229452862,22,0.01069519990728079,15,0.011435105732917894,15
2002-05-01,0.012129495915888215,21,0.010850092125751483,15,0.011433242821634751,15
2002-05-02,0.011898962141605405,21,0.011802161070635038,18,0.01170391262158225,16
2002-05-03,0.011636119030550571,20,0.011271309636461325,16,0.01169206661170686,16
2002-05-06,0.014509241811313283,26,0.012447123311227817,20,0.01246746035033411,18
2002-05-07,0.012735170497133463,23,0.011959480731839046,18,0.0124400394215272,18
2002-05-08,0.013514473411896682,24,0.012194578492409952,19,0.012706492786520588,19
2002-05-09,0.011456000284174124,19,0.011345716999414448,16,0.012720319394593364,19
2002-05-10,0.012329976282617611,22,0.011578749376157106,17,0.011940580944188659,17
2002-05-13,0.00925715431919646,14,0.011620541859762674,17,0.011588132541456048,16
2002-05-14,0.00949960534447357,15,0.011136979254562245,16,0.011159082868831058,14
2002-05-15,0.00918806433651261,14,0.010895612917606873,15,0.010434360666631774,13
2002-05-16,0.009199997866486653,14,0.009875983869055777,13,0.010421152218802297,13
2002-05-17,0.006033304457834878,5,0.00999361033465107,13,0.010388584099699012,12
2002-05-20,0.010193979411658144,17,0.00951589788364492,11,0.010858887187198301,14
2002-05-21,0.009858793556156781,15,0.010601603707506745,15,0.011015446695072359,14
2002-05-22,0.010511718990685572,17,0.00990340103197623,13,0.010775657648891563,14
2002-05-23,0.013127702322802585,23,0.010852059385453116,15,0.010966043049245524,14
2002-05-24,0.012655589180186073,22,0.010746353582747965,15,0.010831516686065893,14
2002-05-28,0.011024972095317874,18,0.010087040922870636,13,0.010764603809954079,13
2002-05-29,0.009593794278691179,15,0.009657852536305318,12,0.010574586456506642,13
2002-05-30,0.010057386678618403,16,0.009794026394443801,12,0.010219815167214444,12
2002-05-31,0.005702765893417331,4,0.009709637647707605,12,0.010177041622474391,12
2002-06-03,0.009121016479124269,14,0.010484742654054953,14,0.01042096098846232,13
2002-06-04,0.009227933351496307,14,0.009737725706241132,12,0.010421254249955476,13
2002-06-05,0.008229281121824876,11,0.01039715394521854,14,0.010386855665242518,12
2002-06-06,0.018878074090076802,35,0.01712719720943577,29,0.014602248632479312,22
2002-06-07,0.023920803953453123,40,0.0173346861806312,30,0.01479856548355894,23
2002-06-10,0.02454851821338437,41,0.017611509277470756,30,0.01472986431515344,23
2002-06-11,0.024222782699319774,41,0.0176100848860149,30,0.014701381695657989,23
2002-06-12,0.024851011245557855,41,0.017509534603770333,30,0.014279328702941251,22
2002-06-13,0.014650912315156578,26,0.01810429464973327,31,0.014491373895723296,22
2002-06-14,0.01594236247080442,30,0.02041390369785676,35,0.015510484946934869,24
2002-06-17,0.021329909222050886,38,0.02311513090940293,38,0.017230750188313354,27
2002-06-18,0.02019784368708272,36,0.02333035399303688,39,0.017220632891257914,27
2002-06-19,0.021003841641338547,37,0.022719970579030135,38,0.016983778405116626,27
2002-06-20,0.021208577261702048,38,0.017646081082773026,30,0.01749509239301233,28
2002-06-21,0.023593159815299414,40,0.019033146496456304,32,0.018142976654051037,29
2002-06-24,0.015026098587366424,27,0.01901993092964649,32,0.017633067957339873,28
2002-06-25,0.012169372974179794,21,0.01898845390735449,32,0.017623050311346214,28
2002-06-26,0.015686677940839416,29,0.02188081883862118,37,0.019041763746781428,31
2002-06-27,0.0215133581939703,38,0.022038187448970407,37,0.019475456852113136,32
2002-06-28,0.024129233754971936,40,0.022541993653045087,37,0.020582738999330757,33
2002-07-01,0.02517162445074757,42,0.019742563855619698,34,0.02075117674637626,34
2002-07-02,0.025292236705857604,42,0.019386277535838978,33,0.02056193379808502,33
2002-07-03,0.017497416318597487,32,0.01939483454752746,33,0.020607027882762342,34
2002-07-05,0.020401547447299953,37,0.02154597107199324,36,0.021587209153631055,35
2002-07-08,0.018482590272438013,34,0.020376096309670026,34,0.01912880212842077,31
2002-07-09,0.020830738169475553,37,0.02200562159058607,37,0.019526507231413078,32
2002-07-10,0.02562376257419683,42,0.024038138126212957,40,0.020588273204362836,34
2002-07-11,0.02658987070044201,43,0.021271365896273865,36,0.020902683971606495,34
2002-07-12,0.021490085973876215,38,0.020856072063774506,35,0.02088945282346776,34
2002-07-15,0.017643398325743572,32,0.01907231354530329,33,0.020519451826438374,33
2002-07-16,0.017377428670500423,32,0.019607539797515155,33,0.02031951926061275,33
2002-07-17,0.014893103023443337,27,0.019963429974041273,34,0.01895344015725699,31
2002-07-18,0.011157569432450666,19,0.022162145160306533,37,0.019817747738032587,32
2002-07-19,0.009285140363690225,14,0.017593335274020107,30,0.019899707197911877,32
2002-07-22,0.007751604034314894,10,0.014211882284097768,24,0.019832561616403312,32
2002-07-23,0.010465021298142266,17,0.015752686358043107,27,0.020643589964057865,34
2002-07-24,0.023328646588513267,40,0.01915772640440357,33,0.02142727142873129,35
2002-07-25,0.025151810088127367,42,0.019275448185882196,33,0.022065057906525437,36
2002-07-26,0.029071258895491153,45,0.023497915270927403,39,0.022263006920760952,36
2002-07-29,0.031294230237984985,46,0.028894451971542317,44,0.02413204828866257,38
2002-07-30,0.01596364898276043,30,0.028276903017578386,44,0.023250184883623765,37
2002-07-31,0.01690611381245374,31,0.029827255309855156,45,0.0245367155243443,39
2002-08-01,0.028364015993056935,44,0.02835450697898981,44,0.02504703842541573,40
2002-08-02,0.03118046294858381,46,0.02857234243542919,44,0.02527816272775246,40
2002-08-05,0.02515793429975301,42,0.02881561031463179,44,0.024437667725572182,39
2002-08-06,0.02948963407703831,45,0.02533007148113422,41,0.02504488836388614,40
2002-08-07,0.026469316540869477,43,0.02556849954094254,41,0.025461850412579996,40
2002-08-08,0.03120850271588588,46,0.0282270091202971,44,0.026983070846685362,42
2002-08-09,0.026535794919379647,43,0.027808954744445807,43,0.02680276747976928,42
2002-08-12,0.020507002219345885,37,0.02583264397168006,41,0.026770595027456448,42
2002-08-13,0.025270740137549288,42,0.026750353763512053,42,0.02687479532695195,42
2002-08-14,0.025332793584690396,42,0.02567306724835369,41,0.02687835338252864,42
2002-08-15,0.014993789946263202,27,0.02348370519455226,39,0.026413291277616293,41
2002-08-16,0.015858654464372717,29,0.022395253531516463,37,0.024980458333651638,40
2002-08-19,0.017803974530103482,33,0.019767686053007123,34,0.024660606263218764,39
2002-08-20,0.017694822108048725,33,0.020842684660011705,35,0.024421834859935605,39
2002-08-21,0.014395921126436265,26,0.020106446544201816,34,0.022024155151374823,36
2002-08-22,0.015041320885113034,27,0.014159148059312527,24,0.02191528944101029,35
2002-08-23,0.015858535788592913,29,0.015000338937960104,25,0.02235905784593797,36
2002-08-26,0.016694144568008797,31,0.016313587430895612,28,0.02213739983672686,36
2002-08-27,0.013248118276085468,24,0.014771413564795123,25,0.020542863776338675,33
2002-08-28,0.017673701245988827,32,0.015196788440358733,26,0.021214160821291118,34
2002-08-29,0.016952153577327107,31,0.015174138389630205,26,0.020055865609077125,33
2002-08-30,0.015508965845585728,29,0.014787726526959038,25,0.019053270205331176,31
2002-09-03,0.0201279200141868,36,0.018859013693931195,32,0.020959720407682784,34
2002-09-04,0.019719987819749613,36,0.018542523915280947,32,0.02011703802058091,33
2002-09-05,0.019580855647188936,36,0.018230246406803385,31,0.019443745523486843,32
2002-09-06,0.02558513158281609,42,0.02051961096492796,35,0.019769981932555084,32
2002-09-09,0.025591014570635767,42,0.020069446779590678,34,0.016860832761007947,27
2002-09-10,0.014907008824678146,27,0.01852168813762188,32,0.01698131579363457,27
2002-09-11,0.014914318758711482,27,0.01840019260104536,32,0.016951366667938308,27
2002-09-12,0.018673264457173534,34,0.018502708053237536,32,0.017199205331227884,27
2002-09-13,0.013293171771274469,24,0.019221601376141654,33,0.016626372242948193,26
2002-09-16,0.01451280038038638,26,0.019627411952133935,33,0.01672775398852404,27
2002-09-17,0.015082721285259719,28,0.014435671385422524,24,0.016848708209697732,27
2002-09-18,0.018170215149317916,33,0.016744864508595428,29,0.01702850733200558,27
2002-09-19,0.02457493348656064,41,0.021527043689313137,36,0.019157096361993177,31
2002-09-20,0.020726192624308276,37,0.017734390092119644,30,0.018973175163931915,31
2002-09-23,0.021328838749903378,38,0.0188106754228279,32,0.018983332983315476,31
2002-09-24,0.02213560647096495,39,0.019963988867412852,34,0.01964172365004835,32
2002-09-25,0.02831735031624925,44,0.022439323828056648,37,0.019724938011509114,32
2002-09-26,0.025967740353847035,42,0.026074351217833865,42,0.021776267542251374,35
2002-09-27,0.030568491124596014,46,0.026579846455947298,42,0.022159164219648787,36
2002-09-30,0.030311745196795088,46,0.026001762852776476,42,0.022063649874962597,36
2002-10-01,0.02871727288752719,45,0.0293607206520765,44,0.023830848876685563,38
2002-10-02,0.03335894595126128,47,0.029729193345539248,45,0.022932937114076977,37
2002-10-03,0.03860980264797034,49,0.034109881795441256,48,0.027079275467295355,42
2002-10-04,0.03875252537884676,49,0.03499324216689271,48,0.02758495851762114,43
2002-10-07,0.038762593582789856,49,0.03570448918728286,49,0.02728517939112061,42
2002-10-08,0.03550001280089296,48,0.037488685285050956,49,0.02851970832584055,44
2002-10-09,0.03728411476793972,49,0.03823967487295816,49,0.030141722755789684,45
2002-10-10,0.044566563577666723,51,0.039580297793450674,50,0.03251773673258868,48
2002-10-11,0.049256860196392215,51,0.0437932130494755,51,0.034664054408411096,49
2002-10-14,0.04166502186573661,50,0.044735583433247135,51,0.034921454099258904,49
2002-10-15,0.05103542347081352,51,0.05132352393298011,52,0.03978743130304562,50
2002-10-16,0.026314251754967773,43,0.05037723302717912,51,0.039879777678679056,50
2002-10-17,0.02729563530768173,44,0.04341312144964102,51,0.0398114466143336,50
2002-10-18,0.029247849390099907,45,0.04056336167934683,50,0.03836895230396963,50
2002-10-21,0.03000788299526451,46,0.034792299025081366,48,0.038367359450020296,50
2002-10-22,0.01328411554000982,24,0.03636456535374861,49,0.03849252835421062,50
2002-10-23,0.013097103246158221,23,0.026445459649626708,42,0.037704087004146396,50
2002-10-24,0.015904750521843845,29,0.029575756649987718,45,0.03800853559426945,50
2002-10-25,0.017792120472799752,33,0.027803540821590433,43,0.03739394951571445,50
2002-10-28,0.016215255569452542,30,0.028493564827240418,44,0.03675814552078804,49
2002-10-29,0.015645911157619694,29,0.01511122624086143,26,0.03672371223077849,49
2002-10-30,0.016912226254605783,31,0.014946953541932081,25,0.03606422242330415,49
2002-10-31,0.012507486702192816,22,0.013659219926996879,23,0.035392194138678355,49
2002-11-01,0.009400957190916184,14,0.013416144852654832,22,0.03119430982372358,46
2002-11-04,0.008894630248127576,13,0.012558945836438382,20,0.030017526261107416,45
2002-11-05,0.009405155222189642,14,0.012457839028626051,20,0.02765334878427643,43
2002-11-06,0.010151497094384199,16,0.013196245651293924,21,0.02789794480728937,43
2002-11-07,0.019602299434839696,36,0.016475474037465007,28,0.02629420260669574,41
2002-11-08,0.01828440093967677,34,0.014740032024485204,25,0.02518708380842851,40
2002-11-11,0.017774867989114682,33,0.014746407253698733,25,0.023602729896414112,38
2002-11-12,0.017248846214611552,32,0.015293024687680132,26,0.02332423116500522,37
2002-11-13,0.017667724338425648,32,0.01406971355875311,23,0.015044408614345929,23
2002-11-14,0.011349710881010555,19,0.016101936111295026,28,0.015316668791002136,24
2002-11-15,0.01052247893061251,17,0.015881386649147344,27,0.014257289485365757,22
2002-11-18,0.01516874549659353,28,0.01683920086871411,29,0.014698808275087363,23
2002-11-19,0.015569473277983878,29,0.016960290987170307,29,0.014555669995620803,22
2002-11-20,0.01690509073862118,31,0.01799809578024382,31,0.015048760651328005,23
2002-11-21,0.01843477774365944,34,0.014576401011194935,24,0.016169675264605436,26
2002-11-22,0.018733381620819164,34,0.01437311085147528,24,0.015224807763199186,24
2002-11-25,0.012775785398590282,23,0.014047002353906674,23,0.014691221312000529,23
2002-11-26,0.019805086783190172,36,0.01681074681292623,29,0.01556951087878786,24
2002-11-27,0.02015158301298142,36,0.017571327420126386,30,0.016188714416321363,26
2002-11-29,0.01624289269915056,30,0.017458041031027976,30,0.01616016818829935,26
2002-12-02,0.01679747273796559,31,0.018174354537220185,31,0.01632069320645881,26
2002-12-03,0.0171565050939439,32,0.016659671368045713,29,0.016260488412337206,26
2002-12-04,0.014220210280693242,26,0.016561465758954147,28,0.016311596030151098,26
2002-12-05,0.008118425568650086,11,0.016284967465356435,28,0.01650069825443802,26
2002-12-06,0.011429107690287075,19,0.013266749238684813,21,0.016491566230661878,26
2002-12-09,0.01037327598398022,17,0.013254959641519095,21,0.014211532038278372,22
2002-12-10,0.014583009888537194,26,0.015297951130407612,26,0.014736528158676784,23
2002-12-11,0.014078050035876073,25,0.013499914121257705,22,0.014647811694229414,23
2002-12-12,0.00894245065875486,13,0.011439842257038866,17,0.014562669030630913,22
2002-12-13,0.013575048597632916,24,0.012162727683707889,19,0.015212205618576205,24
2002-12-16,0.01867983856228756,34,0.015125622719205645,26,0.015872982189436915,25
2002-12-17,0.018608563218952424,34,0.01576138855838019,27,0.01614654405470529,26
2002-12-18,0.019530210773821693,36,0.016247619891676456,28,0.015789188638657595,25
2002-12-19,0.019524316102458836,36,0.015011286968895133,25,0.015580984344991274,24
2002-12-20,0.020769652112309207,37,0.016841670075112794,29,0.016103490350508703,25
2002-12-23,0.016077268453549586,30,0.016838519407350747,29,0.014878304086579195,23
2002-12-24,0.0150172816768987,27,0.015947716842915637,27,0.014906515457373409,23
2002-12-26,0.012695229083848623,23,0.015945003485985248,27,0.014914293806373678,23
2002-12-27,0.01411840310344272,25,0.01626783628966412,28,0.014183517468149226,22
2002-12-30,0.00707870648935043,8,0.015155107799918051,26,0.013552827825184717,21
2002-12-31,0.0071107123281347615,8,0.011735181814616589,18,0.013284339395232304,20
2003-01-02,0.010072445141288288,16,0.012085348147697022,19,0.013352766232677744,20
2003-01-03,0.01086378539610937,18,0.011239713792123853,16,0.013442492160986716,20
2003-01-06,0.010183707585811106,16,0.011791212577779882,18,0.013651927561709866,21
2003-01-07,0.010165506339683425,16,0.00882019298900083,10,0.012872401127280001,19
2003-01-08,0.010317031462787033,17,0.008902932250281338,10,0.012853220142753,19
2003-01-09,0.009559888380582686,15,0.009274479012177388,11,0.013022367736073051,19
2003-01-10,0.00875124469685493,13,0.009455897103951857,11,0.012484666753029413,18
2003-01-13,0.007293130192572446,9,0.00848101294198088,9,0.012561845573324274,18
2003-01-14,0.007302547643146616,9,0.008373814153997313,8,0.012558474377973564,18
2003-01-15,0.010510543517127432,17,0.009963012783511907,13,0.012234086616775237,17
2003-01-16,0.008340481854538588,11,0.009127186401175923,10,0.010604562801693312,13
2003-01-17,0.009364865432310873,14,0.008988458604067051,10,0.0102555647374886,12
2003-01-21,0.008585019396248771,12,0.008547464770936866,9,0.01005218519923173,12
2003-01-22,0.008772306135730825,13,0.008576804560469763,9,0.010050020792755953,12
2003-01-23,0.008627102280971624,12,0.009071869584817727,10,0.008572149353024002,7
2003-01-24,0.01541706647107799,28,0.011698946203113613,18,0.010589408812770842,13
2003-01-27,0.01466835371902006,27,0.012204941610325364,19,0.010985061726431284,14
2003-01-28,0.0159667643486227,30,0.012085628634967602,19,0.011107114318086244,14
2003-01-29,0.016602055635092792,31,0.012524441467137994,20,0.011016599336016234,14
2003-01-30,0.015007254454971041,27,0.012391577448098833,20,0.011173178853004666,14
2003-01-31,0.014466513475181795,26,0.014352128567484185,24,0.011985339429039666,17
2003-02-03,0.01177069697723054,20,0.014085480925342701,23,0.011442874782523248,15
2003-02-04,0.01562791799216346,29,0.014996663416944004,25,0.012155009569129769,17
2003-02-05,0.014929285894580814,27,0.01488772290069874,25,0.011631322079593756,16
2003-02-06,0.013937034227311669,25,0.014192316379388526,24,0.011607278935037841,16
2003-02-07,0.008131416541787942,11,0.011728549410322852,18,0.01165210520126079,16
2003-02-10,0.009059340399130032,13,0.011060876695329392,16,0.01122091028778691,15
2003-02-11,0.004603034148016778,2,0.010886891568834465,15,0.01126437617739448,15
2003-02-12,0.005108420926697158,3,0.010526832538132505,14,0.011034784412586079,14
2003-02-13,0.006757013626012394,7,0.010361107348535565,14,0.011179427128447156,15
2003-02-14,0.010915106130076407,18,0.0102006292419488,14,0.011860621649495919,16
2003-02-18,0.011986804448060133,21,0.011300295014711862,16,0.01226435999704231,17
2003-02-19,0.0107259682299754,18,0.009004615248854644,10,0.01214370738581161,17
2003-02-20,0.009617347193270597,15,0.009124937954713003,10,0.011976136616280504,17
2003-02-21,0.009988916335107479,16,0.00974995869506514,12,0.012333125900842932,18
2003-02-24,0.015394405380774388,28,0.01269741168719213,20,0.013128445559651376,20
2003-02-25,0.013926047231245011,25,0.012756631858100349,20,0.011812129982371905,16
2003-02-26,0.014404372019036018,26,0.013073536991483352,21,0.011620313859903392,16
2003-02-27,0.01622936932225136,30,0.013154739351501672,21,0.011861329779633212,17
2003-02-28,0.014486470978733608,26,0.013131172795815764,21,0.011755048221075388,16
2003-03-03,0.010022161387635547,16,0.01224699502401409,19,0.011608613091990863,16
2003-03-04,0.009808310411837544,15,0.011365127443829328,16,0.01081171342889758,14
2003-03-05,0.009099082103241653,13,0.011560547198612343,17,0.010878846577511357,14
2003-03-06,0.005713946112738156,4,0.011539900118143166,17,0.010011576211356113,11
2003-03-07,0.009027945619788112,13,0.01145132574830052,17,0.010370625938264889,12
2003-03-10,0.01645356394552389,30,0.013089994950687259,21,0.012452751775209357,18
2003-03-11,0.017501735261417357,32,0.01355360759116211,22,0.012944219228773441,19
2003-03-12,0.01733518242997258,32,0.013617293784632162,22,0.012928743293642556,19
2003-03-13,0.02326915075452297,40,0.015996942229980143,28,0.014251360006428621,22
2003-03-14,0.021968653865610192,39,0.015976353727089377,28,0.014174909033485549,22
2003-03-17,0.019729164713384303,36,0.01823924075876552,31,0.01529390593583252,24
2003-03-18,0.017701650188095257,33,0.018460258887609427,32,0.014966341656965998,23
2003-03-19,0.01779091428310351,33,0.019166260783960325,33,0.015137469529351744,24
2003-03-20,0.015761585763611384,29,0.019108376772545517,33,0.015136671983582518,24
2003-03-21,0.014968562514490472,27,0.019220966004527534,33,0.015410538066110693,24
2003-03-24,0.01726596686273171,32,0.017942494784504624,31,0.01606037159448578,25
2003-03-25,0.01643436435310199,30,0.016345051761953652,28,0.015246367949248376,24
2003-03-26,0.01516710717661538,28,0.017168309385271727,30,0.015395576842119816,24
2003-03-27,0.015078614830794692,28,0.015326861555151394,26,0.01523353633461892,24
2003-03-28,0.012658635921063007,22,0.015229389193637427,26,0.014991845852890014,23
2003-03-31,0.013126505155610941,23,0.014686959318349534,25,0.015952678619578685,25
2003-04-01,0.01603836335501312,30,0.015703508811015874,27,0.016354504622553726,26
2003-04-02,0.020124305716635475,36,0.01714522827440352,30,0.017274919647001008,27
2003-04-03,0.02074659064551632,37,0.01741429760275251,30,0.017406318012161005,28
2003-04-04,0.0211416597332036,38,0.017209375660210576,30,0.017546627661552378,28
2003-04-07,0.015802467954948596,29,0.015422454448753491,26,0.017475602726518345,28
2003-04-08,0.01629762237741986,30,0.01651517799380144,28,0.016395197813985022,26
2003-04-09,0.014000963352800495,25,0.01640976252626189,28,0.01595499283565938,25
2003-04-10,0.013794857520345283,25,0.016687278954738358,29,0.016156457057528086,26
2003-04-11,0.01344910728365122,24,0.016706030367084138,29,0.015284549485827548,24
2003-04-14,0.011747349182441481,20,0.01312907796088738,21,0.015261484760673825,24
2003-04-15,0.00954390810540719,15,0.012703506205295515,20,0.014362843761374214,22
2003-04-16,0.009448426576421086,14,0.01147087283505088,17,0.014282031709828488,22
2003-04-17,0.00882701451162791,13,0.010935556396423319,15,0.014083705731834237,22
2003-04-21,0.009153944296700802,14,0.010846483555242214,15,0.01409712921619065,22
2003-04-22,0.011537730419823823,20,0.01099307093176107,16,0.014386670302508165,22
2003-04-23,0.011407106016920058,19,0.009915381109193528,13,0.01302378429802533,19
2003-04-24,0.012676780979080092,22,0.010549019325926749,14,0.013518899116230491,21
2003-04-25,0.013792500966746167,25,0.011285319155247619,16,0.013649155061352237,21
2003-04-28,0.015471401092134816,28,0.012014758921982664,19,0.013810281428338933,21
2003-04-29,0.012138493434150544,21,0.011842170890576256,18,0.013822585934954109,21
2003-04-30,0.01214168778272772,21,0.011612160787744468,17,0.012131569026610453,17
2003-05-01,0.010132301045507918,16,0.010897555849932192,15,0.011799864913943412,16
2003-05-02,0.005671380272811798,4,0.010623122729726753,15,0.0106877339459984,13
2003-05-05,0.007109537194485657,8,0.01136822097581644,17,0.010764023415093507,13
2003-05-06,0.007178655934498594,8,0.009544555978010185,12,0.010593508148317533,13
2003-05-07,0.00720357979605411,9,0.00946350987416333,11,0.010361705586280794,12
2003-05-08,0.007903205688239552,10,0.008751915192520452,9,0.009845315532509261,11
2003-05-09,0.006523216967156489,7,0.007389533333418029,6,0.009483304835242005,10
2003-05-12,0.0058382404502297655,5,0.00613480778336348,3,0.009112621380301953,9
2003-05-13,0.005796922652337931,5,0.006246397583352555,3,0.009171420043253182,9
2003-05-14,0.00618793628292912,6,0.006375987864458035,3,0.009138420991508276,9
2003-05-15,0.005483451299489905,4,0.006668984504313168,4,0.00902901099152448,9
2003-05-16,0.00577711996250942,5,0.006002769443235693,2,0.008765930662652462,8
2003-05-19,0.010672086461934065,18,0.008803752052117749,9,0.00986541725380483,11
2003-05-20,0.01097172752922711,18,0.008626810933504146,9,0.009864665025066586,11
2003-05-21,0.012264038661281867,22,0.009192333385997785,11,0.008943296679246128,8
2003-05-22,0.01149107476000858,19,0.008961154386720672,10,0.008882390244438576,8
2003-05-23,0.012696442128334392,23,0.009332365959002706,11,0.008636288365753503,8
2003-05-27,0.00665436467562219,7,0.010620319810295669,15,0.008786682639739463,8
2003-05-28,0.009510047500518115,15,0.010997424857435196,16,0.008492598356809225,7
2003-05-29,0.011470135253485952,19,0.011377781090042475,17,0.008804996086796408,8
2003-05-30,0.011861605148707785,21,0.011524035468270442,17,0.008954324075500092,9
2003-06-02,0.0114933709782168,20,0.011472034306269861,17,0.008937401245857575,8
2003-06-03,0.013097675176800291,23,0.010128356749426954,13,0.009915713231635185,11
2003-06-04,0.012190484724193831,21,0.010326561237017081,14,0.009920101893599858,11
2003-06-05,0.009073230438189406,13,0.010410880936826728,14,0.009910867773319147,11
2003-06-06,0.00943897405255528,14,0.010353321684912297,14,0.009880077288259733,11
2003-06-09,0.013354782546030692,24,0.01189319892982549,18,0.01028248338280532,12
2003-06-10,0.012016632146096308,21,0.011884659210741,18,0.010803745710334801,14
2003-06-11,0.012899688228973699,23,0.011865607860109997,18,0.011230905319648177,15
2003-06-12,0.01291039256973911,23,0.010720279954153965,15,0.011180947751261766,15
2003-06-13,0.01301263828438959,23,0.01084443308409386,15,0.011051446526256926,14
2003-06-16,0.009030874083435506,13,0.011188861116808882,16,0.011503543309459957,15
2003-06-17,0.009370692213667821,14,0.010310379879694754,14,0.011433850273824507,15
2003-06-18,0.008104178740248024,11,0.0101731874737541,14,0.009803040238147636,11
2003-06-19,0.012195680545150174,21,0.012078006251061483,19,0.010815073613623515,14
2003-06-20,0.012537973072889919,22,0.012149117304646777,19,0.01079947305147025,14
2003-06-23,0.009382812049306183,14,0.011908053706767325,18,0.011360657226900507,15
2003-06-24,0.009084699436097864,13,0.011014378070358174,16,0.011410051952510164,15
2003-06-25,0.012850925405360774,23,0.010623331379895703,15,0.011258060274441617,15
2003-06-26,0.011563102251596393,20,0.011333254220308961,16,0.011185496255105247,15
2003-06-27,0.011509476495430934,20,0.011352266569223765,16,0.010792103460088265,14
2003-06-30,0.010010738623586672,16,0.010032367792774858,13,0.010998943536865051,14
2003-07-01,0.009659197877847222,15,0.010884185680467583,15,0.011135421016674156,14
2003-07-02,0.008594183540498252,12,0.010964536803896502,16,0.010388780300371606,12
2003-07-03,0.007883230637350698,10,0.009409541694585966,11,0.010275510550472051,12
2003-07-07,0.008987557195447648,13,0.00976444449855044,12,0.010455973478850026,13
2003-07-08,0.006812042934917553,8,0.00825437699919527,8,0.010503819845236233,13
2003-07-09,0.005887254138760668,5,0.007593135808450369,6,0.009759640764346223,11
2003-07-10,0.006783061565935475,7,0.007339164731105354,6,0.009384304098843412,10
2003-07-11,0.0070636008397915295,8,0.00777450460133817,7,0.00930889044640613,9
2003-07-14,0.006707056302594159,7,0.007643306583494592,7,0.009341953186001452,9
2003-07-15,0.00713590906398115,8,0.006607906777631726,4,0.009344016488294717,9
2003-07-16,0.00938822450795999,14,0.007486369160907293,6,0.009020615279630337,9
2003-07-17,0.012259711990364299,22,0.009484525752764266,11,0.009744596724735582,11
2003-07-18,0.013715008832059693,25,0.010818424036511756,15,0.01056161648170836,13
2003-07-21,0.014115089488966321,25,0.011508207304518831,17,0.010177689117751175,12
2003-07-22,0.01573921452828202,29,0.0118896559903294,18,0.01037633509387813,12
2003-07-23,0.0150973357651013,28,0.011859871850560016,18,0.009785268503559956,11
2003-07-24,0.015542567884377743,29,0.013215211185392314,21,0.010597819008355394,13
2003-07-25,0.015290942434537862,28,0.013694498738844792,23,0.010918080484170135,14
2003-07-28,0.014668199102997227,27,0.013792459706838001,23,0.010936662337429846,14
2003-07-29,0.013430321496261126,24,0.013793669318697565,23,0.010925633810982575,14
2003-07-30,0.013344448040824011,24,0.013518819674564175,22,0.010753202809358603,13
2003-07-31,0.010405107019068494,17,0.012470689549916847,20,0.010539745203897775,13
2003-08-01,0.009247566939383042,14,0.012592706437152587,20,0.01169939723631641,16
2003-08-04,0.011929743905825992,21,0.012835037082814797,21,0.011848514997928371,16
2003-08-05,0.01431754087608568,26,0.013567398845656258,22,0.01261908355757748,18
2003-08-06,0.016310802689073575,30,0.014187521393720974,24,0.012721689777548412,19
2003-08-07,0.016380585308228862,30,0.013371088302779015,22,0.012670458165073237,19
2003-08-08,0.01396457989518716,25,0.011968217466257718,18,0.01284628138354028,19
2003-08-11,0.013406152445366309,24,0.011967414510443287,18,0.012433779670226266,18
2003-08-12,0.008374551281067934,12,0.012621006358459285,20,0.012557717170721626,18
2003-08-13,0.008996927804267358,13,0.012770115502090245,20,0.012636982768587273,18
2003-08-14,0.009487979091314177,14,0.013166018653005224,21,0.012681758826496563,19
2003-08-15,0.00859521397108077,12,0.010941950145351684,15,0.012240076413551355,17
2003-08-18,0.007875484334237149,10,0.01053109355979953,14,0.011395249110794927,15
2003-08-19,0.006184330958993901,6,0.007352641529933599,6,0.011149032866454075,14
2003-08-20,0.005112776471886371,3,0.006961888720288407,5,0.010874013035635155,14
2003-08-21,0.005955760371675418,5,0.007665816102174292,7,0.010989582524225059,14
2003-08-22,0.01491244677869677,27,0.012267560623648933,19,0.012489931839367033,18
2003-08-25,0.014856890845790052,27,0.012305898554109452,19,0.01158226893534736,16
2003-08-26,0.015077336499949056,28,0.01159663681971809,17,0.01160281077660117,16
2003-08-27,0.013307818802384672,24,0.011533583993199797,17,0.011575842777858326,16
2003-08-28,0.01579100610333457,29,0.011630195228355735,17,0.011851643327109983,16
2003-08-29,0.00867320478873311,12,0.012634819698645905,20,0.012278529105992426,17
2003-09-02,0.0060017938770686756,5,0.012690657633785036,20,0.01138560702679334,15
2003-09-03,0.011848413918404079,21,0.013556540465951979,22,0.01166866158157503,16
2003-09-04,0.015800563216924263,29,0.014206300141782712,24,0.011712355298931545,16
2003-09-05,0.014469607941340452,26,0.01429173112852013,24,0.011382716756015225,15
2003-09-08,0.014100351049308173,25,0.011805870752262627,18,0.011757711431800282,16
2003-09-09,0.01347083282374335,24,0.011971965313897897,18,0.011612189541714217,16
2003-09-10,0.01318554636012969,24,0.012624877960725218,20,0.011917893276995611,17
2003-09-11,0.012198585562960967,21,0.013344596237452194,22,0.011894108451404251,17
2003-09-12,0.012381853000687613,22,0.012934330222041242,21,0.011930491711350308,17
2003-09-15,0.013559763554708006,24,0.013400006211687276,22,0.012381735350821339,18
2003-09-16,0.012195929796717159,21,0.013784382954164303,23,0.012588759679851742,18
2003-09-17,0.004921113588988504,3,0.01270178425008114,20,0.012645089397552395,18
2003-09-18,0.008020575498733754,11,0.011677635347124194,17,0.013664255196773644,21
2003-09-19,0.01068559794766056,18,0.012022651118786244,19,0.013610050990509203,21
2003-09-22,0.012067273871733425,21,0.012288347138374128,19,0.013584838309359061,21
2003-09-23,0.011900134114149682,21,0.0113616710128188,16,0.011657831175200853,16
2003-09-24,0.013002326096940247,23,0.009973474815205977,13,0.01161976615008578,16
2003-09-25,0.006192236352714012,6,0.009852418493948004,13,0.011607842288039301,16
2003-09-26,0.006565235750014578,7,0.009848711462158636,13,0.011596596377752117,16
2003-09-29,0.005411798093227826,4,0.009048797234700314,10,0.0114601860658788,15
2003-09-30,0.005631009951592572,4,0.009368655159745031,11,0.01128444181727229,15
2003-10-01,0.008634075466306623,12,0.01041721066982499,14,0.011789064198743253,16
2003-10-02,0.008705578044467643,12,0.007553033011211693,6,0.011052109958088372,14
2003-10-03,0.008753900237065897,13,0.007461137204544076,6,0.009688265648919725,11
2003-10-06,0.00942839312095722,14,0.007559084946676494,6,0.00986074323841232,11
2003-10-07,0.007186758268332878,8,0.0075350040762826665,6,0.009708599574207978,11
2003-10-08,0.005256675047203603,3,0.006749315556459368,4,0.009232606572100182,9
2003-10-09,0.004947402263404045,3,0.0067531447921772144,4,0.008153432459025703,6
2003-10-10,0.0050116125168656244,3,0.006806723995329616,4,0.008045968079211756,6
2003-10-13,0.003775318430381243,1,0.006800267411476084,4,0.008098430074205527,6
2003-10-14,0.003619252112485623,1,0.005372871705516166,1,0.007754264750287763,5
2003-10-15,0.005714389346787619,4,0.005231341395009474,1,0.007885586557755045,5
2003-10-16,0.0062899513111703,6,0.0053443640843258465,1,0.007929764343705986,6
2003-10-17,0.006581887039961318,7,0.005668291941269273,2,0.006589277912422526,2
2003-10-20,0.005803453820033631,5,0.00507154035952006,1,0.006481715314588283,1
2003-10-21,0.0015095883692442585,0,0.005376222867908083,1,0.006298817069742292,1
2003-10-22,0.0018815827053309789,0,0.005371832566940301,1,0.006227543313988093,1
2003-10-23,0.005667674662334041,4,0.005934032090969016,2,0.0060716897000768315,1
2003-10-24,0.005508575757112634,4,0.0057480926582516995,2,0.006073881548439256,1
2003-10-27,0.04618837832100606,51,0.03250567185277323,47,0.023320168276725693,37
2003-10-28,0.04585315125199616,51,0.031801483741346045,46,0.023361561764682716,37
2003-10-29,0.04895070105708308,51,0.03342370953756975,47,0.02390531671413325,38
2003-10-30,0.049167023871151815,51,0.03397092496824326,48,0.0237712848511179,38
2003-10-31,0.04979671119889165,51,0.03429915603841441,48,0.023862642862022457,38
2003-11-03,0.01114979066169299,19,0.03444789550564651,48,0.023848991763873183,38
2003-11-04,0.0097851592040148,15,0.034444249984738017,48,0.02366776800115819,38
2003-11-05,0.006640818587960776,7,0.03473233728435805,48,0.02379854909104416,38
2003-11-06,0.006155811591571455,6,0.03469278455747625,48,0.023908777484114994,38
2003-11-07,0.008184508569893953,11,0.03462468239044228,48,0.02391684844832364,38
2003-11-10,0.008777110640565435,13,0.010255621869756305,14,0.02386387210629497,38
2003-11-11,0.008359667335881902,12,0.009417749068210898,11,0.02374278363393636,38
2003-11-12,0.007313581724866024,9,0.007288102169809133,6,0.023627620567390147,38
2003-11-13,0.005157030354214374,3,0.006866765099054432,5,0.02362743128347239,38
2003-11-14,0.005200666031008378,3,0.006962828416631615,5,0.02365068525716836,38
2003-11-17,0.004876713097056683,3,0.006759754572928629,4,0.023653504823922204,38
2003-11-18,0.0053428274298470205,3,0.006958742522093779,5,0.023671249965689478,38
2003-11-19,0.006005298104018101,5,0.006480228558695782,4,0.023770079471428892,38
2003-11-20,0.005988444221838674,5,0.005268630460061123,1,0.023754202854736353,38
2003-11-21,0.006077815003368761,5,0.005532626738516909,2,0.02364795250047947,38
2003-11-24,0.007055996875131584,8,0.006034797669393987,3,0.023760034878814618,38
2003-11-25,0.004850284887121821,3,0.0061017963833337715,3,0.008198730930768753,6
2003-11-26,0.004838774922655174,3,0.006256429263808453,3,0.00786918515464437,5
2003-11-28,0.003122670880926761,0,0.006023777512828722,3,0.006559174800972977,2
2003-12-01,0.004922096993543101,3,0.0061843254814189525,3,0.0066657727001435485,2
2003-12-02,0.004826272701516952,3,0.006011803918010116,2,0.006519745943339737,1
2003-12-03,0.010187197867098454,16,0.007585658980411127,6,0.007322530317446576,4
2003-12-04,0.009874757114146688,15,0.007487028047879888,6,0.007209527222529434,4
2003-12-05,0.01013092517424777,16,0.007480021351142311,6,0.006992938507488232,3
2003-12-08,0.010020000020741398,16,0.008130515176874848,8,0.007252213615500175,4
2003-12-09,0.010071080674081837,16,0.008465868133136264,9,0.007185629566125742,3
2003-12-10,0.007579279481854548,9,0.008473251056709536,9,0.007043243080980441,3
2003-12-11,0.0077461620394846074,10,0.008384984720023027,8,0.007087655851487654,3
2003-12-12,0.007119308542419299,8,0.008384941361693977,8,0.0070377317916413855,3
2003-12-15,0.005786600651387261,5,0.007787087750845533,7,0.00711341383419051,3
2003-12-16,0.00559497567024768,4,0.008920151789585676,10,0.007307586259488005,4
2003-12-17,0.00535347672893364,4,0.006855228156296935,5,0.007284704854876419,4
2003-12-18,0.006005162755403585,5,0.007431313989584302,6,0.007253189224954593,4
2003-12-19,0.0054049113779440485,4,0.006796130231159407,4,0.007239082155349442,4
2003-12-22,0.006367574878236045,6,0.006466114886629602,4,0.007032163577087448,3
2003-12-23,0.005005195830606237,3,0.005025044645630702,1,0.007023183960430664,3
2003-12-24,0.00554144666219753,4,0.005301978700547847,1,0.006999277472781701,3
2003-12-26,0.0019964595720429836,0,0.005297674688127217,1,0.007005431930452661,3
2003-12-29,0.0037248661923890173,1,0.0050833330572855355,1,0.007108019797255269,3
2003-12-30,0.0035066296461975168,1,0.005128500080093432,1,0.007063812635522612,3
2003-12-31,0.00405872779773346,1,0.004402111616938507,0,0.006795264851222134,2
2004-01-02,0.009770449370276185,15,0.007761375998444683,7,0.007971216288029454,6
2004-01-05,0.00962424984185029,15,0.006672402346812166,4,0.006994919727978175,3
2004-01-06,0.008027288292225763,11,0.006700975906809825,4,0.0070381702227725555,3
2004-01-07,0.007515573917324626,9,0.006744366471728518,4,0.006925942604350627,3
2004-01-08,0.007669041233092253,10,0.0066558527862921974,4,0.006589259695440808,2
2004-01-09,0.004401274817274182,2,0.007187900116920807,5,0.006673074139279322,2
2004-01-12,0.004146644215581199,1,0.007026737233398391,5,0.006671948872303528,2
2004-01-13,0.0041429822188644334,1,0.006028074758091305,3,0.0067184719741657855,2
2004-01-14,0.007649289698288308,10,0.00750558175578989,6,0.007084442468881535,3
2004-01-15,0.008416793256187015,12,0.007706617870125182,7,0.007243290467342479,4
2004-01-16,0.007295145005751571,9,0.005987892196047243,2,0.006688689243155747,2
2004-01-20,0.00895338725161824,13,0.007314609503972643,6,0.007169630935854466,3
2004-01-21,0.01103768884241221,18,0.009831773603771566,13,0.008130736726806897,6
2004-01-22,0.011775162600370792,20,0.009804724685525646,12,0.008168578842634708,6
2004-01-23,0.01124792566702305,19,0.010157107450452035,13,0.008305369463113572,7
2004-01-26,0.01138555620483979,19,0.009615249709940066,12,0.008616117537628762,8
2004-01-27,0.011827572242001436,20,0.009899163475076772,13,0.008660539396493602,8
2004-01-28,0.01075931338680369,18,0.012130407458463433,19,0.009661944262624766,11
2004-01-29,0.01143613104646384,19,0.01173241638408357,18,0.009535176574784851,10
2004-01-30,0.011789625293632445,20,0.01131772410325842,16,0.009624088816623882,10
2004-02-02,0.010032621988122764,16,0.011338609504071426,16,0.00961856754937179,10
2004-02-03,0.010014209375574382,16,0.010802993298482512,15,0.008768777188781544,8
2004-02-04,0.002942236979672721,0,0.008131334262733525,8,0.008764957603515259,8
2004-02-05,0.0027194992230155117,0,0.008191135839781928,8,0.008748120974539107,8
2004-02-06,0.0037352692869635847,1,0.008362617663020313,8,0.0088481238913154,8
2004-02-09,0.008287887801866864,11,0.008738570839269067,9,0.0094552023647533,10
2004-02-10,0.00829476388871522,11,0.008702758021820573,9,0.009167825828715014,9
2004-02-11,0.008486004069141812,12,0.006101924936258423,3,0.009184557324172773,9
2004-02-12,0.008530431424399111,12,0.006245018965485032,3,0.009231643955403547,9
2004-02-13,0.006484568161370052,6,0.005921662421525274,2,0.008953952477475347,9
2004-02-17,0.0035669808283838676,1,0.006015483451444827,2,0.008742136438570134,8
2004-02-18,0.0039946429440337865,1,0.0061415586164157,3,0.008802569898745857,8
2004-02-19,0.003078527066050676,0,0.006133930750449689,3,0.008414747945137142,7
2004-02-20,0.0027123844631912453,0,0.005967624239481731,2,0.006833654376198485,2
2004-02-23,0.004783958248818537,3,0.0057589461690391724,2,0.007061237223790721,3
2004-02-24,0.00558146959371084,4,0.004480390613660759,0,0.007123841531714307,3
2004-02-25,0.005624310333062687,4,0.00460575404093463,0,0.006638303835038111,2
2004-02-26,0.005514637691136078,4,0.004510506590104058,0,0.006660100197068553,2
2004-02-27,0.005573951043627308,4,0.0042910300772746905,0,0.005188703507953556,0
2004-03-01,0.004323523179957837,2,0.004316297713137334,0,0.005108607326493806,0
2004-03-02,0.002101281869083097,0,0.004396000736638548,0,0.005003082031632691,0
2004-03-03,0.002115649365041767,0,0.004124699929366789,0,0.005005371162918872,0
2004-03-04,0.004065444477113883,1,0.004615249645650721,0,0.005210686519120831,0
2004-03-05,0.005062693319050036,3,0.005028924304966209,1,0.005428877255826847,0
2004-03-08,0.005617979300273689,4,0.004731767585568807,1,0.005457016427129352,0
2004-03-09,0.006313658598392425,6,0.0049879377438084745,1,0.005341726622434894,0
2004-03-10,0.01050699275451167,17,0.008468393024772947,9,0.006560769968670512,2
2004-03-11,0.01051450754089406,17,0.00827994894170151,8,0.006634084478853612,2
2004-03-12,0.011233999325066258,19,0.009203169252567521,11,0.006944306105001875,3
2004-03-15,0.01139887876571562,19,0.009516828589236368,11,0.007295520028274489,4
2004-03-16,0.013540049075662301,24,0.01003077111035938,13,0.007639720268634146,4
2004-03-17,0.009371286253828052,14,0.010202341911251358,14,0.007660950386891067,5
2004-03-18,0.00921796330140621,14,0.010158152019483599,13,0.007683305533681567,5
2004-03-19,0.008017913437433011,11,0.009531717160473983,12,0.007688234145635412,5
2004-03-22,0.008845963509886413,13,0.0100966888254603,13,0.008204126702484698,6
2004-03-23,0.006562128229366644,7,0.010030991709577969,13,0.007902474375042625,6
2004-03-24,0.004908397294446999,3,0.007852301573509845,7,0.00783246365698729,5
2004-03-25,0.011721516432261938,20,0.010006171061406484,13,0.008929962321448605,8
2004-03-26,0.011859112605720873,21,0.009592028746930659,12,0.008957665556857432,9
2004-03-29,0.009160942737206074,14,0.009358429990564935,11,0.009384184798722538,10
2004-03-30,0.007889364103814678,10,0.00935337910739658,11,0.009591499405030882,10
2004-03-31,0.010449551752696556,17,0.010008617671433939,13,0.009743567480499165,11
2004-04-01,0.00829867614859989,11,0.009948323352133876,13,0.009848741419610639,11
2004-04-02,0.010976567759223212,18,0.010774824173755068,15,0.010083395108805845,12
2004-04-05,0.010402561603507506,17,0.009649686592336388,12,0.010158208728890105,12
2004-04-06,0.010448181667415242,17,0.00958975867798959,12,0.010365687439079806,12
2004-04-07,0.0097849773473024,15,0.009985868374029266,13,0.010315933066554994,12
2004-04-08,0.009652538472291014,15,0.008938422502893185,10,0.009136947736569395,9
2004-04-12,0.008685052644958464,12,0.009428436968318871,11,0.009306632517054448,9
2004-04-13,0.012131294767991251,21,0.010725837559431472,15,0.010012531374267372,12
2004-04-14,0.010452005932180163,17,0.010235675032794484,14,0.009728527446798613,11
2004-04-15,0.010790383812628876,18,0.009941508532206255,13,0.009540261094375401,10
2004-04-16,0.01138990520934429,19,0.00995528061742068,13,0.009592573064412205,10
2004-04-19,0.009939707500309399,16,0.009277350975852793,11,0.009572778534463445,10
2004-04-20,0.008129764531976256,11,0.00974420969393121,12,0.010026549488808227,12
2004-04-21,0.008288823636798344,11,0.009422367178970499,11,0.009554633517797341,10
2004-04-22,0.009209597865375386,14,0.009911587900516985,13,0.009705399265416824,11
2004-04-23,0.00902172376380883,13,0.009762300740343219,12,0.009653006453653192,11
2004-04-26,0.009052394588693398,13,0.009027689592153793,10,0.008946325540333496,9
2004-04-27,0.005367144908926781,4,0.007062467131574448,5,0.00902611544979393,9
2004-04-28,0.008387904663456819,12,0.007864846336697403,7,0.009034660352903852,9
2004-04-29,0.006651529623017837,7,0.007950850694688929,7,0.008811612297973769,8
2004-04-30,0.006500906318172097,6,0.007712674502563004,7,0.008573771740058928,7
2004-05-03,0.007455508140899645,9,0.007824667922667032,7,0.008575129773592245,7
2004-05-04,0.007269320447491322,9,0.006551357409577127,4,0.008274552193000854,7
2004-05-05,0.0045173532060634545,2,0.006366657259902479,3,0.008038978734957607,6
2004-05-06,0.01002247642212655,16,0.008023215644449876,7,0.008685000047419289,8
2004-05-07,0.012902504911769405,23,0.009717909074474016,12,0.009495095379521394,10
2004-05-10,0.011378749828711279,19,0.009816161498696734,12,0.009571903082577049,10
2004-05-11,0.01134015542350093,19,0.009709727795027618,12,0.009294441994306037,9
2004-05-12,0.01842169470097222,34,0.012871148436426382,21,0.010217992531552979,12
2004-05-13,0.016417820233529112,30,0.012852394111943482,21,0.010163646981800365,12
2004-05-14,0.012398750669985982,22,0.012843338799872562,21,0.010150492703949947,12
2004-05-17,0.011526603785399861,20,0.012684958211366077,20,0.010083970784009764,12
2004-05-18,0.011992348469306002,21,0.013189906979541914,21,0.01040878123519827,13
2004-05-19,0.006605417788322439,7,0.01319066210770437,21,0.009982831175359475,11
2004-05-20,0.0071086505353550565,8,0.012002072600910884,18,0.01005329704659661,12
2004-05-21,0.00699782316067203,8,0.009507922848593782,11,0.009819525879098165,11
2004-05-24,0.005967346148335296,5,0.008663956814324122,9,0.00982047438603327,11
2004-05-25,0.005522203351055597,4,0.008880510102728174,10,0.010063131698257488,12
2004-05-26,0.004219232843962906,2,0.005813472232252169,2,0.010023663437467115,12
2004-05-27,0.005612328913523899,4,0.006040389270041535,3,0.009733417947180622,11
2004-05-28,0.005702654339788166,4,0.006036307137522568,3,0.009749657270462106,11
2004-06-01,0.00604527623719372,5,0.005670168944993305,2,0.00973558154969104,11
2004-06-02,0.004486997965520987,2,0.0048880486794368235,1,0.009679564417960614,11
2004-06-03,0.0038405314975810873,1,0.004750418685429449,1,0.009613186761931932,10
2004-06-04,0.0039352968796106105,1,0.0045878544421267655,0,0.009699679814255357,11
2004-06-07,0.0058744152323764445,5,0.005463430706365535,1,0.008919279365956628,8
2004-06-08,0.007032628843799687,8,0.006203344676452984,3,0.007638974262535132,4
2004-06-09,0.008336831292972309,11,0.0063207634433508535,3,0.007575142624974926,4
2004-06-10,0.008711082331866163,12,0.006496776582310637,4,0.007609350205984971,4
2004-06-14,0.012801974481386947,23,0.009287542264318788,11,0.00762376186169677,4
2004-06-15,0.01536665240982149,28,0.01121539772115474,16,0.008630910067400655,8
2004-06-16,0.015229585301856792,28,0.011302741477323719,16,0.008717685624058162,8
2004-06-17,0.014889095596724064,27,0.011381476609427033,17,0.008683594536559907,8
2004-06-18,0.01518721125467796,28,0.011722122569844375,18,0.008567797478527608,7
2004-06-21,0.009962751025795025,16,0.011650573667309915,17,0.008522742297374737,7
2004-06-22,0.0065369819347998424,7,0.011163076787950614,16,0.008562193183915552,7
2004-06-23,0.006109472872519799,5,0.01101483613650297,16,0.008565444650284096,7
2004-06-24,0.005783013282184111,5,0.010838444069530747,15,0.008659897731165152,8
2004-06-25,0.009984619401991954,16,0.012161472385718292,19,0.009363384358183796,10
2004-06-28,0.010631005901867436,18,0.010254261507667093,14,0.009447642174830089,10
2004-06-29,0.010389256819384596,17,0.008188150005643323,8,0.009400996886667729,10
2004-06-30,0.010283389075121803,17,0.008067448111880938,7,0.009327319123404667,9
2004-07-01,0.009490004523892091,14,0.008425774406551829,8,0.009501354104946654,10
2004-07-02,0.005946501743991073,5,0.007801027493449912,7,0.009515351681162146,10
2004-07-06,0.004580641549936998,2,0.007791302788392386,7,0.009646658332569705,11
2004-07-07,0.0062351957843120335,6,0.00809334940159449,7,0.009644933641829766,11
2004-07-08,0.006784809033152243,7,0.008285358818497911,8,0.009381508317655244,10
2004-07-09,0.0064811452529348595,6,0.007851046453699858,7,0.009345561271729202,10
2004-07-12,0.008270266727294584,11,0.006808603600034398,4,0.009510265709116669,10
2004-07-13,0.00686131230011833,8,0.006348184765132628,3,0.009390277699534337,10
2004-07-14,0.008635787526727919,12,0.007119982700504073,5,0.008526841439992478,7
2004-07-15,0.008231189523427137,11,0.007282828644747071,6,0.007382954607156319,4
2004-07-16,0.008736998520750423,13,0.0072959235219648665,6,0.007518578227848573,4
2004-07-19,0.008617372150796429,12,0.007963429678680274,7,0.00780595577448455,5
2004-07-20,0.008597977392951801,12,0.0075217777133097866,6,0.007537687076741655,4
2004-07-21,0.01058330823319993,17,0.009124072949217766,10,0.008243352635713908,7
2004-07-22,0.011442427543410745,19,0.009448684339856109,11,0.008575212041536365,7
2004-07-23,0.011123580336757526,19,0.009431965621311024,11,0.008552561450042587,7
2004-07-26,0.01008343588200298,16,0.008877628211571792,10,0.008437641475588458,7
2004-07-27,0.010165740869094645,16,0.008888899319844832,10,0.007558410837399529,4
2004-07-28,0.005817191265388009,5,0.008238506869330878,8,0.007337236545706895,4
2004-07-29,0.002915385068712504,0,0.007959621569661676,7,0.007324291759360307,4
2004-07-30,0.002909254679576037,0,0.007671996525739761,7,0.007324058548659144,4
2004-08-02,0.004091971729084708,1,0.007280447322483698,6,0.007270583105078139,4
2004-08-03,0.003389584651564049,0,0.007261834981358187,6,0.007257985484983341,4
2004-08-04,0.005722711831441932,4,0.00554331870052456,2,0.007344619730757572,4
2004-08-05,0.00864851045402576,12,0.006253504655487667,3,0.007891581348191415,6
2004-08-06,0.008619687944026653,12,0.006258219515722737,3,0.007717063681604,5
2004-08-09,0.006836394058421114,8,0.0059340647432479625,2,0.007678029255064003,5
2004-08-10,0.010157741386175225,16,0.007408432414348804,6,0.00779692581744539,5
2004-08-11,0.009935127275484408,16,0.007650945699282054,7,0.007882753361926238,5
2004-08-12,0.006161446331444491,6,0.007722605819517225,7,0.007577038562717319,4
2004-08-13,0.006953881927272774,8,0.00785398547122297,7,0.007533343259564212,4
2004-08-16,0.008254149206707199,11,0.008641554699501069,9,0.007908208449872564,6
2004-08-17,0.007538391688974907,9,0.009055622367800907,10,0.0078098961168949375,5
2004-08-18,0.0075594962738492,9,0.008516191557782379,9,0.007887502664132818,6
2004-08-19,0.0066763963260088105,7,0.006158262617666755,3,0.006849521989955478,3
2004-08-20,0.004067828901149567,1,0.006152635139488561,3,0.006733924897195978,2
2004-08-23,0.004983664692885328,3,0.006428117565977547,3,0.006783932207428562,2
2004-08-24,0.00445922316249269,2,0.005840725148982713,2,0.006775618891219084,2
2004-08-25,0.0045514077702942975,2,0.005947854865282037,2,0.006693810807468377,2
2004-08-26,0.005874234780607203,5,0.006332818180609427,3,0.0068647547568140635,3
2004-08-27,0.005733715097027639,4,0.005978137826998538,2,0.007040002112458423,3
2004-08-30,0.22424817347822482,54,0.1591398927480385,54,0.10968265231640147,53
2004-08-31,0.22480498223352383,54,0.15914532932381104,54,0.10970228258010961,53
2004-09-01,0.22199030860850902,54,0.15821247114250903,54,0.10958465618773676,53
2004-09-02,0.2231327353263753,54,0.15829447999408605,54,0.10970674027901266,53
2004-09-03,0.22141008848329777,54,0.15773578540403277,54,0.1097553789626202,53
2004-09-07,0.017545755422513094,32,0.15843311870605012,54,0.1099550870403614,53
2004-09-08,0.01655005467985126,30,0.1581482392424365,54,0.1099206706178669,53
2004-09-09,0.008264318949906122,11,0.15837229477823841,54,0.10982426480850131,53
2004-09-10,0.008291907090859467,11,0.15873830719789053,54,0.10981110595786572,53
2004-09-13,0.007610795745101805,9,0.15829955597239834,54,0.1098100726037901,53
2004-09-14,0.004737419258739416,2,0.012145189583740156,19,0.10981988515560394,53
2004-09-15,0.0048340497465973594,3,0.011692762312695188,18,0.10960608063635573,53
2004-09-16,0.00429695873628819,2,0.006467922487338136,4,0.10953675209984691,53
2004-09-17,0.004968967840166319,3,0.006654419497143707,4,0.10954564820717894,53
2004-09-20,0.005764477470229001,5,0.0067857381115788975,4,0.10946050810519709,53
2004-09-21,0.006385504920881681,6,0.005333991183825735,1,0.10942307218070485,53
2004-09-22,0.010503208513596686,17,0.0077419756146736305,7,0.10932826414644144,53
2004-09-23,0.010443452546295714,17,0.007729967678082762,7,0.10920036734144799,53
2004-09-24,0.01103309234805888,18,0.008251620583077808,8,0.10932699709434532,53
2004-09-27,0.01088088352362182,18,0.008273900400433557,8,0.10934291675104627,53
2004-09-28,0.009545509574865187,15,0.008279682707600246,8,0.10918778087935282,53
2004-09-29,0.006493016707965228,6,0.00823479841317251,8,0.009877573796503572,11
2004-09-30,0.006039042768223998,5,0.008138497104730512,8,0.009645372569049728,11
2004-10-01,0.010325915160113271,17,0.010279133753757146,14,0.008393900924973434,7
2004-10-04,0.01006870246682707,16,0.010213871380622404,14,0.008387471565333739,7
2004-10-05,0.009769944752470236,15,0.010325302838383617,14,0.008431201183835018,7
2004-10-06,0.009314055320907089,14,0.0089405601460077,10,0.008187461339061083,6
2004-10-07,0.006276901221931194,6,0.00806366475524571,7,0.008137515510402833,6
2004-10-08,0.006847243935160405,8,0.008470205986360571,9,0.00824162035783195,7
2004-10-11,0.0068812301896504155,8,0.008220703135992448,8,0.008264390815825248,7
2004-10-12,0.006604663043245213,7,0.007884928464301109,7,0.00823073684849689,7
2004-10-13,0.007489311830424744,9,0.009161036033070391,11,0.008639449775356408,8
2004-10-14,0.009875378816047576,15,0.011091998251073766,16,0.009517195618210064,10
2004-10-15,0.014272407975240433,26,0.010877604463983491,15,0.010258406819439528,12
2004-10-18,0.013821509663478905,25,0.010861451515625363,15,0.01015157023462261,12
2004-10-19,0.014432922273529021,26,0.011537343126072578,17,0.010516796795865013,13
2004-10-20,0.014819027967242656,27,0.011339767573165375,16,0.010842868584257832,14
2004-10-21,0.01349826866527792,24,0.011366843858917654,17,0.010249274649979823,12
2004-10-22,0.008395257344591766,12,0.011317486701162886,16,0.01010414097284508,12
2004-10-25,0.007974780179088497,10,0.010873699981134598,15,0.00992371180329754,11
2004-10-26,0.008046781156014648,11,0.011123107994653846,16,0.00997869846156852,11
2004-10-27,0.0062616971958886596,6,0.011651279722013594,17,0.010230564243854498,12
2004-10-28,0.006228449729472415,6,0.01013474546726953,13,0.010226479695426378,12
2004-10-29,0.005553540898731063,4,0.00847173694468148,9,0.010150207486683408,12
2004-11-01,0.002787153053554436,0,0.00880394568443849,9,0.00942575930824598,10
2004-11-02,0.0037241724441565978,1,0.00727806260848781,6,0.009396850271668075,10
2004-11-03,0.0034581306054465273,1,0.004989378400660754,1,0.009488691254232668,10
2004-11-04,0.004554305484149707,2,0.0057519095533908595,2,0.009580463630662533,10
2004-11-05,0.007891257812880597,10,0.006442406721935952,3,0.009693952580067928,11
2004-11-08,0.00803678002385741,11,0.005877877085516869,2,0.009562105828056883,10
2004-11-09,0.008263539102579653,11,0.0061838748043448,3,0.00949714154012089,10
2004-11-10,0.00759350833662412,9,0.005799804053939021,2,0.00957684782615133,10
2004-11-11,0.009727454620847209,15,0.007454518250115664,6,0.009937591300277387,11
2004-11-12,0.00788134239866763,10,0.00746561219991117,6,0.008830392104171384,8
2004-11-15,0.008478415055557489,12,0.007863923017063132,7,0.008257685962879492,7
2004-11-16,0.011527921979783353,20,0.009457292223085176,11,0.00881531332611849,8
2004-11-17,0.011817976172479955,20,0.009379285364745105,11,0.0081750102110259,6
2004-11-18,0.006708661715075927,7,0.008633046586279069,9,0.007375644655937112,4
2004-11-19,0.004755744179330654,3,0.009282011841328054,11,0.008050455025427245,6
2004-11-22,0.008551638104774247,12,0.009723896306036121,12,0.00811097038523723,6
2004-11-23,0.00794132571945384,10,0.009733322200394703,12,0.007962320321305363,6
2004-11-24,0.007904016804303337,10,0.009545334968820643,12,0.007944426020781957,6
2004-11-26,0.007681790156901841,10,0.00701213225473099,5,0.007721516835688197,5
2004-11-29,0.004354779489799796,2,0.006371080576793654,3,0.007791139969255962,5
2004-11-30,0.0022899216246842474,0,0.006376291896791024,3,0.007765876909168475,5
2004-12-01,0.0037505919648265253,1,0.005988410539479016,2,0.007757842586060107,5
2004-12-02,0.004217878448847538,2,0.0059758343894801185,2,0.007841080589598638,5
2004-12-03,0.004296827076662152,2,0.005887952192975448,2,0.0075891995149002765,4
2004-12-06,0.00449261212894583,2,0.004239522107698162,0,0.007063922751825897,3
2004-12-07,0.008064699448952847,11,0.005672624792913109,2,0.007592210046298932,4
2004-12-08,0.007741139159962489,10,0.005930480948515619,2,0.007695109041620316,5
2004-12-09,0.007855406943347257,10,0.005957576752708784,2,0.007700620648747155,5
2004-12-10,0.008318388066965486,11,0.006275867438822411,3,0.007716707797637201,5
2004-12-13,0.007996119182257528,11,0.0063163538312927,3,0.0063477527533472335,1
2004-12-14,0.0048721699101580045,3,0.006346390207264278,3,0.0060722903102815385,1
2004-12-15,0.004018085693757448,1,0.005852919801863045,2,0.006125777382003459,1
2004-12-16,0.00432469471291454,2,0.005982945710792518,2,0.0057214164543275305,0
2004-12-17,0.00945283405426414,14,0.008413287759111748,8,0.007001068131826916,3
2004-12-20,0.010371221357525067,17,0.008733465946981064,9,0.00721395153649245,4
2004-12-21,0.013395954102365226,24,0.009575752310474224,12,0.0077716336193487424,5
2004-12-22,0.01391619294847994,25,0.009957844571007568,13,0.007868217365367611,5
2004-12-23,0.014176512225455568,26,0.010022380172115403,13,0.007868696484470814,5
2004-12-27,0.008116142479546406,11,0.009657942621980055,12,0.007869611803172563,5
2004-12-28,0.008109415572208855,11,0.009782262141421761,12,0.007992908145225904,6
2004-12-29,0.00588657314877122,5,0.009755535010302446,12,0.007984009152859304,6
2004-12-30,0.003778485410483679,1,0.009755593768769702,12,0.007976313879204769,6
2004-12-31,0.003449177735557051,1,0.00975752875813415,12,0.007849735257582277,5
2005-01-03,0.006675842453367695,7,0.007979072863157185,7,0.00821632054126119,7
2005-01-04,0.007179123295888921,8,0.009340255247616756,11,0.008747993030638546,8
2005-01-05,0.007526433351240563,9,0.00798882082031643,7,0.009008416865719208,9
2005-01-06,0.006555457682398247,7,0.006640476942916476,4,0.008523198093051791,7
2005-01-07,0.0047518673272575205,2,0.007014621692949761,5,0.008673480189565768,8
2005-01-10,0.010874841746991064,18,0.008790248167006909,9,0.00917059870448436,9
2005-01-11,0.009718956584237859,15,0.008134846487632763,8,0.0090750063690119,9
2005-01-12,0.008435116683710182,12,0.008128988577070999,8,0.009066732462102597,9
2005-01-13,0.009892550991194939,15,0.008235633542636272,8,0.009404405955879169,10
2005-01-14,0.009976342285506663,16,0.00923120836213705,11,0.009635181159317944,10
2005-01-18,0.011984501500124003,21,0.01140779722843676,17,0.010525116868168038,13
2005-01-19,0.014672226603059998,27,0.01177664826084988,18,0.010296273787008866,12
2005-01-20,0.015063219408991623,28,0.011567042083618754,17,0.010313778211274877,12
2005-01-21,0.013666693123225333,25,0.011666426646511747,17,0.009536342426213405,10
2005-01-24,0.013262771679209586,24,0.011071702037227574,16,0.009201845114487767,9
2005-01-25,0.010375170134672247,17,0.010653668258071623,15,0.009443737510642819,10
2005-01-26,0.005215287418970303,3,0.010635654131541236,15,0.009507977026912704,10
2005-01-27,0.005854269845497823,5,0.010774495902384686,15,0.009391191054904829,10
2005-01-28,0.004894283263216104,3,0.009677754452422452,12,0.009455374425907522,10
2005-01-31,0.007264353834796442,9,0.010250550533063096,14,0.010049417026191053,12
2005-02-01,0.007132980840997804,8,0.008850788437836677,10,0.010171179624556218,12
2005-02-02,0.00732791334850657,9,0.006005617495020731,2,0.009854678739774783,11
2005-02-03,0.00793271982366563,10,0.006740379187163997,4,0.009476107759795281,10
2005-02-04,0.008483011850185872,12,0.006658894403818569,4,0.009278834593022948,9
2005-02-07,0.007560437504901276,9,0.007281620030251535,6,0.009381176110956615,10
2005-02-08,0.007339400524767097,9,0.007116465342286451,5,0.008971814504659599,9
2005-02-09,0.008707482666548088,12,0.008102482711664903,7,0.009008548318911559,9
2005-02-10,0.009293271010972532,14,0.008184443024524254,8,0.009188218744499557,9
2005-02-11,0.008150328605493385,11,0.008353042865765872,8,0.00918081214562493,9
2005-02-14,0.007667901900194953,10,0.007179008557240265,5,0.00857687802084061,7
2005-02-15,0.007404973817446867,9,0.006951236038801222,5,0.008459373235732879,7
2005-02-16,0.006279420043033697,6,0.007291702023689312,6,0.007756393744784409,5
2005-02-17,0.005098291487529221,3,0.007495045209284051,6,0.007013080116240368,3
2005-02-18,0.007060116116926652,8,0.007547708571267275,6,0.007570346499659954,4
2005-02-22,0.006362031473759929,6,0.008080781312394513,7,0.007957193209739675,6
2005-02-23,0.01011722037936242,16,0.009017806210695103,10,0.008334292263781237,7
2005-02-24,0.012345830022388898,22,0.009451101039699246,11,0.008441874192799733,7
2005-02-25,0.01328561750384032,24,0.009759874817019043,12,0.008824192127254854,8
2005-02-28,0.010894182018025,18,0.009777419483751413,12,0.008756847614530217,8
2005-03-01,0.006401867925631158,6,0.010217159146115665,14,0.008916666193635374,8
2005-03-02,0.01014846958383522,16,0.010753000198185838,15,0.008763012790936742,8
2005-03-03,0.009988698704018934,16,0.01070374555951161,15,0.008708379422484303,8
2005-03-04,0.00911264993757372,13,0.010788313351078825,15,0.008977538947369901,9
2005-03-07,0.009544780708090313,15,0.009972830770933229,13,0.008960696809513958,9
2005-03-08,0.0077765166823635275,10,0.009111069041391223,10,0.008681222058484764,8
2005-03-09,0.008091679490542904,11,0.009497093873874221,11,0.008986006247398511,9
2005-03-10,0.008621599804501492,12,0.008903477439812457,10,0.008929913683595919,8
2005-03-11,0.0057597622987672495,4,0.007540984568715686,6,0.008716086722071546,8
2005-03-14,0.00595515644068132,5,0.00758521228673343,6,0.00833926078527101,7
2005-03-15,0.00605618000988301,5,0.006573864695472877,4,0.008395111157663997,7
2005-03-16,0.007663837575898685,10,0.007430769117716103,6,0.008954861585922761,9
2005-03-17,0.0068666816168628485,8,0.007487359626896221,6,0.008893415428205244,8
2005-03-18,0.007807431165065989,10,0.006478998104663612,4,0.008936981740833955,8
2005-03-21,0.008568966028981913,12,0.007228024992575526,6,0.009223757982239972,9
2005-03-22,0.00920468235305269,14,0.007848404615205865,7,0.00929194932770675,9
2005-03-23,0.010145555928884062,16,0.008478022970710911,9,0.009238123092862241,9
2005-03-24,0.009992745499550378,16,0.008083379743223807,7,0.008775681285297545,8
2005-03-28,0.012291806826984449,22,0.009716526283663918,12,0.008931147595971361,8
2005-03-29,0.011262395940633009,19,0.00976785952397226,12,0.008382219795477746,7
2005-03-30,0.008799603534095223,13,0.01000267602141023,13,0.008482900035044686,7
2005-03-31,0.008241662111091567,11,0.008993343661994354,10,0.008107373370772497,6
2005-04-01,0.007791541461291793,10,0.008985989135543123,10,0.007911518018304578,6
2005-04-04,0.005190356993036972,3,0.008975401868053722,10,0.007996683221611097,6
2005-04-05,0.002301057839351896,0,0.007909662155477531,7,0.007634784080655428,4
2005-04-06,0.0031223433912886296,0,0.006244887212960028,3,0.007822030257328418,5
2005-04-07,0.0032604508314859684,0,0.006080308410391172,3,0.007945577673674804,6
2005-04-08,0.003801590520315603,1,0.005858911788833527,2,0.007580533790944661,4
2005-04-11,0.00415450851119372,1,0.004970889329942426,1,0.00770827937581306,5
2005-04-12,0.005550195788687164,4,0.004411288438316015,0,0.008198496162085504,6
2005-04-13,0.008390002784572654,12,0.005970497499248979,2,0.008414685809542593,7
2005-04-14,0.009622802984057053,15,0.007082490719420165,5,0.008569588591241108,7
2005-04-15,0.010319401337546318,17,0.007753472263189317,7,0.008046913734216692,6
2005-04-18,0.011111665254571891,18,0.008296696291668548,8,0.00837828622184758,7
2005-04-19,0.00925126948740633,14,0.008333539835975717,8,0.008399810656830192,7
2005-04-20,0.010741299742977349,18,0.009654522694353974,12,0.008517718535268146,7
2005-04-21,0.010622435589876156,18,0.009560965421068702,12,0.007878238850683872,5
2005-04-22,0.009725006988539814,15,0.009523934657216498,11,0.007738493900251336,5
2005-04-25,0.009776458195895633,15,0.00990060975604627,13,0.007912733341261783,6
2005-04-26,0.009720021361195427,15,0.008967510028244339,10,0.007585875541183108,4
2005-04-27,0.005853052498519171,5,0.008902933805159342,10,0.007354565645766415,4
2005-04-28,0.006567168870625993,7,0.008439556248980469,8,0.007422366893241841,4
2005-04-29,0.007023360247392032,8,0.00811186964846823,8,0.007580137303785101,4
2005-05-02,0.006201737891237057,6,0.007776171632047204,7,0.007641335799540142,5
2005-05-03,0.00499608557801525,3,0.00770240294297097,7,0.007630674112280982,4
2005-05-04,0.0067833953589206495,7,0.006063745739195153,3,0.008070944685183096,6
2005-05-05,0.006338921086477865,6,0.006404252900833724,3,0.00804815568709527,6
2005-05-06,0.008269201544350274,11,0.007252201217389017,6,0.008238700356802311,7
2005-05-09,0.008096182437461354,11,0.0068049596357544285,4,0.00824033001602039,7
2005-05-10,0.009160377175260031,14,0.0071612412696532,5,0.008350023306000712,7
2005-05-11,0.00678324117020966,7,0.007183726885903601,5,0.008037684703849374,6
2005-05-12,0.007258621756927549,9,0.007506942552800164,6,0.007934669522175187,6
2005-05-13,0.0067589789418537076,7,0.007366754461777059,6,0.007700508308245388,5
2005-05-16,0.010248685790707836,17,0.008729156153328598,9,0.008079641745993483,6
2005-05-17,0.009309448636072658,14,0.00887293111952772,10,0.00792029390192959,6
2005-05-18,0.009914219072084653,16,0.00854826942285335,9,0.008169697162306078,6
2005-05-19,0.009183402612510399,14,0.008653704365840913,9,0.00729143637017049,4
2005-05-20,0.007773224025626193,10,0.00802954672165278,7,0.007286009653127263,4
2005-05-23,0.005935866031334452,5,0.008003419165359411,7,0.007285611433213399,4
2005-05-24,0.005661968001452159,4,0.007297266718669929,6,0.007049226208338245,3
2005-05-25,0.002648344463244358,0,0.007295403609791924,6,0.006923332412414661,3
2005-05-26,0.002113046421479267,0,0.006588006868587335,4,0.006879979361780281,3
2005-05-27,0.002150480083328589,0,0.0062325855741362166,3,0.006787175181556993,2
2005-05-31,0.004003495333404178,1,0.005225014472218294,1,0.006932124808944138,3
2005-06-01,0.003818042060339614,1,0.004895120962400697,1,0.006835381902094943,3
2005-06-02,0.0038454623215386334,1,0.0031640949288197656,0,0.006874645504930083,3
2005-06-03,0.0036203962439425815,1,0.0038875873177351573,0,0.006537768500730469,2
2005-06-06,0.004634492374698592,2,0.0038919564724383413,0,0.006540079315832433,2
2005-06-07,0.004152650132743396,1,0.003881685318200509,0,0.006289812513304862,1
2005-06-08,0.004360344412454754,2,0.0038663867082997226,0,0.006193308340910484,1
2005-06-09,0.004962214715232921,3,0.004230077423215067,0,0.005969941184370476,1
2005-06-10,0.002417672088834345,0,0.0039097207108781595,0,0.005863845739165224,0
2005-06-13,0.002455487369121853,0,0.0039092746861318405,0,0.005640851472409139,0
2005-06-14,0.0024199283067759462,0,0.0034583172191990446,0,0.0055111664844049845,0
2005-06-15,0.006443542540628837,6,0.005735327900602962,2,0.005217872436897769,0
2005-06-16,0.007036269450947961,8,0.005824101134757857,2,0.005141816407157085,0
2005-06-17,0.006837158067412454,8,0.004929356002672128,1,0.004631831198076447,0
2005-06-20,0.006443276863794494,6,0.004923206864434158,1,0.0045351636024214435,0
2005-06-21,0.006545316631030567,7,0.005179199030621791,1,0.004812103241121904,0
2005-06-22,0.00442914045730402,2,0.005238577778883863,1,0.004810172555308164,0
2005-06-23,0.006752673381688484,7,0.006513270482494663,4,0.005324109236419865,0
2005-06-24,0.0065938094872922915,7,0.006447156740888559,3,0.005356941907109708,0
2005-06-27,0.007421918135396196,9,0.007012960011571969,5,0.005548943202775148,0
2005-06-28,0.006801973533160004,7,0.007172635083994925,5,0.005700521871599047,0
2005-06-29,0.0074875316822624076,9,0.005968559195711407,2,0.005560306558030856,0
2005-06-30,0.014198131892593559,26,0.010801644425795757,15,0.008320037983405446,7
2005-07-01,0.01401399971262829,25,0.011172677319912706,16,0.008797799644906136,8
2005-07-05,0.014784061988897583,27,0.011250974728470406,16,0.008669162380974595,8
2005-07-06,0.01335617879128866,24,0.010613293567253998,15,0.008822425675491723,8
2005-07-07,0.012102112261663347,21,0.010601465345356796,15,0.008823756409909188,8
2005-07-08,0.009654647103522391,15,0.011505900264726057,17,0.009179037203934011,9
2005-07-11,0.007040710087484852,8,0.01136929788940985,17,0.009121670270301203,9
2005-07-12,0.007056373226191051,8,0.011436401813547869,17,0.009159608292479252,9
2005-07-13,0.005151375903752044,3,0.011804265238774746,18,0.009430151260089564,10
2005-07-14,0.004760176235020731,3,0.011609951512685504,17,0.009431719621339865,10
2005-07-15,0.0036330004880705457,1,0.007492620835366877,6,0.008938348571065007,8
2005-07-18,0.011201824018105284,19,0.008843570382563814,10,0.009840072986062312,11
2005-07-19,0.011221431740470255,19,0.008979935332447968,10,0.009788680550352525,11
2005-07-20,0.00944995314284548,14,0.008472973057648383,9,0.009779170377875514,11
2005-07-21,0.008996496407460692,13,0.008697525377206588,9,0.009547375054944275,10
2005-07-22,0.009497171848879807,15,0.008149635060485392,8,0.00970114963251594,11
2005-07-25,0.004992852215397449,3,0.008214853621417986,8,0.009552007715724772,10
2005-07-26,0.004580390750260022,2,0.00809207337532065,7,0.0094786035725048,10
2005-07-27,0.0053355937467320265,3,0.007244496622400873,6,0.009510109380467641,10
2005-07-28,0.005138670534600799,3,0.007047666996685031,5,0.009325941053066989,9
2005-07-29,0.003057787827585334,0,0.0066619190999041775,4,0.009247607334485316,9
2005-08-01,0.004423917681300603,2,0.004661474798161529,0,0.007429501198191089,4
2005-08-02,0.0066647495847433225,7,0.005438551643342954,1,0.007133789015978927,3
2005-08-03,0.005899543605520853,5,0.0053620689607371905,1,0.0070938989885015544,3
2005-08-04,0.005841003941555649,5,0.005231224604063103,1,0.006872835751635559,3
2005-08-05,0.006262422343270511,6,0.005110425170491914,1,0.007174287935804092,3
2005-08-08,0.006412871504832382,6,0.005232676962580694,1,0.0067132375399153645,2
2005-08-09,0.004028635964950128,1,0.005311404031774082,1,0.006691151592465979,2
2005-08-10,0.004039310027737302,1,0.005034715066666478,1,0.006572328786944936,2
2005-08-11,0.0046460949028238815,2,0.0052025519941692605,1,0.00599434017039874,1
2005-08-12,0.0030422400150863014,0,0.004671602964237267,0,0.005910461079413891,1
2005-08-15,0.006016547917297879,5,0.006310785082544663,3,0.006578771189382344,2
2005-08-16,0.0076460532157083885,10,0.007327519991686306,6,0.006245818141451403,1
2005-08-17,0.006900359172858971,8,0.00724358633441971,6,0.006174703345128714,1
2005-08-18,0.006818905345748118,8,0.007240230972349377,6,0.006188357162609649,1
2005-08-19,0.007304694747209774,9,0.006419322744817305,3,0.0061353639579933665,1
2005-08-22,0.0061193836200191115,6,0.005773047602359933,2,0.006011153208405825,1
2005-08-23,0.004890138254984657,3,0.006721149709410775,4,0.006227662204480502,1
2005-08-24,0.005878253052640792,5,0.007468658410955628,6,0.006494382030823103,1
2005-08-25,0.0064162715258311975,6,0.00754282892638605,6,0.006403940554413811,1
2005-08-26,0.006476523519955241,6,0.007733580504187161,7,0.006455301081320127,1
2005-08-29,0.009450371560687244,14,0.00784092616877619,7,0.006805201454125758,2
2005-08-30,0.008920991651618687,13,0.006791072258208593,4,0.006907020084991136,3
2005-08-31,0.007527622318869057,9,0.006766732331110927,4,0.00671958754633146,2
2005-09-01,0.007364836626381421,9,0.006768102285009556,4,0.006713386664811192,2
2005-09-02,0.007200803053241758,9,0.00678111114368098,4,0.006759533455466201,2
2005-09-06,0.00643843998663924,6,0.007674591714586064,7,0.006794463817412784,2
2005-09-07,0.0056094077034727335,4,0.00710900487373479,5,0.006592672681467305,2
2005-09-08,0.006516735138063756,7,0.00664436189282511,4,0.0067582845704362154,2
2005-09-09,0.006487858099344453,6,0.00655829591851377,4,0.006723275322076829,2
2005-09-12,0.0067174392150039074,7,0.006601280835221419,4,0.0068489925690423965,3
2005-09-13,0.002721882419949228,0,0.0049507704530819905,1,0.006832697078627844,2
2005-09-14,0.0028225653698482557,0,0.0047099933854946145,0,0.006305241480079531,1
2005-09-15,0.002879241941448387,0,0.004807576388255034,1,0.005594521955671963,0
2005-09-16,0.010898673529105597,18,0.00872794614172555,9,0.007564629688878981,4
2005-09-19,0.011076917151820936,18,0.00891852375106101,10,0.007688641801684913,5
2005-09-20,0.01235140738789964,22,0.008810832563315555,10,0.007877102205690267,5
2005-09-21,0.015044471375381627,27,0.010231716532878897,14,0.008615574312464763,8
2005-09-22,0.014899636524550055,27,0.010132185903906387,13,0.008440994466222547,7
2005-09-23,0.007064274214354274,8,0.010172974713462565,14,0.008212582698457954,6
2005-09-26,0.007087325247162361,8,0.010156567652358848,13,0.008207663898833383,6
2005-09-27,0.007165747219049916,8,0.010154099904019349,13,0.008154355949850473,6
2005-09-28,0.0033893576846396843,0,0.010308997672849535,14,0.007689538034561933,5
2005-09-29,0.007682927276743063,10,0.011227933180654888,16,0.008202582771127702,6
2005-09-30,0.007652871402520461,10,0.0076550107792595625,7,0.008204905062603202,6
2005-10-03,0.0072013489607937985,9,0.007612563947400188,6,0.008182671933611238,6
2005-10-04,0.007335280004679588,9,0.007331862163850704,6,0.008164504065220912,6
2005-10-05,0.005984542370856961,5,0.005256623287087064,1,0.0077646209756835165,5
2005-10-06,0.0036533748442088916,1,0.005697249088020809,2,0.007956634730755113,6
2005-10-07,0.003637573100988591,1,0.005697234405165711,2,0.007874058353619224,5
2005-10-10,0.004264654164303803,2,0.005579687093208298,2,0.007907243093429245,6
2005-10-11,0.004654621536948231,2,0.005791916236104807,2,0.00788359322548902,5
2005-10-12,0.004605887386336351,2,0.00515073469027609,1,0.007887442908699856,5
2005-10-13,0.003352866248667156,0,0.00342636261182967,0,0.007923503929857738,6
2005-10-14,0.0033913137948294544,0,0.0034558925079642465,0,0.007909772660366077,6
2005-10-17,0.002876126360368124,0,0.003435220669685016,0,0.00591958040945399,1
2005-10-18,0.005653277963626974,4,0.004932566607470673,1,0.006200173685166488,1
2005-10-19,0.011630576928968324,20,0.008487304956481432,9,0.007759850376387528,5
2005-10-20,0.012212743824025716,22,0.008515112765736783,9,0.006883049351076039,3
2005-10-21,0.012214037466881126,22,0.008522537673387832,9,0.006879798070749721,3
2005-10-24,0.016603194064102815,31,0.011751090957317035,18,0.008977317908737528,9
2005-10-25,0.014982075657764113,27,0.011722741457009698,18,0.00894762704191566,9
2005-10-26,0.01315463079024561,23,0.011716820719924942,18,0.008919328705926132,8
2005-10-27,0.012423605996274888,22,0.011772614728193187,18,0.008687604969788144,8
2005-10-28,0.01360679045744256,24,0.012740076353265833,20,0.009172448828230538,9
2005-10-31,0.009751966306192534,15,0.01307017024996286,21,0.009311817067818038,9
2005-11-01,0.009482344474455024,14,0.012190052797421753,19,0.00934343225931378,9
2005-11-02,0.010107869873807369,16,0.01106233083941015,16,0.00945338502655736,10
2005-11-03,0.010245915045913464,17,0.01074411024819486,15,0.009491262129293968,10
2005-11-04,0.006507691977889321,7,0.010698573681678451,15,0.009465248144101343,10
2005-11-07,0.005463754591867948,4,0.0074991791469585616,6,0.009481505378233692,10
2005-11-08,0.005157866057359418,3,0.007236771077452591,6,0.009404325656330677,10
2005-11-09,0.003418765350749044,0,0.00719116128531724,5,0.00924354444019343,9
2005-11-10,0.006857589159728583,8,0.008283795980005074,8,0.009711620330247247,11
2005-11-11,0.006932117929512854,8,0.006744001006158484,4,0.00970825765229599,11
2005-11-14,0.006991988780512189,8,0.005999995185447511,2,0.009689987163868726,11
2005-11-15,0.008917302470947,13,0.006870322548217859,5,0.010010864027617992,11
2005-11-16,0.01001018776918855,16,0.007052211224434388,5,0.009679783423809207,11
2005-11-17,0.0070077546611208765,8,0.007175753079113427,5,0.008922918158528295,8
2005-11-18,0.0071874351146260125,8,0.007171373926573593,5,0.008693788156605578,8
2005-11-21,0.007553524710726578,9,0.00720988497975223,5,0.008693268949064577,8
2005-11-22,0.005688991593622907,4,0.007052005540401833,5,0.007013192841703747,3
2005-11-23,0.0033724594307585013,0,0.0076483299889270814,7,0.007134591717843018,3
2005-11-25,0.0034203838230040355,0,0.006369540287162866,3,0.007108341013563635,3
2005-11-28,0.008198136828285855,11,0.007556158334128431,6,0.007617864158410382,4
2005-11-29,0.008146035370542261,11,0.007585220372116846,6,0.006821441741519418,2
2005-11-30,0.012994968523806251,23,0.00976122239128032,12,0.008168623080110602,6
2005-12-01,0.010506276625949338,17,0.009418846446737825,11,0.00810872823408151,6
2005-12-02,0.010384725617514632,17,0.00925577357833515,11,0.007928247324386668,6
2005-12-05,0.010665385556876213,18,0.009331332027809286,11,0.007931718906836744,6
2005-12-06,0.01026118135712231,17,0.009301725029406996,11,0.007988619548744623,6
2005-12-07,0.006577817329101697,7,0.009717596369937416,12,0.008364846367062927,7
2005-12-08,0.006619174845371258,7,0.008439703132332235,9,0.00836806294281726,7
2005-12-09,0.006092324915582226,5,0.008148078294576436,8,0.008361197033395709,7
2005-12-12,0.004435692933272133,2,0.007809845757956971,7,0.0076136547431742765,4
2005-12-13,0.009860115441376186,15,0.009603928767944378,12,0.008372681376306684,7
2005-12-14,0.007971486904402955,10,0.007223925428828196,5,0.008426295015142462,7
2005-12-15,0.008044008079549378,11,0.007312785572120881,6,0.008192812668918983,6
2005-12-16,0.008058590126912459,11,0.0073594862246801115,6,0.008055624561815244,6
2005-12-19,0.009786364619015555,15,0.007929073814874914,7,0.008298374241991145,7
2005-12-20,0.006624346173053182,7,0.007919152925891031,7,0.008273536688474841,7
2005-12-21,0.005961925062638614,5,0.007063533559167642,5,0.008207449952413303,6
2005-12-22,0.006517661478501058,7,0.007067408086217975,5,0.008217488541967658,7
2005-12-23,0.005849836823862656,5,0.007096734591639606,5,0.007714153226154923,5
2005-12-27,0.00535330617183762,3,0.007640680470719923,7,0.007802899926221171,5
2005-12-28,0.005604138913663262,4,0.005947917857042507,2,0.007664014456502057,5
2005-12-29,0.005590650482226421,4,0.005494302509579346,2,0.007582689269464614,4
2005-12-30,0.003669127673961993,1,0.0054863095754435764,1,0.006300713526708933,1
2006-01-03,0.011314482092208119,19,0.008500971560174422,9,0.007643736991441892,5
2006-01-04,0.01184602077692226,20,0.008666310149276582,9,0.00799925926299715,6
2006-01-05,0.01129987846051233,19,0.008601829907809364,9,0.00788344006785164,5
2006-01-06,0.011283298576122858,19,0.008608438304397668,9,0.007867527388547634,5
2006-01-09,0.011217778022585907,19,0.008347946598080073,8,0.007525645262915443,4
2006-01-10,0.005437800650828343,4,0.00867840139397578,9,0.00777198242972084,5
2006-01-11,0.0038321811715337907,1,0.00838127997103084,8,0.007779521865326114,5
2006-01-12,0.0037115596162852465,1,0.008401208799916755,8,0.007879107581102598,5
2006-01-13,0.00397725097439161,1,0.008402077233758666,8,0.006911700252813159,3
2006-01-17,0.004365016184617978,2,0.008965059016531324,10,0.007060223679073962,3
2006-01-18,0.004418082891146166,2,0.004676314084163119,0,0.00705912775443916,3
2006-01-19,0.00439272779988495,2,0.004044943592055752,0,0.00683987736292205,3
2006-01-20,0.008854232550155682,13,0.006657640630308055,4,0.007876264820338317,5
2006-01-23,0.008083242652408305,11,0.006520626987419635,4,0.007779802900092192,5
2006-01-24,0.010088296057151197,16,0.007342225935937183,6,0.008029621704237691,6
2006-01-25,0.011807749133498848,20,0.008436906033248393,8,0.008199850600458278,6
2006-01-26,0.012448495455755333,22,0.008959600988931954,10,0.008384716940630796,7
2006-01-27,0.006099793994633621,5,0.008853673162951959,10,0.00827123693609364,7
2006-01-30,0.00675850290598504,7,0.00894682576961948,10,0.008298073508580734,7
2006-01-31,0.007104240914508936,8,0.008591020986792524,9,0.008338724201305868,7
2006-02-01,0.005422250666291594,4,0.008663695801943384,9,0.0083857301954996,7
2006-02-02,0.0033722468355996986,0,0.00908748924626975,10,0.006861227365117964,3
2006-02-03,0.0023380858655988883,0,0.007046900154380066,5,0.006755861273135649,2
2006-02-06,0.006843195131312922,8,0.007503855458895038,6,0.007037220577050725,3
2006-02-07,0.00764150367299378,10,0.007172575083134007,5,0.00715638581172965,3
2006-02-08,0.008042871785196337,11,0.006536049452283049,4,0.0072903241515893304,4
2006-02-09,0.0056813911696630606,4,0.006240205791552161,3,0.007325150545865678,4
2006-02-10,0.001697628691571242,0,0.0063975594103475334,3,0.007392033580774614,4
2006-02-13,0.0037390857225166056,1,0.006239241342922031,3,0.00735630951180672,4
2006-02-14,0.005554213992433441,4,0.00714927621233399,5,0.007855852936764463,5
2006-02-15,0.005575599206307824,4,0.006924930667865751,5,0.007685163085150491,5
2006-02-16,0.0059078555188885285,5,0.005575821562192873,2,0.007901362797323737,6
2006-02-17,0.006238092149662303,6,0.004316829713798969,0,0.007887128741173786,5
2006-02-21,0.005436230353248534,4,0.004569594683915592,0,0.0063586532808729244,1
2006-02-22,0.00587263472172572,5,0.005418266267257596,1,0.006690624467076408,2
2006-02-23,0.005964679910356166,5,0.005491205877284125,1,0.006693085132109418,2
2006-02-24,0.0059994414884909164,5,0.005624555402793808,2,0.006634685312822955,2
2006-02-27,0.005232405428935065,3,0.005584474051738884,2,0.006621799905953112,2
2006-02-28,0.005377668518561464,4,0.005196104162462867,1,0.006638393342614265,2
2006-03-01,0.0060053783948372805,5,0.005682624537168755,2,0.006542693885841755,2
2006-03-02,0.007457438032127041,9,0.006989984321858246,5,0.006823903159203922,2
2006-03-03,0.005946334093260486,5,0.006702674087161747,4,0.006614628152032479,2
2006-03-06,0.004458407511824945,2,0.006678562527791633,4,0.005921365576292785,1
2006-03-07,0.007167484814257272,8,0.006956986578020668,5,0.005651716477679576,0
2006-03-08,0.006768488711494395,7,0.006107399282746874,3,0.005586996930378085,0
2006-03-09,0.004572564308596231,2,0.006005821718508991,2,0.0057385002667460815,0
2006-03-10,0.005465415853859626,4,0.006157559152050089,3,0.005903116934546692,0
2006-03-13,0.005560459332677602,4,0.0058839705576965,2,0.005923708903294028,1
2006-03-14,0.005064972100815933,3,0.0061817417335345,3,0.0060115553102820995,1
2006-03-15,0.005043806485760729,3,0.005780904307095653,2,0.005760726873154578,0
2006-03-16,0.0037598880716944966,1,0.004353954817197443,0,0.005606514459807887,0
2006-03-17,0.0032640029273074867,0,0.004262405198701838,0,0.005592051571067845,0
2006-03-20,0.003192613690122458,0,0.0043024329646876944,0,0.005509840131467767,0
2006-03-21,0.005448280777938866,4,0.005017973525868738,1,0.005847103999442464,0
2006-03-22,0.006472428264231399,6,0.005475883747775723,1,0.005943701806656888,1
2006-03-23,0.006663549909242734,7,0.0058673909942509005,2,0.005831132370075047,0
2006-03-24,0.006842377329310535,8,0.005493833317221017,1,0.005762315268932651,0
2006-03-27,0.006885928298697616,8,0.005581893746558112,2,0.005627322429524099,0
2006-03-28,0.0097570647532154,15,0.007676373251713773,7,0.006678048116476349,2
2006-03-29,0.007611905246775939,9,0.007589974859845554,6,0.006661579126594173,2
2006-03-30,0.0077458649700973825,10,0.007204102370774091,5,0.0067806835946780265,2
2006-03-31,0.006377579226971565,6,0.0069611487496646805,5,0.006405763571359574,1
2006-04-03,0.007426418909701574,9,0.007169035970051867,5,0.006431312081777721,1
2006-04-04,0.0079065872041195,10,0.008538741064119186,9,0.007013023898435404,3
2006-04-05,0.007919194488250214,10,0.008174259355229137,8,0.006856804343154384,3
2006-04-06,0.007817535132220488,10,0.008281016357437289,8,0.0070969804347714195,3
2006-04-07,0.009628274791599799,15,0.008484871336625278,9,0.007413196240367513,4
2006-04-10,0.009581929205907716,15,0.008489722002285906,9,0.007153300156436079,3
2006-04-11,0.0060399930532679886,5,0.006989569378706909,5,0.007171947925558278,3
2006-04-12,0.005303868662543712,3,0.007125069833989952,5,0.007033562377195764,3
2006-04-13,0.00498682785878546,3,0.006646215148723416,4,0.00698901698606477,3
2006-04-17,0.003333471446453791,0,0.006877962695532517,5,0.0067845062040385986,2
2006-04-18,0.006182478177366369,6,0.0076285625347224046,6,0.0072108690421890595,4
2006-04-19,0.005793672430061927,5,0.006243286919349029,3,0.007236234204266804,4
2006-04-20,0.005917101935967437,5,0.006178293660463757,3,0.007197753813484425,4
2006-04-21,0.0072402664875176525,9,0.00692285623199711,5,0.007479012162578937,4
2006-04-24,0.004542601881920554,2,0.005662480193832112,2,0.007401452209101017,4
2006-04-25,0.004761473727421648,3,0.0055448845522848705,2,0.007347999733398075,4
2006-04-26,0.005606203674036984,4,0.005977870124828103,2,0.007852639439866698,5
2006-04-27,0.010574878660860917,17,0.009434180557702884,11,0.008867140212485101,8
2006-04-28,0.010952642984557556,18,0.009665396759714324,12,0.009357873141517935,10
2006-05-01,0.016543597976114075,30,0.011486399740290686,17,0.009907232658178756,11
2006-05-02,0.016027158823043036,30,0.011464955858057482,17,0.009843765619337492,11
2006-05-03,0.016866244887310654,31,0.011851203397627562,18,0.009968463317256553,11
2006-05-04,0.013079103813868795,23,0.011976574477015181,18,0.00995073672442858,11
2006-05-05,0.011385942879724793,19,0.011895399236903553,18,0.010058805247679959,12
2006-05-08,0.008708058207985571,12,0.012753963663376817,20,0.01003722337684605,12
2006-05-09,0.008676169536167275,12,0.012698740343399524,20,0.009542822523356913,10
2006-05-10,0.008251826645723132,11,0.012628030113157123,20,0.009517183686273138,10
2006-05-11,0.007952537113488011,10,0.010499823530810054,14,0.009890863925275939,11
2006-05-12,0.005331582464820073,3,0.009226560870868625,11,0.01035606137588728,12
2006-05-15,0.007371838030396109,9,0.008238916660038202,8,0.01035446286426266,12
2006-05-16,0.007400917374945809,9,0.008071554023749594,7,0.01014566222136059,12
2006-05-17,0.01126895841416178,19,0.01069514532979216,15,0.011497787011000281,15
2006-05-18,0.011236167944977334,19,0.009603918568238027,12,0.01178065392479831,16
2006-05-19,0.011711222137116707,20,0.008606594254183614,9,0.011765196684255852,16
2006-05-22,0.010396650086903289,17,0.008642020555271886,9,0.011514394566479047,15
2006-05-23,0.010035137611825975,16,0.008517954595002302,9,0.011504125133161357,15
2006-05-24,0.005445430427021871,4,0.008948054532832522,10,0.011534448284056318,15
2006-05-25,0.003945764656944857,1,0.009419530611794829,11,0.011352897552791449,15
2006-05-26,0.0048485568886096776,3,0.009520355867780725,11,0.009804547031759382,11
2006-05-30,0.009626968383914719,15,0.010155013013595083,13,0.009397060496993286,10
2006-05-31,0.010279562175148206,17,0.01016295056055458,14,0.008945382700337184,9
2006-06-01,0.010398409020333824,17,0.00785374982694133,7,0.00896415158796094,9
2006-06-02,0.010950899234457957,18,0.007817383087207593,7,0.009325057369522967,9
2006-06-05,0.010919539228639086,18,0.008805830283978779,10,0.009098890348927583,9
2006-06-06,0.009170288042932918,14,0.008962647637788486,10,0.008711385931347754,8
2006-06-07,0.00903259995547776,13,0.009142525621676537,11,0.008807925547166359,8
2006-06-08,0.008799479046849076,13,0.009084175614946824,10,0.008852453687251556,8
2006-06-09,0.006946876926512757,8,0.008826356850650958,10,0.008889563636182658,8
2006-06-12,0.006148725604128603,6,0.008378974646824359,8,0.008814896867617971,8
2006-06-13,0.01348008180621123,24,0.011229045043696234,16,0.01040419243606169,13
2006-06-14,0.011489764258421603,19,0.011350784953811937,16,0.010291961551819639,12
2006-06-15,0.01985290887631393,36,0.01480027707038885,25,0.01218522283493971,17
2006-06-16,0.020025018802206192,36,0.014259021801193717,24,0.011471262785964179,15
2006-06-19,0.01998936611715554,36,0.014085624770363962,23,0.011381627045000939,15
2006-06-20,0.015539553731915724,29,0.014092822658220086,23,0.011344067266096438,15
2006-06-21,0.01468962396318076,27,0.013974259384041355,23,0.011418889345867135,15
2006-06-22,0.0066494112302110785,7,0.014042628843029955,23,0.011487674780144359,15
2006-06-23,0.004781694235686149,3,0.014026721548313168,23,0.011417289595455335,15
2006-06-26,0.003481334861728841,1,0.013954215289153995,23,0.011204890957841657,15
2006-06-27,0.0039700853016393185,1,0.010700790028528771,15,0.010923289304224967,14
2006-06-28,0.004689004860589122,2,0.010310256831556223,14,0.010757363822712496,13
2006-06-29,0.009654874972165144,15,0.008428700890042164,8,0.011603433868465931,16
2006-06-30,0.011479932212461545,19,0.008438049506804672,8,0.01173853245585558,16
2006-07-03,0.012505871790795037,22,0.008949938882038298,10,0.011925680318734505,17
2006-07-05,0.011823365319407244,20,0.00883520086737632,10,0.011697445297876722,16
2006-07-06,0.011868784573410973,21,0.008826880283495903,10,0.011676495581349934,16
2006-07-07,0.009549347959961764,15,0.009249678851063502,11,0.011658755353097273,16
2006-07-10,0.0073874323085332,9,0.009129285249581372,11,0.011732175758798829,16
2006-07-11,0.004569714405160141,2,0.009159856538217517,11,0.011674686776066484,16
2006-07-12,0.007478956238683879,9,0.010196048722027392,14,0.011847200946202589,16
2006-07-13,0.008154835894583204,11,0.01103416126163504,16,0.010416436910905151,13
2006-07-14,0.00952762850942124,15,0.009116517405696599,10,0.010224538769715588,12
2006-07-17,0.008177276823109484,11,0.00848513465327727,9,0.008405235564805408,7
2006-07-18,0.008903679936802435,13,0.007041555418093679,5,0.008089124000907687,6
2006-07-19,0.016025453736957185,30,0.012342436040005969,19,0.010253263449460193,12
2006-07-20,0.014473819749692082,26,0.012591143555331743,20,0.010398508739052808,12
2006-07-21,0.014531857262674825,26,0.012625844244939764,20,0.010509903412981959,13
2006-07-24,0.0135592769833479,24,0.012695134275423138,20,0.010576977589730795,13
2006-07-25,0.013542355684122124,24,0.012667399226132291,20,0.010499896770176608,13
2006-07-26,0.006248312839614539,6,0.011496993592023174,17,0.010486663727272806,13
2006-07-27,0.0037771879274575487,1,0.010003016164649037,13,0.010392604132911536,12
2006-07-28,0.004646462317761346,2,0.010203735045552836,14,0.010544618879420832,13
2006-07-31,0.005648688273444705,4,0.010267085741847582,14,0.009960166875285633,11
2006-08-01,0.005841446798367113,5,0.010472335710925028,14,0.009525782362415388,10
2006-08-02,0.006359346211535843,6,0.005946455443780532,2,0.009239343797435297,9
2006-08-03,0.006411459335973068,6,0.005046061654758753,1,0.00925216809267301,9
2006-08-04,0.004712186523090297,2,0.004771496990194118,1,0.009287026258985066,9
2006-08-07,0.004861665290025767,3,0.005018306636635843,1,0.009198005455757082,9
2006-08-08,0.005168411703531995,3,0.005215697693274547,1,0.009221117306779762,9
2006-08-09,0.0060264474512749504,5,0.006497202974271308,4,0.009623634540042997,10
2006-08-10,0.005988578692862606,5,0.006512937080320579,4,0.009094823298245073,9
2006-08-11,0.0037366223436668903,1,0.005134903174386357,1,0.00851942612062483,7
2006-08-14,0.0037948811689460043,1,0.005324169931429761,1,0.008675829090382108,8
2006-08-15,0.011512109102180215,20,0.008458154843520858,9,0.009374657633135199,10
2006-08-16,0.00994075692652557,16,0.00811686193370348,8,0.009374835667088514,10
2006-08-17,0.010233875453344336,17,0.008203320857442152,8,0.007045664816105831,3
2006-08-18,0.00997679784309168,16,0.00820142668427155,8,0.0068610663109558954,3
2006-08-21,0.009038109255216854,13,0.008123792132172002,8,0.00668980701860975,2
2006-08-22,0.0036934794478963324,1,0.008075472057383898,7,0.0065315521096569636,2
2006-08-23,0.0036295171825083596,1,0.007153207043760385,5,0.0065092223841588725,1
2006-08-24,0.003003509593693365,0,0.0071305586844663425,5,0.006497875666228093,1
2006-08-25,0.0033189141035711934,0,0.007608928086549113,6,0.006766737681205056,2
2006-08-28,0.0035067326363551923,1,0.007244054619481134,6,0.006234675225499579,1
2006-08-29,0.0036871710899313227,1,0.003657514100100918,0,0.006202232074314891,1
2006-08-30,0.005903182996463605,5,0.00502382442283779,1,0.006733320293547708,2
2006-08-31,0.005595838094822088,4,0.005101365998978793,1,0.006533297950306986,2
2006-09-01,0.006115983176407052,5,0.004644356867714544,0,0.00659432227645723,2
2006-09-05,0.006192404726833476,6,0.004756611283197425,1,0.006416992810539982,1
2006-09-06,0.005864738535255485,5,0.004699532105215143,0,0.0063992492571939485,1
2006-09-07,0.003348816469994501,0,0.004681834281560298,0,0.006410686058993931,1
2006-09-08,0.0028931463869110194,0,0.0048813889462489095,1,0.0060632773172107765,1
2006-09-11,0.004788115105122159,3,0.005178315863075971,1,0.006402951312545282,1
2006-09-12,0.007227983049123865,9,0.0063945606128654265,3,0.006773927439349256,2
2006-09-13,0.0073395598502928846,9,0.006519508757674118,4,0.00669208033086926,2
2006-09-14,0.007067604371766959,8,0.005362300774394844,1,0.005042738905967389,0
2006-09-15,0.008473675953024954,12,0.006023258577202432,2,0.005358024360710935,0
2006-09-18,0.007371628018022036,9,0.006266405940476913,3,0.005550646933080535,0
2006-09-19,0.006262538731289061,6,0.006422119624360257,3,0.005445580741620325,0
2006-09-20,0.007111808385350622,8,0.006847432465354618,5,0.005806583813269147,0
2006-09-21,0.007799828372431304,10,0.007020728969027861,5,0.005896846815224193,0
2006-09-22,0.005163577912446641,3,0.00704144192006657,5,0.005956647544369949,1
2006-09-25,0.005897177911406715,5,0.006400647929776635,3,0.006370347991033735,1
2006-09-26,0.006325152977662529,6,0.006340705502489063,3,0.006417743115338092,1
2006-09-27,0.007311832306940307,9,0.006806872363302025,4,0.006538380525769035,2
2006-09-28,0.005944654962907601,5,0.006815375510154157,4,0.006602964480618609,2
2006-09-29,0.006201810091275446,6,0.005387392531560191,1,0.005961798011084949,1
2006-10-02,0.00529493704494373,3,0.00539996588162759,1,0.0057972016187505925,0
2006-10-03,0.00718074303654843,8,0.006470708615522995,4,0.006427902153515814,1
2006-10-04,0.00571044306740646,4,0.006386034480662883,3,0.006517779480550225,1
2006-10-05,0.007679133904409794,10,0.0065017057913084484,4,0.006688967995551836,2
2006-10-06,0.008650518826768688,12,0.007159662213943233,5,0.00680515949736046,2
2006-10-09,0.008654304328074573,12,0.006779413821473148,4,0.0068265509962026965,2
2006-10-10,0.005902506090184576,5,0.006352681953552625,3,0.006264570031521552,1
2006-10-11,0.006365840051608134,6,0.007324541268856035,6,0.006740141308132317,2
2006-10-12,0.006797477768885309,7,0.007266493201631608,6,0.006742895694892315,2
2006-10-13,0.006460599603119613,6,0.007270830357398244,6,0.006733483702045953,2
2006-10-16,0.008019911181421832,11,0.008528769294147056,9,0.007041601898533311,3
2006-10-17,0.007665872063508743,10,0.006836561846369853,5,0.006990872649376999,3
2006-10-18,0.006732694224089084,7,0.0062674287298090945,3,0.006957378317599205,3
2006-10-19,0.007150346724229216,8,0.00673563454620274,4,0.007207994448142454,4
2006-10-20,0.008259493583780374,11,0.007215379310361825,5,0.0072084302966180895,4
2006-10-23,0.00625995060015889,6,0.006936345365892612,5,0.007188484944209283,3
2006-10-24,0.0065337074823165545,7,0.006849479169953309,5,0.006959154962360558,3
2006-10-25,0.0083697383156216,12,0.007208563808501347,5,0.007031181174311189,3
2006-10-26,0.005705872793519898,4,0.0071653411607289315,5,0.0069614369613815565,3
2006-10-27,0.007446882883802391,9,0.007596483766336607,6,0.007192927235940209,4
2006-10-30,0.007642956119052788,10,0.006614607504004518,4,0.007242346885002835,4
2006-10-31,0.007197850413900223,9,0.006621630974336546,4,0.0072460430494782815,4
2006-11-01,0.005573207049104604,4,0.006810629105040656,4,0.00652939977314624,1
2006-11-02,0.004958837163087539,3,0.0058863421672847825,2,0.006251216618504446,1
2006-11-03,0.003425275492939588,0,0.0055089028523079234,2,0.006177459289092636,1
2006-11-06,0.007782527850116943,10,0.007272158686900209,6,0.0069592955347153596,3
2006-11-07,0.007766429745376244,10,0.007062393381373936,5,0.006923864052627191,3
2006-11-08,0.006561347323004815,7,0.0064015918925028285,3,0.0069505612812319414,3
2006-11-09,0.0067945926817001845,7,0.0064135029675602175,3,0.0065153295817604664,1
2006-11-10,0.0059664093858627625,5,0.0055660128017086105,2,0.006536588177856475,2
2006-11-13,0.004500640480533021,2,0.005994118798343348,2,0.0066530146747338335,2
2006-11-14,0.005124573724414389,3,0.006209821420356399,3,0.0061408273472012545,1
2006-11-15,0.005999527864901651,5,0.006344679448527618,3,0.006343021344423323,1
2006-11-16,0.006904188747672381,8,0.0065549406274330166,4,0.006516365550510317,1
2006-11-17,0.006684376398128347,7,0.0064605910160316915,4,0.0060138330242394305,1
2006-11-20,0.005805371562667291,5,0.004910774137549812,1,0.005888266103398304,0
2006-11-21,0.0052874406440645335,3,0.005010304264699575,1,0.005966723217906325,1
2006-11-22,0.004271851250384851,2,0.004939305155953641,1,0.005878026770253132,0
2006-11-24,0.0015049468983872438,0,0.004919086910910075,1,0.005466895816344508,0
2006-11-27,0.0048878998981498195,3,0.005857412440895701,2,0.0060359447780363555,1
2006-11-28,0.006493003905419248,6,0.006161917103783083,3,0.005863350941841221,0
2006-11-29,0.006570313855268504,7,0.005736927639102714,2,0.005905277140404231,1
2006-11-30,0.006552643408897851,7,0.005516139034512069,2,0.0059444102380968806,1
2006-12-01,0.006654151312861102,7,0.0047589473375697295,1,0.005999677801850667,1
2006-12-04,0.008000985796792716,11,0.006289500621397606,3,0.006925274246995661,3
2006-12-05,0.0067418787477004135,7,0.006465033396106476,4,0.006956208553653844,3
2006-12-06,0.006937645107226804,8,0.006494395178314504,4,0.006029645493298919,1
2006-12-07,0.0069013719618296575,8,0.006452251768421481,4,0.005929755307392715,1
2006-12-08,0.008459802557807521,12,0.0073530584323239214,6,0.00654851961840087,2
2006-12-11,0.011951844139025974,21,0.009865769369855809,13,0.007853989507048407,5
2006-12-12,0.012118411989829202,21,0.009703594291484114,12,0.00785347849824509,5
2006-12-13,0.012264407737290381,22,0.010003985708998984,13,0.007949744481432775,6
2006-12-14,0.011908086438097557,21,0.01003687108009058,13,0.007766104235471442,5
2006-12-15,0.006275179435518278,6,0.009924744782828537,13,0.007732482359483165,5
2006-12-18,0.001848381700005346,0,0.008389705642395382,8,0.0076362599494889105,4
2006-12-19,0.0028212261400216297,0,0.00842931222737572,8,0.007636236639349297,4
2006-12-20,0.002460707790817739,0,0.00834456474355189,8,0.007644896349548088,5
2006-12-21,0.0033346775228819984,0,0.008274968552272409,8,0.00763860615265535,4
2006-12-22,0.0036601215781802404,1,0.005855149374276122,2,0.007649597135408489,5
2006-12-26,0.003953985439490218,1,0.0035357729654082537,0,0.007829608632547655,5
2006-12-27,0.003910613027789366,1,0.0034221107908931053,0,0.007419635653977916,4
2006-12-28,0.0040764395545613095,1,0.0033743305573494704,0,0.007274567823914369,4
2006-12-29,0.004504839567608765,2,0.003845032192646671,0,0.00728148032146523,4
2007-01-03,0.004314085844239621,2,0.003772962957279967,0,0.007258515938360126,4
2007-01-04,0.004243221036737427,2,0.0038715649172486348,0,0.007264564072710514,4
2007-01-05,0.005366742995807929,4,0.004647123664334919,0,0.006563211206158894,2
2007-01-08,0.005967862303682819,5,0.004832324341615199,1,0.00658978989127382,2
2007-01-09,0.005514401439534617,4,0.004768859047668389,1,0.006564851656367155,2
2007-01-10,0.005454701145020808,4,0.004667112092658552,0,0.006482795693677697,1
2007-01-11,0.005170828873726502,3,0.00452144450476488,0,0.005485845925855592,0
2007-01-12,0.0038080300407807638,1,0.004580424157742004,0,0.004143930495926132,0
2007-01-16,0.0033583785369086143,0,0.004580146999661311,0,0.004043077759927378,0
2007-01-17,0.0034296163351303153,1,0.004367431927020909,0,0.003924002774788814,0
2007-01-18,0.003222136737960697,0,0.004356730140191526,0,0.003915867584522358,0
2007-01-19,0.002987744370536397,0,0.004238992178588955,0,0.004058288023021251,0
2007-01-22,0.002934151103390202,0,0.0032149259856219786,0,0.00386088230327284,0
2007-01-23,0.004334809046653188,2,0.0036620500341341005,0,0.004086906637521897,0
2007-01-24,0.004335335254320519,2,0.003687175845283636,0,0.004089925939781282,0
2007-01-25,0.007846393365063414,10,0.005778608121211182,2,0.0051763278391328245,0
2007-01-26,0.006063704550301196,5,0.00585010572250067,2,0.00531877280525614,0
2007-01-29,0.004918042532834257,3,0.006214621595403867,3,0.005434230294915572,0
2007-01-30,0.01079410941738385,18,0.00804358645279458,7,0.006298698256150221,1
2007-01-31,0.01238884539847953,22,0.008803750780651497,9,0.006681850731861502,2
2007-02-01,0.01028993527084333,17,0.009028687770446455,10,0.006736849399337942,2
2007-02-02,0.009458756040484947,14,0.00874125808723784,9,0.0067426577744963655,2
2007-02-05,0.0056518524350780055,4,0.00880683027971956,10,0.00660011489487273,2
2007-02-06,0.004050102789356585,1,0.008936396182235384,10,0.006541559476743633,2
2007-02-07,0.003096827372236998,0,0.00894907224924298,10,0.006512118652279622,1
2007-02-08,0.0032257251764214703,0,0.007189316336578442,5,0.006509620454195935,1
2007-02-09,0.00469689032616739,2,0.007101090358498852,5,0.006627986031052205,2
2007-02-12,0.004603521802343616,2,0.005493043345476058,1,0.006513635060092855,1
2007-02-13,0.007028537513585766,8,0.005529552501214717,2,0.007109863167724159,3
2007-02-14,0.007259820457243328,9,0.00526523369790521,1,0.0072140762399799906,4
2007-02-15,0.00770578348693814,10,0.005570031882881386,2,0.007249317169084191,4
2007-02-16,0.006198877714209815,6,0.005425142608170359,1,0.007278099874951038,4
2007-02-20,0.00632762045133827,6,0.005479764945910656,1,0.007190593104696815,4
2007-02-21,0.004104316416195312,1,0.0054685774934999645,1,0.007218365395398149,4
2007-02-22,0.003201256749527399,0,0.005672637043213448,2,0.007134572635468583,3
2007-02-23,0.007289519329299486,9,0.0076804832703158766,7,0.007933574848587888,6
2007-02-26,0.006291289517553879,6,0.007454745880685072,6,0.007186968971230665,3
2007-02-27,0.015342068339330004,28,0.013919251483565797,23,0.010919980521109247,14
2007-02-28,0.015897578366815178,29,0.01271334863804199,20,0.010677265583713385,13
2007-03-01,0.015445584060763377,28,0.01208286541885026,19,0.010364720643737255,12
2007-03-02,0.015480734236782534,28,0.012029141756360344,19,0.01015276684021638,12
2007-03-05,0.014760495604595709,27,0.011394746816614999,17,0.010067263502861181,12
2007-03-06,0.014758167160105312,27,0.01572893028622401,27,0.011907510396973022,17
2007-03-07,0.015136380051727474,28,0.015690174718370257,27,0.011919390281340227,17
2007-03-08,0.01450132910079347,26,0.015987333073298533,28,0.01184034820323595,16
2007-03-09,0.013607389748559321,24,0.015782163767470297,27,0.011856687499490736,16
2007-03-12,0.012203105679436558,21,0.015898377603813997,27,0.011901538137660515,17
2007-03-13,0.015252567270108701,28,0.014548257514858954,24,0.013564667786259912,21
2007-03-14,0.016125466786177045,30,0.014794162261205574,25,0.013694897756593697,21
2007-03-15,0.016499538858973015,30,0.014808216416709858,25,0.013390944806875589,20
2007-03-16,0.01633211582068611,30,0.014940087085527826,25,0.01328631923663329,20
2007-03-19,0.01860843214668458,34,0.015501201673357877,27,0.013925094792695885,21
2007-03-20,0.009033595735355554,13,0.013168046257208731,21,0.014050603062186903,22
2007-03-21,0.01170509072271121,20,0.014595340230600428,25,0.015034873515814935,23
2007-03-22,0.013031225815890148,23,0.014744886064831349,25,0.015043208829972161,23
2007-03-23,0.010447192707212592,17,0.01473349213471924,25,0.015049003619260072,23
2007-03-26,0.010526174128217925,17,0.014779536577085382,25,0.0147099993065373,23
2007-03-27,0.01041060605355208,17,0.009203325880911793,11,0.014778113380770943,23
2007-03-28,0.00990690876365704,16,0.012166473597143014,19,0.013009434710490672,19
2007-03-29,0.011366853236811357,19,0.012245869609510953,19,0.013132737083769141,20
2007-03-30,0.011276938677342996,19,0.011724377713959963,18,0.012992191315091545,19
2007-04-02,0.011973603687115131,21,0.011658140868372862,17,0.013154161156798586,20
2007-04-03,0.012666790225509445,22,0.011717133103919726,18,0.013136227650457475,20
2007-04-04,0.008440837114876365,12,0.009023529936153704,10,0.011827851993528486,16
2007-04-05,0.007242832259905572,9,0.008987819999479976,10,0.011724676564037277,16
2007-04-09,0.0071692430573726046,8,0.008967528576008365,10,0.01170103949374402,16
2007-04-10,0.003831493306279895,1,0.009135198151886067,11,0.011710196039015679,16
2007-04-11,0.00567771583891435,4,0.009338535347788017,11,0.011939815185822319,17
2007-04-12,0.0057003942672514685,4,0.006959770242638918,5,0.009603111164501306,10
2007-04-13,0.006157757416832949,6,0.0063407871013543655,3,0.009534277464091676,10
2007-04-16,0.010157902835143498,16,0.008362228072695559,8,0.010038560009411078,12
2007-04-17,0.01005319825600931,16,0.007221291315625585,5,0.009735258986463,11
2007-04-18,0.008032330562942124,11,0.007405110129354931,6,0.00944685671852269,10
2007-04-19,0.012709349311523213,23,0.0096462276278435,12,0.010181830647963639,12
2007-04-20,0.012708741852346815,23,0.00967064456403318,12,0.008944710389730446,8
2007-04-23,0.01105403110669633,18,0.01025817835176632,14,0.00916335818516115,9
2007-04-24,0.011135732025115235,19,0.010175552155150622,14,0.009180219341409817,9
2007-04-25,0.011702204832145608,20,0.01023314965021346,14,0.00959725453555831,10
2007-04-26,0.009498428776401597,15,0.010717166813913081,15,0.009727368088247628,11
2007-04-27,0.009388951800865032,14,0.010697539335759357,15,0.008625877078672768,8
2007-04-30,0.007816043890231618,10,0.009311000526615614,11,0.008441229800140958,7
2007-05-01,0.007817135982880303,10,0.009295933912468397,11,0.00841286963355242,7
2007-05-02,0.00514385827837292,3,0.008553000356445788,9,0.007991786849987817,6
2007-05-03,0.001488809145280989,0,0.00656742271986729,4,0.007833490709669424,5
2007-05-04,0.0016565068246496815,0,0.006533578245054631,4,0.00783342160563823,5
2007-05-07,0.0018071395485082795,0,0.005353948209945564,1,0.00785822554433516,5
2007-05-08,0.002040817721498058,0,0.005395195629872246,1,0.007860619613619724,5
2007-05-09,0.0020777699675226793,0,0.003938787497199215,0,0.007818477230939935,5
2007-05-10,0.008178780888510257,11,0.0060339791179040364,3,0.00834005331043374,7
2007-05-11,0.009311811958721451,14,0.006493609867365024,4,0.00841083972300804,7
2007-05-14,0.008960832467223102,13,0.006540489204398375,4,0.008439707408767753,7
2007-05-15,0.009299722297150112,14,0.006625171138550078,4,0.007674971668807475,5
2007-05-16,0.009554963723394056,15,0.006704180662399541,4,0.007712161165301646,5
2007-05-17,0.003984807177504598,1,0.006550642711805024,4,0.007346332060252838,4
2007-05-18,0.0029069352616725246,0,0.00662470390968133,4,0.006263755136072977,1
2007-05-21,0.0020239193963958743,0,0.006518823908722571,4,0.006249384906766171,1
2007-05-22,0.0025417432298919665,0,0.006756472908353247,4,0.00584487291926737,0
2007-05-23,0.0032320218521138485,0,0.006819482616504639,5,0.005896347896588156,0
2007-05-24,0.004457677842377285,2,0.0041943847153238225,0,0.005449821604735336,0
2007-05-25,0.004458513331371135,2,0.0036470977548412457,0,0.004997895839955861,0
2007-05-29,0.004442794358697697,2,0.00340778173833062,0,0.004998335812548968,0
2007-05-30,0.004192010166662164,2,0.004158492179239564,0,0.005251400170839605,0
2007-05-31,0.0042005758947700495,2,0.003961936540567697,0,0.0052649559350484995,0
2007-06-01,0.004000186642562728,1,0.004012341197143534,0,0.005261930262991931,0
2007-06-04,0.003657157243313608,1,0.0038848501514968077,0,0.005174275305388829,0
2007-06-05,0.0037162790458502752,1,0.003992568697639336,0,0.005224763550919343,0
2007-06-06,0.0033976335079818646,0,0.003621661900496093,0,0.005294628121832353,0
2007-06-07,0.005218128446822584,3,0.00450651603601236,0,0.005699661640088785,0
2007-06-08,0.007776003644232245,10,0.005852497268651656,2,0.006163801585240767,1
2007-06-11,0.0075607701404201925,9,0.005677090261327311,2,0.0050574146675012675,0
2007-06-12,0.00785220895298085,10,0.005875722947314888,2,0.004965400107427988,0
2007-06-13,0.010965310877064588,18,0.007729651814890457,7,0.005951193244996377,1
2007-06-14,0.009870126072267725,15,0.00786894129478203,7,0.005996293826322154,1
2007-06-15,0.008738184311264618,13,0.007830237453194727,7,0.005917867920525908,1
2007-06-18,0.008666637708293295,12,0.007790158696015851,7,0.0059345990746047786,1
2007-06-19,0.009233321364105377,14,0.009006569011742006,10,0.006625550865257461,2
2007-06-20,0.008986672953648344,13,0.009491449079013154,11,0.00701951044342135,3
2007-06-21,0.008713246408998815,12,0.008836028987947019,10,0.006863894794699446,3
2007-06-22,0.01183414696790508,20,0.010010666527431872,13,0.007839841477420208,5
2007-06-25,0.011880998313449409,21,0.009995843956970316,13,0.007796454179387377,5
2007-06-26,0.007839438561486185,10,0.009816106227913993,12,0.007716819998290812,5
2007-06-27,0.009720201265785414,15,0.00886864020178182,10,0.008026679906388254,6
2007-06-28,0.009712734303154473,15,0.008794964332377706,9,0.00792560630463033,6
2007-06-29,0.004731337562115731,2,0.008788458481431142,9,0.007943686453398798,6
2007-07-02,0.006007396126146271,5,0.009450556444374867,11,0.008246874015383154,7
2007-07-03,0.005844238144873749,5,0.008404616320228375,8,0.008332045300204356,7
2007-07-05,0.005706705518354748,4,0.0077886661693411605,7,0.008330495815248303,7
2007-07-06,0.006091401025772916,5,0.00785640218724051,7,0.008276721765909226,7
2007-07-09,0.006699473784262572,7,0.005467961382177139,1,0.008094710819588657,6
2007-07-10,0.0052705392566540655,3,0.006153985420888515,3,0.007923554040904416,6
2007-07-11,0.00464434262703973,2,0.006288332931375182,3,0.007973556226331148,6
2007-07-12,0.012267304775354449,22,0.009019832428317836,10,0.009212409212503459,9
2007-07-13,0.011979635762921903,21,0.008982551486017603,10,0.008620519203728576,8
2007-07-16,0.01103424632342592,18,0.008818846796833204,10,0.008575323299388767,7
2007-07-17,0.00860540303988555,12,0.008490318426564246,9,0.008620295073488618,8
2007-07-18,0.010924382857095724,18,0.008906262414821101,10,0.008799999624536512,8
2007-07-19,0.004882538735531039,3,0.008850336266014586,10,0.008255615277444048,7
2007-07-20,0.009539263424491084,15,0.010734765713177247,15,0.008924366833943204,8
2007-07-23,0.008763909983521534,13,0.010598634560344258,15,0.008932333224048525,8
2007-07-24,0.008878218262042326,13,0.012081726229207428,19,0.00912556657614593,9
2007-07-25,0.015268640752251877,28,0.013441054112228942,22,0.009958280887766175,11
2007-07-26,0.015510900938695038,29,0.011500273708926577,17,0.010400754974976082,12
2007-07-27,0.01480355834310181,27,0.011756273918222846,18,0.010248801204812696,12
2007-07-30,0.01544654696548854,28,0.012043416688063259,19,0.010389045708551108,12
2007-07-31,0.011897175218588855,21,0.0117572897255593,18,0.010420234132715004,13
2007-08-01,0.008829190590248448,13,0.01199998167147569,18,0.010248750122018058,12
2007-08-02,0.00471299499578594,2,0.012178709187690836,19,0.010207660453381829,12
2007-08-03,0.009400157055153312,14,0.011736445955779565,18,0.01069319468347024,13
2007-08-06,0.01516059882672982,28,0.014566815003309573,24,0.012183855718305584,17
2007-08-07,0.01480385298515821,27,0.012844904259392572,21,0.012349209829304509,18
2007-08-08,0.016365541839432732,30,0.013445123458471138,22,0.012986296033041713,19
2007-08-09,0.023129877751467583,39,0.015737378922834,27,0.01438949746358398,22
2007-08-10,0.020598695576155807,37,0.015752603817379935,27,0.013618929692400469,21
2007-08-13,0.01812489486887014,33,0.015755000809383392,27,0.013620649280884913,21
2007-08-14,0.018276741921352438,34,0.016310584306821516,28,0.013855497489507498,21
2007-08-15,0.014366206975750875,26,0.016419791238577276,28,0.01396182537327779,22
2007-08-16,0.017284815145648634,32,0.01934619263209756,33,0.01578694084910983,25
2007-08-17,0.022356753605894925,39,0.02051733663445688,35,0.017783793546902373,28
2007-08-20,0.02349486589197881,40,0.020494754926377815,35,0.017239746076699987,27
2007-08-21,0.02072974751535288,37,0.02057207801929777,35,0.017204110376257152,27
2007-08-22,0.020803885675378424,37,0.019843171891017523,34,0.016315788137241605,26
2007-08-23,0.01785191746591691,33,0.016589938840822133,29,0.016080038463321206,25
2007-08-24,0.005523304310304411,4,0.01670239473476958,29,0.015538443011443238,24
2007-08-27,0.01018682425406398,16,0.01850324157094676,32,0.016389684696253282,26
2007-08-28,0.014072398639620723,25,0.019906103838715463,34,0.017416601571432055,28
2007-08-29,0.01720569218229828,32,0.020380625623804955,34,0.0176470609532862,28
2007-08-30,0.01666640129669614,31,0.01791169606439952,31,0.017775512394571584,28
2007-08-31,0.017959581346502856,33,0.012794045305748692,20,0.0178355540576315,29
2007-09-04,0.01641477886540116,30,0.012961524231046436,21,0.017301171203010505,27
2007-09-05,0.01579345500032614,29,0.01466912592201498,25,0.01753228655287758,28
2007-09-06,0.012757448224507707,23,0.014293977835473808,24,0.01744804052007656,28
2007-09-07,0.013945734012649003,25,0.014509482891791787,24,0.017184396556289762,27
2007-09-10,0.011934719937802206,21,0.014427684871105568,24,0.016069326883527326,25
2007-09-11,0.012605537929096359,22,0.014328841723828709,24,0.016173313087113367,26
2007-09-12,0.009054404838497164,13,0.012274737874438321,19,0.016168359727173676,26
2007-09-13,0.010396255597732952,17,0.011107055491092309,16,0.015929866516396794,25
2007-09-14,0.005602828103623549,4,0.010972300218479714,16,0.015876999670987747,25
2007-09-17,0.007865664370408337,10,0.01066459649083628,15,0.01424267322009675,22
2007-09-18,0.01656727980304555,31,0.015602835922743618,27,0.013721249038454472,21
2007-09-19,0.016771342824057327,31,0.013570622475808463,22,0.013625801856035675,21
2007-09-20,0.017494970089942146,32,0.013691965730796823,23,0.013674503119287617,21
2007-09-21,0.017575816742078743,32,0.01232207932802612,19,0.01373530327711335,21
2007-09-24,0.018415605303983586,34,0.01340018715544788,22,0.0139644561937125,22
2007-09-25,0.007992420319401021,11,0.013563907180412789,22,0.01402277368956195,22
2007-09-26,0.008722355249963065,13,0.013539620479438892,22,0.013447519257351869,20
2007-09-27,0.008928275935969865,13,0.013311208321931276,22,0.012345221289454856,18
2007-09-28,0.0073058629083170455,9,0.013551949638040397,22,0.011807154505366436,16
2007-10-01,0.0066799015852009105,7,0.013249905376109742,21,0.011817899938360408,16
2007-10-02,0.010042860247604736,16,0.00999873821277143,13,0.012534656855940619,18
2007-10-03,0.010028719847487733,16,0.009944783301847348,13,0.01245759345976983,18
2007-10-04,0.010013267373226631,16,0.009837303806850111,13,0.011394054793359162,15
2007-10-05,0.006838940273760314,8,0.009691030736677724,12,0.011345741188821843,15
2007-10-08,0.009629021847012142,15,0.008594031782028657,9,0.010729041221021248,13
2007-10-09,0.005363152342728872,4,0.007719140900304349,7,0.010681180473317052,13
2007-10-10,0.006486616016079981,6,0.008317435744923055,8,0.010727199553691344,13
2007-10-11,0.0050486002621533636,3,0.008329500171918535,8,0.010690036743281773,13
2007-10-12,0.004527618765714943,2,0.008350499552441834,8,0.01077211839398379,13
2007-10-15,0.006411771999855017,6,0.009608798230448502,12,0.011234456319232543,15
2007-10-16,0.00970540067371001,15,0.009874963719086987,13,0.01233290260232614,18
2007-10-17,0.009915364329662845,16,0.009564802083426764,12,0.009648548166783791,11
2007-10-18,0.009421514050197796,14,0.010279956347710601,14,0.010829553963300076,14
2007-10-19,0.00968490442889146,15,0.010819440960025328,15,0.012034068220955992,17
2007-10-22,0.014016938046357598,25,0.011704174634638145,18,0.011851905133015025,16
2007-10-23,0.01412721088171018,26,0.011431006830959819,17,0.011669164611320674,16
2007-10-24,0.013858046932602518,25,0.011388734670386534,17,0.011650664795203304,16
2007-10-25,0.011792004037748873,20,0.010602099985613527,15,0.011664325903708533,16
2007-10-26,0.012466063558135584,22,0.01484496001372751,25,0.01282572552529611,19
2007-10-29,0.012439329074312387,22,0.014897118998139815,25,0.01279339304158083,19
2007-10-30,0.012435920033308562,22,0.013754426554364705,23,0.012621904324531657,18
2007-10-31,0.011855401959087207,21,0.014149674523095977,23,0.01157797216666604,16
2007-11-01,0.028351182823305905,44,0.020509979587287536,35,0.015770519316147775,25
2007-11-02,0.02395675859935873,40,0.019501194399590957,33,0.01545616771061093,24
2007-11-05,0.023126581681089664,39,0.01939622958597419,33,0.015247113679825612,24
2007-11-06,0.029071285882959295,45,0.02185309645685129,37,0.01685816261376214,27
2007-11-07,0.03186111464062263,47,0.02607964302350229,42,0.01911415712130309,31
2007-11-08,0.027438409921796577,44,0.02640205424626197,42,0.01932242375651157,31
2007-11-09,0.02874880240239265,45,0.025259729085134037,41,0.019658967552511675,32
2007-11-12,0.02822830519166107,44,0.025295898942405328,41,0.019737609096328036,32
2007-11-13,0.036144016876284206,48,0.03174479582819029,46,0.02361985985211899,38
2007-11-14,0.02431681010002892,41,0.03166666303613087,46,0.023279532170869283,37
2007-11-15,0.03249571506257307,47,0.02912417544108289,44,0.024295513668132165,39
2007-11-16,0.032283115788576545,47,0.029047718454872182,44,0.024077690746575377,38
2007-11-19,0.0363913935420661,48,0.030745043242934967,46,0.02454576983978153,39
2007-11-20,0.01942165375139373,35,0.029143485896212146,44,0.024472153948498086,39
2007-11-21,0.01932055791571915,35,0.025192905330606433,41,0.024533487277004985,39
2007-11-23,0.02221557917222475,39,0.026509970811740214,42,0.025369876218473603,40
2007-11-26,0.02369363210627361,40,0.02762008898638879,43,0.025937644591689735,41
2007-11-27,0.023961120094127084,40,0.029197022720603774,44,0.026124740305022737,41
2007-11-28,0.030760608275315557,46,0.027695335060330055,43,0.028269609512956578,43
2007-11-29,0.029059146310722882,45,0.02753586534176122,43,0.0282641919275427,43
2007-11-30,0.030352619177760512,46,0.026786307294428567,42,0.029328661684524995,44
2007-12-03,0.02529818247715799,42,0.027445124254764183,43,0.02705470342994489,42
2007-12-04,0.02855136332058807,45,0.02517340292404806,41,0.02715353923184733,42
2007-12-05,0.020950317622206484,37,0.02517229207836167,41,0.027054141735176687,42
2007-12-06,0.021360687431381316,38,0.0242379831802864,40,0.02673247138107045,42
2007-12-07,0.01575480135553925,29,0.024501854428809415,40,0.024392099634739765,39
2007-12-10,0.01927484214531336,35,0.022066082856115155,37,0.025019394568164238,40
2007-12-11,0.028127345422829044,44,0.027082014220781006,42,0.0268976571887303,42
2007-12-12,0.02948064803698319,45,0.024636444202557017,40,0.02760328072406765,43
2007-12-13,0.026378742364045724,43,0.024700461187630845,40,0.02489892990968144,39
2007-12-14,0.026619361373925017,43,0.021430496147361682,36,0.0251297059047657,40
2007-12-17,0.013745490226147019,25,0.02135944681770271,36,0.024079449226210723,38
2007-12-18,0.009255691397632677,14,0.021176406370637516,35,0.023996016629242937,38
2007-12-19,0.008389996865800026,12,0.020439128947272116,35,0.022858901428885116,37
2007-12-20,0.008599678385693732,12,0.01868421669027784,32,0.02286950102002622,37
2007-12-21,0.00881763373106053,13,0.019942341781864905,34,0.022836265804814584,37
2007-12-24,0.007631476950552988,9,0.016776621774209233,29,0.022268689509551326,36
2007-12-26,0.006618668852220968,7,0.012284869341023776,19,0.0212757636798459,34
2007-12-27,0.012620949191145509,22,0.010954155529886133,16,0.0209428913520442,34
2007-12-28,0.013087496931578442,23,0.010951354803355186,16,0.018137066265089798,29
2007-12-31,0.011294657131408216,19,0.009611070146635292,12,0.018216366374361855,29
2008-01-02,0.010421592001733477,17,0.010386295323667437,14,0.01629677553903906,26
2008-01-03,0.009388240585374673,14,0.010434587595712199,14,0.016185786321374546,26
2008-01-04,0.00766083635797441,10,0.01056881411290078,14,0.016040020039619608,25
2008-01-07,0.00862453281464817,12,0.010708654109071404,15,0.01564605630071069,24
2008-01-08,0.01459424424406721,26,0.013602374615584433,22,0.01623207851948145,26
2008-01-09,0.0175311479854843,32,0.013602898497399487,22,0.016607233840366102,26
2008-01-10,0.020532602174512568,37,0.015259342394856072,26,0.015384031595894595,24
2008-01-11,0.021622686622342145,38,0.015305908149228666,26,0.013529251115749378,21
2008-01-14,0.024446485543247142,41,0.01734014074445746,30,0.013788215770081024,21
2008-01-15,0.023353700433933026,40,0.01934564480272039,33,0.015199888893911394,24
2008-01-16,0.02548357310858729,42,0.021161641428329308,35,0.015918380721906468,25
2008-01-17,0.030718894477017894,46,0.024927141695591962,41,0.018342379305142147,29
2008-01-18,0.03114486807589047,46,0.02550290855813064,41,0.018843148758117472,30
2008-01-22,0.03723976249650989,49,0.029853026807160555,45,0.021310085717743323,35
2008-01-23,0.05221632739666023,52,0.039226303249272176,50,0.028966936107108023,44
2008-01-24,0.05376524577367371,52,0.039852271684584634,50,0.029008214925400327,44
2008-01-25,0.0468686074661447,51,0.03988304261723678,50,0.028960680974745457,44
2008-01-28,0.04211381928520391,50,0.04115416658507619,50,0.030684525907473517,46
2008-01-29,0.041772630058862746,50,0.04113254246006173,50,0.030620673101057802,46
2008-01-30,0.02403463068638363,40,0.038483960596944575,50,0.030559634223120805,46
2008-01-31,0.024222744430628336,41,0.03993998132914574,50,0.03205242418948669,47
2008-02-01,0.01723479398765702,32,0.03392349356337938,48,0.03187317192586575,47
2008-02-04,0.02469714071522046,41,0.03344402039039632,48,0.03235035744085274,47
2008-02-05,0.033297273526346066,47,0.037360103765632494,49,0.0334995056032431,48
2008-02-06,0.03324176287546593,47,0.027607333617007793,43,0.0335101494302051,48
2008-02-07,0.026753065297929046,43,0.027170082562039236,43,0.03245825175422667,47
2008-02-08,0.024867498721210225,41,0.02902828677848053,44,0.033295149332784206,48
2008-02-11,0.02471903564595124,41,0.026046354921884667,42,0.03323256856630951,48
2008-02-12,0.020109592254282528,36,0.025932655066056926,42,0.03285570106598675,48
2008-02-13,0.02041413636250406,37,0.026085074616543576,42,0.032753401677892445,48
2008-02-14,0.020517031924151934,37,0.022497004717444275,37,0.032266482564751744,47
2008-02-15,0.0167217447388415,31,0.021583216369441962,36,0.032092080398182746,47
2008-02-19,0.016732750611475573,31,0.020742908725360457,35,0.029928164704651927,45
2008-02-20,0.015329972406290757,28,0.016875731980479952,29,0.028971447798132394,44
2008-02-21,0.01567509119861729,29,0.017945740482386043,31,0.02863791309513442,44
2008-02-22,0.011740140979442903,20,0.016167351718798195,28,0.022267486778613562,36
2008-02-25,0.0112354514995259,19,0.01345342217029737,22,0.021855948208601872,35
2008-02-26,0.011588300069664593,20,0.01362447889909011,23,0.021711064743558692,35
2008-02-27,0.011196949682426257,19,0.01267062496379353,20,0.019729929584288007,32
2008-02-28,0.01790499598680362,33,0.01588392864523347,27,0.02086951724212609,34
2008-02-29,0.022267974346376486,39,0.018631628377148705,32,0.02255319136750544,36
2008-03-03,0.018844447431222495,35,0.01778217250242711,30,0.01971320704960143,32
2008-03-04,0.018097025304003634,33,0.017576579267343743,30,0.018848488788977356,30
2008-03-05,0.013233875971138129,24,0.017827969649388348,31,0.019341955735182825,31
2008-03-06,0.01255694539669015,22,0.018355991911514137,31,0.018654283244575885,30
2008-03-07,0.014988256487485096,27,0.017922404792575404,31,0.018826383268091395,30
2008-03-10,0.01818410018344192,33,0.01750531822708346,30,0.018676366439068556,30
2008-03-11,0.04431372728198535,50,0.0327858725205254,47,0.02475594026248525,39
2008-03-12,0.04264732205197698,50,0.03235554745574106,47,0.024898170033436574,39
2008-03-13,0.040226952366609774,50,0.031934510886654784,47,0.024479237691647282,39
2008-03-14,0.044485124903234655,51,0.0317783641842755,46,0.02508383652156438,40
2008-03-17,0.040284232627910754,50,0.032221999649719196,47,0.02503964927980939,40
2008-03-18,0.0460708194894133,51,0.043076107540159204,51,0.03166240614773802,46
2008-03-19,0.04501254131729935,51,0.04174212095510242,50,0.031675869405332714,47
2008-03-20,0.05608414125422288,52,0.04737893825066686,51,0.03723608790466477,50
2008-03-24,0.04468797801190415,51,0.04728294681765082,51,0.03715281462571597,50
2008-03-25,0.054421546036547835,52,0.04677846629528661,51,0.037897507279329105,50
2008-03-26,0.04856849885953756,51,0.04463703847064935,51,0.03825999785246059,50
2008-03-27,0.050980736972957366,51,0.04551077539242753,51,0.038719252559086766,50
2008-03-28,0.019758894726935785,36,0.04594884590593036,51,0.03874285638078213,50
2008-03-31,0.012563902370335014,22,0.043636166317180085,51,0.03816536136041217,50
2008-04-01,0.04460458893589816,51,0.049074592222085676,51,0.041055717635996,50
2008-04-02,0.042838206899778075,50,0.04319483949165051,51,0.041048185304972326,50
2008-04-03,0.038864000262699816,49,0.0429418983675665,51,0.04095141809930125,50
2008-04-04,0.040443079749627374,50,0.03303639161221774,47,0.040653512260359084,50
2008-04-07,0.040073259443796916,49,0.0324627468789676,47,0.0400515771523258,50
2008-04-08,0.014152835224841698,26,0.03189587997137349,46,0.040683068131764415,50
2008-04-09,0.014133605039435138,26,0.03109144304560803,46,0.039708144330588294,50
2008-04-10,0.0125501203780355,22,0.02979463476037966,45,0.036925066652513786,49
2008-04-11,0.011862819624434995,21,0.030080579332870876,45,0.036967782258805114,49
2008-04-14,0.012309212818458351,22,0.031979812636497684,47,0.0378447092006383,50
2008-04-15,0.014238054880640082,26,0.013453074562867356,22,0.03684797759618798,49
2008-04-16,0.02840525767448007,44,0.021491872633651946,36,0.0377941905282709,50
2008-04-17,0.029461300071719144,45,0.022382427933374638,37,0.03314317319367375,48
2008-04-18,0.02967664986146274,45,0.02420172572547905,40,0.033730938838734174,48
2008-04-21,0.02512998955409017,42,0.02516102547154889,41,0.02790713027178314,43
2008-04-22,0.02786862534163487,44,0.024161196667162575,40,0.02766818191666203,43
2008-04-23,0.021823694062198484,38,0.023986817283960644,39,0.026876155744591783,42
2008-04-24,0.02476541185829116,41,0.025713537866874206,41,0.027210148617694427,42
2008-04-25,0.020959310052910532,37,0.024805022611679047,41,0.026569749092062136,42
2008-04-28,0.016719297325125265,31,0.020590894427602438,35,0.026369431030265476,41
2008-04-29,0.014697558155732822,27,0.021084230247854493,35,0.026422101594034075,42
2008-04-30,0.015497095891256148,28,0.017982109439304242,31,0.019582679895881284,32
2008-05-01,0.024383582703421287,41,0.02336803194324276,39,0.02258966516669605,36
2008-05-02,0.024349842417000035,41,0.02194569193981846,37,0.022712144759509858,36
2008-05-05,0.027392303655491262,44,0.021404973459780326,36,0.022559235398142908,36
2008-05-06,0.026445901186980553,43,0.02022316525593039,34,0.02260848663821426,36
2008-05-07,0.03147588826719995,46,0.023394474657805284,39,0.022821602661501975,37
2008-05-08,0.0182251313574879,34,0.022557808538074126,37,0.023006046662973262,37
2008-05-09,0.014121242592370846,25,0.022665812568221397,38,0.023300774603500888,37
2008-05-12,0.021507365733354992,38,0.024090592232721954,40,0.02338209800771862,37
2008-05-13,0.02043826289065775,37,0.024896705594033466,41,0.022398542177105712,36
2008-05-14,0.018908553474458738,35,0.02494308563510193,41,0.022408672315694843,36
2008-05-15,0.01781202278780042,33,0.017423404302117865,30,0.02070222331666527,34
2008-05-16,0.017129898473790473,32,0.016469704236873862,28,0.020696667284909393,34
2008-05-19,0.01100331156415373,18,0.016108646252608255,28,0.019476949795265982,32
2008-05-20,0.0101794623824557,16,0.01565017524279832,27,0.019228964265431945,31
2008-05-21,0.00933385856103347,14,0.014385557155920306,24,0.019446447136999785,32
2008-05-22,0.010881749906931705,18,0.014504335194865898,24,0.019486919021836097,32
2008-05-23,0.012157258201966692,21,0.014986768848858243,25,0.018689622968940584,30
2008-05-27,0.014569504281511509,26,0.012321178844397322,19,0.018524319104415574,30
2008-05-28,0.013709142444825542,25,0.01142985153639062,17,0.018532932727553804,30
2008-05-29,0.01681198112583682,31,0.014291610096193477,24,0.01943169203822554,32
2008-05-30,0.018242048419137045,34,0.014624449757508685,25,0.019617725641687376,32
2008-06-02,0.01599119213251366,30,0.01452573626671951,24,0.015308914587192793,24
2008-06-03,0.015266495344198015,28,0.014402639517389494,24,0.014767540432802366,23
2008-06-04,0.02194994211012195,38,0.017302994947396476,30,0.016083175770868218,25
2008-06-05,0.01490476019095851,27,0.01703933938914854,29,0.01580376027847694,25
2008-06-06,0.020489310885087694,37,0.020442693429858116,35,0.017130332329299718,27
2008-06-09,0.02005706930094834,36,0.020875266525779087,35,0.0175583868488986,28
2008-06-10,0.022046567810297086,39,0.02024296054239416,34,0.017634445793265677,28
2008-06-11,0.02024717207488014,36,0.020480270620359016,35,0.016397622060915582,26
2008-06-12,0.02647630090001396,43,0.020259106457000468,34,0.01768926633012607,28
2008-06-13,0.022218659695682003,39,0.0220109981536738,37,0.018016833705088553,29
2008-06-16,0.01895069206179703,35,0.024113382319306126,40,0.01897510373255007,31
2008-06-17,0.02645095845264895,43,0.025419514371378255,41,0.019825243632442202,32
2008-06-18,0.02733141248613921,44,0.024427709985911785,40,0.020193273397228755,33
2008-06-19,0.02397035014246342,40,0.02413024689953912,40,0.020108651845865015,33
2008-06-20,0.023507563461589415,40,0.022773435600423393,38,0.020796998306910647,34
2008-06-23,0.013954873480056864,25,0.02461483882232573,40,0.021756772521711484,35
2008-06-24,0.029563786147054856,45,0.027750585710142467,43,0.02349448021646433,38
2008-06-25,0.029624902554954854,45,0.027316963090511823,43,0.02325950377948295,37
2008-06-26,0.03820424188543202,49,0.031160507002489412,46,0.026259063188852683,41
2008-06-27,0.037938375558883464,49,0.029754186740846896,45,0.024985914348395536,40
2008-06-30,0.03579747668006246,48,0.026897714052729907,42,0.02515775248345553,40
2008-07-01,0.02808825874149101,44,0.027248393822682963,43,0.02533012123213676,40
2008-07-02,0.028005569863956453,44,0.02914209108969793,44,0.026525384127881583,42
2008-07-03,0.021315708507027357,38,0.02925102153920107,44,0.02616837142497992,41
2008-07-07,0.021599914048434515,38,0.029362593508752984,44,0.026316426493786696,41
2008-07-08,0.05723368668154676,52,0.04560581952278755,51,0.035070486075394265,49
2008-07-09,0.06351876599847796,52,0.046500438384346414,51,0.03664631653902731,49
2008-07-10,0.06000085494603968,52,0.04728099804927937,51,0.0370053012962521,49
2008-07-11,0.061609816185479345,52,0.04416763142185781,51,0.03710804051308437,50
2008-07-14,0.06722712652028533,53,0.04770392348472476,51,0.03828617680172071,50
2008-07-15,0.03829538047064085,49,0.05160709353884579,52,0.04008759908430784,50
2008-07-16,0.12469094329018648,54,0.0941982334368491,53,0.06667147959170498,52
2008-07-17,0.14340158757042126,54,0.10601625135352759,53,0.07713881241493639,52
2008-07-18,0.13784737180207934,54,0.10566764792529029,53,0.07732375772285296,52
2008-07-21,0.12045373042703722,54,0.10325073988418539,53,0.07772247530904346,52
2008-07-22,0.08184189214846065,53,0.10649853072890458,53,0.08201864658716528,52
2008-07-23,0.06385879035888202,53,0.10064524569299456,53,0.08110188311822217,52
2008-07-24,0.07683474489161653,53,0.10859850202767257,53,0.08383317519750935,52
2008-07-25,0.08208950666045914,53,0.1088640651126247,53,0.08437294704023378,52
2008-07-28,0.08601106391177658,53,0.10696492796063142,53,0.0837139409475661,52
2008-07-29,0.09210447984319688,53,0.10301519419077315,53,0.08889748924126381,53
2008-07-30,0.09299827331141777,53,0.08570756126900902,53,0.08843673576570985,52
2008-07-31,0.08170527899092699,53,0.07518473991397995,52,0.08876560659080678,53
2008-08-01,0.0768367588426331,53,0.0751091402352703,52,0.08722733649265134,52
2008-08-04,0.07010691356992585,53,0.07600126377700026,52,0.08753483675492715,52
2008-08-05,0.029260121049448938,45,0.06450971736200896,52,0.08644299681223054,52
2008-08-06,0.022074133491020075,39,0.06377800573519449,52,0.08517888839235935,52
2008-08-07,0.03357377105555685,47,0.06033777653116034,52,0.0849339922208863,52
2008-08-08,0.03541514423050375,48,0.05893925388385442,52,0.08492155429709586,52
2008-08-11,0.03820486522471965,49,0.055123482905984504,52,0.08413040808720694,52
2008-08-12,0.046502173801171005,51,0.03854838803089135,50,0.08397930577971638,52
2008-08-13,0.05254474352403428,52,0.04061088172036042,50,0.08349759669692498,52
2008-08-14,0.05799155307997278,52,0.04467470035777845,51,0.07018829272358018,52
2008-08-15,0.05726959207030691,52,0.044908108037581836,51,0.0608410162178319,51
2008-08-18,0.053163522778747085,52,0.04638553732629339,51,0.061579316995091324,52
2008-08-19,0.04906683721798701,51,0.04515382311491741,51,0.0618558282261612,52
2008-08-20,0.04468837210185171,51,0.048931669921467726,51,0.05502701971140983,51
2008-08-21,0.03804109437596512,49,0.046236911151933575,51,0.05437502658857942,51
2008-08-22,0.0428238644699747,50,0.047777607055663536,51,0.05212075606924573,51
2008-08-25,0.041789277287439364,50,0.046676774861570396,51,0.05237006882021002,51
2008-08-26,0.03541418884088591,48,0.04269878330397513,51,0.05101556252797658,51
2008-08-27,0.030998490907052426,46,0.036261396893810825,49,0.039046664272577136,50
2008-08-28,0.03887853452157238,49,0.038342548921698735,49,0.040206198769982465,50
2008-08-29,0.03760395593331801,49,0.03829673539834965,49,0.04001266195880621,50
2008-09-02,0.029394329602309845,45,0.03673824198600161,49,0.04135791950627444,50
2008-09-03,0.028050531972777664,44,0.031737307819419795,46,0.04112349275126065,50
2008-09-04,0.052276907882230696,52,0.04059018347457027,50,0.04350970535186618,51
2008-09-05,0.05063684037736126,51,0.04291635362059086,51,0.04523780130545861,51
2008-09-08,0.05836487160863794,52,0.047125603533347105,51,0.046344903205536025,51
2008-09-09,0.06731648373523998,53,0.050491551786123634,51,0.04852503802106798,51
2008-09-10,0.06713942424741945,53,0.05066036262999172,51,0.04791988472261894,51
2008-09-11,0.05460030693589607,52,0.05063431679120421,51,0.0455448239847591,51
2008-09-12,0.050974679914002126,51,0.0479504587389884,51,0.04210346269742794,50
2008-09-15,0.09854183324875246,53,0.08510770006815233,53,0.06320101198055295,52
2008-09-16,0.12066570660911774,54,0.09239833532371863,53,0.0680771070348667,52
2008-09-17,0.12399062545814013,54,0.09500363612216625,53,0.06961217247058149,52
2008-09-18,0.1415330589052386,54,0.10190393771594196,53,0.07405011680241341,52
2008-09-19,0.17681876960413773,54,0.12332043468338225,53,0.08793244514471037,52
2008-09-22,0.13783260196785257,54,0.126205183588574,54,0.09073312713738034,53
2008-09-23,0.13809846807938303,54,0.12442910604765604,54,0.09082109046327962,53
2008-09-24,0.12688905028506425,54,0.12447079656949529,54,0.09018196614794384,53
2008-09-25,0.11922043582544134,54,0.12480573539789573,54,0.09037923976716565,53
2008-09-26,0.060550469895547826,52,0.12609681156345154,54,0.09118231875747362,53
2008-09-29,0.09444346788074662,53,0.11891616839292975,53,0.09940328713426598,53
2008-09-30,0.12288800514582318,54,0.12349341602958268,54,0.1048535088500126,53
2008-10-01,0.125857156126637,54,0.1192700699206901,53,0.10597280965816258,53
2008-10-02,0.13092276768070332,54,0.11817462555460413,53,0.10675469590984628,53
2008-10-03,0.13059739191753542,54,0.09597882358756486,53,0.10608631568082556,53
2008-10-06,0.1005121761800016,53,0.09395408673661428,53,0.10689193657995365,53
2008-10-07,0.12575595548498172,54,0.12522603620783743,54,0.12031251725605728,54
2008-10-08,0.09165597390976826,53,0.1257819126948905,54,0.12046676791999845,54
2008-10-09,0.0867207680310019,53,0.12535887560398912,54,0.12243029635949701,54
2008-10-10,0.11682599609669941,54,0.12489639791221951,54,0.12342118522151997,54
2008-10-13,0.14312922517049598,54,0.12301108117248409,53,0.12539384654757102,54
2008-10-14,0.11515722645415133,54,0.1241625809200277,54,0.12192454824525786,54
2008-10-15,0.1225668686267601,54,0.12012934650545466,53,0.1216317991019833,54
2008-10-16,0.09884782723759711,53,0.12141825714792234,53,0.12042052870332506,54
2008-10-17,0.10546438489437147,53,0.12127975863279156,53,0.11737675609327103,54
2008-10-20,0.10044763227584955,53,0.12317334926333197,53,0.1057004963250986,53
2008-10-21,0.058202403609481555,52,0.08939140900527466,53,0.104334044531363,53
2008-10-22,0.04308973133248895,50,0.08807016259472311,53,0.10473005542906408,53
2008-10-23,0.04262708133158411,50,0.0777659195468905,52,0.10489926078820869,53
2008-10-24,0.05336030188890357,52,0.0821868820716214,53,0.10535344669887631,53
2008-10-27,0.03760148334197298,49,0.07639178189282414,52,0.10352910238054504,53
2008-10-28,0.0797883598182075,53,0.06620214129517416,52,0.10173910966795535,53
2008-10-29,0.07673922216055419,53,0.058842016605740705,52,0.09452297388550396,53
2008-10-30,0.0770668003465872,53,0.05895858886432722,52,0.09181311927657189,53
2008-10-31,0.0634925863048628,52,0.060723290531821524,52,0.09325342862248548,53
2008-11-03,0.06296724008033718,52,0.05917013915189693,52,0.0928919756690481,53
2008-11-04,0.0394639587065305,49,0.06018058496698881,52,0.09276472112202326,53
2008-11-05,0.06891376637449027,53,0.06877261826663483,52,0.0766998416279401,52
2008-11-06,0.07374638099010065,53,0.07210893906980817,52,0.07691653985826476,52
2008-11-07,0.06345290694095712,52,0.06773163623257025,52,0.07273183405471512,52
2008-11-10,0.06374056700235232,53,0.06909811860762774,52,0.07233727278963742,52
2008-11-11,0.048427334360302325,51,0.054044016393437894,52,0.06956225567429856,52
2008-11-12,0.0417979027203971,50,0.05856156236624288,52,0.05970886955313818,51
2008-11-13,0.04403521252152489,50,0.05745422922434002,52,0.05679314305807062,51
2008-11-14,0.03425742537094433,48,0.048488457845387564,51,0.05655662029057934,51
2008-11-17,0.03921592992357764,49,0.05042409731792826,51,0.05825178560190504,51
2008-11-18,0.047973836406771886,51,0.04590325499615179,51,0.056536763192564246,51
2008-11-19,0.0637296675328802,53,0.05082310649499184,51,0.06223631835810354,52
2008-11-20,0.06501123832158948,53,0.05798446035777565,52,0.06666421593527319,52
2008-11-21,0.07797228524740846,53,0.05814904365249867,52,0.06682716466427462,52
2008-11-24,0.16826173212134465,54,0.11871898809817569,53,0.09270388792117144,53
2008-11-25,0.1683032956767863,54,0.11906732878772011,53,0.09285243797026296,53
2008-11-26,0.14729712025340116,54,0.11738494790561739,53,0.0887184964020476,52
2008-11-28,0.10833861721575605,53,0.11876218936610615,53,0.08987305428426497,53
2008-12-01,0.17075894131839106,54,0.13604426906391492,54,0.09929151046574079,53
2008-12-02,0.12503948402648338,54,0.13975746005812667,54,0.10243024226371666,53
2008-12-03,0.12659222155499048,54,0.14042339307383328,54,0.1034552110974112,53
2008-12-04,0.12725468261233427,54,0.13236778512676958,54,0.10286529332370553,53
2008-12-05,0.12846807853797262,54,0.12084439419000433,53,0.1020754596381475,53
2008-12-08,0.08177584155807034,53,0.1276211895269603,54,0.10836279928367439,53
2008-12-09,0.09117956814918782,53,0.1046152075249478,53,0.10880034490494911,53
2008-12-10,0.09363217515955032,53,0.10522180327937485,53,0.10833646605220085,53
2008-12-11,0.10768814296384378,53,0.11162679883295548,53,0.11045679057947354,53
2008-12-12,0.1039301153598649,53,0.11020236280328327,53,0.10870929130475657,53
2008-12-15,0.04168455018825705,50,0.08629545728683555,53,0.10933544182196933,53
2008-12-16,0.06581916590539681,53,0.08092339961659877,52,0.11014162564823608,53
2008-12-17,0.06587144310143042,53,0.08049861816544124,52,0.10866300748863175,53
2008-12-18,0.050648736107057064,51,0.08036898534493021,52,0.1091792575780294,53
2008-12-19,0.05012210047666784,51,0.07730954792028653,52,0.10432502674420763,53
2008-12-22,0.04527620999734951,51,0.04554842512292642,51,0.0990805097022516,53
2008-12-23,0.018714146449375645,34,0.04605784337761753,51,0.10026520559821044,53
2008-12-24,0.046267538577531825,51,0.05391467559233764,52,0.08148260240059552,52
2008-12-26,0.043061130748084035,50,0.04437137914517907,51,0.08145129416279144,52
2008-12-29,0.044367896286660165,50,0.04464693002466112,51,0.08104382425267255,52
2008-12-30,0.046609834668633846,51,0.04337394207723876,51,0.08022604683801932,52
2008-12-31,0.042709405553235436,50,0.042104973482807326,50,0.06671380387383158,52
2009-01-02,0.036382970546301956,48,0.04166959387384914,50,0.061703418317462205,52
2009-01-05,0.03870358289035889,49,0.03971240184913285,50,0.06102943924650131,52
2009-01-06,0.031136027494052507,46,0.03994266222791831,50,0.06031090171079237,51
2009-01-07,0.040917850913075586,50,0.04176153761719043,50,0.05924694774902405,51
2009-01-08,0.02663512542189282,43,0.0367142818781125,49,0.043822977732482504,51
2009-01-09,0.02556702983105571,42,0.033914947471727463,48,0.043468914205488575,51
2009-01-12,0.05229717529234266,52,0.05021757227691579,51,0.04950124233957583,51
2009-01-13,0.04078473436864816,50,0.05289028575669493,52,0.046637139621674935,51
2009-01-14,0.04056343042293711,50,0.05125350864012725,52,0.0468504841050652,51
2009-01-15,0.061208739327914756,52,0.06262397498435687,52,0.05902492071351609,51
2009-01-16,0.056318397191675675,52,0.06333078196449195,52,0.05996770816015763,51
2009-01-20,0.09873169270364988,53,0.09310490738763165,53,0.082058817665915,52
2009-01-21,0.22958487203790365,54,0.15559112862374605,54,0.11285407447254742,53
2009-01-22,0.23123156455174004,54,0.1574466058170701,54,0.11559553969900226,54
2009-01-23,0.23592583542562742,54,0.1652682589162603,54,0.11888566076540882,54
2009-01-26,0.22917273954609188,54,0.16530139579169395,54,0.11873085845766106,54
2009-01-27,0.1701676911743565,54,0.16984898453583724,54,0.11966173704854308,54
2009-01-28,0.11567610027522406,54,0.1784882018426005,54,0.12491769728384566,54
2009-01-29,0.09383820729777305,53,0.17946313590426838,54,0.12564217039327266,54
2009-01-30,0.09203566719468245,53,0.17069817574395463,54,0.1252056294234933,54
2009-02-02,0.10132275024969145,53,0.1673221802101115,54,0.12420544971761205,54
2009-02-03,0.10165788994646793,53,0.14158580975747387,54,0.12495206449317986,54
2009-02-04,0.03496305160557141,48,0.09984092411693773,53,0.12593883037566794,54
2009-02-05,0.06277649348128986,52,0.09248170259996981,53,0.1261650141408194,54
2009-02-06,0.16280931649658312,54,0.1250538444601759,54,0.14308451002220968,54
2009-02-09,0.1631494844652779,54,0.12928791160636569,54,0.1468754141963081,54
2009-02-10,0.18355666004152313,54,0.143276100845818,54,0.1515554244727839,54
2009-02-11,0.1677951511178616,54,0.13889183075732445,54,0.15222432850638,54
2009-02-12,0.17323172149166535,54,0.13692916038286673,54,0.15184475461983338,54
2009-02-13,0.1264820448633158,54,0.13750788434414826,54,0.15193049479394924,54
2009-02-17,0.10625188862863592,53,0.13993557206208562,54,0.14902974919326584,54
2009-02-18,0.07848343900217915,53,0.13664859075270813,54,0.14692472973406406,54
2009-02-19,0.04585157537280326,51,0.13921449467554958,54,0.13595685079417383,54
2009-02-20,0.045141340872664304,51,0.13871100191963454,54,0.11544344000937173,54
2009-02-23,0.06872320889164495,53,0.10010339442533374,53,0.11229373183115018,53
2009-02-24,0.1326657262048926,54,0.1177574128643808,53,0.12035793266155854,54
2009-02-25,0.1315522917736345,54,0.10811089075264886,53,0.12193754487808665,54
2009-02-26,0.092202619008841,53,0.10386276461194313,53,0.12067158567279282,54
2009-02-27,0.17196544378427855,54,0.13059646917233622,54,0.12829753683502534,54
2009-03-02,0.1775368517114695,54,0.1314511587457201,54,0.12826156957867993,54
2009-03-03,0.1352980224609496,54,0.1282405909754589,54,0.1283796171134308,54
2009-03-04,0.11603733185178852,54,0.12721474540928215,54,0.12742133561890578,54
2009-03-05,0.10410468670871326,53,0.12490888893419984,54,0.1274341407436059,54
2009-03-06,0.052680181552512584,52,0.12467658227212619,54,0.12549030964089336,54
2009-03-09,0.11310382959532878,53,0.14049674604606513,54,0.13309689290905588,54
2009-03-10,0.16362365099074563,54,0.15255335178527288,54,0.13420971128371825,54
2009-03-11,0.1591017501276711,54,0.15022680212385026,54,0.13128358955799005,54
2009-03-12,0.12092464400803851,54,0.1608360143729691,54,0.1306154830014016,54
2009-03-13,0.12271601707856919,54,0.12936956659662316,54,0.1293678229810464,54
2009-03-16,0.11988587758009546,54,0.12158509802094931,53,0.12986303159935933,54
2009-03-17,0.07883966004045548,53,0.12116095763435665,53,0.12909682287056456,54
2009-03-18,0.10486035930160051,53,0.1275384289344295,54,0.13300485464221584,54
2009-03-19,0.11939227307165254,54,0.12403429542992689,54,0.13421593157248643,54
2009-03-20,0.13581670251982936,54,0.13576679341157263,54,0.1323104861222558,54
2009-03-23,0.1739698152311209,54,0.14341362168471083,54,0.14045604543015416,54
2009-03-24,0.18390166165581867,54,0.13367344334099263,54,0.14281282570171167,54
2009-03-25,0.15638967055420352,54,0.13356880944931132,54,0.1375810662230343,54
2009-03-26,0.14651999496587176,54,0.12621289327694027,54,0.13727410209979443,54
2009-03-27,0.13270464505335156,54,0.1270069272960637,54,0.13786720906761363,54
2009-03-30,0.08962967003234835,53,0.141854393930498,54,0.13068243825970827,54
2009-03-31,0.11675072278474778,54,0.14730063090713985,54,0.13002918270042804,54
2009-04-01,0.11253435602186689,53,0.12896837922233184,54,0.1298214129756439,54
2009-04-02,0.11381467617195316,53,0.12467154661078636,54,0.12923183423771467,54
2009-04-03,0.11463089592025752,53,0.11786080325793813,53,0.12402523552712229,54
2009-04-06,0.053778536577670025,52,0.08484664972398732,53,0.12418300402006222,54
2009-04-07,0.03003437013565613,46,0.08115257340120204,53,0.12031287127797073,54
2009-04-08,0.036618197333150124,48,0.07919234739302743,52,0.10823960682664997,53
2009-04-09,0.16376445237269804,54,0.1379289830546352,54,0.1298781840205164,54
2009-04-13,0.16776259038204125,54,0.1409920445239614,54,0.12821051889561855,54
2009-04-14,0.1805676267694106,54,0.12646547441823774,54,0.13050592446877907,54
2009-04-15,0.17566629686175655,54,0.12402478223045306,54,0.13020992940859522,54
2009-04-16,0.1706456698493774,54,0.12538419852585553,54,0.13048439701293563,54
2009-04-17,0.08641878668411848,53,0.12541459653046047,54,0.1228688189940661,54
2009-04-20,0.11498476883309068,54,0.1549532954737535,54,0.1336675467432477,54
2009-04-21,0.1300457264085678,54,0.1562794225487593,54,0.13163273937672554,54
2009-04-22,0.12680235606962628,54,0.15804801343972943,54,0.12103049761566552,54
2009-04-23,0.13563255232498653,54,0.15695582838282343,54,0.12007738503996311,54
2009-04-24,0.13624969442382553,54,0.1102258919140998,53,0.11958936197346205,54
2009-04-27,0.061489921681725054,52,0.09627201945111755,53,0.1196458310726063,54
2009-04-28,0.06303764811159746,52,0.09642566791352732,53,0.12128174748783745,54
2009-04-29,0.06517729864615046,53,0.09866509306525224,53,0.11357485962226008,53
2009-04-30,0.05880769856741091,52,0.09957330063699318,53,0.11089139133891662,53
2009-05-01,0.05760987966048908,52,0.0988997507560071,53,0.11124324185949307,53
2009-05-04,0.10529419555675266,53,0.08153414445950065,53,0.11779839607943697,54
2009-05-05,0.08110052115328348,53,0.07876135596356561,52,0.11774437796884178,54
2009-05-06,0.09495593759335151,53,0.0853070959115192,53,0.12161087739465914,54
2009-05-07,0.09119467786270755,53,0.08522670997692071,53,0.12128296352229079,54
2009-05-08,0.07165441383867613,53,0.08506602586451609,53,0.12001393884524718,54
2009-05-11,0.09152635198159718,53,0.09327489747119601,53,0.09936794040723439,53
2009-05-12,0.10221582003851382,53,0.08862179004566818,53,0.09553478621494287,53
2009-05-13,0.07743556801237092,53,0.09949899926406934,53,0.0964710925902886,53
2009-05-14,0.06775287169442079,53,0.09949939199160332,53,0.09638470955479755,53
2009-05-15,0.049964773844091384,51,0.10180705416468043,53,0.09736400075540941,53
2009-05-18,0.0799100998521588,53,0.08799508204381053,53,0.09941217686240193,53
2009-05-19,0.07877422932149691,53,0.08903880314114734,53,0.08191790829299225,52
2009-05-20,0.06211884560626613,52,0.06879733422778471,52,0.08020468747861499,52
2009-05-21,0.06163781530954144,52,0.06398776492106302,52,0.07865350644444803,52
2009-05-22,0.05604805324871445,52,0.05998963778508544,52,0.07846845289360445,52
2009-05-26,0.02398251111212961,40,0.05566091565957543,52,0.07849230193994447,52
2009-05-27,0.01815956853906884,33,0.054083253984992946,52,0.07827687194706968,52
2009-05-28,0.023837182415010785,40,0.044898173852734626,51,0.07504198164367534,52
2009-05-29,0.023740501635507234,40,0.04412923457178239,51,0.07438286002389026,52
2009-06-01,0.01860646296821519,34,0.03949506535133713,50,0.07443958665746973,52
2009-06-02,0.018468407022278463,34,0.02295068310352251,38,0.07389893260283029,52
2009-06-03,0.02110147726258373,37,0.019541213935013558,33,0.06190570670787694,52
2009-06-04,0.03001182919626441,46,0.026501497561500196,42,0.06244201961260039,52
2009-06-05,0.029827498524932303,45,0.02630117189616367,42,0.04977942979681021,51
2009-06-08,0.02848563439559067,45,0.023603829088569155,39,0.04762694610754253,51
2009-06-09,0.02915684984496542,45,0.023088478868361066,38,0.046068436984205194,51
2009-06-10,0.02675580113867362,43,0.023108545238390826,38,0.04225628215608285,50
2009-06-11,0.036960638650032594,49,0.032030857854966226,47,0.04453585330543978,51
2009-06-12,0.03859886729838601,49,0.034111208674811426,48,0.03888596355907064,50
2009-06-15,0.046911668974895376,51,0.03672679294589251,49,0.039630446683299896,50
2009-06-16,0.05550085890422471,52,0.0417968416573609,50,0.038749336434210364,50
2009-06-17,0.059005806846346764,52,0.043349791808805965,51,0.03383088897346948,48
2009-06-18,0.04923996238762011,51,0.04219105037327191,51,0.033697663129262624,48
2009-06-19,0.04106008413022531,50,0.042296145512444726,51,0.03377959128542404,48
2009-06-22,0.057997224152279245,52,0.05432440238664143,52,0.04065894946379479,50
2009-06-23,0.05892000216503667,52,0.05484804942209897,52,0.04019081266605848,50
2009-06-24,0.05707923919246496,52,0.05478138887085668,52,0.040076439973501694,50
2009-06-25,0.0509624626387245,51,0.047406248656205456,51,0.0399990203702226,50
2009-06-26,0.052263444425950135,52,0.0443103672861173,51,0.03988357783239631,50
2009-06-29,0.014882863238631468,27,0.04529239231629111,51,0.04027830972186331,50
2009-06-30,0.016856197725203134,31,0.042474948324776135,51,0.04019724776896701,50
2009-07-01,0.02083194174185505,37,0.04079000283729625,50,0.04036594830268445,50
2009-07-02,0.028429604268735024,45,0.03946298525273846,50,0.040901560424055315,50
2009-07-06,0.029078076657918568,45,0.039907437992353995,50,0.040197938862333596,50
2009-07-07,0.01812589868609136,33,0.024731578680184566,40,0.04019549990646474,50
2009-07-08,0.01563282408429008,29,0.024763772896908048,41,0.04047092606988718,50
2009-07-09,0.021365646411541844,38,0.024833346032025482,41,0.040543029899365673,50
2009-07-10,0.01994406726461756,36,0.024851537362327186,41,0.04055120248266887,50
2009-07-13,0.04620336102198003,51,0.038449863554960106,50,0.04169834121800845,50
2009-07-14,0.04675785181884863,51,0.03680475114425892,49,0.039616761965964364,50
2009-07-15,0.04216941093144724,50,0.039046727598678596,50,0.040133430486771794,50
2009-07-16,0.04665481627979618,51,0.039395613374130264,50,0.039015484208722764,50
2009-07-17,0.049034519287168406,51,0.038572331566547054,50,0.03852853030004285,50
2009-07-20,0.0327539454277416,47,0.040107757659917094,50,0.03870891503856609,50
2009-07-21,0.03284979627681722,47,0.04014485102598069,50,0.03822714694113207,50
2009-07-22,0.020668759835904445,37,0.03904680684979507,50,0.03163633767873988,46
2009-07-23,0.03237941976588434,47,0.04046494653783251,50,0.03224172229109965,47
2009-07-24,0.03174745709409557,46,0.040776609419614945,50,0.03238503506536687,47
2009-07-27,0.026650585119664158,43,0.031124897336093554,46,0.033853195136877304,48
2009-07-28,0.024707486312799645,41,0.03148397176991207,46,0.033403646411624216,48
2009-07-29,0.023536081479399847,40,0.029190744057806917,44,0.0327098633829872,48
2009-07-30,0.022816849842819877,39,0.02989472298891361,45,0.03342643831968461,48
2009-07-31,0.018746406130986642,34,0.03229551373237892,47,0.035339159099980366,49
2009-08-03,0.01759268934492414,32,0.02336854525368792,39,0.034768015098571706,49
2009-08-04,0.017277975384031776,32,0.021412152572374932,36,0.032996559450298224,48
2009-08-05,0.018536934572134386,34,0.023176489414277895,38,0.03477223636351491,49
2009-08-06,0.026097300543890267,43,0.024785610777056148,41,0.03363237785489575,48
2009-08-07,0.03140928518839848,46,0.025283611897385108,41,0.03441815772225507,49
2009-08-10,0.030386556241397175,46,0.024634805164894327,40,0.034004618469504186,49
2009-08-11,0.042454953373999724,50,0.03417955536734002,48,0.032183802114944905,47
2009-08-12,0.025812538044217792,42,0.03440449729681222,48,0.03199463791098151,47
2009-08-13,0.043163624654075326,50,0.037690791386079656,49,0.033767082150350916,48
2009-08-14,0.04195346484476453,50,0.03527875363758908,48,0.03310215327568071,48
2009-08-17,0.049538964903420614,51,0.03988609477033592,50,0.034957430785843804,49
2009-08-18,0.04134993284962065,50,0.03987397979957133,50,0.031854235074497785,47
2009-08-19,0.04252142467229153,50,0.034711184537834526,48,0.032021688301956154,47
2009-08-20,0.03092792142787587,46,0.03542044541217164,48,0.03193016949345401,47
2009-08-21,0.030257661804273254,46,0.03497435786559258,48,0.03157499177358646,46
2009-08-24,0.01567695681901725,29,0.03503319094499418,48,0.031246011524073,46
2009-08-25,0.016155702493438985,30,0.029657595660837477,45,0.030525098853459803,46
2009-08-26,0.013450984297862404,24,0.029741099267247932,45,0.030634476381070537,46
2009-08-27,0.01197407437508648,21,0.022412786341221312,37,0.03067179418531666,46
2009-08-28,0.010780914311583045,18,0.021560204863819255,36,0.030423012695376138,45
2009-08-31,0.016054239213956212,30,0.015359246539791023,26,0.02936195524867739,44
2009-09-01,0.03000262244624118,46,0.02614911948814018,42,0.032672064122151685,48
2009-09-02,0.028669401756197768,45,0.026236891325581782,42,0.03259694046657665,48
2009-09-03,0.03630023584581435,48,0.02774401341117672,43,0.03027049475899454,45
2009-09-04,0.037832980897341426,49,0.02746139020000692,43,0.030421737458587745,45
2009-09-08,0.037231315919247686,49,0.02743002417290457,43,0.03016500094040679,45
2009-09-09,0.018359677616847786,34,0.026087077501035474,42,0.0300015915758255,45
2009-09-10,0.015130664620579704,28,0.02643004160114938,42,0.02764899699914085,43
2009-09-11,0.011706863543691428,20,0.026391867905569136,42,0.02795130293438513,43
2009-09-14,0.009157143084001194,14,0.026323415968532674,42,0.02382776107848342,38
2009-09-15,0.010343272313955373,17,0.02582046153342152,41,0.023374457887510264,37
2009-09-16,0.017174874803885038,32,0.016928405032910775,29,0.021612902491180565,35
2009-09-17,0.018905313991521278,35,0.01654453592278006,28,0.02162738677027489,35
2009-09-18,0.016016896116546702,30,0.013619728501958283,22,0.021481164944454324,35
2009-09-21,0.020850057679114613,37,0.015354051432677332,26,0.02155745431755186,35
2009-09-22,0.020080288207625502,36,0.016419259406869294,28,0.021655132411390755,35
2009-09-23,0.018238155312899264,34,0.01670303183032368,29,0.021654276366258694,35
2009-09-24,0.01981906331891311,36,0.019278621376980193,33,0.02198200560912878,35
2009-09-25,0.020162642884235887,36,0.020026213710830302,34,0.02240379937761707,36
2009-09-28,0.028518862004538244,45,0.023613645806482765,39,0.024000422625399486,38
2009-09-29,0.02602932094326355,43,0.023234776867818156,38,0.023976025201456634,38
2009-09-30,0.026357837365629338,43,0.02194205985243206,37,0.023716283453721468,38
2009-10-01,0.0294491160342084,45,0.023683557386956013,39,0.021130291884945075,34
2009-10-02,0.029104601296326266,45,0.024075324484503603,40,0.02105091984659486,34
2009-10-05,0.029310110739917232,45,0.027299673000234122,43,0.021298309630772172,35
2009-10-06,0.029387087146296703,45,0.026231646538589667,42,0.02105224743647125,34
2009-10-07,0.029787008771102765,45,0.027239729645330953,43,0.021498870622509245,35
2009-10-08,0.015942030282154514,30,0.02526509135153061,41,0.021504653308282926,35
2009-10-09,0.01580628263787595,29,0.023773793617888908,39,0.0214885572776211,35
2009-10-12,0.013020775855099346,23,0.02280930834089432,38,0.02208787103003149,36
2009-10-13,0.01687851838250724,31,0.023323684005660292,39,0.022338297020503214,36
2009-10-14,0.022839931446069172,39,0.025442107365217556,41,0.023807908304669178,38
2009-10-15,0.029000761526775158,45,0.02218874960011082,37,0.024181050935441022,39
2009-10-16,0.03810838762020544,49,0.02878141492579758,44,0.02602217902810829,41
2009-10-19,0.03357032238072411,47,0.026606181141924166,42,0.02604255615048272,41
2009-10-20,0.033533598198202105,47,0.026796875938837266,42,0.025683633840639205,41
2009-10-21,0.016575073796983072,31,0.027266578299415357,43,0.025947736707849563,41
2009-10-22,0.01947928868245413,36,0.027297047903969487,43,0.02594460485077925,41
2009-10-23,0.011705888044437328,20,0.02710699582520312,42,0.025454722215261114,40
2009-10-26,0.019804021873920406,36,0.026725033674409836,42,0.027267792495728606,42
2009-10-27,0.022269102005888684,39,0.027364248760977167,43,0.025701935686617727,41
2009-10-28,0.022164258768247812,39,0.018614501872421474,32,0.026209950455182266,41
2009-10-29,0.0373673860218149,49,0.0284692739044479,44,0.028642981623411383,44
2009-10-30,0.04739704442112346,51,0.03281194715725078,47,0.0314282431986915,46
2009-11-02,0.04482864179988362,51,0.03326474364919228,47,0.031352255227233713,46
2009-11-03,0.04556894668742986,51,0.03431854755559162,48,0.03005833487315576,45
2009-11-04,0.04410634947253838,50,0.03388152004235612,48,0.029996883797657834,45
2009-11-05,0.039179130416740364,49,0.036111169706331415,49,0.030443791524617913,46
2009-11-06,0.014730562103035532,27,0.0359439204402515,49,0.03042388378243275,46
2009-11-09,0.023331412426344716,40,0.036122980194462966,49,0.03248937742512087,48
2009-11-10,0.023239088576515514,40,0.03637591543961301,49,0.03188592201258169,47
2009-11-11,0.019377416268784,35,0.03492187778750856,48,0.032496852769657414,48
2009-11-12,0.027214433658184888,44,0.03340684257697763,47,0.03087025368439959,46
2009-11-13,0.027165279650310594,44,0.020835140296899982,35,0.030532733194306185,46
2009-11-16,0.019130251361222612,35,0.021410989312086428,36,0.029065657183762906,44
2009-11-17,0.017264142731192186,32,0.021854374527473013,37,0.029067797257714478,44
2009-11-18,0.022184804674374305,39,0.023197370101897347,38,0.030335452072744944,45
2009-11-19,0.020835056248923352,37,0.023691148659772395,39,0.029868600206646244,45
2009-11-20,0.020621519399454516,37,0.023440792680229132,39,0.029868639259399237,45
2009-11-23,0.020457307340771023,37,0.01879040155488146,32,0.02972660859111887,45
2009-11-24,0.021345588849886604,38,0.018721676153230053,32,0.027506909777118244,43
2009-11-25,0.011521239833254157,20,0.016805377825079692,29,0.027625824433763897,43
2009-11-27,0.015765830563383043,29,0.017924580897543597,31,0.02771667879774348,43
2009-11-30,0.02148674630430201,38,0.01998654500532216,34,0.026196604896996708,41
2009-12-01,0.020203442733875913,36,0.019889848433843928,34,0.020009599335775237,33
2009-12-02,0.020631738754222376,37,0.020455885676105724,35,0.020483311992781847,33
2009-12-03,0.021160641661360526,38,0.016124265736492678,28,0.020415718603213596,33
2009-12-04,0.019088130228733458,35,0.019039177043138775,32,0.021271908958744676,34
2009-12-07,0.02217358320984333,39,0.020667466132927952,35,0.021417967233562343,35
2009-12-08,0.02594856564471459,42,0.021934910217715136,37,0.022535307866403943,36
2009-12-09,0.025389326615077507,42,0.02184667262399807,37,0.019860849166571385,32
2009-12-10,0.024900372069878607,41,0.02192038393063422,37,0.019572095585544135,32
2009-12-11,0.022773996176698057,39,0.02203637103347388,37,0.019765069501552626,32
2009-12-14,0.021005271106382884,37,0.02046131605502531,35,0.019209971406095924,31
2009-12-15,0.02035213794253865,37,0.022052520021261075,37,0.020088327945840898,33
2009-12-16,0.020729921679806376,37,0.021872672642591233,37,0.020134044777199517,33
2009-12-17,0.023706203046369976,40,0.02295551584510024,38,0.02089716429349271,34
2009-12-18,0.01884825979241446,35,0.01970845484160155,34,0.01916865201960067,31
2009-12-21,0.021777319575453584,38,0.02018127352469067,34,0.019434497955546633,32
2009-12-22,0.017246336253792488,32,0.017953464911263105,31,0.019462645414940884,32
2009-12-23,0.017689141748732828,33,0.018167885798469705,31,0.01922392546158748,31
2009-12-24,0.009751324339458562,15,0.017830123649300936,31,0.019179976652822815,31
2009-12-28,0.009125281509480443,14,0.015141766672380505,26,0.019141744092323193,31
2009-12-29,0.007391781646583704,9,0.015377401154953427,26,0.01816398647656274,29
2009-12-30,0.00675907866009687,7,0.012667283311408633,20,0.017200631748516923,27
2009-12-31,0.005978546455093672,5,0.012452783216305182,20,0.017160679497675586,27
2010-01-04,0.020732610045492674,37,0.01527795803764549,26,0.01938525100887201,31
2010-01-05,0.023661398861523377,40,0.017474145881240036,30,0.020587292200118852,33
2010-01-06,0.02004702694920254,36,0.017261810339958945,30,0.019453069711704872,32
2010-01-07,0.017526563251572553,32,0.018982419081658673,32,0.019835491253408232,32
2010-01-08,0.020502205616819567,37,0.018951865629298823,32,0.018542085613701968,30
2010-01-11,0.017636787103386956,32,0.01883542373947329,32,0.0185241452927668,30
2010-01-12,0.024952050707969457,41,0.023480076225954122,39,0.020054657976570443,33
2010-01-13,0.02541406873164794,42,0.022700603965526485,38,0.019510626501243484,32
2010-01-14,0.02051165597148684,37,0.022234931166277297,37,0.019591281182817943,32
2010-01-15,0.025189963787519826,42,0.026218063544926534,42,0.020036186733750527,33
2010-01-19,0.024510919058890444,41,0.02336985641462422,39,0.020028248810220844,33
2010-01-20,0.02007920582756684,36,0.021353293709088363,36,0.01878116527038,30
2010-01-21,0.03259248292372673,47,0.028949275744272675,44,0.023713913896742003,38
2010-01-22,0.030144588099467722,46,0.027033213945166192,42,0.024867419861241392,39
2010-01-25,0.03193483632686407,47,0.02760603271728126,43,0.02488921368069362,39
2010-01-26,0.030159287763353165,46,0.026709934274173036,42,0.024993617916878017,40
2010-01-27,0.035256797465225136,48,0.028583570879642656,44,0.025796013057703463,41
2010-01-28,0.02513236431651199,42,0.028250200404218346,44,0.025918841473404664,41
2010-01-29,0.017698087092463545,33,0.027424718892273863,43,0.025948284844361975,41
2010-02-01,0.01851839156472618,34,0.027157718143355842,43,0.026142201993849274,41
2010-02-02,0.014782310564827577,27,0.027554382834150216,43,0.02623143034366472,41
2010-02-03,0.012231979180146763,22,0.027077728996986003,42,0.024613007514309327,39
2010-02-04,0.026307201037058168,43,0.024524428804384008,40,0.025713622998993324,41
2010-02-05,0.02826255534028046,44,0.02244827291459833,37,0.025899229700995785,41
2010-02-08,0.029282059969496014,45,0.02498890846941014,41,0.025286825546982427,40
2010-02-09,0.02721637633102367,44,0.02469580075183201,40,0.025321306419920885,40
2010-02-10,0.030009536771821554,46,0.023089787735824985,38,0.02549407339630583,40
2010-02-11,0.02047746508736058,37,0.0224839873511711,37,0.02472704249920713,39
2010-02-12,0.01792131576660942,33,0.022481786231752076,37,0.024297022501367407,39
2010-02-16,0.024074487451121212,40,0.02771747283974637,43,0.02690933339521085,42
2010-02-17,0.02521235854947747,42,0.029586147360504012,45,0.027258379601791585,42
2010-02-18,0.02520725418844939,42,0.029799443237160494,45,0.027448738298568563,43
2010-02-19,0.024719478322943616,41,0.023458704809866,39,0.027327144422221613,42
2010-02-22,0.0186812912514138,34,0.023657832414005608,39,0.023930048173956945,38
2010-02-23,0.019177229185039234,35,0.02052349284881242,35,0.022641086954217616,36
2010-02-24,0.01689402665875161,31,0.020630965981481963,35,0.023100369411821867,37
2010-02-25,0.01684884469824396,31,0.020628500318674695,35,0.022782820114232057,36
2010-02-26,0.016271487603699182,30,0.02007436021601272,34,0.02218296947980749,36
2010-03-01,0.015160831184905386,28,0.018424726046045135,32,0.022123203137138163,36
2010-03-02,0.014528021138083236,26,0.016157731310977464,28,0.022227655141526245,36
2010-03-03,0.011033643156373132,18,0.014095658383348286,23,0.022151933624490583,36
2010-03-04,0.008576976024359558,12,0.013703259461153205,23,0.022065096840563334,36
2010-03-05,0.012239933945425599,22,0.014414584361917613,24,0.022257505165944633,36
2010-03-08,0.012212434242646467,22,0.013329766167790184,22,0.01853332252397491,30
2010-03-09,0.008678776521818808,12,0.011352487848421694,16,0.01837479995308576,30
2010-03-10,0.00866007200149798,12,0.0103399444756446,14,0.01607044851104216,25
2010-03-11,0.008928952710279834,13,0.009923303701357744,13,0.016037950154459177,25
2010-03-12,0.012155719752243357,21,0.011520981757575382,17,0.01679778564437679,27
2010-03-15,0.01217599458178039,21,0.011507764707979084,17,0.016731263854335418,27
2010-03-16,0.012891488594022012,23,0.010384391891312012,14,0.016155373495104024,26
2010-03-17,0.011655474239029769,20,0.010358393283151742,14,0.01323785851007506,20
2010-03-18,0.013054573639512146,23,0.011575164085543373,17,0.012249093320403092,17
2010-03-19,0.012894420539458822,23,0.01186754208155757,18,0.012729908527773639,19
2010-03-22,0.013465807896435082,24,0.01210294438539523,19,0.012767263881499274,19
2010-03-23,0.013354714164729792,24,0.012401321562059042,20,0.01223184397363342,17
2010-03-24,0.016724613519705504,31,0.01361783140791712,22,0.012370098350013452,18
2010-03-25,0.014651147691601528,26,0.013760667618546996,23,0.011585726947825753,16
2010-03-26,0.007374421367166234,9,0.011992853368905173,18,0.011443871621845793,15
2010-03-29,0.007449341824514869,9,0.011802336098181487,18,0.011461322343927967,15
2010-03-30,0.014728437669690307,27,0.013637832920095098,23,0.01221834508339208,17
2010-03-31,0.010619756402965393,17,0.013208888543619231,21,0.011509224759437919,15
2010-04-01,0.010774841312206409,18,0.012333533998533479,19,0.011387748604479863,15
2010-04-05,0.010393989652434453,17,0.009983006510787162,13,0.011368850473930603,15
2010-04-06,0.012977812363283851,23,0.010718463303581905,15,0.011466027303590004,15
2010-04-07,0.006218117194904019,6,0.010719993663649187,15,0.011459551130403593,15
2010-04-08,0.006981755548919642,8,0.008974562760773883,10,0.011481044299521076,15
2010-04-09,0.008635583834602634,12,0.009310744491020524,11,0.011186234682527493,15
2010-04-12,0.00869046917875639,12,0.009189272074338227,11,0.011158921701396261,14
2010-04-13,0.003805410638752609,1,0.009159444627741833,11,0.01023071977500414,12
2010-04-14,0.017369952239693818,32,0.012314744215749865,19,0.012574992004665324,18
2010-04-15,0.017161019164993775,32,0.012351271038155053,19,0.012555378060012078,18
2010-04-16,0.033787692116744344,47,0.023585902186778352,39,0.01822228240524392,29
2010-04-19,0.0336688243649169,47,0.023586809654476525,39,0.01796226703348854,29
2010-04-20,0.03430409711867435,48,0.023036558419394716,38,0.01750560636781018,28
2010-04-21,0.02658899158887308,43,0.023626497985633887,39,0.018167322589663037,29
2010-04-22,0.028397743776048538,44,0.024147042011095292,40,0.01826287367790916,29
2010-04-23,0.013189218032988259,24,0.024198402359884737,40,0.01767384743779743,28
2010-04-26,0.01623785351328696,30,0.024927549930471405,41,0.018278773946606052,29
2010-04-27,0.017578229461543405,32,0.0264987263902625,42,0.019537138592061066,32
2010-04-28,0.021605966478946092,38,0.02307215399243995,38,0.019877531145200918,32
2010-04-29,0.02566967738284825,42,0.0257985821881135,41,0.020574455040836638,33
2010-04-30,0.02779278643361417,44,0.020799768144180317,35,0.02139554806455277,35
2010-05-03,0.027513220525267463,44,0.021404240753512715,36,0.02145634480298778,35
2010-05-04,0.026240339193498958,43,0.02226703187754575,37,0.022266758413602813,36
2010-05-05,0.02458318038277785,41,0.021867293582256364,37,0.02173404975416389,35
2010-05-06,0.03203243424904005,47,0.02939417839802466,45,0.026295065135439256,41
2010-05-07,0.032760743740088416,47,0.02938904082908341,45,0.026236646110877757,41
2010-05-10,0.050990773981645095,51,0.03885260411991435,50,0.03100563927875651,46
2010-05-11,0.04979284101468494,51,0.037611763586613084,49,0.03098502661876851,46
2010-05-12,0.049784269147162476,51,0.037026535649021586,49,0.030972835728469945,46
2010-05-13,0.03453405443884898,48,0.035229724531200046,48,0.029398760383725787,45
2010-05-14,0.03865341981698498,49,0.035602393199686826,49,0.029793942272314577,45
2010-05-17,0.012182191374444673,21,0.03500336144983358,48,0.027810710869100086,43
2010-05-18,0.013296979879373321,24,0.03483027970747686,48,0.028101427405647843,43
2010-05-19,0.021436359367139095,38,0.0362156797093796,49,0.028539534938307583,44
2010-05-20,0.03216878639656989,47,0.034430783797503126,48,0.030982405446417532,46
2010-05-21,0.041567127631858436,50,0.037980825135982714,49,0.032769660955574646,48
2010-05-24,0.043929719772377564,50,0.030391720311303244,45,0.03343243164858764,48
2010-05-25,0.04371924311329368,50,0.03086327993267795,46,0.033431076224603964,48
2010-05-26,0.04117726966117946,50,0.030952657067470475,46,0.03293271387795385,48
2010-05-27,0.034819443124781656,48,0.03549357221500157,48,0.03445348925204484,49
2010-05-28,0.032426653230684936,47,0.03514928469473386,48,0.033934901569193036,48
2010-06-01,0.028466952460728584,45,0.03546284797645212,48,0.0337791070410689,48
2010-06-02,0.03126127837386246,46,0.03626048629575221,49,0.034420391318729086,49
2010-06-03,0.03150840689383756,46,0.035410579974432074,48,0.03404366043967092,49
2010-06-04,0.023974143227827375,40,0.030470623245867873,45,0.03445611260097509,49
2010-06-07,0.025304321426588117,42,0.02781532870988238,43,0.03175712949081539,47
2010-06-08,0.03162421945953179,46,0.0283834042086458,44,0.0327940343531336,48
2010-06-09,0.027309879140498056,44,0.029012760831047233,44,0.028632010117267143,44
2010-06-10,0.033106645364573875,47,0.030818573427102113,46,0.0297014141864361,45
2010-06-11,0.030149866082960677,46,0.02669687444970539,42,0.02984789585581251,45
2010-06-14,0.024425532255691548,41,0.02560511661267942,41,0.029854164801318517,45
2010-06-15,0.02240030807661448,39,0.026118845519124956,42,0.029800990529360583,45
2010-06-16,0.01692633959528101,31,0.024445670542740293,40,0.029824678074203945,45
2010-06-17,0.014032033184765964,25,0.02440856639820105,40,0.029344778553068572,44
2010-06-18,0.013911999048471726,25,0.02213976794582462,37,0.028887391520361884,44
2010-06-21,0.011715606490416423,20,0.018129073068751143,31,0.025311352231042052,40
2010-06-22,0.006561586268485414,7,0.016270337246175486,28,0.023457244670542523,38
2010-06-23,0.005625440930015414,4,0.014861416801280624,25,0.022083750782275147,36
2010-06-24,0.010617486930805463,17,0.014137770970351736,23,0.02279986203868034,36
2010-06-25,0.019784999511507174,36,0.016644647792144432,29,0.023595799312262546,38
2010-06-28,0.019890251649148982,36,0.0166077105117938,29,0.021236663163333412,34
2010-06-29,0.02610873862008596,43,0.018745624525676522,32,0.022485006384816583,36
2010-06-30,0.026039033244405624,43,0.018286363921487494,31,0.022329236814399533,36
2010-07-01,0.025786304045871865,42,0.018664540101858473,32,0.021493605951738687,35
2010-07-02,0.013643535847580551,24,0.0181946247765375,31,0.021548486630868318,35
2010-07-06,0.02170299119869898,38,0.020177361588164175,34,0.021383400352985384,35
2010-07-07,0.028772022592502722,45,0.027124847849555416,42,0.022871862096462175,37
2010-07-08,0.02740975827604727,44,0.02750335644121655,43,0.021675829480015354,35
2010-07-09,0.021078382981749324,37,0.02686011345870271,42,0.02153062769158914,35
2010-07-12,0.01570471323329992,29,0.025439742366719007,41,0.020512724795595762,33
2010-07-13,0.016261661149974137,30,0.026910961898271565,42,0.021507110005446792,35
2010-07-14,0.011503097084152944,20,0.021390799764237637,36,0.021313333824508878,35
2010-07-15,0.018056928789253007,33,0.021882101902137123,37,0.020935687121971608,34
2010-07-16,0.046413103218908014,51,0.03743441131664011,49,0.028722748802977836,44
2010-07-19,0.04498152683351844,51,0.038208665040614674,49,0.029071176615460704,44
2010-07-20,0.040208320504736945,49,0.03802732193202312,49,0.02931932438839255,44
2010-07-21,0.03773888289179995,49,0.0349161056344401,48,0.02974435162119486,45
2010-07-22,0.04483335527477768,51,0.035867496492785214,49,0.030411303917491084,45
2010-07-23,0.02351292301049654,40,0.035192821048648466,48,0.030501237390187834,46
2010-07-26,0.02308446536152759,39,0.03704639425255408,49,0.030991640989015027,46
2010-07-27,0.023069196607206733,39,0.03497699502076035,48,0.03030566293862819,45
2010-07-28,0.017291416940325096,32,0.03484435509413548,48,0.03034288765197138,45
2010-07-29,0.015736974342013432,29,0.03498733933458254,48,0.028916753619677146,44
2010-07-30,0.015871926477758366,29,0.01933887291391173,33,0.02878002956498076,44
2010-08-02,0.015334010096919877,28,0.01858761399476191,32,0.028918215313146513,44
2010-08-03,0.0161445780827809,30,0.018891468058191148,32,0.02879690889978858,44
2010-08-04,0.015286105079326545,28,0.015756353503810983,27,0.028739768540789183,44
2010-08-05,0.016681476319758113,31,0.015560103896368586,27,0.026891018107678633,42
2010-08-06,0.016774858079510437,31,0.015662347588293084,27,0.026749802643506754,42
2010-08-09,0.0037039070895624527,1,0.0121657591790096,19,0.026376263113244282,41
2010-08-10,0.0067197275353219005,7,0.01333794868983454,22,0.02650416887133933,42
2010-08-11,0.012019605264512142,21,0.015875249358187127,27,0.025867451721835997,41
2010-08-12,0.012181937898679149,21,0.015611791400238039,27,0.025806878782400098,41
2010-08-13,0.01702693202436462,31,0.016708601799308727,29,0.026105320925138852,41
2010-08-16,0.017085915881402285,31,0.011762667552583574,18,0.017440258771932195,28
2010-08-17,0.016761196511666254,31,0.012218243777493235,19,0.01657481412052141,26
2010-08-18,0.008926670475045565,13,0.013219464180402037,21,0.016456345359308868,26
2010-08-19,0.013700489496148053,25,0.014118959031786203,23,0.01589890298308927,25
2010-08-20,0.011963995209787246,21,0.01413355476829405,23,0.015089458063775396,23
2010-08-23,0.012191211521289649,21,0.014302503636642762,24,0.01497663328685152,23
2010-08-24,0.012735131662484626,23,0.01409991411027551,23,0.013266428251994169,20
2010-08-25,0.010667781690492616,18,0.011243066538232495,16,0.013231156496738635,20
2010-08-26,0.008848386461219566,13,0.011659481193174928,17,0.013262858653625281,20
2010-08-27,0.012947607078787218,23,0.011795710818763055,18,0.013795106274593268,21
2010-08-30,0.015846334928570797,29,0.013475073167478974,22,0.014423911196671432,22
2010-08-31,0.01692526099370497,31,0.014466988679209697,24,0.012758076051767006,19
2010-09-01,0.03309533978094549,47,0.025251701439968462,41,0.019389893349192864,31
2010-09-02,0.03056092188136724,46,0.024071634710494765,40,0.0194255733763715,32
2010-09-03,0.03060346152566539,46,0.02392651729086518,39,0.019759763019432983,32
2010-09-07,0.02940841943736095,45,0.02535148120227739,41,0.020226791373705668,33
2010-09-08,0.029391090628962297,45,0.024376925227576257,40,0.02047070844127219,33
2010-09-09,0.015056848676875472,28,0.02435288597873358,40,0.02016011294467169,33
2010-09-10,0.015048153844019356,27,0.023190097190694776,38,0.018785119836602714,30
2010-09-13,0.018455138828248868,34,0.02410117041332115,40,0.019556282823617977,32
2010-09-14,0.017649763474144622,32,0.023182138607807226,38,0.02002892664268518,33
2010-09-15,0.017508202363334398,32,0.023336632923801802,39,0.019998668507402027,33
2010-09-16,0.018687715159675856,34,0.016111489333200522,28,0.020221412364464498,33
2010-09-17,0.01928764649749925,35,0.01663322225645312,29,0.02033202519700097,33
2010-09-20,0.01760496558016538,32,0.017743655577359914,30,0.020309131493303722,33
2010-09-21,0.015408270924060816,28,0.01611006839957422,28,0.020162813873766013,33
2010-09-22,0.016904916784725995,31,0.016950808249063875,29,0.02061815115816703,34
2010-09-23,0.017933599620901585,33,0.017595876336751765,30,0.02065565892028962,34
2010-09-24,0.02414804059640854,40,0.020790314880065525,35,0.02169859530393558,35
2010-09-27,0.023364137754631756,40,0.01963196669258261,33,0.02232618631339953,36
2010-09-28,0.023752036338222204,40,0.019062326310898162,33,0.022195257502740342,36
2010-09-29,0.023266544638339347,40,0.019173623086646763,33,0.021541864146587705,35
2010-09-30,0.021874928026115056,38,0.0190202451783035,32,0.021472546123201663,35
2010-10-01,0.015684670000334043,29,0.01960467412384764,33,0.017303590423421007,27
2010-10-04,0.011142461051371616,19,0.017530573911234578,30,0.017446883056581684,28
2010-10-05,0.01852273846644282,34,0.020744005997403905,35,0.018418529690344704,30
2010-10-06,0.01863064235594131,34,0.02040769285414528,34,0.01798624659255786,29
2010-10-07,0.019138867947242736,35,0.019498898026619176,33,0.017849899284365416,29
2010-10-08,0.018530625437372546,34,0.01624630248992409,28,0.017822275101122744,29
2010-10-11,0.0177867936915261,33,0.014012972673331627,23,0.017791250226865365,28
2010-10-12,0.016461782400373746,30,0.01672538503640186,29,0.017673688795068844,28
2010-10-13,0.01737712171962877,32,0.017252897130624906,30,0.01756133019718423,28
2010-10-14,0.02880481754896394,45,0.024185157176970302,40,0.020719722099287415,34
2010-10-15,0.033541420849114226,47,0.02703399906761629,42,0.022932821316415417,37
2010-10-18,0.039944069352890625,49,0.029841273991636295,45,0.024164382007053405,39
2010-10-19,0.03445088693493658,48,0.028880221429485566,44,0.024717479281654752,39
2010-10-20,0.035766893912998,48,0.029027508598126767,44,0.024724402536636016,39
2010-10-21,0.03295838322430752,47,0.029607794051662768,45,0.025306232728499054,40
2010-10-22,0.02999282362475975,46,0.030423881934448067,45,0.025366632616176797,40
2010-10-25,0.02084440185363855,37,0.030312493122316125,45,0.023998624438618475,38
2010-10-26,0.01979581037753241,36,0.028119799179622817,43,0.024096196790554334,38
2010-10-27,0.02398989464755926,40,0.030667153794407657,46,0.02481527465785905,39
2010-10-28,0.017391878592762162,32,0.027681858704636974,43,0.02480636445284625,39
2010-10-29,0.017728636673424756,33,0.0237174108291773,39,0.024778313571199587,39
2010-11-01,0.011115622026530518,18,0.02080458952644581,35,0.024430357205708873,39
2010-11-02,0.012042312310195636,21,0.01637071177081366,28,0.024412194216728134,39
2010-11-03,0.007997626117523455,11,0.016934899296293736,29,0.023204959847166258,37
2010-11-04,0.025071179077921307,42,0.02070710268242868,35,0.026637141913014428,42
2010-11-05,0.023166024507570642,40,0.021064488959655688,35,0.027112890732656998,42
2010-11-08,0.022310583380773106,39,0.01788804436320615,31,0.027502878644568216,43
2010-11-09,0.028249309796197643,44,0.021641483689853212,36,0.028014860103209166,43
2010-11-10,0.02836766751189191,44,0.02187443398566414,37,0.027821397714014928,43
2010-11-11,0.023385562474736544,40,0.02309622320837105,38,0.02779488186400102,43
2010-11-12,0.023739979418962227,40,0.024346968449104354,40,0.02579623992505811,41
2010-11-15,0.020222708145552902,36,0.024465583283784974,40,0.023375433477903756,37
2010-11-16,0.018000396537750745,33,0.02479437466450677,41,0.022554883653142815,36
2010-11-17,0.009314564381362044,14,0.026599294958833643,42,0.02122388841895813,34
2010-11-18,0.013663018527059596,25,0.01974195732289977,34,0.02126518054693384,34
2010-11-19,0.012874060344177023,23,0.018124180729531498,31,0.019888821527410984,32
2010-11-22,0.015779991372247237,29,0.01735198261366718,30,0.021041448900593753,34
2010-11-23,0.015938946001444805,30,0.01675362433356996,29,0.020741208701337076,34
2010-11-24,0.01926555618688368,35,0.015169966308515546,26,0.020904530510774268,34
2010-11-26,0.017986559765298026,33,0.015075588538883494,26,0.020490535537073935,33
2010-11-29,0.02124429824627185,38,0.016586035567743077,29,0.020814327180056862,34
2010-11-30,0.021527565371585247,38,0.01821683080089627,31,0.021867672377142065,35
2010-12-01,0.02541645366163912,42,0.02222734929368236,37,0.022994790079861768,37
2010-12-02,0.028676546994369764,45,0.02404324453581922,40,0.024143382815829357,39
2010-12-03,0.026507339691930427,43,0.02443200940074487,40,0.024258634206880975,39
2010-12-06,0.029852010101386394,45,0.025234633171471534,41,0.021569042339259242,35
2010-12-07,0.02311936577895924,39,0.022964899151707407,38,0.0210528910490968,34
2010-12-08,0.024543919593810158,41,0.023994362634753488,39,0.02231330513383018,36
2010-12-09,0.029926335977191264,46,0.028046290033929146,43,0.024731810938626763,39
2010-12-10,0.029998858970117292,46,0.026729967378010283,42,0.024302658249992334,39
2010-12-13,0.030508394331781475,46,0.028870237111256306,44,0.0244754578350735,39
2010-12-14,0.031482428669999805,46,0.026089406828532113,42,0.024162340708261166,39
2010-12-15,0.0298274532264712,45,0.026043415656852288,42,0.024258562347225864,39
2010-12-16,0.016489801510014758,30,0.02475561878717187,41,0.02432202380955453,39
2010-12-17,0.01516474938003351,28,0.02459971324591389,40,0.02337440212581051,37
2010-12-20,0.012005096112145992,21,0.023076010569997463,38,0.02336511460880905,37
2010-12-21,0.014533918621616597,26,0.02327107184125098,39,0.023900690010765797,38
2010-12-22,0.012895979089328467,23,0.022578672558974642,38,0.022994589828872463,37
2010-12-23,0.0223074676934223,39,0.01932438990882244,33,0.023333559092157678,37
2010-12-27,0.022327566289187046,39,0.019575112360800992,33,0.023314243362071812,37
2010-12-28,0.02223148551007402,39,0.01765330860307539,30,0.022854051673959725,37
2010-12-29,0.020480652990136933,37,0.01687904020001692,29,0.022928364974777734,37
2010-12-30,0.014650310241139844,26,0.016297174999738075,28,0.021200646834542498,34
2010-12-31,0.007509936868432528,9,0.015862646070566536,27,0.020631370330950475,34
2011-01-03,0.028133366136452332,44,0.023986842446162213,39,0.023304668252700396,37
2011-01-04,0.02827661195108365,44,0.024005085564494953,39,0.023299971196476834,37
2011-01-05,0.02688292248871182,44,0.02345208233006093,39,0.022494420719636615,36
2011-01-06,0.027240765054634623,44,0.022829405931990725,38,0.02242813886436979,36
2011-01-07,0.030272402615962243,46,0.021371362547412783,36,0.022161845362917622,36
2011-01-10,0.012265467569290728,22,0.021237461469261074,36,0.01955274252254339,32
2011-01-11,0.014490836512620443,26,0.021512653802565725,36,0.01975149839095788,32
2011-01-12,0.014960940718011684,27,0.021284820193681955,36,0.018943310372860418,31
2011-01-13,0.01742001242335516,32,0.022544483457135334,37,0.01914193657461899,31
2011-01-14,0.017714989772505504,33,0.023383295463806172,39,0.01938825040112365,31
2011-01-18,0.022418168528897955,39,0.01727181021599472,30,0.02014384813077725,33
2011-01-19,0.030166797996802795,46,0.02296898738133516,38,0.022994901440611802,37
2011-01-20,0.02863137874767963,45,0.022522526332191616,37,0.023013239177809956,37
2011-01-21,0.02913462710696786,45,0.02342134937850785,39,0.023178181653590472,37
2011-01-24,0.019357081995981913,35,0.024195225330435378,40,0.023130846910753254,37
2011-01-25,0.019370620047992188,35,0.024411690320228416,40,0.02296641468094014,37
2011-01-26,0.014750355949172882,27,0.022738891146309087,38,0.022806121299706023,36
2011-01-27,0.013583348139747672,24,0.021397791194981933,36,0.02285114611320014,37
2011-01-28,0.013075836444461116,23,0.021327848552806603,36,0.022882710909298495,37
2011-01-31,0.012535379667703022,22,0.017348875739078114,30,0.022936790702501327,37
2011-02-01,0.01950373562588033,36,0.02378039550749863,39,0.024576112966145588,39
2011-02-02,0.019309619747773076,35,0.019837098157775457,34,0.020393533051125498,33
2011-02-03,0.01933989307128877,35,0.019948980724747694,34,0.020581265332470237,33
2011-02-04,0.02037686779495404,37,0.019088706283232292,33,0.020300096400111232,33
2011-02-07,0.021645939787566536,38,0.018734144279443615,32,0.02111582681798083,34
2011-02-08,0.015244895201963562,28,0.016772871094666724,29,0.020904242991769455,34
2011-02-09,0.014502002650053039,26,0.016272255714536072,28,0.0208007316124644,34
2011-02-10,0.015189977251771026,28,0.01723801938920917,30,0.020456296370249444,33
2011-02-11,0.01565426724398588,29,0.017223087835475354,30,0.02040158190770274,33
2011-02-14,0.011394470571382258,19,0.017218507272889354,30,0.02021561576392306,33
2011-02-15,0.01212934561468793,21,0.01303082046067868,21,0.018908893516991848,30
2011-02-16,0.012178430839791738,21,0.012714719212954353,20,0.018628608863571247,30
2011-02-17,0.010406331686789349,17,0.012412947983603572,20,0.016018875425713286,25
2011-02-18,0.0065878190569895806,7,0.011905328494668863,18,0.0158840131764834,25
2011-02-22,0.01688023353712502,31,0.015123786101329147,26,0.017542732739395682,28
2011-02-23,0.017362344126867258,32,0.015141686240698792,26,0.016731878857852617,27
2011-02-24,0.015848159251717245,29,0.015409049952006173,26,0.016353853174560142,26
2011-02-25,0.020270106484408856,37,0.01658503044484211,29,0.01658873348335287,26
2011-02-28,0.02130889560080789,38,0.015188710461019737,26,0.016548515348957953,26
2011-03-01,0.0164800038960927,30,0.016059470036118014,28,0.01754482962090987,28
2011-03-02,0.016465523418774757,30,0.016052535508452124,28,0.017530519624102237,28
2011-03-03,0.021855416850387922,38,0.019955852241298942,34,0.016399926956115227,26
2011-03-04,0.021474231384674754,38,0.0200554858358738,34,0.01652900012000489,26
2011-03-07,0.021146264041052607,38,0.02006215543426136,34,0.016274975841821422,26
2011-03-08,0.02658641032844709,43,0.02219146821117958,37,0.019236007167972455,31
2011-03-09,0.026523512517244004,43,0.022410655327876935,37,0.018420284304927127,30
2011-03-10,0.027027265583749037,44,0.023282843415921066,39,0.019053803317751583,31
2011-03-11,0.026481295705238463,43,0.02287424950519688,38,0.01915478422026955,31
2011-03-14,0.026934308848772143,44,0.023093204872710802,38,0.019159452481358162,31
2011-03-15,0.01213686968263046,21,0.022418845301948015,37,0.01898125612521594,31
2011-03-16,0.012577493262902556,22,0.02319443310784746,38,0.019157159898471315,31
2011-03-17,0.01795214010578173,33,0.0217320182720664,36,0.01988263923059634,32
2011-03-18,0.017333072854351643,32,0.021579476734063952,36,0.019874812921165684,32
2011-03-21,0.01711966610194108,32,0.021476198718667572,36,0.019886698104498834,32
2011-03-22,0.015673360075925784,29,0.014046730102072582,23,0.01999900478935334,33
2011-03-23,0.014894754473458734,27,0.014475292326785245,24,0.01854249620967435,30
2011-03-24,0.009138993780505695,14,0.013548306688193021,22,0.0186892226173579,30
2011-03-25,0.006488033018519213,6,0.012674969623791072,20,0.018587909173293966,30
2011-03-28,0.007135810301711784,8,0.012969635573685247,21,0.01813395643417142,29
2011-03-29,0.007841709736439488,10,0.012202786389342869,19,0.018018748124968956,29
2011-03-30,0.008422669680075105,12,0.01147874400731733,17,0.01741488089666919,28
2011-03-31,0.007523079248612401,9,0.008321682125427016,8,0.017447297157826242,28
2011-04-01,0.006142707031689478,6,0.008175080650315759,8,0.01573646771954142,25
2011-04-04,0.006494743619086267,6,0.00862940719285772,9,0.015734869352386938,24
2011-04-05,0.006339850720849827,6,0.00839459955655367,8,0.015733646879146676,24
2011-04-06,0.009805754782935468,15,0.009361886561544283,11,0.012124527565200032,17
2011-04-07,0.00951121726846486,15,0.00876304972700829,9,0.012145499423345647,17
2011-04-08,0.011380548860804333,19,0.008645896504874608,9,0.011415627401436942,15
2011-04-11,0.01120682011984053,19,0.008636350013430806,9,0.011165039256396694,14
2011-04-12,0.011210684109994335,19,0.008635936176730242,9,0.011036400631830985,14
2011-04-13,0.006301475968184443,6,0.009586755075714232,12,0.010762758102431647,13
2011-04-14,0.0065380763512770486,7,0.009743041448369532,12,0.010226704668407385,12
2011-04-15,0.009961907176433605,16,0.01180315695348837,18,0.009826798375421893,11
2011-04-18,0.011513065576173298,20,0.014009018554823527,23,0.011263882096487128,15
2011-04-19,0.010031751755653625,16,0.013582775108005813,22,0.01116609400600577,14
2011-04-20,0.011351678786941244,19,0.009835762865671767,13,0.011081213271093321,14
2011-04-21,0.014182714525047341,26,0.010820975775769574,15,0.010961332235723875,14
2011-04-25,0.015774598200684217,29,0.012619795669919375,20,0.011308143472833236,15
2011-04-26,0.010425171972740411,17,0.012505095022254142,20,0.011584047189104604,16
2011-04-27,0.011248275399263765,19,0.013539470777552428,22,0.011815476733670855,16
2011-04-28,0.011140347346480521,19,0.014220110674365275,24,0.012054022961078138,17
2011-04-29,0.012676702374292824,22,0.014244738086852102,24,0.011903744309285268,17
2011-05-02,0.011660818760982105,20,0.01327635253756238,22,0.012013988968336817,17
2011-05-03,0.011544307904212306,20,0.011417998706899917,17,0.013107542649280464,20
2011-05-04,0.013126637760902535,23,0.011616074135860781,17,0.013036835967029469,19
2011-05-05,0.014877388845120921,27,0.012599616415155942,20,0.013214342857190572,20
2011-05-06,0.013914865696968015,25,0.01255977943989344,20,0.012213295389073503,17
2011-05-09,0.014421248539669567,26,0.012374347118485616,19,0.012256416610988936,17
2011-05-10,0.009452192833152146,14,0.011547153536837735,17,0.012550453299032684,18
2011-05-11,0.009264186106084331,14,0.011243782709272237,16,0.012504950421596354,18
2011-05-12,0.006877891125654234,8,0.010927597985171948,15,0.01248637699401215,18
2011-05-13,0.011169953531897559,19,0.012418754084052784,20,0.012879351237235161,19
2011-05-16,0.010906128298085497,18,0.012139989130842093,19,0.012818425875500096,19
2011-05-17,0.009541307810690665,15,0.008973653020911349,10,0.012169738854327396,17
2011-05-18,0.009349271442374836,14,0.00899460062699957,10,0.010496085986494364,13
2011-05-19,0.009141218296221337,14,0.008439630108597477,9,0.010544476018825329,13
2011-05-20,0.005388517037079853,4,0.008269120973138278,8,0.010631511631932626,13
2011-05-23,0.006437565155678755,6,0.008526015561057821,9,0.010804658706853803,14
2011-05-24,0.006492540632245663,6,0.007722450050369695,7,0.010448961125197082,13
2011-05-25,0.006418169180990103,6,0.007565796330210611,6,0.010047131007853188,12
2011-05-26,0.008838114923048429,13,0.008807313942539493,10,0.009984119909265557,11
2011-05-27,0.01308527639493651,23,0.010309389831155332,14,0.011006889973121615,14
2011-05-31,0.009672127501621637,15,0.010434894930232069,14,0.010959270564906002,14
2011-06-01,0.024214232176378723,41,0.016836352463959682,29,0.014060492637060327,22
2011-06-02,0.02435793602455942,41,0.017058794488965728,29,0.012985262212762472,19
2011-06-03,0.023931055372052253,40,0.01701557017241011,29,0.012989425631400748,19
2011-06-06,0.02454198504457101,41,0.020565860535359533,35,0.01495103003299427,23
2011-06-07,0.021882408297974852,38,0.02069569441811798,35,0.015041376887984065,23
2011-06-08,0.017278028841202928,32,0.020393584854675226,34,0.015038535724697127,23
2011-06-09,0.018892128218701766,35,0.021230490009093033,36,0.015156676807518107,24
2011-06-10,0.02192879212103583,38,0.021834992494082474,37,0.01580130748753258,25
2011-06-13,0.015021154827849765,27,0.021303844482679326,36,0.01648993964075387,26
2011-06-14,0.014664705075020587,27,0.021089910610759204,35,0.01620472966255523,26
2011-06-15,0.019780065120659808,36,0.018625962841531053,32,0.016977311603809404,27
2011-06-16,0.01965655927928392,36,0.01902620996266907,32,0.01719235519953693,27
2011-06-17,0.018609778098371686,34,0.019465874159550315,33,0.017391559191857597,28
2011-06-20,0.015719955282890097,29,0.015318732747959264,26,0.017381702030182734,28
2011-06-21,0.01899825297166818,35,0.01604129185229499,28,0.018246768199672775,29
2011-06-22,0.011576219487372053,20,0.015615742046922202,27,0.018080307104975227,29
2011-06-23,0.01254809816920456,22,0.015622547876903039,27,0.01805477949310794,29
2011-06-24,0.014725689445673137,27,0.0158269267227957,27,0.018322275124014534,29
2011-06-27,0.02074148577640575,37,0.018392923894472526,32,0.019741352904538746,32
2011-06-28,0.01854030686875773,34,0.017701565738829046,30,0.019058053705332298,31
2011-06-29,0.022460508580546552,39,0.016855238146200036,29,0.02031653916050839,33
2011-06-30,0.024105069278402617,40,0.01817392323985871,31,0.01833632227988557,29
2011-07-01,0.020539213809309394,37,0.018331384669587586,31,0.018517721702918072,30
2011-07-05,0.018086525823766388,33,0.018375623332606887,31,0.018588668420902718,30
2011-07-06,0.021752011587389423,38,0.019065537144105582,33,0.017173959485401326,27
2011-07-07,0.01755554442094254,32,0.019788739920153665,34,0.01712842574396625,27
2011-07-08,0.01832781452180176,34,0.02080070559028401,35,0.017590383759432712,28
2011-07-11,0.01910877038164177,35,0.02268101827913769,38,0.018888426160592754,30
2011-07-12,0.018874429325107897,35,0.01972548848345435,34,0.018732379548481903,30
2011-07-13,0.018897942762200495,35,0.01976492304192874,34,0.018267678449698097,29
2011-07-14,0.011605542626841854,20,0.015425234648430663,26,0.01818550677975393,29
2011-07-15,0.011928810085211032,21,0.015286984076935918,26,0.01732389304380452,27
2011-07-18,0.010060533291383157,16,0.014409201873350595,24,0.017979343914523462,29
2011-07-19,0.010147675506781114,16,0.014318804617922854,24,0.017942909969718743,29
2011-07-20,0.021560979303348167,38,0.019194994204612844,33,0.019424743388167222,32
2011-07-21,0.028956423630022755,45,0.02320074688288651,38,0.020811142175669057,34
2011-07-22,0.029237176741209327,45,0.02273848811604931,38,0.02087073310359014,34
2011-07-25,0.025636192318338413,42,0.02081226504153867,35,0.02094206050519952,34
2011-07-26,0.023304089504473817,40,0.02049230171331386,35,0.020669998029279192,34
2011-07-27,0.025969830556069506,42,0.022580765757582912,38,0.02014176810092608,33
2011-07-28,0.015935701711938775,30,0.0229449901264287,38,0.02046152532871717,33
2011-07-29,0.01592356050864508,30,0.022974045440680498,38,0.01891292347354158,31
2011-08-01,0.017683699793553744,32,0.021428529873905026,36,0.019107168125255827,31
2011-08-02,0.021605456061817564,38,0.023494099503447118,39,0.01959323443478772,32
2011-08-03,0.01840758508422026,34,0.021222527018902638,36,0.019779088304024008,32
2011-08-04,0.034704381197990554,48,0.02614352831303469,42,0.02450923670683546,39
2011-08-05,0.04122402045660145,50,0.03225530086288041,47,0.02763688533747656,43
2011-08-08,0.07852681820241043,53,0.06573571282310763,52,0.04983550582743878,51
2011-08-09,0.13602965152208302,54,0.09281711336993315,53,0.06463759157397986,52
2011-08-10,0.13699267934843315,54,0.09676906253764767,53,0.06799629935282972,52
2011-08-11,0.14784262990418304,54,0.10137333038998132,53,0.0706069011968625,52
2011-08-12,0.14576016426468913,54,0.10137143041122611,53,0.07061655240642276,52
2011-08-15,0.10408107711985957,53,0.10625828432414731,53,0.07346310569172673,52
2011-08-16,0.07972115031856039,53,0.10655825837294185,53,0.07380542176938625,52
2011-08-17,0.05350429648808557,52,0.10663485796642747,53,0.07390106026039454,52
2011-08-18,0.054903417651250015,52,0.10591202154703791,53,0.07416100293288766,52
2011-08-19,0.05488320513163498,52,0.10400912149908156,53,0.07323384751007433,52
2011-08-22,0.036748937549088465,48,0.08395033642615914,53,0.07450755518826038,52
2011-08-23,0.03699919081193267,49,0.06046938274304635,52,0.07449072445800908,52
2011-08-24,0.07358220103412105,53,0.06288956086635536,52,0.07956476415231462,52
2011-08-25,0.07983391035989632,53,0.0659932175797281,52,0.08283675324571456,52
2011-08-26,0.07870641779551353,53,0.06578751686195193,52,0.08287426031107446,52
2011-08-29,0.05542168775099021,52,0.06601462124527654,52,0.08511093505971948,52
2011-08-30,0.06010689656233401,52,0.0648136049498117,52,0.08527340169378946,52
2011-08-31,0.05340870517192284,52,0.0648268123389276,52,0.08507494605626463,52
2011-09-01,0.046367092693320844,51,0.061904344658921105,52,0.08526667093384288,52
2011-09-02,0.06106757277702714,52,0.06909371985863862,52,0.08565361123043981,52
2011-09-06,0.03185165593518032,47,0.06439255157188455,52,0.08450087936186924,52
2011-09-07,0.057209689518595216,52,0.06604112004789643,52,0.07246813229248152,52
2011-09-08,0.05650152143355601,52,0.05977337673955985,52,0.06329342176096579,52
2011-09-09,0.056458719178864414,52,0.051369668377244306,52,0.05871097361501448,51
2011-09-12,0.04616012486823108,51,0.05117764397317951,52,0.05666147026397343,51
2011-09-13,0.04299619188525035,50,0.04051383482658871,50,0.05665323569546854,51
2011-09-14,0.02159905644332928,38,0.04080662573392715,50,0.0537322108339099,51
2011-09-15,0.02568503916881015,42,0.04384902760651957,51,0.05355722897854019,51
2011-09-16,0.020639706011417878,37,0.04321230061373146,51,0.05362099405297928,51
2011-09-19,0.027187935697379047,44,0.03575765762278241,49,0.052411896947826914,51
2011-09-20,0.02760964255162075,44,0.03411729294535907,48,0.05248208359756451,51
2011-09-21,0.041509035977824384,50,0.031443645279496564,46,0.05221772078984352,51
2011-09-22,0.026395046476386456,43,0.032671035294817706,47,0.05325148822553737,51
2011-09-23,0.044066147267807956,50,0.036882900149796415,49,0.04802480106377588,51
2011-09-26,0.05397026516622179,52,0.04055513672493133,50,0.04407213373638325,51
2011-09-27,0.054087179820348344,52,0.04074480764877493,50,0.04388872557759305,51
2011-09-28,0.04720405580324914,51,0.042459724864104244,51,0.03972867130786279,50
2011-09-29,0.041907062317304115,50,0.04132286953346204,50,0.04064454385639239,50
2011-09-30,0.04183037281297645,50,0.04194522215621857,50,0.040809719988631796,50
2011-10-03,0.04634345943083341,51,0.049033215145491096,51,0.044569897627974336,51
2011-10-04,0.05771589330687553,52,0.0530282849187133,52,0.04343910542067837,51
2011-10-05,0.056139843248652274,52,0.048987204784518616,51,0.043092761354353824,51
2011-10-06,0.07097720344745301,53,0.05521682898675326,52,0.044901027649929,51
2011-10-07,0.07478920960964512,53,0.05712864793570301,52,0.045944936770448884,51
2011-10-10,0.05847392098302568,52,0.059224299498686725,52,0.04827213331471838,51
2011-10-11,0.058056975065663166,52,0.05921346316632907,52,0.048343297625732355,51
2011-10-12,0.05704735718288815,52,0.057296721624378405,52,0.04898870385692553,51
2011-10-13,0.05498339881099923,52,0.05985577962908457,52,0.05026753800735928,51
2011-10-14,0.04447659645596371,51,0.05858041200611417,52,0.04922706124305241,51
2011-10-17,0.03423023452933197,48,0.04874047391752533,51,0.04938299626478231,51
2011-10-18,0.06026987865631342,52,0.05614226650202466,52,0.054334266884860836,51
2011-10-19,0.06152581458745008,52,0.05842155765398937,52,0.054822770420683516,51
2011-10-20,0.05463713930674012,52,0.05193124904287569,52,0.052233591330708186,51
2011-10-21,0.05444832230664839,52,0.04687151867379865,51,0.050867681162093205,51
2011-10-24,0.05160583882239397,51,0.044312579071435064,51,0.05083156110654449,51
2011-10-25,0.03323520155001295,47,0.04654134622568073,51,0.05071308902795838,51
2011-10-26,0.029371370450642705,45,0.04577361223521142,51,0.05070785623206677,51
2011-10-27,0.0499612841544928,51,0.04991296976689396,51,0.0531691596050771,51
2011-10-28,0.04828245514452937,51,0.04936868075122553,51,0.05297799611833162,51
2011-10-31,0.06374301203970684,53,0.05549968547430104,52,0.05492910400688595,51
2011-11-01,0.06862467840794842,53,0.05090219076866951,51,0.05220840436537707,51
2011-11-02,0.0720305941864886,53,0.051859289746308025,52,0.052508184084141284,51
2011-11-03,0.05548070179167936,52,0.05232674268845428,52,0.05265227809509772,51
2011-11-04,0.057579627632950436,52,0.05667807221182141,52,0.051589301889371206,51
2011-11-07,0.05114277443722969,51,0.055067011893929256,52,0.049577295628209964,51
2011-11-08,0.0420504967181126,50,0.053713825587829174,52,0.04774820196101749,51
2011-11-09,0.04037540508360857,50,0.056319867719591195,52,0.04938608170390706,51
2011-11-10,0.031784750268478906,47,0.04378450851280016,51,0.04896470425979907,51
2011-11-11,0.03313396107017226,47,0.0449798613872924,51,0.04796816457958195,51
2011-11-14,0.033962033165280466,47,0.040940771081256225,50,0.048311867718179226,51
2011-11-15,0.034112528846687126,47,0.0371728801548539,49,0.04801772885360612,51
2011-11-16,0.02846713806877188,45,0.03322545706066049,47,0.04294825996330125,51
2011-11-17,0.02805628515129796,44,0.029990720167959752,45,0.042447677376647515,51
2011-11-18,0.0197022530368694,36,0.025877935963692346,42,0.042313474994586424,50
2011-11-21,0.025490933973248038,42,0.028530035647401166,44,0.043458485344892814,51
2011-11-22,0.018198270696581042,34,0.026796111905783713,42,0.042189934249593636,50
2011-11-23,0.01916849757502362,35,0.024930519247984142,41,0.04234119325106713,50
2011-11-25,0.02421501706077552,41,0.025951424373954327,42,0.04194631728428565,50
2011-11-28,0.02895126711109838,45,0.02347277384420769,39,0.03484018903698649,49
2011-11-29,0.024931772450861405,41,0.023856139099640006,39,0.03422127193190698,49
2011-11-30,0.04505811550429343,51,0.0359073061932278,49,0.03692006215540804,49
2011-12-01,0.03691950248219973,48,0.035589205125417994,49,0.03527117409689996,49
2011-12-02,0.03655515271271176,48,0.036218660348209995,49,0.0334303561870929,48
2011-12-05,0.03669511991908106,48,0.0373332830042357,49,0.03334176963318086,48
2011-12-06,0.026962491937948568,44,0.03285952948322769,47,0.031067441184297204,46
2011-12-07,0.010619858804348988,18,0.03157643264654619,46,0.03150538357963715,46
2011-12-08,0.03173862122723933,46,0.03314037318742095,47,0.03287428466744015,48
2011-12-09,0.03222947029068188,47,0.03341695119635941,47,0.03141404319427873,46
2011-12-12,0.035585595854336946,48,0.03798030704381614,49,0.032655593621656945,48
2011-12-13,0.035439522622883274,48,0.0371495018707928,49,0.03194282446655223,47
2011-12-14,0.029762873604469324,45,0.029506152636063068,45,0.031738614137114554,47
2011-12-15,0.027208687868537095,44,0.02888039111786664,44,0.031548263938879544,46
2011-12-16,0.019316145285967742,35,0.0275972189450749,43,0.030781714537060075,46
2011-12-19,0.017221861233039787,32,0.02654760234162117,42,0.031680902894706174,47
2011-12-20,0.029120770070767847,45,0.031083303294788207,46,0.033094320832257086,48
2011-12-21,0.029085574901793223,45,0.030376026364828643,45,0.03156766577739516,46
2011-12-22,0.035731759947167395,48,0.031771823835891826,46,0.03285445069965414,48
2011-12-23,0.03429825772718893,48,0.03181675049955299,46,0.03156107306282738,46
2011-12-27,0.0262780940576167,43,0.028598880875137966,44,0.032062904994246105,47
2011-12-28,0.033215679087983514,47,0.0299370176146936,45,0.03301262264559301,48
2011-12-29,0.03561519635878453,48,0.031004906899875315,46,0.03281089413728091,48
2011-12-30,0.030232415650217757,46,0.0313032936923264,46,0.02926469742638327,44
2012-01-03,0.03441686203815978,48,0.03265842650146763,47,0.030501672161654798,46
2012-01-04,0.03092985727758176,46,0.027324985888396068,43,0.030246799544756686,45
2012-01-05,0.03182766481750924,47,0.03490552982470707,48,0.03507662943602117,49
2012-01-06,0.04099226654109362,50,0.03724180592151312,49,0.03548854490378263,49
2012-01-09,0.04119581969974065,50,0.03587549945582871,49,0.0354058703564533,49
2012-01-10,0.04321201813947011,50,0.03835366154338361,50,0.03495757387761225,49
2012-01-11,0.04068107637146721,50,0.03608800845025854,49,0.03533847392124605,49
2012-01-12,0.03250393770196352,47,0.03233687940323613,47,0.03328558889729268,48
2012-01-13,0.03419346447548683,48,0.03612026802448735,49,0.033429565281779004,48
2012-01-17,0.03733604314049301,49,0.0382367697958094,49,0.033549211075373855,48
2012-01-18,0.034713319471234245,48,0.038773070358297884,50,0.03455764671529693,49
2012-01-19,0.03229511615357977,47,0.038449570091729064,50,0.034169618588881914,49
2012-01-20,0.03150276270294033,46,0.03038131534955747,45,0.031682493072009835,47
2012-01-23,0.0249532819592849,41,0.02833801838368044,44,0.03141816403886547,46
2012-01-24,0.01624340354195265,30,0.028548656145636925,44,0.031495452617308045,46
2012-01-25,0.008888820548099443,13,0.024481229353376613,40,0.03079700638249825,46
2012-01-26,0.012016778284132489,21,0.02323597506188966,38,0.031063870575346684,46
2012-01-27,0.012266803277885327,22,0.022570460059359972,38,0.03024491673505969,45
2012-01-30,0.015297071441231396,28,0.02320307573354232,38,0.029820867292316967,45
2012-01-31,0.015851198277007,29,0.021233574671331842,36,0.029529628405073446,45
2012-02-01,0.022750513337538785,39,0.01815438361296063,31,0.029805981362895615,45
2012-02-02,0.02281961442598901,39,0.017423777879869446,30,0.029039705510837018,44
2012-02-03,0.030757001447075466,46,0.022559621355886256,37,0.030189006786006677,45
2012-02-06,0.018065222959569843,33,0.022080239828007966,37,0.025418944021342982,40
2012-02-07,0.024986099071061918,42,0.023433422870652663,39,0.025095641898898745,40
2012-02-08,0.02545771775899622,42,0.025056189551332757,41,0.025630795270568555,41
2012-02-09,0.026080260057588043,43,0.024393162418871864,40,0.023518856292176864,38
2012-02-10,0.021294398557786014,38,0.02539139614138263,41,0.023280932278011514,37
2012-02-13,0.02214366722026981,39,0.02111151668237378,35,0.023029535596639394,37
2012-02-14,0.027363598298113707,44,0.026117018175842648,42,0.02355062971704592,38
2012-02-15,0.02263462774512499,39,0.027348093144790583,43,0.023908831917402767,38
2012-02-16,0.03141942363250185,46,0.029377468599658705,45,0.023183279813264297,37
2012-02-17,0.031046680165383197,46,0.025355860540802595,41,0.023207964859061077,37
2012-02-21,0.02932754134259348,45,0.02508171619188449,41,0.023142766617828117,37
2012-02-22,0.026479780682408915,43,0.025475681317872843,41,0.02342112985938026,37
2012-02-23,0.02267650418358566,39,0.022749507502310584,38,0.023438143899023853,37
2012-02-24,0.01448306945723099,26,0.023131813455184662,38,0.02391634797603862,38
2012-02-27,0.018081090650666317,33,0.02396483954643124,39,0.024058408682354347,38
2012-02-28,0.017902903720412523,33,0.022978805669950027,38,0.024038133065426893,38
2012-02-29,0.01755579794569599,32,0.02118849773690403,36,0.02329561614873234,37
2012-03-01,0.019215265292841986,35,0.01990939407800063,34,0.02345981258388935,38
2012-03-02,0.015855449412136256,29,0.015552457591362787,27,0.022719898094619963,36
2012-03-05,0.01710270231226792,31,0.016634888868068326,29,0.02327211222412579,37
2012-03-06,0.020210978231673685,36,0.018834502450015795,32,0.021681963531060673,35
2012-03-07,0.029202908220791912,45,0.022721485385700617,38,0.023177915846734027,37
2012-03-08,0.02778335138403173,44,0.022609604853739935,38,0.022914200160512405,37
2012-03-09,0.027751793115135044,44,0.021724768252816568,36,0.021537019755964917,35
2012-03-12,0.02626699936279961,43,0.02093455749159172,35,0.02153945869463089,35
2012-03-13,0.03021303872123695,46,0.028923892953725373,44,0.025372747556759664,40
2012-03-14,0.030387637111268007,46,0.029728105693937308,45,0.026417299384939984,42
2012-03-15,0.03074090976764705,46,0.03163350537905328,46,0.026532362232418623,42
2012-03-16,0.028347361481498325,44,0.03452566057195417,48,0.02785485799467167,43
2012-03-19,0.036954520205471686,48,0.0355885544223272,49,0.028294585541966615,43
2012-03-20,0.033939373983356176,47,0.03074472726614737,46,0.02837863647690646,43
2012-03-21,0.03528657764703877,48,0.03105839164454372,46,0.028444238462529366,43
2012-03-22,0.0369502423876623,48,0.033710304961676645,48,0.02858742793218473,44
2012-03-23,0.026433840636353192,43,0.03306525474922749,47,0.028815902047873,44
2012-03-26,0.02094524629290054,37,0.031930244475187046,47,0.02811951557819725,43
2012-03-27,0.023810816538192118,40,0.03290342839186438,47,0.02966060112034883,45
2012-03-28,0.025434957715911224,42,0.03141217884334443,46,0.029696538890387564,45
2012-03-29,0.02546860636645028,42,0.030326644627975248,45,0.029899634444523426,45
2012-03-30,0.021131222700398394,38,0.022849827533189315,38,0.029828922272426405,45
2012-04-02,0.021723062508666475,38,0.021308520986264956,36,0.029791844931952745,45
2012-04-03,0.01778075150067206,33,0.019837150870258478,34,0.029789360191363287,45
2012-04-04,0.018212682803139982,34,0.021542774144901848,36,0.029649069963417242,45
2012-04-05,0.017918820077537752,33,0.02092996509977625,35,0.028779484360641663,44
2012-04-09,0.019970290972242243,36,0.01983828322310951,34,0.030051916527407633,45
2012-04-10,0.017767117869319036,33,0.02140317298845356,36,0.0318854710799269,47
2012-04-11,0.0333204091153644,47,0.02584035818583197,41,0.0326265633408768,48
2012-04-12,0.037425309702105454,49,0.028381960057164993,44,0.030709719193382747,46
2012-04-13,0.0441420391532783,50,0.031877517510913424,46,0.03191495168830109,47
2012-04-16,0.04336710922482309,50,0.032371468532289296,47,0.030338738812848712,45
2012-04-17,0.036846659226041675,48,0.032607769261593436,47,0.027089665300455916,42
2012-04-18,0.033326395385669054,47,0.03239748185852243,47,0.026560049685164948,42
2012-04-19,0.02806798160546723,44,0.03150498042592914,46,0.025658671026663863,41
2012-04-20,0.025431286357877014,42,0.03403491462288365,48,0.02717070056815613,42
2012-04-23,0.023248911698803807,40,0.03337520011065369,47,0.02714708624855663,42
2012-04-24,0.02011989079243943,36,0.031066619904014003,46,0.026198067478202303,41
2012-04-25,0.021489996318327095,38,0.02789158643108396,43,0.02613805444635139,41
2012-04-26,0.022606551158065927,39,0.024075266776541118,40,0.02557663494245095,40
2012-04-27,0.011042421809950275,18,0.018643462802349686,32,0.02508534354084278,40
2012-04-30,0.009105580443943237,13,0.017878319414341915,31,0.024948043484327206,40
2012-05-01,0.01507411681726442,28,0.01947027657097019,33,0.025806677477003024,41
2012-05-02,0.01733859979862538,32,0.019597294950617853,33,0.025587933556834818,41
2012-05-03,0.01872501391985886,34,0.019745231681294224,34,0.02558746523916604,41
2012-05-04,0.021692402673584722,38,0.017045258906290627,29,0.025677212384232127,41
2012-05-07,0.0279477582751031,44,0.019617011145516526,33,0.026786181066322853,42
2012-05-08,0.02363502581640762,40,0.020319375783854902,34,0.026355900602867414,41
2012-05-09,0.023493076684773115,40,0.019943678899811156,34,0.02492532264378139,39
2012-05-10,0.02302509089307084,39,0.019791322731684522,34,0.02300881658186313,37
2012-05-11,0.02001706187325299,36,0.02009137495368849,34,0.02110012985745603,34
2012-05-14,0.009569973875668705,15,0.020744546252066964,35,0.018975140495118163,31
2012-05-15,0.009663407784985053,15,0.017023329166660578,29,0.01839589884018321,30
2012-05-16,0.010638684361718453,18,0.017480329604265932,30,0.017947054687636816,29
2012-05-17,0.007970776808679367,10,0.017434246169101577,30,0.01785100655919118,29
2012-05-18,0.01377870858103131,25,0.016968475367288915,29,0.01818749121015446,29
2012-05-21,0.013907012367505918,25,0.01127500970639166,16,0.016662864186396384,26
2012-05-22,0.02166666572923068,38,0.01596536775872226,27,0.01775306549731529,28
2012-05-23,0.02400358584252971,40,0.020023136714599658,34,0.019172855251777664,31
2012-05-24,0.021761123400323663,38,0.020017594598653297,34,0.018972142449334137,31
2012-05-25,0.021797611179371935,38,0.01969723239624943,34,0.01897616820921945,31
2012-05-29,0.018543670189583864,34,0.022828266349322848,38,0.021600950946621265,35
2012-05-30,0.02842411165649287,44,0.025151859135303874,41,0.02228246487744565,36
2012-05-31,0.027387360973617676,44,0.024342785802151056,40,0.02203846085953564,36
2012-06-01,0.03569387083235838,48,0.028156300765488685,44,0.023525482662158415,38
2012-06-04,0.03609636714486459,48,0.02864480148197903,44,0.02346377704947072,38
2012-06-05,0.03251144407439654,47,0.02853802759233837,44,0.023922543964218102,38
2012-06-06,0.04623465532920119,51,0.03633072370782811,49,0.028878318184523334,44
2012-06-07,0.0492983809925157,51,0.03761829585821665,49,0.029177367467935728,44
2012-06-08,0.0414870663500267,50,0.03776296157785689,49,0.029488299724164606,45
2012-06-11,0.04611691630452711,51,0.0402019532684743,50,0.030538861160742854,46
2012-06-12,0.04610383455269027,51,0.03912681191047289,50,0.030991322607230934,46
2012-06-13,0.02887249704650076,45,0.03732108723401376,49,0.030387817296946163,45
2012-06-14,0.02643080874315163,43,0.03734541523211194,49,0.03062750122000697,46
2012-06-15,0.028384455619629562,44,0.03368344375181833,48,0.030491321276408908,46
2012-06-18,0.02083548970058604,37,0.03374498725639706,48,0.030469647718817553,46
2012-06-19,0.024810835116225477,41,0.03499131118377843,48,0.03167243680174348,46
2012-06-20,0.024475182870443386,41,0.027368344511655148,43,0.030696443640519613,46
2012-06-21,0.03457746926463429,48,0.02903494558854741,44,0.03225874310002116,47
2012-06-22,0.03214349429030819,47,0.028877631022893327,44,0.031969421946905344,47
2012-06-25,0.03740935994426773,49,0.02986087146074222,45,0.03361511836493662,48
2012-06-26,0.02685671741627116,44,0.028631712812623257,44,0.033613550732872456,48
2012-06-27,0.03015558136304774,46,0.029206610793943703,44,0.03277975882106596,48
2012-06-28,0.024929945777638175,41,0.028619170968076278,44,0.03184320182412273,47
2012-06-29,0.03635670109364267,48,0.0324627455308759,47,0.03371393615189128,48
2012-07-02,0.028333372040717918,44,0.032331892807804796,47,0.03209502612531785,47
2012-07-03,0.028399147680431447,44,0.02895691797218577,44,0.031652395969698,46
2012-07-05,0.03306304458416418,47,0.030352011304024963,45,0.0322861264432108,47
2012-07-06,0.034561918835790226,48,0.028410106987636678,44,0.028304578832700676,43
2012-07-09,0.011344875869690919,19,0.027931797073815066,43,0.027691624354815307,43
2012-07-10,0.011555911379628333,20,0.024696158703168505,40,0.027500078354577875,43
2012-07-11,0.018778305397644985,34,0.02560908051014441,41,0.02647373708243313,42
2012-07-12,0.016640850412563413,31,0.02528387646534285,41,0.026181006489476744,41
2012-07-13,0.027561190063326496,44,0.029642495272794413,45,0.027979927371061572,43
2012-07-16,0.026159705215963013,43,0.022373046954458554,37,0.02764643935996482,43
2012-07-17,0.0243242751886009,41,0.02266775298764931,38,0.0269567961423475,42
2012-07-18,0.03554848289947625,48,0.02718602640432148,43,0.02883232735210104,44
2012-07-19,0.038185635938465884,49,0.02782621276954797,43,0.02774652567491093,43
2012-07-20,0.02577011460614239,42,0.028188141290497147,44,0.02804804543961085,43
2012-07-23,0.02655734036857136,43,0.028295502967384235,44,0.027059275574701912,42
2012-07-24,0.021127139707658057,38,0.0282544899201987,44,0.026684707168290356,42
2012-07-25,0.01787431036552338,33,0.027072749105978233,42,0.02532442470068225,40
2012-07-26,0.015265330775401082,28,0.02746056844314917,43,0.02558504897315944,40
2012-07-27,0.010367799359977973,17,0.023173999959464057,38,0.025548560348286124,40
2012-07-30,0.011430980840782073,19,0.023120764942778704,38,0.02554921846810381,40
2012-07-31,0.009086827180017484,13,0.022603577578712897,38,0.021824158098523443,35
2012-08-01,0.014502330644661766,26,0.017687403974063005,30,0.02183585541080904,35
2012-08-02,0.013814594062082115,25,0.013801915152486964,23,0.021789946004018575,35
2012-08-03,0.019601286643007327,36,0.014886596534429811,25,0.02269695834624585,36
2012-08-06,0.021727450516605087,38,0.01654067882967828,28,0.023220000517645247,37
2012-08-07,0.021894198866762853,38,0.015806596772874538,27,0.023032714281607858,37
2012-08-08,0.018038978343965534,33,0.015996425982658977,28,0.022883273098420195,37
2012-08-09,0.015714901130844908,29,0.015867730056811677,27,0.02252069902529713,36
2012-08-10,0.011427265433642423,19,0.015340185739437611,26,0.022027998583568725,36
2012-08-13,0.0035161600621326466,1,0.015237932796264607,26,0.019639320329681107,32
2012-08-14,0.004341790489916049,2,0.01523093832216975,26,0.019718848915461436,32
2012-08-15,0.005392195974131749,4,0.013100819299811156,21,0.01963647820432469,32
2012-08-16,0.005483018709031596,4,0.012132818738317666,19,0.01613125137019917,26
2012-08-17,0.005394481036414128,4,0.008467457962999816,9,0.013545971343197127,21
2012-08-20,0.004660527119163702,2,0.00606189653097112,3,0.011866779328310406,17
2012-08-21,0.005277520373972156,3,0.006023444521402123,2,0.011840119817263276,16
2012-08-22,0.005956355432451016,5,0.005679197629848655,2,0.011429957927167033,15
2012-08-23,0.009833585688375387,15,0.00750625952201184,6,0.011937972956835421,17
2012-08-24,0.009783090889536512,15,0.007576246403117058,6,0.011876482583919433,17
2012-08-27,0.007317386346373629,9,0.008909171691797606,10,0.01203858308112607,17
2012-08-28,0.007662699576340929,10,0.010465222048142564,14,0.012558736983995306,18
2012-08-29,0.008089231219384159,11,0.010019131578397903,13,0.012528294476389167,18
2012-08-30,0.008438675632201293,12,0.010540197678413962,14,0.012154326696698284,17
2012-08-31,0.010900215928721582,18,0.010669718333733104,15,0.011991517049067764,17
2012-09-04,0.01033258524782663,17,0.008441852393411806,9,0.009896018010447436,11
2012-09-05,0.008580291898431592,12,0.00818677343234494,8,0.008332803468620954,7
2012-09-06,0.02454920705940891,41,0.018791161624319996,32,0.01345997750529438,20
2012-09-07,0.02823372424163272,44,0.024506151430183,40,0.01723875994450813,27
2012-09-10,0.03535594894718995,48,0.026619837100661885,42,0.018575932848619837,30
2012-09-11,0.03776731468426114,49,0.02967472375426602,45,0.021222797212098615,34
2012-09-12,0.03784945816187284,49,0.029088787389034358,44,0.021338188864439712,35
2012-09-13,0.03746503432010694,49,0.03098504464676336,46,0.023101934024695788,37
2012-09-14,0.03368157552295518,47,0.029414661632386475,45,0.02314333226178799,37
2012-09-17,0.03405038504025297,47,0.032738964793143685,47,0.024420944040466675,39
2012-09-18,0.02840714428762053,44,0.03328473393450059,47,0.02464945523297515,39
2012-09-19,0.027692999674927107,44,0.032622351405135516,47,0.024504925227255548,39
2012-09-20,0.01626199859845996,30,0.031206327423150194,46,0.02479386547660782,39
2012-09-21,0.011620673627181053,20,0.027495067734745405,43,0.024992956079159818,40
2012-09-24,0.007044664705760101,8,0.02569286080417371,41,0.024841390323775185,39
2012-09-25,0.00978762993048872,15,0.020907642869010964,35,0.02541401310460488,40
2012-09-26,0.006542610952518205,7,0.021154496802233774,35,0.025455331883258027,40
2012-09-27,0.014096514967191328,25,0.014348706432108725,24,0.025253254585015497,40
2012-09-28,0.01489541595873429,27,0.012707138952960923,20,0.025690761329576015,41
2012-10-01,0.017657255880314915,32,0.012693663169888382,20,0.025492754407601202,40
2012-10-02,0.01526793235647582,28,0.012620244416102754,20,0.02556008529305883,40
2012-10-03,0.015512050129169097,29,0.014402803327047874,24,0.025731048578847317,41
2012-10-04,0.019267502538475652,35,0.017661300155072168,30,0.026175764729259362,41
2012-10-05,0.017374011458303872,32,0.017723888904621125,30,0.024593066316081536,39
2012-10-08,0.018400547236317358,34,0.01782287408921317,31,0.022014509163066454,36
2012-10-09,0.019083366692832077,35,0.01661043824016019,29,0.021229471230813028,34
2012-10-10,0.017497421578488555,32,0.01576009886661861,27,0.01803988250669209,29
2012-10-11,0.009426268032250497,14,0.015475852096345645,27,0.018163029526190425,29
2012-10-12,0.01359092534133182,24,0.01675475765012188,29,0.015666885898957577,24
2012-10-15,0.02222916264762798,39,0.01932893498701579,33,0.017202765687302963,27
2012-10-16,0.021421322785678754,38,0.019130341385040106,33,0.01616022774884431,26
2012-10-17,0.021578632461238062,38,0.01858054258350265,32,0.016061361970834978,25
2012-10-18,0.020986398436673607,37,0.0155117608441165,27,0.016022790810367227,25
2012-10-19,0.015920172949566238,30,0.0151675610063403,26,0.015827637189440778,25
2012-10-22,0.005866237012433295,5,0.015341803598419676,26,0.01580135874692888,25
2012-10-23,0.011562845001459399,20,0.01671843689840582,29,0.016523357180138556,26
2012-10-24,0.011655698553650062,20,0.016864981564245256,29,0.01592023393311902,25
2012-10-25,0.011279277373526655,19,0.016406644211164757,28,0.015735474148177813,25
2012-10-26,0.011756946486584548,20,0.015075638142205703,26,0.01567080343184288,24
2012-10-31,0.015945665009306366,30,0.011928456356806408,18,0.015833005664549052,25
2012-11-01,0.024631477587863628,41,0.018934955479319462,32,0.018193998514361643,29
2012-11-02,0.023434503475421573,40,0.019000880894757394,32,0.01817329150190149,29
2012-11-05,0.023993335646991815,40,0.019557210795394374,33,0.018099070045294385,29
2012-11-06,0.019915646676187785,36,0.020057818138196935,34,0.017218364370678665,27
2012-11-07,0.04397904217964737,50,0.03124519713824319,46,0.02355661571094915,38
2012-11-08,0.03804246241050466,49,0.031220446016927045,46,0.023839531515014306,38
2012-11-09,0.03733452203687648,49,0.031159244943984882,46,0.023771140507052087,38
2012-11-12,0.037346857502357625,49,0.03106828699408854,46,0.02380161718431415,38
2012-11-13,0.03445391223267113,48,0.03078208833978479,46,0.023665339373664426,38
2012-11-14,0.019847046811502036,36,0.032233908458641304,47,0.02446619174543511,39
2012-11-15,0.01821977027967756,34,0.028120911792329575,43,0.023257522379848558,37
2012-11-16,0.018084793406053366,33,0.027668407451209406,43,0.023268231509691966,37
2012-11-19,0.02792756492138977,44,0.03147752931993452,46,0.025009164425768116,40
2012-11-20,0.027858316317195462,44,0.03114824341844702,46,0.02519672647734148,40
2012-11-21,0.014042605059597325,25,0.019914223133443598,34,0.025342414663222214,40
2012-11-23,0.01385246301554545,25,0.019696311584600893,34,0.025376619260196305,40
2012-11-26,0.016744724853189983,31,0.020064735009667874,34,0.024964221764189488,40
2012-11-27,0.014993627712077774,27,0.02114164113634942,35,0.02530930889670064,40
2012-11-28,0.014291551023020042,26,0.020974157589960084,35,0.025271238631458404,40
2012-11-29,0.013105330267138646,23,0.015206978307466762,26,0.025018414915039307,40
2012-11-30,0.011453971842206085,19,0.015300125846122642,26,0.024674201521453103,39
2012-12-03,0.011394916945210299,19,0.015914280477092365,27,0.022762782270431332,36
2012-12-04,0.007047700210025066,8,0.011073031161880758,16,0.022761154686767617,36
2012-12-05,0.023977378610730654,40,0.0195557625012118,33,0.025555983217829443,40
2012-12-06,0.02476684811160326,41,0.019614475134683805,33,0.025308223143987032,40
2012-12-07,0.02419917806591026,41,0.019793041977388105,34,0.01890578810678703,30
2012-12-10,0.024205127931028227,41,0.019758060444612924,34,0.01895339354212683,31
2012-12-11,0.02605559984414463,43,0.018363327220851565,31,0.01911765203518821,31
2012-12-12,0.010184565312403155,16,0.018356443013826298,31,0.0190079708761055,31
2012-12-13,0.011024049238951093,18,0.01897585081110728,32,0.019014797328008072,31
2012-12-14,0.007295282233211711,9,0.018959440205610485,32,0.0163679881940081,26
2012-12-17,0.01887283830646696,35,0.020822989595038054,35,0.017775638908902557,28
2012-12-18,0.019639847189983354,36,0.021841329342761086,37,0.01842932868713186,30
2012-12-19,0.024142053257575985,40,0.017974673986276106,31,0.017901494181505856,29
2012-12-20,0.022956787678837243,39,0.01907049623995518,33,0.01845856451054573,30
2012-12-21,0.02846846990890328,45,0.021013183090548213,35,0.019425901944901028,32
2012-12-24,0.02481489927313685,41,0.020861218458747312,35,0.019503956369550476,32
2012-12-26,0.02298305452398232,39,0.021198601785130774,36,0.019714432050334244,32
2012-12-27,0.02150645475368957,38,0.02176988815187822,36,0.01910928335721658,31
2012-12-28,0.017092293524720168,31,0.022012610467800304,37,0.019498070853533275,32
2012-12-31,0.016783133691400137,31,0.02240030338771572,37,0.01975519584864269,32
2013-01-02,0.020329496966277616,37,0.021895779006786666,37,0.020631613669688294,34
2013-01-03,0.020531219377134664,37,0.020652301022546272,35,0.020621491047029553,34
2013-01-04,0.019132158821824473,35,0.019442251114548795,33,0.020628269329789953,34
2013-01-07,0.01722392786517199,32,0.018081979749095253,31,0.01788400603553139,29
2013-01-08,0.018565003490164485,34,0.01668865624499099,29,0.018162694371464224,29
2013-01-09,0.02171198918537181,38,0.02342101236061828,39,0.021283865825719672,34
2013-01-10,0.028512030233059208,45,0.024013696428945318,40,0.021940443680524033,35
2013-01-11,0.02735125804480696,44,0.024362473969195553,40,0.022171456031907795,36
2013-01-14,0.02721142358452898,44,0.02461056621478905,40,0.02251695564205891,36
2013-01-15,0.028298191844692545,44,0.023640990595271832,39,0.02239324617435173,36
2013-01-16,0.01963307038294248,36,0.021299047798307897,36,0.02263897300996612,36
2013-01-17,0.023688409139386572,40,0.024894937814951036,41,0.023492012030701052,38
2013-01-18,0.02367414439177688,40,0.02411799240652083,40,0.02253370016442468,36
2013-01-22,0.02617026475045609,43,0.02555120282331666,41,0.022670311278433962,36
2013-01-23,0.02610482093487861,43,0.025800304965195572,41,0.021753514470914715,35
2013-01-24,0.024290573467023888,41,0.021510582396454172,36,0.021363430158335167,35
2013-01-25,0.011408405957334423,19,0.019104696209085743,33,0.021380431573561023,35
2013-01-28,0.011262032890955783,19,0.019059908653982854,32,0.020842541026214696,34
2013-01-29,0.008757445730486937,13,0.018537416721610196,32,0.02079718469838474,34
2013-01-30,0.009862615119143603,15,0.018616906324046015,32,0.020796788473733667,34
2013-01-31,0.008061075768129786,11,0.017063433641764044,29,0.020216409129736896,33
2013-02-01,0.018961270273819227,35,0.01492741725670007,25,0.020060816573258942,33
2013-02-04,0.020571902257697044,37,0.01594294270227449,27,0.020446785525206672,33
2013-02-05,0.025806589350164753,42,0.0183205349425171,31,0.021762884362277798,35
2013-02-06,0.0242904090867294,41,0.01831385346827155,31,0.021787445988149273,35
2013-02-07,0.024659323201423573,41,0.018585375038975834,32,0.02175906404499952,35
2013-02-08,0.02070560415610345,37,0.01872048514703143,32,0.01918353948115269,31
2013-02-11,0.01721527350259698,32,0.018206748290584582,31,0.01808211667376942,29
2013-02-12,0.01624606441649825,30,0.02033389860904908,34,0.01909243346871235,31
2013-02-13,0.01718864134061082,32,0.02005707974466919,34,0.018835791104642702,30
2013-02-14,0.016561148504491682,31,0.019932482737698584,34,0.018860437907038025,30
2013-02-15,0.016835277012297162,31,0.01789387804275499,31,0.01855944534882675,30
2013-02-19,0.017240687615967785,32,0.01625176298572164,28,0.01579020747361726,25
2013-02-20,0.016221148594488474,30,0.01686590300240358,29,0.01730238432922951,27
2013-02-21,0.01960138922553961,36,0.01945653967512102,33,0.018492892295119186,30
2013-02-22,0.02030918323213215,37,0.01950042528309028,33,0.018449746031798116,30
2013-02-25,0.022806616097012882,39,0.022078241820341904,37,0.01990393679743499,32
2013-02-26,0.02143804288426147,38,0.022120470473508798,37,0.019936607109998176,33
2013-02-27,0.023916965979039,40,0.0192749862302729,33,0.020129107116468016,33
2013-02-28,0.01994083132755725,36,0.019274313357001884,33,0.020163025473670226,33
2013-03-01,0.020747169264534637,37,0.02004596895714436,34,0.020189210357680763,33
2013-03-04,0.007987000982510362,11,0.020423767761023646,35,0.02019349716378764,33
2013-03-05,0.008332992363767215,11,0.02032307054335498,34,0.018869365323890528,30
2013-03-06,0.013823068173528807,25,0.021014675998298718,35,0.019601582907599942,32
2013-03-07,0.011698921631418249,20,0.018959077504983577,32,0.019114201903356557,31
2013-03-08,0.01911871857896529,35,0.02025861486016161,34,0.01946411845399685,32
2013-03-11,0.01908091242471309,35,0.014144357870946145,23,0.019408264314917184,32
2013-03-12,0.021988760026547687,39,0.015679387684391453,27,0.019535997274028,32
2013-03-13,0.01744682199617288,32,0.015479235412841475,27,0.01947756801751394,32
2013-03-14,0.010273712281124028,17,0.0148597735457191,25,0.0181219648059106,29
2013-03-15,0.018105986973697582,33,0.017708334647053518,30,0.01989158901130491,32
2013-03-18,0.01857364125502523,34,0.018031269194437694,31,0.019867588582016277,32
2013-03-19,0.01549797614647969,29,0.018026571400756218,31,0.019843195263083417,32
2013-03-20,0.015350088282950008,28,0.01624879536981312,28,0.01970962714950443,32
2013-03-21,0.01996562011834177,36,0.015880168326276218,27,0.018612339466512313,30
2013-03-22,0.010537647608980448,17,0.014650158307982417,25,0.01680066198634785,27
2013-03-25,0.011984868368028683,21,0.015529978011465996,27,0.01721910554417899,27
2013-03-26,0.00899787743742549,13,0.015359554387047301,26,0.014996729821226865,23
2013-03-27,0.0063431655779685354,6,0.01547072869214316,27,0.015102407521060457,23
2013-03-28,0.004822307829897536,3,0.015533671907552341,27,0.01500927844304264,23
2013-04-01,0.004386659904054861,2,0.008343634434150926,8,0.014908230712171148,23
2013-04-02,0.0035563384749555545,1,0.00837455097409063,8,0.01486646458757471,23
2013-04-03,0.011449284408604347,19,0.00971933925491443,12,0.016342525785238055,26
2013-04-04,0.01428566138739439,26,0.010635472709633382,15,0.01630424446592658,26
2013-04-05,0.014657123787574094,27,0.010398774569135802,14,0.01475808180412883,23
2013-04-08,0.018071554102501452,33,0.013049021692288918,21,0.01404660650626993,22
2013-04-09,0.018080300871136157,33,0.012663282897928433,20,0.013608295907468442,21
2013-04-10,0.007255904003304056,9,0.012444310647830428,20,0.013590154789795524,21
2013-04-11,0.008902061649163372,13,0.01244378407279108,20,0.01334860710364374,20
2013-04-12,0.010858432573027122,18,0.01267065927011396,20,0.01347735733525686,21
2013-04-15,0.008647279626938478,12,0.01360165532106595,22,0.013894660399260206,21
2013-04-16,0.01568957126311695,29,0.01597133894008628,27,0.012301498469910743,18
2013-04-17,0.025905172596774377,42,0.020417415701080747,35,0.015902116928318857,25
2013-04-18,0.026135868697337607,43,0.02098826615634668,35,0.0160173227389612,25
2013-04-19,0.03013492360922202,46,0.02220145801330433,37,0.016726429000661926,27
2013-04-22,0.03028088740318781,46,0.020994643575863507,35,0.01660125099419058,26
2013-04-23,0.031489917078860015,46,0.02353259765149773,39,0.018103079637580902,29
2013-04-24,0.02023962777371237,36,0.024407390006688935,40,0.018506902258923638,30
2013-04-25,0.009496474534078338,14,0.02456202434099892,40,0.018514673133094607,30
2013-04-26,0.012374623699401536,22,0.024358244739781224,40,0.01849017270556843,30
2013-04-29,0.014107480398382123,25,0.023650375060050174,39,0.01847943799501235,30
2013-04-30,0.01086428522274433,18,0.022514984910239583,37,0.018521893479187385,30
2013-05-01,0.008795632912366746,13,0.0162576573866936,28,0.018794421395469562,30
2013-05-02,0.0065423110565031506,7,0.013463818116395668,22,0.01766500633360532,28
2013-05-03,0.0074999974619904325,9,0.012696366143187515,20,0.01754615073186641,28
2013-05-06,0.02575628719204736,42,0.01963689556583473,33,0.020778151524112255,34
2013-05-07,0.02497636431086005,42,0.01840118345460814,32,0.02043971234426018,33
2013-05-08,0.021437035899037223,38,0.01786292026254693,31,0.020488686357158524,33
2013-05-09,0.02355709235118504,40,0.0183017196873153,31,0.020631157090434078,34
2013-05-10,0.0232792476533028,40,0.018245542578416134,31,0.02061589158630945,34
2013-05-13,0.007583207091558268,9,0.018238284545029803,31,0.020507688820998637,33
2013-05-14,0.013941602198435585,25,0.019128080429272887,33,0.020692484662174514,34
2013-05-15,0.013884079341139777,25,0.01751947548597552,30,0.02020557693021088,33
2013-05-16,0.013244772220448972,24,0.018194543222601497,31,0.016608982722409613,26
2013-05-17,0.013228493843997323,24,0.01816158811208689,31,0.015263809800052784,24
2013-05-20,0.01220800666399114,22,0.010179336584204843,14,0.015038876896874824,23
2013-05-21,0.006518817479780836,7,0.010633086206713105,15,0.015274447412927874,24
2013-05-22,0.007076413082646405,8,0.011286374846757964,16,0.014695895675367597,23
2013-05-23,0.007328578425775478,9,0.011191219112555616,16,0.014501720229455516,22
2013-05-24,0.006661652877708594,7,0.010981227156630273,16,0.014411426387002513,22
2013-05-28,0.007470694453124353,9,0.011017815409923637,16,0.014412978196936484,22
2013-05-29,0.00890300895392201,13,0.007371074041323516,6,0.014386379994564808,22
2013-05-30,0.012237340908509222,22,0.010715295559314882,15,0.01495154272543735,23
2013-05-31,0.013813037560957132,25,0.011459955589273482,17,0.014856062957796005,23
2013-06-03,0.015345447614717945,28,0.01184324536041527,18,0.015156706721419328,24
2013-06-04,0.017184157362327986,32,0.01256824925141744,20,0.015725115668668813,24
2013-06-05,0.01824423473786406,34,0.013941253343815272,23,0.012231693477787213,17
2013-06-06,0.010784406720265583,18,0.014085959457744974,23,0.01234246722610439,18
2013-06-07,0.014530063418277058,26,0.01453663319827267,24,0.012520248168675998,18
2013-06-10,0.014416364260346435,26,0.014713136796697392,25,0.01243468464174429,18
2013-06-11,0.014329794327830624,26,0.015050734832031992,26,0.01273895649885492,19
2013-06-12,0.011130557808602207,19,0.01452025352607051,24,0.01276384201888464,19
2013-06-13,0.011805500320077203,20,0.011764170239579739,18,0.011446496317921426,15
2013-06-14,0.00970085323507271,15,0.011651369829151796,17,0.011502958324725898,15
2013-06-17,0.011774749722236508,20,0.012469998670502094,20,0.011735892745248746,16
2013-06-18,0.009666335348001627,15,0.011928881010997951,18,0.011719895852866768,16
2013-06-19,0.009943511251289137,16,0.010032360648498991,13,0.011681240347027872,16
2013-06-20,0.01308635411588848,23,0.01204509612099127,19,0.0125837363894252,18
2013-06-21,0.013794524632621928,25,0.011259508068792685,16,0.012826179045091687,19
2013-06-24,0.01383885634294117,25,0.013863920259250224,23,0.01423178515546474,22
2013-06-25,0.023663590039860714,40,0.018052190609068472,31,0.01596420167072292,25
2013-06-26,0.024776754329590697,41,0.018338727297036242,31,0.01592753388000563,25
2013-06-27,0.025011449948699815,42,0.01916981359639086,33,0.01642884606253344,26
2013-06-28,0.024364486510490595,41,0.019221892595550218,33,0.015285596879496502,24
2013-07-01,0.01571509304237447,29,0.018921317534760097,32,0.015256494254856005,24
2013-07-02,0.01156899969658484,20,0.01878247230624453,32,0.015203385566508795,24
2013-07-03,0.01198561126199697,21,0.018771450888087102,32,0.014984105313088114,23
2013-07-05,0.01135126449512131,19,0.01832374206428771,31,0.014954713905391511,23
2013-07-08,0.010709181869868543,18,0.017843435971297998,31,0.015301420807118967,24
2013-07-09,0.011978041425807143,21,0.013182872112035811,21,0.01556548247833291,24
2013-07-10,0.014702178983184974,27,0.01261650413015986,20,0.015741204760299304,25
2013-07-11,0.012875840210028687,23,0.01270974859061298,20,0.01555166207284634,24
2013-07-12,0.013203463270859814,24,0.012757617072596398,20,0.015988492536716085,25
2013-07-15,0.012807243552719231,23,0.011204366518103625,16,0.01589843237302069,25
2013-07-16,0.01166542227595378,20,0.011291093567040564,16,0.015613613809067638,24
2013-07-17,0.010166806199639758,16,0.012392594714084645,20,0.016467605638081174,26
2013-07-18,0.0125402805947976,22,0.012612367876506703,20,0.017528748831618743,28
2013-07-19,0.014875699924202396,27,0.013349392000714727,22,0.017395341491822484,28
2013-07-22,0.014525763471151398,26,0.013254798602208882,21,0.01618004714763008,26
2013-07-23,0.014850378934302988,27,0.01337641041130266,22,0.015400650943656767,24
2013-07-24,0.017331183964864102,32,0.014055162081209195,23,0.013751492152737946,21
2013-07-25,0.010413213884624312,17,0.014059826935815799,23,0.012845143825767171,19
2013-07-26,0.010993234638841387,18,0.014372436129654699,24,0.013221878439636877,20
2013-07-29,0.01011663843582423,16,0.015829567386962815,27,0.013658698889609404,21
2013-07-30,0.009909686507481207,16,0.015891037037339583,27,0.013170066193851878,20
2013-07-31,0.009149757379196904,14,0.013592855119817707,22,0.01316996406468553,20
2013-08-01,0.014485955078656236,26,0.011899387025780939,18,0.013594070777735435,21
2013-08-02,0.014577815112744282,26,0.012208937974691907,19,0.013689509525877332,21
2013-08-05,0.012154713649821054,21,0.011618653193964316,17,0.01360917059497487,21
2013-08-06,0.013860594465979115,25,0.012005098062516185,19,0.013849429207311524,21
2013-08-07,0.014190989463489487,26,0.011260875336236965,16,0.013702329195219408,21
2013-08-08,0.006332885138191325,6,0.011045881000517873,16,0.013248152240669078,20
2013-08-09,0.006905752898655628,8,0.011346489372511146,16,0.013571280348331284,21
2013-08-12,0.0068989849610256995,8,0.010502011428366102,14,0.013071239529853257,20
2013-08-13,0.007859372324450902,10,0.01077981563094,15,0.013065298562316979,20
2013-08-14,0.0077408521261092475,10,0.010821437759615703,15,0.013094071898098544,20
2013-08-15,0.011224643283125342,19,0.008598213356514712,9,0.012506239738422499,18
2013-08-16,0.011293749018764145,19,0.009199569921325661,11,0.010403731679279249,12
2013-08-19,0.01405864397790469,25,0.010480894881636066,14,0.011093241325934767,14
2013-08-20,0.01465926633178321,27,0.01110703867405479,16,0.01099971396949026,14
2013-08-21,0.014281586151221496,26,0.011085315950488029,16,0.011042438474829601,14
2013-08-22,0.013267842129762227,24,0.012239908089797455,19,0.011249098069276866,15
2013-08-23,0.013181811707305436,24,0.011647282471155826,17,0.011078541475616542,14
2013-08-26,0.00840976068876836,12,0.011773398004280069,18,0.011048186061915514,14
2013-08-27,0.015473625659929774,28,0.014212701927776426,24,0.012044913513165756,17
2013-08-28,0.015254863530291615,28,0.0139337821517972,23,0.012049711722339306,17
2013-08-29,0.012042258893683199,21,0.012858734526649632,21,0.012001976184132505,17
2013-08-30,0.011739446401004074,20,0.012561886543832654,20,0.010507706032701018,13
2013-09-03,0.013646327331096608,24,0.011497327373061184,17,0.010756472455022334,13
2013-09-04,0.004752399009511829,2,0.011160798556453575,16,0.010855103527835447,14
2013-09-05,0.004581532774328286,2,0.011160562886692345,16,0.010689951632566043,13
2013-09-06,0.00495439239491334,3,0.009690417990811336,12,0.01057981873825647,13
2013-09-09,0.003989829155200694,1,0.010173593340103414,14,0.010678646822675582,13
2013-09-10,0.003931152779885033,1,0.010422196672759081,14,0.01057640484330494,13
2013-09-11,0.004062535185362319,1,0.004253134805812724,0,0.010557530955696405,13
2013-09-12,0.008381347377575626,12,0.006451991109169771,3,0.010794717853961563,14
2013-09-13,0.008310920531946089,11,0.0064657793177902295,4,0.01070188334552953,13
2013-09-16,0.00755500334175783,9,0.006138344160031157,3,0.009800247176120934,11
2013-09-17,0.006100836120410986,5,0.00572778520553829,2,0.009697479330916582,11
2013-09-18,0.00820185821042001,11,0.006399683031238513,3,0.008908923623835737,8
2013-09-19,0.006580132717863771,7,0.007105078473193586,5,0.008920340520017077,8
2013-09-20,0.008975728717753978,13,0.008259999259993487,8,0.009318759147504223,9
2013-09-23,0.012292855969529379,22,0.010138727178868809,13,0.00968001449517472,11
2013-09-24,0.01180590649605669,20,0.009328279661983536,11,0.009685553156941773,11
2013-09-25,0.00908896565473285,13,0.009392576381482966,11,0.009702459493826901,11
2013-09-26,0.009241094263090296,14,0.008965361699604534,10,0.00787137775865113,5
2013-09-27,0.009387995095884763,14,0.009391434664542569,11,0.008341157474953937,7
2013-09-30,0.005938775601633707,5,0.009105679484956887,10,0.008396110431690253,7
2013-10-01,0.008096965156956432,11,0.00973715556225665,12,0.008575639122135097,7
2013-10-02,0.010151746500953202,16,0.009768122581070047,12,0.008722369315817486,8
2013-10-03,0.010153625209532521,16,0.00972414279092072,12,0.008661981698888153,8
2013-10-04,0.007812065210166301,10,0.0096229197850954,12,0.008664086471741259,8
2013-10-07,0.011264680637584438,19,0.008895028822564372,10,0.009343172988944133,9
2013-10-08,0.011022930728984515,18,0.009119560243786533,10,0.009153730999021652,9
2013-10-09,0.01084205212633329,18,0.009958380713337343,13,0.009288384524277497,9
2013-10-10,0.017584100561578116,32,0.0137415608165749,23,0.011423992703272254,15
2013-10-11,0.017797748978339314,33,0.012957892160565547,21,0.01118697792065639,15
2013-10-14,0.014333934179933902,26,0.012794540773678219,20,0.011496568919686348,15
2013-10-15,0.014044183365611536,25,0.013234151712884595,21,0.011578117114874002,16
2013-10-16,0.015519574526966569,29,0.014460673590518173,24,0.012650605455199266,18
2013-10-17,0.011877332295653699,21,0.014214694523582582,24,0.012488687937106585,18
2013-10-18,0.011739206415325385,20,0.014374694863070494,24,0.012394447082930313,18
2013-10-21,0.012671924208346017,22,0.013063910718236179,21,0.012230375597906016,17
2013-10-22,0.011561454908148031,20,0.012312004620695653,19,0.01123739489418275,15
2013-10-23,0.010583679134972305,17,0.01483789033845042,25,0.012249349902675533,17
2013-10-24,0.008615658783815448,12,0.011874942684587051,18,0.012248226183493947,17
2013-10-25,0.010395554256059631,17,0.01201736205803447,19,0.012275432731899608,17
2013-10-28,0.010358195270457416,17,0.011421466188785033,17,0.011905531805518082,17
2013-10-29,0.010120087017643453,16,0.011302254553699802,16,0.011855036860364326,16
2013-10-30,0.0046030810919089294,2,0.008014269785346638,7,0.011775833692147023,16
2013-10-31,0.00771302095598435,10,0.007982704821380656,7,0.011956576753729927,17
2013-11-01,0.006951369439752041,8,0.00838487538663796,8,0.01194695788890979,17
2013-11-04,0.007283430539482126,9,0.008470328506402813,9,0.011925265073688705,17
2013-11-05,0.007569742642275336,9,0.008491084947219963,9,0.01142177845974542,15
2013-11-06,0.007686560933825432,10,0.006105735788457138,3,0.01123031257545513,15
2013-11-07,0.006759582258958141,7,0.00684029155071557,5,0.011300823310634147,15
2013-11-08,0.01951149496236695,36,0.014401862867872286,24,0.012603858617784802,18
2013-11-11,0.019441944737852403,35,0.014451917715318131,24,0.012630903897408763,18
2013-11-12,0.019082588511109708,35,0.014448410242180677,24,0.01246419019532832,18
2013-11-13,0.02025047847391236,37,0.01591104613209596,27,0.013240877700336589,20
2013-11-14,0.016547103421973745,30,0.014769690396789553,25,0.012530240877061425,18
2013-11-15,0.010023627953610309,16,0.014766742734149975,25,0.012572957943488198,18
2013-11-18,0.010688602524454284,18,0.014826231035270976,25,0.012556802047537835,18
2013-11-19,0.008823806435447142,13,0.014409844432952764,24,0.012967561577538929,19
2013-11-20,0.00897229332359092,13,0.01484762330653896,25,0.013030434030432492,19
2013-11-21,0.01379295918041506,25,0.014481329342209843,24,0.013205079944632974,20
2013-11-22,0.014190619377595087,26,0.011601729126763485,17,0.013103160123770817,20
2013-11-25,0.013156819756545356,23,0.011553443893717642,17,0.013166983280255404,20
2013-11-26,0.01279565627875645,23,0.010496235318617323,14,0.013067379469152153,20
2013-11-27,0.012599328855609139,22,0.010379335233516475,14,0.01297466300875846,19
2013-11-29,0.005361681580488681,4,0.010658371931140779,15,0.013013981388932146,19
2013-12-02,0.006588546395580597,7,0.011327794786963457,16,0.012504172061669854,18
2013-12-03,0.006114660583230968,5,0.012541522937166259,20,0.013092450633701175,20
2013-12-04,0.006566255228209025,7,0.011488219271173284,17,0.013067604845311949,20
2013-12-05,0.007855994590925394,10,0.012376562218462249,20,0.013356723813270414,20
2013-12-06,0.009913087951233445,16,0.008196266112002299,8,0.013360815438779736,20
2013-12-09,0.009977981160511318,16,0.008130750164211189,8,0.012842456959804384,19
2013-12-10,0.008233394910605847,11,0.007110990417004282,5,0.010643329331449338,13
2013-12-11,0.01136792903214955,19,0.0087981517600474,9,0.011843185057123009,16
2013-12-12,0.010544811584426581,17,0.008888079816248699,10,0.01170846390593654,16
2013-12-13,0.008676534969393065,12,0.008824661652630858,10,0.010940934092928557,14
2013-12-16,0.009217209984210956,14,0.009150725159574491,11,0.010768412125189022,13
2013-12-17,0.009070394570263995,13,0.008611538808137132,9,0.010705906802410622,13
2013-12-18,0.01590976060815269,29,0.014195624600520915,24,0.012861528298294784,19
2013-12-19,0.015650777905663573,29,0.01342131198267718,22,0.012317078180409712,18
2013-12-20,0.016653628899200353,31,0.013684260294330522,23,0.012505079103489882,18
2013-12-23,0.016628976457973416,31,0.01379171251643678,23,0.010774812300299209,14
2013-12-24,0.01606561251070621,30,0.013773008005127537,23,0.010755427729578463,13
2013-12-26,0.006081350840329164,5,0.011830463458980605,18,0.010494846708104515,13
2013-12-27,0.0057253965410083,4,0.011805479596878053,18,0.010444306611224929,13
2013-12-30,0.005277519384493987,3,0.012116692466245488,19,0.010567229758970773,13
2013-12-31,0.0042742053278730955,2,0.012104986486976724,19,0.010584379095881096,13
2014-01-02,0.01666016801178973,31,0.015455840888881493,27,0.012937943924431252,19
2014-01-03,0.016873477450828026,31,0.0130965727436488,21,0.013136862684935907,20
2014-01-06,0.016288317036287022,30,0.013514491905723467,22,0.013407572655123169,20
2014-01-07,0.01670943416920329,31,0.013524538213268876,22,0.013234995543846249,20
2014-01-08,0.016308497676646622,30,0.013527193448821893,22,0.01318840893193107,20
2014-01-09,0.011665187655766674,20,0.013706534920581952,23,0.013434168329060227,20
2014-01-10,0.0110811569288963,18,0.013738606146529268,23,0.013486174979339077,21
2014-01-13,0.01351220475808356,24,0.016208019156460505,28,0.013517081079198873,21
2014-01-14,0.016175101557754982,30,0.016185080228385388,28,0.013984569305636966,22
2014-01-15,0.018394817755698654,34,0.016675000052799385,29,0.014346130260134028,22
2014-01-16,0.018265226416438435,34,0.01477647740606887,25,0.014507564233023656,22
2014-01-17,0.01831526696045194,34,0.014290618478547115,24,0.014512877169086755,22
2014-01-21,0.01348806942997164,24,0.01372386114425345,23,0.0130419240033041,20
2014-01-22,0.011308199740800001,19,0.01317215911320939,21,0.013075464995934937,20
2014-01-23,0.009086881372892094,13,0.014713898769030065,25,0.013552132904778223,21
2014-01-24,0.013101705009272702,23,0.01597570992627632,28,0.014859986076048258,23
2014-01-27,0.012970055008159351,23,0.016099889295317405,28,0.015045924302955906,23
2014-01-28,0.02019239233619081,36,0.01705556135068017,29,0.015857728479762564,25
2014-01-29,0.019210926054341798,35,0.015757210848998636,27,0.015912195913344564,25
2014-01-30,0.01972078217880701,36,0.014656678672700115,25,0.01588969994275672,25
2014-01-31,0.01591313074909865,29,0.014943651865833647,25,0.016212903660121715,26
2014-02-03,0.019861496110846703,36,0.01650259850477148,28,0.01569570036244598,24
2014-02-04,0.014278706356019103,26,0.01650259850477148,28,0.015118672822670882,23
2014-02-05,0.014689162347620851,27,0.01616020180866596,28,0.014731064622439453,23
2014-02-06,0.015551762401223721,29,0.016858927188215925,29,0.01510017720100636,23
2014-02-07,0.015400220744740277,28,0.014836372022713294,25,0.015154556557236493,24
2014-02-10,0.008888752609045057,13,0.014649180572603039,25,0.014855193443419573,23
2014-02-11,0.008701278715752223,12,0.012548695314524115,20,0.014982700985134417,23
2014-02-12,0.010817127681990092,18,0.012799625892359837,20,0.014352432551103612,22
2014-02-13,0.007812587810851488,10,0.011748011871281003,18,0.013625910116250814,21
2014-02-14,0.006803797354526504,8,0.011291839770591878,16,0.012607670610559694,18
2014-02-18,0.00873407411584953,13,0.009199087713760908,11,0.012892941900707233,19
2014-02-19,0.0069437818786615224,8,0.010691168336022093,15,0.013282899132849309,20
2014-02-20,0.00948520121154659,14,0.010862320336024462,15,0.013402629786020023,20
2014-02-21,0.009401553996384515,14,0.008791998451181948,9,0.013204469186800074,20
2014-02-24,0.0131763852008075,24,0.0098906544465478,13,0.013266872357982256,20
2014-02-25,0.012697100167552516,23,0.010302761914922328,14,0.012399805518286918,18
2014-02-26,0.009677688990332521,15,0.009474949888264436,11,0.012255544841384353,17
2014-02-27,0.010222861918479076,17,0.010156358406941223,13,0.011020143160265337,14
2014-02-28,0.010091201094927706,16,0.010225340917952023,14,0.011025534031155847,14
2014-03-03,0.009873042364893786,15,0.010984410464901192,16,0.010814170637019964,14
2014-03-04,0.014797251117091565,27,0.013420629807853284,22,0.012218830578434457,17
2014-03-05,0.01827152439070564,34,0.01466842891751377,25,0.012720830504786918,19
2014-03-06,0.01843267057951103,34,0.014669544648213528,25,0.01272377209744326,19
2014-03-07,0.018881478923740133,35,0.01469898115756144,25,0.012754422247962385,19
2014-03-10,0.013937494689061261,25,0.014423042294820436,24,0.012356549849005015,18
2014-03-11,0.015715859535136517,29,0.014416969508530407,24,0.012635282604637836,18
2014-03-12,0.007597799764499306,9,0.014364373033342506,24,0.012527106896536758,18
2014-03-13,0.007458271933266059,9,0.014810543055594172,25,0.012523056724948158,18
2014-03-14,0.011139245361510751,19,0.016815992460755054,29,0.013288588368116193,20
2014-03-17,0.014811198444139787,27,0.016579723712390672,28,0.013870261936929416,21
2014-03-18,0.014555721756274667,26,0.014791841488358623,25,0.013858067571710443,21
2014-03-19,0.016149310834820352,30,0.011927275219043179,18,0.01367730555656467,21
2014-03-20,0.01857749977599122,34,0.014555001934152748,24,0.013947827741327782,21
2014-03-21,0.018221277354038543,34,0.016327363612802664,28,0.01496879341439734,23
2014-03-24,0.01911413696051346,35,0.01656547472402431,28,0.015276951853119442,24
2014-03-25,0.01983534802570666,36,0.01641488954224943,28,0.01526449721465117,24
2014-03-26,0.018199719599708248,34,0.016418644045003258,28,0.014978091523177917,23
2014-03-27,0.0065317605617561,7,0.016573927909331435,28,0.015209614789740594,24
2014-03-28,0.004539477331890441,2,0.015008572267942926,25,0.015124305482125115,23
2014-03-31,0.009194155433493474,14,0.014393294686160955,24,0.01532959272355453,24
2014-04-01,0.009032529368904633,13,0.014542713651034083,24,0.014934825264256688,23
2014-04-02,0.009662761301153603,15,0.013859573984653352,23,0.014061054754795669,22
2014-04-03,0.008442490912555825,12,0.009527816309747639,12,0.01236107096323692,18
2014-04-04,0.01483061600767866,27,0.010521560065671232,14,0.013403313418081046,20
2014-04-07,0.013271224421262282,24,0.011506583122223612,17,0.014006077040606133,22
2014-04-08,0.011845391323196893,20,0.011797943972016972,18,0.013870435592314932,21
2014-04-09,0.01537716633606529,28,0.012770533495141194,20,0.014032179354912501,22
2014-04-10,0.018297800216227494,34,0.015288193085162638,26,0.015316351893090677,24
2014-04-11,0.017759419417558688,33,0.016064022563157837,28,0.01582775414852855,25
2014-04-14,0.02012670411345658,36,0.016298116896276825,28,0.015810988915694303,25
2014-04-15,0.02399217370001907,40,0.018625727460221442,32,0.016244694516141925,26
2014-04-16,0.023823508951312754,40,0.018916801963027096,32,0.016444845607294954,26
2014-04-17,0.019558093818032002,36,0.019068860154307046,33,0.0159893279086484,25
2014-04-21,0.015722533031032736,29,0.017829357032066888,31,0.014322019004959467,22
2014-04-22,0.015390178354560307,28,0.017436907316340896,30,0.014368993872556435,22
2014-04-23,0.01055238002381031,17,0.017473750982306514,30,0.014376693775926467,22
2014-04-24,0.006390427193339234,6,0.017022061440619612,29,0.01430009549087732,22
2014-04-25,0.013567416425108513,24,0.015944278786511484,27,0.015047156217475766,23
2014-04-28,0.030301253232743467,46,0.02472495711035654,40,0.019833032879899036,32
2014-04-29,0.031948284263972525,47,0.025191965430354107,41,0.020579252352135993,33
2014-04-30,0.03074607136810395,46,0.023052239380745826,38,0.020167709312420477,33
2014-05-01,0.030594009297507548,46,0.022897017441318536,38,0.019923696995751177,32
2014-05-02,0.032059292879580745,47,0.023429380707874595,39,0.02026650803966315,33
2014-05-05,0.01275514719859585,23,0.02348558103868687,39,0.020300878612926045,33
2014-05-06,0.012281089020753342,22,0.023043217652043646,38,0.020216816492250184,33
2014-05-07,0.013316988653037423,24,0.02303202909561025,38,0.02005667197720652,33
2014-05-08,0.014613624470575582,26,0.02367508867455633,39,0.020193116329533068,33
2014-05-09,0.013224591825806398,24,0.023139369582613235,38,0.019954023755887132,33
2014-05-12,0.01803884111827483,33,0.01475908696780321,25,0.02000776491506648,33
2014-05-13,0.013091527528251604,23,0.01325897852972743,21,0.019543794968367743,32
2014-05-14,0.015043251651095768,27,0.013659996061432303,23,0.019282914373206717,31
2014-05-15,0.01647079285463749,30,0.014763891729963103,25,0.01848532463502958,30
2014-05-16,0.015900588674657115,29,0.013922569293408535,23,0.018338232871194925,29
2014-05-19,0.011584441452545152,20,0.014563564605788988,24,0.018623254685496683,30
2014-05-20,0.011598993153871865,20,0.01297526343326125,21,0.018655971754787403,30
2014-05-21,0.012099510128411893,21,0.013016384651252152,21,0.018397941223550235,30
2014-05-22,0.00825851513977585,11,0.012864428892662745,21,0.018454800958482967,30
2014-05-23,0.00787656723811408,10,0.012237278275353014,19,0.018483889354598337,30
2014-05-27,0.016139370461702735,30,0.014864180381154822,25,0.019764049123385714,32
2014-05-28,0.015087807125959453,28,0.014959464086981284,25,0.014117993928129234,22
2014-05-29,0.01546685818450874,28,0.014200727585070998,24,0.013453388746268152,20
2014-05-30,0.015890052070351126,29,0.012093616225923942,19,0.013375184672396933,20
2014-06-02,0.015625641347409177,29,0.011896544129706749,18,0.013457189385774424,20
2014-06-03,0.005049358117135609,3,0.011966448384019229,18,0.013282041425720231,20
2014-06-04,0.004186441398745665,1,0.011146752990832388,16,0.01303647141617294,19
2014-06-05,0.007333117534919012,9,0.01157586496680769,17,0.012175922296827906,17
2014-06-06,0.007356021472274221,9,0.011673426932251055,17,0.012293998893834358,18
2014-06-09,0.008688745292613589,12,0.01191969014524858,18,0.012576449156823759,18
2014-06-10,0.006664567227788033,7,0.0074245822679016886,6,0.012060017209935865,17
2014-06-11,0.015017913447572358,27,0.010616816554289346,15,0.012392639332985605,18
2014-06-12,0.015319594371303605,28,0.011491876751284668,17,0.012665006373377542,18
2014-06-13,0.014281216983586916,26,0.011461427884225385,17,0.012256687260183103,17
2014-06-16,0.010356145718675495,17,0.011866870511026901,18,0.0115974798988483,16
2014-06-17,0.01569977728677638,29,0.013348221922127422,22,0.012162114387717393,17
2014-06-18,0.012756521997706665,23,0.013321957192058325,22,0.012040089900720178,17
2014-06-19,0.011845227606068199,20,0.012943658278536701,21,0.011892587576866703,17
2014-06-20,0.012407680428628592,22,0.012657999745523157,20,0.012066025321593954,17
2014-06-23,0.011708027563570539,20,0.012149568166376372,19,0.012216641461015308,17
2014-06-24,0.009115433675939954,14,0.012194291257352856,19,0.012515843486041019,18
2014-06-25,0.008675480038926823,12,0.010414828497904764,14,0.010242699440195383,12
2014-06-26,0.008447843325053064,12,0.009874708654350701,13,0.010206139751830818,12
2014-06-27,0.008293990318616854,11,0.009990950934514624,13,0.010292291795057666,12
2014-06-30,0.004535942048385222,2,0.009418376062422672,11,0.010296797946954083,12
2014-07-01,0.008123928599643213,11,0.008263182594018868,8,0.01064990159174617,13
2014-07-02,0.01011452290948459,16,0.009657442992698773,12,0.011077319233725387,14
2014-07-03,0.009044887294866655,13,0.00971517391301379,12,0.011249490171823365,15
2014-07-07,0.009199241547193525,14,0.00962935618884056,12,0.011038763677373848,14
2014-07-08,0.016667937017522713,31,0.011984898045954361,18,0.012028865451771733,17
2014-07-09,0.015239631582514734,28,0.011535110147214494,17,0.01146546609868154,15
2014-07-10,0.012689707615100134,23,0.012049836881070062,19,0.011570083044213069,15
2014-07-11,0.009033043519289172,13,0.012050097684620356,19,0.010714888004640882,13
2014-07-14,0.013019200804029456,23,0.012500059185714528,20,0.010797257011910285,14
2014-07-15,0.010813177428287963,18,0.013245702862953937,21,0.011277095073960302,15
2014-07-16,0.01470414582730165,27,0.014131195531907,23,0.011859764727470194,16
2014-07-17,0.016728552604875078,31,0.014043648131531401,23,0.011803482151369159,16
2014-07-18,0.019373527378655105,35,0.015155685578299336,26,0.012568398245765212,18
2014-07-21,0.018463622423807006,34,0.015216510280888086,26,0.012501612204435224,18
2014-07-22,0.016300978136301835,30,0.013492954672013436,22,0.012415121759515573,18
2014-07-23,0.013847652737036913,25,0.0134822760859676,22,0.012106552376209043,17
2014-07-24,0.008038565747037455,11,0.01316060044559125,21,0.01199620896406788,17
2014-07-25,0.0031863373438162975,0,0.013090065417528116,21,0.012001606067040151,17
2014-07-28,0.004422074600351493,2,0.012657912781876484,20,0.012042713624176162,17
2014-07-29,0.006290890275962306,6,0.01166786399315012,17,0.012211564609314244,17
2014-07-30,0.010326516822522792,17,0.011520533930231955,17,0.01266818611101011,19
2014-07-31,0.013472625859942572,24,0.011760245019830329,18,0.013085136316303519,20
2014-08-01,0.014468015397137587,26,0.01099306567664025,16,0.012960589962615402,19
2014-08-04,0.015559074020437649,29,0.011170173505077962,16,0.012679635619892332,19
2014-08-05,0.015361610711066382,28,0.011119860883379752,16,0.012665163034107358,19
2014-08-06,0.014625348141377757,26,0.012302193665144463,19,0.012281120993022638,17
2014-08-07,0.011598392428898837,20,0.011960339725174525,18,0.012300580858476462,18
2014-08-08,0.00746758323266823,9,0.012258649522055926,19,0.012209368060417405,17
2014-08-11,0.007423883094716991,9,0.012250899450060415,19,0.01219371402101179,17
2014-08-12,0.007005793906434991,8,0.011875243426006588,18,0.011837190977949812,16
2014-08-13,0.003955214531757085,1,0.01050874965237339,14,0.011263124213583957,15
2014-08-14,0.002421509374362115,0,0.008216329017675472,8,0.01060597393107698,13
2014-08-15,0.004254133743400141,2,0.005900094230558698,2,0.009743149379457458,11
2014-08-18,0.007960841106658435,10,0.0072678475336116774,6,0.009388937075324464,10
2014-08-19,0.007889883623060074,10,0.007036760925047904,5,0.009377631211676687,10
2014-08-20,0.007903685679573651,10,0.006084145521257198,3,0.009433767786526931,10
2014-08-21,0.018716080446694296,34,0.013309228966590763,22,0.013030615324381515,19
2014-08-22,0.01772068830236762,33,0.013585470122825509,22,0.01301516401291161,19
2014-08-25,0.017630346890809508,32,0.013525524455856962,22,0.013110631575267217,20
2014-08-26,0.017286320998190826,32,0.013367240599397834,22,0.012983571022317552,19
2014-08-27,0.019288260935969748,35,0.014166029979262564,24,0.012876125545701063,19
2014-08-28,0.008543705616244592,12,0.015263106905581037,26,0.012883436165245015,19
2014-08-29,0.00907260228872651,13,0.01476333998194551,25,0.01181385480508011,16
2014-09-02,0.009445344723376803,14,0.014534872055486963,24,0.01098126804898861,14
2014-09-03,0.010262571966255235,17,0.015311282794852674,26,0.01142174320225658,15
2014-09-04,0.009892719638960741,16,0.015352700874594088,26,0.011339931296338023,15
2014-09-05,0.008526012270444956,12,0.008114682105906674,8,0.011268108148247356,15
2014-09-08,0.012615871175263258,22,0.010545243161023853,14,0.011771844374548342,16
2014-09-09,0.013400906996241588,24,0.01095223724311058,16,0.012309607087849214,18
2014-09-10,0.013718278620585382,25,0.011861734205113751,18,0.012520267539668707,18
2014-09-11,0.014204524879500994,26,0.012083915051428595,19,0.01264088884254225,18
2014-09-12,0.012892906979592483,23,0.011421436337403125,17,0.012789034105534938,19
2014-09-15,0.012106085837737401,21,0.011683654090225686,18,0.012897527112584635,19
2014-09-16,0.008577432064897444,12,0.011519944184124225,17,0.012739033626215594,19
2014-09-17,0.007773041780158748,10,0.010549844802746918,14,0.012506666587909753,18
2014-09-18,0.008681080075833566,12,0.011098237484350166,16,0.012741439080102205,19
2014-09-19,0.00856595683181482,12,0.01106420203934931,16,0.012928498736125338,19
2014-09-22,0.008145240716519675,11,0.009752181664828188,12,0.00978292952805219,11
2014-09-23,0.007765554439224085,10,0.00786714089827735,7,0.009736989310958441,11
2014-09-24,0.00791267571273005,10,0.007394878425788997,6,0.009664404541669079,11
2014-09-25,0.010660380159982793,18,0.010052312400643299,13,0.010771282806339136,13
2014-09-26,0.01183091475962425,20,0.009749890771839369,12,0.010716443970571374,13
2014-09-29,0.011659851897437495,20,0.009675002423010339,12,0.010256528585786243,12
2014-09-30,0.011705836434645954,20,0.009599950749032813,12,0.010246234608282967,12
2014-10-01,0.01209453664055601,21,0.010747805209756432,15,0.010645145551118507,13
2014-10-02,0.008873724972231175,13,0.0093464753531114,11,0.01028263924751447,12
2014-10-03,0.013631267397029983,24,0.012084240955602638,19,0.011332275308003362,15
2014-10-06,0.013548883265832378,24,0.012060687826570413,19,0.01117443077892466,15
2014-10-07,0.018231146993537107,34,0.014479351336032915,24,0.011978402717019988,17
2014-10-08,0.018025835406427698,33,0.015049899645974625,26,0.011802467632292781,16
2014-10-09,0.02377269537450222,40,0.01702384277677468,29,0.01363906804965703,21
2014-10-10,0.01818962417912704,34,0.01652914259858734,28,0.013436876897361444,20
2014-10-13,0.017683871420825597,33,0.01652113566142978,28,0.013107926648570318,20
2014-10-14,0.017278508604368786,32,0.016789720178209847,29,0.013223684279696378,20
2014-10-15,0.02167644770927896,38,0.02152274567646307,36,0.016536597190171462,26
2014-10-16,0.024856431340819073,41,0.022975139100770797,38,0.01723933338798489,27
2014-10-17,0.025618661430738404,42,0.021214955682512616,36,0.016907440842703764,27
2014-10-20,0.025723173211548347,42,0.021337566878245368,36,0.016930667710863708,27
2014-10-21,0.027534951048419545,44,0.02186152956312051,37,0.01759967528233792,28
2014-10-22,0.013639579741391785,24,0.021341225942511158,36,0.017751318141930976,28
2014-10-23,0.012229936866381465,22,0.019593718846551766,33,0.017898734577452845,29
2014-10-24,0.01220722863452315,21,0.01954417549974502,33,0.01751507055221014,28
2014-10-27,0.013781208351128036,25,0.019673109600992167,34,0.017403320960488647,28
2014-10-28,0.011584083922955244,20,0.019924623153672102,34,0.01766023779844741,28
2014-10-29,0.008600251969061997,12,0.010761230730470809,15,0.0178383553546096,29
2014-10-30,0.008269061089995413,11,0.009865515807078782,13,0.01757301518686577,28
2014-10-31,0.0082963676258932,11,0.00985493797013096,13,0.017628045129553682,28
2014-11-03,0.004097573410800479,1,0.009810817720807536,12,0.016858601707386858,27
2014-11-04,0.005644231430914363,4,0.008682884056584813,9,0.0168764854958487,27
2014-11-05,0.0047478463883816316,2,0.006740791263384838,4,0.01604636729390534,25
2014-11-06,0.004886309387015779,3,0.006439784404740238,3,0.015775765989991083,25
2014-11-07,0.00459451912694056,2,0.006505474663347105,4,0.014008844610679281,22
2014-11-10,0.004001336184028215,1,0.005277010902420947,1,0.013867786407368802,21
2014-11-11,0.003834163484356489,1,0.004921824912354401,1,0.013821301432070552,21
2014-11-12,0.0016798806222815058,0,0.0041635972041155975,0,0.013811050203434738,21
2014-11-13,0.0019327048156907696,0,0.004537523524188713,0,0.008488358365818481,7
2014-11-14,0.002072852446236092,0,0.00422985764449162,0,0.007852963966591464,5
2014-11-17,0.0011334155189223964,0,0.0036165995625160458,0,0.00786892912387106,5
2014-11-18,0.0030140151357230657,0,0.0037034560336813745,0,0.007868465913806256,5
2014-11-19,0.003208064363583129,0,0.0026545792401074875,0,0.006788611434749327,2
2014-11-20,0.0031594223865996527,0,0.002519138408072926,0,0.006175971935770586,1
2014-11-21,0.00501998908670233,3,0.003822034589562242,0,0.005833010466978466,0
2014-11-24,0.004979850259263043,3,0.0040916547714588344,0,0.005704883544182103,0
2014-11-25,0.005406254042755533,4,0.004214710599569439,0,0.005493267098103481,0
2014-11-26,0.004866593131189905,3,0.004249991899168086,0,0.0048573453819685634,0
2014-11-28,0.004993010447706939,3,0.004253364386279551,0,0.004339291307862356,0
2014-12-01,0.006920403735381664,8,0.006014231716641495,2,0.005373832497757469,0
2014-12-02,0.013354353093037343,24,0.009527950533257258,12,0.007029293314448314,3
2014-12-03,0.013533141129564632,24,0.009822168675867883,12,0.007119114014281266,3
2014-12-04,0.013892798783589127,25,0.009819619609054746,12,0.00715224876074082,3
2014-12-05,0.01750610337919031,32,0.012691151893233573,20,0.009198669748338327,9
2014-12-08,0.013887836912079777,25,0.012736127325093133,20,0.009209833396905752,9
2014-12-09,0.013706830261101503,25,0.013036742614886089,21,0.009318407755277822,9
2014-12-10,0.014994066219403964,27,0.013479293972870345,22,0.009613834397030447,10
2014-12-11,0.014691420291541208,27,0.013515043291870983,22,0.00965093346558469,11
2014-12-12,0.009323533955549369,14,0.01508823455812751,26,0.010582369501779532,13
2014-12-15,0.009703902574858047,15,0.01528488066365026,26,0.011121455944246364,14
2014-12-16,0.009553351045510678,15,0.013516802802647955,22,0.011192052729923579,15
2014-12-17,0.021024051143474734,37,0.017259417603569416,30,0.0133411568462211,20
2014-12-18,0.022301047250141152,39,0.017841452660142632,31,0.013736894515937051,21
2014-12-19,0.019186510718071797,35,0.0155788498478019,27,0.013695406163059346,21
2014-12-22,0.014919604732594181,27,0.01566351452992541,27,0.013662689379356479,21
2014-12-23,0.011153013294875058,19,0.01592852757437288,27,0.013810561350895431,21
2014-12-24,0.005510690198620566,4,0.015317984434182716,26,0.013808306454212105,21
2014-12-26,0.004608964168649923,2,0.015342632761776777,26,0.013728845264463224,21
2014-12-29,0.004708177439547147,2,0.013171395131889394,21,0.013759492591798723,21
2014-12-30,0.0051163610543744405,3,0.010891181762946175,15,0.013675881059652777,21
2014-12-31,0.007674891682515812,10,0.011841417755352746,18,0.013586303799642483,21
2015-01-02,0.007504528426835818,9,0.007840231072470207,7,0.01292596849271797,19
2015-01-05,0.014576757205063882,26,0.011931275121777163,18,0.014509795650308887,22
2015-01-06,0.01517042333173618,28,0.014800383377856163,25,0.0159241193901995,25
2015-01-07,0.01613954977483189,30,0.014775179245062248,25,0.01463782342428604,23
2015-01-08,0.022197642408942838,39,0.01599297525747667,28,0.015447487752470939,24
2015-01-09,0.022246618002655583,39,0.016422281045785338,28,0.015863166723177707,25
2015-01-12,0.020349549151259236,37,0.01670280993368204,29,0.01614827149390886,26
2015-01-13,0.017015741401234664,31,0.015970560618052635,27,0.01626661233241457,26
2015-01-14,0.018001372301107876,33,0.016178538059830366,28,0.01658794814485097,26
2015-01-15,0.015636085555991903,29,0.020619260080166065,35,0.0196226875322584,32
2015-01-16,0.023065267412495625,39,0.021893490201704877,37,0.019934548317722737,33
2015-01-20,0.023662745504549533,40,0.021386332454570285,36,0.018146509769364463,29
2015-01-21,0.026725207083239808,43,0.02152690333103416,36,0.01784668818992316,29
2015-01-22,0.03528855631567484,48,0.027138938883777015,43,0.020837130772903042,34
2015-01-23,0.024958731969978998,41,0.02604246186225684,42,0.021090835069783317,34
2015-01-26,0.02483043013274113,41,0.026332803472580765,42,0.02091329982234447,34
2015-01-27,0.025821277747894115,42,0.02618192229394981,42,0.02089351457806877,34
2015-01-28,0.029268954951881417,45,0.02697318684208722,42,0.02132759041159343,35
2015-01-29,0.018714993712842694,34,0.027079293451743897,42,0.02167197594282786,35
2015-01-30,0.01799627634191024,33,0.02188706287516425,37,0.021702601663234174,35
2015-02-02,0.021282701510881397,38,0.022569429962685832,38,0.022547878257427944,36
2015-02-03,0.0247205010060727,41,0.023844669293702155,39,0.023738606852684165,38
2015-02-04,0.019277365640903543,35,0.023974572525427996,39,0.02311560976092886,37
2015-02-05,0.01899235803306539,35,0.019508142339352608,33,0.022578428419320524,36
2015-02-06,0.015369052358814387,28,0.020402425004100957,34,0.02379758629506459,38
2015-02-09,0.01888030455831595,35,0.020797246752377818,35,0.023315543792788856,37
2015-02-10,0.016555141715737524,31,0.01990360402936992,34,0.02307838538876499,37
2015-02-11,0.01607267371458485,30,0.016735239468973834,29,0.02278341812392722,36
2015-02-12,0.016896923655397057,31,0.01697035920503588,29,0.022960511245579542,37
2015-02-13,0.010776810743986424,18,0.014999748921721463,25,0.022221677393869356,36
2015-02-17,0.009301920413579346,14,0.014645641039445769,25,0.01843191626733388,30
2015-02-18,0.013882854663863364,25,0.015020230523351621,25,0.019082095542158305,31
2015-02-19,0.013983780515448529,25,0.01497106495206347,25,0.019024282866355983,31
2015-02-20,0.011056395749151692,18,0.01491503182304269,25,0.01903653809173321,31
2015-02-23,0.011562876532513183,20,0.011069061236186355,16,0.016757797199872665,27
2015-02-24,0.013554621816832523,24,0.011464958235739337,17,0.01605501757309218,25
2015-02-25,0.010023970746836683,16,0.011585443000219346,17,0.016040388330552054,25
2015-02-26,0.01676413089560195,31,0.014554348980250624,24,0.016945856722031163,27
2015-02-27,0.01579199484318445,29,0.012983799565315252,21,0.016043102255643846,25
2015-03-02,0.017706119793044626,33,0.014169929759345496,24,0.015950402092250463,25
2015-03-03,0.016399783280974287,30,0.014196619065917362,24,0.015277731663888022,24
2015-03-04,0.015460585136210469,28,0.013424666744005083,22,0.015066341390365615,23
2015-03-05,0.012506994706463454,22,0.013967816190508209,23,0.013960986380678404,21
2015-03-06,0.010907306439161405,18,0.014305550024337262,24,0.014162669976692889,22
2015-03-09,0.010474716199433912,17,0.013897965042625502,23,0.014001845839207647,22
2015-03-10,0.015509022467716939,29,0.015057749342972396,26,0.012923497942149493,19
2015-03-11,0.017335523977432873,32,0.016614332539733143,29,0.013699758584123735,21
2015-03-12,0.016995690520128493,31,0.014095416569184688,23,0.013654014365222891,21
2015-03-13,0.015512839852516386,29,0.01312528636202455,21,0.013640133455030162,21
2015-03-16,0.01557164576159543,29,0.01257677568707846,20,0.012907623187891123,19
2015-03-17,0.009382805137461429,14,0.012611486545711427,20,0.01290077399291705,19
2015-03-18,0.0034488613672525527,1,0.012088683740956483,19,0.012937834759154304,19
2015-03-19,0.010190208732207254,16,0.01375033395520145,23,0.013186235608134788,20
2015-03-20,0.013836137195753417,25,0.013881498154907978,23,0.013646593750211019,21
2015-03-23,0.013558587736731655,24,0.013982680713044964,23,0.013453588237188114,20
2015-03-24,0.013493835872348888,24,0.012106999453596699,19,0.013346078191854963,20
2015-03-25,0.013850158235175465,25,0.00995434369509838,13,0.013220105659984476,20
2015-03-26,0.010714662108152362,18,0.010038327463596296,13,0.013066732619076515,20
2015-03-27,0.004805803729749108,3,0.009959965444661538,13,0.011888892365972462,17
2015-03-30,0.010258302059471818,17,0.011413870079310539,17,0.01202601774286401,17
2015-03-31,0.01042606721359405,17,0.011490772164014165,17,0.011720554730765158,16
2015-04-01,0.008821827101527204,13,0.01158505411332073,17,0.011712188244909615,16
2015-04-02,0.00961032988315245,15,0.009823038886434477,12,0.011651944237532259,16
2015-04-06,0.008664991112588012,12,0.00825804220265744,8,0.01137940723881542,15
2015-04-07,0.006210022013235227,6,0.008047792317170805,7,0.010838086762115827,14
2015-04-08,0.005922573550941279,5,0.008530156089213134,9,0.01114241139452324,14
2015-04-09,0.006026299977946513,5,0.007405429959387944,6,0.01006481718066663,12
2015-04-10,0.005541457580540796,4,0.007405673747807224,6,0.008915595401604949,8
2015-04-13,0.005064646727148957,3,0.006715799116701435,4,0.009018014347888664,9
2015-04-14,0.0037536717565815605,1,0.005607052718146144,2,0.0090280425176535,9
2015-04-15,0.007028299446982129,8,0.006262203739264974,3,0.009281649521669016,9
2015-04-16,0.007809153194970978,10,0.00674389956166006,4,0.00958206808175911,10
2015-04-17,0.010501460219392484,17,0.008236531140987286,8,0.009964284739620225,11
2015-04-20,0.009923459862175282,16,0.008204122046283135,8,0.008605664791348958,7
2015-04-21,0.009651171989820212,15,0.008276382607848083,8,0.007947688680311829,6
2015-04-22,0.011786369125172487,20,0.009161580363272493,11,0.008563270926414764,7
2015-04-23,0.01089918314594846,18,0.009017921116705543,10,0.008444803402354496,7
2015-04-24,0.008292662024601681,11,0.009064584967040632,10,0.007945256961241414,6
2015-04-27,0.008751071266417096,13,0.008942395824503097,10,0.008047313135104867,6
2015-04-28,0.00866673574874069,12,0.009207520199381014,11,0.007930601551514847,6
2015-04-29,0.01092147269804598,18,0.01075185237470528,15,0.008648480095755987,8
2015-04-30,0.010914660395911551,18,0.01053109381398893,14,0.008423957391795469,7
2015-05-01,0.01075415120591288,18,0.009419151446996399,11,0.008680275512296498,8
2015-05-04,0.010229233367405678,17,0.01074268044858625,15,0.009477806490993505,10
2015-05-05,0.012646778049777546,22,0.010847835102063141,15,0.009595703857949209,10
2015-05-06,0.011449596506626889,19,0.010557691401176331,14,0.009609624603318578,10
2015-05-07,0.011440482677182862,19,0.010550218057099905,14,0.009537350292470785,10
2015-05-08,0.011723569981899851,20,0.010645742145526237,15,0.009793350389295909,11
2015-05-11,0.007483290498228827,9,0.010093293107197648,13,0.009786489786917596,11
2015-05-12,0.007146353132982068,8,0.01053222155538981,14,0.009848367778649881,11
2015-05-13,0.006654271111035637,7,0.008873068251977052,10,0.009847850545986038,11
2015-05-14,0.005966090879903507,5,0.008605423873645341,9,0.009361664943634707,10
2015-05-15,0.005764668102256283,5,0.009170209148260883,11,0.009626366595718536,10
2015-05-18,0.0075777682468793645,9,0.00710258767413341,5,0.009015702105720249,9
2015-05-19,0.009733853062478252,15,0.00821930385008237,8,0.009422957467831571,10
2015-05-20,0.010095677436416609,16,0.008081015011673976,7,0.009324911528124985,9
2015-05-21,0.010248858973715037,17,0.00791913755984209,7,0.008963202210278198,9
2015-05-22,0.007586722554169666,9,0.00711332328276967,5,0.00886408429312684,8
2015-05-26,0.01090557558745327,18,0.00885503013573068,10,0.009621751924608278,10
2015-05-27,0.010474131595113331,17,0.009817679043976959,12,0.00978897434140726,11
2015-05-28,0.01061210402049143,17,0.00999996349084343,13,0.009915102736840677,11
2015-05-29,0.011406727948081046,19,0.010595690560059257,15,0.009408154874024667,10
2015-06-01,0.011591906792763689,20,0.009988014272285618,13,0.009350235347689119,10
2015-06-02,0.010142376746703265,16,0.010035170156780088,13,0.009300934528050609,9
2015-06-03,0.009585905820635067,15,0.009565137409382361,12,0.008643000496952073,8
2015-06-04,0.010555599615830002,17,0.01004292783328728,13,0.00880832110032331,8
2015-06-05,0.01229400637305697,22,0.012594190781798152,20,0.0100649590304761,12
2015-06-08,0.013917962692721279,25,0.012925464656803474,21,0.010184454183285122,12
2015-06-09,0.014210271582119191,26,0.011862306037055783,18,0.010212604521408526,12
2015-06-10,0.014646696233718498,26,0.012020241452416378,19,0.01064083030392922,13
2015-06-11,0.013789583269562948,25,0.01215688254568445,19,0.01071506372581304,13
2015-06-12,0.010660668208667103,18,0.011136462202887745,16,0.010735048568435197,13
2015-06-15,0.009650451445838428,15,0.011332428451741832,16,0.010771474436355384,13
2015-06-16,0.00832855489258913,11,0.011207368971565315,16,0.010354018187883002,12
2015-06-17,0.005668171613825344,4,0.011785167440262975,18,0.010658031389728545,13
2015-06-18,0.005477292923971119,4,0.011121988997453954,16,0.010218459309767159,12
2015-06-19,0.007187081697361536,8,0.009368930308911812,11,0.010635232556402875,13
2015-06-22,0.01201828243452206,21,0.010546295221196291,14,0.011193589758950165,15
2015-06-23,0.013015567701822264,23,0.010326135935785463,14,0.011373282749992027,15
2015-06-24,0.0129999587434811,23,0.009680707161284602,12,0.011050389393023202,14
2015-06-25,0.013538597222177217,24,0.00975715853874782,12,0.010902618573332502,14
2015-06-26,0.011750550761513533,20,0.009801161772996902,12,0.010815709142519076,14
2015-06-29,0.01548644559030092,28,0.013535899134147778,22,0.01263505248036046,18
2015-06-30,0.014447501583512554,26,0.0137710815338636,23,0.012709866281406076,19
2015-07-01,0.016559910978431427,31,0.014229174243700555,24,0.012765394930048928,19
2015-07-02,0.016904945693209213,31,0.014576079567258074,24,0.012779898478370195,19
2015-07-06,0.016553672135469613,30,0.014204048023359709,24,0.012674332914969505,19
2015-07-07,0.011594701168905222,20,0.013095581440770233,21,0.011836066531388127,16
2015-07-08,0.013991729924335578,25,0.013439953393764826,22,0.013006774754222827,19
2015-07-09,0.014900357520616338,27,0.015147920757939998,26,0.013049226420422229,20
2015-07-10,0.017662243224355556,32,0.016299060213292672,28,0.012862883791775625,19
2015-07-13,0.02032470096668145,37,0.017803516312593994,30,0.01366254645958523,21
2015-07-14,0.01829768582311967,34,0.014997691254142242,25,0.013763513753308575,21
2015-07-15,0.00955707906518264,15,0.017834226684391923,31,0.01553289510278149,24
2015-07-16,0.009485292619472249,14,0.01803880637942796,31,0.015839178218349508,25
2015-07-17,0.010234534325863465,17,0.01723066109309752,30,0.015686475795121335,24
2015-07-20,0.011994406821787,21,0.016870264032070318,29,0.015684363692386964,24
2015-07-21,0.013629739991670105,24,0.015491800551017952,27,0.01538285931120128,24
2015-07-22,0.009464598007451612,14,0.01001183898144155,13,0.015540797250990506,24
2015-07-23,0.012986949293918006,23,0.013213442244496477,21,0.015847383569106258,25
2015-07-24,0.014607142300476878,26,0.015345929552392836,26,0.016078437756062474,25
2015-07-27,0.01515614077390175,28,0.015872710771621022,27,0.01628087850952945,26
2015-07-28,0.016987561024039904,31,0.0160626655660789,28,0.016454261019617833,26
2015-07-29,0.015458639545151313,28,0.01355825602967493,22,0.015069778773916173,23
2015-07-30,0.01405704429134713,25,0.012862058417892444,21,0.015079742396401538,23
2015-07-31,0.013641299750065377,24,0.013365255710619223,22,0.015375959677654844,24
2015-08-03,0.012350264040763429,22,0.01342657857276374,22,0.015206538142753507,24
2015-08-04,0.010899569407641418,18,0.013472063231199581,22,0.015112202217207056,23
2015-08-05,0.0070358572841520495,8,0.011323187959634589,16,0.014588169676449565,22
2015-08-06,0.006983525512023223,8,0.010587995021737058,15,0.013024549959736117,19
2015-08-07,0.004130730863684852,1,0.009526759923342605,12,0.012933101967769046,19
2015-08-10,0.00808492876029763,11,0.00988935785457501,13,0.013061314103318964,20
2015-08-11,0.011147266719541608,19,0.010401891664921793,14,0.013102320428628193,20
2015-08-12,0.01261436421743911,22,0.009636117505442424,12,0.013591349687168599,21
2015-08-13,0.013339701230805917,24,0.010067699485727109,13,0.011671011590597784,16
2015-08-14,0.013613545426097013,24,0.009497827770785786,11,0.011189456441252599,15
2015-08-17,0.010573834995203302,17,0.009422648235957606,11,0.011053531953347547,14
2015-08-18,0.008852212298137546,13,0.009505306829840592,11,0.011072469368972227,14
2015-08-19,0.007999469616890468,11,0.010101975979301705,13,0.01137364827462917,15
2015-08-20,0.01932382077105455,35,0.016240554719291304,28,0.013370956052506067,20
2015-08-21,0.02028537643583613,37,0.018878203712435086,32,0.015010652041643086,23
2015-08-24,0.019707884784085045,36,0.02042606521473588,35,0.017814480308206107,29
2015-08-25,0.020527563956297654,37,0.02091879198059995,35,0.017804021975112723,28
2015-08-26,0.04241632502448631,50,0.02987067205509321,45,0.02170275494448044,35
2015-08-27,0.04237634390971717,50,0.03130849259016504,46,0.022146960635874107,36
2015-08-28,0.038062717176829325,49,0.03108155860897349,46,0.02213745115766649,36
2015-08-31,0.024553337863181403,41,0.030913950754099386,46,0.022047596404418432,36
2015-09-01,0.03669601312851368,48,0.03316932935340699,47,0.023919809961741305,38
2015-09-02,0.027485145463509244,44,0.034442670916996626,48,0.024408717462908094,39
2015-09-03,0.024217424948135398,41,0.03258425047273501,47,0.024444408140503963,39
2015-09-04,0.02479907240952327,41,0.03097992489314199,46,0.024604138085883694,39
2015-09-08,0.031113772779027108,46,0.027646283633423488,43,0.025996978507670025,41
2015-09-09,0.02175738407683891,38,0.028441746112308187,44,0.025681225663398286,41
2015-09-10,0.020789911665302068,37,0.023118391921029813,38,0.02579628792042015,41
2015-09-11,0.020731847494041583,37,0.021602164552073505,36,0.025697568933972518,41
2015-09-14,0.01830766263202136,34,0.0216038326662081,36,0.02560390900747873,41
2015-09-15,0.014348557852940706,26,0.022927451160520074,38,0.026181753394334355,41
2015-09-16,0.010479864773959997,17,0.01611089608338349,28,0.026149350900815292,41
2015-09-17,0.018118622260841686,33,0.01854958302400146,32,0.026717663322998676,42
2015-09-18,0.01948766368464048,36,0.01935790154523975,33,0.02683882621699916,42
2015-09-21,0.02062292270746869,37,0.018769044426587646,32,0.025585377999674138,40
2015-09-22,0.015153452325126047,28,0.01508891612360181,26,0.0243932813684445,39
2015-09-23,0.016952516944769857,31,0.014916656566735723,25,0.021734848069739,35
2015-09-24,0.01266852925512286,22,0.014767789248524706,25,0.021891561493101647,35
2015-09-25,0.013654169676118447,25,0.01674717070441421,29,0.019155671684716522,31
2015-09-28,0.018812770475000615,35,0.018610424001238766,32,0.01913758386538143,31
2015-09-29,0.018776118070234986,34,0.016440740224595858,28,0.01916419997577837,31
2015-09-30,0.019780314613612838,36,0.017637741764874842,30,0.01955548713523648,32
2015-10-01,0.01913761740543594,35,0.01544673255818413,26,0.016702876696668312,27
2015-10-02,0.015007810655330502,27,0.014653520674232387,25,0.01637558845782667,26
2015-10-05,0.013892273004325006,25,0.01587865390691643,27,0.01697795892645251,27
2015-10-06,0.012793645568822034,23,0.015609620243657734,27,0.016493420205415728,26
2015-10-07,0.011394915070810243,19,0.015353528658836931,26,0.014778959566672167,23
2015-10-08,0.011251229150956825,19,0.014856782004930088,25,0.014375614470907417,22
2015-10-09,0.011209550687481987,19,0.013367892788095964,22,0.014387544439403935,22
2015-10-12,0.00553489350401487,4,0.010321284986081675,14,0.014394876591670276,22
2015-10-13,0.00553489350401487,4,0.009926543916106872,13,0.014375056941310771,22
2015-10-14,0.006737204029009723,7,0.009027499920408284,10,0.013540930431069556,21
2015-10-15,0.017805405654712742,33,0.014132752073216681,23,0.01577489604716053,25
2015-10-16,0.016498704069427203,30,0.013490033896181624,22,0.014410159397087778,22
2015-10-19,0.01580846573058991,29,0.012376365694024151,19,0.013678920170596395,21
2015-10-20,0.015423044610522404,28,0.012335360983177437,19,0.013588874163661634,21
2015-10-21,0.019709882110594778,36,0.01411861403631808,23,0.014133140259887633,22
2015-10-22,0.012687726907570192,23,0.014909950944801414,25,0.014409455507759128,22
2015-10-23,0.015781889015477307,29,0.015254950822453598,26,0.014809222530814186,23
2015-10-26,0.015913271548002733,29,0.015055782387683783,26,0.014175438687275376,22
2015-10-27,0.01672104686522128,31,0.015506417872789292,27,0.012786926902048228,19
2015-10-28,0.023674799534733903,40,0.021742797011286643,36,0.01667056298010983,27
2015-10-29,0.02681392644667735,43,0.02073744473763423,35,0.01691597567068264,27
2015-10-30,0.0287852960063343,45,0.021900658659514072,37,0.017583094311369226,28
2015-11-02,0.029211685774263703,45,0.02220871747331994,37,0.01746039137766135,28
2015-11-03,0.02824704396848179,44,0.022199304464386792,37,0.017125914028049527,27
2015-11-04,0.014395215146438598,26,0.021285026223233198,36,0.01738906026766382,28
2015-11-05,0.01605007374165464,30,0.021351699886530063,36,0.017641651599286275,28
2015-11-06,0.017082240681303297,31,0.022957721276379486,38,0.01895042392051581,31
2015-11-09,0.021108163522600903,38,0.02402770303181066,40,0.019164756172835633,31
2015-11-10,0.021130325143150337,38,0.023536181294441405,39,0.019036087720743392,31
2015-11-11,0.02029951493337567,37,0.017713698257003432,30,0.0191756680938294,31
2015-11-12,0.02329857606626851,40,0.018883958893759933,32,0.020119721635423773,33
2015-11-13,0.011700729707948701,20,0.018072015200145588,31,0.019139385689669358,31
2015-11-16,0.014305734611704923,26,0.017813940775872852,31,0.01918764165718138,31
2015-11-17,0.012742062855458926,23,0.01775115153233341,30,0.01920429475153177,31
2015-11-18,0.018083304135217422,33,0.01855832066835613,32,0.019708150466386493,32
2015-11-19,0.014636309788595498,26,0.018403748880910877,32,0.019228050125539527,31
2015-11-20,0.01321507162041377,24,0.013803803430599983,23,0.019120190226384833,31
2015-11-23,0.013784238952149749,25,0.013357450772910468,22,0.018912479765532352,30
2015-11-24,0.013775099691622186,25,0.012835137388349484,21,0.01890743678516498,30
2015-11-25,0.004493005945533451,2,0.012775189310059455,20,0.018813431730572323,30
2015-11-27,0.004719265833323353,2,0.010747545428288898,15,0.014828266445847105,23
2015-11-30,0.00472320815882262,2,0.010207428535014213,14,0.014613474989321123,23
2015-12-01,0.010192035764141493,17,0.011565842624090708,17,0.01459168824218723,22
2015-12-02,0.012143354144089966,21,0.012256522356372434,19,0.014524128413926706,22
2015-12-03,0.015172753878500655,28,0.010667023425201054,15,0.015085934077060617,23
2015-12-04,0.020555613735989037,37,0.01443252039914819,24,0.01609869777093707,25
2015-12-07,0.02211926822607961,39,0.015221648244824686,26,0.01609908026984361,25
2015-12-08,0.02032601994897945,37,0.016192472053150518,28,0.014397898017612537,22
2015-12-09,0.020219004048182363,36,0.016223299324949616,28,0.014108510707411375,22
2015-12-10,0.019386595648302314,35,0.01641428663454846,28,0.013983598833178276,22
2015-12-11,0.012931768826206017,23,0.01826858015867513,31,0.01505157988994616,23
2015-12-14,0.014688532675635566,27,0.018461891347600255,32,0.01448712363790712,22
2015-12-15,0.023164810990462418,39,0.02118121527455643,35,0.016581380455330783,26
2015-12-16,0.023568635118304808,40,0.021894397048104995,37,0.016836303034379024,27
2015-12-17,0.027914743470517114,44,0.022695258511487123,38,0.01779323298155752,28
2015-12-18,0.028952398535111504,45,0.02221367839759641,37,0.01810996588338407,29
2015-12-21,0.029440417364896772,45,0.022668550996436058,38,0.018361187101459297,29
2015-12-22,0.02294365373539486,39,0.022012336380460018,37,0.018449515411865854,30
2015-12-23,0.022068259891483095,39,0.02246150453406148,37,0.018675957244525036,30
2015-12-24,0.018848960323272074,35,0.022472384988831272,37,0.018694673874342874,30
2015-12-28,0.01018759720234469,16,0.02055561674289392,35,0.018769335769496253,30
2015-12-29,0.009556721694872629,15,0.02064651779652414,35,0.01887333672423313,30
2015-12-30,0.011907353480596737,21,0.017327398992527863,30,0.01907868858290451,31
2015-12-31,0.009043076276534097,13,0.015917930573626823,27,0.018510750306766192,30
2016-01-04,0.011876688883102119,21,0.015701311786790358,27,0.01901263625046988,31
2016-01-05,0.012701609506963243,23,0.012742530202244121,20,0.01870638187397779,30
2016-01-06,0.009301503747504051,14,0.012971004451700597,21,0.017702184435211807,28
2016-01-07,0.013392039142016742,24,0.015425117107553664,26,0.018884194134074828,30
2016-01-08,0.012985458454057967,23,0.01292796341567935,21,0.018862006765733963,30
2016-01-11,0.01743575161199378,32,0.014223946709458394,24,0.019071627699314597,31
2016-01-12,0.01743575161199378,32,0.014686513765460759,25,0.01894640191792086,31
2016-01-13,0.018173726989191084,33,0.013616031741077419,22,0.01891511205782817,31
2016-01-14,0.015529843017039902,29,0.015116030753899126,26,0.018966063449358365,31
2016-01-15,0.019866277556269244,36,0.016732455171502462,29,0.01743006939804508,28
2016-01-19,0.01745126188347959,32,0.016447017354887943,28,0.016278837571800472,26
2016-01-20,0.018096259826018268,33,0.017286779789656127,30,0.017127508420133348,27
2016-01-21,0.017958160634385892,33,0.017369828966867278,30,0.01677339874687188,27
2016-01-22,0.021475420914622543,38,0.01896822615774694,32,0.016949200502405407,27
2016-01-25,0.02338281959818006,40,0.021360150115220754,36,0.017992809174179284,29
2016-01-26,0.032168059290903946,47,0.024406976790188935,40,0.01906554347068867,31
2016-01-27,0.029172505178302378,45,0.024667607999404352,40,0.019309565471033355,31
2016-01-28,0.027599576267208627,44,0.025413053116039242,41,0.02003924629927751,33
2016-01-29,0.03355201425138598,47,0.03051913168593443,45,0.023154060316083063,37
2016-02-01,0.022077419530587592,39,0.028844205273328493,44,0.023149315827093394,37
2016-02-02,0.03571702653807263,48,0.03269510801476711,47,0.024985527412803653,40
2016-02-03,0.03612445866908172,48,0.030955262927280514,46,0.024837058027084986,39
2016-02-04,0.036663188303053984,48,0.03078338046028666,46,0.02546554934652674,40
2016-02-05,0.024734197860181835,41,0.03099431504031216,46,0.025497235226939554,40
2016-02-08,0.028978738442327283,45,0.03226574797958333,47,0.026569330539686537,42
2016-02-09,0.02532306460078513,42,0.03025795083750596,45,0.026514617201804962,42
2016-02-10,0.02533646228756328,42,0.030080933336249706,45,0.026261769187167782,41
2016-02-11,0.02604029699802192,43,0.033852950962428366,48,0.028906165086325267,44
2016-02-12,0.05412630596737468,52,0.0396934462277701,50,0.03419731376338945,49
2016-02-16,0.05167514798294835,52,0.04178567794619453,50,0.034887540042377,49
2016-02-17,0.05256140227021166,52,0.04070362507751392,50,0.03510561453860184,49
2016-02-18,0.05354214008323412,52,0.04113524722369268,50,0.03530973577727031,49
2016-02-19,0.03710443539855029,49,0.04037951858497633,50,0.03454929463210059,49
2016-02-22,0.02572959500259762,42,0.04202602319708074,50,0.03526620271399077,49
2016-02-23,0.029260108742049495,45,0.039601735885858726,50,0.0355329415403111,49
2016-02-24,0.02536307335567067,42,0.039564902605887076,50,0.034350420104658975,49
2016-02-25,0.02439809678601096,41,0.03928018804326863,50,0.033948718420009905,49
2016-02-26,0.02651212021223224,43,0.03068145085167375,46,0.03472883842794147,49
2016-02-29,0.024093123506021785,40,0.024087312109427182,40,0.03466100834859089,49
2016-03-01,0.02681865438808276,43,0.02807616703472721,43,0.03529020166583924,49
2016-03-02,0.024683857696180426,41,0.027606146970641995,43,0.035455971320631205,49
2016-03-03,0.025436090875528693,42,0.02518022790417302,41,0.03349792197941893,48
2016-03-04,0.025167083052243275,42,0.024445096753177683,40,0.03328120423405591,48
2016-03-07,0.022045746567670027,39,0.02333103346538143,39,0.03311839283686929,48
2016-03-08,0.019510413981525473,36,0.024164462459914885,40,0.033660359851146945,48
2016-03-09,0.017472562510400018,32,0.02392517618625683,39,0.031357922970501335,46
2016-03-10,0.018007070677267208,33,0.02379668994615681,39,0.03130784138056095,46
2016-03-11,0.02645920121532118,43,0.02482196914335726,41,0.03173773374740407,47
2016-03-14,0.027283618470387606,44,0.024506724649336172,40,0.027010964879117028,42
2016-03-15,0.01941874586772303,35,0.019045095890822285,32,0.023283647424901733,37
2016-03-16,0.022948271188667747,39,0.019551810387817403,33,0.023501468289322668,38
2016-03-17,0.022747515261527414,39,0.01955390518344946,33,0.023012894008179182,37
2016-03-18,0.018738022733721254,34,0.02170773803952578,36,0.022675545434086578,36
2016-03-21,0.01770006566588855,33,0.021689475247867594,36,0.0224261630957703,36
2016-03-22,0.017777111636574975,33,0.017742559172678408,30,0.021670835218345126,35
2016-03-23,0.01526490480240495,28,0.018402385032622356,32,0.020458683078586764,33
2016-03-24,0.015221937534465336,28,0.01828006761243629,31,0.020377809227686,33
2016-03-28,0.006293162765190945,6,0.013248843883032348,21,0.020369056556685167,33
2016-03-29,0.007135985437608936,8,0.01360884323000115,22,0.019896380274437953,32
2016-03-30,0.008584941960830001,12,0.013666059099116976,23,0.01951267212576543,32
2016-03-31,0.00825562098748488,11,0.01201542036073982,19,0.015831341398558373,25
2016-04-01,0.008021334359339622,11,0.01189455529181176,18,0.015443107535921858,24
2016-04-04,0.007969521075206657,10,0.0067851782344305065,4,0.015405467444933384,24
2016-04-05,0.011774306157008014,20,0.0092906153933155,11,0.016237125797468582,26
2016-04-06,0.012058733682176106,21,0.009882325845985475,13,0.016312845022487487,26
2016-04-07,0.016747489155964877,31,0.01323921258899573,21,0.016002637807393617,25
2016-04-08,0.01662869518907491,31,0.013078424034663437,21,0.015943654440522953,25
2016-04-11,0.018266468813533544,34,0.013707032198557382,23,0.015858307398349973,25
2016-04-12,0.020114584402664705,36,0.015740170263902228,27,0.014116979214100359,22
2016-04-13,0.026489487245188254,43,0.020262210925510747,34,0.016518548366385003,26
2016-04-14,0.014886824229667776,27,0.021524801446614023,36,0.017307613508514355,27
2016-04-15,0.018867591004558353,35,0.022018989032081333,37,0.016850764888117237,27
2016-04-18,0.018319509967466226,34,0.02202060952686904,37,0.01695867342059102,27
2016-04-19,0.018144156559421885,33,0.01991777255828034,34,0.016345490185991712,26
2016-04-20,0.01646406489334083,30,0.02122883142111198,36,0.017681459998367403,28
2016-04-21,0.01715472801994434,32,0.01583080728861159,27,0.01759863030153446,28
2016-04-22,0.012766006188972964,23,0.015208077514219081,26,0.017421066611914515,28
2016-04-25,0.017227436971618378,32,0.017161601338471003,30,0.017727689592351336,28
2016-04-26,0.016521397891915097,30,0.016961797692178975,29,0.01763240375158598,28
2016-04-27,0.00988116745095128,15,0.015011966107450179,25,0.017201540324323306,27
2016-04-28,0.012436219955487144,22,0.015489977660925643,27,0.017793351722325282,28
2016-04-29,0.010024146360037864,16,0.016166421881922636,28,0.01832792716372596,29
2016-05-02,0.013699232640403942,25,0.016308760518511514,28,0.01847506588253471,30
2016-05-03,0.015806496465268507,29,0.01811788943943318,31,0.01969781599136118,32
2016-05-04,0.0157021823009352,29,0.014212715422602789,24,0.019242295559424402,31
2016-05-05,0.015792715983823178,29,0.014162720053941681,24,0.019332838707278307,31
2016-05-06,0.016555781486992285,31,0.012918140590812232,21,0.01763776788252635,28
2016-05-09,0.011974857861262731,21,0.012887040532264107,21,0.017864866081452883,29
2016-05-10,0.014725354448998347,27,0.01516571263090149,26,0.018289382568450245,29
2016-05-11,0.012815765981934754,23,0.015173281722094565,26,0.01795962359808056,29
2016-05-12,0.012642524168156127,22,0.01477601742567761,25,0.016026954967252982,25
2016-05-13,0.015143491157369519,28,0.015039050261546037,26,0.015580704848887008,24
2016-05-16,0.015048962463641858,27,0.013855376662000835,23,0.015463144624352849,24
2016-05-17,0.009601016682907701,15,0.011847688586546374,18,0.015271145497711454,24
2016-05-18,0.025044703289814094,42,0.01902022350268589,32,0.01818629134275323,29
2016-05-19,0.025956140097856614,42,0.01938545982292011,33,0.016763549130426988,27
2016-05-20,0.022869758880634698,39,0.01942781412680338,33,0.016762681347437622,27
2016-05-23,0.023513563339969068,40,0.019157843596479294,33,0.016400975674869974,26
2016-05-24,0.02364371053273494,40,0.01847257624928761,32,0.0166702079508205,26
2016-05-25,0.01181838274594356,20,0.01857537852175066,32,0.01696859360505271,27
2016-05-26,0.01302817497993148,23,0.01944060713688429,33,0.01723592794459619,27
2016-05-27,0.013536480998314279,24,0.017859881242042394,31,0.017131272353290757,27
2016-05-31,0.013984599579004546,25,0.018325861782447682,31,0.016810617259633516,27
2016-06-01,0.012866748843726924,23,0.01833117942110368,31,0.016551271469272738,26
2016-06-02,0.010663449550257692,18,0.010718092360284445,15,0.015259877698976493,24
2016-06-03,0.018580613455094305,34,0.015466009811208804,27,0.016838065565154117,27
2016-06-06,0.01756553441343539,32,0.015650725052988004,27,0.016809418334656955,27
2016-06-07,0.017849325575457896,33,0.01607184623808159,28,0.017047278287650888,27
2016-06-08,0.01797813791490696,33,0.015363837577609772,26,0.01693371403803721,27
2016-06-09,0.017259185331713004,32,0.014601670574735666,25,0.016694281264741095,27
2016-06-10,0.014115734367298665,25,0.015739317914330503,27,0.017527067273281367,28
2016-06-13,0.011468154172382361,19,0.01463655973430809,25,0.0178434715873637,29
2016-06-14,0.012592813184163578,22,0.015437534468529723,26,0.01820727889955887,29
2016-06-15,0.012785753599317811,23,0.015587201214827635,27,0.01825245965186324,29
2016-06-16,0.014030407319922434,25,0.014887552255767364,25,0.018168237132448438,29
2016-06-17,0.014102353031870551,25,0.013344805003301255,22,0.01417372154577246,22
2016-06-20,0.014301442841818914,26,0.013797627925983932,23,0.014437793952046177,22
2016-06-21,0.004650195757983666,2,0.014230138094626142,24,0.014567600235082832,22
2016-06-22,0.005345582355044816,3,0.013837956462979131,23,0.014574917085478579,22
2016-06-23,0.012306544611736372,22,0.01753303622782701,30,0.015997347229843476,25
2016-06-24,0.04026634030731914,50,0.02844644983634098,44,0.021894422192982238,35
2016-06-27,0.04605431030721658,51,0.03371607224344116,48,0.02512767815487839,40
2016-06-28,0.05356809323821008,52,0.03709400661923291,49,0.027185141472693415,42
2016-06-29,0.058432163182149104,52,0.039396628306638766,50,0.028962504676195475,44
2016-06-30,0.05549223498042483,52,0.03944132045296993,50,0.028986408996299534,44
2016-07-01,0.04319918519317782,50,0.03957687637294962,50,0.02893343808961053,44
2016-07-05,0.030922050172494345,46,0.0401141333832224,50,0.028609025845989577,44
2016-07-06,0.024977475649059014,42,0.040238620985616265,50,0.028668023823409463,44
2016-07-07,0.016928724969735243,31,0.04057366738051306,50,0.028862520711001472,44
2016-07-08,0.017928927540164737,33,0.039139889058074084,50,0.029013880671757725,44
2016-07-11,0.01676653120514674,31,0.030893683911065877,46,0.028900689153486366,44
2016-07-12,0.007989222365329804,11,0.02134530308446932,36,0.029039988359596258,44
2016-07-13,0.012014344701841859,21,0.01876125168468598,32,0.028854278911086037,44
2016-07-14,0.012366032404249673,22,0.015415297799596215,26,0.028464718705301203,44
2016-07-15,0.012833985351423367,23,0.015410520702590266,26,0.028448579313644848,43
2016-07-18,0.016684541413471688,31,0.016911135169216385,29,0.029240714464627903,44
2016-07-19,0.015372541180235311,28,0.011587397981216292,17,0.029276447611018178,44
2016-07-20,0.01189883377899463,21,0.011580532499622006,17,0.029269168039295503,44
2016-07-21,0.015571923327338862,29,0.013261520194976202,21,0.029385232716185993,44
2016-07-22,0.014943698044332765,27,0.013228113381821848,21,0.029394476384683656,45
2016-07-25,0.008408987841910107,12,0.013462704561138832,22,0.02866177809314858,44
2016-07-26,0.008515287162311985,12,0.012239523546347615,19,0.022874007434721205,37
2016-07-27,0.008085972695481461,11,0.011139195059555514,16,0.016615402298055762,26
2016-07-28,0.004502040058331133,2,0.010948013470487086,15,0.014723704405909623,23
2016-07-29,0.009204111351405359,14,0.012596980315093587,20,0.013439158961444096,20
2016-08-01,0.010853128447083492,18,0.00941653487978442,11,0.013856147185342596,21
2016-08-02,0.009880131930241998,15,0.009985924564259943,13,0.013926732261168535,21
2016-08-03,0.01651089512246008,30,0.012553472562400029,20,0.0126894948957834,19
2016-08-04,0.016302516171409716,30,0.012098554692608997,19,0.012736067704060512,19
2016-08-05,0.023310532288315304,40,0.017031357458860596,29,0.01466798237282009,23
2016-08-08,0.02103727442908343,37,0.01692579040917939,29,0.014622410517994735,23
2016-08-09,0.016801273871104146,31,0.016802321116386788,29,0.01461209007362928,23
2016-08-10,0.022954902220935818,39,0.019176356954814056,33,0.015540734419480144,24
2016-08-11,0.02280848592034271,39,0.019196209897761902,33,0.015304728751386637,24
2016-08-12,0.01303875865564853,23,0.018514841999067454,32,0.015117951903611416,23
2016-08-15,0.0133489396295468,24,0.017865923368217074,31,0.015108625100295842,23
2016-08-16,0.014197055071035783,26,0.01662589364409,29,0.013725410237585228,21
2016-08-17,0.00442838126372692,2,0.015585688210150644,27,0.013664496369850886,21
2016-08-18,0.004751266787784065,2,0.015565229856669999,27,0.013581089893374998,21
2016-08-19,0.004653028165561987,2,0.009744452206590473,12,0.013321231678558693,20
2016-08-22,0.005043810439710485,3,0.009692337652402594,12,0.013335633414150625,20
2016-08-23,0.005522240958167428,4,0.010244447721833284,14,0.013437950083041422,20
2016-08-24,0.005121990175994116,3,0.004563188140481172,0,0.013315719259535473,20
2016-08-25,0.005302434556560482,3,0.00478182143884852,1,0.013343606450516863,20
2016-08-26,0.007424802721541343,9,0.006090415017615418,3,0.013680429631110531,21
2016-08-29,0.005725540334075831,4,0.0061122625552250875,3,0.013149830738740589,20
2016-08-30,0.008420354447658858,12,0.008031807151546225,7,0.013200801449982905,20
2016-08-31,0.010134056003145467,16,0.00824141185619896,8,0.01258146946556786,18
2016-09-01,0.013398926426259809,24,0.00961982009597487,12,0.012327215580659018,18
2016-09-02,0.011949036402027904,21,0.009700223237064752,12,0.012305974758809965,18
2016-09-06,0.014003153927447899,25,0.011200293689757071,16,0.010118376523164305,12
2016-09-07,0.0058574664254206375,5,0.011210321417755515,16,0.010217282424317067,12
2016-09-08,0.009469301657237804,14,0.011486231772894701,17,0.010372024633819494,12
2016-09-09,0.009121077744702062,14,0.011756918382607128,18,0.00864552647820484,8
2016-09-12,0.010861971568061951,18,0.01096072349258541,16,0.008782106549115015,8
2016-09-13,0.010194427909358357,17,0.011547306449629128,17,0.009336637035129833,9
2016-09-14,0.01026829314635703,17,0.008354858062686025,8,0.009436132895940207,10
2016-09-15,0.008657384694733912,12,0.008572505621590431,9,0.009256931037721438,9
2016-09-16,0.009391288946534028,14,0.008728219443723257,9,0.00967305119930038,11
2016-09-19,0.00813823282789322,11,0.009159368921790563,11,0.009742249236996481,11
2016-09-20,0.0071054072088402405,8,0.008294691324518216,8,0.009725201116539467,11
2016-09-21,0.006900763245614724,8,0.008269110867340152,8,0.009693049787437893,11
2016-09-22,0.006904382769114937,8,0.007424589282058353,6,0.009479303489023903,10
2016-09-23,0.004692645017974367,2,0.007245759661982408,6,0.009547528724264674,10
2016-09-26,0.01232555668958624,22,0.00993669107285937,13,0.01115148158699496,14
2016-09-27,0.015111876229384846,28,0.011204451429176669,16,0.010892153716383635,14
2016-09-28,0.015470939567429927,28,0.011456385552918212,17,0.010966011938977583,14
2016-09-29,0.016217811812091556,30,0.012011746040413862,19,0.009900609008742638,11
2016-09-30,0.02350210413693211,40,0.01599674486906332,28,0.012557681600383633,18
2016-10-03,0.017347852250786625,32,0.015898001364758184,27,0.012405159288379946,18
2016-10-04,0.01717130857884451,32,0.016243158739950657,28,0.01266681243751512,19
2016-10-05,0.018082782881224464,33,0.01724515550671744,30,0.013012886295629762,19
2016-10-06,0.012858420281752747,23,0.017133767913468222,29,0.012991355299225916,19
2016-10-07,0.009953253362401812,16,0.017159257669522362,30,0.012926806603534038,19
2016-10-10,0.009132655704609388,14,0.013087549216216092,21,0.012938843945591747,19
2016-10-11,0.01256031475200621,22,0.014256712984806222,24,0.013104060417273251,20
2016-10-12,0.009279093178187847,14,0.014617989941626535,25,0.012883952713746614,19
2016-10-13,0.009244227975788135,14,0.014369639326957707,24,0.013142048958625705,20
2016-10-14,0.011514912698183945,20,0.010921301445737958,15,0.01332030617125263,20
2016-10-17,0.00993569580507427,16,0.010850998281148853,15,0.013009189239909206,19
2016-10-18,0.010706791821057429,18,0.011056163769049504,16,0.013207385332639175,20
2016-10-19,0.01082528906103402,18,0.010092766845380288,13,0.013410155021549049,20
2016-10-20,0.004528430028203146,2,0.010033203252988487,13,0.013423693146726938,20
2016-10-21,0.004520529810296372,2,0.009733791450196297,12,0.01337630049213737,20
2016-10-24,0.0038377356755926323,1,0.009462832075622294,11,0.013247628129600553,20
2016-10-25,0.005666070847467968,4,0.008308687891091446,8,0.01125893029692085,15
2016-10-26,0.004561340984536133,2,0.007839033653967134,7,0.011139275149954952,14
2016-10-27,0.0046606302972534985,2,0.00503417652468997,1,0.011147793874764151,14
2016-10-28,0.008886291713632317,13,0.007898043913447091,7,0.011089145772140272,14
2016-10-31,0.00928766797240804,14,0.009223168220066842,11,0.00959390193895922,10
2016-11-01,0.01029383614252662,17,0.00863304437734077,9,0.009591404186958509,10
2016-11-02,0.00873636972377494,13,0.00824643744236944,8,0.009685861012433766,11
2016-11-03,0.008315107937563923,11,0.008029015302086844,7,0.00881362982666029,8
2016-11-04,0.0075552338644966155,9,0.00782695803440755,7,0.008747795391707332,8
2016-11-07,0.013280981518976217,24,0.011882173934630475,18,0.010375125992112547,12
2016-11-08,0.013606321768367506,24,0.011806065148317552,18,0.010231660195651924,12
2016-11-09,0.024898402733704368,41,0.021167558085210366,35,0.015340231367766405,24
2016-11-10,0.024846371654638048,41,0.02413668569495433,40,0.01729057264681978,27
2016-11-11,0.02299785003974837,39,0.022577410257899475,38,0.016702409376605394,27
2016-11-14,0.026005541904827414,43,0.024373738475959694,40,0.019585519656494015,32
2016-11-15,0.02452327583763761,41,0.024552009863847122,40,0.01956902388673124,32
2016-11-16,0.030702700753337888,46,0.026368941578059305,42,0.020723987963932287,34
2016-11-17,0.027514481986783274,44,0.025578962068772734,41,0.02077170900592377,34
2016-11-18,0.028668489542645132,45,0.026273890133062142,42,0.020969039204589576,34
2016-11-21,0.01552137223699313,29,0.026116125183667373,42,0.02101843227316047,34
2016-11-22,0.015589299939247006,29,0.026188832400918505,42,0.021147171248689003,34
2016-11-23,0.010056760001486746,16,0.022350760363852158,37,0.020966875487249112,34
2016-11-25,0.009640171137894487,15,0.019717961125560936,34,0.020987632537404634,34
2016-11-28,0.018190194721685062,34,0.02296002473846661,38,0.022460780612701372,36
2016-11-29,0.016580562504986237,31,0.01521593305989768,26,0.021978975609501683,35
2016-11-30,0.024675793539584726,41,0.01977733070485021,34,0.022470747209610023,36
2016-12-01,0.02502463171347048,42,0.017989544341084376,31,0.022470733259890085,36
2016-12-02,0.02647410815437707,43,0.018894513645716416,32,0.022708252130829665,36
2016-12-05,0.02161104899417216,38,0.019832136709962485,34,0.022790846485226935,36
2016-12-06,0.019905485656500223,36,0.019763140570774836,34,0.02268696602645056,36
2016-12-07,0.01547246994139569,28,0.01961466874613097,33,0.022499176126307703,36
2016-12-08,0.015396344863267887,28,0.01970101271265489,34,0.02226225791883285,36
2016-12-09,0.008127972267108019,11,0.019723094966720915,34,0.020075588421732127,33
2016-12-12,0.01628326018395072,30,0.01850829530898663,32,0.019925063823060783,32
2016-12-13,0.01588915108764106,29,0.018474968162514083,32,0.019989500943089912,33
2016-12-14,0.01374100282943604,25,0.015288740771610576,26,0.01681688271683686,27
2016-12-15,0.015208831250897554,28,0.015611995533147564,27,0.017151730793900186,27
2016-12-16,0.01807534800465365,33,0.017096581925206536,29,0.017252507884879295,27
2016-12-19,0.01579451465164757,29,0.01571626941530047,27,0.017376255468688484,28
2016-12-20,0.016606888065587896,31,0.015411438683301236,26,0.017263450353734153,27
2016-12-21,0.016682055046962546,31,0.014422352835345974,24,0.017219640431412005,27
2016-12-22,0.011384537569886641,19,0.01323305078058335,21,0.01727709918140745,27
2016-12-23,0.007102651410477676,8,0.01305063572841304,21,0.01719356212626908,27
2016-12-27,0.005774418364895203,5,0.011272208350380102,16,0.017061442259139237,27
2016-12-28,0.005756744134601036,4,0.011939686796127977,18,0.016014701503280205,25
2016-12-29,0.007708240360096427,10,0.01257330673524132,20,0.01653977342338989,26
2016-12-30,0.008993835399271973,13,0.009702801889998136,12,0.014222803810134264,22
2017-01-03,0.013871873471342637,25,0.01038967929263212,14,0.014307155335747725,22
2017-01-04,0.01635981930922837,30,0.011610603185480855,17,0.014303985085543982,22
2017-01-05,0.01621504555110873,30,0.01198324536719754,18,0.013482777692636753,21
2017-01-06,0.013176231872514325,24,0.011922019673419644,18,0.013164437808904512,20
2017-01-09,0.014251891389409249,26,0.01200434962737442,19,0.012621768221315959,18
2017-01-10,0.01369202866378128,25,0.013184020170441577,21,0.01265263885246393,18
2017-01-11,0.011141335998055852,19,0.013237681478956615,21,0.012642638646534546,18
2017-01-12,0.009789539620482676,15,0.01264005251792217,20,0.011823997344485424,16
2017-01-13,0.009731717405494217,15,0.011053417450983032,16,0.011843156371470816,16
2017-01-17,0.02257505387721129,39,0.018338985569291293,31,0.015041772128168075,23
2017-01-18,0.024959764514407994,41,0.019254141368024988,33,0.015427436935156249,24
2017-01-19,0.024542319286243952,41,0.018207230834185666,31,0.014719781292226388,23
2017-01-20,0.024834444108604265,41,0.01794332620588055,31,0.01464702459378765,23
2017-01-23,0.024596894047363118,41,0.01797743276778552,31,0.01449417528637486,22
2017-01-24,0.013399642765848888,24,0.018676612221058306,32,0.014960580428899825,23
2017-01-25,0.010933110750679034,18,0.018771084123518623,32,0.015390356174801624,24
2017-01-26,0.009488744894656604,14,0.01873237076117338,32,0.015391421466529744,24
2017-01-27,0.01080154157623338,18,0.018606181851444296,32,0.015432027066760284,24
2017-01-30,0.015002902978892813,27,0.019581005769435524,33,0.015706080315987372,24
2017-01-31,0.014241831853342183,26,0.014212113867268244,24,0.01564286159024881,24
2017-02-01,0.01172123563489323,20,0.012055764398195655,19,0.01577017197954726,25
2017-02-02,0.011054681726597343,18,0.012247759408299709,19,0.015350152496019167,24
2017-02-03,0.017999295023755836,33,0.014445827932144653,24,0.015788990029869013,25
2017-02-06,0.01604497744135593,30,0.014680166425463874,25,0.015640401775376955,24
2017-02-07,0.015182707380591649,28,0.014127207203252378,23,0.01580874415185087,25
2017-02-08,0.015102561793605732,28,0.012799851931446374,20,0.015922404558284458,25
2017-02-09,0.017340409993194427,32,0.014647926355790085,25,0.01606727514451371,25
2017-02-10,0.01251443909876602,22,0.014630325268025478,25,0.01602927656336136,25
2017-02-13,0.013691170302152495,25,0.014069702560076456,23,0.01622207383708161,26
2017-02-14,0.015674231546131904,29,0.015096532527724492,26,0.01726426083926671,27
2017-02-15,0.011330879036728346,19,0.015825440878718112,27,0.014507039594782256,22
2017-02-16,0.01313620756173873,23,0.015222361206264903,26,0.013715492333571498,21
2017-02-17,0.013329674777449656,24,0.014247370077786979,24,0.01366123544140735,21
2017-02-21,0.013310576941536865,24,0.013605565898067681,22,0.013733907334848878,21
2017-02-22,0.01004380261849488,16,0.012587947713600951,20,0.0136467958274161,21
2017-02-23,0.006897756614009951,8,0.012344514957991567,19,0.013605734519634677,21
2017-02-24,0.009394964181580461,14,0.013426227764554717,22,0.01367192161116919,21
2017-02-27,0.012071996631293849,21,0.013501946267576885,22,0.013929443092469481,21
2017-02-28,0.011053735687490233,18,0.013245871116537822,21,0.013872906848414017,21
2017-03-01,0.018887175517075326,35,0.014261629971273263,24,0.014571933650099043,22
2017-03-02,0.019306306722043032,35,0.013956833114173384,23,0.014398126517385704,22
2017-03-03,0.015912306049537996,29,0.014025929761774263,23,0.014355776515557089,22
2017-03-06,0.01735425246080104,32,0.014350197538461866,24,0.014357605690822213,22
2017-03-07,0.017660750585152086,32,0.014151660462961582,23,0.01366766442036066,21
2017-03-08,0.007519760875654002,9,0.014143017982974265,23,0.013436613862204601,20
2017-03-09,0.005906686194311989,5,0.013659699914055318,23,0.013061645589358725,20
2017-03-10,0.004249610840524291,2,0.012394697103787128,20,0.012702012598230561,19
2017-03-13,0.0022908710132557024,0,0.011986880378727924,18,0.012307456776968654,18
2017-03-14,0.002005648293893278,0,0.011992951819005464,18,0.012257165087693351,17
2017-03-15,0.003337468136814059,0,0.0055233636441197964,2,0.012246228824731014,17
2017-03-16,0.0027891455110017217,0,0.004479009952378016,0,0.010868738827993005,14
2017-03-17,0.006597861024708827,7,0.005401467252564064,1,0.010495292929002437,13
2017-03-20,0.008475640967269668,12,0.006993388201873534,5,0.011168808705182465,14
2017-03-21,0.023240051290241745,40,0.01864456118222654,32,0.016872208268102828,27
2017-03-22,0.023545927941177245,40,0.01836888961021787,31,0.01658764763449165,26
2017-03-23,0.024457192391440678,41,0.018545458397489337,32,0.016689569193627057,27
2017-03-24,0.026039294629852116,43,0.018753590582567578,32,0.01668568264511839,27
2017-03-27,0.02634132160920137,43,0.018610542306205766,32,0.016481805972536068,26
2017-03-28,0.009562885805851679,15,0.02056968563190742,35,0.016795254238601426,27
2017-03-29,0.010000228818946263,16,0.020569614153032115,35,0.016743591533179236,27
2017-03-30,0.013129588679471886,23,0.022512850070632095,37,0.015713879809023393,24
2017-03-31,0.015619430626070569,29,0.02241373069200925,37,0.01574332739453606,25
2017-04-03,0.01521124967492308,28,0.022051227512992218,37,0.015545554866969881,24
2017-04-04,0.01326895665701876,24,0.011133972719547192,16,0.015533165834852855,24
2017-04-05,0.014105740028137574,25,0.011831342985229608,18,0.015625526473130345,24
2017-04-06,0.0069545427808060094,8,0.011767486094783688,18,0.01566671353543704,24
2017-04-07,0.005911091977438167,5,0.011866294336488831,18,0.015575621936224053,24
2017-04-10,0.005584950101851884,4,0.01196856816948071,18,0.015568880230260141,24
2017-04-11,0.0055227996433496514,4,0.009833206072912418,13,0.015542069165133083,24
2017-04-12,0.005606846719343021,4,0.010246295011298905,14,0.015567107815212639,24
2017-04-13,0.0044018511191960845,2,0.005694000685519767,2,0.01567778357547061,24
2017-04-17,0.013966144452218438,25,0.010117007102318235,13,0.016664834697357734,26
2017-04-18,0.01389409663598921,25,0.010052372562922459,13,0.016517952752828424,26
2017-04-19,0.01395037379705564,25,0.010123976666263995,13,0.01629284356023433,26
2017-04-20,0.014060626611225539,25,0.010994046583758667,16,0.01089007060803874,14
2017-04-21,0.014668665296293867,27,0.01184863527518875,18,0.011402113320517418,15
2017-04-24,0.02151658096098169,38,0.017931733331063765,31,0.014457694739321977,22
2017-04-25,0.020610556580351443,37,0.018084455071404656,31,0.014758367945371212,23
2017-04-26,0.02132557311567542,38,0.018054231803640172,31,0.014755686207131346,23
2017-04-27,0.022829093080219794,39,0.0178902244549404,31,0.014390107732637417,22
2017-04-28,0.022281415902145593,39,0.017825778922847646,31,0.014640035752674413,23
2017-05-01,0.01264887091667615,22,0.017087545626833876,29,0.014001354897304988,22
2017-05-02,0.009512946231755545,15,0.01703879834548269,29,0.013781306548392429,21
2017-05-03,0.011374494998436907,19,0.017133149480813722,29,0.013961052673190867,21
2017-05-04,0.010217133929048874,17,0.01677330506312119,29,0.013884859360808714,21
2017-05-05,0.007470432116147932,9,0.015712009020211137,27,0.01365547530265301,21
2017-05-08,0.006891968550984211,8,0.009738598117672909,12,0.013757615728266896,21
2017-05-09,0.006135773647277014,6,0.008533106063763405,9,0.0136948441150656,21
2017-05-10,0.005444873137083103,4,0.008686069166024438,9,0.013620937079570525,21
2017-05-11,0.006162495435158364,6,0.007954762841401362,7,0.013597348352983468,21
2017-05-12,0.005748792119175323,4,0.006317715319468188,3,0.013267887604330536,20
2017-05-15,0.004274981199921814,2,0.005521630953453223,2,0.012718361847568515,19
2017-05-16,0.004592407187460202,2,0.005472481897044948,1,0.012138334059246681,17
2017-05-17,0.025842137067010166,42,0.019602773255762037,33,0.018109831409985056,29
2017-05-18,0.027290241416360477,44,0.019842857910342016,34,0.018185377157617554,29
2017-05-19,0.029433966433553893,45,0.020660557313875838,35,0.018151653023320436,29
2017-05-22,0.02920849173079048,45,0.020257612303116606,34,0.017792965894589483,28
2017-05-23,0.031100023165839007,46,0.021106902247256188,35,0.0157058332456569,24
2017-05-24,0.007668129144865781,10,0.02085851115347151,35,0.015316053839197308,24
2017-05-25,0.009223340708216293,14,0.020864629353237713,35,0.015325650264962794,24
2017-05-26,0.007763077691133524,10,0.020883951151072114,35,0.015190473757199341,24
2017-05-30,0.01061251705182391,17,0.021061320011165854,35,0.015236793599705757,24
2017-05-31,0.009241415645844818,14,0.021723599697186013,36,0.015622221896038657,24
2017-06-01,0.012249053814565012,22,0.011882584879521426,18,0.015843031314916604,25
2017-06-02,0.012231670652909577,22,0.011848642683092176,18,0.015653538282379385,24
2017-06-05,0.012066248753889407,21,0.010643187630420362,15,0.01559569675534732,24
2017-06-06,0.011470900140979014,19,0.010729485120662265,15,0.01563291557511709,24
2017-06-07,0.011059438111500994,18,0.01101706043425926,16,0.01600102569746248,25
2017-06-08,0.012545088701127066,22,0.01267883313545974,20,0.016521135694418616,26
2017-06-09,0.015533942406901893,29,0.016134122664509754,28,0.017889759667319288,29
2017-06-12,0.014468374311907518,26,0.016132240412736306,28,0.017918170434564316,29
2017-06-13,0.012025079028316892,21,0.015111492771687557,26,0.017909127730191165,29
2017-06-14,0.013281095993383906,24,0.012341662874233116,19,0.017897610396421886,29
2017-06-15,0.015092784970811932,28,0.013124351623600063,21,0.017994758608022025,29
2017-06-16,0.005220457160031867,3,0.012829238194983847,21,0.012112108831192814,17
2017-06-19,0.01141374780844445,19,0.013557623300750296,22,0.012730001237531754,19
2017-06-20,0.014229078977141473,26,0.014961942675493587,25,0.013174727716432792,20
2017-06-21,0.015264139571656324,28,0.01574188388692753,27,0.013647119468608013,21
2017-06-22,0.015226507304234449,28,0.015260951854297784,26,0.013332069768252932,20
2017-06-23,0.015225645326313757,28,0.010857739363154331,15,0.013359656436629199,20
2017-06-26,0.008309644123325221,11,0.010735255215073325,15,0.013360315685501827,20
2017-06-27,0.012258645660330601,22,0.012523345958874988,20,0.013881608598854211,21
2017-06-28,0.01465868657439375,27,0.015409028700458245,26,0.014576350964777076,22
2017-06-29,0.012513825055293876,22,0.015917422944674138,27,0.013907232353609736,21
2017-06-30,0.011756957301490387,20,0.01580835993131582,27,0.013908401708385506,21
2017-07-03,0.010609697825345184,17,0.015459628807429652,27,0.01396900438621157,22
2017-07-05,0.010828892866024818,18,0.0136764515737618,23,0.013931280712457892,21
2017-07-06,0.01195711711457667,21,0.012613275704730588,20,0.013950228779192261,21
2017-07-07,0.010084362319971332,16,0.011457534214788555,17,0.013699132638680524,21
2017-07-10,0.009496579446303069,14,0.010764880887982008,15,0.013434444628066424,20
2017-07-11,0.009067190074658598,13,0.012498261989151046,20,0.012373589950856545,18
2017-07-12,0.007647890346480839,10,0.013134716781631278,21,0.012629148047133037,18
2017-07-13,0.009861788697223218,15,0.011082872866017814,16,0.012803625925459642,19
2017-07-14,0.01140749319223759,19,0.011247451833456198,16,0.013416676687858117,20
2017-07-17,0.010638543753801542,18,0.011483759617729763,17,0.013366268530448503,20
2017-07-18,0.010330070281336015,17,0.009549127686554807,12,0.013373361601029737,20
2017-07-19,0.01122719342088435,19,0.009133732139253071,11,0.012691408123214376,19
2017-07-20,0.008353332345016484,11,0.008989881452554842,10,0.012084705930403308,17
2017-07-21,0.005760733645062268,4,0.008561099870719369,9,0.011613351377726797,16
2017-07-24,0.0060442979745353054,5,0.00877604043985616,9,0.011396940626332407,15
2017-07-25,0.011992434252166237,21,0.011934391720894524,18,0.012219411941159235,17
2017-07-26,0.013799437948779402,25,0.012015844703769357,19,0.01262038198737415,18
2017-07-27,0.013706527446246895,25,0.011327435532912837,16,0.012289124425178077,18
2017-07-28,0.013411419451046826,24,0.010137586198472708,13,0.01096996398489938,14
2017-07-31,0.013374202550204594,24,0.009889197440833077,13,0.010201717514832488,12
2017-08-01,0.009363646444076052,14,0.01048997714875754,14,0.01063316786084692,13
2017-08-02,0.0072929199719577575,9,0.010449561545287618,14,0.009994527700707733,11
2017-08-03,0.008679633417855144,12,0.010821785751475825,15,0.009904455177459448,11
2017-08-04,0.012436931124675327,22,0.012567011110353509,20,0.011207672856041547,15
2017-08-07,0.012901466615817645,23,0.012678381368159014,20,0.011165496551787833,14
2017-08-08,0.012804080460236124,23,0.010775939858702002,15,0.011169525118372846,14
2017-08-09,0.01346415655468498,24,0.01025484469591305,14,0.010951223699217576,14
2017-08-10,0.017767434314078435,33,0.013359704004181175,22,0.012088254077642404,17
2017-08-11,0.00981322131270392,15,0.01377506473726208,23,0.011992221982186035,17
2017-08-14,0.017693708002254283,33,0.015742087425189552,27,0.012624146404282178,18
2017-08-15,0.01791972666670794,33,0.015148009607203899,26,0.012481352641288157,18
2017-08-16,0.018272017614232357,34,0.015420667861549827,26,0.012712262028252548,19
2017-08-17,0.017631928063552543,32,0.016719294003631896,29,0.013603770065490859,21
2017-08-18,0.01721605705543331,32,0.013732513522049218,23,0.013569248077495072,21
2017-08-21,0.009796065689250651,15,0.013679888019905136,23,0.013685535755368216,21
2017-08-22,0.015714148275643217,29,0.01591872246270059,27,0.01432999125805787,22
2017-08-23,0.015323282031801342,28,0.01590441665912069,27,0.013247298138167616,20
2017-08-24,0.010946996660347921,18,0.014149629468409282,23,0.013092245837887722,20
2017-08-25,0.01110886634999574,18,0.013764195860357124,23,0.013078965550942496,20
2017-08-28,0.00949498131252809,14,0.010945689594306899,15,0.013069001583066316,20
2017-08-29,0.0033817686008145386,0,0.010838619585891615,15,0.013080506292636298,20
2017-08-30,0.007176537496479657,8,0.011519635233758525,17,0.013006180329303082,19
2017-08-31,0.007051160481148326,8,0.008707693941499305,9,0.012922089813073316,19
2017-09-01,0.00749732126884065,9,0.008964494767965667,10,0.01296190506506227,19
2017-09-05,0.017670498263274364,32,0.013777039510409057,23,0.01340542899183881,20
2017-09-06,0.017889648810813473,33,0.012144727249402146,19,0.013492924374979997,21
2017-09-07,0.017370655707204183,32,0.013303001816201102,22,0.013926232448989337,21
2017-09-08,0.016952444097841177,31,0.013096601265182518,21,0.01391267336661278,21
2017-09-11,0.020468057975155888,37,0.015233033526929507,26,0.013953928887873964,21
2017-09-12,0.017949416148048902,33,0.017436866738419297,30,0.014928512320876308,23
2017-09-13,0.018483267772979876,34,0.017819779955842323,31,0.014421667093218238,22
2017-09-14,0.013634315335793097,24,0.017637317259174574,30,0.014433865257501366,22
2017-09-15,0.011682514768410885,20,0.017680187365926348,30,0.014260248897547277,22
2017-09-18,0.010891111974195752,18,0.017927532333729988,31,0.013467516444409411,21
2017-09-19,0.007600686674003101,9,0.01303543588432681,21,0.013480126398930528,21
2017-09-20,0.006109252544244324,5,0.013017659897702325,21,0.013206033634011117,20
2017-09-21,0.0034741114037922893,1,0.009550801708556727,12,0.012700214303492928,19
2017-09-22,0.006889751340886899,8,0.009874851761650882,13,0.012770912695431316,19
2017-09-25,0.008066119608067388,11,0.010665702160949647,15,0.013075737579839113,20
2017-09-26,0.007465770292920084,9,0.008230306505371182,8,0.013028983983535029,19
2017-09-27,0.013259577016318183,24,0.009868821586841573,13,0.01384021280653883,21
2017-09-28,0.01325153746188788,24,0.009523018773608057,11,0.01368494989735799,21
2017-09-29,0.013076215749559628,23,0.009948492898160608,13,0.01364519415735058,21
2017-10-02,0.011113868952950206,18,0.009754699079945113,12,0.013748155014226892,21
2017-10-03,0.010788043508238277,18,0.009887832996074805,13,0.013767776986095227,21
2017-10-04,0.007688960137498061,10,0.01022147517391677,14,0.011309480883517907,15
2017-10-05,0.009838743682206188,15,0.011113298507083706,16,0.011587687593101385,16
2017-10-06,0.008490239663048302,12,0.010625866492856177,15,0.010214336073309627,12
2017-10-09,0.011929562296436384,21,0.011191335027323083,16,0.010928016297803569,14
2017-10-10,0.01125134318294026,19,0.011171349980511669,16,0.010407808450995577,13
2017-10-11,0.011006174618136468,18,0.008980717436607865,10,0.00947670743910442,10
2017-10-12,0.008691636344185972,12,0.010370527585297993,14,0.009847314350434129,11
2017-10-13,0.012366392542586556,22,0.011221300867942747,16,0.010125382165795302,12
2017-10-16,0.012930275163378807,23,0.011746150241630107,18,0.010492939122666104,13
2017-10-17,0.013091727089474058,23,0.011537177301570173,17,0.010310554957794888,12
2017-10-18,0.01304123301062606,23,0.011577130643018746,17,0.010424648972256595,13
2017-10-19,0.007466534452653025,9,0.010612568628528135,15,0.010364073286989682,12
2017-10-20,0.009421719347510881,14,0.012441056726919336,20,0.011191914644967929,15
2017-10-23,0.009770891441141264,15,0.010997120626914337,16,0.011032550513355619,14
2017-10-24,0.009659219757851147,15,0.011826628289123611,18,0.010992365730004472,14
2017-10-25,0.011270321994977751,19,0.011641248786554174,17,0.011082181499921295,14
2017-10-26,0.011248816325917156,19,0.009001081781183974,10,0.01019281931171064,12
2017-10-27,0.008420553372968207,12,0.008922530611393304,10,0.01018593977845606,12
2017-10-30,0.009862068217430492,15,0.00945791595499813,11,0.010325313516779327,12
2017-10-31,0.005280541130811013,3,0.0101053672797737,13,0.01050111400210181,13
2017-11-01,0.006200535438593688,6,0.009877144251761543,13,0.010417644397005864,13
2017-11-02,0.008490153031378192,12,0.010227301714759994,14,0.010400803038241278,12
2017-11-03,0.008534796374123065,12,0.008330029203801199,8,0.010063932279723211,12
2017-11-06,0.007745165811268116,10,0.008436304658952912,8,0.010136588375249103,12
2017-11-07,0.012239238549316196,22,0.008892433971656412,10,0.010779097812405394,14
2017-11-08,0.012705312536760974,23,0.009739862896487043,12,0.011381946495636902,15
2017-11-09,0.007980669504024016,10,0.009706881580548488,12,0.011667626878090167,16
2017-11-10,0.008691989434657186,12,0.009608281810221971,12,0.011082032815746328,14
2017-11-13,0.008385952559562414,12,0.009568564759681293,12,0.010746210442030352,13
2017-11-14,0.005932498823921414,5,0.00952318993620695,11,0.010294457252145724,12
2017-11-15,0.012442228922512547,22,0.01219601015268152,19,0.011247646450469776,15
2017-11-16,0.010880455627552046,18,0.011044167721300834,16,0.011038720060289733,14
2017-11-17,0.011380243526448874,19,0.011021309959983194,16,0.01108237309883175,14
2017-11-20,0.011078368133126138,18,0.011369151838066352,17,0.009933987519454497,11
2017-11-21,0.01022453071258684,17,0.009705623157158892,12,0.009933977343339773,11
2017-11-22,0.0035799928584699806,1,0.008648360456192994,9,0.00883286988743743,8
2017-11-24,0.0036585122366297315,1,0.007853222559837303,7,0.008834944300172148,8
2017-11-27,0.002914032765969816,0,0.00785310595739662,7,0.008747234329483997,8
2017-11-28,0.01832893122791786,34,0.014445460757059943,24,0.012582223187689787,18
2017-11-29,0.019041503054046744,35,0.01497371547710834,25,0.013451648597731748,20
2017-11-30,0.019283691765653956,35,0.014569277085451294,24,0.013353382466466345,20
2017-12-01,0.01925850442880677,35,0.014640554528727817,25,0.01335133040340409,20
2017-12-04,0.020299918111763297,37,0.016734280605801084,29,0.015018121806389317,23
2017-12-05,0.018115748338649262,33,0.01723174422394872,30,0.015064162018006876,23
2017-12-06,0.017843957225359496,33,0.01800768349715977,31,0.015263765413221187,24
2017-12-07,0.017466495566647356,32,0.01771300958318069,30,0.014402715767919336,22
2017-12-08,0.017097044363430743,31,0.017329076358657148,30,0.013910446484145824,21
2017-12-11,0.007802558100090782,10,0.017587525871109927,30,0.01359726183823725,21
2017-12-12,0.009515882899560254,15,0.01407537000872393,23,0.013703357308277932,21
2017-12-13,0.01179173337512632,20,0.014272996184471132,24,0.01435099529941044,22
2017-12-14,0.011799341097416892,20,0.014269521440320126,24,0.014277973913250152,22
2017-12-15,0.012101003707990906,21,0.014416362210273323,24,0.013855180311481944,21
2017-12-18,0.013505776908095082,24,0.010674953104814313,15,0.014012288293293531,22
2017-12-19,0.012500992991290674,22,0.010515286154481048,14,0.013892419348607632,21
2017-12-20,0.008134520896032768,11,0.009678270345236953,12,0.013918350285817066,21
2017-12-21,0.007074517860030172,8,0.010048167028790116,13,0.01394181836902705,21
2017-12-22,0.007141293866283054,8,0.009845357688826073,13,0.013846368022299048,21
2017-12-26,0.005690594321104835,4,0.009813270869760561,12,0.013868491974130788,21
2017-12-27,0.005786309980554651,5,0.009197393231672303,11,0.013906573341261622,21
2017-12-28,0.005765805093674435,5,0.006752167228457721,4,0.011512915793401272,15
2017-12-29,0.004787356442964396,3,0.007584998336350937,6,0.010932467802581308,14
2018-01-02,0.008267744749104772,11,0.007854321173510254,7,0.011084009680712806,14
2018-01-03,0.008267507358592519,11,0.0067639482996994914,4,0.011106454763641272,14
2018-01-04,0.009918224769163545,16,0.007681530343890565,7,0.008861589908545743,8
2018-01-05,0.009927015496406526,16,0.007688636793931617,7,0.008758662904446825,8
2018-01-08,0.00915092595175039,14,0.00759350040264751,6,0.008564708787646732,7
2018-01-09,0.007838598944670308,10,0.0076936088685459845,7,0.008566045932591094,7
2018-01-10,0.007512929764134028,9,0.007873014890124798,7,0.008560768095652265,7
2018-01-11,0.006009348651159646,5,0.007731134049070385,7,0.008443294851081005,7
2018-01-12,0.008819225966073553,13,0.008919280723661084,10,0.00874129241408724,8
2018-01-16,0.006225808069763891,6,0.007578246270631168,6,0.007550090280093584,4
2018-01-17,0.007512731097942417,9,0.007466643048173083,6,0.007464925962395783,4
2018-01-18,0.007555069993703098,9,0.0071239464505672805,5,0.007415430230501882,4
2018-01-19,0.007443986991006012,9,0.006674642912800786,4,0.007014172352469867,3
2018-01-22,0.004774047571156313,3,0.0067012087218089374,4,0.006971683815777998,3
2018-01-23,0.005226701307644413,3,0.005647761367495672,2,0.007014728221794848,3
2018-01-24,0.003896740219085052,1,0.005642999457471009,2,0.0068008537152110925,2
2018-01-25,0.0038987287616416926,1,0.005783762185762503,2,0.006837260231037123,3
2018-01-26,0.0032874933786705878,0,0.005788481091199112,2,0.006659241111321212,2
2018-01-29,0.0024574593412924864,0,0.0038424975692019888,0,0.006550669238111625,2
2018-01-30,0.007063500202459967,8,0.00633135056139987,3,0.007457459707341769,4
2018-01-31,0.0067854274211576115,7,0.006189027013596679,3,0.006872103240051624,3
2018-02-01,0.009955527930920818,16,0.007159158121076833,5,0.007075597822619162,3
2018-02-02,0.013165765636525694,23,0.009352504816173399,11,0.008295768993843216,7
2018-02-05,0.02601374593345281,43,0.019062038557374813,33,0.01455768091873169,22
2018-02-06,0.03252912092147469,47,0.022274332773193583,37,0.016027243342724568,25
2018-02-07,0.03241641806912852,47,0.022168174654800765,37,0.01591149801773443,25
2018-02-08,0.035091237169172874,48,0.02643633924870163,42,0.01928529822422306,31
2018-02-09,0.03879209366863496,49,0.02765454980614096,43,0.019691495535338267,32
2018-02-12,0.03237120842538641,47,0.029371797526882983,45,0.020498263895986937,33
2018-02-13,0.029209906167048032,45,0.029225777378852145,44,0.02015600129222545,33
2018-02-14,0.03150051622653585,46,0.03054383837248112,45,0.020947954126945955,34
2018-02-15,0.011277598181286683,19,0.030175006608516096,45,0.020963363427976604,34
2018-02-16,0.01501979703954741,27,0.029747124268402564,45,0.02097435090944161,34
2018-02-20,0.012839321819545512,23,0.02322042044627068,38,0.020922472648152574,34
2018-02-21,0.013191233554013332,24,0.021483288887514638,36,0.02087582077118394,34
2018-02-22,0.005405820420681052,4,0.021632683640107023,36,0.02091335863598369,34
2018-02-23,0.007098836296277817,8,0.01270576443936906,20,0.02101685377782883,34
2018-02-26,0.008069226067197137,11,0.012096595842213754,19,0.021180569150262424,34
2018-02-27,0.008287677690688193,11,0.010286562702061111,14,0.02118394640798921,34
2018-02-28,0.00925647995169277,14,0.010857687751852436,15,0.02124039863270263,34
2018-03-01,0.013103457743878727,23,0.009456494964225086,11,0.02149377152701416,35
2018-03-02,0.011960917159472667,21,0.009299954994563512,11,0.021504521712694468,35
2018-03-05,0.013124980769153591,23,0.010547811747805294,14,0.021511338207249785,35
2018-03-06,0.013117258359389209,23,0.01053775541988603,14,0.021173782566127078,34
2018-03-07,0.01273970317409809,23,0.010509261755481456,14,0.017290050069401132,27
2018-03-08,0.006606590579491612,7,0.010251232593898766,14,0.01605856924940708,25
2018-03-09,0.00841357048744906,12,0.01090718494121908,15,0.016368183384708797,26
2018-03-12,0.006764018901703445,7,0.010359504645336803,14,0.011547775723480926,15
2018-03-13,0.010956879292983944,18,0.01149604053829813,17,0.01174956111264883,16
2018-03-14,0.011557410612889868,20,0.011474286840977942,17,0.01068812758158397,13
2018-03-15,0.011554567064530038,20,0.009274388508787626,11,0.010705535353430875,13
2018-03-16,0.007468064455508923,9,0.009224372506340119,11,0.009074844849795476,9
2018-03-19,0.006360255888399859,6,0.008020014807302918,7,0.00905190537208544,9
2018-03-20,0.0038635109160370675,1,0.008020847527748917,7,0.008902472176044559,8
2018-03-21,0.003117425787120751,0,0.008018680091791531,7,0.00893126055930522,8
2018-03-22,0.0179921712264431,33,0.015048530291529217,26,0.01270583776493919,19
2018-03-23,0.022146913320946312,39,0.01767327606179482,30,0.01582729607615774,25
2018-03-26,0.03616299115098386,48,0.024570281219997277,40,0.018694483291544092,30
2018-03-27,0.036741507468081254,48,0.025563142976758903,41,0.01933664299665157,31
2018-03-28,0.036665869503804224,48,0.02559567549225722,41,0.01933360391343264,31
2018-03-29,0.036178194362968895,48,0.0271569369137011,43,0.020056649835820308,33
2018-04-02,0.03062042702174607,46,0.027416142977928513,43,0.020205799861114482,33
2018-04-03,0.021246078051335122,38,0.02803437643946334,43,0.020326821067767568,33
2018-04-04,0.016623719483879588,31,0.028488768399784106,44,0.02009021812469511,33
2018-04-05,0.01682667735790055,31,0.029267173263405822,44,0.020466529477650833,33
2018-04-06,0.01877760359080878,34,0.027178136628855334,43,0.020898653358133984,34
2018-04-09,0.015101443299064161,28,0.022800985855988068,38,0.021039473721501164,34
2018-04-10,0.016807303070596608,31,0.019054239594695405,32,0.021257089307399973,34
2018-04-11,0.019868728178514417,36,0.01731110108447532,30,0.021468800118428267,35
2018-04-12,0.022157949482239248,39,0.01866800826201596,32,0.02224297072703403,36
2018-04-13,0.02363084000313579,40,0.020213225453225073,34,0.02291157986457871,37
2018-04-16,0.02342288781689047,40,0.018658808243192805,32,0.022969840705969097,37
2018-04-17,0.02095055410197379,37,0.018495150604812372,32,0.022989246233907967,37
2018-04-18,0.02056810113415719,37,0.019114514863805998,33,0.02318524115547039,37
2018-04-19,0.019566414135922014,36,0.01990364422430152,34,0.02384113079116671,38
2018-04-20,0.013809981733568238,25,0.01827083794660531,31,0.0238659410373356,38
2018-04-23,0.013798515685077976,25,0.018155505205673928,31,0.022114213588480654,36
2018-04-24,0.014109305905488626,25,0.01695801906801268,29,0.01960787371899273,32
2018-04-25,0.010378853191355467,17,0.015731543296898225,27,0.017122909250118924,27
2018-04-26,0.002951237723187621,0,0.013242939658528154,21,0.01571184657169914,24
2018-04-27,0.002954013789604802,0,0.009633231086189797,12,0.015665984044396123,24
2018-04-30,0.003767071128270963,1,0.009938671738888532,13,0.015144684428847578,24
2018-05-01,0.003930427857218402,1,0.009864845082789396,13,0.014225862129390893,22
2018-05-02,0.006220686550282893,6,0.009070454375479549,10,0.014379377419862623,22
2018-05-03,0.007310968819684545,9,0.005905123891176941,2,0.014463099282509247,22
2018-05-04,0.0075374049468100585,9,0.0059958575296879734,2,0.014053326233243346,22
2018-05-07,0.010585685435902624,17,0.00750291001881138,6,0.01344597131712029,20
2018-05-08,0.011829347407826778,20,0.008348232605837315,8,0.013500969185876083,21
2018-05-09,0.014226028283317179,26,0.011968671906193207,18,0.014002296916175003,22
2018-05-10,0.009020877697939963,13,0.011913180223026634,18,0.013300656263212808,20
2018-05-11,0.009607308148137232,15,0.011926679512304344,18,0.012167862400985623,17
2018-05-14,0.009780530922083391,15,0.011406626606169985,17,0.010355648427989996,12
2018-05-15,0.010219884750976332,17,0.011363458269149671,16,0.010346221670214635,12
2018-05-16,0.004623948381857313,2,0.010379301215175536,14,0.010455262697979938,13
2018-05-17,0.005976768071240848,5,0.009542871389723359,12,0.0098225968950058,11
2018-05-18,0.009627775257144035,15,0.012073812806133344,19,0.009625635422113588,10
2018-05-21,0.010552706002461021,17,0.011935417482032707,18,0.009831657362875331,11
2018-05-22,0.012289821754581683,22,0.012026451864966892,19,0.010099569513951863,12
2018-05-23,0.013540038776296991,24,0.010076501374816034,13,0.01060205225435873,13
2018-05-24,0.013504479314626243,24,0.010002207332618834,13,0.010737842841740857,13
2018-05-25,0.011021325387162243,18,0.009944635969920998,13,0.010731097104935236,13
2018-05-29,0.01890137956506856,35,0.014875456095245633,25,0.013802253686233517,21
2018-05-30,0.021096556682697238,37,0.016688618602074295,29,0.014403769486127706,22
2018-05-31,0.02114396666042806,38,0.016964844370922584,29,0.014746944164571027,23
2018-06-01,0.023302465298102933,40,0.017969261934171605,31,0.01481359575675971,23
2018-06-04,0.023377062582213552,40,0.017375351902034656,30,0.014527083410605903,22
2018-06-05,0.014187710884233559,26,0.01691385620743568,29,0.014667576046950173,23
2018-06-06,0.01871892792153438,34,0.019993109732763907,34,0.01605431595123033,25
2018-06-07,0.015686049893225643,29,0.019568450118661627,33,0.015923399138598113,25
2018-06-08,0.01588907801480564,29,0.01944657047515394,33,0.014770011095858368,23
2018-06-11,0.015795777822380605,29,0.019452876544767798,33,0.014708336733989573,23
2018-06-12,0.014949152976849142,27,0.01391757868259155,23,0.014726153250711891,23
2018-06-13,0.0030045078902508422,0,0.012929715939391389,21,0.014612774391327906,23
2018-06-14,0.004854980391964111,3,0.012429259629949164,20,0.014704782100528786,23
2018-06-15,0.005009453615777692,3,0.012101779898347131,19,0.014733658698664148,23
2018-06-18,0.005853772286376953,5,0.01218384163138209,19,0.014751708150657485,23
2018-06-19,0.005837419961229521,5,0.011856043162350477,18,0.014324302891709648,22
2018-06-20,0.005995476647006042,5,0.004693114205533092,0,0.014100524040716078,22
2018-06-21,0.004701403360708343,2,0.004697823971857225,0,0.013809142941366075,21
2018-06-22,0.005662365493736973,4,0.005270967004582891,1,0.01365052498158939,21
2018-06-25,0.0077641384435109565,10,0.006559090512007983,4,0.014017003047973806,22
2018-06-26,0.008663024115563196,12,0.006972204858626834,5,0.01405514829814708,22
2018-06-27,0.008570193068297441,12,0.0071345226963588654,5,0.011370485032517363,15
2018-06-28,0.012969852663041015,23,0.009313386997795168,11,0.011124829581840233,14
2018-06-29,0.014010553221714279,25,0.010244374989160187,14,0.011222251755008331,15
2018-07-02,0.01253220113103575,22,0.01017112301887544,14,0.010831282981042642,14
2018-07-03,0.01418471977286748,26,0.01108224754038924,16,0.011359278795372314,15
2018-07-05,0.014459399135725803,26,0.011477632011715838,17,0.011362189381834059,15
2018-07-06,0.011672535663033787,20,0.011633351712851797,17,0.00853115523348838,7
2018-07-09,0.01934669176792756,35,0.017072870592224444,29,0.012136441867245747,17
2018-07-10,0.020335570362388675,37,0.01617413015409234,28,0.01220498347783567,17
2018-07-11,0.01758610537102827,32,0.01630024923716071,28,0.012198419493198305,17
2018-07-12,0.017646541488025948,32,0.015830398976941076,27,0.012228601855455204,17
2018-07-13,0.018734649097882305,34,0.015347698049697187,26,0.012295991259743367,18
2018-07-16,0.02165484071362547,38,0.019366325176537212,33,0.015540326369026303,24
2018-07-17,0.02045351507049299,37,0.019354976823052025,33,0.015501599056770655,24
2018-07-18,0.019326915846009655,35,0.01751996060261139,30,0.015500710016322607,24
2018-07-19,0.022471580572779884,39,0.01904857288085118,32,0.0158706010377192,25
2018-07-20,0.0212089556493416,38,0.01924222458987932,33,0.016185879721603017,26
2018-07-23,0.01379137890909268,25,0.017130473308213347,29,0.016710246135391408,27
2018-07-24,0.013868463836050499,25,0.0165376169125342,28,0.016455553344442642,26
2018-07-25,0.013870521499487858,25,0.015986613437130124,28,0.015780903633909306,25
2018-07-26,0.009888122070490493,15,0.01640389376172473,28,0.015883407139412716,25
2018-07-27,0.009156519724535963,14,0.0156137368350158,27,0.015533926189787044,24
2018-07-30,0.004974115381979285,3,0.009891246717502841,13,0.015367791781892376,24
2018-07-31,0.009299244241144266,14,0.011454646418049247,17,0.015174483309216339,24
2018-08-01,0.010275366910227478,17,0.01181076256134476,18,0.015258823033353902,24
2018-08-02,0.0098504665606626,15,0.00986714881798759,13,0.014399005359643976,22
2018-08-03,0.010115080195979204,16,0.009251910715682503,11,0.01440203636376229,22
2018-08-06,0.009718576815611316,15,0.007374345926167245,6,0.014447981375513464,22
2018-08-07,0.005393912279804995,4,0.00742748767594983,6,0.01265936055731932,18
2018-08-08,0.0044307576106666245,2,0.0075582295080314004,6,0.012422725481167069,18
2018-08-09,0.006273808040595817,6,0.007786347465904069,7,0.01246843430976373,18
2018-08-10,0.008254690678164173,11,0.00908406905210856,10,0.013051535358167827,20
2018-08-13,0.01215746346507488,21,0.011201087077538419,16,0.014097169135646211,22
2018-08-14,0.014244215208213631,26,0.011117682749167766,16,0.01091308280407544,14
2018-08-15,0.01229450260717205,22,0.010976390098461287,16,0.011327643022952295,15
2018-08-16,0.015591857160952764,29,0.011896929644498677,18,0.011572253208880185,15
2018-08-17,0.015151020879699842,28,0.011510212804192364,17,0.01095938943861037,14
2018-08-20,0.010294281026695848,17,0.01167847533337826,17,0.01051901259322891,13
2018-08-21,0.009564443825241083,15,0.011875384489969892,18,0.009590121456281606,10
2018-08-22,0.005042553541434928,3,0.011272615054562434,16,0.009584270678077838,10
2018-08-23,0.0039023639078514566,1,0.011221177387963443,16,0.00947773029122123,10
2018-08-24,0.003918058649826089,1,0.010622468978296476,15,0.009443708862271182,10
2018-08-27,0.0069367582663378315,8,0.008276735034149194,8,0.00987336980101465,11
2018-08-28,0.0070354162149640085,8,0.00791572080134571,7,0.009722049505106706,11
2018-08-29,0.007437950522817512,9,0.0061970617841077555,3,0.009260046349646917,9
2018-08-30,0.007374787655098531,9,0.005565221568970406,2,0.0089180448731944,8
2018-08-31,0.0075410788328219526,9,0.005677408827957995,2,0.008925912439450645,8
2018-09-04,0.0045624838953436785,2,0.005910666437382396,2,0.008901950190490329,8
2018-09-05,0.0046771786774022755,2,0.005749643365874801,2,0.00890902204063819,8
2018-09-06,0.006455250824667935,6,0.00674191019046613,4,0.009177381052591988,9
2018-09-07,0.006363594681168763,6,0.0065852746362192295,4,0.008885261051596567,8
2018-09-10,0.006307202646738196,6,0.0065742330504303375,4,0.008814125867796101,8
2018-09-11,0.004977640323238374,3,0.004520226777872895,0,0.008394229506069677,7
2018-09-12,0.00676388439231827,7,0.00592662892544654,2,0.007353125263310236,4
2018-09-13,0.006553312852272977,7,0.006304555559252223,3,0.0072394859275936516,4
2018-09-14,0.00846868907353118,12,0.007157841404667112,5,0.0068263218539881656,2
2018-09-17,0.00840921462401304,12,0.0071619630763737055,5,0.006288133386613563,1
2018-09-18,0.008094711352426126,11,0.006449879915777733,3,0.006290298401268442,1
2018-09-19,0.013919415616774617,25,0.011276272711043447,16,0.008572907151172548,7
2018-09-20,0.011766930766682995,20,0.010849769370291501,15,0.008611549446132289,8
2018-09-21,0.01290491423851171,23,0.01103141380004074,16,0.00868733129544644,8
2018-09-24,0.014074851910003478,25,0.011470416129767342,17,0.00887776171911441,8
2018-09-25,0.01407153571751907,25,0.011479487663383393,17,0.008880346998834004,8
2018-09-26,0.008760930863109074,13,0.012040960765692192,19,0.009047286298436895,9
2018-09-27,0.005870925244292684,5,0.01182621426518761,18,0.009099468976275955,9
2018-09-28,0.006470569825569325,6,0.012351311540066771,19,0.009593914497494194,10
2018-10-01,0.0099704113981883,16,0.012705410934330124,20,0.009784604080078824,11
2018-10-02,0.009960238680428913,16,0.01270554229092372,20,0.009784170346938304,11
2018-10-03,0.011643510414855564,20,0.010043059067848945,13,0.01024274926317861,12
2018-10-04,0.012808292627780384,23,0.011164849457412437,16,0.01081428081293386,14
2018-10-05,0.009509392359068499,15,0.011213146048902296,16,0.0106729576331041,13
2018-10-08,0.009618029417469401,15,0.011000452985445561,16,0.010680967818108459,13
2018-10-09,0.01124979646806374,19,0.011297313633661472,16,0.010849358954371988,14
2018-10-10,0.014358207025733162,26,0.012523578790093658,20,0.011971891281991696,17
2018-10-11,0.013064004532756088,23,0.015209200196515798,26,0.013214039720128625,20
2018-10-12,0.01510539028383147,28,0.014931051644370037,25,0.013211712120942581,20
2018-10-15,0.013279714798100842,24,0.015239081193894596,26,0.013450598204073518,20
2018-10-16,0.021775557209518116,38,0.01760156852624301,30,0.014580274975495671,22
2018-10-17,0.02179861907909173,38,0.017468193000394545,30,0.014978032795405695,23
2018-10-18,0.019505691478247243,36,0.01714838331046933,30,0.01414469299263464,22
2018-10-19,0.01945549820400329,35,0.017426043940557873,30,0.014031847945328444,22
2018-10-22,0.023407361380907436,40,0.019073676185455288,33,0.015368228981200485,24
2018-10-23,0.018606384921270296,34,0.019102054001591477,33,0.015434006033857531,24
2018-10-24,0.014539596045048776,26,0.019697338834340952,34,0.01631294660947573,26
2018-10-25,0.020941084348176632,37,0.019976879277502763,34,0.01684971451455214,27
2018-10-26,0.01966808928583126,36,0.019679872133916358,34,0.016853635041303276,27
2018-10-29,0.018176088533143855,33,0.01978191046943016,34,0.01695654256039426,27
2018-10-30,0.018235683510934762,34,0.018008468491902293,31,0.01695454803025836,27
2018-10-31,0.012606231247046315,22,0.02007087386515068,34,0.018303672378403198,29
2018-11-01,0.012301041577725167,22,0.019592931136612313,33,0.018174439592369418,29
2018-11-02,0.00930945103461818,14,0.019602092390277076,33,0.017781804104253614,28
2018-11-05,0.009530235250300221,15,0.01614417768686746,28,0.017904283070545497,29
2018-11-06,0.009658833394745128,15,0.015173064995985424,26,0.017978560025914397,29
2018-11-07,0.003867713404233362,1,0.00888245860562459,10,0.018198994738605787,29
2018-11-08,0.003940709471302502,1,0.008650224903001947,9,0.01766940326433854,28
2018-11-09,0.009763280272609542,15,0.009649714385631045,12,0.01656261071248992,26
2018-11-12,0.01697718522925322,31,0.014629664672688671,25,0.01758252776595168,28
2018-11-13,0.016571909419485525,31,0.014658227702333394,25,0.0170967617818301,27
2018-11-14,0.015493959795724434,28,0.013867371813943175,23,0.01683362085802443,27
2018-11-15,0.020560620364903283,37,0.01582633844860273,27,0.017588954477260527,28
2018-11-16,0.02033116555187881,37,0.015899952312175124,27,0.016954060322054678,27
2018-11-19,0.01631384170063278,30,0.015739774825331964,27,0.01693936353833769,27
2018-11-20,0.01737535176129893,32,0.01600926882142692,28,0.015538827844909925,24
2018-11-21,0.014701049781623936,27,0.015170049601359549,26,0.015274637269859101,24
2018-11-23,0.005392769533877376,4,0.014170825067863272,24,0.013790423179784373,21
2018-11-26,0.014010011101089027,25,0.016594910013584683,29,0.014189919893647306,22
2018-11-27,0.014458257819020532,26,0.014532542383562979,24,0.014058925114383173,22
2018-11-28,0.01568670092527067,29,0.016520597231043613,28,0.014844988218216422,23
2018-11-29,0.017930251389573378,33,0.015697491553058766,27,0.015275287930963867,24
2018-11-30,0.015360258773415882,28,0.014149686311133733,23,0.01442909425806832,22
2018-12-03,0.014029092975056673,25,0.013937188285438855,23,0.014282877874233144,22
2018-12-04,0.030889673191264528,46,0.022894871157166714,38,0.018732149029865704,30
2018-12-06,0.026675939127452017,43,0.023919441454945733,39,0.019406904947251228,32
2018-12-07,0.0276791648014136,44,0.025564765442811957,41,0.020323977754715054,33
2018-12-10,0.021182000896711448,38,0.026303997610159634,42,0.020481495170900036,33
2018-12-11,0.016865400723830512,31,0.02412603494095642,40,0.020057092071841694,33
2018-12-12,0.013202245229765142,24,0.023557121655175206,39,0.020055278763975195,33
2018-12-13,0.01368027708222329,25,0.019989141340634935,34,0.01952494508007011,32
2018-12-14,0.011222913231938525,19,0.020814517723042547,35,0.019582211046025786,32
2018-12-17,0.0040661988192023275,1,0.019336096585247486,33,0.019343550193379216,31
2018-12-18,0.0030347661804805666,0,0.01883901739228942,32,0.018115273837965545,29
2018-12-19,0.005848426402165421,5,0.012855630322770992,21,0.01815795696839244,29
2018-12-20,0.005734578293447481,4,0.011819841655130487,18,0.018118069204629272,29
2018-12-21,0.01294838746432494,23,0.011455906949347795,17,0.018826869681669436,30
2018-12-24,0.01396568283290012,25,0.011640416923231603,17,0.019305105644056828,31
2018-12-26,0.03707268153867563,49,0.024810888286784825,41,0.024481009958620285,39
2018-12-27,0.037015420283115864,49,0.025115091418378015,41,0.02398590661915167,38
2018-12-28,0.03692714572956977,48,0.025064800128233245,41,0.023873996186866975,38
2018-12-31,0.031815972369736316,47,0.025255049580853263,41,0.023135194902073178,37
2019-01-02,0.02372023191241956,40,0.02552972412190809,41,0.023452433111052523,38
2019-01-03,0.012007347796092836,21,0.026182888836330742,42,0.023182712460254256,37
2019-01-04,0.021004410105986148,37,0.02866999126586111,44,0.02536872119833886,40
2019-01-07,0.021189242058293287,38,0.028604789633854467,44,0.02270479818385989,36
2019-01-08,0.02178914503584456,38,0.025789392517391166,41,0.02203181718345189,36
2019-01-09,0.021621711881514998,38,0.02240369144557378,37,0.02094445579896368,34
2019-01-10,0.01855239072188421,34,0.015038236101905487,26,0.0200113950237439,33
2019-01-11,0.0066357207912762575,7,0.015067667014154226,26,0.01999839449925876,33
2019-01-14,0.007255698277387308,9,0.015033072641599358,26,0.020076574135147202,33
2019-01-15,0.005648372090667503,4,0.015013493896947443,25,0.01998964948712102,33
2019-01-16,0.02914271792554832,45,0.025273005227448662,41,0.02480357275939782,39
2019-01-17,0.026708823201179635,43,0.023064310295001382,38,0.02485652078550838,39
2019-01-18,0.026827442182238443,43,0.021415490070510426,36,0.024785445526626516,39
2019-01-22,0.030240118613622708,46,0.02198837251375634,37,0.024609810641863454,39
2019-01-23,0.03211170660672273,47,0.022318595492202435,37,0.02469010371973119,39
2019-01-24,0.011092971417797626,18,0.022423752211310096,37,0.022986139246110204,37
2019-01-25,0.010521483033725233,17,0.02193471040351576,37,0.02128793936956532,35
2019-01-28,0.009856480840936713,15,0.022289208650354234,37,0.018342748560252344,29
2019-01-29,0.010086141733097055,16,0.02329141308298314,39,0.018761557600462716,30
2019-01-30,0.011262341785026126,19,0.02430716451505925,40,0.019189672270345664,31
2019-01-31,0.014340426553374792,26,0.012906423648349706,21,0.02021070000641902,33
2019-02-01,0.008443801712751092,12,0.011087091879604143,16,0.020282305903072256,33
2019-02-04,0.014175983691474095,26,0.012139099278988853,19,0.019750428359528515,32
2019-02-05,0.014076616317653012,25,0.01199845651735509,18,0.018310654988559116,29
2019-02-06,0.013559914437546892,24,0.011884210020594574,18,0.01832896208510913,29
2019-02-07,0.012390703745652373,22,0.012708120612522474,20,0.01893211201602745,31
2019-02-08,0.012427582334686662,22,0.010796804655414502,15,0.018911796788790364,30
2019-02-11,0.008280300186330405,11,0.01098513392993923,16,0.018865617818314875,30
2019-02-12,0.010129835945313269,16,0.011709761247627931,18,0.018837359017772493,30
2019-02-13,0.010113450608142041,16,0.011332012506399102,16,0.018762983628594198,30
2019-02-14,0.007569491909198044,9,0.009779609950829419,12,0.019032130767799756,31
2019-02-15,0.013293189488178259,24,0.012588351984539508,20,0.012197317034346065,17
2019-02-19,0.013491021130346451,24,0.011431545329810064,17,0.01149418019205004,15
2019-02-20,0.013469932434643473,24,0.011620630685434025,17,0.011447585635577443,15
2019-02-21,0.013991208472703435,25,0.011732547566139968,18,0.01136724153448832,15
2019-02-22,0.013085558592843603,23,0.010275091389165379,14,0.011407192231533702,15
2019-02-25,0.007024464493270704,8,0.010322954651535614,14,0.011432111979717325,15
2019-02-26,0.007024522106453463,8,0.010354253210838672,14,0.010765708840893503,13
2019-02-27,0.0066122325564453655,7,0.010246612802052994,14,0.010921683532002296,14
2019-02-28,0.009799579479272586,15,0.011758181775130334,18,0.011287954997682568,15
2019-03-01,0.009899616420025334,16,0.011073492622935228,16,0.011162973070433926,14
2019-03-04,0.010497926379193138,17,0.008541807897977788,9,0.010348059152623804,12
2019-03-05,0.010564524985830964,17,0.008560576465995194,9,0.010305153413618418,12
2019-03-06,0.00932039620769515,14,0.008154070920391733,8,0.009778673453070312,11
2019-03-07,0.008055158035488891,11,0.008539362001039054,9,0.00999807705269583,11
2019-03-08,0.0065810036035208255,7,0.008560943796307296,9,0.010026662896756553,12
2019-03-11,0.00844341942011658,12,0.008997130946690022,10,0.009464938661893133,10
2019-03-12,0.00836010258208224,12,0.008984696875945174,10,0.009467573388779219,10
2019-03-13,0.008846411558930978,13,0.009505631832735024,11,0.0097477423724845,11
2019-03-14,0.004897458760735664,3,0.00818547101640543,8,0.009613233271911202,10
2019-03-15,0.007243149996207295,9,0.008080346503759049,7,0.009724104326606503,11
2019-03-18,0.009244432636965061,14,0.009049657866185522,10,0.009979502224268761,11
2019-03-19,0.010449131276866391,17,0.009437223693679511,11,0.008612962115258615,8
2019-03-20,0.0192179549221952,35,0.01464218761694448,25,0.011509468152285198,15
2019-03-21,0.018819372892896747,35,0.015186282852294931,26,0.01171612547133544,16
2019-03-22,0.023571453862190568,40,0.01965401308310237,33,0.014557694090287654,22
2019-03-25,0.01632514428173298,30,0.01885487424633715,32,0.014548657654357722,22
2019-03-26,0.02211024575681181,39,0.019924936808660226,34,0.014886040633901667,23
2019-03-27,0.020075632454276907,36,0.018892561360248503,32,0.014872060409964189,23
2019-03-28,0.022055833028562385,39,0.01938504539486418,33,0.01500126144162929,23
2019-03-29,0.009934147899381827,16,0.020108161225790802,34,0.015011108203661427,23
2019-04-01,0.014653985100678266,26,0.022793181126366968,38,0.016916198712464928,27
2019-04-02,0.01463678585918391,26,0.02330994318879336,39,0.017017739338300995,27
2019-04-03,0.012983002267580692,23,0.02049773554533396,35,0.01701342586137536,27
2019-04-04,0.012997509414668231,23,0.01977532891462856,34,0.01707202923035585,27
2019-04-05,0.014776979861168707,27,0.012335174810536061,19,0.01691302826549543,27
2019-04-08,0.006503071973043416,7,0.011499348423198288,17,0.016910261986454452,27
2019-04-09,0.0074828891397359055,9,0.012610568142141013,20,0.016925592844223913,27
2019-04-10,0.00788678222927399,10,0.011802065693898153,18,0.016979101873936347,27
2019-04-11,0.006018150652620203,5,0.011932989753603851,18,0.01676466226769583,27
2019-04-12,0.017959226074635067,33,0.015593229476131367,27,0.01868785893613548,30
2019-04-15,0.019822197565189024,36,0.013908764089722631,23,0.018825188372916402,30
2019-04-16,0.018401263719944563,34,0.013710318766588332,23,0.01843347578646381,30
2019-04-17,0.01842013622136161,34,0.013619655468594078,22,0.01840863771404909,30
2019-04-18,0.01842013622136161,34,0.013462811226822616,22,0.01659757694843828,26
2019-04-22,0.006000458261507873,5,0.013359129500952936,22,0.016060457503848605,25
2019-04-23,0.0020031773835080093,0,0.013386656947585236,22,0.012413239357020251,18
2019-04-24,0.002472626348149389,0,0.012769709222560776,20,0.012238819490807629,17
2019-04-25,0.001331351302120907,0,0.012754601869013716,20,0.012105367864976364,17
2019-04-26,0.00404842400937917,1,0.01279724518900837,20,0.01184195353019656,16
2019-04-29,0.006438882375574859,6,0.006555237806410189,4,0.011920424571061839,17
2019-04-30,0.008051846254654386,11,0.0056174151880069466,2,0.012160508732448245,17
2019-05-01,0.010128403254485613,16,0.006960271514889424,5,0.01056579193260551,13
2019-05-02,0.010521548393074164,17,0.007190853506578347,5,0.010444970207440415,13
2019-05-03,0.010253929774989514,17,0.0073508849569098415,6,0.010447409562580525,13
2019-05-06,0.008666612829468503,12,0.00801521565870868,7,0.010548070895418208,13
2019-05-07,0.011337390328225467,19,0.010119373798508961,13,0.011404694257103753,15
2019-05-08,0.010815900592544787,18,0.01017761281244766,14,0.011457745279155211,15
2019-05-09,0.009002697879613062,13,0.010154092441835199,13,0.011239020464073999,15
2019-05-10,0.006192917583946947,6,0.009527218058962998,12,0.011249073470429376,15
2019-05-13,0.017917643851924833,33,0.014923063117094031,25,0.015060011555732191,23
2019-05-14,0.021581566546491824,38,0.016413222810452568,28,0.012618676955982634,18
2019-05-15,0.021438601048110836,38,0.016445417652479647,28,0.012639289711977017,18
2019-05-16,0.02335309311588723,40,0.016726915972467855,29,0.012936714916518113,19
2019-05-17,0.023300792476566242,40,0.016074774494765992,28,0.0128696650036835,19
2019-05-20,0.010665403491313723,18,0.016255939187638194,28,0.0128696650036835,19
2019-05-21,0.009905125407772457,16,0.01655391638923572,28,0.013155205242733732,20
2019-05-22,0.008647546986377963,12,0.01657932357250143,28,0.013179901865157575,20
2019-05-23,0.013086629177442077,23,0.01786719793989682,31,0.014109661197508129,22
2019-05-24,0.016029589287061857,30,0.019157474019030583,33,0.014651831101498015,23
2019-05-28,0.016416035843388996,30,0.013268782647406168,21,0.014458956137359372,22
2019-05-29,0.014549995076126894,26,0.01231389678010828,19,0.013876602750919401,21
2019-05-30,0.015984819080088527,30,0.013398417786735178,22,0.014333561207082861,22
2019-05-31,0.014831154220168227,27,0.013257621538297262,21,0.01467544587299625,23
2019-06-03,0.010327694732906924,17,0.01364100749518331,23,0.014479496861369536,22
2019-06-04,0.02772279217635595,44,0.021576379195072985,36,0.018338614337712573,29
2019-06-05,0.027549624189280125,44,0.02119465885558812,36,0.018340669738098243,29
2019-06-06,0.024723636250464677,41,0.021140040339595954,35,0.01806289625978814,29
2019-06-07,0.022781586062614857,39,0.01988134542235633,34,0.018177863780647275,29
2019-06-10,0.023241849308786228,40,0.020322751845479384,34,0.018872314889936428,30
2019-06-11,0.0117579977912569,20,0.020100185189007497,34,0.01895842410443377,31
2019-06-12,0.013086296783476338,23,0.020341329124441813,34,0.016364678226664552,26
2019-06-13,0.013070632574885955,23,0.018828493382110983,32,0.016071314672469826,25
2019-06-14,0.010844949809067986,18,0.016914581225892827,29,0.015914827365761657,25
2019-06-17,0.006434879086711509,6,0.01716419288431426,30,0.015731675939612597,24
2019-06-18,0.013288876594192122,24,0.011831215937405324,18,0.01663046217153479,26
2019-06-19,0.013341285279144114,24,0.01252004716433024,20,0.016802572270555035,27
2019-06-20,0.013436572398282696,24,0.012537901987458275,20,0.016641088546768417,26
2019-06-21,0.013827242517377918,25,0.011827108238753698,18,0.016613015052057072,26
2019-06-24,0.013922177920130546,25,0.01025215979345705,14,0.01563349250787714,24
2019-06-25,0.003278111629014909,0,0.01024205690140214,14,0.015359743761454625,24
2019-06-26,0.005122815512130973,3,0.009974980414175445,13,0.015258164947386214,24
2019-06-27,0.00804211111137295,11,0.01054499393576953,14,0.015372711946340944,24
2019-06-28,0.014313068369106894,26,0.01359376962788175,22,0.015580295778374501,24
2019-07-01,0.013085247315966508,23,0.013729289884238917,23,0.01475362942868027,23
2019-07-02,0.013543016183097983,24,0.012535953382606832,20,0.015068510795172725,23
2019-07-03,0.014793535299413553,27,0.011946085355888989,18,0.011633187691107744,16
2019-07-05,0.014721067360227354,27,0.011918456872821939,18,0.011675495303140911,16
2019-07-08,0.009384253360675972,14,0.01169319358558526,18,0.011691595129608842,16
2019-07-09,0.006666957082400963,7,0.011275942579110665,16,0.01119697809135469,15
2019-07-10,0.007369501599782926,9,0.01174051920266409,18,0.010944976968671792,14
2019-07-11,0.008989721377326083,13,0.011961504812841063,18,0.011127257251770491,14
2019-07-12,0.008586309493376652,12,0.011807078170036272,18,0.010772170491873019,13
2019-07-15,0.009490971556295873,14,0.008921885263046297,10,0.010993132013336562,14
2019-07-16,0.009572627533928357,15,0.007846001525828917,7,0.01120288138641311,15
2019-07-17,0.008803567380681778,13,0.007731453108423243,7,0.011182731051801915,15
2019-07-18,0.008292878011442743,11,0.008183070335858331,8,0.010106789437884626,12
2019-07-19,0.008308518207381644,11,0.008011967588140247,7,0.00978490544471428,11
2019-07-22,0.007417969516997997,9,0.00811642734360393,8,0.00978489017898649,11
2019-07-23,0.009325579202665558,14,0.010632075620469935,15,0.01061492963597492,13
2019-07-24,0.009531785907717628,15,0.009809401580876188,12,0.010656384618515332,13
2019-07-25,0.013301953512685642,24,0.010776581352520426,15,0.010840691668631313,14
2019-07-26,0.012718852949288685,23,0.011304524718927934,16,0.011052293969550887,14
2019-07-29,0.014977362593710608,27,0.011342854787053712,16,0.011301593641304532,15
2019-07-30,0.012566755435815155,22,0.010678265201374312,15,0.010065852281036191,12
2019-07-31,0.011997531175232027,21,0.0114598135980218,17,0.009928571583910537,11
2019-08-01,0.021296847746181746,38,0.01777136911247123,30,0.013174163986636896,20
2019-08-02,0.01848546040036403,34,0.01779263518738338,30,0.013178948081170561,20
2019-08-05,0.024201901538929076,41,0.022437369775819022,37,0.0163050612590137,26
2019-08-06,0.024197518676639718,41,0.0211595843870147,35,0.016585800300217994,26
2019-08-07,0.02360846837932078,40,0.020240993499471494,34,0.016942921299780787,27
2019-08-08,0.025008938157066573,42,0.021921835782224824,37,0.01734334488905319,28
2019-08-09,0.025096285755900487,42,0.020808190672597336,35,0.017100179573023035,27
2019-08-12,0.01839723067114181,34,0.021439864382298713,36,0.01776355856892958,28
2019-08-13,0.0169042035703887,31,0.020579728248468994,35,0.01776811302419816,28
2019-08-14,0.02530019292756575,42,0.023466117901612692,39,0.02024261899519556,33
2019-08-15,0.020453154264242147,37,0.02193925137284065,37,0.020085170346948834,33
2019-08-16,0.028804847313343297,45,0.025491541689832663,41,0.02124340418196487,34
2019-08-19,0.028208500948011143,44,0.02245430752645909,37,0.021425765649450267,35
2019-08-20,0.029007019349502384,45,0.0224100234082657,37,0.02162000016971554,35
2019-08-21,0.018660944051252827,34,0.022304746114647948,37,0.02089447556960728,34
2019-08-22,0.01778493936587826,33,0.021612830125246674,36,0.02071985752203091,34
2019-08-23,0.017746406049052497,33,0.022706425170029073,38,0.021197441826537447,34
2019-08-26,0.01829892961738266,34,0.022423683547429296,37,0.021085322638968194,34
2019-08-27,0.016671435801251522,31,0.02247313166574176,37,0.02111305335585812,34
2019-08-28,0.017822575944318474,33,0.017361232133733372,30,0.02121710726636522,34
2019-08-29,0.01930744944781219,35,0.017784603389910208,30,0.02186924603983496,35
2019-08-30,0.011583618512556045,20,0.01544543034035933,26,0.020595515217784445,34
2019-09-03,0.01549607744405375,28,0.016254961461942524,28,0.020809394942607008,34
2019-09-04,0.014308081815480616,26,0.015468132410851166,27,0.01903020240925436,31
2019-09-05,0.015747694063424213,29,0.016683957716486248,29,0.019537263039032974,32
2019-09-06,0.017741493621218574,33,0.017508047332935976,30,0.01933992737471325,31
2019-09-09,0.022238045583354436,39,0.016717529735245297,29,0.020270199767601388,33
2019-09-10,0.01797825821070887,33,0.017567366824527017,30,0.02095160859031563,34
2019-09-11,0.018882454590829805,35,0.016151043026961055,28,0.02006994917014382,33
2019-09-12,0.018347736878822258,34,0.016139751427725335,28,0.020087622013648998,33
2019-09-13,0.012024440249472882,21,0.016088422426574867,28,0.016618151980301563,26
2019-09-16,0.010624908919838305,18,0.016467834345688107,28,0.016456379103963387,26
2019-09-17,0.008797742461081868,13,0.014896445717499861,25,0.01580353859443744,25
2019-09-18,0.008845627882228783,13,0.014944591445077073,25,0.01579036128284376,25
2019-09-19,0.00948778561818432,14,0.014721634282258414,25,0.014956562236873852,23
2019-09-20,0.004068662431135231,1,0.013905289544368859,23,0.015209663437751396,24
2019-09-23,0.003930452232875761,1,0.010701827254026542,15,0.015236302517807497,24
2019-09-24,0.008119347888669276,11,0.009791955045106831,12,0.014612301668772925,23
2019-09-25,0.010916913181565012,18,0.010423085035994558,14,0.01458876167831968,22
2019-09-26,0.01090656118767146,18,0.010089639213331917,13,0.01426951367027953,22
2019-09-27,0.01191543548684382,21,0.008480868657486037,9,0.014114925907554457,22
2019-09-30,0.012096034144040566,21,0.008529208740353778,9,0.01393507940683343,21
2019-10-01,0.01409548697550265,25,0.010986860117534046,16,0.015200866126888556,24
2019-10-02,0.013289569784629975,24,0.011736787014038966,18,0.015493107447021677,24
2019-10-03,0.0136748433997392,25,0.011903232752886225,18,0.01512367351936686,23
2019-10-04,0.017994629192318066,33,0.014633952722852922,25,0.014929981734471548,23
2019-10-07,0.01811223120479244,33,0.014637478333939155,25,0.014579490566086994,22
2019-10-08,0.017849465042097196,33,0.01520831001425983,26,0.013685221076720568,21
2019-10-09,0.01639761869862864,30,0.015068403401993793,26,0.012529129868252569,18
2019-10-10,0.01849495454626144,34,0.01698403329075335,29,0.013402999176371144,20
2019-10-11,0.01773648503678449,33,0.017737259663379697,30,0.013834721049312104,21
2019-10-14,0.01745154222137025,32,0.017875664151101138,31,0.013385023922819513,20
2019-10-15,0.005815976612732422,5,0.016501825864125515,28,0.014207073809873225,22
2019-10-16,0.00501850881095575,3,0.014015364793455358,23,0.014521821960026382,22
2019-10-17,0.006891374857757432,8,0.013774795441149613,23,0.014528579695164053,22
2019-10-18,0.007592803161608697,9,0.013231226032552055,21,0.014459283803841264,22
2019-10-21,0.009195744695504732,14,0.013616192960649842,22,0.015018425290962843,23
2019-10-22,0.00843662696328437,12,0.00733059077157699,6,0.014995738777427253,23
2019-10-23,0.007970667854473755,10,0.007468759108344081,6,0.014107665297503886,22
2019-10-24,0.009001467316277954,13,0.008045046355254971,7,0.01407705182407726,22
2019-10-25,0.008805030111887612,13,0.007765352065537879,7,0.014071546158925021,22
2019-10-28,0.004893091511763193,3,0.007958070052792381,7,0.014050120942671525,22
2019-10-29,0.004974426146163754,3,0.0068945926901416675,5,0.01387062967526977,21
2019-10-30,0.009877304786004714,15,0.009203317224723338,11,0.012867113461422278,19
2019-10-31,0.011361333228722575,19,0.010485383129047085,14,0.012001729393505176,17
2019-11-01,0.012957131473895923,23,0.011328875386257025,16,0.012142841141400712,17
2019-11-04,0.015415071778971254,28,0.010817175989899279,15,0.01207443422503044,17
2019-11-05,0.015957616296386843,30,0.01115108838658,16,0.011989877258435895,17
2019-11-06,0.012882776082405152,23,0.011282372593522102,16,0.009859008245251362,11
2019-11-07,0.007762826021883017,10,0.011380662286501132,17,0.0099215506162887,11
2019-11-08,0.008608838039717036,12,0.011292234553212354,16,0.009674590463329564,11
2019-11-11,0.007756790971529338,10,0.011521956077951747,17,0.009692487942742195,11
2019-11-12,0.00672889250460916,7,0.01165894061841627,17,0.009896736421001596,11
2019-11-13,0.008309814754101683,11,0.01092635587726609,15,0.009871483005552363,11
2019-11-14,0.003616677670831046,1,0.009950208807137274,13,0.009717154966054242,11
2019-11-15,0.005761117500177806,4,0.009025761303290183,10,0.009738498389937596,11
2019-11-18,0.005889246349847118,5,0.007247197366593826,6,0.009760590369776377,11
2019-11-19,0.0058394749122416285,5,0.006090051855358407,3,0.008872786795551297,8
2019-11-20,0.00533876137711656,3,0.006592957299620595,4,0.009131334300898524,9
2019-11-21,0.005602785153536636,4,0.00493682805639832,1,0.009082454934002483,9
2019-11-22,0.006620412934026442,7,0.006136293837020935,3,0.009202073067232102,9
2019-11-25,0.007325366091568598,9,0.006683815558848655,4,0.009090583035212036,9
2019-11-26,0.007807135336426776,10,0.006741546193872271,4,0.009184343603486338,9
2019-11-27,0.00555351348941754,4,0.0057815759913074204,2,0.00911336194080934,9
2019-11-29,0.006462875102030357,6,0.005804246913773908,2,0.008435224079101826,7
2019-12-02,0.005051326402707521,3,0.0055516157571579355,2,0.00783860437230659,5
2019-12-03,0.008332297042353535,11,0.008233279166340559,8,0.008421802134150204,7
2019-12-04,0.010223943783889326,17,0.008790402305885186,9,0.007671263968394806,5
2019-12-05,0.010060569358724143,16,0.008366753317811488,8,0.007193239979649362,4
2019-12-06,0.013215715794388076,24,0.009815764718676744,12,0.008092431965386181,6
2019-12-09,0.013529185583461901,24,0.009640936310125794,12,0.007692653643830089,5
2019-12-10,0.009142341402135715,14,0.009253648612438263,11,0.007691998767235086,5
2019-12-11,0.008662270868629987,12,0.009194657487419763,11,0.007687897134925753,5
2019-12-12,0.01452704685096611,26,0.013237525152496772,21,0.010076302775723507,12
2019-12-13,0.015251660905614159,28,0.013516359974184764,22,0.009965709119344284,11
2019-12-16,0.014325092111111735,26,0.013579762359014778,22,0.009953807424159238,11
2019-12-17,0.013867014666646759,25,0.011349501673746803,16,0.010029516667386206,12
2019-12-18,0.014008701757182591,25,0.011383822566981497,17,0.010020948713083561,12
2019-12-19,0.0073018604147316235,9,0.011619080991480369,17,0.010129730587997689,12
2019-12-20,0.005753077932422035,4,0.010900145327462477,15,0.009865348633212263,11
2019-12-23,0.005484209084024907,4,0.010483092472241913,14,0.009879829032943908,11
2019-12-24,0.0037956609114145785,1,0.010448701233861315,14,0.009753153206711981,11
2019-12-26,0.005104994979018572,3,0.010485368067672867,14,0.009746604358296714,11
2019-12-27,0.0051826990770490015,3,0.005981367687608695,2,0.009789853120102842,11
2019-12-30,0.006315019670484556,6,0.0057838015637551215,2,0.00996330701044942,11
2019-12-31,0.005766604019683876,5,0.0054551536535564,1,0.00988617301387903,11
2020-01-02,0.007824443271922695,10,0.005842260473270235,2,0.010089825554238542,12
2020-01-03,0.011962509973142436,21,0.009192705914791516,11,0.010427307454979221,13
2020-01-06,0.011963448833699902,21,0.00909438420555017,10,0.010358808018562503,12
2020-01-07,0.012027198309824861,21,0.00930754406518509,11,0.010508597937750101,13
2020-01-08,0.013341580403976958,24,0.009728588823437696,12,0.01008393248743918,12
2020-01-09,0.011448507907221055,19,0.009735577234068213,12,0.009970218562598977,11
2020-01-10,0.007336066601077887,9,0.009452070559435184,11,0.01022473926414542,12
2020-01-13,0.008580577760961201,12,0.01004094231643566,13,0.010350575792377312,12
2020-01-14,0.007617922174290191,9,0.010185048622306755,14,0.008095129551880449,6
2020-01-15,0.01157682310116501,20,0.011777244786951037,18,0.008988475010914185,9
2020-01-16,0.011557463260661526,20,0.01088096224913539,15,0.008841687442759408,8
2020-01-17,0.010961351081871011,18,0.008802582337332603,9,0.008555843473906906,7
2020-01-21,0.010723421999943365,18,0.009651243517856858,12,0.00895836287163944,9
2020-01-22,0.00959737853663587,15,0.009579480851519384,12,0.008963819978077959,9
2020-01-23,0.006654671751328602,7,0.008937507710951195,10,0.009060807618485689,9
2020-01-24,0.00835006011664229,11,0.009884152569245064,13,0.00953464764190935,10
2020-01-27,0.009237172191638944,14,0.011122000382147026,16,0.010293159903009497,12
2020-01-28,0.013539285967362064,24,0.011537719136690302,17,0.01050884676900984,13
2020-01-29,0.012610654187571759,22,0.010644264853351997,15,0.01053622277084013,13
2020-01-30,0.016094777383566235,30,0.011613847333627284,17,0.011179339646541,15
2020-01-31,0.016622311195522318,31,0.012482794474189592,20,0.011734843301248167,16
2020-02-03,0.013994594582801721,25,0.012774066528957202,20,0.01135152065153245,15
2020-02-04,0.015859902545140244,29,0.014578734786598815,24,0.011728881538754092,16
2020-02-05,0.019447781100483136,35,0.018177948337384016,31,0.013895608828105352,21
2020-02-06,0.019871090297489874,36,0.017979997561291677,31,0.01381884050341279,21
2020-02-07,0.014912195036355082,27,0.016822439588898758,29,0.013632853102169664,21
2020-02-10,0.015146744495742177,28,0.01463231457756119,25,0.013638104139374399,21
2020-02-11,0.014429081003857385,26,0.014485798579511594,24,0.01352657794166007,21
2020-02-12,0.0025631074011889473,0,0.013917310894259743,23,0.01340380747691095,20
2020-02-13,0.0023867706002180782,0,0.013686397084832616,23,0.013292633961521885,20
2020-02-14,0.0023828932803351007,0,0.011201575920171644,16,0.012650402455650146,18
2020-02-18,0.008291771749057101,11,0.013321268024159212,22,0.013175062860525224,20
2020-02-19,0.010848533408093901,18,0.012598848112334337,20,0.013509012997311288,21
2020-02-20,0.0107915685884029,18,0.007440333499279337,6,0.013189315844001128,20
2020-02-21,0.012406959560570065,22,0.008749397836266,9,0.013573927151187947,21
2020-02-24,0.023242431643070646,40,0.017154808218642507,30,0.01705261673145864,27
2020-02-25,0.029024199357112198,45,0.02194355214245076,37,0.01986483732291165,32
2020-02-26,0.02347761898242283,40,0.02147454991844774,36,0.01964520204547897,32
2020-02-27,0.01902000978239157,35,0.023395637668516295,39,0.021699747187122254,35
2020-02-28,0.017138079773581585,32,0.02258877235371826,38,0.02196536939835721,35
2020-03-02,0.03295976401993661,47,0.0272787463338687,43,0.023006014046220602,37
2020-03-03,0.03406848423643522,47,0.02987714357835632,45,0.02526262582831067,40
2020-03-04,0.03978227587715848,49,0.031251878445338784,46,0.026027912061877007,41
2020-03-05,0.04157214163995073,50,0.03209568065068746,47,0.027444172277495713,43
2020-03-06,0.04297866318494685,50,0.032112364312094216,47,0.02631813526590784,41
2020-03-09,0.06081020419307975,52,0.049502976149279565,51,0.03899518093669855,50
2020-03-10,0.08467724064662799,53,0.060956544640436316,52,0.044297265237121186,51
2020-03-11,0.07956330904310302,53,0.06097993350007673,52,0.044329470362395484,51
2020-03-12,0.08320760434745143,53,0.06441876756097588,52,0.04700974957592019,51
2020-03-13,0.13197253060346262,54,0.09282917358907944,53,0.06428582941153389,52
2020-03-16,0.133858507010618,54,0.1012619666953079,53,0.07088231318780162,52
2020-03-17,0.13366227975880848,54,0.10610021897103261,53,0.07395492490164866,52
2020-03-18,0.1346870964597342,54,0.10558965226623954,53,0.07434419377296046,52
2020-03-19,0.12602792823727743,54,0.10586134466749342,53,0.07450869966056266,52
2020-03-20,0.08810731472819416,53,0.10708491317097596,53,0.07510894640681298,52
2020-03-23,0.06750322656864652,53,0.10027797116844678,53,0.07606597358388384,52
2020-03-24,0.10194036125646366,53,0.11207289443918576,53,0.08646063541223069,52
2020-03-25,0.0981636350945133,53,0.11145538523077292,53,0.08622784399848811,52
2020-03-26,0.10324874430077019,53,0.10864705903097747,53,0.08851307017898914,52
2020-03-27,0.09865629896825823,53,0.09362200867273876,53,0.08852015488696108,52
2020-03-30,0.08090823098916962,53,0.07822090905800426,52,0.08872922093733948,52
2020-03-31,0.05014946183526707,51,0.07584845960147213,52,0.08846567009334085,52
2020-04-01,0.059486683627805126,52,0.07711821674315021,52,0.08884939661471196,53
2020-04-02,0.04689350970470335,51,0.07805407693678246,52,0.08927588077328082,53
2020-04-03,0.04420173058223532,50,0.07463682987924375,52,0.08875010880111678,53
2020-04-06,0.056804957413538915,52,0.07050965023568254,52,0.0900427361787485,53
2020-04-07,0.05573819915294134,52,0.050113529298634316,51,0.08425221065734018,52
2020-04-08,0.03690434985467548,48,0.05278745019572411,52,0.08358181270461561,52
2020-04-09,0.0386049712730522,49,0.050735373269425274,51,0.08386985510838008,52
2020-04-13,0.04353603635113046,50,0.0493500415214244,51,0.08123761031269101,52
2020-04-14,0.043242226872894085,50,0.04958671331252197,51,0.07163177704693101,52
2020-04-15,0.056581340590026535,52,0.053115029680903786,52,0.06421217312365006,52
2020-04-16,0.04762159056023615,51,0.04871773165640348,51,0.06272939161693858,52
2020-04-17,0.0586599101409082,52,0.05395835638100007,52,0.06410701501584537,52
2020-04-20,0.05821061342560599,52,0.05460073755205718,52,0.06464172185449947,52
2020-04-21,0.05939655514501151,52,0.05304078488854714,52,0.06302556870494933,52
2020-04-22,0.05327480474484604,52,0.051856705154371345,52,0.059777330610942224,51
2020-04-23,0.050141200744322614,51,0.0475610784479524,51,0.048489573561136395,51
2020-04-24,0.024538795074999384,41,0.04240798512729446,51,0.04855124350330396,51
2020-04-27,0.034313070896148545,48,0.04623866884513009,51,0.04730004545589213,51
2020-04-28,0.021995670162729415,39,0.0465254638888786,51,0.04586442518791964,51
2020-04-29,0.021712440453455113,38,0.041204677285509785,50,0.046278624375869666,51
2020-04-30,0.03254892000182616,47,0.04057531750050088,50,0.045963291227412995,51
2020-05-01,0.04244571824755131,50,0.034048288055484974,48,0.043997523089602045,51
2020-05-04,0.03223164993323659,47,0.032143447135820534,47,0.04347183979207488,51
2020-05-05,0.029778155046134392,45,0.029404974799068336,45,0.04304628663792513,51
2020-05-06,0.014072528083233768,25,0.029964403617019925,45,0.04087987494624741,50
2020-05-07,0.0221818228655688,39,0.030564642662329448,45,0.04046106396627648,50
2020-05-08,0.021059719028565533,37,0.031670531762655885,46,0.038955031847570314,50
2020-05-11,0.029813466726427044,45,0.029281426471059434,44,0.0375484067223158,50
2020-05-12,0.03248567463655581,47,0.02943750932109447,45,0.037285687671820306,50
2020-05-13,0.03705882875522247,49,0.026705202732979903,42,0.03840047082584705,50
2020-05-14,0.041964716953566655,50,0.031646381057184474,46,0.037087580192024024,50
2020-05-15,0.03517479276842483,48,0.029826459265507914,45,0.03636914782110577,49
2020-05-18,0.04899676577453248,51,0.038401040475070584,50,0.03446195227218411,49
2020-05-19,0.04898883392992123,51,0.03959002126367156,50,0.03436302166757279,49
2020-05-20,0.04088190773949972,50,0.040587713247676946,50,0.033856678250345135,48
2020-05-21,0.03974918793073189,49,0.04005486534851465,50,0.033852006877546206,48
2020-05-22,0.03946515061306847,49,0.038630325902128025,50,0.03397709231593759,49
2020-05-26,0.040198468974134594,49,0.04246677880118847,51,0.03713905883887355,50
2020-05-27,0.038278224046784284,49,0.04406405518772404,51,0.03806666356511304,50
2020-05-28,0.051115737642944324,51,0.04364819762930104,51,0.03938094916395746,50
2020-05-29,0.05520739086083442,52,0.045352464979950595,51,0.03914930702521263,50
2020-06-01,0.053824491637761554,52,0.04460916646332421,51,0.038817918398852014,50
2020-06-02,0.04473039990934553,51,0.04025166179161842,50,0.03761680607053166,50
2020-06-03,0.03669479363324523,48,0.03912361816181494,50,0.03861902947633135,50
2020-06-04,0.02863685521436889,45,0.03907744614631599,50,0.03870753891738606,50
2020-06-05,0.017070063088169808,31,0.03988143055284667,50,0.039339924759656364,50
2020-06-08,0.01799284361808148,33,0.03839607965129073,50,0.03928041564781394,50
2020-06-09,0.024952558392480964,41,0.03585138162895467,49,0.039279873173100326,50
2020-06-10,0.04154101519551384,50,0.03703545976025823,49,0.0404139544411735,50
2020-06-11,0.059229261208693165,52,0.04781336941246412,51,0.046212653168983854,51
2020-06-12,0.05522461253728884,52,0.0481696542074991,51,0.0451133194484565,51
2020-06-15,0.0551603727634212,52,0.04799413126066977,51,0.044576888073340246,51
2020-06-16,0.05957224616994721,52,0.048507986432801686,51,0.04448269674902199,51
2020-06-17,0.05608584656268206,52,0.04732237095834444,51,0.043125524953238514,51
2020-06-18,0.025869501339816175,42,0.04593122640633524,51,0.042325868015908055,50
2020-06-19,0.02148970225935874,38,0.04209617293776029,50,0.041944053122543644,50
2020-06-22,0.02368462564267894,40,0.041342852623162805,50,0.042455272314820866,51
2020-06-23,0.018703873068636828,34,0.041865770154232845,50,0.0423214579057219,50
2020-06-24,0.021522683889522082,38,0.04005691996311064,50,0.040515897850230624,50
2020-06-25,0.030577601265451993,46,0.027389512377195006,43,0.0382964810903544,50
2020-06-26,0.03985571252680206,49,0.03206647022798936,47,0.039636154584352754,50
2020-06-29,0.04110991533269445,50,0.031761544231437025,46,0.03922728459851794,50
2020-06-30,0.042119837551727504,50,0.030723972422359667,46,0.03910986958423425,50
2020-07-01,0.039316344515943354,49,0.030020771491060683,45,0.03926228892285568,50
2020-07-02,0.03222351074197832,47,0.03001131328568302,45,0.037668893991607354,50
2020-07-06,0.015203548914462213,28,0.030522554061053253,45,0.03712567466277064,50
2020-07-07,0.020143628726585972,36,0.03070588636908024,46,0.03519096470512522,49
2020-07-08,0.01805389734793061,33,0.030577069511787507,45,0.0348862554569781,49
2020-07-09,0.016902035815467332,31,0.028530374775860328,44,0.03490058847888322,49
2020-07-10,0.031714351562669496,46,0.03160025096606563,46,0.03579636427208485,49
2020-07-13,0.03131071091584703,46,0.023205283919912632,38,0.028248372836984583,43
2020-07-14,0.026441914090558027,43,0.023197617008956253,38,0.027112863130862107,42
2020-07-15,0.026450851786891258,43,0.023435801463190156,39,0.027247814358547447,42
2020-07-16,0.030157021364461946,46,0.02427764984529537,40,0.027124326486783853,42
2020-07-17,0.02135342276491759,38,0.026414907424008233,42,0.027057294913194297,42
2020-07-20,0.022970863907201815,39,0.026389609490778558,42,0.027348157207650714,43
2020-07-21,0.029408085128637938,45,0.02664058934452942,42,0.028511310165276825,44
2020-07-22,0.027976012525274,44,0.026855825475816806,42,0.028004356564693238,43
2020-07-23,0.024289719573929464,41,0.02595256409481453,42,0.028042438823357906,43
2020-07-24,0.01740522609431776,32,0.020261291977334197,34,0.0266301969383277,42
2020-07-27,0.01868085033160363,34,0.02039333590489796,34,0.025322334121347646,40
2020-07-28,0.009029502484706763,13,0.020574319507185166,35,0.02090710834834146,34
2020-07-29,0.01863679527889008,34,0.023017923539419793,38,0.022195965183975284,36
2020-07-30,0.021611179150810133,38,0.02172017852808686,36,0.0224833096278826,36
2020-07-31,0.020882799465101794,37,0.018327947697233084,31,0.02186046811672183,35
2020-08-03,0.019611247141942227,36,0.018095444656233244,31,0.021855771793192057,35
2020-08-04,0.019749459283785114,36,0.014806648399712343,25,0.021678447377041,35
2020-08-05,0.011599233544389177,20,0.015080864521549475,26,0.020668643887136642,34
2020-08-06,0.005847895011295287,5,0.014979911965678923,25,0.020671127037469657,34
2020-08-07,0.010224330627853346,17,0.015746045306597803,27,0.020634842338776323,34
2020-08-10,0.010163953230943079,16,0.014979037355976516,25,0.01766270873500485,28
2020-08-11,0.007905437009569978,10,0.015025495499782649,26,0.017758074028050835,28
2020-08-12,0.012558818462885332,22,0.012427407206055697,20,0.017893841572335995,29
2020-08-13,0.016763407893767922,31,0.011878079720859842,18,0.0180608843961757,29
2020-08-14,0.013358735476145096,24,0.011793879023780348,18,0.016638054586390318,26
2020-08-17,0.014124999746850445,26,0.01473640174424325,25,0.015868618013300997,25
2020-08-18,0.00985342279717448,15,0.015798005312415455,27,0.016241149054665793,26
2020-08-19,0.010684541192967816,18,0.015132879939335825,26,0.01454565433671261,22
2020-08-20,0.010871159290505202,18,0.015922904969084592,27,0.014999512062369897,23
2020-08-21,0.00833235579300362,11,0.012923704672361975,21,0.014949640701171213,23
2020-08-24,0.017825296967620332,33,0.015270131899898792,26,0.015947694866897174,25
2020-08-25,0.01697582779089597,31,0.015094834472446262,26,0.01585362963767089,25
2020-08-26,0.01940907369587231,35,0.015673950523891252,27,0.016413986966490303,26
2020-08-27,0.0183172419387225,34,0.01685178614841884,29,0.014887348100102457,23
2020-08-28,0.016968308739812032,31,0.01711049155569515,29,0.01435056750385282,22
2020-08-31,0.018327744587934094,34,0.017077727253866755,29,0.015286947463183582,24
2020-09-01,0.017162550968592233,32,0.01639012013159069,28,0.01528639400367226,24
2020-09-02,0.01575015770225759,29,0.016741258369314106,29,0.015458352008891623,24
2020-09-03,0.014498156740999147,26,0.016531120218823955,28,0.015517415178054116,24
2020-09-04,0.02206486886728963,39,0.019084174443298442,33,0.0171716327779324,27
2020-09-08,0.027815076224519328,44,0.02223835216015848,37,0.01861844243625752,30
2020-09-09,0.02784642127912081,44,0.021811855731819187,36,0.01815623245688456,29
2020-09-10,0.027199332333102486,44,0.021636809313564296,36,0.018004546177866555,29
2020-09-11,0.028212524538800292,44,0.02117269455800903,35,0.018370092154700743,30
2020-09-14,0.02201278448534387,39,0.021185312345012294,35,0.018324390706183084,29
2020-09-15,0.014447870894181708,26,0.020896055319282344,35,0.01865557703698809,30
2020-09-16,0.015824697695067398,29,0.021379965715202294,36,0.018357213706396123,29
2020-09-17,0.014786496045291685,27,0.02109921879600596,35,0.018212111217752663,29
2020-09-18,0.013141719364997206,23,0.020759831429241038,35,0.018248678543051417,29
2020-09-21,0.015621646142412593,29,0.018131882551208383,31,0.019047850584528354,31
2020-09-22,0.016134856758805726,30,0.01523747086336852,26,0.01956287327476212,32
2020-09-23,0.010835137647285048,18,0.01648588497548352,28,0.019092073739681116,31
2020-09-24,0.014589565600266743,26,0.016801935653914447,29,0.018807408060325916,30
2020-09-25,0.017487274679052738,32,0.015832240801134323,27,0.018754757253046452,30
2020-09-28,0.022014433506405466,39,0.01838262305485676,31,0.019192202738850247,31
2020-09-29,0.0204996322392554,37,0.018094217330638155,31,0.019058014400146796,31
2020-09-30,0.014229858789936099,26,0.01818785476759606,31,0.01904785711806631,31
2020-10-01,0.014487236010086998,26,0.018233042893146607,31,0.019058490314577785,31
2020-10-02,0.014513916493033192,26,0.018471834256102097,32,0.018833239757512762,30
2020-10-05,0.011914986719400009,21,0.017131681099873043,29,0.019163251961173557,31
2020-10-06,0.010780937837940685,18,0.015794122967108356,27,0.017346687817648733,28
2020-10-07,0.012601332605004475,22,0.012675308160116472,20,0.01606299401050016,25
2020-10-08,0.012460949846827721,22,0.012826725835130762,21,0.016411631105318864,26
2020-10-09,0.012442986176038413,22,0.012859372192038863,21,0.016118250360980645,25
2020-10-12,0.011927343235692785,21,0.0114456582439485,17,0.01604964400090003,25
2020-10-13,0.01948534319790866,36,0.014846272639767767,25,0.01707223062396073,27
2020-10-14,0.02976171867449212,45,0.023238237974683027,38,0.020228248374227625,33
2020-10-15,0.03155749096999507,46,0.024473872613914052,40,0.020714301835549336,34
2020-10-16,0.031453702676274835,46,0.024459777883596868,40,0.02068905087116804,34
2020-10-19,0.029329287698101208,45,0.024588019934675576,40,0.02111524572788042,34
2020-10-20,0.03139224580689227,46,0.025310597454243324,41,0.02063483886564356,34
2020-10-21,0.017572154538014455,32,0.0241488947026091,40,0.020076371756863866,33
2020-10-22,0.021093905031037623,37,0.026427294595914076,42,0.0202228751596445,33
2020-10-23,0.021193773470022884,38,0.026362845364781527,42,0.020228467996791993,33
2020-10-26,0.019091222159545004,35,0.026139805581440478,42,0.020576555558967192,33
2020-10-27,0.02320169847549333,40,0.02610813039904982,42,0.020874035200698447,34
2020-10-28,0.02402984794598707,40,0.020331689912386555,34,0.020964450640498976,34
2020-10-29,0.012977921857045244,23,0.018768712640201624,32,0.02074169049208037,34
2020-10-30,0.014436676506212451,26,0.018904637204060302,32,0.02080844624616921,34
2020-11-02,0.01795898725144106,33,0.018347056770809164,31,0.021098942504288443,34
2020-11-03,0.015490077825826135,28,0.019225617656184402,33,0.021512298345554046,35
2020-11-04,0.025526142542440424,42,0.02363594950643798,39,0.023240954777214842,37
2020-11-05,0.03052797247637056,46,0.024536998604886402,40,0.02442527739859317,39
2020-11-06,0.03206053262571886,47,0.024781053954643868,41,0.02431547632189576,39
2020-11-09,0.06971134104899215,53,0.05128957387799396,52,0.03966040731336543,50
2020-11-10,0.0714461584153199,53,0.04963762644228213,51,0.039663163575835124,50
2020-11-11,0.06566120142966876,53,0.049344302677873264,51,0.039135691028954214,50
2020-11-12,0.06955723748078671,53,0.05085544212607033,51,0.037426817512276826,50
2020-11-13,0.06775210678414019,53,0.050805248740224435,51,0.037270049919180745,50
2020-11-16,0.01803863942279329,33,0.050856125900823376,51,0.03741817631732622,50
2020-11-17,0.017988856474556197,33,0.05093193573816118,51,0.03690993087231053,49
2020-11-18,0.019747215647689623,36,0.04895626971322312,51,0.03734134383077619,50
2020-11-19,0.015811229567783434,29,0.04828645360946571,51,0.03730193570994644,50
2020-11-20,0.015179735166979985,28,0.04801806496201823,51,0.03682538673050382,49
2020-11-23,0.015236947373866817,28,0.015741889278464035,27,0.03701192782888234,49
2020-11-24,0.030619879708431347,46,0.024400876441815808,40,0.038444316503117096,50
2020-11-25,0.026231123468094673,43,0.023755343288895756,39,0.037559964437076154,50
2020-11-27,0.026434837511971423,43,0.02156309610638858,36,0.037189232183461075,50
2020-11-30,0.032148238708995046,47,0.024476995276204443,40,0.038146072384610534,50
2020-12-01,0.03192372942541093,47,0.02428538339065801,40,0.038198007627195954,50
2020-12-02,0.018321950660747422,34,0.024348692718661646,40,0.03817852897329396,50
2020-12-03,0.018482539381178074,34,0.022939267059788132,38,0.03813205818725983,50
2020-12-04,0.019462574440994116,35,0.0228595021194952,38,0.036438496983222,49
2020-12-07,0.011731151401123734,20,0.02289796193209501,38,0.036021748898264316,49
2020-12-08,0.010343941910316958,17,0.02276641926117481,38,0.03585813524621012,49
2020-12-09,0.008379390050709425,12,0.013493608085147239,22,0.018946387065106374,31
2020-12-10,0.009690968604063337,15,0.013957009747138888,23,0.01899626276150428,31
2020-12-11,0.010439469038728761,17,0.015196449659898878,26,0.01931513808248395,31
2020-12-14,0.01095590802209317,18,0.01258871022668777,20,0.018691732578878517,30
2020-12-15,0.01443204956966956,26,0.011991858262371062,18,0.018781992170284395,30
2020-12-16,0.014476246689109264,26,0.011171894944327266,16,0.018297911562634748,29
2020-12-17,0.013424717366620618,24,0.011172306928460045,16,0.01828670689586459,29
2020-12-18,0.010272634821515535,17,0.01021006837187473,14,0.017620432273562796,28
2020-12-21,0.016582713450894956,31,0.015895868669711346,27,0.01911677599761584,31
2020-12-22,0.020488311510815295,37,0.017008340098853103,29,0.019610769775841155,32
2020-12-23,0.02318278451239533,40,0.018935910127466538,32,0.019984166024018837,33
2020-12-24,0.023779191569046232,40,0.018923417838253697,32,0.01583021843871211,25
2020-12-28,0.022691998477574235,39,0.01733617912167707,30,0.015853924956029993,25
2020-12-29,0.017197708491126673,32,0.016578034957599515,28,0.015890932182294724,25
2020-12-30,0.013647761975174038,24,0.01642351676225316,28,0.014313778407566069,22
2020-12-31,0.006403857934595665,6,0.016522514496559174,28,0.013981942015947284,22
2021-01-04,0.007974125710131699,10,0.017175281630457322,30,0.014010015493218278,22
2021-01-05,0.008337690058167811,11,0.016845417168688558,29,0.013977310507289805,22
2021-01-06,0.028116900152576754,44,0.022901966729521585,38,0.01909992390211568,31
2021-01-07,0.02686929211540114,44,0.021314409059947113,36,0.019274967173691485,31
2021-01-08,0.029875335669272956,45,0.02146460448646537,36,0.019435214794623498,32
2021-01-11,0.026801088079169075,43,0.021225947433772693,36,0.01942296784776964,32
2021-01-12,0.026028225614089528,43,0.02129126877226948,36,0.01955646516404521,32
2021-01-13,0.014908167790940022,27,0.0214562798482378,36,0.018911939575271146,30
2021-01-14,0.013653481847291704,25,0.02105446045651724,35,0.018415816228348064,30
2021-01-15,0.02039152171920724,37,0.0248619253936711,41,0.020116414021447794,33
2021-01-19,0.019200644059959287,35,0.02471027510894761,40,0.02033963687708809,33
2021-01-20,0.016071863259897918,30,0.02569352114072893,41,0.020782270458112498,34
2021-01-21,0.01656408736275454,31,0.01771576833510323,30,0.021270085276897874,34
2021-01-22,0.00903324082241653,13,0.01577619992600924,27,0.02007814774672359,33
2021-01-25,0.004463852647765772,2,0.015892344886423836,27,0.019828775565680384,32
2021-01-26,0.004513888137949366,2,0.014117049345248864,23,0.019051698755647654,31
2021-01-27,0.011970849982042727,21,0.014026252222316552,23,0.02072267497015,34
2021-01-28,0.018628317013812765,34,0.016627457599896003,29,0.021000982515054094,34
2021-01-29,0.019393455169742068,35,0.014326433758193953,24,0.0215592184138393,35
2021-02-01,0.021870394450557298,38,0.015017169876185291,25,0.02168665348851671,35
2021-02-02,0.02926500405566721,45,0.020785005679421417,35,0.022937016509272948,37
2021-02-03,0.02108990477185617,37,0.021752889827113483,36,0.023068031753484146,37
2021-02-04,0.022526669260426662,39,0.023046651402504,38,0.023766521513519902,38
2021-02-05,0.015640764237896825,29,0.022931840055235266,38,0.019608266034582836,32
2021-02-08,0.015136157543727985,28,0.022999600968281034,38,0.019617033558844865,32
2021-02-09,0.015415064576517952,28,0.022834249259211504,38,0.019501291930099793,32
2021-02-10,0.01573215138204923,29,0.01760433360796066,30,0.019162996738715403,31
2021-02-11,0.01129591173533719,19,0.01791570522793838,31,0.018730236614517927,30
2021-02-12,0.011780438330714604,20,0.014425157536404066,24,0.019002751324385093,31
2021-02-16,0.013463574109835758,24,0.015157734853411127,26,0.01961086375113673,32
2021-02-17,0.01216420794100597,21,0.013213542708885565,21,0.018422485599846997,30
2021-02-18,0.013686874836676643,25,0.0139243305845467,23,0.018401064315937278,30
2021-02-19,0.01240773949350431,22,0.011878672364849253,18,0.018133718559162213,29
2021-02-22,0.012739263568415501,23,0.011792884847660811,18,0.017728571676612178,28
2021-02-23,0.00900271277095992,13,0.010797644204134357,15,0.01755097968009279,28
2021-02-24,0.011423064761216064,19,0.011201226685702163,16,0.017472440484415777,28
2021-02-25,0.013796461035766266,25,0.013036498802024217,21,0.017730881303243264,28
2021-02-26,0.02401806311396805,40,0.01860252326030279,32,0.017500479815783124,28
2021-03-01,0.0269017472916641,44,0.020146894243749276,34,0.018160911154475757,29
2021-03-02,0.0269835907515467,44,0.019306982261035464,33,0.017190811984229774,27
2021-03-03,0.02717072122742466,44,0.02044763311507802,35,0.017552569894663087,28
2021-03-04,0.026207709427395975,43,0.020051243707911445,34,0.016543381805420927,26
2021-03-05,0.01582157188014144,29,0.02008706656644743,34,0.01641709403232719,26
2021-03-08,0.012007757718295065,21,0.019727899160565228,34,0.015660715427880896,24
2021-03-09,0.017131222429159366,32,0.021421713652639427,36,0.016704492457533006,27
2021-03-10,0.01833234504562056,34,0.02199613971361179,37,0.017094786450618845,27
2021-03-11,0.018743426972891792,34,0.0214838127856953,36,0.01707316726650048,27
2021-03-12,0.019694855208766324,36,0.0172423209523832,30,0.01725262356856966,27
2021-03-15,0.020258314751374434,37,0.015837504963246617,27,0.01731440322268664,27
2021-03-16,0.015581571761012904,29,0.015505441060903943,27,0.017331013947363066,28
2021-03-17,0.010221969164044864,17,0.014039774974173776,23,0.01666104726109108,26
2021-03-18,0.013478536370285819,24,0.015604183915857255,27,0.017280819422031246,27
2021-03-19,0.014512111775878361,26,0.016357975308646237,28,0.01745241138456428,28
2021-03-22,0.018553844520597013,34,0.018424249347423684,32,0.018479151107119063,30
2021-03-23,0.02064205066566903,37,0.01819958852810765,31,0.018949090103057255,31
2021-03-24,0.019751569004636597,36,0.015498869396042139,27,0.0188648380444021,30
2021-03-25,0.01759543927580758,32,0.016904260456323417,29,0.01866732008287149,30
2021-03-26,0.022748799975292337,39,0.0180260036707395,31,0.019147711349578305,31
2021-03-29,0.01995118434568418,36,0.018280925352098285,31,0.017410947936864162,28
2021-03-30,0.015330973825139612,28,0.018869453007376344,32,0.01662976440724285,26
2021-03-31,0.0170253687489657,31,0.01911387090102148,33,0.016644855649187478,26
2021-04-01,0.01703843598719993,31,0.018423526664772923,32,0.0163964844438236,26
2021-04-05,0.014022602181192936,25,0.017995775820440756,31,0.01641199156875752,26
2021-04-06,0.012394240534074081,22,0.015771472200865486,27,0.016385526908862916,26
2021-04-07,0.011078925814658535,18,0.012968511361807277,21,0.016425519792645185,26
2021-04-08,0.011393678545231357,19,0.013854205938488096,23,0.01563726745272267,24
2021-04-09,0.007888170455289261,10,0.01306547387324494,21,0.014619049696676772,23
2021-04-12,0.007313215727631261,9,0.010804412326498324,15,0.014541546634008034,22
2021-04-13,0.011616589989201809,20,0.012274159419946997,19,0.014862553652553836,23
2021-04-14,0.012978779606821039,23,0.01183777940151043,18,0.01501404282823185,23
2021-04-15,0.01806044440661601,33,0.015175045650129186,26,0.0164705433839747,26
2021-04-16,0.01865728671130766,34,0.013950402198111663,23,0.0165264033982239,26
2021-04-19,0.018568193995297595,34,0.01363567168057833,23,0.015545998694597683,24
2021-04-20,0.020697002255952446,37,0.015991680393223535,28,0.016577856849807126,26
2021-04-21,0.021352143716496845,38,0.016858753600234956,29,0.01616937241786613,26
2021-04-22,0.017596359795628867,32,0.016879895196998132,29,0.015606111554885579,24
2021-04-23,0.01999997225117858,36,0.018381749567156103,31,0.016158845117277984,26
2021-04-26,0.020156183381859507,36,0.018518105150248577,32,0.015668392828654957,24
2021-04-27,0.011902838306366072,21,0.017903493128257425,31,0.014793386853526476,23
2021-04-28,0.011268863549172404,19,0.0173776708464187,30,0.014576483672903925,22
2021-04-29,0.009976335745088919,16,0.01585670007124596,27,0.015194975193649018,24
2021-04-30,0.014838497739474826,27,0.016959742683920847,29,0.01547487200246499,24
2021-05-03,0.015101302249551377,28,0.01695525605626051,29,0.014893599260229227,23
2021-05-04,0.015000421595395894,27,0.01291356611323484,21,0.014972878548781501,23
2021-05-05,0.01504038138716093,27,0.012529133504519433,20,0.015036661727930481,23
2021-05-06,0.011571474960369752,20,0.011370288308320375,17,0.015227558926694067,24
2021-05-07,0.005644510620088531,4,0.01060090447576094,15,0.015014508706044484,23
2021-05-10,0.0069789021749829825,8,0.011115183193668651,16,0.01503658814194504,23
2021-05-11,0.010387621173032314,17,0.012255462831511523,19,0.015340903666725008,24
2021-05-12,0.010768801519333841,18,0.012993393223160003,21,0.01485869545217768,23
2021-05-13,0.011159852682067272,19,0.01105645975297943,16,0.014935285672163156,23
2021-05-14,0.012599232546418426,22,0.009937495125666737,13,0.01327047077667012,20
2021-05-17,0.01279471633459714,23,0.009935065157344028,13,0.013237201645163545,20
2021-05-18,0.013435792450184218,24,0.011322109614051484,16,0.013782562136741778,21
2021-05-19,0.012463907043345343,22,0.011273553316712015,16,0.011940138243011062,17
2021-05-20,0.010546366667034391,17,0.010248704074803702,14,0.011699959113656804,16
2021-05-21,0.010613370937437602,17,0.010988369150078135,16,0.011449698593697271,15
2021-05-24,0.00998335567022987,16,0.011003096050043038,16,0.010809116888592034,14
2021-05-25,0.010306779720210752,17,0.01144441418625661,17,0.011533914333109727,15
2021-05-26,0.010082957561046102,16,0.010845431691466088,15,0.011363669474103522,15
2021-05-27,0.01112615678057441,19,0.010349042041103838,14,0.011552530732935423,15
2021-05-28,0.010034491810532507,16,0.0097381464770125,12,0.010230695220167691,12
2021-06-01,0.011398881737647566,19,0.010150444302503685,13,0.009839911504931602,11
2021-06-02,0.007434424702862048,9,0.008885316552626015,10,0.009842932591633519,11
2021-06-03,0.007190991656918013,8,0.008722481193816679,9,0.009725082801788994,11
2021-06-04,0.006441201999704703,6,0.0085709288874287,9,0.009602854689413253,10
2021-06-07,0.006360671705803957,6,0.008125702499152669,8,0.009207236625771234,9
2021-06-08,0.0048833905718371875,3,0.008309398738813076,8,0.009301432454952472,9
2021-06-09,0.0074892169352731046,9,0.008016660877906158,7,0.009754786488572916,11
2021-06-10,0.006493991726531524,6,0.009422273681975086,11,0.00999070222111721,11
2021-06-11,0.007669654489288915,10,0.008492937778709476,9,0.009775713768461227,11
2021-06-14,0.007745985421208116,10,0.009096994647591197,10,0.009502709273397353,10
2021-06-15,0.008743026656743763,13,0.00758754406602496,6,0.009038035953340493,9
2021-06-16,0.00946118435642417,14,0.00804731993981416,7,0.008877811049768541,8
2021-06-17,0.020568573247502577,37,0.014409455811500708,24,0.012623610895423175,18
2021-06-18,0.02010919760809882,36,0.01501928353613992,25,0.013582891212158247,21
2021-06-21,0.027093966370815487,44,0.018789575936075522,32,0.014958445817218153,23
2021-06-22,0.027545561089832908,44,0.019267504453139676,33,0.014678919593844967,23
2021-06-23,0.027567566356044716,44,0.019509092413164418,33,0.01468822265318877,23
2021-06-24,0.019058958853666704,35,0.02016250727689446,34,0.014946335556504974,23
2021-06-25,0.008543854381303312,12,0.02121605831481338,36,0.015607203380472136,24
2021-06-28,0.008413827316692893,12,0.020835949747261346,35,0.015342814143595635,24
2021-06-29,0.014206474662484814,26,0.021502324006815652,36,0.015686969836651445,24
2021-06-30,0.014302414724742652,26,0.02161323561530778,36,0.01552455277876557,24
2021-07-01,0.013228013449136246,24,0.015493766155536229,27,0.015651682522508505,24
2021-07-02,0.010619196482511358,17,0.01257284489344757,20,0.015610767944497795,24
2021-07-06,0.0150371573760722,27,0.014299647673646729,24,0.01644440465448747,26
2021-07-07,0.014247817158743892,26,0.014450584537509813,24,0.016473191670121318,26
2021-07-08,0.013789665164069573,25,0.016066564480672927,28,0.017079426632043128,27
2021-07-09,0.02366111048786255,40,0.018920349236111154,32,0.0187651545535399,30
2021-07-12,0.02546981941825133,42,0.01839663180736936,32,0.018897613818087716,30
2021-07-13,0.02391561206715263,40,0.019129567238330564,33,0.01924980988558793,31
2021-07-14,0.026300246540770185,43,0.01995308485428785,34,0.019790220328508044,32
2021-07-15,0.023773825076110536,40,0.019485818421667155,33,0.01977966531901927,32
2021-07-16,0.01719598020729669,32,0.019591743061337808,33,0.020171588605245958,33
2021-07-19,0.010481313841655375,17,0.020336867000041836,34,0.018763655570355985,30
2021-07-20,0.020513507923031114,37,0.021674840555564522,36,0.01873473374493237,30
2021-07-21,0.02266603999246538,39,0.023180436443873194,38,0.018438593949142934,30
2021-07-22,0.02317320262873103,40,0.022276357275167868,37,0.0185330433982617,30
2021-07-23,0.020817833469987123,37,0.01871474823378702,32,0.018463447792855414,30
2021-07-26,0.015610993068190578,29,0.018333652385684834,31,0.01827148570453431,29
2021-07-27,0.013837506552714707,25,0.01777780480278092,30,0.017533093699794756,28
2021-07-28,0.009524779626585255,15,0.016390919415175835,28,0.017614813600693894,28
2021-07-29,0.009273199282402639,14,0.017179548413451626,30,0.017819104732779638,29
2021-07-30,0.00969421358368034,15,0.015492502364248668,27,0.017683280173552876,28
2021-08-02,0.010157271902098067,16,0.01300900648307108,21,0.017568538190632685,28
2021-08-03,0.012207637139822342,21,0.012324971372088909,19,0.01803206842412824,29
2021-08-04,0.013003487067609116,23,0.010825397043328343,15,0.01726530466108442,27
2021-08-05,0.014480423296636576,26,0.011510105157225479,17,0.017830672325496247,29
2021-08-06,0.017284561019342726,32,0.013556828029062992,22,0.01808899915174252,29
2021-08-09,0.013329647393882257,24,0.01362888245306252,23,0.016895076129369267,27
2021-08-10,0.013496253607946864,24,0.013572105058022714,22,0.01707813139065164,27
2021-08-11,0.006648355923889167,7,0.013501887051713467,22,0.01660886308127511,26
2021-08-12,0.008967377581300284,13,0.01346975975523448,22,0.015353560386310182,24
2021-08-13,0.012054004844634956,21,0.014086249820242102,23,0.015735550255927943,25
2021-08-16,0.013231678091513039,24,0.013766810489207023,23,0.014753840383538098,23
2021-08-17,0.010120967300079373,16,0.01411777223104755,23,0.013222460844373306,20
2021-08-18,0.006382113448949373,6,0.014121863161898174,23,0.012996554379426024,19
2021-08-19,0.003983553881708119,1,0.014736643553512126,25,0.01301737491626852,19
2021-08-20,0.006952089615900948,8,0.011669579208825318,17,0.012548725476348058,18
2021-08-23,0.010907824993150688,18,0.011720173742860152,18,0.012530331224748312,18
2021-08-24,0.012685298431978324,23,0.010980336849741038,16,0.012617119914844781,18
2021-08-25,0.012742861721943203,23,0.011479053484544643,17,0.012738917350455046,19
2021-08-26,0.0079032993857668,10,0.011413683199155472,17,0.01284720044875522,19
2021-08-27,0.0074789063508216135,9,0.011010518739833953,16,0.012732082198603913,19
2021-08-30,0.014903530959716159,27,0.01265266115092298,20,0.013512818257046201,21
2021-08-31,0.013775737942667716,25,0.012488192533052838,20,0.013112972033889891,20
2021-09-01,0.012088800408288781,21,0.013109880785163336,21,0.013426049857828633,20
2021-09-02,0.012047249008529368,21,0.012082968309699234,19,0.01332035018262205,20
2021-09-03,0.009354613340329027,14,0.01205950131443306,19,0.012798873588270452,19
2021-09-07,0.007622027818837047,9,0.011509524873338983,17,0.011332908485169626,15
2021-09-08,0.008702776231855183,12,0.011319015612328068,16,0.01143223829295314,15
2021-09-09,0.007704566998208761,10,0.009713497755103707,12,0.010661261448425429,13
2021-09-10,0.010269353138455731,17,0.010572432799697693,15,0.010739020475259585,13
2021-09-13,0.013814448386568878,25,0.011619134179222373,17,0.011399033107662784,15
2021-09-14,0.017230150491438747,32,0.012894808002704976,21,0.012489879143748366,18
2021-09-15,0.017910157999475124,33,0.013302861711664157,22,0.012572794378270946,18
2021-09-16,0.018374198255240035,34,0.013292776224877942,22,0.012692616252264382,19
2021-09-17,0.016649141149238187,31,0.013293558992572847,22,0.012606041430972423,18
2021-09-20,0.020112813832604208,36,0.01686953881823277,29,0.01433727573430846,22
2021-09-21,0.01757887351219025,32,0.016524498075402683,28,0.014284782467721488,22
2021-09-22,0.021825486841381858,38,0.018898708751542252,32,0.015158368465717222,24
2021-09-23,0.02799167328459906,44,0.022776933524880152,38,0.0171794968415008,27
2021-09-24,0.027879510851131082,44,0.02196313205685395,37,0.016972077959358376,27
2021-09-27,0.014891664597503254,27,0.022770212348925435,38,0.017906282078691084,29
2021-09-28,0.01585924177517488,29,0.02001810051261043,34,0.017797266593844393,28
2021-09-29,0.01801857318680683,33,0.020283904927955138,34,0.017192820047435404,27
2021-09-30,0.015578615305709994,29,0.021402296547858878,36,0.017547849073565946,28
2021-10-01,0.016133546388776433,30,0.021565188052408854,36,0.017475464032121985,28
2021-10-04,0.010871103698840352,18,0.016207966978740697,28,0.017429700911309864,28
2021-10-05,0.01377046080092798,25,0.016068821041805414,28,0.017834007161794577,29
2021-10-06,0.013490731805056215,24,0.015717597226948148,27,0.017834680897659057,29
2021-10-07,0.009663770521300656,15,0.012408335461079901,20,0.017496260651961196,28
2021-10-08,0.00883401486936494,13,0.01228128960454057,19,0.017497755246084084,28
2021-10-11,0.012068285297547375,21,0.010863878184911946,15,0.017312752446815616,27
2021-10-12,0.006607659452530982,7,0.011024389248827919,16,0.017186158673647915,27
2021-10-13,0.006725617434652388,7,0.01146043071738303,17,0.016040678058303743,25
2021-10-14,0.023450667436065612,40,0.01699835552123466,29,0.01834845249079674,29
2021-10-15,0.02587952930288066,42,0.018320612028159756,31,0.01903158231829182,31
2021-10-18,0.023992306428106052,40,0.01856515393771173,32,0.01908969579817189,31
2021-10-19,0.022630259940169185,39,0.017944993252365492,31,0.016661532289065875,26
2021-10-20,0.018979374880457613,35,0.018024492344244462,31,0.016590685730387227,26
2021-10-21,0.013744383337435582,25,0.018203381561770312,31,0.01640978744499579,26
2021-10-22,0.009245130710200718,14,0.018447850266468155,32,0.014935429527590664,23
2021-10-25,0.009118821491387426,14,0.017410744425513602,30,0.014989976534288501,23
2021-10-26,0.009271261971862753,14,0.016719811769090348,29,0.01425297716078849,22
2021-10-27,0.013595637912533782,24,0.018215524519113728,31,0.015135004617726416,23
2021-10-28,0.014763973704098978,27,0.013584705087058996,22,0.015262977917754323,24
2021-10-29,0.01324973418994069,24,0.010996569427083581,16,0.01465655701534931,23
2021-11-01,0.01319186124284406,24,0.010876752336024677,15,0.014531807492652447,22
2021-11-02,0.012425956565547699,22,0.01090449609597068,15,0.014562524324846345,22
2021-11-03,0.007023257644055992,8,0.010642266289303098,15,0.014189348093241712,22
2021-11-04,0.011755066849403122,20,0.012965973745451179,21,0.01526104216492993,24
2021-11-05,0.011948794719068909,21,0.012109292350693577,19,0.01539469777681768,24
2021-11-08,0.012901746836596402,23,0.01244453677410146,20,0.01542533574558727,24
2021-11-09,0.013186594924526215,24,0.012250252361611258,19,0.015288040253249046,24
2021-11-10,0.012470819002546998,22,0.010979813048284803,16,0.015173723009729951,24
2021-11-11,0.008629663978021049,12,0.009813483150062413,12,0.014871499038769458,23
2021-11-12,0.009892440810748748,15,0.010473157651427664,14,0.012146137684446777,17
2021-11-15,0.009102060317300247,13,0.01053639778589722,14,0.010483147313762684,13
2021-11-16,0.0077569423211146585,10,0.010536652534684776,14,0.01046518830453902,13
2021-11-17,0.008502830236299861,12,0.010100310055988894,13,0.01080278038685345,14
2021-11-18,0.007051605065719519,8,0.008006394242025807,7,0.010409911792529928,13
2021-11-19,0.009443361983775862,14,0.009697840723676606,12,0.011181492620158945,15
2021-11-22,0.014853167897704574,27,0.011661777635323861,17,0.011480547519773529,15
2021-11-23,0.02005996019032699,36,0.014349250809592075,24,0.012965053688948519,19
2021-11-24,0.018499401292351714,34,0.014204582560743802,24,0.012803149293472349,19
2021-11-26,0.0273467833165979,44,0.018886461523828578,32,0.014870436156927057,23
2021-11-29,0.025628507193222003,42,0.01864258587414778,32,0.01435963306522558,22
2021-11-30,0.025325684636679172,42,0.019715350073906297,34,0.015155815897413423,24
2021-12-01,0.016730224512534413,31,0.019763400844105914,34,0.015293197816279287,24
2021-12-02,0.023800583583892268,40,0.021888611152236608,37,0.01645260335835386,26
2021-12-03,0.01979990167104272,36,0.022737723408168625,38,0.016703389525702172,27
2021-12-06,0.020863699624158002,37,0.022367184457129697,37,0.016390178046484277,26
2021-12-07,0.019266200837181228,35,0.02172806998442292,36,0.01671099665715655,27
2021-12-08,0.018908362427905726,35,0.019166002930828915,33,0.01668198211690543,27
2021-12-09,0.015088843899404444,28,0.019491770953702733,33,0.016766333048894078,27
2021-12-10,0.009549490317045793,15,0.015804356783924833,27,0.01663241033115694,26
2021-12-13,0.01398786265317713,25,0.016859496220994582,29,0.016988164797939968,27
2021-12-14,0.013970611906865016,25,0.0159885810272216,28,0.017246224757956445,27
2021-12-15,0.012996041242165473,23,0.015353913456297004,26,0.017198063430306974,27
2021-12-16,0.01715543704592838,32,0.015383561840110747,26,0.018189036595845136,29
2021-12-17,0.021143770004227437,38,0.015755412901341113,27,0.018749683847850675,30
2021-12-20,0.020203766055611132,36,0.0163869804230796,28,0.018989798197276017,31
2021-12-21,0.022680233399131684,39,0.017829081516515164,31,0.019461402484535373,32
2021-12-22,0.022522689278665974,39,0.01739277149340228,30,0.01890861169982775,30
2021-12-23,0.018989631369159054,35,0.017251040175286357,30,0.017819349919956082,29
2021-12-27,0.014277853007257682,26,0.017323173466908266,30,0.017861749342960937,29
2021-12-28,0.009486040540363373,14,0.015592856279637711,27,0.01581240172201764,25
2021-12-29,0.0024090978494378267,0,0.015225991185183767,26,0.015800876161857207,25
2021-12-30,0.0030584510157098824,0,0.015156402404586926,26,0.014850968285383808,23
2021-12-31,0.002920142890900087,0,0.01289120937505822,21,0.014488369526524816,22
2022-01-03,0.017415840064684114,32,0.01512038734176182,26,0.01586772318853728,25
2022-01-04,0.022005018968151237,39,0.016447158484109593,28,0.016868723933408547,27
2022-01-05,0.025575058467210064,42,0.01783459107899367,31,0.017485690356684666,28
2022-01-06,0.024520294666215366,41,0.018221880639689506,31,0.017758899736820762,28
2022-01-07,0.02266192219292383,39,0.01856411421210298,32,0.017785761722815697,28
2022-01-10,0.02251530859121363,39,0.019152360986634396,33,0.01791925308568297,29
2022-01-11,0.01652745609225633,30,0.018997639721141803,32,0.017896510234081522,29
2022-01-12,0.013590529107643995,24,0.019442700608162083,33,0.017121666418614845,27
2022-01-13,0.011767959628237176,20,0.019430039461955383,33,0.01712007189214059,27
2022-01-14,0.008404518040523395,12,0.021030317406856187,35,0.017702734116175903,28
2022-01-18,0.0155377436375223,29,0.021869050291416333,37,0.01898592226603939,31
2022-01-19,0.015057322275595973,28,0.01727543176786432,30,0.017999966006891854,29
2022-01-20,0.014899941882809783,27,0.017107924434184834,29,0.01791999246182371,29
2022-01-21,0.013632900164262642,24,0.015585514418415628,27,0.01781059530406819,29
2022-01-24,0.014038650830052258,25,0.011930100480394286,18,0.017919458219345267,29
2022-01-25,0.015501303993490489,29,0.015162437802200826,26,0.018404581403414597,30
2022-01-26,0.01650864495839062,30,0.015665422673304095,27,0.018496495321504876,30
2022-01-27,0.01561712580546429,29,0.015686203875775278,27,0.018647767249892963,30
2022-01-28,0.012644700296985412,22,0.01642803207538592,28,0.018714075022654472,30
2022-01-31,0.010561574537629351,17,0.016274334443822442,28,0.018717497507554016,30
2022-02-01,0.00986996778537771,15,0.013361553615378666,22,0.019004057152370257,31
2022-02-02,0.010103782409897606,16,0.013356602918833935,22,0.017207045327544922,27
2022-02-03,0.010254271514157412,17,0.012771387528278453,20,0.01492036867308914,23
2022-02-04,0.019205574710829926,35,0.01567189192241123,27,0.016982620248405373,27
2022-02-07,0.019278506067085747,35,0.014747311396916511,25,0.016450159987384486,26
2022-02-08,0.019335317381889226,35,0.01460568836706089,25,0.016218898198145478,26
2022-02-09,0.01948100995187925,36,0.014948726016469254,25,0.01618165921063023,26
2022-02-10,0.018261816349134086,34,0.01443382145346495,24,0.016171667047858974,26
2022-02-11,0.014925399460959414,27,0.01737577623633899,30,0.016878307958129512,27
2022-02-14,0.014902204290509487,27,0.017988448294486963,31,0.017008287475078997,27
2022-02-15,0.011367910813425646,19,0.01737951754745432,30,0.016691762896472055,27
2022-02-16,0.011341498956144828,19,0.01740757747666427,30,0.014733454109925995,23
2022-02-17,0.016459586716116168,30,0.020549008513652704,35,0.016606114000795487,26
2022-02-18,0.015678855194978747,29,0.014871138115615658,25,0.01627733231087902,26
2022-02-22,0.01563673344036002,29,0.014513083800863377,24,0.01586648369360222,25
2022-02-23,0.013168795658845003,23,0.012075979430212437,19,0.016233458201328335,26
2022-02-24,0.012735008099495666,23,0.012794910977208432,20,0.016594629134690897,26
2022-02-25,0.02254392381875492,39,0.019074551399289714,33,0.01805398553508401,29
2022-02-28,0.023289702612891358,40,0.018720205412206356,32,0.018365222055811706,30
2022-03-01,0.02729525072724058,44,0.021191388011331726,36,0.01997107249193951,33
2022-03-02,0.03016337542817738,46,0.022159426568514107,37,0.02033837565008422,33
2022-03-03,0.028781862976142176,45,0.02204874162795833,37,0.019957753818873866,33
2022-03-04,0.02211963987668307,39,0.022341911510493914,37,0.02109527157739295,34
2022-03-07,0.02992519314838359,46,0.02741307517342604,43,0.02455325210179145,39
2022-03-08,0.03241673389521863,47,0.028369439037747145,44,0.0222190608787652,36
2022-03-09,0.04815647742803849,51,0.0378986211258456,49,0.027327401219572087,42
2022-03-10,0.04802719498645706,51,0.03736055991696731,49,0.02669499170544792,42
2022-03-11,0.045447945355250506,51,0.03478160407696032,48,0.026649658512293013,42
2022-03-14,0.02995197676808188,46,0.03604090887813398,49,0.027473272958091023,43
2022-03-15,0.029901020451772196,46,0.034305926725310236,48,0.027435246500165867,43
2022-03-16,0.017919216163284808,33,0.03549685546037286,49,0.028621128265754782,44
2022-03-17,0.015364025735202127,28,0.03511206780651161,48,0.028573885836801673,44
2022-03-18,0.01374421699165718,25,0.03259155642860434,47,0.028571430532310746,44
2022-03-21,0.013795320387464236,25,0.022285392236266664,37,0.027783143780431376,43
2022-03-22,0.01726039414825139,32,0.02304821471842865,38,0.028779046596060884,44
2022-03-23,0.020097331399479168,36,0.01833091801184512,31,0.0291873881229915,44
2022-03-24,0.019986178627792336,36,0.01779415125283715,30,0.028988577138962576,44
2022-03-25,0.020877790753377392,37,0.017254479580489406,30,0.028622967178946922,44
2022-03-28,0.021088227283870137,37,0.01696213130153266,29,0.02767373582816157,43
2022-03-29,0.014255789709718787,26,0.01714252930448171,30,0.027402290239242056,43
2022-03-30,0.009489785499617293,14,0.014850395075443284,25,0.026053175895400148,41
2022-03-31,0.0206592615810189,37,0.01973046507102395,34,0.027360728048928168,43
2022-04-01,0.01605008334390926,30,0.01975830363205099,34,0.02721857234535738,42
2022-04-04,0.016421526989346905,30,0.019752942119571744,34,0.026029245035052186,41
2022-04-05,0.015421776700045995,28,0.015426437271729534,26,0.021968212112979304,35
2022-04-06,0.015352537415302259,28,0.014503466837456323,24,0.022135417844812627,36
2022-04-07,0.005529803258334811,4,0.014259753455918353,24,0.017048806129065872,27
2022-04-08,0.009177295049169995,14,0.012886051171470453,21,0.017071305827208682,27
2022-04-11,0.0091421407744692,14,0.013002272740584752,21,0.016991349431332375,27
2022-04-12,0.007587808171197033,9,0.012776017342221316,20,0.016315834305810763,26
2022-04-13,0.007225767107495456,9,0.012782520782455896,20,0.016224366367349714,26
2022-04-14,0.014564764287284128,26,0.010387341370494846,14,0.01539593369967143,24
2022-04-18,0.024064950438493743,40,0.017206508871897737,30,0.0175811207565683,28
2022-04-19,0.0261404149122485,43,0.018756995996715594,32,0.01829895891826256,29
2022-04-20,0.02543763691400352,42,0.01814513194678587,31,0.018339370630855643,29
2022-04-21,0.026930455938999065,44,0.018790029214555817,32,0.016783964214927994,27
2022-04-22,0.02770583376334013,44,0.021469990998864624,36,0.01747302140498857,28
2022-04-25,0.02026021146436562,37,0.021080761955787647,35,0.017420860070913532,28
2022-04-26,0.014247473479836058,26,0.021643804248053632,36,0.01698151811292666,27
2022-04-27,0.011971150701417245,21,0.021636305307130302,36,0.016966470211583894,27
2022-04-28,0.018965086619004604,35,0.02280008845945801,38,0.017722660595962992,28
2022-04-29,0.017756442202157982,33,0.022605647774460943,38,0.018418090106282852,30
2022-05-02,0.02061734563059922,37,0.019297244140931844,33,0.01737776181766624,28
2022-05-03,0.022645735714852698,39,0.0207504271716286,35,0.01884127228367136,30
2022-05-04,0.026733409171824363,43,0.025391826467443087,41,0.021206413543453685,34
2022-05-05,0.03223643320334916,47,0.026196070432688352,42,0.02171521566935957,35
2022-05-06,0.026522126670034955,43,0.023769661905221638,39,0.02163770283435514,35
2022-05-09,0.03148945376680833,46,0.02542167737759551,41,0.02236749495960439,36
2022-05-10,0.028522549308396906,45,0.024971746100010482,41,0.02240536334822558,36
2022-05-11,0.01232360078361473,22,0.024968823824597516,41,0.02239724014693417,36
2022-05-12,0.010447152936624581,17,0.02446707555060064,40,0.022454154339917227,36
2022-05-13,0.01198862397720041,21,0.022723165915591457,38,0.022498440362757055,36
2022-05-16,0.007763999521894836,10,0.022301694185630067,37,0.021637998372704977,35
2022-05-17,0.019219899689433228,35,0.023372708759869066,39,0.021623180808119886,35
2022-05-18,0.02420339008422591,41,0.01928256123922606,33,0.02180128068182612,35
2022-05-19,0.02402976292788028,40,0.01826824896445872,31,0.021764924791677225,35
2022-05-20,0.024402735995207418,41,0.018323885885310903,31,0.02171731174952074,35
2022-05-23,0.03824962251901196,49,0.027240366571816176,43,0.02503069088834449,40
2022-05-24,0.035170992852527484,48,0.02676193117629643,42,0.02502059038381043,40
2022-05-25,0.031087600737183575,46,0.0267384316374952,42,0.024604280233223398,39
2022-05-26,0.029937904509010422,46,0.026987515881349695,42,0.02510403500827546,40
2022-05-27,0.025256487630485165,42,0.027016982743014718,42,0.0249650011629546,40
2022-05-31,0.01056874608217635,17,0.02645829022986477,42,0.02392271808332025,38
2022-06-01,0.013400647262449711,24,0.025372469518873675,41,0.024052212627401735,38
2022-06-02,0.013584924511221747,24,0.02262354853997922,38,0.023278883218812437,37
2022-06-03,0.010933068386121176,18,0.022764524418874842,38,0.021505195861311235,35
2022-06-06,0.008810972733962601,13,0.021552753846581823,36,0.02072272549591628,34
2022-06-07,0.008996239325605015,13,0.011187569159976303,16,0.020779520251637075,34
2022-06-08,0.008587281814695261,12,0.01184534513499311,18,0.019988927951350113,33
2022-06-09,0.016805421732960915,31,0.016949215533432316,29,0.021385294478067373,35
2022-06-10,0.020711366357941834,37,0.01738736615589458,30,0.022884005513236504,37
2022-06-13,0.01964238366726128,36,0.01753066854875467,30,0.023802320451656287,38
2022-06-14,0.012410287558370979,22,0.016195145906507204,28,0.023920774857296642,38
2022-06-15,0.024472038093885044,41,0.01969024957486124,34,0.024435908184544552,39
2022-06-16,0.023316227715614184,40,0.019253613846155797,33,0.022872377454468372,37
2022-06-17,0.020142547733295216,36,0.019915684427545998,34,0.02217160007264272,36
2022-06-21,0.018783446039091985,35,0.023733601918049935,39,0.02321291707823569,37
2022-06-22,0.01612180930734823,30,0.023180172459315068,38,0.022994873815001152,37
2022-06-23,0.01735309124363497,32,0.02323623009631879,38,0.018441398452070205,30
2022-06-24,0.01712309126197005,32,0.021653949620016273,36,0.018633064838771172,30
2022-06-27,0.01713954050493407,32,0.018446436889568436,32,0.018546257457342608,30
2022-06-28,0.008784736753759056,13,0.014591282281174702,25,0.017428037461803714,28
2022-06-29,0.009559899750622762,15,0.013955722575417329,23,0.017108311497315162,27
2022-06-30,0.011865425053443634,21,0.01439571455214015,24,0.017220138590369385,27
2022-07-01,0.013897948569658732,25,0.01523772691758468,26,0.017814367969116195,29
2022-07-05,0.01363020332583286,24,0.015464875820326011,27,0.017735199486703112,28
2022-07-06,0.013437197279188563,24,0.01095156393334327,16,0.017676138487806296,28
2022-07-07,0.02058272416705678,37,0.015332273058004905,26,0.019286652346308723,31
2022-07-08,0.016443916332917866,30,0.014557837043968373,24,0.019132316219088563,31
2022-07-11,0.016508627867293086,30,0.014546485972940424,24,0.01910028898155353,31
2022-07-12,0.015772441412905167,29,0.014485015583085238,24,0.017603496458651422,28
2022-07-13,0.017330709212735346,32,0.015105010029842878,26,0.016026670014081514,25
2022-07-14,0.008869984528259505,13,0.016073394881199132,28,0.015060620210600726,23
2022-07-15,0.03812625261309748,49,0.027684643645475293,43,0.021567620086631604,35
2022-07-18,0.03745122887754312,49,0.02747461108500282,43,0.02119787508976896,34
2022-07-19,0.03891080502362179,49,0.02870862757622511,44,0.022329109586257022,36
2022-07-20,0.03635381130257781,48,0.028326961343302197,44,0.022333919040980175,36
2022-07-21,0.029974392060990448,46,0.027403037731384014,43,0.02153875890022071,35
2022-07-22,0.01575516604168262,29,0.02757777732659051,43,0.02151768249533836,35
2022-07-25,0.015261452354848534,28,0.027022726813377345,42,0.021197040723599427,34
2022-07-26,0.01214617376768866,21,0.028260355904901058,44,0.021734604745862016,35
2022-07-27,0.014676108091290916,27,0.027288436715824215,43,0.021980912979639645,35
2022-07-28,0.01452167661160703,26,0.0257060799590622,41,0.022068048963727518,36
2022-07-29,0.015865448238845146,29,0.015132454338557798,26,0.021990571654137286,36
2022-08-01,0.015516186073570888,29,0.015275686828580728,26,0.021230226289800917,34
2022-08-02,0.015424063843526575,28,0.01312188343032404,21,0.021719466231388977,35
2022-08-03,0.015918832972914024,30,0.014445348501124222,24,0.02178012022051009,35
2022-08-04,0.015803801900370642,29,0.014367164692167013,24,0.021748703111768793,35
2022-08-05,0.01628384209607141,30,0.015173852483001658,26,0.02123271682201897,34
2022-08-08,0.017616378972541414,32,0.015662174822115748,27,0.021532062454427823,35
2022-08-09,0.01478706891407075,27,0.014518530343598889,24,0.02142270743352395,35
2022-08-10,0.019209340712860082,35,0.01717228879476787,30,0.022327428549535115,36
2022-08-11,0.017864889695709246,33,0.017562077276906157,30,0.022067124264942988,36
2022-08-12,0.01789133953656513,33,0.01743208207926757,30,0.020933347413629812,34
2022-08-15,0.01343628020840376,24,0.017335985221072412,30,0.015617167139001404,24
2022-08-16,0.013591365876447924,24,0.014440507585649333,24,0.015603344275683053,24
2022-08-17,0.011844518087551418,20,0.015052865366955317,26,0.014469150285802273,22
2022-08-18,0.008156913385816545,11,0.014691391832691218,25,0.014546932613404328,22
2022-08-19,0.011775254801197635,20,0.01715687594544051,30,0.015572837548722155,24
2022-08-22,0.013699419507129317,25,0.018194334695943247,31,0.016331553655825348,26
2022-08-23,0.008688975608280672,12,0.018289510882064104,31,0.016412599508070048,26
2022-08-24,0.011076447202353235,18,0.014431404437843354,24,0.015676232678453257,24
2022-08-25,0.017046819968616626,31,0.013341149047146124,22,0.015753218614639172,25
2022-08-26,0.0195995000003472,36,0.015364243255183424,26,0.017287118059538774,27
2022-08-29,0.018148394244941708,33,0.015296025987101329,26,0.017031395491611773,27
2022-08-30,0.01845030990245395,34,0.014723228976767444,25,0.01705287424175001,27
2022-08-31,0.01890927278230639,35,0.014881335515793511,25,0.016747900625337646,27
2022-09-01,0.01412150110930448,26,0.01486341530171295,25,0.016303412116104782,26
2022-09-02,0.0070833120235712045,8,0.014105647803350059,23,0.01622688769790352,26
2022-09-06,0.00785660046489606,10,0.013185257007134866,21,0.015937508577977027,25
2022-09-07,0.011532737223863167,20,0.014521303995284807,24,0.01605222614539339,25
2022-09-08,0.017463931499012264,32,0.01818472106961025,31,0.017315749001741924,27
2022-09-09,0.01646925045696636,30,0.01739886784741939,30,0.015724733598792874,24
2022-09-12,0.01552477776895038,29,0.01367551764820149,23,0.014914940124525254,23
2022-09-13,0.02527789042451579,42,0.018552423796786347,32,0.016511862899519513,26
2022-09-14,0.02492403629079053,41,0.018500855874897474,32,0.01650860694036879,26
2022-09-15,0.02136318804383804,38,0.018747110146204334,32,0.016939972306630156,27
2022-09-16,0.021102512727801948,38,0.019172860612273662,33,0.017028101456754544,27
2022-09-19,0.022509970465037582,39,0.01966137397616499,33,0.017557776068707644,28
2022-09-20,0.015788776836370245,29,0.020028403723665784,34,0.017218627822984542,27
2022-09-21,0.021185083254007767,38,0.022046104539323902,37,0.01779139872078725,28
2022-09-22,0.01739104220277837,32,0.01928749470146421,33,0.018146923944196303,29
2022-09-23,0.018166216399869897,33,0.019258258282277774,33,0.018661884640811716,30
2022-09-26,0.005462542246770108,4,0.01838601843308338,31,0.018365591601330035,30
2022-09-27,0.005516198166633332,4,0.016510675098375116,28,0.017531508208035236,28
2022-09-28,0.016620144721124615,31,0.01852189789555043,32,0.018138634391530756,29
2022-09-29,0.01620237613587086,30,0.01584692653024002,27,0.01810557171138671,29
2022-09-30,0.014985853743009312,27,0.01588117698520871,27,0.018130121715394906,29
2022-10-03,0.020936999071122155,37,0.018707660441192913,32,0.01962470244810295,32
2022-10-04,0.02528757456598646,42,0.024812460420808532,41,0.021931364477915036,35
2022-10-05,0.027513930705672984,44,0.02353841971382848,39,0.022011869803375664,36
2022-10-06,0.02772720814850342,44,0.023198863625493563,38,0.021830993239103137,35
2022-10-07,0.02928615824760376,45,0.023089979904015397,38,0.020676452245510117,34
2022-10-10,0.02557910540968609,42,0.022096705848003547,37,0.02044411974703303,33
2022-10-11,0.009843151855825643,15,0.023497474892114324,39,0.02071245967674186,34
2022-10-12,0.013308714243533228,24,0.022678859350818013,38,0.01978878868711476,32
2022-10-13,0.03572983542890761,48,0.030207612138104585,45,0.024647430921155677,39
2022-10-14,0.03317733872048071,47,0.029533939286522613,45,0.02415530917729821,39
2022-10-17,0.04008359838839063,49,0.03371012073277722,48,0.027843508723619317,43
2022-10-18,0.029773854413429075,45,0.03329293393172579,47,0.028830809878651522,44
2022-10-19,0.039036094157001884,49,0.03452140787598527,48,0.029296678139481277,44
2022-10-20,0.03551222691761298,48,0.03407297074005268,48,0.028538119569538382,44
2022-10-21,0.03606601199819758,48,0.03345749156051025,48,0.029150206039704977,44
2022-10-24,0.028304853897094334,44,0.033172295649299736,47,0.028460903208645392,43
2022-10-25,0.023566454282099785,40,0.029682004104866568,45,0.027775090491995977,43
2022-10-26,0.01620527045817124,30,0.029418285714328137,45,0.027337101768931966,43
2022-10-27,0.013893703613535762,25,0.025422545692975272,41,0.027271908468453135,42
2022-10-28,0.002646735161420666,0,0.0251043090510054,41,0.02686817893054091,42
2022-10-31,0.0055219630102717795,4,0.01930487038209911,33,0.026493584361940756,42
2022-11-01,0.0051335418866065964,3,0.016096771086445815,28,0.026076076029366145,41
2022-11-02,0.005416743789178159,4,0.012182916963718973,19,0.02496840889579835,40
2022-11-03,0.006108118138838071,5,0.012076131535697898,19,0.02469712319268306,39
2022-11-04,0.012700516400225986,23,0.008846878997138968,10,0.024577734613199252,39
2022-11-07,0.012034937914189085,21,0.008827687148930103,10,0.023585687651041236,38
2022-11-08,0.01209393753924393,21,0.008762697496643643,9,0.023473628338209,38
2022-11-09,0.01520713696324556,28,0.01076302138625659,15,0.022556130077253236,36
2022-11-10,0.02291695706424742,39,0.01708123216511675,29,0.02367188212639139,38
2022-11-11,0.021807902870897608,38,0.017066015089960324,29,0.020806276579249227,34
2022-11-14,0.024764275649045136,41,0.018365364056973713,31,0.021510812880738955,35
2022-11-15,0.024905793161649755,41,0.018477931355691552,32,0.017987711316833407,29
2022-11-16,0.023735301313981924,40,0.01883229126607902,32,0.01668489125810665,27
2022-11-17,0.008976130112797213,13,0.018808172164883872,32,0.01526301166999934,24
2022-11-18,0.006902763720769214,8,0.017239951253082492,30,0.015086732960275021,23
2022-11-21,0.004794960874378469,3,0.01717724332395453,30,0.013149090120617487,20
2022-11-22,0.005811443628762025,5,0.017214532542863734,30,0.0131538404498198,20
2022-11-23,0.003908189205084057,1,0.016138696270536063,28,0.01308520972805515,20
2022-11-25,0.001558557620009957,0,0.00736111782386295,6,0.013018232473038505,19
2022-11-28,0.011523802182981619,20,0.009289991627477312,11,0.014094873834636123,22
2022-11-29,0.011587876012510332,20,0.008370416956581564,8,0.014009644164709846,22
2022-11-30,0.0160800273028239,30,0.011516620694210196,17,0.014733627905945937,23
2022-12-01,0.022766038197908758,39,0.015814929251849314,27,0.01676163857144199,27
2022-12-02,0.02246512141057547,39,0.016166440955211372,28,0.01700322961195484,27
2022-12-05,0.027531463969002766,44,0.020767094921166938,35,0.019595464859515212,32
2022-12-06,0.02826725601059249,44,0.023101644988625394,38,0.02051312997293372,33
2022-12-07,0.01705946175889873,31,0.02241542729746599,37,0.0203659065185034,33
2022-12-08,0.01854400440383059,34,0.02173941368006559,36,0.02028786352551965,33
2022-12-09,0.02064786191425623,37,0.02141284941502502,36,0.020182973230069692,33
2022-12-12,0.01981344680311249,36,0.022663599924679187,38,0.017176129927850312,27
2022-12-13,0.007992272160445445,11,0.022444689556473642,37,0.016954418634372477,27
2022-12-14,0.009639304711834043,15,0.018810925578787493,32,0.01689154810155723,27
2022-12-15,0.011084880849131706,18,0.01763828750554216,30,0.01693586613584677,27
2022-12-16,0.01106791427806726,18,0.01801755874418816,31,0.016980159353402767,27
2022-12-19,0.011254441086961319,19,0.015524187145361265,27,0.01747628289744699,28
2022-12-20,0.011709283538631151,20,0.009503830486455941,11,0.017567433055144695,28
2022-12-21,0.01224426141289928,22,0.010759868656392143,15,0.01809356632976927,29
2022-12-22,0.00980097710713473,15,0.010733254014878924,15,0.017924983999667795,29
2022-12-23,0.009281139121455076,14,0.010742039062418742,15,0.017905325316225885,29
2022-12-27,0.008559731782350352,12,0.010126841907194947,13,0.01789169339827252,29
2022-12-28,0.008793336997682104,13,0.010435640272566778,14,0.017782492901778437,28
2022-12-29,0.007588541744640474,9,0.009604692806190267,12,0.018050103986303894,29
2022-12-30,0.004785265451991348,3,0.007277290945490249,6,0.01691589493263926,27
2023-01-03,0.005557028540880216,4,0.00725445412589255,6,0.016050506538484662,25
2023-01-04,0.007092338796171752,8,0.008228255662136516,8,0.016652513779873458,26
2023-01-05,0.008897147664742151,13,0.008632884726046897,9,0.013574173839806287,21
2023-01-06,0.008788754059222989,13,0.008137045388236898,8,0.009703983668872858,11
2023-01-09,0.01336814929968424,24,0.009466471481047144,11,0.0101898166382064,12
2023-01-10,0.012883438465872506,23,0.009458100770691445,11,0.00993118510715169,11
2023-01-11,0.010318079790093387,17,0.009419787138708828,11,0.009940982369390963,11
2023-01-12,0.010132279042485122,16,0.009439456224590281,11,0.009774654280504304,11
2023-01-13,0.013328953413452764,24,0.010744746756999407,15,0.01064638114143256,13
2023-01-17,0.015261593292711189,28,0.013533890436785772,22,0.011194946648165975,15
2023-01-18,0.019169567353866466,35,0.01570749947805573,27,0.011915311725442081,17
2023-01-19,0.01888786637554583,35,0.014967432935181617,25,0.012470513222485905,18
2023-01-20,0.021964647494840568,39,0.016414091534508214,28,0.012831568319832913,19
2023-01-23,0.019793357915582954,36,0.016735138662775158,29,0.013061879688198592,20
2023-01-24,0.018311929006995603,34,0.015990247792729492,28,0.01280704178010282,19
2023-01-25,0.012743569117516068,23,0.016062811357013068,28,0.0125806227880222,18
2023-01-26,0.004542880109322873,2,0.01638234488507564,28,0.012759490257010266,19
2023-01-27,0.004505932341141419,2,0.016382215588178754,28,0.012751215508133167,19
2023-01-30,0.0066559250594772105,7,0.015026022868813809,26,0.012856831956085724,19
2023-01-31,0.006594425565893364,7,0.01322006965715865,21,0.012742772561571266,19
2023-02-01,0.007258299309610849,9,0.009786712464202263,12,0.012857455119097373,19
2023-02-02,0.005973876344853994,5,0.006526443729800517,4,0.01274162659462868,19
2023-02-03,0.006133212248023921,6,0.0054554091639307115,1,0.012317155963333094,18
2023-02-06,0.005137956805922816,3,0.005608349601400141,2,0.012308921302382684,18
2023-02-07,0.005540682562681302,4,0.005833599147322096,2,0.012338992685391802,18
2023-02-08,0.00755809496836825,9,0.007133699765228006,5,0.011868869595086885,17
2023-02-09,0.01302639794544241,23,0.010177841715286455,14,0.013025656309253224,19
2023-02-10,0.011632064380929487,20,0.0102671725038161,14,0.013031881090612499,19
2023-02-13,0.011973134362822511,21,0.010141926023685445,13,0.013030404015402015,19
2023-02-14,0.009110444548692776,13,0.010050907894677852,13,0.012170897771998462,17
2023-02-15,0.009298211327777799,14,0.00913341414050219,11,0.0112273501918643,15
2023-02-16,0.0036831922619839923,1,0.009025760226108534,10,0.009974244147694393,11
2023-02-17,0.00403226164030435,1,0.008397023378585873,8,0.009210639631430538,9
2023-02-21,0.01021403840821634,17,0.01057084071508517,15,0.01016686435574109,12
2023-02-22,0.009746087001157403,15,0.008918161698445426,10,0.009846853026216905,11
2023-02-23,0.009873643420792576,15,0.009116608944373907,10,0.009705208843354818,11
2023-02-24,0.010204817786685624,17,0.007481270994603305,6,0.009481479258375204,10
2023-02-27,0.009844144531531856,15,0.007604178499710124,6,0.00890024260098847,8
2023-02-28,0.003394977698764935,0,0.007663643932657605,7,0.008888348048194824,8
2023-03-01,0.002634382003983385,0,0.007593244745133817,6,0.008895431371402097,8
2023-03-02,0.00854049532776012,12,0.008834139306221999,10,0.009529950434139402,10
2023-03-03,0.014064005298912805,25,0.01199223361171338,18,0.01024981971615972,12
2023-03-06,0.014086070646554039,25,0.011867325123348458,18,0.0100779176602844,12
2023-03-07,0.019534962215387617,36,0.013625451812556129,23,0.011594647376460923,16
2023-03-08,0.019600072938569902,36,0.013908406828297507,23,0.011723883795241065,16
2023-03-09,0.031045630919786203,46,0.02259320664576317,38,0.016529981679371752,26
2023-03-10,0.024162837345068234,40,0.02235926184638347,37,0.016527211232680302,26
2023-03-13,0.024645238568888502,41,0.026150564128216026,42,0.01959570782213871,32
2023-03-14,0.031595914979698846,46,0.026747187025864,42,0.01999987701814094,33
2023-03-15,0.03205959079763624,47,0.026543513757934834,42,0.01981603996837034,32
2023-03-16,0.02912247626546377,45,0.02866872619620894,44,0.02060417380909644,34
2023-03-17,0.031911060901971315,47,0.02696248656680861,42,0.02152458914462246,35
2023-03-20,0.021771408047421316,38,0.026928352988638094,42,0.021600024323020335,35
2023-03-21,0.026769313861005877,43,0.030779546880994046,46,0.02327621542763147,37
2023-03-22,0.030520324790832366,46,0.0313826011112064,46,0.023656955473817715,38
2023-03-23,0.028401390849705707,44,0.027190342999640595,43,0.023833745664665337,38
2023-03-24,0.025221272124362846,42,0.02780174295204889,43,0.024038223543410286,38
2023-03-27,0.035197942497374936,48,0.028190220717316593,44,0.027390724687611473,43
2023-03-28,0.03291220427668596,47,0.028302128194844713,44,0.027340200474874902,43
2023-03-29,0.028975211992947544,45,0.028923457327245924,44,0.027941120327654573,43
2023-03-30,0.02616065975074751,43,0.028641652239637674,44,0.027947947829693492,43
2023-03-31,0.026081686039572324,43,0.02552746249311384,41,0.028137843783567228,43
2023-04-03,0.014380518949031343,26,0.02548403748700282,41,0.027500535597964854,43
2023-04-04,0.016680131513787895,31,0.024620942880091996,40,0.027611028721045285,43
2023-04-05,0.012456813403184948,22,0.02244561914035973,37,0.02712062951155465,42
2023-04-06,0.013384142453175726,24,0.02077893352174532,35,0.027291202729761387,42
2023-04-10,0.011857335953327377,21,0.02075409639143589,35,0.024272702272473138,39
2023-04-11,0.0188603527231265,35,0.015811898755358666,27,0.02518807948991383,40
2023-04-12,0.01557382138814662,29,0.015399895498799844,26,0.02176519370917084,35
2023-04-13,0.013005625842011556,23,0.01405503053973663,23,0.021686242141633855,35
2023-04-14,0.01778203297692327,33,0.016840166442844095,29,0.02276940730039353,36
2023-04-17,0.018395180491511308,34,0.018491549801031976,32,0.023303482855318327,37
2023-04-18,0.017781285971818654,33,0.01834999872724555,31,0.0212054156692926,34
2023-04-19,0.020409728855518994,37,0.017551416946534813,30,0.021651384171014466,35
2023-04-20,0.021521518793215157,38,0.01682695727589599,29,0.0208742636426047,34
2023-04-21,0.016842627341714454,31,0.017069391923832444,29,0.019249959309334735,31
2023-04-24,0.00819782521426035,11,0.017391856468031125,30,0.018245141952216885,29
2023-04-25,0.012348839553553483,22,0.0192429405521069,33,0.01983565439340438,32
2023-04-26,0.012150119688556607,21,0.019620315441263567,33,0.017009788841573267,27
2023-04-27,0.01722315482589707,32,0.020246576118508074,34,0.017067141044828652,27
2023-04-28,0.019499362419615144,36,0.0174956036011139,30,0.016794274433301577,27
2023-05-01,0.01959516880132493,36,0.014165514206979403,24,0.016628026546084924,26
2023-05-02,0.019391937941926552,35,0.01574582871316301,27,0.01784292963087984,29
2023-05-03,0.019058453712503545,35,0.015512109882541742,27,0.01797725001952716,29
2023-05-04,0.01845082433299472,34,0.017187633934059247,30,0.018651527075062537,30
2023-05-05,0.023499607828467012,40,0.020680822227827952,35,0.01945509468336569,32
2023-05-08,0.023935646060865956,40,0.02075917173078736,35,0.019390649804435597,31
2023-05-09,0.020881352555706095,37,0.01900864629361315,32,0.01937323465808503,31
2023-05-10,0.021035909729104824,37,0.018924048403753592,32,0.018436956992245783,30
2023-05-11,0.014362636077239626,26,0.017825217836353886,31,0.018414646947309193,30
2023-05-12,0.006674206808391373,7,0.01661509197506004,29,0.01849105862205453,30
2023-05-15,0.01328426014322971,24,0.01885989930551306,32,0.01741699304039288,28
2023-05-16,0.014079316678093902,25,0.01680367258095448,29,0.015876679074323323,25
2023-05-17,0.023431764493601813,40,0.022071606749932,37,0.019048344861822133,31
2023-05-18,0.024011028681592418,40,0.01883505492996025,32,0.01880344674736897,30
2023-05-19,0.024354231466573464,41,0.01801163456004546,31,0.018927504042596067,31
2023-05-22,0.023302892356971402,40,0.018105175218547084,31,0.01907581759850593,31
2023-05-23,0.021601523826930855,38,0.018148913453861912,31,0.019216450543864175,31
2023-05-24,0.011616922482605204,20,0.018631581444139435,32,0.018373547955602317,30
2023-05-25,0.011891428668673933,21,0.018631769193308115,32,0.018149495610126177,29
2023-05-26,0.010499204932697698,17,0.017979058948223242,31,0.017819012072207485,29
2023-05-30,0.009828871655939347,15,0.017124426047452665,29,0.017514638101069985,28
2023-05-31,0.010474819829655887,17,0.017734051093573844,30,0.017769732120715104,28
2023-06-01,0.008444399912847806,12,0.009588975448321923,12,0.016539067071682283,26
2023-06-02,0.018355792042844234,34,0.01491938327539381,25,0.017931807729395226,29
2023-06-05,0.018842487519416334,35,0.014380968165471669,24,0.01640157849754233,26
2023-06-06,0.0210691411169367,37,0.01599213913402167,28,0.01622767993158743,26
2023-06-07,0.016548145805725105,30,0.015995239010214837,28,0.016256939669260683,26
2023-06-08,0.01836173067327177,34,0.015025993564016422,26,0.0164315701599416,26
2023-06-09,0.013123646514564043,23,0.015043126158477521,26,0.01607238740278943,25
2023-06-12,0.012918105139935828,23,0.01528308099972857,26,0.016171376232878936,26
2023-06-13,0.007885158563609614,10,0.01530202202668023,26,0.015894939735521207,25
2023-06-14,0.007806335895521531,10,0.014370529479938535,24,0.01567784268217729,24
2023-06-15,0.008219433006619613,11,0.014293403692856173,24,0.015433179161103051,24
2023-06-16,0.008795229280589349,13,0.010790814709852353,15,0.01240247126333527,18
2023-06-20,0.009908426710466088,16,0.011293106141382608,16,0.012645263154170756,18
2023-06-21,0.008194127533073492,11,0.00840143710753554,8,0.01253507872458553,18
2023-06-22,0.01085477163290404,18,0.009392749494168493,11,0.013304152000254055,20
2023-06-23,0.0059803709732522865,5,0.00936053126014386,11,0.013218706608505248,20
2023-06-26,0.012271011806832275,22,0.010733767037023828,15,0.013036917167683784,19
2023-06-27,0.01327642668858469,24,0.01112755387025158,16,0.013078199546346434,20
2023-06-28,0.012916713115125506,23,0.010265005278998674,14,0.013097614427293564,20
2023-06-29,0.012116817033206313,21,0.012846807082183708,21,0.013891863238765772,21
2023-06-30,0.010385771158819244,17,0.01240162734009024,20,0.013308632218922917,20
2023-07-03,0.011367766242378187,19,0.013800368721402483,23,0.01375584719239616,21
2023-07-05,0.012604012865571557,22,0.01335174326138379,22,0.011829504845082323,16
2023-07-06,0.019487620941275655,36,0.015816722230140214,27,0.01328064162924849,20
2023-07-07,0.017072006718966765,31,0.01428829816270858,24,0.012245738155601829,17
2023-07-10,0.017237835267909375,32,0.01388927293434355,23,0.012118921213282065,17
2023-07-11,0.015999890166857694,30,0.013911666597538152,23,0.012360599124562456,18
2023-07-12,0.016808594279216556,31,0.014156960391699338,23,0.012632452785986997,18
2023-07-13,0.0031688644668389564,0,0.013821563063723584,23,0.012771356462986593,19
2023-07-14,0.013222455544856033,24,0.014625124679282894,25,0.013319914132995502,20
2023-07-17,0.013487098256997048,24,0.014853804685046868,25,0.013330327738248722,20
2023-07-18,0.02234021381250255,39,0.01949440294197384,33,0.016334710727434296,26
2023-07-19,0.023399920258598078,40,0.020313998069697418,34,0.017071969110566076,27
2023-07-20,0.0237612725788553,40,0.016108520081849726,28,0.016733119033329146,27
2023-07-21,0.01637885387712054,30,0.016102974746779002,28,0.016398923151846642,26
2023-07-24,0.015565197967703484,29,0.016141158908402675,28,0.015508204767543587,24
2023-07-25,0.01638586957177254,30,0.018504468499797172,32,0.015973007168646622,25
2023-07-26,0.013153947648884669,23,0.018512416337150957,32,0.015932341611723886,25
2023-07-27,0.015882062239582655,29,0.020034200870099852,34,0.01658806333183351,26
2023-07-28,0.015345291859087767,28,0.01815100765666985,31,0.01645426704408045,26
2023-07-31,0.010426331542310659,17,0.018253150130879987,31,0.016110190319996314,25
2023-08-01,0.009569125445919986,15,0.014302553384931445,24,0.01652562125792991,26
2023-08-02,0.007896026779687095,10,0.01237251097956065,19,0.016708289135923184,27
2023-08-03,0.009099286530480139,13,0.012495944826801324,20,0.01663898515654936,26
2023-08-04,0.009044284530042275,13,0.012005442332884426,19,0.01513648955729934,23
2023-08-07,0.013500348380330075,24,0.011503418303276886,17,0.015406268230525476,24
2023-08-08,0.015278681837149182,28,0.012033945695584669,19,0.016312813741576393,26
2023-08-09,0.01518850951057581,28,0.011785956266557016,18,0.016620622310652172,26
2023-08-10,0.014642516734350703,26,0.011495392663685105,17,0.016501920456231577,26
2023-08-11,0.0159380618316261,30,0.012379622139862097,20,0.016520839185318926,26
2023-08-14,0.012519268169493534,22,0.012587248697845946,20,0.016113743030299024,25
2023-08-15,0.016571571325472254,31,0.015402237364087799,26,0.017730562398231894,28
2023-08-16,0.017579559776255693,32,0.0160841411303607,28,0.015379456240604753,24
2023-08-17,0.017085197654665193,31,0.015571554244051855,27,0.013870415898759043,21
2023-08-18,0.012681396478299523,23,0.015532890572829059,27,0.013739559525532408,21
2023-08-21,0.014554170859816732,26,0.013149884706660217,21,0.013471094857726913,21
2023-08-22,0.012076318737059537,21,0.013696761301450146,23,0.012835337401459895,19
2023-08-23,0.010763948877069808,18,0.013946005107191793,23,0.012750785295492107,19
2023-08-24,0.0118719630595522,21,0.0142690590934838,24,0.012644275853019629,18
2023-08-25,0.01184923539545179,21,0.012737242462235775,20,0.012500970310480222,18
2023-08-28,0.013186794309197664,24,0.013939947208043249,23,0.012874809737645172,19
2023-08-29,0.007240244739059058,9,0.012364884200303745,19,0.013435846928015027,20
2023-08-30,0.008274472169780068,11,0.010446560187228011,14,0.013324144322654961,20
2023-08-31,0.011016375071857116,18,0.011100528401680253,16,0.01329439301070509,20
2023-09-01,0.011487052100291833,19,0.011702947029600286,18,0.013473623192065805,21
2023-09-05,0.01254527763483773,22,0.012175962939805272,19,0.013576143546024414,21
2023-09-06,0.009578358810305224,15,0.009722950456885754,12,0.012573211356881085,18
2023-09-07,0.009696392718671508,15,0.010126909311222072,13,0.012212831740332393,17
2023-09-08,0.010689449176005074,18,0.010319477636985906,14,0.012384228301719938,18
2023-09-11,0.008963765849052764,13,0.010361327902161079,14,0.012432531675376413,18
2023-09-12,0.01141380593395065,19,0.011415506545913499,17,0.01285161596053685,19
2023-09-13,0.01017476799308452,16,0.010415820448194297,14,0.012722771445732445,19
2023-09-14,0.007593556835625788,9,0.010978233018758252,16,0.011228335007283817,15
2023-09-15,0.011618816706595429,20,0.010923185273807739,15,0.010533770013181084,13
2023-09-18,0.011914559784913575,21,0.01034779082001247,14,0.010543184143993046,13
2023-09-19,0.008407585640737543,12,0.0097395377237329,12,0.010504942293558493,13
2023-09-20,0.008419779220973912,12,0.009309251812677881,11,0.010510423456282619,13
2023-09-21,0.00660147715806518,7,0.010571767123516514,15,0.00983217824898219,11
2023-09-22,0.0070423259439565825,8,0.01100513480907222,16,0.010290751390627201,12
2023-09-25,0.007328550186319697,9,0.010762248284387243,15,0.010154064906387693,12
2023-09-26,0.007466909001630943,9,0.008689731359577416,9,0.010589783141771694,13
2023-09-27,0.009553920592486779,15,0.009220903899621435,11,0.010362478879063238,12
2023-09-28,0.011456996228364989,19,0.009131479765957308,11,0.010096780152855705,12
2023-09-29,0.009962778209836104,16,0.008845247355177504,10,0.010125434808582853,12
2023-10-02,0.014281678116607561,26,0.010736850608704999,15,0.011026046276678601,14
2023-10-03,0.017510686076890887,32,0.012706621729460979,20,0.011923784733565129,17
2023-10-04,0.017073042155723764,31,0.013048727474272251,21,0.011915185244787203,17
2023-10-05,0.015402036171307332,28,0.013404582117145233,22,0.012035422478856262,17
2023-10-06,0.016197373481688187,30,0.013327697501426521,22,0.012011047085361926,17
2023-10-09,0.01535154159656906,28,0.014112500909857401,23,0.012063279469193408,17
2023-10-10,0.010759350653898051,18,0.016582759400966023,29,0.013662095663396505,21
2023-10-11,0.01089670190106386,18,0.01652372250729883,28,0.012926378059344447,19
2023-10-12,0.012310881103389874,22,0.016045678476035174,28,0.012929006339773355,19
2023-10-13,0.013216771769273696,24,0.01601229820064588,28,0.01250500714133866,18
2023-10-16,0.013174466092004136,23,0.01413453494765065,23,0.012646995647051146,18
2023-10-17,0.011863379282411076,21,0.01086959042682321,15,0.013900085037614751,21
2023-10-18,0.013847431017348302,25,0.01216874576920403,19,0.01404612947660598,22
2023-10-19,0.01528540534447742,28,0.013447133544179963,22,0.014235620131504815,22
2023-10-20,0.01895818844000613,35,0.016052451789506733,28,0.014647322288102435,23
2023-10-23,0.02029185602625318,37,0.01814502521412853,31,0.015459820326815574,24
2023-10-24,0.009898304645500806,16,0.014954129073329811,25,0.015452125910275696,24
2023-10-25,0.013183997493156702,24,0.01510508236731378,26,0.015271644023575053,24
2023-10-26,0.02065652410722883,37,0.017489134719263853,30,0.016181540742851053,26
2023-10-27,0.02381015757338065,40,0.020485429996736075,35,0.017550547998426015,28
2023-10-30,0.02379969925733536,40,0.021751207833166978,36,0.01835179988957812,29
2023-10-31,0.02574784356993408,42,0.022038956663951243,37,0.01861052291014104,30
2023-11-01,0.025783118557297462,42,0.021995796245986073,37,0.017376773369606018,28
2023-11-02,0.03104789841916713,46,0.02656396165528314,42,0.019978959935766656,33
2023-11-03,0.015814502512983112,29,0.025897431558927844,42,0.020757660395012763,34
2023-11-06,0.020287215652785948,37,0.02307259918022085,38,0.02080590964886277,34
2023-11-07,0.022875232056432673,39,0.023227001774596336,38,0.02088642371384258,34
2023-11-08,0.02487872500637744,41,0.02400082746662291,39,0.020366797182516917,33
2023-11-09,0.016897242533541575,31,0.024420779132921268,40,0.020615534310183738,34
2023-11-10,0.007014711549677425,8,0.019539556972346304,33,0.020595760838239403,34
2023-11-13,0.007501267829057679,9,0.019315178865958,33,0.020538914662877685,33
2023-11-14,0.02739829826968853,44,0.02400048127842843,39,0.02355991503994553,38
2023-11-15,0.02564585286944377,42,0.02382707244583998,39,0.023256905961694132,37
2023-11-16,0.023442809950246054,40,0.020813501603295207,35,0.023059001389806565,37
2023-11-17,0.022915095839644142,39,0.019598866896708988,33,0.022840723140786556,37
2023-11-20,0.022868131192402247,39,0.019437116898627253,33,0.021859490337350983,35
2023-11-21,0.011260963289384682,19,0.01990064661944424,34,0.020825948181911202,34
2023-11-22,0.009580554298640503,15,0.019361544574161296,33,0.02075744547924671,34
2023-11-24,0.0095209674324033,15,0.018224077974088548,31,0.020755089023658108,34
2023-11-27,0.005975749257189473,5,0.018723723703396658,32,0.0206522716244577,34
2023-11-28,0.00571738335839283,4,0.018793760498965983,32,0.018326239114403578,29
2023-11-29,0.012714557594611816,23,0.011345740141302818,16,0.018569644407949094,30
2023-11-30,0.012348476058648876,22,0.010843140139014574,15,0.01814699585405221,29
2023-12-01,0.012918395148318024,23,0.011297648789899487,16,0.01819719697293882,29
2023-12-04,0.012603285006913368,22,0.011028169383602031,16,0.016083409044685987,25
2023-12-05,0.014143961960043378,26,0.011528168140404417,17,0.015369560227150407,24
2023-12-06,0.0092960716972925,14,0.010613020565661943,15,0.015339424721254229,24
2023-12-07,0.009123427375559242,14,0.010525185742737243,14,0.015178308749378323,24
2023-12-08,0.007029080104640415,8,0.010712113482722186,15,0.014886491716546086,23
2023-12-11,0.006884425983986264,8,0.01051131820982913,14,0.014454748464045944,22
2023-12-12,0.005837128085571888,5,0.01068494297460522,15,0.014590610189010722,22
2023-12-13,0.018995113332220488,35,0.014771185773920514,25,0.016641826946234697,26
2023-12-14,0.02851411670558265,45,0.022499260819847666,37,0.017292811772058284,27
2023-12-15,0.03163946347812023,46,0.023365333809476967,39,0.01762511788960456,28
2023-12-18,0.03188901861773261,47,0.02339910172020392,39,0.01769183562933513,28
2023-12-19,0.031047722761434797,46,0.02283108292825129,38,0.017589492861032327,28
2023-12-20,0.030449505495585692,46,0.024004290923058294,39,0.01817562706857851,29
2023-12-21,0.009097015776335924,13,0.0239745925861711,39,0.017788714449663345,28
2023-12-22,0.009607253944554023,15,0.023971198444676062,39,0.017726987319153124,28
2023-12-26,0.010952405457319148,18,0.023655402065977327,39,0.01778001278473974,28
2023-12-27,0.01104788563188725,18,0.0234895749955399,39,0.017640511128997786,28
2023-12-28,0.00532257591744254,3,0.02061125259763943,35,0.01759953282631741,28
2023-12-29,0.007303660992793596,9,0.00865441764721351,9,0.017208356353096962,27
