date,sigma_t_w5,X_t_vol_w5,sigma_t_w10,X_t_vol_w10,sigma_t_w21,X_t_vol_w21
1999-07-06,0.03334625410305004,48,0.029631773216133424,46,0.030835769257316466,46
1999-07-07,0.03904267999035843,50,0.03113640399735873,47,0.03198788256604491,47
1999-07-08,0.014264739827845426,24,0.027411532118737824,44,0.0311254698163772,47
1999-07-09,0.015018920111911402,26,0.02742404583166902,44,0.03061969072702546,46
1999-07-12,0.018965972454803106,34,0.027337999547416565,44,0.029746220616269196,46
1999-07-13,0.018957511730565334,34,0.027542005989984308,44,0.02982289004951285,46
1999-07-14,0.010757840295402794,14,0.027027860519100055,44,0.028769150995545254,45
1999-07-15,0.009311301927899309,9,0.014217145309337249,21,0.02842469425265858,45
1999-07-16,0.009245127303760616,9,0.013507817042124295,19,0.02722434421387398,44
1999-07-19,0.010616141597346506,13,0.015477081865943012,24,0.027455350936046823,44
1999-07-20,0.014145521752590592,24,0.016354690714026895,27,0.02786112642148775,44
1999-07-21,0.014144448313448828,24,0.01188836838312111,13,0.022857001269250252,39
1999-07-22,0.01662987402644191,30,0.01312330623105202,17,0.022798752980050116,39
1999-07-23,0.02138875020182308,38,0.017264852727932614,29,0.022138607235892206,38
1999-07-26,0.012109678574509413,18,0.015635419507148873,25,0.0222944382776799,38
1999-07-27,0.02697010402159554,44,0.020774977696976282,36,0.02334240961982521,39
1999-07-28,0.02794897793069675,45,0.021113497451959316,36,0.023399106160630085,39
1999-07-29,0.027440198524268163,44,0.021390784856255098,37,0.0232691306618947,39
1999-07-30,0.02159834415741132,38,0.021361286985239505,37,0.01729517209242444,28
1999-08-02,0.023700998528045292,40,0.019941716905768708,34,0.017454409038301175,29
1999-08-03,0.015242981312906214,26,0.0209901746214789,36,0.018271899633296375,31
1999-08-04,0.008585302905415947,7,0.020832496608939297,36,0.01831997503349794,31
1999-08-05,0.009031472596043071,8,0.020636906099784188,36,0.01721923126160286,28
1999-08-06,0.01572823350859796,27,0.022895971077676783,39,0.019736710217056374,33
1999-08-09,0.017863170494393166,32,0.02294848008570081,39,0.019646287412291494,33
1999-08-10,0.025583044362278023,42,0.0198825784871204,34,0.019962587453942138,34
1999-08-11,0.04820259959828586,52,0.03518014334032842,49,0.02761374765776935,44
1999-08-12,0.04827135023074617,52,0.03510565382212296,49,0.027680812743404594,44
1999-08-13,0.03769075587197229,50,0.037969104050585435,50,0.02932251425073832,45
1999-08-16,0.036919951337028335,50,0.03720296997479391,50,0.029301068600018715,45
1999-08-17,0.038340090167174705,50,0.035408970341521566,49,0.028834419758922928,45
1999-08-18,0.021719175747432536,38,0.035283130238164075,49,0.028683514969432906,45
1999-08-19,0.021507718015047552,38,0.03525882871560325,49,0.028738894903335428,45
1999-08-20,0.009994472476303121,11,0.029491947342482436,46,0.02870733849432706,45
1999-08-23,0.014403118143018007,24,0.02889197546194311,45,0.02805007209632697,44
1999-08-24,0.014610882687171282,25,0.029186179903231847,46,0.027909340050908272,44
1999-08-25,0.013010066243883418,21,0.016934507586781312,28,0.026818697447645725,43
1999-08-26,0.015682398999153135,27,0.017751389438723158,30,0.027029465795769248,44
1999-08-27,0.017636908905106646,32,0.013515260657758113,19,0.02710991828985045,44
1999-08-30,0.017379349990656344,31,0.01732069017429613,29,0.02808413139127832,44
1999-08-31,0.019742356950735968,35,0.017751982174602846,30,0.027815681775045113,44
1999-09-01,0.01961206674236278,35,0.018086041712980665,31,0.027028979547756633,44
1999-09-02,0.019437452023179154,35,0.01847404396739219,31,0.027149452708113406,44
1999-09-03,0.038429305926810084,50,0.02849463035830231,45,0.03050685466749183,46
1999-09-07,0.03251448980260427,48,0.027825847046137792,45,0.028095495501177126,44
1999-09-08,0.03282586363254289,48,0.027830106524648304,45,0.02795464807574384,44
1999-09-09,0.03435543309344723,49,0.027823203720028767,45,0.02800689125735765,44
1999-09-10,0.032273716398380455,47,0.028197016487588173,45,0.022639774354186248,38
1999-09-13,0.01524021182617861,26,0.027939584368832645,45,0.022713906418739487,38
1999-09-14,0.0241944454282999,41,0.029178873100460846,46,0.022972122662199484,39
1999-09-15,0.023519015102670654,40,0.02956712318545309,46,0.023211455333334293,39
1999-09-16,0.023559223929143547,40,0.029428841830060525,46,0.023231578424303595,39
1999-09-17,0.031154025843922305,47,0.0321638381041637,48,0.025149973717535603,42
1999-09-20,0.032165316552059606,47,0.02373411120456677,40,0.025177872584584197,42
1999-09-21,0.027272224453078822,44,0.024806866072530912,41,0.02563926449917417,42
1999-09-22,0.02950151626917223,46,0.028196368213528243,45,0.026580301354790715,43
1999-09-23,0.029061159956866835,45,0.028021535525978677,45,0.02661944156141596,43
1999-09-24,0.024590622207013215,41,0.02774247900004593,45,0.02689180667348104,43
1999-09-27,0.024937249542206285,42,0.02738005417374789,44,0.026592061966804473,43
1999-09-28,0.018632183140494838,33,0.022775333490448885,39,0.02636371070182939,43
1999-09-29,0.013595102975701347,22,0.022281261026018767,38,0.025168382433285633,42
1999-09-30,0.013437867451254578,22,0.022018636473065047,38,0.025197738584395845,42
1999-10-01,0.014700155305230011,25,0.020745013421722712,36,0.026015879829047038,43
1999-10-04,0.027432999272940007,44,0.024742868115972837,41,0.027302814166897324,44
1999-10-05,0.027252327247922644,44,0.022655226850737436,39,0.023259062313479795,39
1999-10-06,0.028405910894950214,45,0.021418415172357173,37,0.0239522021391758,40
1999-10-07,0.029269841567684293,45,0.021761952826062733,37,0.02414933581243694,40
1999-10-08,0.02075239279291221,37,0.02137029115289809,37,0.02405131783032199,40
1999-10-11,0.01564940198772888,27,0.021275571631849073,36,0.02364208305438021,40
1999-10-12,0.017460096356527278,31,0.021603594835913866,37,0.023533160441537842,40
1999-10-13,0.015462159567407693,27,0.02355295722028134,40,0.022396438670061577,38
1999-10-14,0.019006428395831634,34,0.023984577918015122,40,0.022158589116069792,38
1999-10-15,0.021251191893855575,37,0.025015400867037307,41,0.02361404716465094,40
1999-10-18,0.020849852378100445,37,0.020510162974639538,35,0.021912022663822105,37
1999-10-19,0.0257049004688019,43,0.021419847742314927,37,0.022176411042227232,38
1999-10-20,0.024992582923023803,42,0.02061394554882239,35,0.02182693008995341,37
1999-10-21,0.023803977794039442,41,0.020380108861244084,35,0.020327489965972924,34
1999-10-22,0.026170494292623202,43,0.028126293456746238,45,0.023935744803168048,40
1999-10-25,0.030407819601057026,46,0.029246221528239427,46,0.024366653756713676,41
1999-10-26,0.03752419641057311,50,0.03112064366027344,47,0.025565765127562354,42
1999-10-27,0.04051356252548144,51,0.0319086112957996,48,0.027011080792183756,44
1999-10-28,0.06268954063763443,53,0.047944359114399905,52,0.036821512496494846,49
1999-10-29,0.06334818549704985,53,0.04569728865723169,51,0.036991593546407756,49
1999-11-01,0.06334602777076875,53,0.04685472553159958,52,0.036673339382935745,49
1999-11-02,0.0574239992433022,53,0.046982486252846976,52,0.03583566472720743,49
1999-11-03,0.058997680276791094,53,0.047801674909978435,52,0.036112947024612964,49
1999-11-04,0.017459374414882385,31,0.04770352219181559,52,0.035899903502263526,49
1999-11-05,0.029306624504158163,46,0.04682945818723155,52,0.03699657338731632,49
1999-11-08,0.026222919332691254,43,0.04586693658334564,51,0.03717380322166121,50
1999-11-09,0.02876483731003313,45,0.04401627881448508,51,0.03742590547740788,50
1999-11-10,0.026765924393315585,44,0.04327582030277337,51,0.03721968903000861,50
1999-11-11,0.02668087060677503,44,0.02256259029918584,38,0.03626609541528638,49
1999-11-12,0.041897361258074764,51,0.03440166214462973,49,0.040100693943251414,51
1999-11-15,0.04416797467529163,51,0.034295832120407745,49,0.039337545908437965,50
1999-11-16,0.044751303519471576,52,0.03750834334061512,50,0.04035017295832574,51
1999-11-17,0.053842018319920165,53,0.040589487774161694,51,0.042154181087229646,51
1999-11-18,0.05420027264182556,53,0.04061944350105115,51,0.0421253935464401,51
1999-11-19,0.03838738463043647,50,0.03876032510970446,50,0.04219537223500828,51
1999-11-22,0.03644283296792325,50,0.03848609589435557,50,0.040940046877082956,51
1999-11-23,0.019006779859894834,34,0.03922104745863567,50,0.04099819557443187,51
1999-11-24,0.011704393376015223,17,0.03951518385930343,50,0.03997116137301541,51
1999-11-26,0.010241907554298778,12,0.039330043108419144,50,0.03940339126725845,50
1999-11-29,0.016053268578533775,28,0.028834440221728028,45,0.03173018510978672,47
1999-11-30,0.018605977644973046,33,0.02861433978013535,45,0.03154096713520603,47
1999-12-01,0.01992882311195882,35,0.018898110514120426,32,0.031043458430862335,47
1999-12-02,0.02173546246021045,38,0.016902711013130657,28,0.031159712858751958,47
1999-12-03,0.023378382304353285,40,0.01814232837157076,31,0.03097148339721033,46
1999-12-06,0.018876205298406442,34,0.019783145190453984,34,0.031639097704078016,47
1999-12-07,0.02750367532391747,44,0.02628757423429427,43,0.03166340185808511,47
1999-12-08,0.030065070298615652,46,0.025163007256399,42,0.03171795966582534,47
1999-12-09,0.03004137363761607,46,0.024893165018398257,41,0.031402761372086765,47
1999-12-10,0.030654079772563715,46,0.025749126386456486,42,0.03166251883451725,47
1999-12-13,0.025107024137304007,42,0.021202212668254967,36,0.03155643548318001,47
1999-12-14,0.023727522656211177,40,0.02652860970466531,43,0.026973675038073713,44
1999-12-15,0.024105379659426277,41,0.026377008795623196,43,0.02656805995373694,43
1999-12-16,0.02447173522903228,41,0.026374619513107454,43,0.02275424502949388,39
1999-12-17,0.0232670273992579,40,0.02641582923898401,43,0.0216130410295316,36
1999-12-20,0.025968525326982402,43,0.02507244189909352,41,0.02202232223580476,37
1999-12-21,0.01614490940859911,28,0.019967081145068517,34,0.022178954198379702,38
1999-12-22,0.018430568114895535,33,0.020255081879727,35,0.022449927914970438,38
1999-12-23,0.018135696429538217,32,0.020931988677783127,36,0.02197879473265857,37
1999-12-27,0.016905195810964363,30,0.019749931946864942,34,0.021971758472520312,37
1999-12-28,0.021201601426605314,37,0.022732288766632656,39,0.02309196013452737,39
1999-12-29,0.020951844070259955,37,0.01863747196084621,32,0.02197446336841922,37
1999-12-30,0.01447694660397708,24,0.021816084812526438,37,0.02359687233910269,40
1999-12-31,0.013439013240797945,22,0.01980713145851584,34,0.023719474668297314,40
2000-01-03,0.04454246865721753,52,0.032272532531178205,48,0.02846306530932303,45
2000-01-04,0.05420398918508441,53,0.039301824187198485,50,0.0320441011121541,47
2000-01-05,0.05164252052040172,52,0.042115610726592395,51,0.03327082108060194,48
2000-01-06,0.05008078691162432,52,0.04399832861389594,51,0.03269530490124766,48
2000-01-07,0.04674686184754839,52,0.043782996962289183,51,0.032564722396951566,48
2000-01-10,0.045129679204068324,52,0.04410258890510815,51,0.03284795686044689,48
2000-01-11,0.0331749400846108,48,0.04266406353239122,51,0.0324686108171271,48
2000-01-12,0.018976695329936764,34,0.040891098441642286,51,0.032506639324223416,48
2000-01-13,0.010042831816213552,11,0.036904335397734266,50,0.03103992387207452,47
2000-01-14,0.010540410257208189,13,0.036243131087673894,49,0.031092194930942188,47
2000-01-18,0.008260572759270614,6,0.031480947840645736,47,0.030974031099406576,47
2000-01-19,0.00829292055925966,6,0.022803880649275996,39,0.030780927505465596,46
2000-01-20,0.013502688031108224,22,0.016390873064817076,27,0.03093946546681357,46
2000-01-21,0.013825978212274463,23,0.011473210721342783,12,0.030798987009761032,46
2000-01-24,0.02417053660479391,41,0.019574508089280022,34,0.032399212511238756,48
2000-01-25,0.027286192004880486,44,0.020130508548867204,35,0.03268134584787446,48
2000-01-26,0.038202872940177574,50,0.026159299221281695,42,0.034400150469550896,48
2000-01-27,0.03641103919064661,50,0.02596709526133531,42,0.033647615799812965,48
2000-01-28,0.038790363366361415,50,0.027456831558226633,44,0.03321141298649179,48
2000-01-31,0.03180367087995593,47,0.03164953620758174,48,0.0336306054265652,48
2000-02-01,0.03397829365847437,49,0.03171876082238063,48,0.03327746495129743,48
2000-02-02,0.028259727204952165,45,0.0317719954887228,48,0.030166823432606377,46
2000-02-03,0.0419655822248654,51,0.03788877480999602,50,0.03017905221453238,46
2000-02-04,0.041173901975460295,51,0.03796736509563505,50,0.028166193383721033,44
2000-02-07,0.029161316776216167,45,0.03454215946688209,49,0.026812025381642637,43
2000-02-08,0.03872139225758254,50,0.03605837914542717,49,0.028245880671782502,45
2000-02-09,0.040432760949946564,51,0.03393418958220419,49,0.028883700684214537,45
2000-02-10,0.02704290208527657,44,0.03376392346504578,48,0.02888015787702749,45
2000-02-11,0.028294964258776277,45,0.03345771991161295,48,0.029139013668063662,45
2000-02-14,0.02869492784053039,45,0.02838024702011009,45,0.029330746634595097,45
2000-02-15,0.017695499865536007,32,0.02843021147212751,45,0.029206825795756813,45
2000-02-16,0.021653718547415393,38,0.03057797684867823,47,0.030409792361887285,46
2000-02-17,0.02126683143756241,37,0.024034342651984474,40,0.03037350672250897,46
2000-02-18,0.021166944584421504,37,0.02432607450984758,41,0.030310999073042372,46
2000-02-22,0.01915899170922035,34,0.02409403431400234,40,0.030419014853996795,46
2000-02-23,0.03450209020171245,49,0.025998568352981772,42,0.030782009890578527,46
2000-02-24,0.03096148375964008,47,0.028368959857995223,45,0.03177639575024575,47
2000-02-25,0.02987480864447277,46,0.028436563938192008,45,0.02979155856854273,46
2000-02-28,0.029335465301147556,46,0.028187428031976172,45,0.029911287124027568,46
2000-02-29,0.032224654375469314,47,0.031841369041410474,48,0.031434268520127276,47
2000-03-01,0.02899450356037429,45,0.03215947964796449,48,0.029735412405743185,46
2000-03-02,0.025505415435008016,42,0.026752699649384284,43,0.029848293605873447,46
2000-03-03,0.030921537881156536,47,0.029277723387441636,46,0.03273392170041887,48
2000-03-06,0.02332283295938379,40,0.026375812344401353,43,0.028637606447407465,45
2000-03-07,0.022587931926587368,39,0.02623558639778125,43,0.028348512890904055,45
2000-03-08,0.03363425516751269,48,0.02975592989937933,46,0.029678635817946233,46
2000-03-09,0.03786171520355594,50,0.030703729635881267,47,0.03036314575432165,46
2000-03-10,0.033451220757312404,48,0.03079302419507365,47,0.03006384132516208,46
2000-03-13,0.03715958801181594,50,0.031168805931200364,47,0.030604234511968097,46
2000-03-14,0.047033363855070155,52,0.03719313635051453,50,0.033004783224195956,48
2000-03-15,0.04471393733025557,52,0.03770697165888105,50,0.0333106760710999,48
2000-03-16,0.035381874558435625,49,0.03781148083760227,50,0.03334791363121626,48
2000-03-17,0.06869641958100255,54,0.051186019052655275,52,0.04027203812221843,51
2000-03-20,0.06972744024624608,54,0.05276253129037109,52,0.04097648748844139,51
2000-03-21,0.0623240861712469,53,0.053742403405133664,53,0.0406587033469769,51
2000-03-22,0.06203671596024677,53,0.05229045529833072,52,0.041084710232455336,51
2000-03-23,0.060431768381835546,53,0.05057239460358517,52,0.04037559017518842,51
2000-03-24,0.026714350757935608,44,0.049140565245320796,52,0.03984749070668744,50
2000-03-27,0.04581496638124995,52,0.055823897591882964,53,0.04449410757231125,52
2000-03-28,0.04006264145407812,51,0.05253301845017554,52,0.04410168504752819,51
2000-03-29,0.04067706461592674,51,0.05205184415729013,52,0.0432312975773009,51
2000-03-30,0.04606116753351013,52,0.057208549064394154,53,0.046071553562040506,52
2000-03-31,0.04088964761215732,51,0.03761407868692942,50,0.04626283512140166,52
2000-04-03,0.031109966358857582,47,0.03727912710597717,50,0.04419642203692221,51
2000-04-04,0.03659926544384299,50,0.03761098277141484,50,0.046751905594095956,52
2000-04-05,0.03314452205310967,48,0.03763993497323831,50,0.046675929418352566,52
2000-04-06,0.0564563725969423,53,0.04970536135544421,52,0.05016518579247513,52
2000-04-07,0.058161498763671576,53,0.04897098861994626,52,0.049371039386457434,52
2000-04-10,0.062218618884123264,53,0.04713209548038782,52,0.049241692276607026,52
2000-04-11,0.05079763445693576,52,0.04711796280978475,52,0.04931885297536842,52
2000-04-12,0.06601351045778509,53,0.05183481985159769,52,0.05105641014114143,52
2000-04-13,0.04421491666397843,51,0.04895213663470129,52,0.05107797415959074,52
2000-04-14,0.06712352247376598,53,0.06218570835319873,53,0.05826481889682805,53
2000-04-17,0.07129876572355025,54,0.06684064061120264,54,0.05167849877859029,53
2000-04-18,0.08689892346626295,54,0.06931645190192182,54,0.05466282998104669,53
2000-04-19,0.08046253216442123,54,0.06947514439701837,54,0.05347650771631506,53
2000-04-20,0.08149982778706748,54,0.06200487517857889,53,0.05374887238182683,53
2000-04-24,0.049664270357618105,52,0.06175897528671677,53,0.053410597774524615,53
2000-04-25,0.06767497880561342,54,0.07279915124658722,54,0.06025392199887714,53
2000-04-26,0.06411884718372667,53,0.07293119804964476,54,0.05838807165781288,53
2000-04-27,0.06302153360395767,53,0.06859422471460543,54,0.05833567456140655,53
2000-04-28,0.06075557794448207,53,0.06878388066343878,54,0.05830478560193215,53
2000-05-01,0.058625830291554194,53,0.05166925412055556,52,0.05772827816323802,53
2000-05-02,0.032225125528456126,47,0.05254363120036136,52,0.05828002060792866,53
2000-05-03,0.031450840970852295,47,0.04790226262602537,52,0.05835929686580658,53
2000-05-04,0.030443125248371665,46,0.04767493601630355,52,0.056550600243469536,53
2000-05-05,0.02999130348548248,46,0.046175141905740964,51,0.05653599466283636,53
2000-05-08,0.014904160014576577,25,0.04660708258131867,51,0.05283604052406162,53
2000-05-09,0.009670435969245335,10,0.022847480899234968,39,0.052593953155088406,53
2000-05-10,0.01770663045968995,32,0.02536813278856268,42,0.05194758318442694,53
2000-05-11,0.018324234764716226,33,0.024394763362325076,41,0.051911675805490186,53
2000-05-12,0.03154771681458655,47,0.029226441309828693,46,0.05043236973601009,52
2000-05-15,0.037548355060262696,50,0.029062858888305957,46,0.051325013786529795,53
2000-05-16,0.037375489758767665,50,0.027187101141464533,44,0.04234144553706193,51
2000-05-17,0.027178399390948814,44,0.02686618415208918,43,0.04047044924512402,51
2000-05-18,0.025949654677792054,43,0.02716600176169054,44,0.037010431603863525,50
2000-05-19,0.02263090409545744,39,0.027170749813712015,44,0.036884288900348575,49
2000-05-22,0.013596693508069104,22,0.027342893092476995,44,0.03668377909278821,49
2000-05-23,0.015966566277876116,28,0.02731321964690325,44,0.03653069087599235,49
2000-05-24,0.0203517664848609,36,0.024817328497276067,41,0.024999213609321464,42
2000-05-25,0.03672838435749896,50,0.03690793483557437,50,0.0301639087469615,46
2000-05-26,0.0348177316082267,49,0.03454402920394786,49,0.030600315038046326,46
2000-05-30,0.04670867156364416,52,0.033141119917948846,48,0.032121642883146354,48
2000-05-31,0.049132820104850344,52,0.03547810576164013,49,0.030853463184197974,46
2000-06-01,0.055133923366825,53,0.03921592985913505,50,0.03201980768069337,47
2000-06-02,0.06494334324840774,53,0.06100023024989404,53,0.0450569049090498,52
2000-06-05,0.06010272526152257,53,0.06170717791344752,53,0.045378846526283656,52
2000-06-06,0.06541097227476829,53,0.06105755101574218,53,0.045483444081458234,52
2000-06-07,0.06536268352305237,53,0.062347641847543045,53,0.04612431702018127,52
2000-06-08,0.06949282854169977,54,0.06143517818489375,53,0.04611189686933718,52
2000-06-09,0.028815256705223852,45,0.053014094320132335,53,0.04500834100293364,52
2000-06-12,0.026810227772048553,44,0.04933958116386647,52,0.04496367157082286,52
2000-06-13,0.02733082954256841,44,0.04916337199407371,52,0.04454600635211004,52
2000-06-14,0.03229330155566872,47,0.050672570322828486,52,0.045421379301810935,52
2000-06-15,0.02909828395321092,45,0.05058126057901917,52,0.045179020121987455,52
2000-06-16,0.024205224175222282,41,0.028222613434275377,45,0.04509282323932317,52
2000-06-19,0.02265957195494218,39,0.02610452802061866,42,0.045166216558847234,52
2000-06-20,0.03102061523838489,47,0.027653338935243004,45,0.04567050905312177,52
2000-06-21,0.01956649292265673,35,0.02640364214380465,43,0.04554364705941348,52
2000-06-22,0.0201725638191041,36,0.02722594326534827,44,0.04601021186067198,52
2000-06-23,0.02522964069638129,42,0.026925067064016647,44,0.045429608459026626,52
2000-06-26,0.0263793775632072,43,0.027405364956611094,44,0.04033003927868717,51
2000-06-27,0.02419601304279646,41,0.026819754614662676,43,0.03846401360732069,50
2000-06-28,0.020405192247675442,36,0.02041435471091556,35,0.03823439631262507,50
2000-06-29,0.008653723971101458,7,0.02259508846862565,38,0.03840457478633909,50
2000-06-30,0.008955092175287808,8,0.023524287401653982,40,0.03804180479222075,50
2000-07-03,0.012369421089884999,19,0.02325331560936278,39,0.024670217656485662,41
2000-07-05,0.011695165686536921,17,0.02028995319016791,35,0.023585074712263288,40
2000-07-06,0.02334173784956013,40,0.02066895026850812,36,0.024322273228138465,41
2000-07-07,0.020884934546081788,37,0.01679086698722917,28,0.023017383131589648,39
2000-07-10,0.022030999292867105,39,0.01744603194849089,29,0.022953565376894858,39
2000-07-11,0.02182735104221463,38,0.0172941721980671,29,0.02202742088796397,37
2000-07-12,0.02512104280528487,42,0.0186115325720657,32,0.02269472751541266,38
2000-07-13,0.010127923327305291,12,0.018769796548726576,32,0.02271991654984184,38
2000-07-14,0.014695469017044537,25,0.01849956111227084,31,0.020135494110674265,34
2000-07-17,0.024536780301432498,41,0.02199204066723006,38,0.02166102501713887,37
2000-07-18,0.02615415738698369,43,0.02277984863140675,39,0.022102623900727387,37
2000-07-19,0.02709448327948816,44,0.025753030145487743,42,0.023324885488900146,39
2000-07-20,0.02833928743322667,45,0.02357523914020616,40,0.022513353021976965,38
2000-07-21,0.028475552916893836,45,0.023462616105875515,40,0.021119751957488803,36
2000-07-24,0.023114533944977998,40,0.02248349978896773,38,0.019394490514980194,33
2000-07-25,0.020634163039238873,36,0.022490435341282485,38,0.019286528673993303,33
2000-07-26,0.010838833217836734,14,0.020406473661123074,35,0.019275987724762144,33
2000-07-27,0.019456010017503616,35,0.02295056464061667,39,0.02177375181946772,37
2000-07-28,0.027576461141229358,44,0.027539017300093713,44,0.024939916353785826,42
2000-07-31,0.030232312724527366,46,0.027604256041014394,44,0.024520466461842614,41
2000-08-01,0.03250731120829096,48,0.026694912539268277,43,0.024300110581271028,41
2000-08-02,0.03408762482397422,49,0.025422192920892442,42,0.0243986606793711,41
2000-08-03,0.033152087388729275,48,0.026225881061259632,43,0.025262411426138547,42
2000-08-04,0.016918959275395124,30,0.031242620844903916,47,0.026336208371789866,43
2000-08-07,0.016751568826594374,30,0.03163426872997858,48,0.026430741738238814,43
2000-08-08,0.024093344189529534,41,0.032130312006242404,48,0.02631276622419286,43
2000-08-09,0.02391986185249119,41,0.0321171477566526,48,0.026373219582933656,43
2000-08-10,0.03075415948378328,46,0.030248714339544208,47,0.026458118663055738,43
2000-08-11,0.02964840732809341,46,0.02447732873189935,41,0.028202806423991637,45
2000-08-14,0.02984761423643658,46,0.024524155840525107,41,0.028441950630883516,45
2000-08-15,0.032457160181417026,48,0.027941128671877157,45,0.027990890437469322,44
2000-08-16,0.04086796444100497,51,0.03464913673215945,49,0.030128611773219887,46
2000-08-17,0.04570732132051129,52,0.036727290351506736,49,0.031022394201381674,47
2000-08-18,0.04048849186316849,51,0.03408430245362726,49,0.031030784262586365,47
2000-08-21,0.038372364140848714,50,0.03353515522204019,48,0.03103059352376302,47
2000-08-22,0.03796065301020763,50,0.03344728277418295,48,0.03111369463657365,47
2000-08-23,0.026876615813570842,44,0.03353733987955323,48,0.03126190800034385,47
2000-08-24,0.012587069520646504,20,0.032335953503608746,48,0.03134675547797634,47
2000-08-25,0.01066875437220334,13,0.028033349676716383,45,0.029769059065350597,46
2000-08-28,0.014355694110529674,24,0.028052856700197935,45,0.026798781433171725,43
2000-08-29,0.02090099163993636,37,0.029282149142664745,46,0.027513117323074553,44
2000-08-30,0.027452219427679104,44,0.025679496648752992,42,0.02894250413506689,45
2000-08-31,0.028315368782204035,45,0.022509297436669674,38,0.02945515377717531,45
2000-09-01,0.028177344790753685,45,0.021198452052996936,36,0.028982445065149364,45
2000-09-05,0.029366294686095536,46,0.021846592521436968,37,0.027225632629796385,44
2000-09-06,0.024109751816900175,41,0.022072302131366777,38,0.02710841063932548,44
2000-09-07,0.01703897567785698,30,0.021540155534274498,37,0.026887896485216122,43
2000-09-08,0.015370142114114988,27,0.024193013526743055,40,0.0278622092323639,44
2000-09-11,0.03251139904729703,48,0.029417321948223125,46,0.02942468454837782,45
2000-09-12,0.0326233785214428,48,0.029455161098067017,46,0.02779902604856725,44
2000-09-13,0.03454327435992367,49,0.028083676579538357,45,0.028020226347144326,44
2000-09-14,0.03453193295820775,49,0.02594404466514915,42,0.027426932234170382,44
2000-09-15,0.03504846699783425,49,0.025661340533863746,42,0.02600128188630133,43
2000-09-18,0.021386274005189165,38,0.029350872235232913,46,0.026275387633407254,43
2000-09-19,0.02577724102929262,43,0.03003725698623399,47,0.026181100990626385,43
2000-09-20,0.025694136186894236,43,0.03017678554041051,47,0.026425309895799994,43
2000-09-21,0.024431363077392625,41,0.03144991177787759,47,0.027539058348379532,44
2000-09-22,0.029708706987834,46,0.031895368021814155,48,0.02774865452457401,44
2000-09-25,0.024334157411439582,41,0.023643726438834,40,0.0279230327238998,44
2000-09-26,0.02939994549894168,46,0.02609869130408134,42,0.02969546780160303,46
2000-09-27,0.030645916216813243,46,0.026687721423978784,43,0.029707391763628715,46
2000-09-28,0.04181782294086264,51,0.03501802791502229,49,0.030961546139349875,46
2000-09-29,0.041393378894152184,51,0.03492845046721872,49,0.03058099055166223,46
2000-10-02,0.0412593521805263,51,0.03195131651330849,48,0.029521133422500234,46
2000-10-03,0.0334925416414836,48,0.03171180873731529,48,0.029318033448576884,45
2000-10-04,0.034900150272036384,49,0.03340133006057139,48,0.03020243113705873,46
2000-10-05,0.032843683983510036,48,0.035496226261281925,49,0.03266725625437154,48
2000-10-06,0.04090347415281457,51,0.03899270818892455,50,0.03418279023668433,48
2000-10-09,0.04015828740245841,51,0.03933404266331873,50,0.03434185625157503,48
2000-10-10,0.04015670144387334,51,0.037385701224258244,50,0.030961532819452586,46
2000-10-11,0.04065703239112148,51,0.03651435988910018,49,0.031407286722545676,47
2000-10-12,0.038830478597884945,50,0.04042649290158682,50,0.03618327193913946,49
2000-10-13,0.062420878173739563,53,0.04979675571277265,52,0.041080101148078835,51
2000-10-16,0.06258515637155236,53,0.05029049767775985,52,0.041349300371688276,51
2000-10-17,0.06469028567040298,53,0.05135166023542226,52,0.040909190590147304,51
2000-10-18,0.06392877877607754,53,0.05050929142429449,52,0.04068068909013339,51
2000-10-19,0.044534062164390945,51,0.04790955427563664,52,0.04133934785312712,51
2000-10-20,0.03427782410063377,49,0.048576895283508045,52,0.04198250620806884,51
2000-10-23,0.03559831549234393,49,0.048000888671745366,52,0.04203023324991985,51
2000-10-24,0.02908334977547918,45,0.04753133322901328,52,0.04184045021028743,51
2000-10-25,0.03755704107123083,50,0.04956728535013515,52,0.04186809602692546,51
2000-10-26,0.03536443619550864,49,0.04084628341483367,51,0.041847975731040876,51
2000-10-27,0.01901077790373972,34,0.03078239050581477,47,0.03947341590972459,50
2000-10-30,0.0333692424202052,48,0.032921937063399964,48,0.04060015961026871,51
2000-10-31,0.0390537221193658,50,0.03261998652336619,48,0.04139561367125064,51
2000-11-01,0.03429876249250057,49,0.03399713409672583,49,0.041740553614807996,51
2000-11-02,0.028972524304005536,45,0.03402859779106885,49,0.04167268834342278,51
2000-11-03,0.028144530709926143,45,0.030772515936265416,47,0.04003223559984165,51
2000-11-06,0.0350023600307321,49,0.03275784572146625,48,0.039569311500760825,50
2000-11-07,0.029880241818288293,46,0.033211511612486554,48,0.03929202994956958,50
2000-11-08,0.0280439315559193,45,0.03001579029874075,47,0.03909844730832166,50
2000-11-09,0.020648336969327896,36,0.02813573020773948,45,0.03890354512101302,50
2000-11-10,0.014398437703670481,24,0.029519874010297674,46,0.033847829386991615,48
2000-11-13,0.010723381039569616,14,0.02670592136017546,43,0.029232886657920894,45
2000-11-14,0.02440058352751762,41,0.0257340491802976,42,0.029667875695852098,46
2000-11-15,0.02637557256883851,43,0.025740414851141716,42,0.028823419877707857,45
2000-11-16,0.027827043279841583,45,0.024333280702428347,41,0.029058893390265593,45
2000-11-17,0.02992707499335875,46,0.024804615537976766,41,0.02916585723872186,45
2000-11-20,0.03756767313187136,50,0.02701706946557627,44,0.028938433750957095,45
2000-11-21,0.03447406589899034,49,0.028157139386880723,45,0.029268473523908822,45
2000-11-22,0.035335435735360646,49,0.03091282258917203,47,0.030643082980645185,46
2000-11-24,0.036527603694532035,50,0.03265441515181622,48,0.030013508712434946,46
2000-11-27,0.038162901427664986,50,0.03277529082524214,48,0.02967170385135811,46
2000-11-28,0.030454438445857237,46,0.0322524346438562,48,0.029920825513187664,46
2000-11-29,0.033553291417294344,48,0.03232125206799885,48,0.029369757314486548,45
2000-11-30,0.021883429716279223,39,0.031560102858971616,47,0.027816494876761987,44
2000-12-01,0.020513470915074525,36,0.030572925374013037,47,0.027371091456453375,44
2000-12-04,0.019606509175114913,35,0.029153558167252853,46,0.026275736686322812,43
2000-12-05,0.03948126133477259,50,0.035959622786777175,49,0.03319952860181672,48
2000-12-06,0.041275293937466324,51,0.03631288062501366,49,0.03207007687635054,47
2000-12-07,0.043180412923077505,51,0.03234419058656758,48,0.03198996846665362,47
2000-12-08,0.04983845507696117,52,0.03784806082387866,50,0.035662525839494696,49
2000-12-11,0.04791764347860652,52,0.0391916119862297,50,0.03691886040318751,49
2000-12-12,0.04596937746246075,52,0.040834206903075196,51,0.03729713438183748,50
2000-12-13,0.044578235030322634,52,0.04052532481517945,50,0.036598765563727896,49
2000-12-14,0.057925034842104595,53,0.04823000621742609,52,0.03960810092133266,50
2000-12-15,0.04516833816355837,52,0.04842498248333737,52,0.039526392771991783,50
2000-12-18,0.03353070785389012,48,0.048581408854496085,52,0.03937618924752858,50
2000-12-19,0.04134348043297507,51,0.04197080014273641,51,0.039564245747192785,50
2000-12-20,0.0400849119909437,51,0.04175053637681331,51,0.03719289906434351,50
2000-12-21,0.025255673379586844,42,0.04242188882469225,51,0.038055963036703375,50
2000-12-22,0.02630430751105971,43,0.0400684378938604,50,0.037101036282554664,50
2000-12-26,0.017457962023043196,31,0.038826910396356946,50,0.03730308941388816,50
2000-12-27,0.022555272714462383,39,0.03582694333920085,49,0.03737472633436876,50
2000-12-28,0.02158868013424793,38,0.03812315216678331,50,0.03748480448411295,50
2000-12-29,0.026586653756118697,44,0.02530335931370954,42,0.037474041253894474,50
2001-01-02,0.04308521453765097,51,0.03579801806684836,49,0.04071606263610962,51
2001-01-03,0.08029862983000509,54,0.05489354603119423,53,0.05098852590748035,52
2001-01-04,0.08307559154402822,54,0.05742030868026681,53,0.05160729141552629,53
2001-01-05,0.08573830105425197,54,0.06123305748521599,53,0.0506484936682354,52
2001-01-08,0.08611913589325441,54,0.0615237505500641,53,0.05070845032254626,52
2001-01-09,0.07965344808401138,54,0.0605033850767817,53,0.05053481381728379,52
2001-01-10,0.029216221650735272,45,0.06075652870425464,53,0.049065224962824,52
2001-01-11,0.031029877446509056,47,0.06077859804608869,53,0.04843454357916142,52
2001-01-12,0.023884773819789217,41,0.059347886819161665,53,0.047664661707020765,52
2001-01-16,0.022349824155537133,39,0.05937787538473955,53,0.047627186644177796,52
2001-01-17,0.019406958818626665,35,0.054659358968522254,53,0.04414150614507858,51
2001-01-18,0.017495166431248727,31,0.023349777791985837,39,0.044575214907076464,52
2001-01-19,0.02189268042295203,39,0.025433784222072865,42,0.044552036439399846,52
2001-01-22,0.020811868278701334,37,0.02137523529049173,37,0.044158711938170024,51
2001-01-23,0.022261284825589176,39,0.02113290454703659,36,0.04423358281210949,51
2001-01-24,0.021445658488473747,38,0.019404617637606373,33,0.043732171013373795,51
2001-01-25,0.027451177885969374,44,0.022767727851794903,39,0.04386617041137987,51
2001-01-26,0.024964582838456283,42,0.02235658811759071,38,0.043559720965709814,51
2001-01-29,0.024118243921778287,41,0.021295553383796566,36,0.04354645152761843,51
2001-01-30,0.023703752499278148,40,0.021921451491693864,38,0.04252920763529923,51
2001-01-31,0.029813451153783282,46,0.026836222372484658,43,0.04372102079257326,51
2001-02-01,0.030089021791822854,46,0.02719723278386903,44,0.04158281386280216,51
2001-02-02,0.03591717000523832,49,0.029440007895285385,46,0.026739648919212298,43
2001-02-05,0.03580048628438908,49,0.029383468276645817,46,0.02645888614976024,43
2001-02-06,0.03242868945202197,48,0.029006316460314516,46,0.02540559386351428,42
2001-02-07,0.03128531828354727,47,0.029147107222487232,46,0.026374431227548466,43
2001-02-08,0.017772586636166775,32,0.0281320433787425,45,0.026186426795659072,43
2001-02-09,0.022255584150859313,39,0.028676487980677828,45,0.025236383557232588,42
2001-02-12,0.024896443511667695,42,0.029084943903929007,46,0.025160642935508522,42
2001-02-13,0.02609454140699816,43,0.028354676590441913,45,0.025954746897314956,43
2001-02-14,0.02187327369450831,38,0.02642470375335153,43,0.025978598469598227,43
2001-02-15,0.025703221065342653,43,0.024408116190147003,41,0.02682031834297606,43
2001-02-16,0.03377690830530219,48,0.026967723442501784,44,0.028809191281374154,45
2001-02-20,0.034042761792201504,49,0.03023064630445163,47,0.029797332069631102,46
2001-02-21,0.033936779387066504,48,0.029893126277641437,46,0.029253394523286298,45
2001-02-22,0.04137872876840246,51,0.031795531247852324,48,0.029510697005821155,45
2001-02-23,0.03465390634444556,49,0.03139548971402456,47,0.028994418221945803,45
2001-02-26,0.03396617316463478,49,0.032065767362392264,48,0.029133618420957866,45
2001-02-27,0.020790034622165908,37,0.031074661839697676,47,0.02894020227643368,45
2001-02-28,0.038530134158096266,50,0.0354088083068479,49,0.031440080878444826,47
2001-03-01,0.0337272809719036,48,0.03560275173124345,49,0.0305516784394697,46
2001-03-02,0.03395729241725815,48,0.03294588246299029,48,0.029857481986267944,46
2001-03-05,0.030787693892624833,46,0.03075486818092075,47,0.028023769722652497,44
2001-03-06,0.037469331525527685,50,0.029106173993892197,46,0.029153655806220972,45
2001-03-07,0.016236922040493405,29,0.02858908977989276,45,0.0291015290336809,45
2001-03-08,0.024649535282745747,42,0.028542134031034592,45,0.02932495417673377,45
2001-03-09,0.034168834380673724,49,0.032115123158414825,48,0.030341340600605327,46
2001-03-12,0.03689988857643347,50,0.03238059005175506,48,0.03152258226854838,47
2001-03-13,0.047232050580033526,52,0.04057578832180329,51,0.03478063711631399,49
2001-03-14,0.04778455134030675,52,0.03728869428283761,50,0.034929183861626356,49
2001-03-15,0.056625719962258535,53,0.041371514132312597,51,0.03692679173528589,49
2001-03-16,0.050979233745672745,52,0.04137155692344413,51,0.036894279811066556,49
2001-03-19,0.042283451537803954,51,0.04340824633715524,51,0.037467400266535805,50
2001-03-20,0.04286708527374323,51,0.04333405040247399,51,0.036887533689377666,49
2001-03-21,0.03926567680844641,50,0.04357007817124915,51,0.035494934358442504,49
2001-03-22,0.03131618132340134,47,0.04316524019438246,51,0.03555441644082559,49
2001-03-23,0.03838152586739028,50,0.04257941228883623,51,0.036450971018341265,49
2001-03-26,0.033693571436684534,48,0.03815086877939109,50,0.03640380372749906,49
2001-03-27,0.031480943039364565,47,0.03633451126212916,49,0.037643177409940776,50
2001-03-28,0.04683718673387663,52,0.04077518058905907,51,0.0402266092020828,51
2001-03-29,0.046815622502289864,52,0.03793425774882613,50,0.03770981135006513,50
2001-03-30,0.043435115882821035,51,0.03951298033214987,50,0.03838358297410127,50
2001-04-02,0.043388389574830814,51,0.036840227153361015,50,0.03842529016675487,50
2001-04-03,0.028673851211318803,45,0.035991587491228064,49,0.038893748763364835,50
2001-04-04,0.022398375106912415,39,0.037894059528685485,50,0.03876056359856142,50
2001-04-05,0.06417197341521726,53,0.05317636479011325,53,0.04659098386523052,52
2001-04-06,0.06285160711598986,53,0.051170389789873254,52,0.046261780437701086,52
2001-04-09,0.062611059673231,53,0.05117664172950355,52,0.044897863020945845,52
2001-04-10,0.061560428917792884,53,0.05090963336353593,52,0.04437208090410054,51
2001-04-11,0.05040964576303911,52,0.04760254793244042,52,0.04324198879068397,51
2001-04-12,0.02865975122940759,45,0.048206582535452104,52,0.04238620108725386,51
2001-04-16,0.029588708632749237,46,0.04731139995944286,52,0.04172846221845025,51
2001-04-17,0.027625035039516785,44,0.04682136205109545,52,0.04176518092083322,51
2001-04-18,0.034517346497635756,49,0.04729659628465047,52,0.04361895467307597,51
2001-04-19,0.038622874677222245,50,0.043629568686965034,51,0.042633273673006344,51
2001-04-20,0.04014840505324259,51,0.033719318062479166,48,0.042536368966063574,51
2001-04-23,0.040988766400611304,51,0.03456016470019086,49,0.043186688456852605,51
2001-04-24,0.04123432977019457,51,0.035444259639298405,49,0.04237608091581121,51
2001-04-25,0.017033572975224492,30,0.03323424096729851,48,0.04243803896275018,51
2001-04-26,0.01721246934746519,31,0.031109511385347365,47,0.04117449525601968,51
2001-04-27,0.01730135883046165,31,0.029596118132438405,46,0.038195775541419986,50
2001-04-30,0.014776421028056963,25,0.029291295581027187,46,0.03850431065356103,50
2001-05-01,0.01516216699482759,26,0.029449950639250298,46,0.03769915789458901,50
2001-05-02,0.02923549760058481,45,0.026186975892670935,43,0.039219471039559015,50
2001-05-03,0.032191758658403284,47,0.026245372987977487,43,0.03860665621001135,50
2001-05-04,0.032193871632155306,47,0.02562296079917673,42,0.03648348546747631,49
2001-05-07,0.03061907547332172,46,0.02398177839864165,40,0.02907904108988892,45
2001-05-08,0.03139877670305743,47,0.023303503717373504,39,0.02861924279134544,45
2001-05-09,0.012133575319856649,18,0.023159721747034526,39,0.028688982962409338,45
2001-05-10,0.009513318673560768,10,0.023113638116225008,39,0.02727012555229864,44
2001-05-11,0.006079636286908394,2,0.02392177103480222,40,0.026350934699788924,43
2001-05-14,0.01134576326614679,16,0.02313873740068341,39,0.025708001392407247,42
2001-05-15,0.012156180953629218,18,0.02272403771901438,39,0.025153171755485006,42
2001-05-16,0.02654481713159973,43,0.02166170917723249,37,0.027493022250790446,44
2001-05-17,0.029839650935557915,46,0.02161589637956132,37,0.02329667135916795,39
2001-05-18,0.02795390464213262,45,0.021469975399692396,37,0.022940784410400827,39
2001-05-21,0.03291846863231056,48,0.025590302078192916,42,0.024649241360625213,41
2001-05-22,0.03264858834281933,48,0.025167923248179336,42,0.023644811977061378,40
2001-05-23,0.03321245442303063,48,0.029050506443098163,46,0.025100407550182294,42
2001-05-24,0.03144935383657502,47,0.028953585818852563,46,0.024970134931431215,42
2001-05-25,0.032923000592416284,48,0.029079278480638744,46,0.025417125417465356,42
2001-05-29,0.020619546591654592,36,0.02938689040500878,46,0.02559605413098356,42
2001-05-30,0.01611734154523597,28,0.03035990227503148,47,0.025689872144748382,42
2001-05-31,0.012623615551223481,20,0.024030048074163507,40,0.025468526450393526,42
2001-06-01,0.016256784451036715,29,0.024245281874518788,40,0.02232542823077761,38
2001-06-04,0.014649051885378893,25,0.024155012962927134,40,0.021856874283025757,37
2001-06-05,0.014567540446791583,25,0.017790171710199965,30,0.02176798242572166,37
2001-06-06,0.013290870034502246,22,0.01706070252405603,28,0.021993803603100263,37
2001-06-07,0.014467434306069267,24,0.014368147103961806,21,0.02212625076515154,37
2001-06-08,0.014525847268938187,25,0.014656122272711361,22,0.022384696586166094,38
2001-06-11,0.02046355235134225,36,0.01711788643091442,28,0.02370537595040049,40
2001-06-12,0.01862544170494219,33,0.017076147763214235,28,0.023402094583199726,39
2001-06-13,0.020225301638136017,36,0.018031043187689277,30,0.024007100485974237,40
2001-06-14,0.01304599887436324,21,0.018528225275666898,31,0.024339945257875535,41
2001-06-15,0.025238928918995023,42,0.020131674287827733,35,0.021676477340091045,37
2001-06-18,0.021939871226272032,39,0.020032322173011655,34,0.021415356318134727,36
2001-06-19,0.021766772333592845,38,0.019184818483821767,33,0.02140783151789721,36
2001-06-20,0.018312572892655265,33,0.01925491556249766,33,0.017869264549404323,30
2001-06-21,0.02523925586884937,42,0.02639714247189168,43,0.02161466469005765,36
2001-06-22,0.02587169584571024,43,0.0261525411237501,42,0.02022524328922437,34
2001-06-25,0.02666999309208412,44,0.023966598814349396,40,0.02021009256705641,34
2001-06-26,0.026867340781292243,44,0.02404853403139763,40,0.01994381504138304,34
2001-06-27,0.0314490366609118,47,0.024261502977729266,40,0.02077123606798162,35
2001-06-28,0.009629755087145293,10,0.023207966781571308,39,0.020441244614641804,35
2001-06-29,0.009682321927691652,10,0.021354141347995233,37,0.020392193955065564,34
2001-07-02,0.009645598348122352,10,0.02158203618361589,37,0.01986838668544958,34
2001-07-03,0.009655790481563445,10,0.021597217972948106,37,0.01984575886516428,33
2001-07-05,0.005180271680102817,1,0.021519924252196697,37,0.019603896806883948,33
2001-07-06,0.0052283796506709355,1,0.00794238321979287,2,0.01944200666577288,33
2001-07-09,0.005926522340742583,2,0.007981463048960939,2,0.018914947152776605,32
2001-07-10,0.00562495982812205,1,0.008343580839840143,3,0.018840396737488982,32
2001-07-11,0.006482232701694511,3,0.008969810302845415,5,0.017767955359442717,30
2001-07-12,0.03086762970329191,47,0.022219621700031354,38,0.02291093675906463,39
2001-07-13,0.030136267103232476,46,0.022024435576062287,38,0.022084590754691408,37
2001-07-16,0.03410201263858345,49,0.02411501305873108,40,0.022546821149177228,38
2001-07-17,0.035393454819047904,49,0.025683338889701913,42,0.02275337941649268,39
2001-07-18,0.03822105644915686,50,0.026626464206684908,43,0.02314157705696014,39
2001-07-19,0.023341942611606336,40,0.02690665853648019,44,0.023228916091519985,39
2001-07-20,0.02356089000817743,40,0.026685009636054066,43,0.023204589329109883,39
2001-07-23,0.020049773659519786,36,0.026701207077610083,43,0.019612526059992162,33
2001-07-24,0.00966480503768036,10,0.02666739633386671,43,0.01965515884539829,33
2001-07-25,0.012365155484689049,19,0.027130835019565643,44,0.02014560138885329,34
2001-07-26,0.013293716870645136,22,0.01901239925193199,33,0.020657446716954058,35
2001-07-27,0.013112739242547343,21,0.019031374191361927,33,0.019641866461574176,33
2001-07-30,0.017167991108809975,31,0.017906266316174056,30,0.020238411682223238,34
2001-07-31,0.01720891937599318,31,0.014776988062375224,23,0.020233747755977832,34
2001-08-01,0.019504799284444343,35,0.015846640976845423,26,0.020872270922824957,35
2001-08-02,0.018731900554144653,34,0.015313147178246181,24,0.020914158855664347,35
2001-08-03,0.01969067193727654,35,0.015839614686739115,25,0.02104465934152207,36
2001-08-06,0.017426146019239443,31,0.0163126740786706,27,0.021312408766302512,36
2001-08-07,0.017681006354539102,32,0.01649197375421541,27,0.021078125697083876,36
2001-08-08,0.01268538915889271,20,0.01710166967585096,28,0.021599217696737744,36
2001-08-09,0.00741210148456371,4,0.016731556033320584,28,0.022114233206263472,37
2001-08-10,0.013300388729916662,22,0.017244096314711542,29,0.01731094565611578,29
2001-08-13,0.01746455821557588,31,0.016883537330974415,28,0.017869652697691064,30
2001-08-14,0.017742587860265713,32,0.01702903430829779,28,0.01666392052656229,27
2001-08-15,0.01589873417300286,28,0.014300366636433247,21,0.015269664281990924,22
2001-08-16,0.012267485828965311,19,0.01330640742019134,18,0.01471225334997958,20
2001-08-17,0.02462274878326537,42,0.01870243372023104,32,0.017704636316292675,30
2001-08-20,0.02233772907540879,39,0.019216133478292267,33,0.017857183078755563,30
2001-08-21,0.024194486093625987,41,0.020608978138019218,35,0.01875876159974245,32
2001-08-22,0.03001295626014195,46,0.023337152689181014,39,0.01996584672434678,34
2001-08-23,0.030597421449616094,46,0.022704458463735793,39,0.019533514033081005,33
2001-08-24,0.029184644842018482,45,0.02741500167467808,44,0.021927445962072297,37
2001-08-27,0.02919142929773736,45,0.026931230949483822,44,0.022002956784083524,37
2001-08-28,0.02237702431787297,39,0.02690614759437502,44,0.0214379096176963,36
2001-08-29,0.02212540473819905,39,0.026811857411243457,43,0.021391993343475846,36
2001-08-30,0.02452034594750936,41,0.02705749841709436,44,0.02061654783585499,35
2001-08-31,0.009791902108841916,11,0.021728060292650248,37,0.02047282806436235,35
2001-09-04,0.007918510077700988,5,0.021890270893195788,37,0.020437858030522758,34
2001-09-05,0.008478158263699407,7,0.01940756943582952,33,0.020291538987892477,34
2001-09-06,0.00975044176592376,10,0.018665920727117962,32,0.020570075656765215,35
2001-09-07,0.014884164426992513,25,0.021405089654952993,37,0.021307587304331126,36
2001-09-10,0.021032457482749702,37,0.015879493397130778,26,0.021724043049686163,37
2001-09-17,0.04088657518433944,51,0.0298500051462719,46,0.028664881057127962,45
2001-09-18,0.04025174352792707,51,0.029977718039592396,47,0.028441478615050367,45
2001-09-19,0.04230027682601556,51,0.030169715173349036,47,0.02850537520659119,45
2001-09-20,0.04204956786559844,51,0.030271878184604896,47,0.028531605059551227,45
2001-09-21,0.04389785052849626,51,0.033150150422951434,48,0.029806208858308356,46
2001-09-24,0.03151010955845786,47,0.037866968570267494,50,0.030267539993844635,46
2001-09-25,0.02755327000265382,44,0.037885665835165505,50,0.030156331096993835,46
2001-09-26,0.027765234314407167,44,0.03785971739502819,50,0.029526515506601785,46
2001-09-27,0.024391070689131458,41,0.036911961199517784,50,0.028720712542176948,45
2001-09-28,0.025736821909456076,43,0.038232717226290194,50,0.03003790166988325,46
2001-10-01,0.022613435817896058,39,0.025988789351315867,42,0.028876700273281732,45
2001-10-02,0.02149464920393038,38,0.023334043433957473,39,0.028783797723223217,45
2001-10-03,0.023980722613077363,41,0.025255474043616166,42,0.030482596839769813,46
2001-10-04,0.015582422969298992,27,0.02154708778940444,37,0.03128396590288945,47
2001-10-05,0.03100464347137734,47,0.026906940810746096,44,0.03203542605877962,47
2001-10-08,0.031230972746188617,47,0.025764415753955074,42,0.0320689672168297,47
2001-10-09,0.033698916743268005,48,0.026663406717841523,43,0.03306986207909762,48
2001-10-10,0.03238554881749401,47,0.027227144346478556,44,0.03383615180951369,48
2001-10-11,0.03390558259261668,48,0.026164647424734126,42,0.0344252146744699,49
2001-10-12,0.026875793400219724,44,0.027404669490879732,44,0.03353021580885232,48
2001-10-15,0.021394104504466015,38,0.026965617285262672,44,0.03344185549821011,48
2001-10-16,0.022650748139264435,39,0.027149897230452295,44,0.025587298612448676,42
2001-10-17,0.025745385163251356,43,0.02783263755008142,45,0.025480675579153678,42
2001-10-18,0.01658776614045597,29,0.026934933850141493,44,0.025695275703997867,42
2001-10-19,0.017721921587035776,32,0.024981103819753565,41,0.02533205262298847,42
2001-10-22,0.019202519618242386,34,0.024791695720840525,41,0.025119947034296708,42
2001-10-23,0.019329618117441758,34,0.023027717303204524,39,0.024053764641728842,40
2001-10-24,0.016809526655525393,30,0.0208612744096956,36,0.024291702116419185,41
2001-10-25,0.017752222811835985,32,0.016491131078407568,27,0.02420782459399501,41
2001-10-26,0.015313921814200996,26,0.017685839668566045,30,0.023871720605170815,40
2001-10-29,0.019265589915456863,34,0.01831566555585602,31,0.02434416184906463,41
2001-10-30,0.019553869839024136,35,0.018379249636614175,31,0.02394450610229578,40
2001-10-31,0.021272996067392688,37,0.01810458852078194,31,0.02470796593260075,41
2001-11-01,0.026895267508858945,44,0.021499113766850056,37,0.02404028953674449,40
2001-11-02,0.026502701737148502,43,0.02110594444148694,36,0.023530487869002564,40
2001-11-05,0.02505993728861319,42,0.02190097492895151,38,0.0226652761125993,38
2001-11-06,0.0227544106724039,39,0.022487682307955625,38,0.022536727471440053,38
2001-11-07,0.00846426249462125,7,0.02143774266009207,37,0.02164103297594177,37
2001-11-08,0.014757834454864947,25,0.02211643047503343,38,0.02073368617349412,35
2001-11-09,0.015411159559288852,27,0.02153679038557937,37,0.019092361696884233,32
2001-11-12,0.011792159556212482,17,0.018485255349994473,31,0.01897865332271656,32
2001-11-13,0.01584594003225891,28,0.01870509035558743,32,0.019815905418277643,33
2001-11-14,0.01600091094674235,28,0.014084679230504871,21,0.019775477626885078,33
2001-11-15,0.02331624331552671,40,0.01909945024750211,33,0.020157134627506595,34
2001-11-16,0.024365104682693327,41,0.019769422702879742,34,0.020244394320216724,34
2001-11-19,0.02759744600836554,44,0.02003893150517186,35,0.020339944476163625,34
2001-11-20,0.02311082218958925,40,0.019909437477069573,34,0.020207136087213598,34
2001-11-21,0.02347895504247935,40,0.020797704748684552,36,0.020782396038511494,35
2001-11-23,0.0222720887543828,39,0.02150785749721186,37,0.02076971736251694,35
2001-11-26,0.021075175747916616,37,0.021721667340636144,37,0.02082283097948186,35
2001-11-27,0.018422432468426297,33,0.022416780403913903,38,0.02101593586523466,35
2001-11-28,0.024169080550719257,41,0.02238076264140953,38,0.021686235453645272,37
2001-11-29,0.027543417775260884,44,0.0247229731879318,41,0.022144809568299364,38
2001-11-30,0.02526797967595107,42,0.02265885728764796,39,0.02125018961079846,36
2001-12-03,0.02644643711479317,43,0.024963096429265474,41,0.022073102906590505,37
2001-12-04,0.028529679152835486,45,0.022790867776007574,39,0.02190124758033983,37
2001-12-05,0.035109498851346746,49,0.03020871194837438,47,0.02457121521392914,41
2001-12-06,0.034073711583253334,49,0.0294704630965302,46,0.02442762455026133,41
2001-12-07,0.037306652915285905,50,0.030383310025090496,47,0.025135251274494105,42
2001-12-10,0.031092214249531656,47,0.030095137870177383,47,0.025026815262639796,42
2001-12-11,0.0312493309347755,47,0.02957766435898466,46,0.025030965459549873,42
2001-12-12,0.01571414930427548,27,0.02644194997746496,43,0.02495015331523359,42
2001-12-13,0.014878768672593893,25,0.026286905093674717,43,0.024323780093507896,41
2001-12-14,0.012329409678371785,19,0.02678107570370471,43,0.02451212053566091,41
2001-12-17,0.012316789694897103,19,0.024092380020722292,40,0.02357825801092966,40
2001-12-18,0.015975502365289596,28,0.024374029324629478,41,0.023749303828621483,40
2001-12-19,0.024760240774845184,42,0.019615535553540422,34,0.02430063249146695,41
2001-12-20,0.025612315911577272,42,0.020344596232501403,35,0.024778417809407958,41
2001-12-21,0.02383174158894619,41,0.01869373042913181,32,0.0243806672252869,41
2001-12-24,0.023121500795306137,40,0.01864752850972642,32,0.023936948394475487,40
2001-12-26,0.02228826930518853,39,0.018618753465237937,32,0.02376325379066661,40
2001-12-27,0.010564162129102618,13,0.01852214638797872,31,0.023537028016207648,40
2001-12-28,0.007130957809603361,4,0.01773264750519496,30,0.022066504172616113,37
2001-12-31,0.007930812957241129,5,0.01695808488998986,28,0.021342787018403423,36
2002-01-02,0.011582984627911146,17,0.018117565783262166,31,0.021760115190614198,37
2002-01-03,0.014107118187189212,24,0.017800533610001192,30,0.020407533573400267,34
2002-01-04,0.024488366600183817,41,0.019446707949583635,33,0.022381323123559574,38
2002-01-07,0.026010352278916016,43,0.018071091608544386,30,0.018739223410350555,32
2002-01-08,0.03154307158140559,47,0.021691267145706235,37,0.019973451497036627,34
2002-01-09,0.03018084580587807,46,0.022087052929048986,38,0.01941410015142588,33
2002-01-10,0.030236041796849952,46,0.022274285910773302,38,0.01950130509233666,33
2002-01-11,0.01741490068498882,31,0.0231000221568837,39,0.019996379600432115,34
2002-01-14,0.017401720889547185,31,0.022871357298092757,39,0.020042815575648656,34
2002-01-15,0.01277272115303835,20,0.022870103240220943,39,0.019642108848052654,33
2002-01-16,0.007176643370402117,4,0.022608378739939962,38,0.019620703076245003,33
2002-01-17,0.013478698604940671,22,0.022501180205747418,38,0.019817240086459097,33
2002-01-18,0.011431788388154193,16,0.014438061234231853,22,0.019439084222670447,33
2002-01-22,0.014566555592078548,25,0.01541453708079434,24,0.01777112050775098,30
2002-01-23,0.015053233845427153,26,0.013161944291858829,18,0.01730670194641476,28
2002-01-24,0.016065567066732275,28,0.011926600456229137,14,0.017708360268486857,30
2002-01-25,0.01853412386591537,33,0.01528995321352369,24,0.018478595269513294,31
2002-01-28,0.01921638646003131,34,0.014922720934903396,23,0.018533527456922144,31
2002-01-29,0.02350544689447402,40,0.018443810889164795,31,0.02011234594822102,34
2002-01-30,0.025721106552683188,43,0.01994235463215929,34,0.020371276986818856,34
2002-01-31,0.024189242268301065,41,0.020169012626324194,35,0.02062649833363884,35
2002-02-01,0.02349442912155773,40,0.019964765548283966,34,0.02062842095761788,35
2002-02-04,0.02579581845138893,43,0.021997437432229244,38,0.0212590821061317,36
2002-02-05,0.02192554703867327,39,0.021469603610358597,37,0.01778437070167748,30
2002-02-06,0.019884357890057276,35,0.021981142438066342,38,0.01824310088240232,30
2002-02-07,0.016230982860757377,29,0.021487010359541123,37,0.017206802994644683,28
2002-02-08,0.02603107035337736,43,0.023379757841513867,40,0.01878824142668723,32
2002-02-11,0.02004971454540198,36,0.023759767068429406,40,0.019163443243340256,32
2002-02-12,0.0195357806737278,35,0.020966111169102207,36,0.019019379027442163,32
2002-02-13,0.01969532147065305,35,0.020513983094072905,35,0.0192473407475586,32
2002-02-14,0.017583400779105238,31,0.02021845180841893,35,0.01934475256521148,33
2002-02-15,0.018379836310540704,33,0.021252518705537793,36,0.019966412707519178,34
2002-02-19,0.0263004384678249,43,0.024686845840462622,41,0.022227211127412563,38
2002-02-20,0.03245489332957584,48,0.0261349923259173,42,0.02340157319952036,39
2002-02-21,0.03058002343643451,46,0.026160010924375077,42,0.02304203321018081,39
2002-02-22,0.02921505769596928,45,0.026076345111124426,42,0.02298628630706462,39
2002-02-25,0.03566671671550797,49,0.026753811376505315,43,0.024418322295584233,41
2002-02-26,0.02314489468856031,40,0.026290663379736547,43,0.023869742191904502,40
2002-02-27,0.020720848286473643,37,0.02597320570618837,42,0.023780873115435044,40
2002-02-28,0.01905525027004231,34,0.025427075666606853,42,0.022418484498283497,38
2002-03-01,0.02141562520028993,38,0.027686522956273718,45,0.023177952213850102,39
2002-03-04,0.032116028726956326,47,0.033476232098675604,48,0.027517988060739382,44
2002-03-05,0.030316591134045674,46,0.02619399873957859,43,0.027150730100975337,44
2002-03-06,0.02710441186662849,44,0.0257579158719377,42,0.025931197767086318,43
2002-03-07,0.02967533834499527,46,0.02532977179009182,42,0.025648669736121305,42
2002-03-08,0.03001631518983009,46,0.024718867520157943,41,0.025621449452368782,42
2002-03-11,0.008934205619845011,8,0.023358751535826536,39,0.025403041772609835,42
2002-03-12,0.010700427361847254,14,0.023631228954393638,40,0.024801730336353394,41
2002-03-13,0.010400854689604935,12,0.025051379714089883,41,0.025229525423840896,42
2002-03-14,0.011132478739570887,15,0.024940536371301482,41,0.02489458831668672,41
2002-03-15,0.014727301269452863,25,0.023971530855075123,40,0.02502271822636673,42
2002-03-18,0.014789796374211019,25,0.012070161418983325,14,0.025149829697923537,42
2002-03-19,0.017445813744415315,31,0.013694041449064373,19,0.024455545986414702,41
2002-03-20,0.015331616746698026,27,0.013559695856354791,19,0.02118319598255245,36
2002-03-21,0.01534308030029605,27,0.013307380213057217,18,0.020644595478372715,35
2002-03-22,0.013779834910891667,23,0.013445823101886403,19,0.020360733056216652,34
2002-03-25,0.01587980011171664,28,0.014471694747735936,22,0.020932299542562195,35
2002-03-26,0.012054379455587603,18,0.014709553517574723,22,0.01963516524475249,33
2002-03-27,0.011646271370471192,17,0.013151471151957079,18,0.019477063590425243,33
2002-03-28,0.012564828273091567,20,0.01344379269455182,19,0.019354616910492877,33
2002-04-01,0.015299205015917904,26,0.013775794650316383,20,0.020100614093374134,34
2002-04-02,0.013433174664796693,22,0.013887961124674561,20,0.019370543017601143,33
2002-04-03,0.012705859725013533,20,0.011679756829157104,13,0.012630732107588903,13
2002-04-04,0.011986481681317388,18,0.011449865267096206,12,0.012567764621046643,13
2002-04-05,0.007869958531310376,5,0.010979913899648669,10,0.011987780246319973,11
2002-04-08,0.005807082415731402,2,0.011006372439125734,10,0.011864633830361277,10
2002-04-09,0.007617279480163302,5,0.010723959383809524,9,0.012217278456305224,12
2002-04-10,0.007215225964605354,4,0.009750080448113948,7,0.012102396233006478,11
2002-04-11,0.015913037930649136,28,0.013690444182749624,19,0.014288544558844983,19
2002-04-12,0.022241609312711838,39,0.01576418116186155,25,0.01492779093727564,21
2002-04-15,0.02226852993507269,39,0.015557299851521916,25,0.015139747806481694,22
2002-04-16,0.029905134263776008,46,0.020910641041783626,36,0.016911438711931903,27
2002-04-17,0.02996481517006291,46,0.020810722735167375,36,0.016942968341392004,27
2002-04-18,0.021415499922229568,38,0.020841132652851316,36,0.016125238974334738,25
2002-04-19,0.021339710488980496,38,0.02206560722439891,38,0.016813173632067604,27
2002-04-22,0.02407151009979995,41,0.023561087241931688,40,0.01749462705291661,29
2002-04-23,0.02128362878715859,38,0.024773058099070638,41,0.018417053917756023,31
2002-04-24,0.021317024830441535,38,0.025747795763374798,42,0.01874969952179839,32
2002-04-25,0.021827903438376272,38,0.024524800985744267,41,0.019160581750247513,32
2002-04-26,0.023588014217851564,40,0.024960537916547842,41,0.02023541652231387,34
2002-04-29,0.023272733526530028,40,0.02463032486687004,41,0.019897426341315496,34
2002-04-30,0.022152865720972154,39,0.020480328701105905,35,0.019759777160185475,33
2002-05-01,0.019775207266060756,35,0.020507786396679654,35,0.019866024600819848,34
2002-05-02,0.013217930429185471,21,0.022082698600734234,38,0.020420697043696697,34
2002-05-03,0.017151615144690293,30,0.0210991190109618,36,0.021032790345954018,35
2002-05-06,0.025639696532507462,42,0.023239226202142103,39,0.022670657945859866,38
2002-05-07,0.025015453666865597,42,0.022331006482440616,38,0.022645372019060087,38
2002-05-08,0.04124309932421639,51,0.030509986953814634,47,0.026961956426419253,43
2002-05-09,0.040214523300391984,51,0.029106814535302734,46,0.0270187288820458,44
2002-05-10,0.0398545597800424,50,0.0289581065070924,46,0.026245736390386746,43
2002-05-13,0.033730608320652465,48,0.029564603519180926,46,0.026078657532827267,43
2002-05-14,0.03307065579761077,48,0.02995673678291943,46,0.02613924091720973,43
2002-05-15,0.017640846932156427,32,0.029913813259733062,46,0.02469584534620686,41
2002-05-16,0.016699291081817474,30,0.029350811069368914,46,0.024732310471047684,41
2002-05-17,0.006628258256553003,3,0.02787283903599902,45,0.024780291507941345,41
2002-05-20,0.00683353678528028,3,0.022989963937302075,39,0.024203137516747564,41
2002-05-21,0.008200195203270078,6,0.02361751649339598,40,0.023771027228369507,40
2002-05-22,0.00968034063255099,10,0.01351907708713137,19,0.023077644653779227,39
2002-05-23,0.011180513992949897,15,0.013745649157370539,20,0.022586224553460252,38
2002-05-24,0.01094464798163971,14,0.011760872348511925,13,0.021816293962178646,37
2002-05-28,0.011756748227897452,17,0.01163118528963408,12,0.021384673860362913,36
2002-05-29,0.01153179973986486,16,0.010237300762476519,8,0.021412714282518786,36
2002-05-30,0.011698214298304636,17,0.010447137004596948,9,0.021564821962458392,36
2002-05-31,0.008458654075023563,7,0.010126003612693796,7,0.021549026756339212,36
2002-06-03,0.010182093955604194,12,0.010411247700354783,8,0.02140254120597696,36
2002-06-04,0.010827497813826232,14,0.01065622976128349,9,0.020770471585831313,35
2002-06-05,0.018706895316589502,33,0.0150896274203889,23,0.019516419185254808,33
2002-06-06,0.02079908126094277,37,0.01614309936363709,26,0.020209780952945552,34
2002-06-07,0.02045189517139225,36,0.015058443459058971,23,0.014278829693474058,19
2002-06-10,0.018307238747000878,33,0.01583721223265579,25,0.014485412228314514,20
2002-06-11,0.025139590262246693,42,0.018354953075822997,31,0.015505121483539703,23
2002-06-12,0.019936991069886625,36,0.018667626582153336,32,0.01491368613977404,21
2002-06-13,0.01879126893564595,34,0.018822283659655645,32,0.014532105795638219,20
2002-06-14,0.022915398026773455,40,0.020484118822220624,35,0.015602697700448462,23
2002-06-17,0.02817294830726223,45,0.022402852652694028,38,0.017553555182150377,29
2002-06-18,0.019134240052665306,34,0.022414039296873283,38,0.017558826222411315,29
2002-06-19,0.022934529059580454,40,0.021579519067673508,37,0.017854956313563843,30
2002-06-20,0.024747662209600948,42,0.02155025689412396,37,0.018280237779106555,31
2002-06-21,0.02622078765111246,43,0.02328206040265523,39,0.019042444339322184,32
2002-06-24,0.018644746146533758,33,0.02344055867764752,40,0.019058454715914813,32
2002-06-25,0.01730022800171572,31,0.02074256265072811,36,0.018987765901265195,32
2002-06-26,0.017048166731981763,30,0.020711703516052934,36,0.018798537395489114,32
2002-06-27,0.022687952156456942,39,0.02244240104802174,38,0.020206103593544647,34
2002-06-28,0.015002907658784172,26,0.021453427853721674,37,0.0200534173374415,34
2002-07-01,0.02211019479311129,39,0.019952058320076037,34,0.02098024287950987,35
2002-07-02,0.022252573418312726,39,0.019548237112544088,34,0.02052746622065768,35
2002-07-03,0.022210905632217778,39,0.019181927162018338,33,0.02055312766238476,35
2002-07-05,0.030938029906895984,47,0.025597278058840062,42,0.023115883527480206,39
2002-07-08,0.031090230337482816,47,0.023294832345933093,39,0.022540328967265506,38
2002-07-09,0.03278646987985435,48,0.026364452679067504,43,0.023910866842770925,40
2002-07-10,0.032800761477352315,48,0.026528294222045525,43,0.02387056211397229,40
2002-07-11,0.03336979309290968,48,0.027289544406780896,44,0.023194804300271692,39
2002-07-12,0.022285730328447387,39,0.025552156851090108,42,0.023176206772639596,39
2002-07-15,0.02224171559719437,39,0.025522343119274395,42,0.022856491212253565,39
2002-07-16,0.011741585914893965,17,0.023374453908415093,39,0.022394219525283823,38
2002-07-17,0.014944610672547681,26,0.024193503858178093,40,0.021787979420491044,37
2002-07-18,0.013056465392619582,21,0.023927474747176727,40,0.02200935663029134,37
2002-07-19,0.013126810413238656,21,0.018430972782269014,31,0.021969086827460783,37
2002-07-22,0.03679609921558556,50,0.028665081744030832,45,0.02587185806610915,43
2002-07-23,0.04494260209290938,52,0.03239006354264221,48,0.028265917422481714,45
2002-07-24,0.05006647821254702,52,0.0359761438745833,49,0.029991055544744738,46
2002-07-25,0.04833774561293597,52,0.03545603629766258,49,0.030365554453634248,46
2002-07-26,0.046096478739694254,52,0.03555382643262113,49,0.030341747498304022,46
2002-07-29,0.04499886363832933,52,0.03883483453817451,50,0.031192233653932845,47
2002-07-30,0.028671217174123406,45,0.03911815595660907,50,0.03138128379448248,47
2002-07-31,0.02574495677615317,43,0.038421426658781586,50,0.03069103240980128,46
2002-08-01,0.024211990420478537,41,0.038218893494215846,50,0.03088849819617444,46
2002-08-02,0.0275212125268485,44,0.03763962013619198,50,0.03121972082509684,47
2002-08-05,0.01881168997819915,34,0.03355700795924632,48,0.02965290853696268,46
2002-08-06,0.02311271989289513,40,0.028856029812227686,45,0.03039677803674433,46
2002-08-07,0.025880220094099304,43,0.02521125174856331,42,0.029537757773666212,46
2002-08-08,0.03389545736343769,48,0.027775408473324218,45,0.031220077706210738,47
2002-08-09,0.03018197735985589,46,0.027858070344889355,45,0.03098643118185112,47
2002-08-12,0.01795701202288591,32,0.024822689566375584,41,0.030986224477942338,47
2002-08-13,0.021216345812342666,37,0.024621332244107764,41,0.03103806952365217,47
2002-08-14,0.02665729426415828,44,0.028442980798279824,45,0.03270806830586415,48
2002-08-15,0.022161391109024382,39,0.0272596045551931,44,0.03242957308447555,48
2002-08-16,0.022989509026713963,40,0.025351949385105325,42,0.032332505281357615,48
2002-08-19,0.022507264402827,39,0.019354545190237677,33,0.03251162927190733,48
2002-08-20,0.02379705575934972,41,0.02126505314256921,36,0.02880883672672461,45
2002-08-21,0.015306031363369844,26,0.02239200871361201,38,0.024926910883291905,42
2002-08-22,0.01429794785532491,24,0.018861695968465125,32,0.023402192978232886,40
2002-08-23,0.017201690517346335,31,0.02047498430506853,35,0.023310436857468083,39
2002-08-26,0.014728244792593876,25,0.02087009727933338,36,0.023459843726450068,40
2002-08-27,0.01429421874946936,24,0.02092220593452574,36,0.021963063473083938,37
2002-08-28,0.017488632236686924,31,0.016465339507700023,27,0.022694365682997944,38
2002-08-29,0.017924085906542063,32,0.015758343045177654,25,0.02251691657159499,38
2002-08-30,0.016181963244506662,29,0.0157470472016323,25,0.022127811649104424,38
2002-09-03,0.020406197710819893,36,0.017769133223157974,30,0.024103636858519295,40
2002-09-04,0.027100609277865173,44,0.02063304096259154,35,0.022955199840138694,39
2002-09-05,0.02873249734284255,45,0.022513221032990995,38,0.02393385573096864,40
2002-09-06,0.027709290613072934,44,0.022289432814957065,38,0.023839059033540205,40
2002-09-09,0.033095418140094195,48,0.02469971064902043,41,0.02224802770243158,38
2002-09-10,0.025934966691832154,43,0.023324120747531887,39,0.022113862466930045,37
2002-09-11,0.02256441076128607,39,0.02362067989431029,40,0.022139341766686048,38
2002-09-12,0.018318684328473472,33,0.02320840666540006,39,0.022502974014619228,38
2002-09-13,0.018738839913806354,34,0.023665099558855592,40,0.019504381284529703,33
2002-09-16,0.012408229939061098,19,0.023612418917916753,40,0.019130168473370353,32
2002-09-17,0.01503426638718258,26,0.020256612576778184,35,0.019575493192742315,33
2002-09-18,0.013853695988362991,23,0.01780022707942123,30,0.01832374947464483,31
2002-09-19,0.021781428554955656,38,0.020074037011808724,35,0.020239451411316122,34
2002-09-20,0.019660569992258615,35,0.020381397891136275,35,0.02039568425165379,34
2002-09-23,0.01903440865969626,34,0.017125796231099614,28,0.020635605931739277,35
2002-09-24,0.022775422415965096,39,0.018472948796953634,31,0.02086498603357218,35
2002-09-25,0.026608067799340086,44,0.02000267536393889,34,0.020783573624053656,35
2002-09-26,0.01634497932784162,29,0.020233318272239325,35,0.021091580994049865,36
2002-09-27,0.02135098574549863,38,0.020406402710562488,35,0.02121028019937226,36
2002-09-30,0.01767710667615241,32,0.020534543232605444,35,0.021103360525555573,36
2002-10-01,0.023915158243227416,41,0.0243202267289383,40,0.023165194205842825,39
2002-10-02,0.031080401874869067,47,0.027320608256406673,44,0.02286592297060295,39
2002-10-03,0.03322606187323965,48,0.026425291304582158,43,0.0230719630279502,39
2002-10-04,0.032438688218530076,48,0.026296272699583047,43,0.02232325993978817,38
2002-10-07,0.033888391271014486,48,0.027838994503131622,45,0.0234708540342827,40
2002-10-08,0.033104286764089615,48,0.030728089688034397,47,0.024111851311387534,40
2002-10-09,0.032383943353476864,47,0.030842573829349823,47,0.024928924257946593,42
2002-10-10,0.03619215302804034,49,0.033159915800367694,48,0.026291558158545312,43
2002-10-11,0.04335962491491246,51,0.037581944223173555,50,0.02915887450343276,45
2002-10-14,0.03398928672222131,49,0.038085808622024375,50,0.02935682346623392,45
2002-10-15,0.04150799717343069,51,0.04320440256817155,51,0.03380653937454795,48
2002-10-16,0.03804522790717625,50,0.04178930830022016,51,0.03398068342143201,48
2002-10-17,0.041649616928948203,51,0.04261725226035927,51,0.0369785528893969,49
2002-10-18,0.04834305949638978,52,0.04378098708836823,51,0.035927336294989454,49
2002-10-21,0.05124235695793531,52,0.041276712345216154,51,0.037939528858637404,50
2002-10-22,0.049680366492818775,52,0.044254412144378814,51,0.038127512365784925,50
2002-10-23,0.04539229040019498,52,0.039820617046340864,50,0.03834470431361726,50
2002-10-24,0.039364998801201735,50,0.04238823083267356,51,0.038794033992702696,50
2002-10-25,0.036755190930781785,50,0.04081788382318698,51,0.03894915747051454,50
2002-10-28,0.02472868232809534,42,0.041314812555361395,51,0.038305887469507145,50
2002-10-29,0.02172186370283348,38,0.036403993566825846,49,0.03858573340954721,50
2002-10-30,0.017047081297636657,30,0.03465251536764233,49,0.037909764746939766,50
2002-10-31,0.014183410248623782,24,0.027942023561056597,45,0.036604774025850426,49
2002-11-01,0.016354277277034555,29,0.02749120910912602,44,0.035341677351973515,49
2002-11-04,0.022356983658428444,39,0.022765087286946786,39,0.03542235768691203,49
2002-11-05,0.018301787069800044,33,0.01998079940249123,34,0.03345354202171923,48
2002-11-06,0.018712338600305255,33,0.01899423526013513,33,0.03321080311511654,48
2002-11-07,0.026298748362218915,43,0.02053222961134048,35,0.0328609336791806,48
2002-11-08,0.025073124036076106,42,0.019959386587749588,34,0.03295918486071879,48
2002-11-11,0.016159193969764552,29,0.02062955856642005,35,0.03198355397910947,47
2002-11-12,0.014218784092005022,24,0.020076710399451046,35,0.03187913805561069,47
2002-11-13,0.016035944900700524,28,0.02016831636391181,35,0.027978879545322553,44
2002-11-14,0.020563490288306785,36,0.022372895566412046,38,0.02791388814975962,44
2002-11-15,0.018626110631387183,33,0.021126056976082847,36,0.0241850326188615,40
2002-11-18,0.013740132447033294,23,0.018011581849429175,30,0.02327597712454448,39
2002-11-19,0.015131044010494046,26,0.01762584983209753,29,0.01954498453352036,33
2002-11-20,0.018021464217610583,32,0.02048778625094289,35,0.01937839619616318,33
2002-11-21,0.017539318029377332,31,0.01882126854495531,32,0.019915085984429787,34
2002-11-22,0.020331618630619795,36,0.01851595419296148,31,0.019193081089685066,32
2002-11-25,0.02074999085551272,37,0.01659354238543144,27,0.018860651849788076,32
2002-11-26,0.026394611914584202,43,0.020362209611160496,35,0.019949691118558103,34
2002-11-27,0.027842866335371027,45,0.022447012557468664,38,0.020802324621914416,35
2002-11-29,0.023806193879690785,41,0.02133969258643999,37,0.021017679132726688,35
2002-12-02,0.023382618606233443,40,0.02143227758759433,37,0.020785559762746982,35
2002-12-03,0.023420461162728053,40,0.021587124329036,37,0.020279078100055102,34
2002-12-04,0.023397969783732108,40,0.02372182598682135,40,0.0200513275475051,34
2002-12-05,0.012131685293862096,18,0.02266643799667873,39,0.02064781772340158,35
2002-12-06,0.013692288331282576,22,0.018882771900262815,32,0.02064981850821459,35
2002-12-09,0.012470079253579727,19,0.018993170107939272,33,0.019601553822829857,33
2002-12-10,0.015386177140374772,27,0.019497529912757442,34,0.019438603834224376,33
2002-12-11,0.012621585409663169,20,0.0180575810777897,30,0.019065942633753972,32
2002-12-12,0.010148272085452933,12,0.012511322866216689,15,0.019160958654850745,32
2002-12-13,0.011991793706912777,18,0.01276665574154433,16,0.019475726658046456,33
2002-12-16,0.013997643275439108,23,0.015332331659871213,24,0.018420139403216972,31
2002-12-17,0.013771670799628209,23,0.015514491946856803,25,0.01840948957237303,31
2002-12-18,0.014993052599698992,26,0.013780367022972168,20,0.018616197116389184,31
2002-12-19,0.02430664127879411,41,0.018338481616130838,31,0.021070038969875162,36
2002-12-20,0.027998559713134134,45,0.020308420452740252,35,0.020436457012347312,34
2002-12-23,0.025229021304619417,42,0.02048654685162601,35,0.01885614772752756,32
2002-12-24,0.024325532531765094,41,0.020534611908825103,35,0.019025504597296003,32
2002-12-26,0.025520408336969308,42,0.020717359749994647,36,0.019094203013882458,32
2002-12-27,0.018936131829976333,34,0.020641891065616036,36,0.01888533735993946,32
2002-12-30,0.012507852381197051,20,0.020813677340927157,36,0.016392364235846776,26
2002-12-31,0.012564200456695386,20,0.018861275454474833,32,0.01644561452085553,26
2003-01-02,0.016437008640500034,29,0.02117725501421608,36,0.01764304315009659,29
2003-01-03,0.017007065046000868,30,0.021692110993879837,37,0.017990756676121836,30
2003-01-06,0.015453423130406572,27,0.019800689103408778,34,0.019442614053697627,33
2003-01-07,0.017071647185968992,30,0.018831838350551137,32,0.0187330351327942,32
2003-01-08,0.023871431156955662,41,0.01978228594522042,34,0.01941508141099489,33
2003-01-09,0.027313520324980117,44,0.022001692460834447,38,0.021206158116736828,36
2003-01-10,0.027370802961053285,44,0.02216935235720749,38,0.021438750792334413,36
2003-01-13,0.024498208376086097,41,0.0200910741740151,35,0.02142993629872211,36
2003-01-14,0.02408837341440096,41,0.020074030200804983,35,0.021331745739202483,36
2003-01-15,0.02158484305113681,38,0.02146174905088201,37,0.021358387864289084,36
2003-01-16,0.012035892732340464,18,0.02086870030789765,36,0.020910653255765924,35
2003-01-17,0.008890666497749486,8,0.021684099856160228,37,0.021113022045102132,36
2003-01-21,0.01129075283029143,16,0.01932257985385678,33,0.021436344598552613,36
2003-01-22,0.008652490684891522,7,0.019485414218324944,34,0.01900550224517388,32
2003-01-23,0.017766475171578075,32,0.01961819328679407,34,0.0191001655681967,32
2003-01-24,0.022827788898589083,40,0.018334836149601935,31,0.020594936605806708,35
2003-01-27,0.022807157530076578,39,0.0165556233436717,27,0.02034923667251703,34
2003-01-28,0.023590336138833615,40,0.01756136227035515,29,0.02045687507345372,35
2003-01-29,0.023890818059407976,41,0.0177871785172624,30,0.019786827366721844,33
2003-01-30,0.021502405458440902,38,0.019123723306688444,33,0.020945347329581924,35
2003-01-31,0.017597604441900942,31,0.01983216880351315,34,0.021074592880795148,36
2003-02-03,0.018807822095409113,34,0.021081191519827024,36,0.020797510589933097,35
2003-02-04,0.021744778314431674,38,0.02139602740133354,37,0.021330999697492505,36
2003-02-05,0.021005281744049278,37,0.021315248821284175,36,0.01937604920462988,33
2003-02-06,0.01676579903095891,30,0.019014714714980608,33,0.019448276478007065,33
2003-02-07,0.015761131693711995,28,0.01589827662853302,26,0.019031826418326552,32
2003-02-10,0.010323826661293854,12,0.015842054786819788,25,0.016347408155522315,26
2003-02-11,0.00650018658919267,3,0.015219929421518442,24,0.015606639903211449,23
2003-02-12,0.005765895746990581,2,0.014634922196457581,22,0.015643910008546025,23
2003-02-13,0.01005128700130851,11,0.013132844522663575,18,0.015893389286103572,24
2003-02-14,0.016118773767154936,28,0.015958115674983488,26,0.01736000334724353,29
2003-02-18,0.01753072104916692,31,0.016316951558129334,27,0.018097836560111748,30
2003-02-19,0.015003325879914596,26,0.014140330666471133,21,0.01799249454288297,30
2003-02-20,0.013519228762637218,22,0.014368149420225941,21,0.017497665605784543,29
2003-02-21,0.01351114203247286,22,0.014063493606638949,20,0.017615446636303864,29
2003-02-24,0.020538153148027916,36,0.01756352658420587,29,0.018015380682216635,30
2003-02-25,0.01781046832847974,32,0.01763316950278993,30,0.01625491269811172,25
2003-02-26,0.017423135808265267,31,0.01718487072145755,29,0.01611860473562281,25
2003-02-27,0.020136870801508118,36,0.017095974613876356,28,0.01651508469540078,26
2003-02-28,0.023064889813786855,40,0.018299674283157406,31,0.017464805806870955,29
2003-03-03,0.01812170952061192,32,0.01861896087299183,32,0.01672770201182806,27
2003-03-04,0.02538286186826915,42,0.020689133774816498,36,0.018190381999956647,30
2003-03-05,0.02593513888057059,43,0.020981770841530606,36,0.017877996904615997,30
2003-03-06,0.023925382075396805,41,0.021089409615562223,36,0.01721228450257896,28
2003-03-07,0.020926109307365697,37,0.021542690359506456,37,0.017638888736172254,29
2003-03-10,0.02391163477096395,41,0.0217898201371547,37,0.01908191688196386,32
2003-03-11,0.021345105421135234,38,0.02232322749939979,38,0.019392367036312898,33
2003-03-12,0.019586685727566763,35,0.022324411770140502,38,0.019384340959259776,33
2003-03-13,0.03806584699783314,50,0.030448566552000247,47,0.02381908297315828,40
2003-03-14,0.03746935396216636,50,0.028943737749965046,45,0.02365170668542491,40
2003-03-17,0.033702205135610466,48,0.030552266106951737,47,0.024638931601352082,41
2003-03-18,0.027748820807579563,44,0.02784919474623767,45,0.02406467479799935,40
2003-03-19,0.025869764885717118,43,0.027857889740063948,45,0.02381186607713322,40
2003-03-20,0.015013606595161684,26,0.0274412630841679,44,0.023829095583235583,40
2003-03-21,0.015173952767585796,26,0.028185125059751057,45,0.024457030099262277,41
2003-03-24,0.021788637994318936,38,0.027386736749381375,44,0.02543570952740199,42
2003-03-25,0.021882779517688494,38,0.025236665360900967,42,0.024211830016818897,41
2003-03-26,0.021626425618681847,38,0.02492507354581467,41,0.024208359704412374,41
2003-03-27,0.021925759047743708,39,0.018230959778380365,31,0.02428393552356403,41
2003-03-28,0.015805963798219365,28,0.018489298990421777,31,0.02411801729411199,40
2003-03-31,0.01530679075564879,26,0.01829038680617937,31,0.024358010819293802,41
2003-04-01,0.01885434485202999,34,0.01953777618356523,34,0.02441599633221813,41
2003-04-02,0.02715711715489855,44,0.023160764526812833,39,0.024367716867443517,41
2003-04-03,0.02670006315600044,44,0.023112140215140586,39,0.024375633010016665,41
2003-04-04,0.02642943476540895,43,0.021370734645025737,37,0.024215416081696917,41
2003-04-07,0.018592185589171816,33,0.018512872056689535,31,0.024066940839136245,40
2003-04-08,0.017771363150741525,32,0.018344692496300132,31,0.022325587151164266,38
2003-04-09,0.006456896950435069,3,0.01882622299720413,32,0.021776349915521083,37
2003-04-10,0.007292312965320839,4,0.018656598415855426,32,0.02169661006120852,37
2003-04-11,0.006935721834077634,4,0.018388388289639734,31,0.01757925448333054,29
2003-04-14,0.014319439055366822,24,0.01598521048750136,26,0.018299476600749313,31
2003-04-15,0.017199481721616932,31,0.0165104173110537,27,0.0178255128041953,30
2003-04-16,0.019376997239437862,35,0.014693394318397703,22,0.018454675632277474,31
2003-04-17,0.019325756853465666,34,0.014799057412639592,23,0.018493687552218484,31
2003-04-21,0.01907189241990742,34,0.014472926069496827,22,0.01843178299718952,31
2003-04-22,0.0184807592631893,33,0.015742557695164486,25,0.018248951161689335,30
2003-04-23,0.015891273040904805,28,0.01587561768767759,26,0.016494613429448315,26
2003-04-24,0.014604380627196618,25,0.01627503121942524,27,0.016968719526588193,27
2003-04-25,0.017603369418038934,31,0.018331573481311196,31,0.01772815416066197,30
2003-04-28,0.01802454828602578,32,0.018305110329670367,31,0.017612005808761468,29
2003-04-29,0.011337474979192923,16,0.01648382404448419,27,0.017480463963024696,29
2003-04-30,0.010824621970106809,14,0.014174819543367976,21,0.015993908975064888,25
2003-05-01,0.010110417102489812,12,0.01317914993736347,18,0.015712539805495526,24
2003-05-02,0.010546636447568586,13,0.013741106537260375,20,0.01374949490030581,17
2003-05-05,0.009938093867920992,11,0.013725029235133525,19,0.013759856632697675,17
2003-05-06,0.01073084359509327,14,0.011006077236770911,10,0.013739445794002386,17
2003-05-07,0.00961398514050782,10,0.010978982961565688,10,0.013759108145556828,17
2003-05-08,0.022224966987153864,39,0.01631332269541916,27,0.016742543964122517,27
2003-05-09,0.021345821707708604,38,0.016183497508179837,26,0.016695699787283653,27
2003-05-12,0.021878537311958636,38,0.01607062979866841,26,0.016700885531049897,27
2003-05-13,0.0208907045164667,37,0.016177159149718737,26,0.016823408113761932,27
2003-05-14,0.0208907045164667,37,0.01607321371869555,26,0.015661926516458837,23
2003-05-15,0.009220195169151546,9,0.01668020723742612,27,0.01481031320613904,21
2003-05-16,0.00850319734868116,7,0.015966943890052043,26,0.014353501471205619,20
2003-05-19,0.017642799069335816,32,0.01873893852773416,32,0.015681414074187376,24
2003-05-20,0.017541217547207333,31,0.018340140333094272,31,0.01566067515169786,23
2003-05-21,0.018117265022876285,32,0.018727231045169396,32,0.014590292554400785,20
2003-05-22,0.017551850282006915,31,0.013536410755370527,19,0.014909052900560112,21
2003-05-23,0.01705798627781381,30,0.013074299058712694,17,0.01464471924564659,20
2003-05-27,0.011969613058132534,18,0.01597572049519365,26,0.015500677615314361,23
2003-05-28,0.010914783417878555,14,0.01601094520250398,26,0.015849034821028833,24
2003-05-29,0.013634775398538572,22,0.016232292575127042,26,0.015892391794149655,24
2003-05-30,0.014715238723716873,25,0.016990299336800182,28,0.016434595553079252,26
2003-06-02,0.013415389916523898,22,0.017927753185767302,30,0.016870394343539926,27
2003-06-03,0.015345168351696357,27,0.012976229669641667,17,0.01682345599024943,27
2003-06-04,0.01679576130698225,30,0.013366815305454093,18,0.01750466813644593,29
2003-06-05,0.014147907339594928,24,0.013607226063558584,19,0.017962159964286004,30
2003-06-06,0.013853718142398866,23,0.013570727002765189,19,0.018033886465794163,30
2003-06-09,0.018227713261285142,33,0.015854333815717638,26,0.015182369125710164,22
2003-06-10,0.015884732407697017,28,0.014766340988015957,23,0.015191297609320682,22
2003-06-11,0.013956190283924868,23,0.014630892406897645,22,0.015206235801054966,22
2003-06-12,0.011685529505695022,17,0.013722711190566712,19,0.014792904219181696,21
2003-06-13,0.013176864210006094,21,0.01529050950411267,24,0.015451930339046236,23
2003-06-16,0.0142340555679516,24,0.015420835699600947,24,0.015867255765270937,24
2003-06-17,0.014469027156425212,24,0.014812471170952619,23,0.01598616951473692,25
2003-06-18,0.020569158424714896,36,0.01775716366266895,30,0.015718692084490136,24
2003-06-19,0.024014722138659458,41,0.01986596935641057,34,0.018179228859871666,30
2003-06-20,0.024618271869197562,41,0.019032539439188763,33,0.0181873249120593,30
2003-06-23,0.01666322437242112,30,0.018929398899175713,32,0.01855011092500942,31
2003-06-24,0.02080647495088866,37,0.019146531256874596,33,0.018645451286038575,31
2003-06-25,0.0194573556885698,35,0.019294434134216644,33,0.018685343584101073,32
2003-06-26,0.014095127521141561,24,0.018805137380167047,32,0.018542124811269933,31
2003-06-27,0.014965719606595512,26,0.019257822323439755,33,0.01920932314226887,32
2003-06-30,0.018675583276850836,33,0.017562090267872713,29,0.018847847992702678,32
2003-07-01,0.021404035792201452,38,0.020484603727075855,35,0.018850597668610376,32
2003-07-02,0.018825689216758954,34,0.01894024810236841,32,0.018826750189534915,32
2003-07-03,0.018920394682319777,34,0.015995937094356236,26,0.017985753955489302,30
2003-07-07,0.019137067813929865,34,0.019882392455019972,34,0.018942869116816384,32
2003-07-08,0.019372151090027618,34,0.01933936935332569,33,0.018622069306392902,31
2003-07-09,0.017626247965646536,32,0.01886643650962079,32,0.01838884996340915,31
2003-07-10,0.020581945293654914,36,0.018606979055704347,32,0.01862104095209089,31
2003-07-11,0.019689398547785557,35,0.018380717225747474,31,0.01853440827002136,31
2003-07-14,0.015576262044934081,27,0.017104047452282646,28,0.019285931595167363,33
2003-07-15,0.017937013962141514,32,0.018402996293101468,31,0.01938858016574887,33
2003-07-16,0.018277325815211538,33,0.017405284690417674,29,0.01846894982796628,31
2003-07-17,0.01645762622812083,29,0.01763920042826389,30,0.018529406889786937,31
2003-07-18,0.017384054188201308,31,0.01773164194965676,30,0.01788702343107788,30
2003-07-21,0.013998852493537772,23,0.015408958080657585,24,0.017022805237410305,28
2003-07-22,0.014391425655315919,24,0.015491411812954853,24,0.01704320902920647,28
2003-07-23,0.014213845527031439,24,0.015438201869944265,24,0.016846761340487314,27
2003-07-24,0.014072769697535762,23,0.014482150482636551,22,0.01658932953011128,26
2003-07-25,0.013347933418599712,22,0.01474879487137817,22,0.016106758773521985,25
2003-07-28,0.00743628150899425,4,0.011882853693246041,13,0.01598992822304111,25
2003-07-29,0.007285240208330853,4,0.011172562033557433,11,0.015141065998842502,22
2003-07-30,0.007182045550411186,4,0.010887707646028488,10,0.014797154686336042,21
2003-07-31,0.004547640895416687,0,0.010418642031599094,8,0.01381441612147909,18
2003-08-01,0.01145135805969156,16,0.011725014267255175,13,0.014749105313299132,20
2003-08-04,0.011251451606323709,16,0.009556777945347768,6,0.014682420602021976,20
2003-08-05,0.012149867274648092,18,0.011008810550405866,10,0.012858247093134215,14
2003-08-06,0.015641652141890373,27,0.012347007581590358,15,0.013293633547787542,16
2003-08-07,0.016714870543916873,30,0.0125837920206634,16,0.013463630838168318,16
2003-08-08,0.014669963442290334,25,0.012661441524775718,16,0.013210291608421191,15
2003-08-11,0.014255488991385047,24,0.012649767533222013,16,0.013040419080699866,15
2003-08-12,0.008428038933341956,7,0.014611761724582503,22,0.012864139995811284,14
2003-08-13,0.010361290310303964,12,0.01467245153512113,22,0.01241407427425398,12
2003-08-14,0.010379723422172119,12,0.014778460101953354,23,0.012337893232638664,12
2003-08-15,0.010650981887821973,13,0.012172593280962481,14,0.01214877643996953,11
2003-08-18,0.010242697822925424,12,0.011818674768758627,13,0.01180393113517929,10
2003-08-19,0.005366089161657801,1,0.007948972188367768,2,0.010666062237908834,6
2003-08-20,0.00965302596511709,10,0.010168348782884508,8,0.011238360568991032,8
2003-08-21,0.009431730967142388,10,0.010072113832361432,7,0.011259458963789803,8
2003-08-22,0.011135245806112082,15,0.010785752950358643,10,0.011483732862523107,9
2003-08-25,0.010314202767817759,12,0.01085948954282581,10,0.01122789047111069,8
2003-08-26,0.0079937682331577,6,0.007910449785447003,2,0.01124258600567094,8
2003-08-27,0.006233423397843549,2,0.008048462019019927,2,0.011289003086370429,8
2003-08-28,0.008381024413223364,7,0.008576904562547585,4,0.011527518630514804,9
2003-08-29,0.010647189297693517,13,0.010627744843566432,9,0.012230077321808955,12
2003-09-02,0.01259225596991036,20,0.012551818593820251,15,0.011751513740775411,10
2003-09-03,0.011436129391362413,16,0.012388210875958025,15,0.01159908664910085,9
2003-09-04,0.00814322092814974,6,0.010856707862052834,10,0.010201270939880935,5
2003-09-05,0.010725378953937267,14,0.011095880506556827,11,0.010111215299106307,5
2003-09-08,0.009408773971435684,9,0.00959896227350526,6,0.010059402468347274,4
2003-09-09,0.0035024537852596477,0,0.009190941887068435,5,0.009852277869555294,4
2003-09-10,0.013102266232045618,21,0.013416993926630419,18,0.011680820570082653,10
2003-09-11,0.013047542450606955,21,0.012980606123568866,17,0.010738743424091972,6
2003-09-12,0.014267828394385399,24,0.012958972205953365,17,0.010849791098307917,7
2003-09-15,0.015595434680842794,27,0.013471723474862132,19,0.011529815718650418,9
2003-09-16,0.018834863267355055,34,0.013008712954608384,17,0.012199131651536953,12
2003-09-17,0.01338595912411482,22,0.012952138850915815,17,0.012165021370224243,11
2003-09-18,0.01645302094095006,29,0.015082262065509687,23,0.013106370285858817,15
2003-09-19,0.016422890874700752,29,0.014972892745595583,23,0.012505363145650168,13
2003-09-22,0.014547994743570823,25,0.015643593286711558,25,0.012901092442972733,14
2003-09-23,0.023458346659593284,40,0.020089073501349426,35,0.015455000279192258,23
2003-09-24,0.027186574418103907,44,0.0216731411840183,37,0.01749441991860922,29
2003-09-25,0.019730309234864574,35,0.021476328483762443,37,0.017501650277483426,29
2003-09-26,0.0164176648564922,29,0.020878993209869606,36,0.017572584532983188,29
2003-09-29,0.019444400558195414,35,0.020767374304980796,36,0.017423331326271347,29
2003-09-30,0.015122007514639981,26,0.019060843116036282,33,0.017004137978229195,28
2003-10-01,0.015077883930287318,26,0.021647965697700205,37,0.017222233685890292,28
2003-10-02,0.014936892931046586,26,0.019061085992319413,33,0.017166880955479167,28
2003-10-03,0.013823716168142883,23,0.019311569620528393,33,0.017252074174444403,28
2003-10-06,0.013939678330471017,23,0.019427920456555385,33,0.01726273603011237,28
2003-10-07,0.010646922556799299,13,0.015794206989886334,25,0.017220359504113807,28
2003-10-08,0.005283014683325822,1,0.010651235135673587,9,0.017166596333480073,28
2003-10-09,0.0062756579830107895,2,0.010823116449878474,10,0.016505527673086728,26
2003-10-10,0.005452353893575602,1,0.010129073857879447,7,0.016455418811451936,26
2003-10-13,0.00813471344945621,6,0.010766898106205925,9,0.01662666274673243,27
2003-10-14,0.008087780719387832,6,0.009036626431773685,5,0.016285077422016653,25
2003-10-15,0.005926532225526527,2,0.0059379128736263345,0,0.015664466225061086,24
2003-10-16,0.008331036746775286,6,0.00695383877302213,1,0.015742848864873555,24
2003-10-17,0.009857521545576987,11,0.007510110137055927,1,0.01462224437825258,20
2003-10-20,0.006303529960920154,2,0.0075495548950906535,1,0.014504175673291724,20
2003-10-21,0.006854608598381291,3,0.007838543921906084,2,0.014554508565940849,20
2003-10-22,0.007929360367845655,5,0.008745616378977054,4,0.012246548897029575,12
2003-10-23,0.009005261990369075,8,0.00851864691533707,4,0.009329687716049544,3
2003-10-24,0.009987227420823372,11,0.009550215167386739,6,0.009802308160279914,4
2003-10-27,0.01707337154201196,30,0.012467737234354055,15,0.011204225567671191,8
2003-10-28,0.026038606836853388,43,0.019197180379048176,33,0.014769797387692971,21
2003-10-29,0.02305846090343904,40,0.019169770238737043,33,0.014250564346925879,19
2003-10-30,0.022882394043814296,40,0.01863130003614754,32,0.013515342725133708,16
2003-10-31,0.01819914388115203,32,0.017841600435812063,30,0.01347691424135343,16
2003-11-03,0.01783916975804812,32,0.01822284578459412,31,0.014157487191880171,19
2003-11-04,0.010013720486249671,11,0.01865217904553165,32,0.014223748466849505,19
2003-11-05,0.011598451904297664,17,0.0177219185225521,30,0.014370710657818413,20
2003-11-06,0.011794923329584452,17,0.017668139582478364,30,0.01419454214613001,19
2003-11-07,0.011808371759981328,17,0.0157343793251906,25,0.014177311101126262,19
2003-11-10,0.00809594389920126,6,0.016094160708015847,26,0.01447887070717166,20
2003-11-11,0.007994205897149567,6,0.009434191463052983,6,0.014351224102912098,20
2003-11-12,0.007692319056036972,5,0.009457920711103055,6,0.014356182646354243,20
2003-11-13,0.006908763162355575,4,0.009963821793301358,7,0.014555003294318048,20
2003-11-14,0.011085951822229078,15,0.012824224039290148,16,0.015492468498412853,23
2003-11-17,0.011985063279918445,18,0.009824850533898024,7,0.015227812674727904,22
2003-11-18,0.011780453222485703,17,0.00988833374607648,7,0.015317288975906049,22
2003-11-19,0.010918146938442319,14,0.00992855674630734,7,0.015300897230995893,22
2003-11-20,0.013460197242066065,22,0.01091646938306277,10,0.01598037744967675,25
2003-11-21,0.013703603256763975,23,0.012030844240617572,14,0.016124097410062172,25
2003-11-24,0.01710806350968355,30,0.014204661912318428,21,0.016080702142126424,25
2003-11-25,0.017323398831950113,31,0.01499696967996175,23,0.015379962455725748,23
2003-11-26,0.017245505069029412,31,0.01492520991298122,23,0.012051823570525994,11
2003-11-28,0.010431049496154752,13,0.014878922967162674,23,0.012178291839186681,11
2003-12-01,0.010577815117788908,13,0.01297821206642021,17,0.012417061878897543,12
2003-12-02,0.009085403284971896,9,0.013057923213120411,17,0.01241357409995536,12
2003-12-03,0.010588123713578044,13,0.013542555771108218,19,0.012001346844803333,11
2003-12-04,0.011904783295892538,17,0.013995877296752703,20,0.012074146538023587,11
2003-12-05,0.012126124720095392,18,0.011010309080808956,10,0.012138178930369501,11
2003-12-08,0.010993179990769573,15,0.010787368638970129,10,0.012027622504785524,11
2003-12-09,0.01164998985433561,17,0.010021782697923169,7,0.012099983889193722,11
2003-12-10,0.006320421768358507,2,0.00967926565613922,6,0.01198896135216673,11
2003-12-11,0.007757580818480165,5,0.009839611182114615,7,0.012077913494374126,11
2003-12-12,0.007662111693206637,5,0.009608940862580042,6,0.012127529512831994,11
2003-12-15,0.00970738087148542,10,0.010104242775444175,7,0.012463880728898495,13
2003-12-16,0.009466019445964768,10,0.01013507456085101,8,0.011222773269421837,8
2003-12-17,0.009878432863257753,11,0.008247561662002016,3,0.011299481254175328,8
2003-12-18,0.010356192904889776,12,0.0086499297881638,4,0.011499833376506867,9
2003-12-19,0.008974466851055221,8,0.008904977332457174,5,0.011785386517367404,10
2003-12-22,0.012390017914761358,19,0.010609799497596106,9,0.010936957890272317,7
2003-12-23,0.012265365263161028,19,0.010437134304989054,9,0.010707640847715225,6
2003-12-24,0.011985078323839058,18,0.010486244338716807,9,0.010028746103794546,4
2003-12-26,0.011086685053954305,15,0.010256984245361398,8,0.009626606113360756,3
2003-12-29,0.010757442604141335,14,0.011344563693769594,11,0.010212396300897165,5
2003-12-30,0.009212814144643955,9,0.010312802271999703,8,0.01015065248731438,5
2003-12-31,0.00966618660360468,10,0.010413315048852482,8,0.009769560607718298,4
2004-01-02,0.012169342322712932,18,0.011394094639126618,11,0.01043943880912527,5
2004-01-05,0.011922977911743399,18,0.010950932658170667,10,0.009442819881620974,3
2004-01-06,0.00617528999709016,2,0.010619766443176469,9,0.009451187848948755,3
2004-01-07,0.013729211020558352,23,0.011141410631833819,11,0.010478996195497832,5
2004-01-08,0.013615596450204133,22,0.011143399744428448,11,0.010340267062683501,5
2004-01-09,0.012607653414300838,20,0.01171325681161019,13,0.010630284733083006,6
2004-01-12,0.012637236612751915,20,0.01167601196114795,12,0.010564770763057365,6
2004-01-13,0.012116159956060048,18,0.010067787786067298,7,0.010428106007763489,5
2004-01-14,0.010788215392794284,14,0.011718348223447772,13,0.010987668164795508,7
2004-01-15,0.012959058742914713,21,0.01277853839845207,16,0.011112884354433769,8
2004-01-16,0.011033531275203184,15,0.011508638317848922,12,0.011225395308999063,8
2004-01-20,0.01141611620353482,16,0.011553242552438702,12,0.01111731998085988,8
2004-01-21,0.010971811024287173,15,0.011276972708933547,11,0.011007506107455881,7
2004-01-22,0.011257947842241095,16,0.01041089464790615,8,0.010911920720221305,7
2004-01-23,0.00885477706050939,8,0.011299792442034834,11,0.010646568984136703,6
2004-01-26,0.01610084615795045,28,0.013075159849055185,17,0.012193126887651534,12
2004-01-27,0.01759202801715608,31,0.01413442512507297,21,0.012431961067988556,13
2004-01-28,0.02046374551315915,36,0.017146119777387777,29,0.013926150671383798,18
2004-01-29,0.02179711741449428,38,0.016567715603754817,27,0.01364748483981211,17
2004-01-30,0.02117173528867456,37,0.015410840369070476,24,0.013616123655280667,17
2004-02-02,0.015041906410988121,26,0.015348972689103261,24,0.013582842330498683,17
2004-02-03,0.01623819614667049,29,0.015971198381575163,26,0.013284897378272443,16
2004-02-04,0.010744256716388071,14,0.016153333314075112,26,0.013728015891144524,17
2004-02-05,0.010703591640546106,14,0.016203009335634646,26,0.013828795008881055,18
2004-02-06,0.01607907372099965,28,0.017813564112394955,30,0.014163089489946096,19
2004-02-09,0.016078488085511548,28,0.015423054800661157,24,0.014187732719656936,19
2004-02-10,0.01523711869992494,26,0.014875934006554226,23,0.013808643507724736,18
2004-02-11,0.02245827794406063,39,0.01767305921775026,30,0.017039674687121052,28
2004-02-12,0.01978178495513606,35,0.017739789711883353,30,0.01699611904181964,28
2004-02-13,0.023243910917852766,40,0.019046935796418345,33,0.01721737985578483,28
2004-02-17,0.023150518850737014,40,0.0190324909014444,33,0.01697411300022913,28
2004-02-18,0.023434197944592162,40,0.019013834773899948,33,0.016856207825638306,27
2004-02-19,0.010011490194712546,11,0.018665259355306576,32,0.017101967691136158,28
2004-02-20,0.010720924415742659,14,0.017890795522737375,30,0.017028427393239152,28
2004-02-23,0.007967065973988335,6,0.016837316921909703,28,0.016860484895405082,27
2004-02-24,0.011525937931761742,16,0.018921257715766093,32,0.017447097863520167,29
2004-02-25,0.014467112412200063,24,0.019290848245753455,33,0.016688992854508887,27
2004-02-26,0.013770370405886032,23,0.011498551389882641,12,0.016393458301779157,26
2004-02-27,0.013442469317378561,22,0.011465179644481413,12,0.015010157330788152,21
2004-03-01,0.015112619224496237,26,0.011389898833954654,11,0.015092375607281352,22
2004-03-02,0.010438396296993155,13,0.01136941112204606,11,0.015337515544610074,22
2004-03-03,0.00867890913211461,7,0.011378849713907584,11,0.015344839263843411,23
2004-03-04,0.011807297970814869,17,0.012206962335196643,14,0.015570488123359648,23
2004-03-05,0.010905986671939956,14,0.012137247933910173,14,0.015057375598805173,21
2004-03-08,0.01325109540507711,21,0.013416878761568643,18,0.015408905748165745,23
2004-03-09,0.014466816243479116,24,0.012195551138696116,14,0.015127386606329278,22
2004-03-10,0.016787901413772458,30,0.013104537702819734,17,0.01591464136670951,24
2004-03-11,0.010186662299341417,12,0.012928141345199413,17,0.015964473423897764,25
2004-03-12,0.015782338774974324,28,0.014649995888054579,22,0.012512823305245505,13
2004-03-15,0.016470589714158577,29,0.014795426045689147,23,0.013154870125185987,15
2004-03-16,0.016606494681603048,29,0.014827880186878526,23,0.012867670436582188,14
2004-03-17,0.014782585987647336,25,0.015298871615119345,24,0.012829970582167838,14
2004-03-18,0.014558729844170447,25,0.013385006883615828,18,0.012833047668644775,14
2004-03-19,0.011305096994135122,16,0.01305597314373937,17,0.01281415466186766,14
2004-03-22,0.00911226757020872,9,0.01288361639036145,17,0.012913156701128801,15
2004-03-23,0.008924025265871082,8,0.012604765306656067,16,0.012906169699592516,14
2004-03-24,0.00868316797482716,7,0.012650685690960119,16,0.012844304264234723,14
2004-03-25,0.018428248833601796,33,0.01586999452817196,26,0.013842730723322752,18
2004-03-26,0.020246551807649955,36,0.015844817224943093,26,0.014491730648061694,20
2004-03-29,0.018306465631385074,33,0.014395695644155335,21,0.01452501291488817,20
2004-03-30,0.01834190280842631,33,0.014395542222478576,21,0.014138314943023577,19
2004-03-31,0.011687144568961142,17,0.014121644774207949,21,0.01403732317941431,18
2004-04-01,0.008595415883604027,7,0.014851054678643094,23,0.014498419831422407,20
2004-04-02,0.0067540893942130914,3,0.01426582673583,21,0.013830011725710105,18
2004-04-05,0.007352224328241504,4,0.013245747614320348,18,0.013764801748805549,17
2004-04-06,0.007509098687052459,5,0.013319588251495918,18,0.013375400869396438,16
2004-04-07,0.00793198481610485,5,0.010405784271824233,8,0.012996968578926769,15
2004-04-08,0.0028957696414809594,0,0.007560793129101526,1,0.012119024955748795,11
2004-04-12,0.0029959286203832965,0,0.005459181958619581,0,0.012028493007982317,11
2004-04-13,0.01186288700969395,17,0.010154774404134757,8,0.012682448622677601,14
2004-04-14,0.01263262226676532,20,0.011253279650633613,11,0.0124342748530667,13
2004-04-15,0.013515327764438716,22,0.011357029904807721,11,0.012445198443773847,13
2004-04-16,0.016576092365010436,29,0.011394859954538233,11,0.01279575181747342,14
2004-04-19,0.016336801946585502,29,0.01152202421697915,12,0.01291187589998792,14
2004-04-20,0.016208894339772822,29,0.01340904622726532,18,0.013851549852315178,18
2004-04-21,0.01526741438901784,26,0.013498456508356281,19,0.013577669789302105,17
2004-04-22,0.017906587078852197,32,0.01540123452401101,24,0.014167500733990689,19
2004-04-23,0.016216913848738225,29,0.01547516174628949,24,0.01368223864953962,17
2004-04-26,0.01705442421330899,30,0.01587090276833883,26,0.01247828972876193,13
2004-04-27,0.01172823810576356,17,0.014028513609407859,20,0.011704797874560576,10
2004-04-28,0.016888151162131177,30,0.015179011722615305,24,0.012694950002987461,14
2004-04-29,0.012477516255156945,19,0.01504437354770216,23,0.012679436732001817,14
2004-04-30,0.012727264429790214,20,0.013771188392042763,20,0.01294070948759478,15
2004-05-03,0.011270391320848089,16,0.01398574700036758,20,0.012235413979339036,12
2004-05-04,0.01257794425872019,20,0.012428090589220514,15,0.012363236184750302,12
2004-05-05,0.008870648196609812,8,0.012741234841322118,16,0.01249669632903952,13
2004-05-06,0.00897876339908217,8,0.01025324089499865,8,0.012538254323616667,13
2004-05-07,0.010976511419046379,15,0.01120656475960769,11,0.013083355255828008,15
2004-05-10,0.009606848845962619,10,0.00991138066860658,7,0.012906249624104752,14
2004-05-11,0.012121982146352869,18,0.011684034958325108,13,0.013365553515919741,16
2004-05-12,0.012232773633659932,19,0.010138231864506422,8,0.012611214534065126,13
2004-05-13,0.013119524625690635,21,0.010704419267692694,9,0.01251376316521286,13
2004-05-14,0.008258531052510492,6,0.01052537254880131,9,0.012607683678452187,13
2004-05-17,0.009806045456729796,11,0.010950188741324508,10,0.011952813202426606,10
2004-05-18,0.008914894959437591,8,0.011167137404012012,11,0.012199359095293367,12
2004-05-19,0.009476670030396499,10,0.010832373715866919,10,0.011264555648322513,8
2004-05-20,0.008834641749921046,8,0.010566934529864248,9,0.011220196608726384,8
2004-05-21,0.0076538663299034835,5,0.008354212344418329,3,0.010071950914849328,4
2004-05-24,0.005723488445506487,2,0.007771474134864374,2,0.00991539307751301,4
2004-05-25,0.00910064409645258,9,0.008505068149257377,4,0.010489815168520607,5
2004-05-26,0.008417672356521891,7,0.008518139902964735,4,0.010593737127157575,6
2004-05-27,0.008194800495637635,6,0.008328878127070992,3,0.009414600995440205,3
2004-05-28,0.006520776124128974,3,0.008384713205960317,3,0.009622843709883793,3
2004-06-01,0.009161589412067996,9,0.007638787116052334,1,0.009306296505912172,3
2004-06-02,0.008397747107229693,7,0.008357533209259681,3,0.009586898850389025,3
2004-06-03,0.008705885578865652,7,0.009031771745409624,5,0.00971197679087277,3
2004-06-04,0.011547705889416157,16,0.009909039170124442,7,0.009941971958138889,4
2004-06-07,0.01631842567876266,29,0.012043926862001368,14,0.011124634221312475,8
2004-06-08,0.015557599881518974,27,0.01203997598098089,14,0.010021914742854071,4
2004-06-09,0.01494562725437828,26,0.01180675413616565,13,0.010050958493376134,4
2004-06-10,0.012318604816565768,19,0.011758682931114749,13,0.009761334601850706,3
2004-06-14,0.014942478649161857,26,0.012754809751083588,16,0.010357081097448716,5
2004-06-15,0.009081021018954468,9,0.012937867726087415,17,0.010664699210779997,6
2004-06-16,0.007139813943738344,4,0.012781135692153488,16,0.010521580931403608,6
2004-06-17,0.007072186136679448,4,0.01238972304568462,15,0.010224334942339482,5
2004-06-18,0.006562162108275636,3,0.011808013424158933,13,0.010037644189438798,4
2004-06-21,0.005109199292855074,1,0.011017163361307047,10,0.009995929702984047,4
2004-06-22,0.011077250457849188,15,0.010478818213404366,9,0.011117501466944688,8
2004-06-23,0.011889893002375362,17,0.011376549810991725,11,0.011379585427573967,9
2004-06-24,0.01100509196706458,15,0.012315820904304936,15,0.011901062679074793,10
2004-06-25,0.009503502607643148,10,0.013120014592087602,17,0.011874527215737856,10
2004-06-28,0.013507989697038439,22,0.012796863002334931,16,0.012268995979566457,12
2004-06-29,0.012185051490930163,18,0.011507259750425596,12,0.012386333895271166,12
2004-06-30,0.012043547427142885,18,0.011307665847054988,11,0.012309104658484046,12
2004-07-01,0.011056384224443052,15,0.011123511829506187,11,0.012172000712301054,11
2004-07-02,0.008095053949195768,6,0.011042086487151919,10,0.011769282570797112,10
2004-07-06,0.00861478259655299,7,0.01246658586706106,15,0.011882538398638466,10
2004-07-07,0.008656974296600633,7,0.012664909210151384,16,0.012320629137929424,12
2004-07-08,0.007171776606363418,4,0.012004836247025433,14,0.011191420693271078,8
2004-07-09,0.008318355315398679,6,0.010328150381984575,8,0.011113639220428835,8
2004-07-12,0.010297840744986207,12,0.009031223731698007,5,0.011085144337839747,7
2004-07-13,0.009078592118974504,8,0.008393652319250097,3,0.011090769938888235,7
2004-07-14,0.0053064842180725125,1,0.00744530534552265,1,0.010622398518015467,6
2004-07-15,0.008897585970479703,8,0.008108983505665062,3,0.010827659708821557,7
2004-07-16,0.009197915594358142,9,0.008306258926418519,3,0.011101755838446364,7
2004-07-19,0.007885258042182828,5,0.008654678704164979,4,0.01105880897801222,7
2004-07-20,0.016650267680832605,30,0.012719071700232669,16,0.012430962942700121,13
2004-07-21,0.019946314752633563,36,0.013913015295193837,20,0.013622009755945576,17
2004-07-22,0.019003074680137604,34,0.014053424935505059,20,0.012799003702806048,14
2004-07-23,0.01805521807405826,32,0.014014743567934277,20,0.012402443448536042,12
2004-07-26,0.01823402158069393,33,0.01362882125771861,19,0.011700062622402762,10
2004-07-27,0.01652720791364578,29,0.01564303206731192,25,0.012182313176334463,11
2004-07-28,0.010266835328363321,12,0.015593318452928752,25,0.011936231829019388,10
2004-07-29,0.010905256046699115,14,0.01489728680103569,23,0.012088172478852277,11
2004-07-30,0.014447518505457209,24,0.015420752272435006,24,0.012456730318412573,13
2004-08-02,0.013831493044687827,23,0.015420384246017828,24,0.012508065094063,13
2004-08-03,0.01065361847093666,13,0.01311200001015781,17,0.012562407602643804,13
2004-08-04,0.010677065111096697,13,0.010266926888301596,8,0.012264979865836521,12
2004-08-05,0.01026150029820053,12,0.012165873274755335,14,0.012499942011795781,13
2004-08-06,0.009882939583710525,11,0.01278217543898646,16,0.012753425531800571,14
2004-08-09,0.00913340121270331,9,0.012789420892622546,16,0.012746489339687193,14
2004-08-10,0.012171113736533418,18,0.010894077865493472,10,0.012839523391859734,14
2004-08-11,0.011846950054003621,17,0.01089689573763708,10,0.01288433618515205,14
2004-08-12,0.009184235162849953,9,0.009450981524083307,6,0.012950602377512626,15
2004-08-13,0.007858486039387559,5,0.009337849352019562,6,0.012636295335768901,13
2004-08-16,0.011730291659552635,17,0.011746746541370527,13,0.013191057935056021,15
2004-08-17,0.011477015979185769,16,0.011918849122544987,13,0.013267667509969187,16
2004-08-18,0.010408240076886389,13,0.012675162367100156,16,0.012277086660646743,12
2004-08-19,0.010512977450963582,13,0.010971466727250115,10,0.011146676942743669,8
2004-08-20,0.010922682435062234,14,0.010158661543898623,8,0.011550064990782373,9
2004-08-23,0.010182516585450217,12,0.010366036882336338,8,0.011564951476029726,9
2004-08-24,0.010152165999834312,12,0.010215325895184492,8,0.011483607282347,9
2004-08-25,0.015321289369256866,27,0.012352233369050735,15,0.01231940952063904,12
2004-08-26,0.012655644893302774,20,0.011149341924854448,11,0.012557879053255403,13
2004-08-27,0.01448041476480578,24,0.012150936602070037,14,0.012479215135993638,13
2004-08-30,0.016981320638874513,30,0.013200199215247415,18,0.01234666049658637,12
2004-08-31,0.01687177269626574,30,0.013180311671066819,18,0.012386669246238097,12
2004-09-01,0.010642676724019334,13,0.0130944723334552,17,0.012279078484947322,12
2004-09-02,0.013809101640043788,23,0.013626172973317828,19,0.013030067655707533,15
2004-09-03,0.014152612676709217,24,0.01394375990357319,20,0.012224095451605185,12
2004-09-07,0.014619764342095255,25,0.015024297939852016,23,0.012319354109426623,12
2004-09-08,0.016219691250899174,29,0.015608842997449753,25,0.012604574773222427,13
2004-09-09,0.015401205120710481,27,0.013150112944290178,18,0.012551156621651113,13
2004-09-10,0.013912905912386662,23,0.013295068791355051,18,0.012454218065561172,13
2004-09-13,0.011572998920119044,16,0.012900286185148097,17,0.012036456999496813,11
2004-09-14,0.0079945752396216,6,0.011209870070018434,11,0.012035495140568826,11
2004-09-15,0.011866331419610231,17,0.01343522934231348,19,0.012649046449761734,14
2004-09-16,0.012143464127088905,18,0.01318222394784626,18,0.01267081460354822,14
2004-09-17,0.011816659812343323,17,0.01269445969820735,16,0.012950997799765867,15
2004-09-20,0.011085446780601046,15,0.01230103278103048,15,0.012744980331970206,14
2004-09-21,0.020991935198665664,37,0.01501914298699406,23,0.014400516189789787,20
2004-09-22,0.020523028649028333,36,0.01580452773855778,25,0.014958380316612493,21
2004-09-23,0.020350686676532666,36,0.01587178673468367,26,0.015017038909416865,21
2004-09-24,0.01924677076149381,34,0.015333809033887378,24,0.013843092424239216,18
2004-09-27,0.019673698571987436,35,0.015446894800413842,24,0.013789739510460995,18
2004-09-28,0.008384635401125669,7,0.015371231908143816,24,0.013675682162584472,17
2004-09-29,0.005211467075095952,1,0.014177767041081337,21,0.01316700414109745,15
2004-09-30,0.00491505635294438,1,0.013958838642590189,20,0.013155698625042818,15
2004-10-01,0.005625398901933185,1,0.013421990991357937,18,0.013100428912699445,15
2004-10-04,0.0041688668890430625,0,0.013450961487327473,19,0.012539472271822982,13
2004-10-05,0.007221042561247594,4,0.00803916111906319,2,0.012495055433633353,13
2004-10-06,0.009378584559243404,9,0.007629818841509227,1,0.012007482595478675,11
2004-10-07,0.01069770492352203,14,0.008016869163315926,2,0.011949363396482305,10
2004-10-08,0.011221215184513729,15,0.008369029612254348,3,0.012061198666396787,11
2004-10-11,0.0099225334900635,11,0.007849973095275374,2,0.011725984343482184,10
2004-10-12,0.009359631135802083,9,0.007900141830126514,2,0.011721048580245,10
2004-10-13,0.005089016020994557,1,0.007896540893369955,2,0.01167209232098273,10
2004-10-14,0.009252774149358782,9,0.01022901378036964,8,0.011747339317380865,10
2004-10-15,0.01181219933247247,17,0.010870742938158416,10,0.011968006169575584,10
2004-10-18,0.011806195637790536,17,0.01032483297780595,8,0.011620861342989664,9
2004-10-19,0.012684637462937296,20,0.010754191414619982,9,0.011960536248212332,10
2004-10-20,0.012518084062853752,20,0.009177276254925933,5,0.009128831951582003,2
2004-10-21,0.011594927941777538,17,0.010270792823751294,8,0.008934718209793144,2
2004-10-22,0.009878354223679272,11,0.010384065170911663,8,0.009089451648543162,2
2004-10-25,0.00962897717933526,10,0.010391300057428396,8,0.0090477109557042,2
2004-10-26,0.011009517592386785,15,0.011472681362666251,12,0.009447870108642446,3
2004-10-27,0.013535399092724665,22,0.014097759325920813,21,0.010841022797013725,7
2004-10-28,0.013676465633919877,22,0.01254037126953291,15,0.011166456697696538,8
2004-10-29,0.010101948227674806,11,0.012326809070065448,15,0.01127009869408241,8
2004-11-01,0.009225016462139293,9,0.012386090158871661,15,0.01123811737971338,8
2004-11-02,0.010121368024587473,12,0.010931798498661919,10,0.0110929265694251,7
2004-11-03,0.005817102897699964,2,0.009847729185766011,7,0.010915783452368998,7
2004-11-04,0.00429185700469449,0,0.009701859549521236,6,0.0105532241465764,6
2004-11-05,0.003988101492688572,0,0.008132735498906264,3,0.010410642706736068,5
2004-11-08,0.006205823649098336,2,0.008703731257157428,4,0.01040681125874571,5
2004-11-09,0.006241185400866951,2,0.00841831346702216,3,0.010392096394305222,5
2004-11-10,0.006303204622897669,2,0.006085342862357605,0,0.010432443555817366,5
2004-11-11,0.010925404363157046,14,0.007835379293033047,2,0.0112346932830393,8
2004-11-12,0.011856494392301024,17,0.008444758401369809,3,0.010208785299564909,5
2004-11-15,0.010315148259031447,12,0.008424523314509302,3,0.010140181302936811,5
2004-11-16,0.01298226923454152,21,0.009616781261537139,6,0.010541037075952438,6
2004-11-17,0.012443823867280258,19,0.009669033645569248,6,0.009812218202849648,4
2004-11-18,0.009523407185495826,10,0.00974556293740393,7,0.009387259527508669,3
2004-11-19,0.010135238005406054,12,0.0117978635253457,13,0.01053798375607745,6
2004-11-22,0.0105600054384326,13,0.011409329723840032,12,0.010118596987394916,5
2004-11-23,0.010143642495246382,12,0.011351530552360125,11,0.009947352742684518,4
2004-11-24,0.010610299322812674,13,0.011544243033240389,12,0.00983290732690898,4
2004-11-26,0.010642991580937006,13,0.00969821203274887,6,0.008855867416129334,2
2004-11-29,0.004724132717075395,1,0.008320380804461241,3,0.00858105772132268,1
2004-11-30,0.005676704568274697,2,0.008391644765997602,3,0.008579832972283347,1
2004-12-01,0.007070706423142408,4,0.008507088944021385,4,0.008744032732048303,2
2004-12-02,0.005972207184296723,2,0.008218716860707083,3,0.008749662008272353,2
2004-12-03,0.0059153090925854945,2,0.008274158533609676,3,0.008749916925531795,2
2004-12-06,0.00607596853307215,2,0.005130959571897852,0,0.008754104800823375,2
2004-12-07,0.008452427104030219,7,0.006787875023799146,0,0.009136815464080263,2
2004-12-08,0.007084976770129466,4,0.0068463439405456825,1,0.00893049706206896,2
2004-12-09,0.007426770520900936,4,0.006393579299313345,0,0.008953258976640887,2
2004-12-10,0.009984045568156682,11,0.007837565540739846,2,0.009444669154014007,3
2004-12-13,0.010156650690384206,12,0.00796948308996555,2,0.008575733970829317,1
2004-12-14,0.00826135635546994,6,0.008231278302182446,3,0.008244495702348472,1
2004-12-15,0.01011417462474064,12,0.008438210228787386,3,0.008414210331053886,1
2004-12-16,0.020241029972461747,36,0.01465683580689577,22,0.011536532045390966,9
2004-12-17,0.016536185121379596,29,0.015370640165650637,24,0.011889827383078115,10
2004-12-20,0.014075857590722647,23,0.015087669117858788,23,0.011886135040926862,10
2004-12-21,0.017764372424407114,32,0.015538030381122642,25,0.011524061556497737,9
2004-12-22,0.017761044710528126,32,0.015427260325378837,24,0.011598015328970828,9
2004-12-23,0.00997673237858548,11,0.015073800846133757,23,0.01157539612040232,9
2004-12-27,0.0065279967617337935,3,0.013269283241398602,18,0.011292848802069972,8
2004-12-28,0.007462653361362577,5,0.013212164530936156,18,0.011472619826474647,9
2004-12-29,0.005905709615525634,2,0.013211644524276481,18,0.011511517316270961,9
2004-12-30,0.005235293341345866,1,0.013405485511511927,18,0.011505773050195822,9
2004-12-31,0.006766471483659885,3,0.008069624167974212,2,0.011322405569839268,8
2005-01-03,0.007883181665289191,5,0.006830246730502505,1,0.011430333313860975,9
2005-01-04,0.007147345414070203,4,0.007250102189182564,1,0.0115001658384621,9
2005-01-05,0.007121343618865223,4,0.006187422993439382,0,0.011392328233294268,9
2005-01-06,0.009961909150848635,11,0.007505138177106297,1,0.011675612279519427,10
2005-01-07,0.009169786309526294,9,0.007672230519377651,2,0.01162500084954333,9
2005-01-10,0.008276253298596393,6,0.007654308969861708,1,0.011485383918290954,9
2005-01-11,0.00853581180471735,7,0.007463798479724539,1,0.010716946736047247,6
2005-01-12,0.009233177537642403,9,0.007780473953368436,2,0.010442167013455253,5
2005-01-13,0.004190308011286449,0,0.0076741375598723,2,0.01043198307822789,5
2005-01-14,0.008620079805355053,7,0.008492529837997852,4,0.010939284302083678,7
2005-01-18,0.009420585283451889,9,0.008359794521195266,3,0.008084647552542748,1
2005-01-19,0.009688626602743642,10,0.008608255553012012,4,0.007557044940726586,0
2005-01-20,0.00923043115530917,9,0.00872972886926288,4,0.0076888830412611955,0
2005-01-21,0.00906011988337081,8,0.007191655943149006,1,0.007188708218786457,0
2005-01-24,0.006326236532133295,2,0.007141670876343312,1,0.007094868684797207,0
2005-01-25,0.0035669862562470634,0,0.007067354759586368,1,0.0071285357681315316,0
2005-01-26,0.0038180723389046817,0,0.006979580674222033,1,0.007193961334107532,0
2005-01-27,0.004314362936609553,0,0.006808432537359297,0,0.007076471088409885,0
2005-01-28,0.009377171180034956,9,0.009022802891185459,5,0.008335110680400439,1
2005-01-31,0.009657184171226185,10,0.00953647783921211,6,0.009001343068296266,2
2005-02-01,0.007337126677167453,4,0.009454420847908523,6,0.008749409757253383,2
2005-02-02,0.007866369063936646,5,0.00847707754907853,4,0.00861150766764828,2
2005-02-03,0.008785081588873795,8,0.007717236876218776,2,0.008408472823839865,1
2005-02-04,0.006551131407897611,3,0.007690303235239978,2,0.008524786164630776,1
2005-02-07,0.00576635481204893,2,0.008057093496202702,2,0.008256519463043819,1
2005-02-08,0.00882968170511049,8,0.008059465617997055,2,0.008815886076723586,2
2005-02-09,0.009203078583968757,9,0.008473483944682217,3,0.008854775711460863,2
2005-02-10,0.009293538699548015,9,0.008569689265839482,4,0.008711050781054587,2
2005-02-11,0.009380620216289553,9,0.007721626320807764,2,0.008286834383563391,1
2005-02-14,0.010207412274658911,12,0.007838304712322006,2,0.008502412860835409,1
2005-02-15,0.007300566866995696,4,0.007880877808808402,2,0.00830785924933975,1
2005-02-16,0.007720200387320541,5,0.008249260338650808,3,0.008424078068644545,1
2005-02-17,0.008004463518689246,6,0.01008246754831936,7,0.008935789036117945,2
2005-02-18,0.008835128068869415,8,0.01058434129984135,9,0.009515043247488133,3
2005-02-22,0.008994948071718481,8,0.010987548532955941,10,0.009912438324771197,4
2005-02-23,0.010990920993498222,15,0.00987519526558592,7,0.010097409097939356,5
2005-02-24,0.01091992302050049,14,0.009919651981362578,7,0.010165984860380112,5
2005-02-25,0.013211682416118812,21,0.010420232874570291,9,0.010505552164513604,6
2005-02-28,0.012563451517717837,20,0.010787556506956059,10,0.010946040446204446,7
2005-03-01,0.011905518911109962,17,0.01163476437588144,12,0.010351357786459367,5
2005-03-02,0.011333509840418261,16,0.011263036411318358,11,0.009834120599268222,4
2005-03-03,0.010991732527105346,15,0.011254844764415992,11,0.009817261760920768,4
2005-03-04,0.012460452039817878,19,0.0122454464922703,14,0.010648895192162023,6
2005-03-07,0.009759042014489494,10,0.011334838414832168,11,0.010872944186952786,7
2005-03-08,0.010129946223565627,12,0.010428016144804987,9,0.010648053583843306,6
2005-03-09,0.013574995964199187,22,0.011800228657959093,13,0.011219254120087238,8
2005-03-10,0.013281278007824707,21,0.011533851721335807,12,0.01054190270555104,6
2005-03-11,0.012115220797349769,18,0.012032962571830855,14,0.01110264613575504,8
2005-03-14,0.010155279124766497,12,0.011397475117979275,11,0.010787411835798417,6
2005-03-15,0.011067171954983822,15,0.010944734338500118,10,0.01086598701506891,7
2005-03-16,0.009050896938040936,8,0.011054112204855445,10,0.010818835987154886,7
2005-03-17,0.00861956701097018,7,0.010997150038778223,10,0.010692033350683474,6
2005-03-18,0.004035514420076849,0,0.008810613228086819,4,0.010672887218301277,6
2005-03-21,0.0038961876918379456,0,0.007589561315771607,1,0.010207450624169554,5
2005-03-22,0.006067895837191687,2,0.008429270584285171,3,0.010222955488505143,5
2005-03-23,0.006485763316489085,3,0.007489406547963669,1,0.00996011469509346,4
2005-03-24,0.006963645023210246,4,0.007396063732592599,1,0.00963992487714705,3
2005-03-28,0.00969776993626864,10,0.007035982353908932,1,0.00990353627463469,4
2005-03-29,0.010840674216559307,14,0.007712024152621813,2,0.009661743557574135,3
2005-03-30,0.009666674597994735,10,0.008701397144294418,4,0.009713964333640187,3
2005-03-31,0.009602475073631794,10,0.008575609932791297,4,0.009405622345482988,3
2005-04-01,0.010583638565904876,13,0.008798695900872417,4,0.009490266090107058,3
2005-04-04,0.011564986438862758,16,0.010181938564345376,8,0.010059293717309275,4
2005-04-05,0.009678950799267533,10,0.010193729796774754,8,0.009139380962638508,2
2005-04-06,0.010900436372049127,14,0.00974716523665303,7,0.009596386163141107,3
2005-04-07,0.010863399688176373,14,0.00977950976328026,7,0.009797245733396727,4
2005-04-08,0.01058039198017153,13,0.010305714113480744,8,0.009191269145912893,2
2005-04-11,0.010711843032476659,14,0.010511735970384005,9,0.009334250900765177,3
2005-04-12,0.010617022203553239,13,0.009624756210244214,6,0.008596402318774609,2
2005-04-13,0.008981036844671181,8,0.010627778199744515,9,0.009291605812025506,3
2005-04-14,0.0054874890472546515,1,0.011488186707150183,12,0.009691461287908132,3
2005-04-15,0.006331085742317603,2,0.012656006747808726,16,0.010394401995358073,5
2005-04-18,0.010998056494257691,15,0.011649811583065222,12,0.010594930801811677,6
2005-04-19,0.01067803516248877,13,0.01168536971477199,13,0.010650020687040398,6
2005-04-20,0.011968645427344087,18,0.01047367731181888,9,0.011570003526455826,9
2005-04-21,0.014088852935650435,24,0.010187192874879658,8,0.011390971762261575,9
2005-04-22,0.012576201036366164,20,0.010157499380832482,8,0.01149792199603366,9
2005-04-25,0.014473171216464365,24,0.01247548546327412,15,0.012016938775226995,11
2005-04-26,0.014387390097377408,24,0.01257422897222893,16,0.011651539471778554,10
2005-04-27,0.01131644569648604,16,0.01418261798745328,21,0.012288677792026538,12
2005-04-28,0.01455636950415073,25,0.014218462951357974,21,0.012289615723138175,12
2005-04-29,0.013205144296462825,21,0.013109002523325752,17,0.012360259949848476,12
2005-05-02,0.01620739990402605,29,0.014489567460401462,22,0.013113519923553085,15
2005-05-03,0.01618799737506243,29,0.014443337597406085,22,0.012484486759217744,13
2005-05-04,0.015824408111605116,28,0.013850410210388521,20,0.01329882071002208,16
2005-05-05,0.015045045091405437,26,0.014104623966540655,21,0.012636019956999176,13
2005-05-06,0.014579038992197646,25,0.013928998108065397,20,0.012331113533848314,12
2005-05-09,0.011077474846150404,15,0.01328775289577618,18,0.012581065546128076,13
2005-05-10,0.019066510965680843,34,0.016700220839825662,28,0.01406722107009566,19
2005-05-11,0.01845038217872066,33,0.01623788196836237,26,0.014755745054578835,21
2005-05-12,0.022805974689951897,39,0.01869169342862469,32,0.01600781403046316,25
2005-05-13,0.02348511532552882,40,0.019074871275011125,33,0.016455162560895416,26
2005-05-16,0.02311315114341065,40,0.018965478655182718,32,0.016309121979551654,26
2005-05-17,0.020981708704626713,37,0.01896986515957216,33,0.016105549010685154,25
2005-05-18,0.02003103006225497,36,0.01824165348084594,31,0.01649304320575743,26
2005-05-19,0.014118663990014118,24,0.018571004487394363,31,0.01599657706381505,25
2005-05-20,0.004971742118677416,1,0.019114107365594036,33,0.016064557552886355,25
2005-05-23,0.006852454470178735,3,0.018708884592386833,32,0.015993013074553468,25
2005-05-24,0.00977545407782916,10,0.01627702924132035,27,0.015661963135176257,24
2005-05-25,0.01319987650361658,21,0.01609019722018318,26,0.016279925779893928,25
2005-05-26,0.011939591123407952,18,0.012860481473148793,16,0.015396917070264093,23
2005-05-27,0.007468857247812545,5,0.0111520168152209,11,0.01532572292374116,22
2005-05-31,0.01645327725062416,29,0.013197971399032732,18,0.01620437377721802,25
2005-06-01,0.01789905491652225,32,0.013783396898338449,20,0.01603155715595053,25
2005-06-02,0.014507438511920672,25,0.01340483329049296,18,0.016102232115606515,25
2005-06-03,0.01418084634173444,24,0.013163556417997881,18,0.015349715215150182,23
2005-06-06,0.012574869728746933,20,0.013376477725499821,18,0.01566760241738179,24
2005-06-07,0.00952252747310254,10,0.013387684591057936,18,0.015666035252058636,24
2005-06-08,0.007782316960525611,5,0.013027223098809472,17,0.015487035827915285,23
2005-06-09,0.008709513201289619,7,0.011448892961260252,12,0.014541951378584871,20
2005-06-10,0.010164688063083847,12,0.011683625653809036,13,0.014100776646715297,19
2005-06-13,0.009158248954284458,9,0.010623606447397684,9,0.012070214415533584,11
2005-06-14,0.010534570398506578,13,0.009527578982100403,6,0.011034627101090521,7
2005-06-15,0.011295801235928446,16,0.009225982356652606,5,0.011129924957889451,8
2005-06-16,0.01822047054950037,33,0.01347032303850861,19,0.013421697259138733,16
2005-06-17,0.0163507126449814,29,0.013207060380787018,18,0.013374225648531775,16
2005-06-20,0.0174869585969406,31,0.013572327964114625,19,0.01344401598514979,16
2005-06-21,0.0165924292784394,29,0.01392522910964747,20,0.013406114025825226,16
2005-06-22,0.017228429365267545,31,0.013974050744318858,20,0.013376314905930338,16
2005-06-23,0.007127323376579703,4,0.013510925969702004,19,0.01315671606458313,15
2005-06-24,0.00930524939317517,9,0.01355074396769238,19,0.012255101311559203,12
2005-06-27,0.009206552376093271,9,0.0138488854725067,20,0.0121778382205164,11
2005-06-28,0.00901136576206531,8,0.01300431300326647,17,0.01173239506716164,10
2005-06-29,0.010955053547028002,15,0.013970274962773302,20,0.011525340618409489,9
2005-06-30,0.011392151164393785,16,0.008983324210015492,5,0.01152736833171378,9
2005-07-01,0.008463990287074294,7,0.008428917219438335,3,0.011265324744547693,8
2005-07-05,0.008713368723220172,7,0.008450779972306829,3,0.011180964027563836,8
2005-07-06,0.008052929430046075,6,0.00824864753492574,3,0.011006658010725133,7
2005-07-07,0.00573100565968316,2,0.008301560925027342,3,0.011005236897151304,7
2005-07-08,0.004546431037224623,0,0.00896523924394355,5,0.011287182185671625,8
2005-07-11,0.005959424614877526,2,0.008893946709152792,5,0.011256273697507172,8
2005-07-12,0.0072154900758085875,4,0.008584067305110257,4,0.010937287549704609,7
2005-07-13,0.006869619968572022,4,0.008571996551283953,4,0.010951779273482933,7
2005-07-14,0.0068954214423535545,4,0.006732196678991115,0,0.010488748850007399,5
2005-07-15,0.006712868005911232,3,0.005476196757073941,0,0.01050066997363432,6
2005-07-18,0.004108044024685202,0,0.0061002185736286655,0,0.007909236930608124,0
2005-07-19,0.006389653976895346,3,0.006639020147284502,0,0.008061149695364546,1
2005-07-20,0.006622186443455061,3,0.006987951042408784,1,0.007901596113664481,0
2005-07-21,0.00930756271806362,9,0.009047545961137951,5,0.008376088138815166,1
2005-07-22,0.010081561251878944,11,0.008366559279778299,3,0.00840133895054495,1
2005-07-25,0.010757588896890902,14,0.00771964428022634,2,0.008559862121952477,1
2005-07-26,0.007750113481835112,5,0.007983502662878672,2,0.008178259819688456,1
2005-07-27,0.010941830651290275,14,0.008755440863566803,4,0.008402567150387409,1
2005-07-28,0.00888678988541138,8,0.008739373349346722,4,0.00834948584835386,1
2005-07-29,0.012640319040419994,20,0.011001467042492268,10,0.009240603536666272,2
2005-08-01,0.012411494970203428,19,0.011020085439677906,10,0.009066719064287618,2
2005-08-02,0.016218995411516147,29,0.012550206299032559,15,0.010036710916786143,4
2005-08-03,0.01607991644587438,28,0.013139075184941678,18,0.010233894071451706,5
2005-08-04,0.01785603779726131,32,0.013408819801940997,18,0.010968439895777286,7
2005-08-05,0.014215599279427565,24,0.013230718118954316,18,0.0109568474444021,7
2005-08-08,0.013704516301768723,23,0.012927675885167163,17,0.010586104473440152,6
2005-08-09,0.011457374958078125,16,0.013238795138310307,18,0.010497422033711984,6
2005-08-10,0.010486627675668719,13,0.012811446490700991,16,0.010501097354234209,6
2005-08-11,0.007332065636835262,4,0.013800044359923214,20,0.011075245495051438,7
2005-08-12,0.009363314060256886,9,0.011454634075097241,12,0.01116267828349413,8
2005-08-15,0.008900137640001225,8,0.011033277575119665,10,0.011237846735231557,8
2005-08-16,0.01566305292175371,27,0.01300093921254918,17,0.012489393904121278,13
2005-08-17,0.016002454093973804,28,0.012898169339526184,17,0.01236551035640024,12
2005-08-18,0.011404807111659592,16,0.011869702749479885,13,0.01238026035706907,12
2005-08-19,0.012212377722697332,18,0.011862124059069319,13,0.012028318906045207,11
2005-08-22,0.010990606597021125,15,0.011885963334221612,13,0.011944377577070543,10
2005-08-23,0.00517412219081601,1,0.0110318586790067,10,0.011781763401618213,10
2005-08-24,0.00833510949562588,6,0.012031872984306073,14,0.012320162073613063,12
2005-08-25,0.008830205178354898,8,0.009995716707718665,7,0.012032997067577537,11
2005-08-26,0.008782390504897849,8,0.01005721960636074,7,0.01209958772115212,11
2005-08-29,0.008741667779260737,7,0.00944899154715663,6,0.011204986117551817,8
2005-08-30,0.008508179347838067,7,0.006825862077466028,1,0.011194657200831593,8
2005-08-31,0.007313156413418659,4,0.0077178933456315945,2,0.010425705995751152,5
2005-09-01,0.010103410538564811,11,0.00937770964852271,6,0.010764094796598542,6
2005-09-02,0.008359416181562294,7,0.009364465432401079,6,0.01015367880648675,5
2005-09-06,0.008563351366938723,7,0.009924725647632294,7,0.010397790040309428,5
2005-09-07,0.007028656686449943,4,0.00990659245664972,7,0.0103986434857436,5
2005-09-08,0.0073409451345864815,4,0.007375835972378316,1,0.010022348474140654,4
2005-09-09,0.004894911689540831,1,0.007491296403627235,1,0.010120729886774411,5
2005-09-12,0.005889154551838928,2,0.006904727144536181,1,0.009880568053209695,4
2005-09-13,0.008372592598121452,7,0.00818531008020563,3,0.009969621028655456,4
2005-09-14,0.010991129899921584,15,0.00951479207998609,6,0.010178184910543814,5
2005-09-15,0.011002528637335566,15,0.009309387866683875,6,0.008692070908854205,2
2005-09-16,0.014037489236248653,23,0.009940643141606897,7,0.00934346801216523,3
2005-09-19,0.012402108584679005,19,0.010033933937910501,7,0.009304168827565433,3
2005-09-20,0.01186608246181322,17,0.009813386595592744,7,0.009367931222330645,3
2005-09-21,0.014612359975638239,25,0.012237978930508061,14,0.010613759844734474,6
2005-09-22,0.01835477564584484,33,0.014358504655549258,21,0.011703340180823885,10
2005-09-23,0.016209376867157007,29,0.01433336119069559,21,0.010902982498751634,7
2005-09-26,0.016147109020623603,28,0.013635336947924693,19,0.010902485749143471,7
2005-09-27,0.016212602756811773,29,0.01341246594574351,18,0.010737252360230865,6
2005-09-28,0.010185918721926592,12,0.012577180848416098,16,0.01073738736091128,6
2005-09-29,0.004749789904622374,1,0.012639634571857461,16,0.01066849164715505,6
2005-09-30,0.004305953128055432,0,0.011213157713527403,11,0.010535951731635053,6
2005-10-03,0.004443378206224269,0,0.01116567571546901,11,0.010119808179479288,5
2005-10-04,0.01230346707244544,19,0.013733571488021025,20,0.01159505720318326,9
2005-10-05,0.012461855970234359,19,0.012310688646240686,15,0.011662291529965342,10
2005-10-06,0.010039770526750428,11,0.00963515827437153,6,0.01179597844223668,10
2005-10-07,0.010710058264052243,14,0.009373376608989977,6,0.011835743800621754,10
2005-10-10,0.012348271108645281,19,0.009688691404408412,6,0.011811657248856718,10
2005-10-11,0.00834632612254102,7,0.0099282095736685,7,0.011465543449107976,9
2005-10-12,0.010076858091049216,11,0.010685586452282191,9,0.011912241407723859,10
2005-10-13,0.01294350869571341,21,0.010926942578392187,10,0.012558853202129761,13
2005-10-14,0.014690068332760703,25,0.012146794543760718,14,0.012882108164729858,14
2005-10-17,0.018564126952595645,33,0.01493786923489262,23,0.01294118741586671,15
2005-10-18,0.01829094138782719,33,0.01343121276500019,19,0.012941700238850216,15
2005-10-19,0.021506444625485337,38,0.0172848672284476,29,0.015070610435284074,22
2005-10-20,0.021097255949512637,37,0.01859406420425816,32,0.015080473140688952,22
2005-10-21,0.021448138877190936,38,0.018550086086256763,31,0.014127841524953413,19
2005-10-24,0.02511144851511549,42,0.021924981272635573,38,0.016316780355163516,26
2005-10-25,0.02494826037406728,42,0.02152469748563198,37,0.01630452544867315,26
2005-10-26,0.021015427218779293,37,0.020182783179169512,35,0.016297881790303927,26
2005-10-27,0.01942233062305142,35,0.019209310398912573,33,0.016685486879392974,27
2005-10-28,0.019596565855198922,35,0.019405335102225307,33,0.01697618557930211,28
2005-10-31,0.012647762014823467,20,0.018984761217020703,33,0.01721436886817193,28
2005-11-01,0.012660268000830267,20,0.018925451823808177,32,0.017211428024871897,28
2005-11-02,0.014366148651930333,24,0.017028795366626347,28,0.01667559438339587,27
2005-11-03,0.009050548264750723,8,0.014487895108190194,22,0.016394441067628263,26
2005-11-04,0.008509565362282798,7,0.014244372833840651,21,0.016286304567906102,25
2005-11-07,0.013052447747227438,21,0.012120359976177544,14,0.01682534487684166,27
2005-11-08,0.015195926552468753,26,0.013307888793887866,18,0.017215326104148998,28
2005-11-09,0.012449617724311223,19,0.013428149554325445,18,0.017039413586538866,28
2005-11-10,0.013487842453508517,22,0.011909958912285514,13,0.016411863572605812,26
2005-11-11,0.011651587030121436,17,0.011373626387065985,11,0.015286425270289221,22
2005-11-14,0.00995057040029642,11,0.011168846878732689,11,0.015471623430924756,23
2005-11-15,0.009093562778042259,9,0.011813599939141023,13,0.015381624646818177,23
2005-11-16,0.007865765939863609,5,0.009817976070588952,7,0.015367226934901565,23
2005-11-17,0.010430194870535814,13,0.01137698977860215,11,0.014027716048401985,18
2005-11-18,0.011024481351770957,15,0.010887803306404561,10,0.01295659244415525,15
2005-11-21,0.010028050450027994,11,0.009740987052374587,7,0.012911863150033072,14
2005-11-22,0.0065583841322037996,3,0.008203190942234765,3,0.010498334658795322,6
2005-11-23,0.0059087035112363,2,0.008361057657038208,3,0.010621841210494224,6
2005-11-25,0.004696981079379746,1,0.008085859946741679,2,0.010643200139430051,6
2005-11-28,0.012955065120905383,21,0.011460024132399575,12,0.011430884689443525,9
2005-11-29,0.012407722368505967,19,0.011405235310976506,11,0.011090773432306416,7
2005-11-30,0.012611133676211167,20,0.011583115925377058,12,0.011101137366154852,7
2005-12-01,0.012308798177121714,19,0.011962497557452993,14,0.011281691961885984,8
2005-12-02,0.013258017156806993,21,0.010792726332577232,10,0.010521947426493825,6
2005-12-05,0.010934329776227708,14,0.0114659279582862,12,0.010971764935949764,7
2005-12-06,0.012848132043277912,20,0.012121007968484766,14,0.011038323664704964,7
2005-12-07,0.012698717080039928,20,0.01248709834636491,15,0.010865696811262713,7
2005-12-08,0.012386279401421355,19,0.011763225159926356,13,0.010705595768406507,6
2005-12-09,0.012718446562874528,20,0.012312812608894691,15,0.010655056148793,6
2005-12-12,0.009300260673874228,9,0.010370639569982337,8,0.010403679505653504,5
2005-12-13,0.010433312237867313,13,0.011042639148470215,10,0.010752947999353892,6
2005-12-14,0.011752697216035977,17,0.011576176196652816,12,0.011223961359325062,8
2005-12-15,0.01188105371749659,17,0.011490494817140507,12,0.011243699386484743,8
2005-12-16,0.012056175695336412,18,0.011772787111030438,13,0.011654600258504946,10
2005-12-19,0.011436545954375701,16,0.009952943073647531,7,0.01109385199099831,7
2005-12-20,0.008507920019998136,7,0.010266031132314885,8,0.010960327258731419,7
2005-12-21,0.011434928390660657,16,0.011061731921206628,10,0.011215307072667272,8
2005-12-22,0.011274697269751853,16,0.01091948774115828,10,0.011303839071562734,8
2005-12-23,0.008376670933184976,7,0.010540438108692082,9,0.010940028841030274,7
2005-12-27,0.0043153921341845545,0,0.010489345786244737,9,0.010951280548760375,7
2005-12-28,0.005289343686131276,1,0.00929594741912691,6,0.009901427719630151,4
2005-12-29,0.002711862495376886,0,0.008212065634441173,3,0.009865466142442028,4
2005-12-30,0.001733707456592375,0,0.007604809879923122,1,0.009574366558581496,3
2006-01-03,0.004676828782248514,1,0.006436407483183603,0,0.00951333841646621,3
2006-01-04,0.008181291551514893,6,0.0071230561868819015,1,0.009811312146429456,4
2006-01-05,0.008199704150984949,6,0.006980455047338624,1,0.009067082586594315,2
2006-01-06,0.010854483623747784,14,0.0074595600488434055,1,0.009370935595516633,3
2006-01-09,0.011511734285843934,16,0.008139110424423186,3,0.009483162292571398,3
2006-01-10,0.011977806363346147,18,0.008793888138891266,4,0.00956737480464857,3
2006-01-11,0.007353947800264435,4,0.008847400676060616,4,0.009450383908885899,3
2006-01-12,0.006731372814892189,3,0.008676173458333804,4,0.009445675316880352,3
2006-01-13,0.0058299029337939715,2,0.008703080227687949,4,0.00919999358764853,2
2006-01-17,0.006886467842597032,4,0.008953935422558377,5,0.00856499076552418,1
2006-01-18,0.00473529948167807,1,0.00889294605489171,5,0.008191582125211367,1
2006-01-19,0.006548000461375098,3,0.007031381403624259,1,0.0076142002636679995,0
2006-01-20,0.011354998127539003,16,0.010064182933169963,7,0.008348457632645225,1
2006-01-23,0.012055171057837209,18,0.009723139656235046,6,0.008523635735472329,1
2006-01-24,0.011791014920355879,17,0.009213483036782094,5,0.008280111608438305,1
2006-01-25,0.011792896569055814,17,0.008500748816018077,4,0.0082617515309919,1
2006-01-26,0.016836069561847213,30,0.012120872398671387,14,0.010097703597873679,5
2006-01-27,0.01074099373330415,14,0.012294927117789461,15,0.010224293215906932,5
2006-01-30,0.01093415738211295,14,0.012276174809676174,15,0.010144910968337634,5
2006-01-31,0.009676067873559395,10,0.011830546697663454,13,0.010171889990501363,5
2006-02-01,0.009878902232875509,11,0.011556974405368316,12,0.01004661320770849,4
2006-02-02,0.0032044567811936363,0,0.01147126044286257,12,0.010005201142781778,4
2006-02-03,0.00320875173283205,0,0.008072447239257341,2,0.009092306730043772,2
2006-02-06,0.003728136409148576,0,0.008361899744366446,3,0.009063285892162412,2
2006-02-07,0.011859400148750114,17,0.01278261572329398,16,0.01082755660807681,7
2006-02-08,0.013427916199133909,22,0.01297038436028204,17,0.010822711098814632,7
2006-02-09,0.012935606673983456,21,0.010233307109475726,8,0.010702082981700226,6
2006-02-10,0.012825645629418299,20,0.009786030556384965,7,0.010699287051117093,6
2006-02-13,0.012878081576751261,21,0.010021730334422685,7,0.01098396214000782,7
2006-02-14,0.009893050443750316,11,0.010736821782742247,9,0.011278491845050339,8
2006-02-15,0.01327981687712898,21,0.013035424846542373,17,0.01197468442734524,11
2006-02-16,0.012601884476163509,20,0.01302303682933164,17,0.011894962943973611,10
2006-02-17,0.012956007083542765,21,0.013114579440823532,17,0.011903388038534076,10
2006-02-21,0.014868409796990133,25,0.01411030120742819,21,0.01160874323144537,9
2006-02-22,0.01474795515438427,25,0.01188630728266552,13,0.011738488472901733,10
2006-02-23,0.011767891718376467,17,0.012431067460695153,15,0.012182825388589167,12
2006-02-24,0.011328716212047497,16,0.012352189660577828,15,0.012194183252606374,12
2006-02-27,0.011328527382020752,16,0.012419392918042144,15,0.01081179822744886,6
2006-02-28,0.012242184413977331,19,0.013588888228673275,19,0.01142550053404494,9
2006-03-01,0.011771285863700657,17,0.013364018748284759,18,0.011675187364332837,10
2006-03-02,0.011461426855683512,16,0.010987275551373238,10,0.011559773390219566,9
2006-03-03,0.013062088196460554,21,0.011818897197943466,13,0.011892416712550116,10
2006-03-06,0.013609615932080113,22,0.01199749095990225,14,0.011980445983939813,11
2006-03-07,0.009783523825907992,10,0.011116229336055961,11,0.012050090751183237,11
2006-03-08,0.010598448797419313,13,0.010632555405589057,9,0.012378892087408763,12
2006-03-09,0.009977937198660827,11,0.010277540231674091,8,0.011257743182886576,8
2006-03-10,0.004044066341806213,0,0.010228224973621122,8,0.010971888171025629,7
2006-03-13,0.004036503093545121,0,0.010303977140452659,8,0.011038392836372297,7
2006-03-14,0.030692382578978883,46,0.021540258066384453,37,0.017426627101115647,29
2006-03-15,0.029418664668611767,46,0.02152683904888075,37,0.017291797090388222,28
2006-03-16,0.0298611263460077,46,0.021896638648221743,38,0.017251920808313705,28
2006-03-17,0.02951235666119057,46,0.02217195464948826,38,0.01694064296620443,27
2006-03-20,0.027784325788204084,45,0.022038969143296193,38,0.017075704115806608,28
2006-03-21,0.014935149491233327,26,0.02308094084169203,39,0.01762823433262901,29
2006-03-22,0.016371285388851662,29,0.02262749386204576,38,0.017523873325212967,29
2006-03-23,0.015192614397421362,26,0.022400818888753758,38,0.017333813772287147,29
2006-03-24,0.013453465838549207,22,0.022261692561074665,38,0.017080449773279067,28
2006-03-27,0.014856394560974324,25,0.021984307975046167,38,0.017419798747082275,29
2006-03-28,0.010591031393782202,13,0.012646219313020565,16,0.017484830284564365,29
2006-03-29,0.01097424776535072,15,0.013221376136191752,18,0.017054279902617365,28
2006-03-30,0.01090343742026032,14,0.012485957651069465,15,0.0169943825327104,28
2006-03-31,0.011135661313647785,15,0.011813663380991535,13,0.017007830361994276,28
2006-04-03,0.008945796186558304,8,0.011562033781859257,12,0.016882275540918923,27
2006-04-04,0.008951369244351177,8,0.009331969715660778,6,0.016972116216066608,27
2006-04-05,0.008225150955065735,6,0.009190202688307982,5,0.016882604700718427,27
2006-04-06,0.007678794234911054,5,0.008890922521286575,5,0.016393226091297095,26
2006-04-07,0.009484991271810753,10,0.00976931692948436,7,0.016421049958000655,26
2006-04-10,0.009601125129082516,10,0.008781477176137536,4,0.016340549939100314,26
2006-04-11,0.012002026630696381,18,0.011543967962976106,12,0.017188843856880496,28
2006-04-12,0.012182335055699064,18,0.01035719319207693,8,0.011488027421796554,9
2006-04-13,0.011061885208757562,15,0.010356966319892729,8,0.011439784885776497,9
2006-04-17,0.01361343915982712,22,0.011254660834717399,11,0.011397061964366958,9
2006-04-18,0.016509084784151456,29,0.012759250791245355,16,0.011682382068113091,10
2006-04-19,0.00942363243061346,9,0.011984942098157049,14,0.011604007227810444,9
2006-04-20,0.008537266726240651,7,0.011928797468513582,14,0.010389095208141554,5
2006-04-21,0.014421042758615379,24,0.013490083565464443,19,0.011109245353981386,8
2006-04-24,0.014392921817937665,24,0.013304552807325681,18,0.011173906197791284,8
2006-04-25,0.012311604463021849,19,0.014239842223622673,21,0.011966402575806449,10
2006-04-26,0.011143473939959035,15,0.012252370479128631,14,0.011443561176318846,9
2006-04-27,0.009674078520763397,10,0.012253870411906988,14,0.011296422861307878,8
2006-04-28,0.011698381104662014,17,0.014645592650036239,22,0.012050901801064683,11
2006-05-01,0.013637477767069453,22,0.015453460993145195,24,0.01323424017020604,16
2006-05-02,0.01746035836966826,31,0.014265447022530712,21,0.013646363714403916,17
2006-05-03,0.017272277378906322,31,0.013709476342102105,19,0.013563834243813338,17
2006-05-04,0.016586242833809255,29,0.012834930514248688,16,0.013011992042958026,15
2006-05-05,0.024146729207236355,41,0.01898757183122204,33,0.015783338487908503,24
2006-05-08,0.019476145572790458,35,0.019026823113821572,33,0.01576117558218988,24
2006-05-09,0.01935985669097416,34,0.018783387169437338,32,0.015925074544587324,24
2006-05-10,0.021072146591025295,37,0.019139431040869483,33,0.01601911085152783,25
2006-05-11,0.026309355673016233,43,0.021277890667865576,36,0.016708165418701244,27
2006-05-12,0.016197496817458735,29,0.021029568001281897,36,0.01725983507106975,28
2006-05-15,0.016318742668121188,29,0.020520629503320557,35,0.017706911880850437,30
2006-05-16,0.010117997333307534,12,0.019617262608898955,34,0.01724648625255325,28
2006-05-17,0.010832875147748142,14,0.021053660274283164,36,0.01719732378730674,28
2006-05-18,0.01049799646358367,13,0.021056371638722114,36,0.016894285023433837,27
2006-05-19,0.017241623255869844,31,0.01579250428682384,25,0.017281016503864603,28
2006-05-22,0.017702494274157266,32,0.016173009587437517,26,0.017507930934170694,29
2006-05-23,0.01755576988503944,31,0.013694977168704736,19,0.01765462700469653,29
2006-05-24,0.015154706013050377,26,0.014537410606812625,22,0.01761441078248061,29
2006-05-25,0.01986232296388616,35,0.017288601295819148,29,0.018652683459535097,31
2006-05-26,0.025742023269152373,43,0.02185647980444854,37,0.02082549340591031,35
2006-05-30,0.02536194074380454,42,0.021974536042521538,38,0.020732477154729763,35
2006-05-31,0.022227235860762543,39,0.02216989322586075,38,0.020273779916848273,34
2006-06-01,0.021820996170683477,38,0.020344504318111335,35,0.020361301086802886,34
2006-06-02,0.021271826309746868,37,0.019931098084299236,34,0.02037657447390774,34
2006-06-05,0.018029597100798725,32,0.021388537327788084,37,0.02094001657462486,35
2006-06-06,0.01577574965118429,28,0.020155820798609073,35,0.018573765574080067,31
2006-06-07,0.015467960302860543,27,0.019013579364620295,33,0.01867980288666106,32
2006-06-08,0.011704731611939842,17,0.01908142270145298,33,0.01825944832621002,31
2006-06-09,0.011279043436946428,16,0.017815638341278063,30,0.018254324408880116,31
2006-06-12,0.014915684417332787,25,0.015740347298604806,25,0.018495288454334565,31
2006-06-13,0.020851853071603227,37,0.01870955425865183,32,0.019785719137223354,33
2006-06-14,0.019035623462759707,34,0.0180229849189581,30,0.01953285558581727,33
2006-06-15,0.03182291014738429,47,0.02263765796283006,39,0.021883806809916837,37
2006-06-16,0.03172345889487002,47,0.02247382269904355,38,0.020999248765590804,35
2006-06-19,0.02846884876638161,45,0.021642547055006928,37,0.020942315648926135,35
2006-06-20,0.018825574547210774,34,0.02208562107834236,38,0.020746753830126786,35
2006-06-21,0.01917817059644276,34,0.02453622063889759,41,0.02134023724495104,36
2006-06-22,0.01609053962903387,28,0.024754476213355817,41,0.02110613596051404,36
2006-06-23,0.016295885853998156,29,0.02475461891163056,41,0.02112748211030783,36
2006-06-26,0.016020188581613134,28,0.022396895062496282,38,0.02070576810373017,35
2006-06-27,0.01984223511413148,35,0.01849478681228901,31,0.0192589269954452,33
2006-06-28,0.011673659567053404,17,0.01844113363907257,31,0.018795962289853918,32
2006-06-29,0.021883293756218596,38,0.018109812014036518,31,0.020662721742546523,35
2006-06-30,0.023046119717731312,40,0.018843923693231606,32,0.02046002883618391,35
2006-07-03,0.023050668160272222,40,0.018893222515854412,32,0.020677231828455763,35
2006-07-05,0.021290867890304863,38,0.01944770084450959,33,0.020091633933606606,34
2006-07-06,0.021067865144329977,37,0.016923495033163427,28,0.020018535995711392,34
2006-07-07,0.011066370758207003,15,0.0172140741719469,29,0.020233226271632185,34
2006-07-10,0.010677760819415768,13,0.017192391856452906,29,0.020239305513958056,34
2006-07-11,0.006594127513444622,3,0.01661100693317253,27,0.020239435101748787,34
2006-07-12,0.010441440442155541,13,0.017203625604414997,29,0.019558445036231126,33
2006-07-13,0.010959528428980571,15,0.018075674013230805,30,0.01788372059319852,30
2006-07-14,0.011289693502412664,16,0.011113818283022906,11,0.018284128751907408,31
2006-07-17,0.012316060680258107,19,0.011822448654525487,13,0.015907030101372812,24
2006-07-18,0.015336816206680823,27,0.011288211087410632,11,0.01610061607523717,25
2006-07-19,0.021281618469249163,38,0.016677023921310423,27,0.017625501931327708,29
2006-07-20,0.019798830909527387,35,0.01695247892358222,28,0.017721735241510373,30
2006-07-21,0.02103773128758733,37,0.017649804682804724,30,0.016789767308168342,27
2006-07-24,0.025384929323860043,42,0.021452950583479458,37,0.018473619027767344,31
2006-07-25,0.025392264040477248,42,0.021781854573042367,37,0.018621247453647207,31
2006-07-26,0.022119287012312125,39,0.020484167686081217,35,0.01844651082230849,31
2006-07-27,0.02092370257319658,37,0.019206399705012204,33,0.018042123126590346,30
2006-07-28,0.01604408696872079,28,0.018477322488543096,31,0.018666654558502083,31
2006-07-31,0.011047845753134233,15,0.018461187060556026,31,0.01668009629328635,27
2006-08-01,0.013287336855504402,22,0.01928512398308348,33,0.016617931490490012,26
2006-08-02,0.013621249772808127,22,0.01737714833330008,29,0.01645799855341094,26
2006-08-03,0.01454582408158544,25,0.016994286151775784,28,0.01664387288928815,27
2006-08-04,0.01068911468697259,14,0.014246190718776235,21,0.016669040389684,27
2006-08-07,0.010374658153057832,12,0.010943501581861673,10,0.016349783274364,26
2006-08-08,0.00995985807043463,11,0.011221670631685478,11,0.016472893589912593,26
2006-08-09,0.010082243733399087,11,0.011429523642002892,12,0.01662620217645614,26
2006-08-10,0.008750368501234616,7,0.011722195197487932,13,0.015859784961906313,24
2006-08-11,0.007994577754882874,6,0.009164643059090044,5,0.015189767001779566,22
2006-08-14,0.008065189514773322,6,0.008892076888482208,5,0.014602996653042903,20
2006-08-15,0.010717570254188798,14,0.009779311888600498,7,0.01482061685171499,21
2006-08-16,0.009999053213768138,11,0.010050498723926502,7,0.014965707508039973,21
2006-08-17,0.010523481252703464,13,0.00940450319421868,6,0.01354991281647455,17
2006-08-18,0.009897469510541655,11,0.009284457131862392,6,0.01313375827596268,15
2006-08-21,0.010045257722801178,11,0.009471851081578905,6,0.012041098653507788,11
2006-08-22,0.008126963379164697,6,0.00896893723858118,5,0.009831325016582728,4
2006-08-23,0.00483360028612699,1,0.00895471717206085,5,0.00994914594785525,4
2006-08-24,0.005452737896031537,1,0.008884047000500774,5,0.009997803190361938,4
2006-08-25,0.004775340298562659,1,0.009259403762685426,5,0.01017228897537545,5
2006-08-28,0.004901515382072737,1,0.009202177577235182,5,0.008766554050980285,2
2006-08-29,0.004545617163984668,0,0.008605656122910685,4,0.00922363075723689,2
2006-08-30,0.006100906305174425,2,0.005709863822649212,0,0.009043215551737992,2
2006-08-31,0.010097704113553062,11,0.007652822193019102,1,0.00923176734744962,2
2006-09-01,0.009997426411520873,11,0.007811151487603792,2,0.008618744985819441,2
2006-09-05,0.011952775158116415,18,0.009596536920254134,6,0.009135553663452926,2
2006-09-06,0.007626005422974338,5,0.009528476528755653,6,0.009161160329248914,2
2006-09-07,0.011425581967233017,16,0.010003070876453964,7,0.009492557197361962,3
2006-09-08,0.010990468557775619,15,0.010321828157091172,8,0.009476883383682045,3
2006-09-11,0.011369059125697346,16,0.010283276633345571,8,0.009336132383094817,3
2006-09-12,0.023662906873861553,40,0.018047330263220182,30,0.014055561234138168,18
2006-09-13,0.02251188431077721,39,0.01647092960111657,27,0.014269011306145128,19
2006-09-14,0.017123798021206775,30,0.01614273097593959,26,0.01410610758543609,19
2006-09-15,0.018403529274689835,33,0.016385706621630195,27,0.013827033110960462,18
2006-09-18,0.019101885402634654,34,0.016392269190245196,27,0.013761314379953891,17
2006-09-19,0.006686717238837622,3,0.016466064947613584,27,0.013763665717118576,17
2006-09-20,0.00799021863810758,6,0.01626887577843806,27,0.014104341046444566,19
2006-09-21,0.007890778361869926,5,0.014207685633345232,21,0.014098988257053996,19
2006-09-22,0.007754871058093257,5,0.014507712670537085,22,0.013772581659872633,17
2006-09-25,0.0076053514019984525,5,0.014537447083223855,22,0.013451339216049163,16
2006-09-26,0.007820737214910257,5,0.0068597692632218,1,0.013127091567733305,15
2006-09-27,0.002601497908116265,0,0.00602251674062492,0,0.01298726633573413,15
2006-09-28,0.0029502325919902686,0,0.005741969272126396,0,0.011948042376767226,10
2006-09-29,0.004790640322367431,1,0.006414400466458038,0,0.012130973373806886,11
2006-10-02,0.005363372408537366,1,0.006599009358791978,0,0.012106996135934425,11
2006-10-03,0.00942130601247618,9,0.00816302855351516,3,0.012447718375826724,13
2006-10-04,0.009440215352295007,10,0.007244241488328667,1,0.012426871775336176,12
2006-10-05,0.011613690990949147,17,0.008148658948710195,3,0.012525067033690673,13
2006-10-06,0.010439175245594897,13,0.0082098438245649,3,0.011652769006704415,10
2006-10-09,0.010496490892786202,13,0.008370472252302884,3,0.011662464461172806,10
2006-10-10,0.00785868479387254,5,0.00820262125452698,3,0.011662515060228092,10
2006-10-11,0.006480507487407162,3,0.008281904965538983,3,0.00727829259187886,0
2006-10-12,0.005946482754004784,2,0.008700093081178804,4,0.007145470835926903,0
2006-10-13,0.005360121258473375,1,0.007867953846307124,2,0.007248279721752985,0
2006-10-16,0.005366543282697575,1,0.007869880578978127,2,0.007171879019770195,0
2006-10-17,0.01057607017612583,13,0.008790009910767057,4,0.008143977231591938,1
2006-10-18,0.010700464738455722,14,0.008390440232438479,3,0.00819476624407108,1
2006-10-19,0.012241147390007517,19,0.010077963829351843,7,0.008770757929232893,2
2006-10-20,0.009733480821165397,10,0.01006277543661997,7,0.008779154679127613,2
2006-10-23,0.015496521873895164,27,0.011935734640537087,14,0.009806885219244606,4
2006-10-24,0.015635366529909576,27,0.012587551990036597,16,0.010160457317114086,5
2006-10-25,0.015339679162777797,27,0.012501173350414941,15,0.010093490951623265,5
2006-10-26,0.010904751583639996,14,0.013800422057294967,20,0.01094481157323761,7
2006-10-27,0.020530402689918622,36,0.01660690622638377,27,0.012852169704484818,14
2006-10-30,0.018823581562846557,34,0.016561086112135012,27,0.012649012514194908,14
2006-10-31,0.01773680406891697,32,0.015845312955932563,26,0.012675037890951542,14
2006-11-01,0.021419171349913134,38,0.01831604191334816,31,0.01378079225753036,17
2006-11-02,0.017613294430654118,31,0.017561396813385914,29,0.013757300840518719,17
2006-11-03,0.014374719195124164,24,0.017639172356835185,30,0.013643846213041762,17
2006-11-06,0.016127516114344015,28,0.016749352020900755,28,0.013885939509398771,18
2006-11-07,0.016459283293833966,29,0.016222520548100913,26,0.013995655986042225,18
2006-11-08,0.009608896855301053,10,0.01617521129113901,26,0.013959065173355184,18
2006-11-09,0.013182371625189529,21,0.014776838674303126,23,0.014894404101475377,21
2006-11-10,0.014855397533649861,25,0.01380583247770397,20,0.014821551419440415,21
2006-11-13,0.0125799937175391,20,0.013710136694177857,19,0.014602641539553818,20
2006-11-14,0.014063697874811706,23,0.014514601749184789,22,0.014813927633961724,21
2006-11-15,0.015073074044127617,26,0.011920670021740614,13,0.014760183667716175,21
2006-11-16,0.005566161519813059,1,0.012506670960657943,15,0.015144040721275244,22
2006-11-17,0.011001890243137665,15,0.013099321206464617,17,0.01474712959457734,20
2006-11-20,0.010730020586246685,14,0.012849962522452428,16,0.014852071800868671,21
2006-11-21,0.010573194282654201,13,0.01244294077797641,15,0.014283819138913509,19
2006-11-22,0.010403259258991441,13,0.012461330488415776,15,0.014114378039771253,19
2006-11-24,0.01014664503254308,12,0.008707854121088052,4,0.014196812610692437,19
2006-11-27,0.023556373128449173,40,0.018146999507657937,31,0.016416124256027342,26
2006-11-28,0.0250678905809553,42,0.018967574586806417,32,0.016007964191605474,25
2006-11-29,0.024197617876173666,41,0.01890289031442491,32,0.016052502038487862,25
2006-11-30,0.022484576026631713,39,0.01871211708839807,32,0.016169399903468988,25
2006-12-01,0.022581087314714803,39,0.01765405539952905,30,0.015004729881148433,21
2006-12-04,0.016297469256177213,29,0.019670600848824032,34,0.015906932985017237,24
2006-12-05,0.014533735259505243,25,0.019474193422245142,34,0.015899632304608828,24
2006-12-06,0.014307026989295119,24,0.019813928811295796,34,0.015956983474022843,25
2006-12-07,0.01968134930190564,35,0.02105799659798231,36,0.01688635904083816,27
2006-12-08,0.02072052849645835,37,0.022477842624350066,38,0.017510237123002252,29
2006-12-11,0.020092202589347984,36,0.01741483663106674,29,0.016985114580833204,28
2006-12-12,0.020813980877886225,37,0.017219593294768697,29,0.017272692533222157,28
2006-12-13,0.01817739959015844,32,0.017416419827987317,29,0.01746254043218587,29
2006-12-14,0.01633821432014927,29,0.017306513707832125,29,0.017338297300069132,29
2006-12-15,0.009195798249901145,9,0.017303980490369558,29,0.0171378802571962,28
2006-12-18,0.012237903257354306,19,0.015714110073242964,25,0.01705866690189891,28
2006-12-19,0.011572671029066827,16,0.015941162406828545,26,0.017099984464742445,28
2006-12-20,0.010304138806556548,12,0.014818830966382899,23,0.016922765640452146,27
2006-12-21,0.012580104785027755,20,0.013787611746126697,20,0.017142417094602694,28
2006-12-22,0.01261019867342744,20,0.01056281534654841,9,0.01688581656950985,27
2006-12-26,0.009823721045110045,11,0.010680682629460066,9,0.017007137633877626,28
2006-12-27,0.010612490721334883,13,0.010471850598201082,9,0.014173803169500012,19
2006-12-28,0.010999755460075698,15,0.010228394148443185,8,0.013608417937045996,17
2006-12-29,0.008147222866073198,6,0.01013847936888974,8,0.013674591338055958,17
2007-01-03,0.008446206667347484,7,0.010376424259232365,8,0.013604210206384368,17
2007-01-04,0.008988098003544904,8,0.008961206502058469,5,0.013795993505739616,18
2007-01-05,0.006678305901515624,3,0.008574327507994882,4,0.012288770209709438,12
2007-01-08,0.013189584151490921,21,0.011596291774114571,12,0.013239617945760248,16
2007-01-09,0.012016458760671483,18,0.009850229888970262,7,0.012713523949368954,14
2007-01-10,0.013825943789301513,23,0.011077241408983186,11,0.012242398563741095,12
2007-01-11,0.01064390924887495,13,0.011796510811604564,13,0.011724145473116095,10
2007-01-12,0.008742987028420229,7,0.011776228455751077,13,0.011386519625538365,9
2007-01-16,0.009608006318306165,10,0.01141546096229813,12,0.010907660355065659,7
2007-01-17,0.01038898718228934,12,0.010807549998108339,10,0.010643349965549104,6
2007-01-18,0.01321426484629255,21,0.013106458251734654,17,0.011419968816497802,9
2007-01-19,0.009751770868067378,10,0.012219462252349989,14,0.011388290698394202,9
2007-01-22,0.010609630515990478,13,0.012284601729818146,15,0.011151736612217491,8
2007-01-23,0.010603364045401126,13,0.010996669996876877,10,0.010843360109214809,7
2007-01-24,0.019167169671999214,34,0.014586907706539825,22,0.012924171628739154,15
2007-01-25,0.024314407223516785,41,0.01847527010516535,31,0.014527849835281546,20
2007-01-26,0.024322621147137697,41,0.017647399592372822,30,0.014509036476110048,20
2007-01-29,0.024380778721252983,41,0.017729686822178296,30,0.014821526801786309,21
2007-01-30,0.0247194521882332,42,0.017982761382252445,30,0.014986371111936334,21
2007-01-31,0.017854231876804686,32,0.018896992658567306,32,0.015206319872477957,22
2007-02-01,0.011287282253303665,16,0.018021226495081078,30,0.015059411662980308,22
2007-02-02,0.011785602772882486,17,0.018101192268201553,31,0.015057821304043484,22
2007-02-05,0.010356625787692881,12,0.0177326229910891,30,0.014886484463538172,21
2007-02-06,0.008165103497783694,6,0.017992124000584597,30,0.014944449851609707,21
2007-02-07,0.006673982408975985,3,0.013476850353815127,19,0.014341156441473133,20
2007-02-08,0.006572671169654345,3,0.008828234208645513,4,0.014341338795322192,20
2007-02-09,0.006162057268802504,2,0.008866408320804608,5,0.013808353658137503,18
2007-02-12,0.0075483453966266505,5,0.008668990372050631,4,0.013453721539107115,16
2007-02-13,0.006395255824670797,3,0.007978710870284865,2,0.013348730553862063,16
2007-02-14,0.012404229355904494,19,0.009469491243821872,6,0.014261933882005686,19
2007-02-15,0.01272343200793986,20,0.009561068263548047,6,0.014272578990749102,19
2007-02-16,0.012434017295776957,19,0.009441583439403807,6,0.013697979824931898,17
2007-02-20,0.011168950066270633,15,0.010551735708961993,9,0.014182233006529203,19
2007-02-21,0.01259203686545616,20,0.010566414645073338,9,0.014036371653306807,18
2007-02-22,0.009764266810096572,10,0.01058573502368985,9,0.014104584712907549,19
2007-02-23,0.011314925287541352,16,0.011462580397794641,12,0.012064898669363144,11
2007-02-26,0.012354415182243936,19,0.01211932776982287,14,0.010084122031666988,4
2007-02-27,0.026444125077894398,43,0.02443772529240713,41,0.01770421102923389,29
2007-02-28,0.02906586835822973,45,0.024639434651369776,41,0.01780811719747574,30
2007-03-01,0.02865035810842269,45,0.022629087205617404,38,0.01779971975721656,30
2007-03-02,0.028406913924219488,45,0.022817261078019263,39,0.017704620192279582,30
2007-03-05,0.02822612859402955,45,0.023217557860757687,39,0.018522767008383536,31
2007-03-06,0.027054971684936865,44,0.026863466306764953,43,0.020730212951993617,35
2007-03-07,0.026256822314374206,43,0.02675377566925743,43,0.020764948158998,35
2007-03-08,0.02880008619666016,45,0.028795540385659606,45,0.021337692331147576,36
2007-03-09,0.026434136503637826,43,0.029289485003917943,46,0.021489300089884394,36
2007-03-12,0.018205757405803824,33,0.029430067929956064,46,0.021525232584049474,36
2007-03-13,0.0155575267751926,27,0.0209066807051359,36,0.02178197461748702,37
2007-03-14,0.014349561399402045,24,0.020717335798350573,36,0.02179845820599533,37
2007-03-15,0.01058648581999177,13,0.020457116658060083,35,0.021747634059005518,37
2007-03-16,0.010358395634804498,12,0.019514813816687123,34,0.02099348004136615,35
2007-03-19,0.013630235417956972,22,0.016668348221366293,27,0.021501695131839013,36
2007-03-20,0.009591167243659637,10,0.012301070319309564,15,0.02161846159721422,36
2007-03-21,0.016215799659373847,29,0.01477416456673931,23,0.022623653816254464,38
2007-03-22,0.01739125943976649,31,0.014230768736859058,21,0.022625936428175616,38
2007-03-23,0.014162696521772287,24,0.014225414565464362,21,0.022726861967346117,39
2007-03-26,0.014980092821576889,26,0.0143437768474283,21,0.022611866127985776,38
2007-03-27,0.017038328507510095,30,0.013042115362343393,17,0.02255425793918455,38
2007-03-28,0.008798267479802153,8,0.01452019003237701,22,0.01718831485026883,28
2007-03-29,0.009206325235049849,9,0.014524477947965542,22,0.017086598435603916,28
2007-03-30,0.006793738647958474,3,0.014026862478423269,20,0.016904294091901646,27
2007-04-02,0.006393663917020799,3,0.013399251176492176,18,0.016237621199574906,25
2007-04-03,0.01276373224467635,20,0.014524044981358435,22,0.014954688393264566,21
2007-04-04,0.010404803911260054,13,0.00961392248441241,6,0.012880524509285162,14
2007-04-05,0.01075459844023117,14,0.009613733064008726,6,0.012699596987912946,14
2007-04-09,0.010673460446765443,13,0.0092637201946837,5,0.011925284005103842,10
2007-04-10,0.010049706466048459,11,0.009281905140057918,5,0.011831377903939993,10
2007-04-11,0.005666391250266603,2,0.009413477816899779,6,0.012091649800098346,11
2007-04-12,0.00570639710119237,2,0.008142794270061857,3,0.011311574359624465,8
2007-04-13,0.005584980709752418,1,0.00815549523010582,3,0.011321111878165237,8
2007-04-16,0.019180049527771182,34,0.014727616245522756,22,0.013947043745896906,18
2007-04-17,0.019108440511362748,34,0.014446690901523807,22,0.013651061810956556,17
2007-04-18,0.016945131982918606,30,0.01351604793445465,19,0.01334895911584211,16
2007-04-19,0.01620716454463084,29,0.013433706534845533,19,0.013442944249937479,16
2007-04-20,0.01508114309995528,26,0.013075600053124248,17,0.011481755460945953,9
2007-04-23,0.0045273722965731115,0,0.01317375594677003,18,0.011548318641837543,9
2007-04-24,0.008005912487829182,6,0.01381273386864976,20,0.01168207106212694,10
2007-04-25,0.01105959229490027,15,0.0135085263975044,19,0.01245161971880891,13
2007-04-26,0.011873960926189333,17,0.013840625085798178,20,0.012251274646534175,12
2007-04-27,0.012340816310007396,19,0.013814524463814435,20,0.011612362863106771,9
2007-04-30,0.01694542072890396,30,0.012959709804343278,17,0.01325133813649,16
2007-05-01,0.016800172999309013,30,0.012976941251925042,17,0.013210395517841571,15
2007-05-02,0.01148107400205437,16,0.01279166677226425,16,0.013099873205810745,15
2007-05-03,0.013329972969958033,22,0.01260433985201049,16,0.012620050572567525,13
2007-05-04,0.01860978681609223,33,0.014897183060825665,23,0.013482145102656566,16
2007-05-07,0.01098498551632076,15,0.014687165220581958,22,0.013394545002183336,16
2007-05-08,0.013386795449963728,22,0.014880041731780234,23,0.013751769582460098,17
2007-05-09,0.013361002610847238,22,0.013304839029765628,18,0.013754048473569562,17
2007-05-10,0.016247777468632672,29,0.014195192192022345,21,0.014061612102664938,18
2007-05-11,0.013921480459784948,23,0.015555926201611526,25,0.014465068498682296,20
2007-05-14,0.014189380073617064,24,0.012800464073713963,16,0.014559890705049067,20
2007-05-15,0.013887548805159388,23,0.013276335246249972,18,0.012462848297424056,13
2007-05-16,0.014722164052404263,25,0.013611292555931118,19,0.012649361290737494,14
2007-05-17,0.011840321117252651,17,0.013461068402615756,19,0.012579825457664975,13
2007-05-18,0.009799127375838585,11,0.011414415062003028,12,0.01263125801347574,13
2007-05-21,0.009598095403918584,10,0.011573258189045513,12,0.012727156274772227,14
2007-05-22,0.00753151254828088,5,0.011001678730753302,10,0.01260518483219197,13
2007-05-23,0.008887705077753662,8,0.011470967754000106,12,0.012677009813591834,14
2007-05-24,0.010826966438685076,14,0.011057054170333168,10,0.01213468440669976,11
2007-05-25,0.0074610359895553,4,0.008940477051711637,5,0.012108496619624542,11
2007-05-29,0.01062553696639,13,0.00970909509707647,6,0.012400354496611483,12
2007-05-30,0.012726896448117168,20,0.010130647984043539,7,0.011229544752548013,8
2007-05-31,0.01195161849997365,18,0.009937367587068284,7,0.01134766128758974,9
2007-06-01,0.009175864514804946,9,0.009960182368287251,7,0.011362068397226898,9
2007-06-04,0.009812156656777673,11,0.009214111821883017,5,0.011335509122743887,9
2007-06-05,0.00846461520564126,7,0.009090078792120428,5,0.00988372396654965,4
2007-06-06,0.0032604500034678604,0,0.00918010330814172,5,0.010086510704608054,5
2007-06-07,0.013071195291527298,21,0.013269014656190844,18,0.012136696963036231,11
2007-06-08,0.019573055479948896,35,0.015212780720128107,24,0.013098447522678943,15
2007-06-11,0.020581137161369126,36,0.015502315359186664,25,0.012780107768156352,14
2007-06-12,0.02071150285996272,37,0.014952757904198612,23,0.012051775439388934,11
2007-06-13,0.02307402175384096,40,0.01635909392806897,27,0.013156140242701979,15
2007-06-14,0.02375601227979048,40,0.019686971462435723,34,0.015151108935413132,22
2007-06-15,0.021674492097828936,38,0.019723325101135676,34,0.014916582002771744,21
2007-06-18,0.02127828759427158,37,0.019765733080030944,34,0.014934381995987824,21
2007-06-19,0.021852844389675028,38,0.020124804799494363,35,0.014853394247347388,21
2007-06-20,0.01805241156257003,32,0.020575500833277593,35,0.01520772544135718,22
2007-06-21,0.009935051025779924,11,0.017315433883225765,29,0.01516786376586319,22
2007-06-22,0.01355991487673078,22,0.01720806516068798,29,0.01563127104009443,23
2007-06-25,0.015918027420841637,28,0.01835267037671584,31,0.016339122058524506,26
2007-06-26,0.011323087190603449,16,0.01827433361745318,31,0.016482341090225814,26
2007-06-27,0.02011693033176803,36,0.01802542415732642,30,0.017166064473439678,28
2007-06-28,0.019516952136112674,35,0.015197193612222853,24,0.016699180074287046,27
2007-06-29,0.018361175429885784,33,0.015243331438425404,24,0.01677177761972367,27
2007-07-02,0.015200823516609185,26,0.015858477522370715,26,0.017046353777998204,28
2007-07-03,0.01541008791270972,27,0.01768603519402835,30,0.018008414858617386,30
2007-07-05,0.01596367978708805,28,0.017586146056401145,29,0.01824684207644068,30
2007-07-06,0.016204179621446015,29,0.017927657969014354,30,0.01834886700217772,31
2007-07-09,0.014676270577788931,25,0.01671902092592384,28,0.01687963797426549,27
2007-07-10,0.02049307530176495,36,0.017146155123077253,29,0.01720236277452658,28
2007-07-11,0.01460866271547089,25,0.016639200015682268,27,0.017020161879756232,28
2007-07-12,0.017021073151000373,30,0.015623305103314363,25,0.01746949399581705,29
2007-07-13,0.0167239778267414,30,0.015796566198155226,25,0.016536178142695642,26
2007-07-16,0.017005011890124606,30,0.015638664732943352,25,0.014962584207175993,21
2007-07-17,0.010111381519534689,12,0.015374315945053217,24,0.014964859731516289,21
2007-07-18,0.01433710366275099,24,0.013946738275022394,20,0.01546186249802118,23
2007-07-19,0.01103673063322328,15,0.014027756907447751,20,0.015382787041099561,23
2007-07-20,0.009115382653512518,9,0.014642820708204595,22,0.016022815955707606,25
2007-07-23,0.00992592609439063,11,0.0145275033106099,22,0.01589729117261608,24
2007-07-24,0.01120494485686244,15,0.015466264955740112,24,0.01681081911164631,27
2007-07-25,0.02319220986536769,40,0.0188572064428922,32,0.017412223772932122,29
2007-07-26,0.026597867819520074,44,0.019655605859694888,34,0.019092099685157862,32
2007-07-27,0.025840638498116766,43,0.018299351030638046,31,0.01801820208097808,30
2007-07-30,0.02896479905089952,45,0.020609782014444432,35,0.018635112331234015,31
2007-07-31,0.02990632302526035,46,0.02198182786609036,38,0.019937768227587808,34
2007-08-01,0.024654023283336532,42,0.02262296595731611,38,0.019664969805251523,33
2007-08-02,0.02012559981823768,36,0.02263925619146049,39,0.018306659493751862,31
2007-08-03,0.025323983077294797,42,0.02412252077197032,40,0.019656637569838074,33
2007-08-06,0.035235858865269316,49,0.030414447963357617,47,0.0226599178789277,38
2007-08-07,0.032082608557508274,47,0.03005928647872833,47,0.023354207853393674,39
2007-08-08,0.032245637556605866,47,0.028858413423416763,45,0.023155480887771814,39
2007-08-09,0.04290379326147038,51,0.03163095099153103,47,0.02574752510527078,42
2007-08-10,0.03821115116583151,50,0.03157788708306656,47,0.02513499971481916,42
2007-08-13,0.02958959498512056,46,0.030717788434979326,47,0.02484671443321679,41
2007-08-14,0.027161457866346092,44,0.031370431843440974,47,0.025876357074212444,43
2007-08-15,0.019464010843396794,35,0.03148815914583323,47,0.026058975617030126,43
2007-08-16,0.027638255156132017,44,0.03433895773495953,49,0.02764058488006808,44
2007-08-17,0.034120266662456995,49,0.034362342069756455,49,0.029026171898799163,45
2007-08-20,0.03385641527136752,48,0.03013768620051968,47,0.028735149684043972,45
2007-08-21,0.026493040508428146,43,0.02988848841409424,46,0.029191542631322735,45
2007-08-22,0.017567469351014844,31,0.030114447987239213,47,0.028858470194055814,45
2007-08-23,0.01675542475920338,30,0.02463263340422283,41,0.028041270681306726,44
2007-08-24,0.01241630677414976,19,0.02490462874537986,41,0.027218959869734525,44
2007-08-27,0.011378560246049758,16,0.024498220819095785,41,0.027179463509509626,44
2007-08-28,0.02162391067946157,38,0.02365510475049207,40,0.0278747711046649,44
2007-08-29,0.022180655265825192,39,0.021592350378130332,37,0.027284122438055003,44
2007-08-30,0.0224548149956948,39,0.020439644972443296,35,0.027318193559994184,44
2007-08-31,0.02618850131512166,43,0.019934917979667288,34,0.028135420850387564,44
2007-09-04,0.02915359642816753,45,0.020903985701690768,36,0.02737239627868847,44
2007-09-05,0.02157032041926854,38,0.021502789020265763,37,0.025613443941418557,42
2007-09-06,0.02110039742094418,37,0.021205029568374365,36,0.02528485483255895,42
2007-09-07,0.01879108150933912,34,0.021190169327211624,36,0.02509988047004783,42
2007-09-10,0.018518971219711588,33,0.02237894170631007,38,0.022616702533325685,38
2007-09-11,0.015465376164903928,27,0.02200245462601911,38,0.022498687830330755,38
2007-09-12,0.012418633332530994,19,0.016657324982202393,27,0.022187958753694788,38
2007-09-13,0.017529721427086784,31,0.018402983849177948,31,0.020595345838300735,35
2007-09-14,0.016352399883993875,29,0.016733272658095245,28,0.019110524888692203,32
2007-09-17,0.018433202628679018,33,0.017557752147086735,29,0.018968322615103693,32
2007-09-18,0.033545896037862726,48,0.02590474230047388,42,0.022966729478435276,39
2007-09-19,0.030844176289653826,47,0.024333707338614632,41,0.022836894274202636,39
2007-09-20,0.03367445117118208,48,0.025483990916633347,42,0.023104915298512767,39
2007-09-21,0.034200191897592463,49,0.02556095364134701,42,0.023678652510105074,40
2007-09-24,0.030263703854376975,46,0.025684059918756094,42,0.023602363812841663,40
2007-09-25,0.017312512544691395,31,0.02552005949270954,42,0.023618859671332672,40
2007-09-26,0.016021559824149184,28,0.024577241984519545,41,0.023342662771554935,39
2007-09-27,0.012371881411468385,19,0.023975476516099273,40,0.020523881630235972,35
2007-09-28,0.007379947389139365,4,0.02440818410342057,41,0.020650086098859242,35
2007-10-01,0.011833862625611558,17,0.022548621655497772,38,0.02022241988407653,34
2007-10-02,0.011248294213471005,16,0.014065618645809018,20,0.02008982974785059,34
2007-10-03,0.01386533717816752,23,0.014205743122738172,21,0.020070040327209857,34
2007-10-04,0.016059772131025857,28,0.013706541505883608,19,0.019472833637758247,33
2007-10-05,0.015325391170266557,27,0.011567968703706832,12,0.01945221900458226,33
2007-10-08,0.012894317748979266,21,0.012423776655533585,15,0.019676635294331633,33
2007-10-09,0.025691082951151918,42,0.01895442867290268,32,0.021560092144601927,36
2007-10-10,0.027411391882255408,44,0.02058399064210129,35,0.022147180076951562,38
2007-10-11,0.03194450051855308,47,0.02400097579373133,40,0.023672905114782927,40
2007-10-12,0.03271590818341033,48,0.024285255076811684,40,0.02325741127122502,39
2007-10-15,0.03407972179557457,49,0.024298141746628144,40,0.024076859731440275,40
2007-10-16,0.018811190864234082,34,0.02420051634915262,40,0.024299068083905116,41
2007-10-17,0.021691178615048,38,0.024558421922504108,41,0.020120853902841587,34
2007-10-18,0.017741065665312805,32,0.02445056257980233,41,0.019682409197226584,33
2007-10-19,0.02183443151098463,38,0.027993036558106827,45,0.022297797151361275,38
2007-10-22,0.026329407527017266,43,0.029065145484609933,46,0.02172019423651949,37
2007-10-23,0.025578215408575924,42,0.02201581709476773,38,0.02173839335654526,37
2007-10-24,0.024915937496457884,42,0.022181215037145385,38,0.021746444254023892,37
2007-10-25,0.0252238308991889,42,0.020558789025344075,35,0.02151945229203796,36
2007-10-26,0.015000118560254745,26,0.023733294702347443,40,0.023032447480906427,39
2007-10-29,0.016898917893534447,30,0.02464463353684623,41,0.02386003048893748,40
2007-10-30,0.02242131870254912,39,0.02406285074520162,40,0.02364302846291442,40
2007-10-31,0.02289708280803683,40,0.025279118559492816,42,0.024076520146328394,40
2007-11-01,0.03249447538098613,48,0.028252452748033424,45,0.025253341502070602,42
2007-11-02,0.03576825797300648,49,0.02816942918597495,45,0.027222509659276767,44
2007-11-05,0.032490113578369395,48,0.03233390380592946,48,0.02918888090954729,45
2007-11-06,0.03800495729080691,50,0.033083762652141385,48,0.029607759041841996,46
2007-11-07,0.02888544728463155,45,0.03533911685099159,49,0.02806092074913124,44
2007-11-08,0.02907269731555149,45,0.03540116350590379,49,0.028189162309005162,44
2007-11-09,0.030096047046916746,46,0.03171546181999936,48,0.027734197423919763,44
2007-11-12,0.026169296631044087,43,0.029427085405454207,46,0.027583812601537885,44
2007-11-13,0.04779952436420335,52,0.04258810215944411,51,0.033482353819676694,48
2007-11-14,0.03995138984509353,51,0.04095643613312532,51,0.03313724790618743,48
2007-11-15,0.041728717169400666,51,0.04068694565900944,51,0.0336454716990314,48
2007-11-16,0.04305369690048028,51,0.038344724401138446,50,0.0336924502575219,48
2007-11-19,0.04561764879435609,52,0.03540072511010415,49,0.032501025150042745,48
2007-11-20,0.010993929560434178,15,0.034922074633728394,49,0.03233713754999973,48
2007-11-21,0.011253752046816418,16,0.0345065246164616,49,0.03322058892020935,48
2007-11-23,0.02609861032759637,43,0.03548353407191286,49,0.03409708789986708,48
2007-11-26,0.029791705188888858,46,0.03821640214001911,50,0.035146439940105086,49
2007-11-27,0.03537227569489961,49,0.03902517188676196,50,0.03445401022977523,49
2007-11-28,0.04724614531654131,52,0.034654369994253725,49,0.036928852422086884,49
2007-11-29,0.042462677842186256,51,0.03483196539423903,49,0.036921559376115284,49
2007-11-30,0.04114391447585496,51,0.03400246130594824,49,0.0362167884047812,49
2007-12-03,0.030901166888753485,47,0.03388190722826197,49,0.03567412891592843,49
2007-12-04,0.04281380450718154,51,0.03730122101401913,50,0.036134586990503495,49
2007-12-05,0.026548087899716816,43,0.0373463422554525,50,0.03467792730832513,49
2007-12-06,0.028801005587837516,45,0.035212967563889176,49,0.03460892310190475,49
2007-12-07,0.02904872387652126,45,0.03480429333985134,49,0.03371413020225402,48
2007-12-10,0.033459730751245545,48,0.03220538139320004,48,0.03386523737157173,48
2007-12-11,0.03602154019751201,49,0.037424911239231654,50,0.0364434372420883,49
2007-12-12,0.0352756397332347,49,0.029482282205284472,46,0.036303774302995855,49
2007-12-13,0.032792723892223034,48,0.029686255500744777,46,0.030783133132432552,46
2007-12-14,0.03379021112584232,48,0.029714055331292056,46,0.030941314776284756,46
2007-12-17,0.027552374904324408,44,0.029587773227385466,46,0.030538340740669412,46
2007-12-18,0.01848473290716136,33,0.027169118182794622,44,0.03125274197077784,47
2007-12-19,0.020016140728729318,36,0.027089674279863418,44,0.03126000452965325,47
2007-12-20,0.019001730712548712,34,0.02553578244945716,42,0.031180574227988415,47
2007-12-21,0.025744040663818538,43,0.02846771719082267,45,0.031175040232328297,47
2007-12-24,0.026951145081187525,44,0.027708506948618483,45,0.030691757996647067,46
2007-12-26,0.015335561455839915,27,0.020369220380696284,35,0.029233792693897948,45
2007-12-27,0.022541021976247678,39,0.021715341804060394,37,0.029066247750789954,45
2007-12-28,0.021544510250427078,38,0.020651220493281525,36,0.024772973473458103,41
2007-12-31,0.01720877929973596,31,0.02088635095348983,36,0.024935326113281534,42
2008-01-02,0.021366554334922842,38,0.023764758619810367,40,0.02577314132606642,43
2008-01-03,0.019115612715301666,34,0.02124335829763847,36,0.025826271365408437,43
2008-01-04,0.01943294167938846,35,0.02226663926092673,38,0.023960519256898835,40
2008-01-07,0.01908777063892251,34,0.023524246412818618,40,0.02410744129140183,40
2008-01-08,0.0076733187433308606,5,0.020285005670595203,35,0.023861321626672413,40
2008-01-09,0.016318901269228393,29,0.018607833349542992,32,0.024006014672082927,40
2008-01-10,0.025238274856465487,42,0.021184009698178057,36,0.023858049977346613,40
2008-01-11,0.024211139153455612,41,0.021423788227343914,37,0.0208037672667698,35
2008-01-14,0.020186739478443818,36,0.02237552378984391,38,0.021051828651999435,36
2008-01-15,0.026430317056898217,43,0.023949976585442432,40,0.022455548295327435,38
2008-01-16,0.02749447273403682,44,0.024235956418764165,40,0.022933257504282663,39
2008-01-17,0.029233573462969308,45,0.02576590558537998,42,0.023829997274277898,40
2008-01-18,0.02836892099718951,45,0.025483721683258017,42,0.02311444473935295,39
2008-01-22,0.029319106780923466,46,0.025545423436991958,42,0.023336681491768586,39
2008-01-23,0.03224903291588194,47,0.027826041427564285,45,0.025595693585806857,42
2008-01-24,0.031166536564036788,47,0.027792660472924727,45,0.024334173572702716,41
2008-01-25,0.03301198399890862,48,0.0296015173013325,46,0.024934519667788275,42
2008-01-28,0.032148831721765934,47,0.030738009664396194,47,0.02559242885535774,42
2008-01-29,0.03201819300940126,47,0.030257116306654633,47,0.025282967795233424,42
2008-01-30,0.02427987448978158,41,0.027181657325732213,44,0.025521010954356875,42
2008-01-31,0.02440586589637093,41,0.026402207062140123,43,0.025276716791108517,42
2008-02-01,0.01692177871998627,30,0.026105350954391905,42,0.02597903878993428,43
2008-02-04,0.026922257520017916,44,0.028079432443970754,45,0.026874779900961477,43
2008-02-05,0.03813473754775811,50,0.03377126197369483,49,0.02894619474344667,45
2008-02-06,0.03673375914617017,50,0.02988080181995989,46,0.028569162644205913,45
2008-02-07,0.038504448820777915,50,0.03078260211661566,47,0.028240233555581844,45
2008-02-08,0.02656833979761343,43,0.028727941410805848,45,0.02839111090072825,45
2008-02-11,0.02599208384939688,43,0.02707130758930503,44,0.02768806951053717,44
2008-02-12,0.01716371089056169,31,0.027957875464935708,45,0.028098700048860163,44
2008-02-13,0.017203432305991567,31,0.027113059694196306,44,0.02777193421125209,44
2008-02-14,0.010396782582555709,12,0.026796337324572452,43,0.026740853721419648,43
2008-02-15,0.015113270462411378,26,0.021207891519051336,36,0.02630707636107081,43
2008-02-19,0.016596285803402375,29,0.020581733164577364,35,0.025962635537704653,43
2008-02-20,0.019465620144238433,35,0.017601043277065596,29,0.02621071797800107,43
2008-02-21,0.01976988779180577,35,0.017503005474338817,29,0.025836651667846645,43
2008-02-22,0.01942252750663757,35,0.017054608455019254,28,0.023666400274692048,40
2008-02-25,0.018762731211611088,34,0.016647320493460863,27,0.023658321612953104,40
2008-02-26,0.0189068942755186,34,0.017943671959418216,30,0.022878216209872473,39
2008-02-27,0.028063296370888915,45,0.023148959074040444,39,0.024692075648452348,41
2008-02-28,0.029985649089609514,46,0.024273838582279893,40,0.025028618076130826,42
2008-02-29,0.03399062355117855,49,0.026652908540792213,43,0.025831155789391123,43
2008-03-03,0.0345535421862574,49,0.027058775920497113,44,0.026014561198264594,43
2008-03-04,0.03384830187964796,48,0.02629706664706411,43,0.023371117547454,39
2008-03-05,0.018448794856049066,33,0.025288207289055866,42,0.023140970993759766,39
2008-03-06,0.020630897625392365,36,0.027181977800771126,44,0.02178305253646332,37
2008-03-07,0.021054103071736996,37,0.026689139305979527,43,0.022053618229939675,37
2008-03-10,0.021285390659944288,38,0.027079930002188224,44,0.021736994316668205,37
2008-03-11,0.034359344032497297,49,0.03259507174812359,48,0.024978378068983065,42
2008-03-12,0.03403623518175168,49,0.027167778326625095,44,0.025010867732696358,42
2008-03-13,0.027509607754850778,44,0.027807324697027784,45,0.024866171702396855,41
2008-03-14,0.03859124025555428,50,0.02960218428928162,46,0.026973113326167517,44
2008-03-17,0.04023776073581733,51,0.03052935723206958,47,0.02766390748064453,44
2008-03-18,0.08545993822782447,54,0.06211866768422721,53,0.04621018939547206,52
2008-03-19,0.09108229193950583,54,0.06500627077121435,53,0.04727793612653064,52
2008-03-20,0.09673635927796742,54,0.06731769709191655,54,0.05024705183060604,52
2008-03-24,0.08997761542340274,54,0.0675638840907222,54,0.05017244267515373,52
2008-03-25,0.08398437221050524,54,0.06613532678530658,54,0.05009579449730432,52
2008-03-26,0.04868349042270268,52,0.06616618609178257,54,0.05038348187382956,52
2008-03-27,0.046119499832053,52,0.06810398631638682,54,0.05091046433423175,52
2008-03-28,0.01796567173248681,32,0.06850839853996507,54,0.049939742122049144,52
2008-03-31,0.02018907652032623,36,0.06590628679656979,54,0.04977527549299527,52
2008-04-01,0.04352970562246163,51,0.06654812942620342,54,0.05130028889283263,53
2008-04-02,0.0419753660473787,51,0.04286080479511084,51,0.05084761406410345,52
2008-04-03,0.03464883290363866,49,0.03865649677826219,50,0.0507778204780308,52
2008-04-04,0.03160097248174304,47,0.02914844017933638,46,0.05082808328662049,52
2008-04-07,0.031354756563704185,47,0.029868167552654437,46,0.04996876122154817,52
2008-04-08,0.009731179325772365,10,0.02983892308090401,46,0.04998219155562425,52
2008-04-09,0.016347640846643183,29,0.030159035567305214,47,0.04993336465313558,52
2008-04-10,0.0180851103647107,32,0.027551935076056928,44,0.049317257934817504,52
2008-04-11,0.01889370661863381,34,0.027289592590230758,44,0.049553526620752415,52
2008-04-14,0.010693115138232276,14,0.028280173361693594,45,0.04974378147825214,52
2008-04-15,0.011895919348638184,17,0.014430025854515185,22,0.04827100935732304,52
2008-04-16,0.022376693824293425,39,0.018530180111457184,31,0.04766826557317071,52
2008-04-17,0.022618857911464518,39,0.01985016884593895,34,0.03174729805878913,47
2008-04-18,0.025786030010879042,43,0.024834944277925496,41,0.03097189034098733,46
2008-04-21,0.018110029478665416,32,0.024182580313016032,40,0.025806137370141282,43
2008-04-22,0.019933313092886467,36,0.02422934758123261,40,0.025800795695053957,43
2008-04-23,0.020568875009907225,36,0.022324797633187118,38,0.02579371798674582,43
2008-04-24,0.027672974625280698,44,0.025450130802574796,42,0.02759871143031817,44
2008-04-25,0.02346134903207578,40,0.023257385273103115,39,0.025647749659217508,42
2008-04-28,0.025318663134943693,42,0.021282507080122796,36,0.025080775038621425,42
2008-04-29,0.02400292187865487,41,0.020919244059825544,36,0.025106944117324836,42
2008-04-30,0.02484875516369388,42,0.021514776678583987,37,0.020885486612268064,35
2008-05-01,0.02007057863475379,36,0.023194656031770934,39,0.022293730182308052,38
2008-05-02,0.019817806961021797,35,0.020620945681142797,35,0.02222204588971608,38
2008-05-05,0.021441338046797813,38,0.022200509972058673,38,0.022578102172870596,38
2008-05-06,0.021274556938252823,37,0.02189790562234571,38,0.02238309196549013,38
2008-05-07,0.029456540996028083,46,0.026825543648010795,43,0.024420798375933934,41
2008-05-08,0.018176001091724573,32,0.021545514142510783,37,0.0236908490649657,40
2008-05-09,0.01723763956206555,31,0.020707653556070883,36,0.023028184373880867,39
2008-05-12,0.022531282989747402,39,0.02172073797270924,37,0.02260438247046817,38
2008-05-13,0.022167004620111556,39,0.021520188212612555,37,0.021935760551555352,37
2008-05-14,0.012772384857560696,20,0.02142519070226424,37,0.022001131277453,37
2008-05-15,0.012205623990555648,18,0.016021258750592147,26,0.021618297965619884,36
2008-05-16,0.012789317218287199,20,0.015519984492641357,25,0.02160245567882059,36
2008-05-19,0.004837137883074731,1,0.015452966582302411,24,0.019764517933233618,33
2008-05-20,0.004967173304115754,1,0.015156649032432539,24,0.019934389991199532,34
2008-05-21,0.005532611704686802,1,0.011496132700413395,12,0.020477306785368177,35
2008-05-22,0.00555363977153394,1,0.01139844559131619,11,0.020542572020014815,35
2008-05-23,0.007355300513887831,4,0.012629294568235073,16,0.01729233187594343,28
2008-05-27,0.012889293863875002,21,0.009356302071517851,6,0.016827384445042094,27
2008-05-28,0.01496090012479507,26,0.010509315024689134,9,0.01692353701175849,27
2008-05-29,0.014473938621836076,24,0.011561149245419974,12,0.016719241443983845,27
2008-05-30,0.014206078728645674,24,0.011862197643811197,13,0.016742508781096274,27
2008-06-02,0.01304048434493191,21,0.012964852166360133,17,0.013902512501129864,18
2008-06-03,0.012821483808996288,20,0.01279213991928261,16,0.01359993806293056,17
2008-06-04,0.013554247409046618,22,0.013746990665495345,20,0.013915804165697194,18
2008-06-05,0.018702300070475908,33,0.0158514641439841,26,0.015531158494015476,23
2008-06-06,0.02618614938676216,43,0.02019514855569999,35,0.015622872797421899,23
2008-06-09,0.02599463717000555,43,0.01975644446660611,34,0.01599446098366451,25
2008-06-10,0.026865329691361895,44,0.019845451573586022,34,0.016225446009101304,25
2008-06-11,0.027717406222239185,44,0.02101394375466938,36,0.01577644280984099,24
2008-06-12,0.027933170465663085,45,0.023236173679066652,39,0.01748427867045237,29
2008-06-13,0.03966700812397557,50,0.03316970797587005,48,0.02400923922136337,40
2008-06-16,0.035257037035032066,49,0.032471513813186435,48,0.024538092523710593,41
2008-06-17,0.038424165582612906,50,0.03274003734657137,48,0.02466957238352407,41
2008-06-18,0.029892003631649573,46,0.03299113378390413,48,0.02486264056038701,41
2008-06-19,0.029861222324723036,46,0.03278395943441167,48,0.025221520292419586,42
2008-06-20,0.020124069194743844,36,0.02975280638324104,46,0.02505470825150447,42
2008-06-23,0.022843837687800447,40,0.03054365394939203,47,0.025821989761199513,43
2008-06-24,0.023752888524849892,40,0.030746155976375724,47,0.025374200835139832,42
2008-06-25,0.022561527614894567,39,0.02777653050346165,45,0.025393079598275692,42
2008-06-26,0.02495148108144649,42,0.031799030678780045,48,0.02706774856903182,44
2008-06-27,0.0247641162142537,42,0.02292614351888277,39,0.02710379253631357,44
2008-06-30,0.022816318700475884,39,0.021524951517852102,37,0.027106588599641327,44
2008-07-01,0.019638871436147703,35,0.021252099428455174,36,0.026590640832675823,43
2008-07-02,0.022242818094007088,39,0.02138207313938406,37,0.02675312700092387,43
2008-07-03,0.010574488174117335,13,0.01960519183615505,34,0.02671635322942322,43
2008-07-07,0.02662241650915166,44,0.024370367180239442,41,0.02847484364300501,45
2008-07-08,0.03106648490037096,47,0.02579861501837726,42,0.02778418148488211,44
2008-07-09,0.03447005396674081,49,0.026449025056841755,43,0.028403964936783897,45
2008-07-10,0.032395232885112604,47,0.026294054359097745,43,0.02838109742264416,45
2008-07-11,0.03519972117169218,49,0.02701140665651706,44,0.029450245188266284,45
2008-07-14,0.030815278156003743,47,0.027466532257489264,44,0.029242397307525647,45
2008-07-15,0.020946009885535685,37,0.02723231781628652,44,0.024274684340500133,41
2008-07-16,0.05388102806239412,53,0.04314400391101017,51,0.03239970376759346,48
2008-07-17,0.05722684378968183,53,0.04554025858624748,51,0.03405436004608373,48
2008-07-18,0.04756687533239207,52,0.04558070096210893,51,0.03386948816205813,48
2008-07-21,0.04470598809368212,52,0.04197164211227547,51,0.03356663155583712,48
2008-07-22,0.0408586682573307,51,0.0427104432462214,51,0.03451657407100666,49
2008-07-23,0.02604599651186801,43,0.04035011117825358,50,0.033844176321824834,48
2008-07-24,0.02939613572421008,46,0.043585153264501075,51,0.034908218251223984,49
2008-07-25,0.029019656041398275,45,0.0401766520398417,50,0.034896279121411945,49
2008-07-28,0.03167643071872168,47,0.041081730765065126,51,0.034484788530565816,49
2008-07-29,0.03572107488954647,49,0.04261880281743732,51,0.03613274757697058,49
2008-07-30,0.038489217523509894,50,0.03244689464984301,48,0.03646355151003572,49
2008-07-31,0.032856316229709796,48,0.02952502921978264,46,0.03661118324370558,49
2008-08-01,0.03309650048603698,48,0.029678744706018417,46,0.036521866481671536,49
2008-08-04,0.03067092770646754,46,0.03037401300191584,47,0.03690310738420315,49
2008-08-05,0.02037535138760946,36,0.027575492408379698,44,0.035122041573299644,49
2008-08-06,0.014405762848125064,24,0.02757405819391853,44,0.03465439366196939,49
2008-08-07,0.020858103708151547,37,0.027530978291801653,44,0.035019319510121626,49
2008-08-08,0.025883054249559386,43,0.028563385505876986,45,0.03526363946862064,49
2008-08-11,0.025031842612851667,42,0.026559107717999977,43,0.03359214573559848,48
2008-08-12,0.034443754503791314,49,0.027695026183957062,45,0.03600416845253564,49
2008-08-13,0.03416163965907397,49,0.0251948446699815,42,0.0361618031664455,49
2008-08-14,0.032795687520842574,48,0.02614186568341261,42,0.029382431694970425,45
2008-08-15,0.02920815340598128,45,0.026368626223599752,43,0.027316112493370195,44
2008-08-18,0.025266958612979055,42,0.026211123191872018,43,0.02731147524118781,44
2008-08-19,0.012478758321106452,19,0.02449549753131171,41,0.027327743289404002,44
2008-08-20,0.013501580473041024,22,0.024874147270259807,41,0.025287601320791296,42
2008-08-21,0.008778118779614083,8,0.022866423800814252,39,0.025247666934545263,42
2008-08-22,0.016250170306303643,29,0.022965608127931848,39,0.024935840576252616,42
2008-08-25,0.017915791147309932,32,0.022195381058866526,38,0.025318019247648628,42
2008-08-26,0.017561423272649843,31,0.015088613726621574,23,0.024643186042705524,41
2008-08-27,0.017413610130112764,31,0.014899053071886513,23,0.02118560178580108,36
2008-08-28,0.025272237359569336,42,0.020601891059797477,35,0.02262156921557007,38
2008-08-29,0.024316779428749966,41,0.020123523342721123,35,0.02298434730572735,39
2008-09-02,0.01717550305231188,31,0.01894480537809583,32,0.023124436723656418,39
2008-09-03,0.01606908868565233,28,0.01827969036081426,31,0.0230443951534345,39
2008-09-04,0.029344221366714572,46,0.023427489998876557,40,0.023994733378532727,40
2008-09-05,0.023608440926951902,40,0.02321287829410046,39,0.024375163483132078,41
2008-09-08,0.029112695422927302,45,0.025307631572617728,42,0.02471836832754273,41
2008-09-09,0.03796944728841559,50,0.029039811221395616,46,0.026221569175916948,43
2008-09-10,0.03742765602778357,50,0.03050426031995858,47,0.02637745593663666,43
2008-09-11,0.03391204205437141,48,0.03051761436957427,47,0.0232147553144033,39
2008-09-12,0.03245811553619933,48,0.02760225671198309,44,0.023318099560368327,39
2008-09-15,0.04651348031069762,52,0.04520371270707647,51,0.03456551927940759,49
2008-09-16,0.04763737107824726,52,0.0442665249283601,51,0.034534380647503984,49
2008-09-17,0.06464136589046521,53,0.055946381146043916,53,0.0447117077209929,52
2008-09-18,0.056929411297738805,53,0.056333268184273984,53,0.0456329397057531,52
2008-09-19,0.13675855112155239,54,0.09407718910478641,54,0.06604847870188345,53
2008-09-22,0.1295730635459072,54,0.0928535708227063,54,0.06742794242481695,53
2008-09-23,0.1315795555434275,54,0.09477098334962912,54,0.06781546983706391,54
2008-09-24,0.10954003002014873,54,0.09846768875848372,54,0.0695245099454716,54
2008-09-25,0.09837380705715136,54,0.09894797666664425,54,0.06971122075006006,54
2008-09-26,0.04981042169056265,52,0.09930406826429,54,0.06988824516691475,54
2008-09-29,0.07358518775420425,54,0.09981988468430307,54,0.07391936853758611,54
2008-09-30,0.07718855810032989,54,0.101923986422263,54,0.0754073579116422,54
2008-10-01,0.07503404707873335,54,0.08994331935032764,54,0.07645899085566843,54
2008-10-02,0.07532605777721199,54,0.08728935766028743,54,0.07637002671648457,54
2008-10-03,0.07475349829529845,54,0.061423309116657415,53,0.07615442065563029,54
2008-10-06,0.045355334796548616,52,0.05766638987503999,53,0.07612930171110424,54
2008-10-07,0.04458783805415904,52,0.061179327187055155,53,0.0763840073260993,54
2008-10-08,0.022169430333075675,39,0.05599800577472353,53,0.07603792669166952,54
2008-10-09,0.036321001833341325,49,0.060944495912829084,53,0.07846282991382389,54
2008-10-10,0.045464636977804625,52,0.06562000470228418,53,0.08168651639828055,54
2008-10-13,0.15259248363843161,54,0.10662837524681083,54,0.10121165433641406,54
2008-10-14,0.15629260725195712,54,0.11069390131231044,54,0.10102730229576165,54
2008-10-15,0.16258108494797366,54,0.11184535688773842,54,0.10244776018332453,54
2008-10-16,0.15109439695068355,54,0.11179695069522913,54,0.0976008067123171,54
2008-10-17,0.12650165466844496,54,0.11193563013591645,54,0.09664857417275159,54
2008-10-20,0.07077926631619712,54,0.11352944624614635,54,0.08690479956948538,54
2008-10-21,0.05143501804604003,52,0.11042157726081486,54,0.08542723875474045,54
2008-10-22,0.04154612204723991,51,0.11191728544184223,54,0.08592237780840312,54
2008-10-23,0.04984932087905252,52,0.10769686821501022,54,0.0854278660149013,54
2008-10-24,0.055990813142883906,53,0.1018445248145593,54,0.08650829485064233,54
2008-10-27,0.030268720833608365,46,0.06387379264198512,53,0.08732735860003771,54
2008-10-28,0.03392320134718893,48,0.048445150941111334,52,0.08368918982552742,54
2008-10-29,0.05383396871166685,53,0.048967982382695015,52,0.08307180701543573,54
2008-10-30,0.05528892567165677,53,0.05167775324983558,52,0.08276207394415122,54
2008-10-31,0.052831454580612655,53,0.05155102965658497,52,0.08301036729109443,54
2008-11-03,0.044085308417022705,51,0.042649733461000705,51,0.08311891044473618,54
2008-11-04,0.05547524842215622,53,0.0519930421606129,52,0.08481735233420679,54
2008-11-05,0.06074227026810167,53,0.05440173059027207,53,0.08509579705849828,54
2008-11-06,0.06272285843930236,53,0.05603641806991911,53,0.0863407146154307,54
2008-11-07,0.05913389689958496,53,0.0536686622703525,53,0.08403883083336647,54
2008-11-10,0.06363762894826255,53,0.05475340989504487,53,0.0817662417762988,54
2008-11-11,0.05618011015302082,53,0.05886236599205633,53,0.05858766012666781,53
2008-11-12,0.061090435549088294,53,0.05964092295256084,53,0.05426711817120036,53
2008-11-13,0.07231670284313838,54,0.06384753573423639,53,0.05524965242212201,53
2008-11-14,0.07282415284386694,54,0.0625878040324473,53,0.05541262681514819,53
2008-11-17,0.0692831470483514,54,0.06345898229176518,53,0.05529364569517518,53
2008-11-18,0.05826294786292856,53,0.0542504416644112,53,0.05158360130433339,53
2008-11-19,0.05973172635295173,53,0.057499402230200086,53,0.053964319198406746,53
2008-11-20,0.03698156891106515,50,0.05658000002434548,53,0.05406718492037661,53
2008-11-21,0.052684860684414664,52,0.06042400191397605,53,0.055421575764307056,53
2008-11-24,0.14460269346179155,54,0.10969463448651251,54,0.08424370654130003,54
2008-11-25,0.14442339448962188,54,0.11060103791933718,54,0.08483682335706252,54
2008-11-26,0.11854430858722706,54,0.1053728977403757,54,0.0863422705544622,54
2008-11-28,0.09904662560065987,54,0.10500402745815803,54,0.08605353999924086,54
2008-12-01,0.15340779682848993,54,0.11911700151269065,54,0.09214837748737614,54
2008-12-02,0.09708259520435769,54,0.11692517117297525,54,0.09194444097083294,54
2008-12-03,0.09641420526771023,54,0.11779336870091858,54,0.09312710125248581,54
2008-12-04,0.08817861929337673,54,0.11020588659459898,54,0.09156999717958578,54
2008-12-05,0.09063037334484561,54,0.10632348734385032,54,0.09108608506353547,54
2008-12-08,0.047921563522285195,52,0.10759688406961376,54,0.09194100220188721,54
2008-12-09,0.060997814423982714,53,0.07780129550303323,54,0.09246915569001778,54
2008-12-10,0.05927268973265952,53,0.0757495077874885,54,0.09051098938583134,54
2008-12-11,0.05990914603690401,53,0.07269982831482646,54,0.09012420231335515,54
2008-12-12,0.056917627770597355,53,0.0715827868753621,54,0.087099948189048,54
2008-12-15,0.016040924627369803,28,0.04716864566637955,52,0.08664020904947255,54
2008-12-16,0.07435965168221986,54,0.06451365903674722,53,0.0912358058132266,54
2008-12-17,0.07320169192573037,54,0.06315205241991556,53,0.08980466972544703,54
2008-12-18,0.06876268835649091,54,0.061899318796667824,53,0.08966124699317422,54
2008-12-19,0.06269908203590427,53,0.06112922017957757,53,0.08491309956574075,54
2008-12-22,0.0696118539636055,54,0.05745706071286573,53,0.08441542621542221,54
2008-12-23,0.032928777054781797,48,0.054612437467891746,53,0.08499007062788227,54
2008-12-24,0.027941877268424734,45,0.05416695446437201,53,0.06386546791436025,53
2008-12-26,0.025239264868001557,42,0.05318172180459006,53,0.06257896916990645,53
2008-12-29,0.025106493086249293,42,0.05150832397383449,52,0.061005234311988815,53
2008-12-30,0.03602443944250299,49,0.053145573895737694,53,0.06257631231865828,53
2008-12-31,0.029733047688909626,46,0.032454015026277996,48,0.048881188060205756,52
2009-01-02,0.02948430752025452,46,0.03181483000548283,48,0.04864863066179741,52
2009-01-05,0.02386776406680096,41,0.032044057422875485,48,0.047558024672501586,52
2009-01-06,0.026218700868362907,43,0.03225404038030964,48,0.047049155652536576,52
2009-01-07,0.03236995484894156,47,0.03249818094396098,48,0.04823598824181729,52
2009-01-08,0.030253362803613754,46,0.030346652683901455,47,0.044504381507032384,52
2009-01-09,0.027454788739431,44,0.031803189604589555,48,0.04252484943998501,51
2009-01-12,0.034896445560689486,49,0.041483846838254936,51,0.04590387112183384,52
2009-01-13,0.03565454090356381,49,0.04145066594497091,51,0.04537970346790872,52
2009-01-14,0.03363661031836888,48,0.03435624382686386,49,0.0453934309905357,52
2009-01-15,0.028536841746332583,45,0.032223783688041345,48,0.045567256724979244,52
2009-01-16,0.02935019841143921,46,0.028924105536495773,45,0.032973388456708434,48
2009-01-20,0.07902228137883886,54,0.058979162958158506,53,0.05162422008820606,53
2009-01-21,0.1314295512255128,54,0.09095693011582853,54,0.066488210419088,53
2009-01-22,0.13175431997246587,54,0.09103251781508433,54,0.06658299167909872,53
2009-01-23,0.13364487618053858,54,0.09335504429374415,54,0.06701608075605744,53
2009-01-26,0.13360338809283753,54,0.09330944285290615,54,0.0668330031871425,53
2009-01-27,0.07311339293980063,54,0.09205747817731169,54,0.06777467462688662,54
2009-01-28,0.04918861494937265,52,0.09907203329845506,54,0.0723755532585002,54
2009-01-29,0.06797508864697648,54,0.10087812858948632,54,0.07380469508169023,54
2009-01-30,0.07069535596120699,54,0.10085653366134195,54,0.07250323602406032,54
2009-02-02,0.0693208089198612,54,0.10067396458594317,54,0.07264288475194933,54
2009-02-03,0.06856719725120382,54,0.07111796019051722,54,0.07243004006621513,54
2009-02-04,0.047420385404030214,52,0.051555225687531195,52,0.07354133215999331,54
2009-02-05,0.038691095369843824,50,0.05234828859630578,52,0.07444767947597222,54
2009-02-06,0.027924383652643325,45,0.05173522498813525,52,0.07382063735844772,54
2009-02-09,0.02982618096237257,46,0.050428313304073685,52,0.07382680465019181,54
2009-02-10,0.05657148942469359,53,0.059340890905141525,53,0.07598440971930441,54
2009-02-11,0.054094877076043726,53,0.04856838853432359,52,0.07414205743288907,54
2009-02-12,0.049425788089726454,52,0.042810449255004705,51,0.07411754054859926,54
2009-02-13,0.046042593874845376,52,0.04064501838830451,51,0.07352756082915059,54
2009-02-17,0.0665624852530004,53,0.05712054162036713,53,0.0781131103154794,54
2009-02-18,0.05985598251252597,53,0.05727088585393174,53,0.07816393158971294,54
2009-02-19,0.053595764988686796,53,0.05382506397072629,53,0.0634012958615938,53
2009-02-20,0.05154654410416653,52,0.050136035872678085,52,0.05194288629822124,53
2009-02-23,0.04934952893284709,52,0.04885936614431284,52,0.0537468644265477,53
2009-02-24,0.08342089044185698,54,0.07473281101451087,54,0.06274208833936154,53
2009-02-25,0.08567931974427778,54,0.07113185804922036,54,0.06335190457417715,53
2009-02-26,0.08578827908396397,54,0.06984417815340038,54,0.06265369550246501,53
2009-02-27,0.0853419609969148,54,0.06982960682428767,54,0.05736331448274448,53
2009-03-02,0.08521254853959094,54,0.07139475257037688,54,0.05716125360236023,53
2009-03-03,0.031197193145626214,47,0.06347078044815772,53,0.05785376617972503,53
2009-03-04,0.04047663823493754,51,0.06449896861150792,53,0.05792551950388238,53
2009-03-05,0.03749583469310225,50,0.06584856486431458,54,0.05876892667362753,53
2009-03-06,0.04276763973481234,51,0.06956815466218562,54,0.059199175997276796,53
2009-03-09,0.04187730159212866,51,0.06804542240601391,54,0.05760589219742762,53
2009-03-10,0.08990687957312556,54,0.06586783738650065,54,0.06697639416991422,53
2009-03-11,0.09556459329796527,54,0.07081516328828798,54,0.06956482223955879,54
2009-03-12,0.08917348924944936,54,0.0722162447673374,54,0.0682053410636938,54
2009-03-13,0.06703033122997991,53,0.07192441257893412,54,0.06757564578276594,54
2009-03-16,0.07557514401422619,54,0.0716168840517158,54,0.06856517234568656,54
2009-03-17,0.05116169668449954,52,0.06986742176950683,54,0.06952113238922343,54
2009-03-18,0.04663086821468082,52,0.07101767865810708,54,0.065422882020438,53
2009-03-19,0.05634378874959316,53,0.07244507855138853,54,0.06690026082698725,53
2009-03-20,0.05695560497572298,53,0.06619175688806107,54,0.06717916700173374,53
2009-03-23,0.08025638206140631,54,0.0738059937698289,54,0.0736721613792271,54
2009-03-24,0.08237930138811116,54,0.0647343359503563,53,0.07226166420894663,54
2009-03-25,0.07960019275930107,54,0.061758849109645915,53,0.06440486474583106,53
2009-03-26,0.07100120685493308,54,0.06140980779976945,53,0.06378618754944365,53
2009-03-27,0.07369901186226782,54,0.06347079238627008,53,0.06453079603905704,53
2009-03-30,0.03416285423495015,49,0.06597434968133192,54,0.06673707278670098,53
2009-03-31,0.048728606905159406,52,0.06606263912054579,54,0.0660835669603081,53
2009-04-01,0.05215412660251619,52,0.06433540547001125,53,0.06501625046614577,53
2009-04-02,0.054797681049952515,53,0.06081191425850146,53,0.06498431001871442,53
2009-04-03,0.05179496860330883,52,0.060062004669424504,53,0.06379050237753474,53
2009-04-06,0.03092403910641475,47,0.0410371349504923,51,0.06091529945389107,53
2009-04-07,0.03066095001395076,46,0.04077801219881312,51,0.060384251261056086,53
2009-04-08,0.03027300378337472,46,0.04069518438726436,51,0.05290932128990621,53
2009-04-09,0.04503212214965164,52,0.04775808673708046,52,0.052916598247748026,53
2009-04-13,0.045258808269333366,52,0.04588313725792016,51,0.05272847809860858,53
2009-04-14,0.07528219677995415,54,0.05666950446096375,53,0.05995623577235735,53
2009-04-15,0.07875071912890276,54,0.056475932047992596,53,0.05911136252575798,53
2009-04-16,0.0780897969252614,54,0.055901913843845054,53,0.05844176470383879,53
2009-04-17,0.06758727559739416,53,0.0553769112824495,53,0.05729335346435511,53
2009-04-20,0.06268674635344923,53,0.05588635197746239,53,0.05676017553144968,53
2009-04-21,0.04081320901599667,51,0.05732921185018571,53,0.05694565416321808,53
2009-04-22,0.03291887068004317,48,0.0572499154781668,53,0.04730195237574713,52
2009-04-23,0.03412880329111344,49,0.05707770472707071,53,0.047247422359608264,52
2009-04-24,0.034720260834829604,49,0.050748029326850415,52,0.04727611406614643,52
2009-04-27,0.02330424369624211,40,0.047866255041578945,52,0.047218267636042546,52
2009-04-28,0.011575498205113026,16,0.028681866108418667,45,0.04637429854361508,52
2009-04-29,0.026581046302869414,44,0.02889218295457361,45,0.04395691359249399,51
2009-04-30,0.026197383877108234,43,0.02887069913833354,45,0.0428325741280307,51
2009-05-01,0.02594475165622942,43,0.02919947046889202,46,0.0424870472984226,51
2009-05-04,0.031441629930062054,47,0.026746411832224003,43,0.043365249817873694,51
2009-05-05,0.02991066760863337,46,0.024521969776992433,41,0.04254049177005863,51
2009-05-06,0.025326408071904484,42,0.024782339781994633,41,0.04224689248619613,51
2009-05-07,0.03660729327926115,50,0.030013484805629716,47,0.04348254853303507,51
2009-05-08,0.03747926539987293,50,0.03083359791186262,47,0.04393687060458967,51
2009-05-11,0.03578359688295474,49,0.03321978891704579,48,0.0412822194863672,51
2009-05-12,0.035736299328784714,49,0.03325949227640591,48,0.04017634467460287,51
2009-05-13,0.03633424913993703,49,0.034192597507431005,49,0.03192312532306323,47
2009-05-14,0.038281526421083914,50,0.03557211307813742,49,0.030767832475175082,46
2009-05-15,0.030499942441193917,46,0.0351518211496679,49,0.030745926440374334,46
2009-05-18,0.04133074025193946,51,0.03671322554016921,49,0.03326715164966539,48
2009-05-19,0.04257252315678236,51,0.037308890852726234,50,0.03127796936081705,47
2009-05-20,0.03890089763324534,50,0.037979454615645246,50,0.03150500826389455,47
2009-05-21,0.03688626493923575,50,0.03555522775161684,49,0.031482499404398734,47
2009-05-22,0.03725324198761484,50,0.03258015096330919,48,0.03145783190842108,47
2009-05-26,0.027889841125412283,45,0.033890824328886765,49,0.03213902237572855,48
2009-05-27,0.027934865181139513,45,0.034383090907806356,49,0.0324234956825077,48
2009-05-28,0.024474072669033838,41,0.03064080511531718,47,0.032814376198041444,48
2009-05-29,0.025006978872921096,42,0.02982683909267802,46,0.03121243756632635,47
2009-06-01,0.024360640394758257,41,0.02999075475418237,47,0.03124973653922166,47
2009-06-02,0.018460138813999254,33,0.02234890673606087,38,0.031180680663130823,47
2009-06-03,0.01708543567373189,30,0.021956762829481034,38,0.029128416336131505,45
2009-06-04,0.025189082188990377,42,0.023571691760411184,40,0.030978565853290587,47
2009-06-05,0.025398366730239385,42,0.02388039669462602,40,0.030505367142017743,46
2009-06-08,0.02564483537867099,42,0.02378532277361455,40,0.0289483662394275,45
2009-06-09,0.02443956538951376,41,0.020756023587072764,36,0.02758154006301522,44
2009-06-10,0.026538679442585974,43,0.02111877281714646,36,0.027116951422945307,44
2009-06-11,0.008956776514673461,8,0.019027167266944298,33,0.027264653083167174,44
2009-06-12,0.009868639145314663,11,0.019043474131278926,33,0.02484462313330659,41
2009-06-15,0.011570835889229235,16,0.019971520254874604,34,0.024530632042450765,41
2009-06-16,0.012047902804451583,18,0.019952289730281854,34,0.024545022283883538,41
2009-06-17,0.01579783455236439,28,0.02227574247983757,38,0.02122771487291277,36
2009-06-18,0.02173247402735704,38,0.015758327837168525,25,0.021677069950832573,37
2009-06-19,0.021560746265422134,38,0.015821489024999403,25,0.020213797265078576,34
2009-06-22,0.02773709699453737,44,0.020042424969346644,35,0.02247239437502319,38
2009-06-23,0.03245035065106837,48,0.02313826549794326,39,0.02336596283548256,39
2009-06-24,0.028912792809495744,45,0.023178409738022075,39,0.02162454029056258,37
2009-06-25,0.02737808473185665,44,0.02344230021205629,40,0.021499895751910223,36
2009-06-26,0.028001731981652803,45,0.02399215556049171,40,0.020550830832891435,35
2009-06-29,0.007875245638239168,5,0.023502895168951862,40,0.02087647720310742,35
2009-06-30,0.01243551397636451,19,0.024085193167868217,40,0.02110980888267946,36
2009-07-01,0.013066172827735917,21,0.021179618189049905,36,0.02100348520683964,35
2009-07-02,0.018772484337040443,34,0.022200199745160312,38,0.021788933413693732,37
2009-07-06,0.019929603351418586,35,0.02309820644005287,39,0.019063174311208606,32
2009-07-07,0.019800762395451553,35,0.01995231017669995,34,0.01988800263056967,34
2009-07-08,0.02158617931467477,38,0.01993956217004194,34,0.020685228919461274,35
2009-07-09,0.029982743228791915,46,0.02267600746061223,39,0.022110172145364176,37
2009-07-10,0.027964349703802845,45,0.022457899724350024,38,0.021886232801658235,37
2009-07-13,0.036949968927453766,50,0.028102036221956877,45,0.024797081741999894,41
2009-07-14,0.032898003775170104,48,0.0275587733557458,44,0.024794052189619595,41
2009-07-15,0.026232479102473963,43,0.02937001943674865,46,0.025540161112495935,42
2009-07-16,0.026020165141804025,43,0.029310347467945863,46,0.025560328929477794,42
2009-07-17,0.023742353718412296,40,0.027165874312209244,44,0.024301260016613976,41
2009-07-20,0.015460327622827221,27,0.02714931270935294,44,0.02417519445978655,40
2009-07-21,0.016086206037594718,28,0.02446729117633264,41,0.024197048600671303,41
2009-07-22,0.008885457262047954,8,0.020446559353395646,35,0.02153450069600399,36
2009-07-23,0.014264278856018957,24,0.02020366804156603,35,0.021565969741836014,36
2009-07-24,0.015206793067795718,26,0.01960042949865427,34,0.021718776502786946,37
2009-07-27,0.015124485281895516,26,0.015185071793260717,24,0.021840958869299706,37
2009-07-28,0.018957157263530845,34,0.017784627394594885,30,0.022460283756469676,38
2009-07-29,0.019148741859182365,34,0.01465712539148457,22,0.022374176043398728,38
2009-07-30,0.014054571333698916,23,0.015366167957398343,24,0.02229056293128248,38
2009-07-31,0.01459176688054786,25,0.015320285209190793,24,0.022252802383629148,38
2009-08-03,0.014679121921262417,25,0.014247848423178696,21,0.02108102676921483,36
2009-08-04,0.009051060380430766,8,0.014219171972057191,21,0.02083321237086901,35
2009-08-05,0.007862742909057965,5,0.015277691838687647,24,0.019657916756378405,33
2009-08-06,0.011411761410295252,16,0.012956293186909178,17,0.018413778666567685,31
2009-08-07,0.015634225196756748,27,0.014302979178633192,21,0.018449863264187114,31
2009-08-10,0.017742275598466063,32,0.015562277039613567,25,0.019051873386111095,32
2009-08-11,0.016643716882902646,30,0.0143529626563108,21,0.01583813005030887,24
2009-08-12,0.019852905664710697,35,0.016822310409900308,28,0.016767624720038937,27
2009-08-13,0.019996555450368488,36,0.01590470763220153,26,0.01497146240063309,21
2009-08-14,0.01867749020267564,33,0.016257796788268133,27,0.015150649369486574,22
2009-08-17,0.022702422326805888,39,0.019212966993685097,33,0.01702430299108239,28
2009-08-18,0.024924036262860397,42,0.020538937545133803,35,0.017036227745308292,28
2009-08-19,0.01997631150657043,36,0.018785347022557762,32,0.017051737281745704,28
2009-08-20,0.021658423078863127,38,0.019652104133453512,34,0.017340546656510667,29
2009-08-21,0.021442965192806685,38,0.018991083021643863,33,0.015977678148403777,25
2009-08-24,0.011367634369071587,16,0.017798655218105364,30,0.015995947377893744,25
2009-08-25,0.009742260819577468,10,0.017946995564645133,30,0.01628304423821723,25
2009-08-26,0.008387798325485517,7,0.015769245312888088,25,0.015605956726350024,23
2009-08-27,0.008797455065819507,8,0.01587780432622394,26,0.01557413013126986,23
2009-08-28,0.008925517533748945,8,0.015484266130392233,24,0.015115544874047065,22
2009-08-31,0.008216013569108104,6,0.00950104809991366,6,0.015131017098384603,22
2009-09-01,0.015643300071178624,27,0.013650557441295251,19,0.01668323999308199,27
2009-09-02,0.014179618312476262,24,0.013995387354708975,20,0.016703748840889862,27
2009-09-03,0.019287426986065472,34,0.01464417432314031,22,0.016615232256088505,26
2009-09-04,0.020036096465218364,36,0.014694483755194498,22,0.016607514879022626,26
2009-09-08,0.023618546676703205,40,0.016683219382177247,27,0.017089986230876365,28
2009-09-09,0.014162983942772512,24,0.01700857451951263,28,0.016748594636871228,27
2009-09-10,0.007595144837560318,5,0.018600398388174837,32,0.01736356182284116,29
2009-09-11,0.012019552924682755,18,0.018351785029298476,31,0.016505653862979617,26
2009-09-14,0.011247005390553603,15,0.01833724844865493,31,0.016786774247478896,27
2009-09-15,0.013936334580779586,23,0.018858746910857774,32,0.016613792926602082,26
2009-09-16,0.0139275613688852,23,0.013259588163516012,18,0.014436853971350617,20
2009-09-17,0.010745723602833395,14,0.010924124528965027,10,0.014090306328092286,19
2009-09-18,0.009653561098310778,10,0.010773515051296336,9,0.013940941655161472,18
2009-09-21,0.010169365406629114,12,0.011998623974775966,14,0.013994201302992644,18
2009-09-22,0.009005821503925244,8,0.011081679243807516,11,0.014215898042885118,19
2009-09-23,0.0111276479032684,15,0.012428670325648214,15,0.014432130233984099,20
2009-09-24,0.011172327749684663,15,0.010756869550430608,9,0.014420911477132769,20
2009-09-25,0.013461334542003708,22,0.013148440627153713,18,0.015375868765761351,23
2009-09-28,0.016312801838559363,29,0.013086291954011573,17,0.015460253130367417,23
2009-09-29,0.014006887577378906,23,0.012747844798095482,16,0.015335963993006872,22
2009-09-30,0.01338420253536192,22,0.011738418748338864,13,0.015336410275282064,22
2009-10-01,0.019113769653714665,34,0.015110972482117919,23,0.014993909861951317,21
2009-10-02,0.017240992742263084,31,0.014751191374786114,23,0.014574450136525032,20
2009-10-05,0.023799870326281357,41,0.019369644397628682,33,0.015935853581268263,25
2009-10-06,0.02379633493278357,41,0.01867133890362158,32,0.01595934060259068,25
2009-10-07,0.024709845466935387,42,0.018996359402203483,33,0.015588715495613439,23
2009-10-08,0.019077676352897723,34,0.019565925240378743,34,0.015835832758041287,24
2009-10-09,0.018886342044465917,34,0.017917810356429472,30,0.015010250103155508,21
2009-10-12,0.010983851256290665,15,0.01747741624323361,29,0.01496905636082017,21
2009-10-13,0.014043638882450138,23,0.018515986214381195,31,0.015232043467974762,22
2009-10-14,0.016931263394261393,30,0.020129654709802686,35,0.015985217727067156,25
2009-10-15,0.018560193836680113,33,0.018447428666463997,31,0.016407924686921323,26
2009-10-16,0.020761760898031115,37,0.020479953558244297,35,0.017204322996483185,28
2009-10-19,0.020962814653447185,37,0.016434426656871153,27,0.017136190039387576,28
2009-10-20,0.02011235977408492,36,0.01641172480057669,27,0.017118250882290537,28
2009-10-21,0.015077671090896737,26,0.017264259927751085,29,0.018005005271858072,30
2009-10-22,0.022286559926981545,39,0.01956890450567268,34,0.018757518214899068,32
2009-10-23,0.021487160832439754,38,0.019924778755334653,34,0.019170653841498592,32
2009-10-26,0.020704467149003467,37,0.019664470088819185,34,0.01871871416434312,32
2009-10-27,0.02065500844442371,36,0.01936647670294702,33,0.018345389259633405,31
2009-10-28,0.022267454186125815,39,0.01820310592300812,31,0.019803109323443,33
2009-10-29,0.027060590346156547,44,0.023371422295289563,39,0.02162624555101268,37
2009-10-30,0.03294471511383561,48,0.02647452605325287,43,0.023091520197879214,39
2009-11-02,0.03352139045578913,48,0.02631122071484303,43,0.023086070177896205,39
2009-11-03,0.034170179334405776,49,0.026621115519309034,43,0.021256766999184017,36
2009-11-04,0.03066349647721072,46,0.02540757069044933,42,0.021281212100180916,36
2009-11-05,0.026367614400837548,43,0.025188765120840787,42,0.02153380208814804,36
2009-11-06,0.014029073593701476,23,0.02484876498248969,41,0.021491347783056072,36
2009-11-09,0.018263499765608045,33,0.02687223786221391,43,0.02251229452116785,38
2009-11-10,0.018562755692118512,33,0.02685227725292094,43,0.0224558225168552,38
2009-11-11,0.016040628853546984,28,0.02434621208107312,41,0.022778977755674223,39
2009-11-12,0.0166350654083876,30,0.021648351966623357,37,0.02183575238919715,37
2009-11-13,0.016702913350094516,30,0.01468494725666106,22,0.021594304902551126,36
2009-11-16,0.011329157085715155,16,0.014686659971626947,22,0.021140858350409308,36
2009-11-17,0.01151058299307428,16,0.014860377882234327,23,0.02106835695626985,36
2009-11-18,0.005495233882784124,1,0.01389049312139901,20,0.02108377954071654,36
2009-11-19,0.010529255510578468,13,0.01463146080206889,22,0.020611897958740986,35
2009-11-20,0.011432689244515975,16,0.01526633763282366,24,0.019932903763509507,34
2009-11-23,0.013908946729646817,23,0.012475392944700825,15,0.01990045144183717,34
2009-11-24,0.013866528896592135,23,0.01247179679621659,15,0.019896969616309094,34
2009-11-25,0.013315728354139194,22,0.010082659676727234,7,0.020034338312711043,34
2009-11-27,0.014784223393937467,25,0.012263581371265772,15,0.019433867929355652,33
2009-11-30,0.023694746601994977,40,0.017980856037697262,30,0.019064294765048288,32
2009-12-01,0.023081037326730232,40,0.017972964327466756,30,0.016270420669551547,25
2009-12-02,0.023084406002858927,40,0.017962490472690162,30,0.016286480966203137,25
2009-12-03,0.023196770156019137,40,0.01794345742607916,30,0.016458967313055746,26
2009-12-04,0.020880266986990234,37,0.01859426824742773,32,0.01682388112616055,27
2009-12-07,0.01477427029110077,25,0.018944588909869966,32,0.0164460441871921,26
2009-12-08,0.014800988218189126,25,0.018309591783171843,31,0.016518530909137838,26
2009-12-09,0.021736722328863402,38,0.021301538393362227,36,0.016568740022870905,26
2009-12-10,0.020274966337991775,36,0.021013163744190783,36,0.016589658260774326,26
2009-12-11,0.018589908542734828,33,0.018841783899577417,32,0.015841946496175232,24
2009-12-14,0.01533822116866363,27,0.015086855817672096,23,0.01584159747282163,24
2009-12-15,0.017550323054307284,31,0.015896892088997805,26,0.016217649177466903,25
2009-12-16,0.01233580072558217,19,0.016683716631777323,27,0.0166161938817193,26
2009-12-17,0.01567963143050702,27,0.017891015369646185,30,0.01725680817238496,28
2009-12-18,0.018370570775687392,33,0.01745309209805477,29,0.017675599430955664,29
2009-12-21,0.019955931000856547,36,0.01687774618217788,28,0.01748998096036774,29
2009-12-22,0.017200445145122218,31,0.016393950914079372,27,0.01719791133184579,28
2009-12-23,0.016152939182065562,28,0.013549929847383308,19,0.016954521676698475,27
2009-12-24,0.00978146099537731,10,0.0135595869596658,19,0.016966644521403042,27
2009-12-28,0.008004026344274648,6,0.013524011776653445,19,0.016777792241354676,27
2009-12-29,0.003840594043077815,0,0.013558002079541994,19,0.01561775413984452,23
2009-12-30,0.008058554449667086,6,0.012663397098649458,16,0.014127168986531942,19
2009-12-31,0.0074765564859007394,5,0.01256850919181207,16,0.01417873115724606,19
2010-01-04,0.010642742526965353,13,0.010343323572018127,8,0.015075370911053447,22
2010-01-05,0.00833814829315258,6,0.010663631095624215,9,0.014979157608810285,21
2010-01-06,0.013534487547254358,22,0.011850260601334166,13,0.014896470595895765,21
2010-01-07,0.013893962373314162,23,0.012015000427080544,14,0.01443951224792501,20
2010-01-08,0.019892526369087376,35,0.014168021608752721,21,0.014879009247587975,21
2010-01-11,0.018726958800166057,33,0.015807903713378302,25,0.014314348799967038,19
2010-01-12,0.016775065998836398,30,0.017861266973296742,30,0.015192755589365869,22
2010-01-13,0.01834718330573526,33,0.017925340043773646,30,0.015225147341033057,22
2010-01-14,0.012265726539699177,19,0.017439445242187372,29,0.015252413936050147,22
2010-01-15,0.012405983169543566,19,0.01805733300949206,30,0.015216330876014077,22
2010-01-19,0.014833582105503196,25,0.016054036598988998,26,0.015074785172888225,22
2010-01-20,0.012088888507171875,18,0.014673419856761646,22,0.01394307815417315,18
2010-01-21,0.0209647488073232,37,0.01868170808352403,32,0.016547769971934394,26
2010-01-22,0.024772501495193056,42,0.018796421253239586,32,0.018487344001900677,31
2010-01-25,0.026707349738272,44,0.019655177433090185,34,0.018579116117131523,31
2010-01-26,0.023890352373837662,41,0.020195488575526825,35,0.019284382935013052,33
2010-01-27,0.023509019599008477,40,0.02053969541312325,35,0.019319753129735225,33
2010-01-28,0.023494499639617507,40,0.020992924860194245,36,0.019606898870744873,33
2010-01-29,0.019586909869178323,35,0.02177085056650338,37,0.020413860330700875,34
2010-02-01,0.025502915441830823,42,0.02520717394858093,42,0.021309976491074824,36
2010-02-02,0.023522473974414763,40,0.026734180397276604,43,0.021933527352242434,37
2010-02-03,0.023640532915211784,40,0.026583828474109426,43,0.020997227003391645,35
2010-02-04,0.03193933210654098,47,0.026645204146828458,43,0.021859171057331313,37
2010-02-05,0.029515156769699666,46,0.024823768106579405,41,0.022810484237710427,39
2010-02-08,0.028539516674296963,45,0.02551624668364614,42,0.022253545826969055,38
2010-02-09,0.025500552906271373,42,0.024214076712799577,40,0.02237452662113056,38
2010-02-10,0.02602334218437054,43,0.02428035569312817,40,0.02244733864797173,38
2010-02-11,0.015594355790433844,27,0.02402703324454857,40,0.022165949229172692,38
2010-02-12,0.01164363689264423,17,0.02154909296641812,37,0.022028884488080682,37
2010-02-16,0.008912523330758187,8,0.020696569771363898,36,0.02279174958894223,39
2010-02-17,0.009742846225069003,10,0.01921354235875053,33,0.022469907671097175,38
2010-02-18,0.011970535303327376,18,0.019461894725646977,33,0.022351093564998765,38
2010-02-19,0.011970601386978787,18,0.013137509857997451,18,0.02230700010120103,38
2010-02-22,0.01180237165155002,17,0.011240906927805622,11,0.02055565923805025,35
2010-02-23,0.005278385095091523,1,0.008412002222179537,3,0.018294788283515717,31
2010-02-24,0.00730113840026592,4,0.008507787133598182,4,0.01838582151597273,31
2010-02-25,0.008157491024410376,6,0.009705713328628646,6,0.01754859902394511,29
2010-02-26,0.008097084020536185,6,0.009728853586311833,6,0.017548516203993395,29
2010-03-01,0.007942357140162884,5,0.009696754707765225,6,0.017393248248695536,29
2010-03-02,0.010208455676488764,12,0.00788351732811642,2,0.016075698925344366,25
2010-03-03,0.009785473612035366,10,0.008215159246198265,3,0.015005154112240033,21
2010-03-04,0.017476489974070086,31,0.013562264929076511,19,0.016176353566847233,25
2010-03-05,0.017237812544213804,31,0.014517847571062375,22,0.016737616840146328,27
2010-03-08,0.015789818081207482,28,0.014717992627405,22,0.013435986470045468,16
2010-03-09,0.018789929094323036,34,0.0151821451022356,24,0.013051552057105613,15
2010-03-10,0.015490956110197532,27,0.015545317573403253,25,0.012126211344512736,11
2010-03-11,0.010925171983247434,14,0.013816134561282226,20,0.012125388838659483,11
2010-03-12,0.00941320376237539,9,0.01330002877898437,18,0.012131411529006599,11
2010-03-15,0.011112692442437655,15,0.014385026513495037,21,0.012518125795535667,13
2010-03-16,0.010259825019782263,12,0.014424383065645013,21,0.012590701530290816,13
2010-03-17,0.008853984441346463,8,0.013489331091694277,19,0.012063940680332222,11
2010-03-18,0.008610192555321075,7,0.010047286960626577,7,0.011976086735852695,11
2010-03-19,0.008353144971241091,7,0.008930984347326651,5,0.011467325794465561,9
2010-03-22,0.008925023752600677,8,0.009527252302624316,6,0.011984957865661928,11
2010-03-23,0.0066141575879656075,3,0.009730066058287688,7,0.012327814364411542,12
2010-03-24,0.006207785931967531,2,0.008341290853635764,3,0.012389054817515269,12
2010-03-25,0.005731937318834543,2,0.007924338993771821,2,0.012339857570581099,12
2010-03-26,0.005880258917961418,2,0.008321141789988428,3,0.012317603218825024,12
2010-03-29,0.007473160409111776,5,0.008270163299221618,3,0.012260713814127695,12
2010-03-30,0.009388428481794962,9,0.007761015775641454,2,0.013036822520764879,15
2010-03-31,0.009348876257497835,9,0.007542401826855472,1,0.012972207092923682,15
2010-04-01,0.008614465088182055,7,0.00702307808645044,1,0.012844591099673917,14
2010-04-05,0.012292054070574467,19,0.009636527322318789,6,0.010801314030508635,6
2010-04-06,0.011755419017084552,17,0.00930497774444599,6,0.009905456246758312,4
2010-04-07,0.011808125120411362,17,0.011292226460663012,11,0.010235558329280038,5
2010-04-08,0.011178752203787732,15,0.012384969646545058,15,0.01064082755445509,6
2010-04-09,0.011098388214233564,15,0.012488708666517268,15,0.010088554874451634,5
2010-04-12,0.012539043765522352,20,0.012000722450409992,14,0.010138308646220421,5
2010-04-13,0.011934118113566662,18,0.01204574850255148,14,0.01012365341272533,5
2010-04-14,0.01559826724940873,27,0.013196919645056907,18,0.011858179083381451,10
2010-04-15,0.01571525752419835,27,0.013111815872667548,17,0.01159648853447635,9
2010-04-16,0.06230413616505921,53,0.04507321156442232,51,0.030665799627007155,46
2010-04-19,0.06434419701213136,53,0.04502166067371595,51,0.030935487549714147,46
2010-04-20,0.063042153205753,53,0.04526315140778596,51,0.0311190893342346,47
2010-04-21,0.057140128422006976,53,0.04428722161592457,51,0.031099832518281287,47
2010-04-22,0.05763532071993724,53,0.04344355289901371,51,0.031110581615958203,47
2010-04-23,0.013717303448263699,23,0.04333199685265726,51,0.031138741619042662,47
2010-04-26,0.013530979933014997,22,0.04383728394649662,51,0.0317491336613118,47
2010-04-27,0.01563806724103689,27,0.043765626040391935,51,0.03184158462255808,47
2010-04-28,0.022160475010206154,39,0.04312772081752085,51,0.03247159024913173,48
2010-04-29,0.024478767609873733,41,0.04451128045279332,51,0.03280821613603323,48
2010-04-30,0.049985492901226294,52,0.035029789540248685,49,0.038381487444216836,50
2010-05-03,0.051966949049572435,52,0.03634793747462539,49,0.03919669586544154,50
2010-05-04,0.05176278884171685,52,0.036149725919541686,49,0.0388748323702045,50
2010-05-05,0.04906887691714858,52,0.03615679441210793,49,0.038862159277218256,50
2010-05-06,0.0468777412941479,52,0.03750256609762734,50,0.03900207805110635,50
2010-05-07,0.02499953567090522,42,0.0378055635442204,50,0.038648559358931585,50
2010-05-10,0.018783174532676104,34,0.036945614707113675,50,0.03876937643337576,50
2010-05-11,0.018413095595359693,33,0.036784972148533344,49,0.03877136113243248,50
2010-05-12,0.028039278867927397,45,0.038005414416771605,50,0.0399323484944389,50
2010-05-13,0.021343451880770043,38,0.03696354313660686,50,0.038885523664179696,50
2010-05-14,0.022101548105502154,39,0.02231515560695509,38,0.038850264629535544,50
2010-05-17,0.021948551180189513,39,0.019524505491068874,34,0.028175739708575415,44
2010-05-18,0.027125084042843785,44,0.021947357048417722,38,0.0285345433970799,45
2010-05-19,0.020702844655231825,37,0.023678189066778856,40,0.028997720837785127,45
2010-05-20,0.022289214393519628,39,0.022105861727272646,38,0.029417328799974243,45
2010-05-21,0.030201672489776277,46,0.02503158831040599,41,0.03066743861440537,46
2010-05-24,0.032177529740268794,47,0.026198929501677775,43,0.03104772716305741,47
2010-05-25,0.03401318492513503,49,0.02995430570114348,46,0.032121609116100756,48
2010-05-26,0.03461138548127751,49,0.027442845064235773,44,0.032174599437046356,48
2010-05-27,0.03248083829673852,48,0.029384575416452403,46,0.03254182012729632,48
2010-05-28,0.031008726746190894,47,0.029228613393675468,46,0.032079559481916445,47
2010-06-01,0.02824773961211178,45,0.029740504547757878,46,0.02495851921713973,42
2010-06-02,0.022532774643350413,39,0.027305589091539264,44,0.024497129985767276,41
2010-06-03,0.020722677828878103,37,0.02700695673884913,44,0.02451329663074854,41
2010-06-04,0.014617226936684831,25,0.025336808384287375,42,0.024585446477338707,41
2010-06-07,0.017535080498359824,31,0.024752985231977335,41,0.02365144450790879,40
2010-06-08,0.016820028086644474,30,0.02303923091473461,39,0.02364330475895881,40
2010-06-09,0.008161764238423961,6,0.01775221961755748,30,0.023610558693288708,40
2010-06-10,0.008569024328003085,7,0.01832277940457266,31,0.023905433358028572,40
2010-06-11,0.015566094223144443,27,0.01454969657611815,22,0.02250094534552208,38
2010-06-14,0.013721369367798992,23,0.014843881337854626,23,0.02246866024659043,38
2010-06-15,0.020406947334105294,36,0.017795566274546166,30,0.023311923789302302,39
2010-06-16,0.020132637928493395,36,0.015773664645997536,25,0.023315228818641454,39
2010-06-17,0.015752861018391604,28,0.0159406112970179,26,0.021864330063689624,37
2010-06-18,0.0150589317237512,26,0.01602316635026313,26,0.021446656855635866,36
2010-06-21,0.0114116579700947,16,0.01400366049561096,20,0.020476582613475323,35
2010-06-22,0.01079782366625751,14,0.01542564623852916,24,0.019600276231862807,33
2010-06-23,0.01089389313969944,14,0.015366445323509757,24,0.018673230008279036,32
2010-06-24,0.010671337672401483,13,0.013494597257613894,19,0.015818251622694162,24
2010-06-25,0.02030621004623001,36,0.0168726105168346,28,0.017441574836893618,29
2010-06-28,0.023009387494415848,40,0.017606389720123204,29,0.016274174660839923,25
2010-06-29,0.022966659615697875,40,0.01694347387426921,28,0.016768524532560114,27
2010-06-30,0.024039888269390474,41,0.01764821369625501,30,0.01685163203916956,27
2010-07-01,0.02402416390445158,41,0.0175613736847538,29,0.015911487042082062,24
2010-07-02,0.010857949551344474,14,0.017231096015377628,29,0.01593536846975794,25
2010-07-06,0.012948464069877994,21,0.01780522158135352,30,0.01607837256216937,25
2010-07-07,0.016632691813487022,30,0.019053446825369778,33,0.016564473425795527,26
2010-07-08,0.0124066356079449,19,0.019081829333002634,33,0.016520786576741938,26
2010-07-09,0.012695615194906702,20,0.019965640534343673,34,0.016998974568754103,28
2010-07-12,0.014014337110732173,23,0.016509889665861834,27,0.016266271723491026,25
2010-07-13,0.015080321525696648,26,0.01640408011519233,27,0.01665828260694321,27
2010-07-14,0.014534746125459895,25,0.014750114346307658,23,0.01632386142327346,26
2010-07-15,0.021833026004900346,38,0.017242993974783464,29,0.01806428373292961,30
2010-07-16,0.021842652761990183,38,0.01685605129203123,28,0.018075584068461263,30
2010-07-19,0.0213615861097987,38,0.017098468000543127,28,0.018131052050828603,30
2010-07-20,0.021397614856758028,38,0.017452768682499443,29,0.0186016410014768,31
2010-07-21,0.022525975183750855,39,0.018203257998497365,31,0.01890037914760482,32
2010-07-22,0.013255967272664992,21,0.018221214767432402,31,0.018108215753633677,30
2010-07-23,0.013184628999778014,21,0.01779900615730854,30,0.01810464482399766,30
2010-07-26,0.012927669824442928,21,0.01726161463354947,29,0.018069921856579078,30
2010-07-27,0.007999518546211034,6,0.017033531690369332,28,0.01683824975874238,27
2010-07-28,0.005348687248490965,1,0.01649815578546316,27,0.015929229576837116,25
2010-07-29,0.016621430319276684,29,0.014558426375488051,22,0.016398323433033518,26
2010-07-30,0.018902052683692546,34,0.015447732533617304,24,0.015923877898927942,24
2010-08-02,0.019246277340913744,34,0.01552186616280408,25,0.015871732157760957,24
2010-08-03,0.01810955731069069,32,0.014278952258200932,21,0.015804663047130837,24
2010-08-04,0.018164625462734008,32,0.014130172375835639,21,0.01607448263753729,25
2010-08-05,0.012829506492495181,20,0.01414044021449763,21,0.015646399245195886,23
2010-08-06,0.010940988872575717,14,0.014569601978270123,22,0.01571340840784959,24
2010-08-09,0.010290441031373056,12,0.014619051007327164,22,0.015478593098703372,23
2010-08-10,0.01187994654319064,17,0.0149181336264324,23,0.015641976953855462,23
2010-08-11,0.012360933751433323,19,0.018553860964786978,31,0.017001135019929888,28
2010-08-12,0.013020811005313302,21,0.01393331885247321,20,0.016801717949442442,27
2010-08-13,0.012859605015930704,20,0.013760778354273943,20,0.014156836875765199,19
2010-08-16,0.012199682351275437,18,0.012791746500189388,16,0.014114556525783735,19
2010-08-17,0.014067698483373811,23,0.012961924894975139,17,0.014124379086707248,19
2010-08-18,0.005804857417936917,2,0.010317803186808444,8,0.013298757797513059,16
2010-08-19,0.008531151757883436,7,0.010740057116751352,9,0.01337716866380797,16
2010-08-20,0.009026498608833216,8,0.011610447545661522,12,0.013467251635977076,16
2010-08-23,0.010184835414018056,12,0.011529600378789306,12,0.013612021752183859,17
2010-08-24,0.011804613487743197,17,0.012247665036026745,14,0.014145070123431337,19
2010-08-25,0.012022710484626725,18,0.009449485821231389,6,0.014156402463520158,19
2010-08-26,0.013154819979566003,21,0.010662879790581168,9,0.014755093439738671,20
2010-08-27,0.010142129576556354,12,0.011022144818108093,10,0.012112982056066665,11
2010-08-30,0.011055983391947676,15,0.01206309294249773,14,0.012645551564547265,14
2010-08-31,0.012593802712164757,20,0.01166433651598241,12,0.012114932544907567,11
2010-09-01,0.017941303531917443,32,0.014403080936629026,21,0.013253544645034528,16
2010-09-02,0.016482147214289915,29,0.014247912500509845,21,0.01198610614130639,11
2010-09-03,0.028322963552731846,45,0.02331698139175912,39,0.017600362799378,29
2010-09-07,0.02613751816548018,43,0.023535654089266375,40,0.01777656139713942,30
2010-09-08,0.025473126261727045,42,0.023129281337157723,39,0.018239247627730385,30
2010-09-09,0.025343729395937625,42,0.023266607655770193,39,0.018374725294204673,31
2010-09-10,0.024546039808717442,41,0.02181741910883704,37,0.01723679437708763,28
2010-09-13,0.014930501733692836,26,0.021356873929186348,37,0.01814559277546083,30
2010-09-14,0.014066067111374298,23,0.019832360166358868,34,0.018243580460300876,30
2010-09-15,0.014138361708031408,24,0.019932227731482167,34,0.01822673519745968,30
2010-09-16,0.014400899926916285,24,0.02002422388702761,34,0.018221767442693628,30
2010-09-17,0.015089491540301267,26,0.020596559792965364,35,0.018325190368563553,31
2010-09-20,0.007073222024934915,4,0.012894989917582403,17,0.018022314806588658,30
2010-09-21,0.005225583146519464,1,0.0116797175772315,13,0.01799157305349104,30
2010-09-22,0.010356010034260541,12,0.013466950996541537,19,0.01854193801809751,31
2010-09-23,0.012035176499103111,18,0.014509807124178327,22,0.01867151800246793,31
2010-09-24,0.016865189050261277,30,0.015383974566010119,24,0.018970204830083343,32
2010-09-27,0.015727646904939822,27,0.011748631109998806,13,0.018507837934375965,31
2010-09-28,0.015554458759494004,27,0.011547152407238533,12,0.01824680347551199,30
2010-09-29,0.01360782126202047,22,0.011412563579897598,12,0.017466950169356673,29
2010-09-30,0.010073676416313345,11,0.011561842608404508,12,0.017469965898393922,29
2010-10-01,0.012278012099054268,19,0.014202540581100606,21,0.01752527078604539,29
2010-10-04,0.012087920020233954,18,0.013984547073678006,20,0.017666876139447462,29
2010-10-05,0.013813833355342671,23,0.015906024012089473,26,0.013932299943221637,18
2010-10-06,0.01254343107718322,20,0.014296772600092971,21,0.013589043457239732,17
2010-10-07,0.012442170299122063,19,0.011755640643353774,13,0.01319753813161537,15
2010-10-08,0.010433895795075301,13,0.011203764584692093,11,0.013176738097724346,15
2010-10-11,0.008942022559053365,8,0.010638463641273042,9,0.01310035628145974,15
2010-10-12,0.008695209823525082,7,0.010899311181961193,10,0.01250942585106378,13
2010-10-13,0.00982210043043805,11,0.010794304971455091,10,0.012222152707798726,12
2010-10-14,0.01519996765993247,26,0.013791470150139169,20,0.013058096470585734,15
2010-10-15,0.014363871507710131,24,0.0127870210525092,16,0.013111997631495901,15
2010-10-18,0.017499962380286012,31,0.013419785253993259,18,0.013702008752462882,17
2010-10-19,0.01746767456271502,31,0.013315877102112548,18,0.014264656632475056,19
2010-10-20,0.01849308174584137,33,0.01397431393141686,20,0.014672106139852537,20
2010-10-21,0.012824544079629076,20,0.014137063130001721,21,0.013602622890798523,17
2010-10-22,0.014037282553204149,23,0.014763752597686202,23,0.012744943165456418,14
2010-10-25,0.013320914274495135,22,0.014733045757870595,22,0.012499072619400258,13
2010-10-26,0.01063105378744669,13,0.013632301475644804,19,0.012203337001215219,12
2010-10-27,0.008226598606450758,6,0.013816939885546373,20,0.012059512737042987,11
2010-10-28,0.01139618344415737,16,0.011747576193990193,13,0.012275294838745121,12
2010-10-29,0.012482457682328545,19,0.012796408676295617,16,0.012915753640047494,15
2010-11-01,0.01200429408851541,18,0.011957296114752365,14,0.012367759003515364,12
2010-11-02,0.012055127952986393,18,0.01088923533012512,10,0.012073174225910688,11
2010-11-03,0.011820802860913965,17,0.009685364155953367,6,0.011609359348461912,9
2010-11-04,0.013174558610466139,21,0.011626266821988446,12,0.012306608546376295,12
2010-11-05,0.012856232029058891,20,0.012635513340306317,16,0.013291865553826257,16
2010-11-08,0.016330295953102283,29,0.013680495446596344,19,0.01374958228415339,17
2010-11-09,0.019883875639360466,35,0.015511213241996759,25,0.01438072900585507,20
2010-11-10,0.019635122492487885,35,0.01534056536535111,24,0.013942593649733902,18
2010-11-11,0.017075331752120147,30,0.014424751082894887,22,0.013858706311562226,18
2010-11-12,0.009012164338358181,8,0.01422575388781731,21,0.013190353572443298,15
2010-11-15,0.010480557601168072,13,0.014327097572847532,21,0.012999796152064164,15
2010-11-16,0.009575873827664989,10,0.015095670724919687,23,0.013077789101302455,15
2010-11-17,0.00906233582167455,8,0.015097763640836504,23,0.012572723079115746,13
2010-11-18,0.01204320629207741,18,0.01397269388812063,20,0.012375466831383377,12
2010-11-19,0.010794714234271415,14,0.01011914689956525,7,0.012421721332752636,12
2010-11-22,0.017800160352505385,32,0.014026337646346207,20,0.014507233921990508,20
2010-11-23,0.018674738505224626,33,0.014493536244155027,22,0.015230767512637706,22
2010-11-24,0.021706587175458716,38,0.01574699359984916,25,0.015563662460004143,23
2010-11-26,0.018491177366942554,33,0.01574553079543326,25,0.015611654722655532,23
2010-11-29,0.020063064567474274,36,0.016063954480100492,26,0.015046450055087049,21
2010-11-30,0.016362223268045303,29,0.016133044917901854,26,0.015383224902718953,23
2010-12-01,0.016255233002433703,29,0.017301462602056,29,0.01576507493510686,24
2010-12-02,0.018874886453771063,34,0.01968265291676632,34,0.01670021934520265,27
2010-12-03,0.017103288443672246,30,0.018851038264142878,32,0.01670022742945806,27
2010-12-06,0.017128620107029313,30,0.018909040348124687,32,0.015856229499818904,24
2010-12-07,0.013026195996301108,21,0.015539633533916677,25,0.01441517178411462,20
2010-12-08,0.01605594328035344,28,0.015902790812227816,26,0.015749179040318372,24
2010-12-09,0.013464563391263097,22,0.015491461178025258,25,0.015379524054448748,23
2010-12-10,0.013282091218633085,21,0.014488013321144026,22,0.015583947319259028,23
2010-12-13,0.012993176790483063,21,0.014488057967303918,22,0.015622438086789009,23
2010-12-14,0.014907060382600323,25,0.01319789005549952,18,0.01568151325412721,24
2010-12-15,0.011207197748338284,15,0.014219083917744495,21,0.015827742539762192,24
2010-12-16,0.011153430599368424,15,0.012264629974934063,15,0.01561169689359623,23
2010-12-17,0.007819195767900324,5,0.01230294603046699,15,0.015619141684861957,23
2010-12-20,0.010212063365007372,12,0.012800917061790904,16,0.015501100288591531,23
2010-12-21,0.011223120926381905,15,0.012831462421497433,16,0.015742112954048263,24
2010-12-22,0.008309967435170044,6,0.009886523894612788,7,0.013702381118714602,17
2010-12-23,0.010733551824670987,14,0.010822715936625834,10,0.013105249616809058,15
2010-12-27,0.010716548233342263,14,0.010964926962400902,10,0.012997958607030981,15
2010-12-28,0.011142814982064377,15,0.01089116260081879,10,0.012602142454436551,13
2010-12-29,0.010947742293458143,15,0.010494748891107016,9,0.01286184632685445,14
2010-12-30,0.00986472276865462,11,0.009479338790232121,6,0.01183608187009948,10
2010-12-31,0.008418097957916452,7,0.009243291786394563,5,0.011547540912511454,9
2011-01-03,0.014835161199476001,25,0.01231361637235197,15,0.011912623483617832,10
2011-01-04,0.014428215576017952,24,0.012161358740125066,14,0.011892337769487515,10
2011-01-05,0.012235358861466554,19,0.011770194790488261,13,0.01189907377701757,10
2011-01-06,0.014486066891543093,25,0.012379070970605522,15,0.012081399229924643,11
2011-01-07,0.015889192418836656,28,0.012053891139792428,14,0.010882937676946876,7
2011-01-10,0.00649897017236866,3,0.011528514078878725,12,0.01098198000194273,7
2011-01-11,0.006202605906538408,2,0.011485547221279285,12,0.010698588633073927,6
2011-01-12,0.00961438835811211,10,0.011684515861500364,13,0.01102688837741116,7
2011-01-13,0.00861637730473311,7,0.011700834209573043,13,0.010602076536108486,6
2011-01-14,0.011111181523574301,15,0.012966979270667617,17,0.010851451492802177,7
2011-01-18,0.010347916091343681,12,0.009586246015813442,6,0.01077561876560335,6
2011-01-19,0.0261656916117602,43,0.01793813012944223,30,0.015297392209962096,22
2011-01-20,0.024454069199212676,41,0.017654541311587002,30,0.01511163914885035,22
2011-01-21,0.024740680510330453,42,0.01769369656401925,30,0.014831838511579942,21
2011-01-24,0.020843059399332908,37,0.01762360911404503,29,0.01470354039888983,20
2011-01-25,0.02127879735083987,37,0.019140780777522615,33,0.015534590857683567,23
2011-01-26,0.01150731864555132,16,0.019126772268736953,33,0.015164927598821286,22
2011-01-27,0.015554412440754882,27,0.019493525151198444,34,0.015725445980583723,24
2011-01-28,0.01602151031161643,28,0.019654735740117772,34,0.015870209547922218,24
2011-01-31,0.01766514445153289,32,0.018568916454262323,31,0.016120872083653304,25
2011-02-01,0.012693067680082071,20,0.01930671433792376,33,0.016293897933863093,26
2011-02-02,0.012335560354546894,19,0.012629509782198695,16,0.014798851846716745,21
2011-02-03,0.010437748480418632,13,0.012568828125982012,16,0.014789390297098238,21
2011-02-04,0.006693494069058728,3,0.01252151849720709,15,0.01471030934502751,20
2011-02-07,0.0074644476046229445,5,0.013365851335917486,18,0.015014200297588999,21
2011-02-08,0.007102624691728977,4,0.009697899422373021,6,0.015056737998289464,21
2011-02-09,0.01111502879622342,15,0.011217629938412238,11,0.015358486583123145,23
2011-02-10,0.011264619204653829,16,0.010238191714200274,8,0.015370549148824495,23
2011-02-11,0.011708481591130344,17,0.009026157633708311,5,0.015148612368681305,22
2011-02-14,0.010058013356678584,11,0.00858322690426241,4,0.01521387662737765,22
2011-02-15,0.00917237574706032,9,0.008106901596540537,2,0.014463610006765921,20
2011-02-16,0.004592965605118891,0,0.008097350614713951,2,0.014549356887963386,20
2011-02-17,0.006992810840128055,4,0.008866079021095777,5,0.010436646192613036,5
2011-02-18,0.006521546089882304,3,0.008940359595263386,5,0.01042440951385427,5
2011-02-22,0.015254947894820287,26,0.012577556260038397,16,0.012409920670488664,12
2011-02-23,0.01508797055103761,26,0.012061623102508148,14,0.01241200515833116,12
2011-02-24,0.014557269153154903,25,0.011392631414274481,11,0.01100297445180241,7
2011-02-25,0.016065284207668423,28,0.011925431396275213,14,0.011148916615474527,8
2011-02-28,0.015587534652953372,27,0.01180371978312847,13,0.010715253495526624,6
2011-03-01,0.009810759261705295,11,0.012228649673522956,14,0.010802354003713686,6
2011-03-02,0.009936660477693756,11,0.0122301667467806,14,0.010495745169413514,5
2011-03-03,0.013183939505322586,21,0.013709364883009228,19,0.010951388288663516,7
2011-03-04,0.01521906904696738,26,0.014816492837994681,23,0.011875568902906522,10
2011-03-07,0.015467515230783813,27,0.014643007758368576,22,0.012088231896950257,11
2011-03-08,0.016356153319309855,29,0.01276174800786627,16,0.01251908736639165,13
2011-03-09,0.016603330173774196,29,0.012972816768208363,17,0.012176531761761705,11
2011-03-10,0.014501458565544363,25,0.013500946670673421,19,0.012206305235816757,12
2011-03-11,0.011478327940196991,16,0.012937708465335948,17,0.011887966471923734,10
2011-03-14,0.012124956360743839,18,0.013341883160784098,18,0.012190032825626234,12
2011-03-15,0.009187794859120954,9,0.012796045866257443,16,0.012024672245456563,11
2011-03-16,0.008003614798086468,6,0.013568171157650216,19,0.012341135163661704,12
2011-03-17,0.011292930122841695,16,0.012256776228329063,14,0.01258418698197309,13
2011-03-18,0.01864927236473024,33,0.014600680256462405,22,0.014139274589298876,19
2011-03-21,0.0171225379989541,30,0.01408862160842377,21,0.01406249105688347,18
2011-03-22,0.016230794708559045,29,0.013425189654815489,18,0.014024983825227101,18
2011-03-23,0.012895973846889772,21,0.013390729979392366,18,0.012530755230520359,13
2011-03-24,0.012942831525034188,21,0.012836622676025696,16,0.012545607296429211,13
2011-03-25,0.007054122375922555,4,0.013323453373633476,18,0.012759481758610802,14
2011-03-28,0.007201448811773357,4,0.012928362688796232,17,0.012571749588507113,13
2011-03-29,0.010330900918018911,12,0.013410502062527972,18,0.012925785091810926,15
2011-03-30,0.010238423014899257,12,0.011612311318356144,12,0.012584991145869317,13
2011-03-31,0.010135911769392008,12,0.011556290825823273,12,0.012576183531459895,13
2011-04-01,0.009230218626073693,9,0.008243829526332205,3,0.0121546618150542,11
2011-04-04,0.008836833602065759,8,0.008642954299161235,4,0.011392865114470007,9
2011-04-05,0.006999029702402146,4,0.008513646523298267,4,0.011114351328414231,8
2011-04-06,0.0108545728324165,14,0.01017990441326625,8,0.01148601134467188,9
2011-04-07,0.010264838767278009,12,0.01019005882351087,8,0.011417461783485378,9
2011-04-08,0.011230655199320904,15,0.009743992340999347,7,0.011225642368145373,8
2011-04-11,0.009966537736055728,11,0.008880264446947797,5,0.011232665442381752,8
2011-04-12,0.01088245107206453,14,0.008655904480219145,4,0.01086871057288496,7
2011-04-13,0.005495155550209521,1,0.008647403119873269,4,0.010724313306786259,6
2011-04-14,0.011653803870797601,17,0.012417911381568912,15,0.011678853447876503,10
2011-04-15,0.01177303384868017,17,0.011687025017985051,13,0.011558502593592935,9
2011-04-18,0.010231456203565593,12,0.011707303338404128,13,0.009867185104945131,4
2011-04-19,0.010117768879562833,12,0.011986921179521095,14,0.010099287710739036,5
2011-04-20,0.012058852090745677,18,0.009641470879661388,6,0.010165564631321516,5
2011-04-21,0.008150660315547549,6,0.00988430007749605,7,0.010218884082924064,5
2011-04-25,0.008550767475340167,7,0.009874719545044947,7,0.010276039723479256,5
2011-04-26,0.00917780178860951,9,0.010327470619325442,8,0.010212927771701906,5
2011-04-27,0.006732739461701931,3,0.010342676349651022,8,0.010049327853600644,4
2011-04-28,0.009231349745507732,9,0.010725381640776029,9,0.00995041502535147,4
2011-04-29,0.008727903279495288,7,0.007963185893344273,2,0.009920135953226335,4
2011-05-02,0.008376399084635595,7,0.0081009065634364,2,0.009964091287699674,4
2011-05-03,0.007659247542024742,5,0.007993489217171447,2,0.009653106116681966,3
2011-05-04,0.007650574580591645,5,0.0069838605294909465,1,0.009561312591950298,3
2011-05-05,0.004581821064797646,0,0.006994540779670574,1,0.009608995903010132,3
2011-05-06,0.004298206050538427,0,0.006575049794979309,0,0.008281364245034424,1
2011-05-09,0.004423487509943369,0,0.0063818391349156275,0,0.008157578691680255,1
2011-05-10,0.006343485844446247,3,0.0066303177269583955,0,0.008520143283789817,1
2011-05-11,0.009204881210854677,9,0.008143067092440111,3,0.008878321971969234,2
2011-05-12,0.016395495321790098,29,0.012523505503297967,15,0.011104945070108202,8
2011-05-13,0.015806369246171032,28,0.012238794256948963,14,0.011092724809263182,7
2011-05-16,0.015844269886579113,28,0.011887787988838949,13,0.009942114861877429,4
2011-05-17,0.013768020981883221,23,0.011673603230172861,12,0.010037266409862218,4
2011-05-18,0.014676465154731953,25,0.01182358148731582,13,0.010041522917076814,4
2011-05-19,0.00544408297760495,1,0.011873561690075984,13,0.009972913593366878,4
2011-05-20,0.013224999849335771,21,0.013799425495617305,20,0.01133989477913685,9
2011-05-23,0.01500479269142876,26,0.014768132875967883,23,0.01139039124860714,9
2011-05-24,0.015334319524417252,27,0.014182489038559976,21,0.011550558526447713,9
2011-05-25,0.015238816088030025,26,0.014198702339173653,21,0.011257846141438042,8
2011-05-26,0.015273033551704033,26,0.010812095291415223,10,0.01131036267919775,8
2011-05-27,0.0073848563009641715,4,0.012711519820514513,16,0.012144708683078464,11
2011-05-31,0.008561805862888754,7,0.0136497576801438,19,0.012752130832097402,14
2011-06-01,0.019896838895524006,35,0.017067321508869197,28,0.014173512568977992,19
2011-06-02,0.020753117031267723,37,0.017290722963473303,29,0.014136385898917013,19
2011-06-03,0.02120582056869514,37,0.01750258271170348,29,0.014395036276489179,20
2011-06-06,0.0185366631264765,33,0.014780432097748028,23,0.014435533531497144,20
2011-06-07,0.014202951386569415,24,0.014670158130411889,22,0.014417393765264248,20
2011-06-08,0.008073213851027742,6,0.014744468074033604,22,0.014455976884810264,20
2011-06-09,0.011495694228796116,16,0.015832351221528693,25,0.014821050006961664,21
2011-06-10,0.014158553422274215,24,0.017036002244266345,28,0.015427126398783025,23
2011-06-13,0.013109674204928081,21,0.01645670746573537,27,0.014064254164821138,19
2011-06-14,0.012333706675172527,19,0.015515634797637814,25,0.013968434444909025,18
2011-06-15,0.014427741726004958,24,0.012651032856890024,16,0.014319192625097078,20
2011-06-16,0.0136843851414047,22,0.012213704707010562,14,0.014507527606420002,20
2011-06-17,0.011775202273424896,17,0.012288702147012054,15,0.014664852707486608,20
2011-06-20,0.012315084929215568,19,0.012870605134414917,17,0.014846389648907866,21
2011-06-21,0.013038625956522961,21,0.012646095192212228,16,0.013238285695375902,16
2011-06-22,0.01156201204870824,16,0.012653340080283048,16,0.013375995133357362,16
2011-06-23,0.011815520461048612,17,0.013024879266479824,17,0.013764270610401407,17
2011-06-24,0.008963616207838945,8,0.011531948905231078,12,0.013922343578294116,18
2011-06-27,0.008811014471152803,8,0.010232624438328236,8,0.013915395055344735,18
2011-06-28,0.005265823747839712,1,0.010377429344629239,8,0.01330054479813209,16
2011-06-29,0.016599131090416913,29,0.013546696327525512,19,0.014173120990717797,19
2011-06-30,0.014968087810141714,26,0.01319103349496773,18,0.012497396904990656,13
2011-07-01,0.01671563700983585,30,0.015834390211882737,25,0.013549106722892047,17
2011-07-05,0.019815018646061996,35,0.015887824885595727,26,0.01393688441121283,18
2011-07-06,0.018588986993151244,33,0.01576438150885302,25,0.013773772479488296,17
2011-07-07,0.01580111721074221,28,0.015678786205333847,25,0.013792315112629181,18
2011-07-08,0.016495223399693445,29,0.01485091804568495,23,0.013665051841205745,17
2011-07-11,0.00985214195264463,11,0.0153163105633333,24,0.0137282911222342,17
2011-07-12,0.009286167363223723,9,0.015935225451189406,26,0.013310736734342852,16
2011-07-13,0.0093835202397064,9,0.015520026693450099,25,0.012931872749049859,15
2011-07-14,0.0064212185499563194,3,0.012885143887609394,17,0.012941721699014141,15
2011-07-15,0.007803117674290069,5,0.01278860763284675,16,0.012570888186705742,13
2011-07-18,0.0058720412168407005,2,0.007781039272424071,2,0.012359176553167501,12
2011-07-19,0.0037710974701654913,0,0.006927783206936863,1,0.012137840029163715,11
2011-07-20,0.016496027692001532,29,0.013786842289064878,20,0.014139199142081236,19
2011-07-21,0.01774303683794664,32,0.015269301023575042,24,0.0148794204899505,21
2011-07-22,0.018040176993359705,32,0.015058937507453055,23,0.014683467855115399,20
2011-07-25,0.016118415918077646,28,0.014074501189691816,21,0.014316800268552891,20
2011-07-26,0.01345046482086261,22,0.012802609861351882,16,0.014037697379227759,18
2011-07-27,0.015630983969337122,27,0.01516769526326463,24,0.014924430220298792,21
2011-07-28,0.012623602161358993,20,0.015159983660603725,24,0.01470189179437144,20
2011-07-29,0.01300525259369826,21,0.015548607309595994,25,0.013843151590413551,18
2011-08-01,0.011599544689771736,17,0.015527096818063425,25,0.01390401632846413,18
2011-08-02,0.01244659958737378,19,0.017299167365268632,29,0.013338229947198377,16
2011-08-03,0.012114839685430276,18,0.013682044944343306,19,0.01305922596324568,15
2011-08-04,0.019473306469183042,35,0.017340658402602478,29,0.016146931170189907,25
2011-08-05,0.01929457255937387,34,0.0171991175395051,29,0.015986128469263942,25
2011-08-08,0.026833236707391395,44,0.022589059652949994,38,0.020209644268938114,34
2011-08-09,0.04105407693306182,51,0.028650835383360475,45,0.022724960482851927,38
2011-08-10,0.05447680876432013,53,0.04047054970609433,50,0.031158283808940087,47
2011-08-11,0.07079343033390734,54,0.048978123398085556,52,0.035485601225762574,49
2011-08-12,0.07078038301523304,54,0.04892665510469347,52,0.03553860848017362,49
2011-08-15,0.06635888093713997,53,0.05025307564426451,52,0.03601816144361347,49
2011-08-16,0.06300908256246832,53,0.050192080515222996,52,0.03617163545065066,49
2011-08-17,0.03611941190837745,49,0.05008204084956608,52,0.0362029145887422,49
2011-08-18,0.0221523639503053,39,0.049474892858983946,52,0.03578727981157404,49
2011-08-19,0.02206503891336675,39,0.04947748444726967,52,0.03520571116520011,49
2011-08-22,0.019602792510620692,35,0.0481651343874295,52,0.0361251018736213,49
2011-08-23,0.02273614766868972,39,0.04493257162318266,51,0.035960406610001286,49
2011-08-24,0.031421628232038104,47,0.03442133983145216,49,0.0370373243677888,50
2011-08-25,0.02859856905053719,45,0.024160733792986958,40,0.03696556579038069,49
2011-08-26,0.029915638312537962,46,0.025171483756551014,42,0.03723035818045447,50
2011-08-29,0.01831546451090837,33,0.027430205219823013,44,0.03863420635918914,50
2011-08-30,0.02090803600652287,37,0.026892655224939055,44,0.03863502805867924,50
2011-08-31,0.018643636556966065,33,0.027058770951519828,44,0.03861146417239687,50
2011-09-01,0.027642650150875907,44,0.027041853323733208,44,0.03904860748778191,50
2011-09-02,0.033898769159017544,48,0.030466019955117402,47,0.03910570637941285,50
2011-09-06,0.021660146759206876,38,0.027525823675572363,44,0.03926691734171272,50
2011-09-07,0.03367304478364756,48,0.0300111041254852,47,0.03846678155569224,50
2011-09-08,0.03239973847414561,47,0.029713678937553653,46,0.037450196581758244,50
2011-09-09,0.03151443396718872,47,0.03034412568947976,47,0.030993709696551356,47
2011-09-12,0.028604256713809516,45,0.02957113164807235,46,0.026183650530814794,43
2011-09-13,0.028011580764151993,45,0.025829520514053888,42,0.026393623278434374,43
2011-09-14,0.020064841579853342,36,0.02625217805278369,43,0.025717643744653993,42
2011-09-15,0.020402159249109136,36,0.029030566565123535,46,0.026857401205035842,43
2011-09-16,0.013918520988259665,23,0.02731612703141755,44,0.026814294497385396,43
2011-09-19,0.021170147645076923,37,0.024467385064463405,41,0.026310440749899345,43
2011-09-20,0.02314179787840258,40,0.024247283510752032,40,0.02652811444679569,43
2011-09-21,0.029521517310874247,46,0.023993240449567122,40,0.026472725020657315,43
2011-09-22,0.016438535202556188,29,0.02480802075839525,41,0.027543272831789634,44
2011-09-23,0.02293195085234573,40,0.025294510452259365,42,0.0265059919145108,43
2011-09-26,0.037071331251966336,50,0.02944606557969357,46,0.028526615040742977,45
2011-09-27,0.036998623514277955,50,0.02913172271549358,46,0.028162887920178268,44
2011-09-28,0.03353723659000234,48,0.030253967569648658,47,0.026882783985278123,43
2011-09-29,0.029708993909854174,46,0.030877193596831536,47,0.02864919717552873,45
2011-09-30,0.04181778997083291,51,0.03406442041898172,49,0.030159781874542758,46
2011-10-03,0.038105521811458744,50,0.03568509741523162,49,0.030796956362687256,46
2011-10-04,0.04886937415443382,52,0.04091129841308895,51,0.032294589559669,48
2011-10-05,0.04711578667671356,52,0.03855675203111176,50,0.03203270994048672,47
2011-10-06,0.04749376165590117,52,0.038240598953817546,50,0.03219212217099208,48
2011-10-07,0.04755689794472606,52,0.04223789938134314,51,0.033404335977380795,48
2011-10-10,0.042678420465481225,51,0.041756809138676416,51,0.0343405623557713,48
2011-10-11,0.037604237953987665,50,0.041789048515848436,51,0.0343314790663695,48
2011-10-12,0.03817927915847778,50,0.04109383518911705,51,0.03472838798856056,49
2011-10-13,0.037907828366533794,50,0.040511529037242255,50,0.03522701855205124,49
2011-10-14,0.02539306216012989,42,0.0364828695888537,49,0.03432449022863832,48
2011-10-17,0.01982083426341193,35,0.03201338273711455,48,0.034353086549289966,48
2011-10-18,0.03133186540073881,47,0.03281570986803973,48,0.03634746189955232,49
2011-10-19,0.03206448952945919,47,0.033433474083652014,48,0.03618786471198287,49
2011-10-20,0.02647521579877841,43,0.03157346923711112,47,0.034615700124354165,49
2011-10-21,0.02639443354972385,43,0.024447209737306606,41,0.03332052608465095,48
2011-10-24,0.0259694508023768,43,0.02278992571118327,39,0.03341541998198181,48
2011-10-25,0.0211991617919074,37,0.026429245122577202,43,0.03332155047668695,48
2011-10-26,0.033401678242807535,48,0.031114795020279282,47,0.03560994050005051,49
2011-10-27,0.04888212120052027,52,0.0385479441647896,50,0.039720950140913744,50
2011-10-28,0.050951194070847715,52,0.03911929990559528,50,0.0393380434139778,50
2011-10-31,0.06290836537090845,53,0.04538994594926827,51,0.039431436821437064,50
2011-11-01,0.0672589848737473,53,0.04738698555903178,52,0.03999155723639295,51
2011-11-02,0.06242101373136312,53,0.04749344858527588,52,0.03902340796644743,50
2011-11-03,0.03785173116471845,50,0.04751877341131198,52,0.039003679912788164,50
2011-11-04,0.03755143086312821,50,0.048528886136172456,52,0.03888330075746093,50
2011-11-07,0.032535665283476185,48,0.04826430439293667,52,0.0365803560579649,49
2011-11-08,0.021242313564395234,37,0.047032648198802415,52,0.03626677182450505,49
2011-11-09,0.043886393194343336,51,0.0513175211280209,52,0.041089887386985685,51
2011-11-10,0.042010015580652635,51,0.03769820861090788,50,0.04076462663046468,51
2011-11-11,0.04439552590254841,51,0.03937883048840163,50,0.04036524732269119,51
2011-11-14,0.04449092346344421,51,0.03681950756180784,50,0.040776574808500804,51
2011-11-15,0.040215617826678984,51,0.0332473314434505,48,0.04078042582121687,51
2011-11-16,0.024726040882964286,42,0.03363604307908959,48,0.0399484281051382,50
2011-11-17,0.026783896282314833,44,0.033215353876915335,48,0.04046892816339771,51
2011-11-18,0.019444214471660455,35,0.03315590957221995,48,0.040458993370067586,51
2011-11-21,0.02011164573844528,36,0.03266116025350445,48,0.04029890179590834,51
2011-11-22,0.01629233748986171,29,0.029067453340813013,46,0.040087473083355515,51
2011-11-23,0.011829703290350468,17,0.018822577255620906,32,0.0396687162840392,50
2011-11-25,0.011954980483434166,18,0.019865597836209267,34,0.03706015238008563,50
2011-11-28,0.01839877065757619,33,0.0200821360367701,35,0.029698622079111725,46
2011-11-29,0.020403279487266602,36,0.01997915749624102,34,0.029739568993584608,46
2011-11-30,0.04061346690142241,51,0.03487303386866496,49,0.03422254313696282,48
2011-12-01,0.04023780959553866,51,0.032572959770679054,48,0.032420625681786795,48
2011-12-02,0.04057716440965411,51,0.03157937939178311,47,0.03265309145980536,48
2011-12-05,0.040690728847052667,51,0.03197778607080919,48,0.03308250787433572,48
2011-12-06,0.03425548962695603,49,0.03153226931644511,47,0.032888717529361296,48
2011-12-07,0.021001958097650934,37,0.030558768097018917,47,0.03404369223056735,48
2011-12-08,0.03556970001589647,49,0.035843499341657974,49,0.03506258326994827,49
2011-12-09,0.03430325422668736,49,0.03582275823623165,49,0.03024217688040646,46
2011-12-12,0.037082645856225324,50,0.03863051488499969,50,0.031191425753213,47
2011-12-13,0.03740353730012424,50,0.03948264637669227,50,0.031433457023311094,47
2011-12-14,0.024292157712058532,41,0.030895763794858776,47,0.03130177961757964,47
2011-12-15,0.019453739129574623,35,0.030876128111955208,47,0.031361075633528676,47
2011-12-16,0.008242361975403494,6,0.029062592825156802,46,0.03037363893419918,46
2011-12-19,0.0064460577040481816,3,0.027007031773929085,44,0.030031225514755164,46
2011-12-20,0.025986488948327485,43,0.03041646967326528,47,0.031225333177820894,47
2011-12-21,0.026448031377576148,43,0.026384302830186435,43,0.031279253995139214,47
2011-12-22,0.02803972040098611,45,0.025579186372976646,42,0.0313395465298492,47
2011-12-23,0.025613580532870637,42,0.0245290248762201,41,0.031092540371836407,47
2011-12-27,0.02347560717494948,40,0.023264345302636612,39,0.031476470420562654,47
2011-12-28,0.020176131892620467,36,0.022214704031065124,38,0.03143419918049878,47
2011-12-29,0.019969669009722253,36,0.022094683818034738,38,0.031091736162374255,47
2011-12-30,0.012241451179083457,19,0.021740530432474765,37,0.025495711922101965,42
2012-01-03,0.03091546761360055,47,0.02687559445914159,44,0.02816264982035448,44
2012-01-04,0.028814004361131733,45,0.024834609520772467,41,0.027396632821065626,44
2012-01-05,0.02578181081626104,43,0.022679933152367854,39,0.026672453109923954,43
2012-01-06,0.02763585277521158,44,0.023075368251794574,39,0.02650731855863436,43
2012-01-09,0.026917773080023258,44,0.021893492541109907,37,0.02498907566054149,42
2012-01-10,0.02036308952200414,36,0.024717957034975212,41,0.024458467472615444,41
2012-01-11,0.019192651180649112,34,0.023181274502810163,39,0.024434190708400232,41
2012-01-12,0.017942205083806378,32,0.02103613506289047,36,0.02340359345773539,40
2012-01-13,0.021714539069999154,38,0.02366044264424197,40,0.022897371291206094,39
2012-01-17,0.02425209294056622,41,0.02420821852650284,40,0.022661717803736683,38
2012-01-18,0.035098883246360006,49,0.027238842609637003,44,0.026402003449006308,43
2012-01-19,0.036255490109828356,49,0.027495004961462025,44,0.026278807887441698,43
2012-01-20,0.0363605210568731,49,0.027038357959088606,44,0.024990033109110302,42
2012-01-23,0.032582576287794554,48,0.0263364610293162,43,0.02442308900901908,41
2012-01-24,0.028884567972958332,45,0.026483645225243605,43,0.02442002877159623,41
2012-01-25,0.015405755364550914,27,0.025678111435414628,42,0.024235199692343952,41
2012-01-26,0.006818415717078742,3,0.02571717885055819,42,0.024060324316214098,40
2012-01-27,0.014322728982359293,24,0.026518016127649313,43,0.023671488693993794,40
2012-01-30,0.01761298922337666,31,0.026000726894501124,42,0.02360423298595691,40
2012-01-31,0.01856030381636533,33,0.024654459519249786,41,0.023642787029735796,40
2012-02-01,0.01822179684033659,33,0.015940815711860453,26,0.02339427160013912,39
2012-02-02,0.018576001008926802,33,0.013731783340087346,20,0.021275715007542172,36
2012-02-03,0.020652240749401772,36,0.016935552072678856,28,0.021823526622648182,37
2012-02-06,0.015537964413639013,27,0.01664772259182323,27,0.021809849973991956,37
2012-02-07,0.019142919204026512,34,0.01785743514136851,30,0.021796649069887687,37
2012-02-08,0.01846355546410472,33,0.017468579566324322,29,0.02187320952733505,37
2012-02-09,0.018611191883217835,33,0.01768236046347508,30,0.021014797364222997,35
2012-02-10,0.007294092721511909,4,0.016893474053361352,28,0.02155063174075664,36
2012-02-13,0.008302063260879603,6,0.015289833868651848,24,0.021482400606841767,36
2012-02-14,0.008887827021042476,8,0.01576662854429101,25,0.021033520987724524,36
2012-02-15,0.009130393050977173,9,0.014708595468198651,22,0.020584008198031148,35
2012-02-16,0.012598739158187327,20,0.015358215757021476,24,0.015332319187910129,22
2012-02-17,0.010913173640018878,14,0.009957621932953065,7,0.014043790576546871,18
2012-02-21,0.011001312992454661,15,0.010241245119114666,8,0.013985373144295175,18
2012-02-22,0.013082267353678585,21,0.011372339747351261,11,0.014754808726938433,20
2012-02-23,0.013809298707609774,23,0.01219278192140877,14,0.01489393956156448,21
2012-02-24,0.012842608052215551,20,0.012172160587102573,14,0.01477755325867387,21
2012-02-27,0.01208422083485802,18,0.010938325199292971,10,0.014776891459440883,21
2012-02-28,0.012255835654685627,19,0.011078677645612505,11,0.013555238995290425,17
2012-02-29,0.011168258088475845,15,0.011487331914012957,12,0.01344995614587711,16
2012-03-01,0.025615477280200184,42,0.019552322520339057,34,0.01708595326244176,28
2012-03-02,0.026866858265905017,44,0.02004177582337186,35,0.01703753949001713,28
2012-03-05,0.02813332125444009,45,0.02051030821655194,35,0.017294420533852623,28
2012-03-06,0.03465589211236911,49,0.02473381372522332,41,0.017978021902895394,30
2012-03-07,0.036094520570794514,49,0.025197692926076213,42,0.018817163798940266,32
2012-03-08,0.024398180104086436,41,0.024989987872803696,41,0.018672783921432873,32
2012-03-09,0.024507313575904844,41,0.024988751426598118,41,0.01867206958792329,32
2012-03-12,0.02420730171326242,41,0.02501241970472196,41,0.018673983945991922,32
2012-03-13,0.02756594272222891,44,0.03215842011629269,48,0.02292061876130225,39
2012-03-14,0.03562362051097449,49,0.033893180322160175,49,0.02436932786422082,41
2012-03-15,0.036245472867745064,49,0.030437763049862804,47,0.02439951298425562,41
2012-03-16,0.03639128586143274,49,0.030192392145855746,47,0.024426254783286503,41
2012-03-19,0.03572302681243676,49,0.02986853143911985,46,0.02437959783703934,41
2012-03-20,0.02182099739039494,38,0.02493929946742641,41,0.02443801058497434,41
2012-03-21,0.0099048163255042,11,0.024672060504499202,41,0.024452926336088376,41
2012-03-22,0.009713173925295426,10,0.025336584632277698,42,0.02408168041730075,40
2012-03-23,0.0101043733324854,12,0.02529941208548574,42,0.02406497843582048,40
2012-03-26,0.010783969853343204,14,0.025123074593887552,41,0.024156816914418875,40
2012-03-27,0.012640850733636922,20,0.01684509459115064,28,0.024496328377609535,41
2012-03-28,0.012635176501065437,20,0.01161441078791062,12,0.02449900785922713,41
2012-03-29,0.015449028062667734,27,0.012368793774791258,15,0.02467094493917477,41
2012-03-30,0.014294935468001702,24,0.012422476725714972,15,0.02206428632738024,37
2012-04-02,0.011490398820357026,16,0.01199575269972046,14,0.02192131459491528,37
2012-04-03,0.01233688451076091,19,0.012233501304332244,14,0.022159813191325563,38
2012-04-04,0.01367978293298894,22,0.013683175560487043,19,0.02059831002307607,35
2012-04-05,0.012995530386358506,21,0.014093969351942764,21,0.020398201800298808,34
2012-04-09,0.01043907244568421,13,0.012770341478194103,16,0.020446970759640026,35
2012-04-10,0.0055158963095038515,1,0.010647921163306425,9,0.0209585921491466,35
2012-04-11,0.01408247219474639,23,0.012812012051349207,16,0.021140307127035587,36
2012-04-12,0.0244764442631215,41,0.01960610157855651,34,0.01762026667878616,29
2012-04-13,0.031491969901272385,47,0.022854474877892966,39,0.018695261853160894,32
2012-04-16,0.033598341696069345,48,0.024546047789643463,41,0.0187340855210925,32
2012-04-17,0.03180221440260631,47,0.024322526887296202,41,0.018770117251854783,32
2012-04-18,0.0322816437029653,47,0.024135757108532524,40,0.01865073040637413,31
2012-04-19,0.02385009649373967,41,0.023682759144883225,40,0.018378190705004488,31
2012-04-20,0.01563588196156821,27,0.023440000502011556,40,0.018384148457885153,31
2012-04-23,0.0037310120246394286,0,0.023411595762506482,40,0.018354513542724188,31
2012-04-24,0.014794969993455875,25,0.02386558634845888,40,0.018898499845810286,32
2012-04-25,0.014039070094579128,23,0.023484378794419197,40,0.01838361009672078,31
2012-04-26,0.012246487671059538,19,0.019152792331842486,33,0.018418133634992236,31
2012-04-27,0.010611920348278002,13,0.013297488019648265,18,0.018401390207012203,31
2012-04-30,0.009137916651716059,9,0.01086803002545893,10,0.018169204706907183,30
2012-05-01,0.003549990087678668,0,0.010757580829735814,9,0.018108002949459422,30
2012-05-02,0.007972783905132745,6,0.010811316630457223,10,0.018146186795616154,30
2012-05-03,0.010911302030322086,14,0.011547635938857758,12,0.018230789641558588,30
2012-05-04,0.012976470931004172,21,0.013140619820372044,18,0.01824893224382675,30
2012-05-07,0.013993404558562452,23,0.013662804992067575,19,0.018279281554401512,31
2012-05-08,0.012933308991527807,21,0.011144734775012157,11,0.018254476139750887,31
2012-05-09,0.013477485130914282,22,0.012004156314050057,14,0.01816085215806425,30
2012-05-10,0.012695872471721176,20,0.01137349471261999,11,0.017874203211988144,30
2012-05-11,0.018091238555697994,32,0.01493770143994694,23,0.01666906492138427,27
2012-05-14,0.013216901907168973,21,0.013948646541949524,20,0.014921464370708558,21
2012-05-15,0.015221710394732257,26,0.01387941881909278,20,0.013439074743693576,16
2012-05-16,0.015214741136939122,26,0.01389891024666377,20,0.013581244854561914,17
2012-05-17,0.01492175527199412,26,0.013803228410280647,20,0.013555580266579161,17
2012-05-18,0.00902109038466812,8,0.013480085426409908,19,0.013594024612609416,17
2012-05-21,0.012016675335241192,18,0.01367864349140895,19,0.014186988453954929,19
2012-05-22,0.014103089598302677,24,0.015499865398681105,25,0.014705637476555065,20
2012-05-23,0.01275864587326755,20,0.016042420674865315,26,0.013587579879357723,17
2012-05-24,0.012898701405301019,21,0.016074137998551702,26,0.013556073233318505,17
2012-05-25,0.009591782201613452,10,0.012128979666851466,14,0.0133175239017435,16
2012-05-29,0.009883581378917688,11,0.011491833348645942,12,0.013950830732059848,18
2012-05-30,0.017647130720102034,32,0.015075342296358022,23,0.014659165612430526,20
2012-05-31,0.018827084226190775,34,0.015339534099593682,24,0.015176935479310977,22
2012-06-01,0.022524283543368988,39,0.01784551513903126,30,0.015980823204980434,25
2012-06-04,0.0224185984030113,39,0.017947898258231756,30,0.015923992769039025,24
2012-06-05,0.022769665116374474,39,0.018213313408369677,31,0.01636204785973314,26
2012-06-06,0.02514867549333301,42,0.020804586075486575,36,0.017953440913460326,30
2012-06-07,0.024741961065511315,42,0.02073912831522976,36,0.017966470199199988,30
2012-06-08,0.018882441358045694,34,0.020736295790294,36,0.01795300084517224,30
2012-06-11,0.019087598813841807,34,0.021352278568999367,37,0.018151365373456595,30
2012-06-12,0.01909551875736142,34,0.021469352788570532,37,0.01695132292057953,27
2012-06-13,0.013597685542544367,22,0.019293376164725953,33,0.01654500962007009,26
2012-06-14,0.014896530292446688,25,0.019320047189766255,33,0.016854823696986692,27
2012-06-15,0.01738502088316762,31,0.017135520593580138,28,0.017219033020202803,28
2012-06-18,0.018254609982256163,33,0.01764422512979609,30,0.017640669669140033,29
2012-06-19,0.021790217128515237,38,0.019322918867136496,33,0.018515362270683667,31
2012-06-20,0.019319780642765447,34,0.017168797136850475,29,0.01837478106816007,31
2012-06-21,0.024735151823731902,42,0.01925326983844802,33,0.01915623444893693,32
2012-06-22,0.022296213203660445,39,0.019163259318999842,33,0.019092685931487163,32
2012-06-25,0.023236316443556355,40,0.020032540620096614,35,0.019677529762260896,33
2012-06-26,0.01412918717464057,24,0.01933979091472902,33,0.01967664192363711,33
2012-06-27,0.021266358000331272,37,0.02071878036834216,36,0.02032886441589068,34
2012-06-28,0.017912496606909377,32,0.0203691331480583,35,0.019047493994201636,32
2012-06-29,0.02121671511365065,37,0.021057403861481052,36,0.019707657163826862,33
2012-07-02,0.012525864709822861,20,0.019913596174392187,34,0.01843860613190266,31
2012-07-03,0.009431590712987851,10,0.018350302665705375,31,0.018034891510027178,30
2012-07-05,0.020151801706134367,36,0.020611212937871708,35,0.019119944742208253,32
2012-07-06,0.020690680180304892,37,0.01844314905459342,31,0.018068075929574424,30
2012-07-09,0.017578966270644113,31,0.018810675241320456,32,0.018078873655539004,30
2012-07-10,0.015251597764648081,26,0.016409204743754593,27,0.018045196669151515,30
2012-07-11,0.013354269883331875,22,0.0163830400627299,27,0.01764068971832256,29
2012-07-12,0.008394315146190589,7,0.015433629225508286,24,0.017632673872469584,29
2012-07-13,0.019777283432349666,35,0.019081793519938477,33,0.018976616754068924,32
2012-07-16,0.018146503305523067,32,0.017591006938946618,29,0.018856128698627787,32
2012-07-17,0.017617759980051776,32,0.017158356805889764,29,0.018428251982658808,31
2012-07-18,0.020287116397051528,36,0.01704692365650953,28,0.018095199324291895,30
2012-07-19,0.021071278062363526,37,0.015472084543633852,24,0.01729845250899172,28
2012-07-20,0.00914974401912723,9,0.015641134293145606,25,0.0173816101297202,29
2012-07-23,0.0075455188948165925,5,0.015650725746105057,25,0.01646768992846912,26
2012-07-24,0.012233997614893676,19,0.016371140846542277,27,0.016745011284148018,27
2012-07-25,0.01480459717387759,25,0.016882058614214285,28,0.015914966395295004,24
2012-07-26,0.01506897753827288,26,0.017411319974176765,29,0.016418626342706456,26
2012-07-27,0.01707710514645089,30,0.017460174030116134,29,0.01735584901224971,29
2012-07-30,0.01589099373796578,28,0.017860081687050056,30,0.017540984319247287,29
2012-07-31,0.017476751452884534,31,0.017888522245333188,30,0.016838772991607853,27
2012-08-01,0.01975405390157449,35,0.017228730910395694,29,0.016804630182631803,27
2012-08-02,0.02220166486725137,39,0.018240448028468643,31,0.01730304220529913,28
2012-08-03,0.020513711427036257,36,0.019842047531923427,34,0.0175487987123446,29
2012-08-06,0.020679534778536134,36,0.018832414390703364,32,0.0175424250648453,29
2012-08-07,0.02102949496505684,37,0.01878481886030987,32,0.01734294597696671,29
2012-08-08,0.020901764730650394,37,0.019270457499685947,33,0.017468208239883216,29
2012-08-09,0.014034242204709496,23,0.018610663316042202,32,0.017491562040474952,29
2012-08-10,0.009554714565201685,10,0.015331516432168001,24,0.017264670518207265,28
2012-08-13,0.009009742249873208,8,0.015042663408460452,23,0.015667478928465546,24
2012-08-14,0.007779453338183195,5,0.015152841795689254,23,0.015730205391181317,24
2012-08-15,0.006792673073386368,3,0.01478102998298646,23,0.015754363910014307,24
2012-08-16,0.004720065454266598,1,0.011680939851773698,13,0.015231764838399841,22
2012-08-17,0.003631117226856086,0,0.00698542914924471,1,0.014608565253315624,20
2012-08-20,0.00770102492233758,5,0.007901815416705813,2,0.014509989256779184,20
2012-08-21,0.007051257152643423,4,0.007297517752322014,1,0.014094228535855126,19
2012-08-22,0.008210445163165108,6,0.007163735874810502,1,0.0142033523529811,19
2012-08-23,0.00904511458298908,8,0.006840157846508674,1,0.01415896985171628,19
2012-08-24,0.009609709570681451,10,0.006895253812315783,1,0.013601729759108743,17
2012-08-27,0.005987452438306498,2,0.006762099165698222,0,0.011279099555106673,8
2012-08-28,0.005978397392937771,2,0.0066065075896183595,0,0.011101919466017608,7
2012-08-29,0.005370696808524773,1,0.006579040238602585,0,0.011109947441548628,8
2012-08-30,0.00609123603604268,2,0.007270043612876381,1,0.011093994295622,7
2012-08-31,0.006425668287060376,3,0.007732123393784338,2,0.00959400781889954,3
2012-09-04,0.0068156862764557746,3,0.006219409678094722,0,0.007055147408963397,0
2012-09-05,0.014886833333579746,25,0.011877753310889728,13,0.009616841746299436,3
2012-09-06,0.017753617421477626,32,0.014191911346921344,21,0.011419830903096088,9
2012-09-07,0.012639364192449877,20,0.014121001954080049,21,0.01187583837412635,10
2012-09-10,0.020297923656886315,36,0.016274338745009914,27,0.012612889228524986,13
2012-09-11,0.0195188195357084,35,0.016242829965652905,27,0.012657609692361477,14
2012-09-12,0.01779981260297,32,0.015741079890037014,25,0.01275569534319941,14
2012-09-13,0.015397850500939414,27,0.015723074971630994,25,0.012907767328681163,14
2012-09-14,0.013891217397621083,23,0.014205970154517045,21,0.0127592925524093,14
2012-09-17,0.013014753309644212,21,0.01656076335835902,27,0.013455452917202093,16
2012-09-18,0.012515885337240771,20,0.016972125558712706,28,0.01348576674151083,16
2012-09-19,0.012666489466893163,20,0.016188495106221952,26,0.013656567412067241,17
2012-09-20,0.007696932366199248,5,0.014695716001078028,22,0.014147029165212568,19
2012-09-21,0.004785202590283146,1,0.013041151410227334,17,0.014214814370058736,19
2012-09-24,0.004858065154000519,1,0.012029596203809013,14,0.014072423393044414,19
2012-09-25,0.009591762623589614,10,0.013580137715114947,19,0.015691083995055723,24
2012-09-26,0.010039074148443308,11,0.012369301114312994,15,0.015770995789996124,24
2012-09-27,0.01629906361254765,29,0.012029643879529308,14,0.01608323564363455,25
2012-09-28,0.016818050998090025,30,0.011737708809455764,13,0.016555157191200265,26
2012-10-01,0.02260183399312207,39,0.01575531734325564,25,0.017149736868028634,28
2012-10-02,0.016805475985242627,30,0.01585050818320619,26,0.017127715411323362,28
2012-10-03,0.0158626194375121,28,0.015912365837062892,26,0.01712504499696727,28
2012-10-04,0.01553410244073452,27,0.016305186485501427,27,0.01612643665767885,25
2012-10-05,0.012808370639088372,20,0.016141251470195333,26,0.014843647395390623,21
2012-10-08,0.007985446701724111,6,0.016104808197804427,26,0.013952826524934805,18
2012-10-09,0.008096407725857782,6,0.012510262524840776,15,0.013491659890084641,16
2012-10-10,0.008048471691471673,6,0.012127550642198694,14,0.013031239555934054,15
2012-10-11,0.00765229937717029,5,0.011794917493224458,13,0.013162290087267247,15
2012-10-12,0.010889042116117692,14,0.01202046094129247,14,0.012863511818254113,14
2012-10-15,0.018763160379797188,34,0.013757173350813563,20,0.015033107150433834,21
2012-10-16,0.020506271520828775,36,0.014737265896253713,22,0.01496008235965383,21
2012-10-17,0.020710558415084818,37,0.014995424637421243,23,0.015195079666585511,22
2012-10-18,0.020337806377143264,36,0.01451776598311583,22,0.01504742792522002,21
2012-10-19,0.019758240374444434,35,0.015205662830888646,24,0.015073633846016756,22
2012-10-22,0.010704988861140947,14,0.015561682384425214,25,0.015045639094625137,21
2012-10-23,0.016582389025997818,29,0.01885618462431255,32,0.016698456915563906,27
2012-10-24,0.014496212938598959,25,0.0189413790936346,32,0.015470644609897952,23
2012-10-25,0.01413182341742309,24,0.018093348890220757,31,0.015419477168613959,23
2012-10-26,0.014215609433357175,24,0.017524420327493413,29,0.014997459717491144,21
2012-10-31,0.0199965660294579,36,0.015169221754670007,24,0.015361677416668523,23
2012-11-01,0.012153557682689291,18,0.016242616416016327,26,0.014824612772267832,21
2012-11-02,0.01591427477888577,28,0.016172009048725497,26,0.015233722702382976,22
2012-11-05,0.01552735256089492,27,0.016348222984791806,27,0.015247015751194741,22
2012-11-06,0.014980294502447821,26,0.01672432382449225,28,0.015276314991404817,22
2012-11-07,0.03528160763890622,49,0.027241970033366026,44,0.021296438571838768,36
2012-11-08,0.03219504736623802,47,0.02648679357783637,43,0.021855951746665495,37
2012-11-09,0.03386330598516415,48,0.02653483154128575,43,0.021938893679688515,37
2012-11-12,0.03423530317150647,49,0.02680973634398652,43,0.02203620813042954,37
2012-11-13,0.030783332542169625,46,0.026853217574494975,43,0.021722501998279308,37
2012-11-14,0.0148589477299011,25,0.025523114797062357,42,0.021874656528851927,37
2012-11-15,0.012901152304153089,21,0.024571854124810583,41,0.020321971758941817,34
2012-11-16,0.012440086879524699,19,0.024721334907708552,41,0.020310302397758016,34
2012-11-19,0.015532464121529444,27,0.025940003356992838,42,0.020674710451960846,35
2012-11-20,0.015018799998834433,26,0.02482109892391697,41,0.02065282847755536,35
2012-11-21,0.010072770924519477,11,0.013625292143573525,19,0.020535355952186998,35
2012-11-23,0.01244335848388891,19,0.012671170002542555,16,0.021168341418324493,36
2012-11-26,0.012293469384293185,19,0.012624943987086391,16,0.020048058398045857,34
2012-11-27,0.015575896655502066,27,0.01468932889129226,22,0.020556566869075806,35
2012-11-28,0.015843214318951332,28,0.014557901535130032,22,0.020632482408271854,35
2012-11-29,0.016010721831444915,28,0.012801354486116114,16,0.020656393572360748,35
2012-11-30,0.011471245177439152,16,0.013073711629652263,17,0.019913255831501383,34
2012-12-03,0.011459424213086733,16,0.0131048741637022,17,0.019357619113421348,33
2012-12-04,0.00954197165382467,10,0.012305361954863562,15,0.019434668475508416,33
2012-12-05,0.008738764698852772,7,0.012453507728838235,15,0.019391895284431138,33
2012-12-06,0.00888342341000831,8,0.012425591043162496,15,0.01886189455862596,32
2012-12-07,0.00856725150481464,7,0.009610162673045276,6,0.012420890648362881,12
2012-12-10,0.008289548521746588,6,0.009479295963483871,6,0.01132434533591216,8
2012-12-11,0.007737673053829485,5,0.008977997537597527,5,0.011706102359121884,10
2012-12-12,0.00896615007743967,8,0.008810252193830487,4,0.011660845824222348,10
2012-12-13,0.008972680571276573,8,0.008789435749709834,4,0.01156593815213742,9
2012-12-14,0.008019980188989634,6,0.008609289904849963,4,0.010680512512567849,6
2012-12-17,0.015462075260866407,27,0.013625970980919616,19,0.01272278567360837,14
2012-12-18,0.018870515811520196,34,0.014739662042639917,22,0.014448029000460048,20
2012-12-19,0.018217964507666048,33,0.015296285389847898,24,0.014057039882109547,18
2012-12-20,0.017011693483097088,30,0.015384512306642383,24,0.014410734169243615,20
2012-12-21,0.021052658435320296,37,0.015948500680170397,26,0.014659360619492467,20
2012-12-24,0.019508209527870163,35,0.01674969704945298,28,0.014254591634348177,19
2012-12-26,0.011676017286155397,17,0.016926229976789463,28,0.01429932003282642,19
2012-12-27,0.011660708093960805,17,0.016714753256227767,28,0.013356396943181132,16
2012-12-28,0.003067109631579097,0,0.0174764800866061,29,0.01357867171392767,17
2012-12-31,0.010130416709041903,12,0.01778249662268048,30,0.013781497315682985,17
2013-01-02,0.017265262596408322,31,0.0173675285553659,29,0.014851407482971778,21
2013-01-03,0.017638655131385027,32,0.01456355534520721,22,0.015040551440042928,21
2013-01-04,0.01874826638025973,34,0.016253201949722507,27,0.01504332070657215,21
2013-01-07,0.016882711812792665,30,0.01563544637073523,25,0.015159936102636797,22
2013-01-08,0.01949404240749601,35,0.015556021170957767,25,0.015492488587627872,23
2013-01-09,0.014707423349777505,25,0.015173149261885666,24,0.015277113221589268,22
2013-01-10,0.015503670789704143,27,0.015778799808089845,25,0.015638923153030792,23
2013-01-11,0.012423205813476414,19,0.015618248060719665,25,0.01565762909141333,23
2013-01-14,0.013264973608804837,21,0.015409071439076275,24,0.015693499438382365,24
2013-01-15,0.012294321591735272,19,0.015568536431163162,25,0.015858032233443137,24
2013-01-16,0.020782611397789977,37,0.017261610780566813,29,0.017511223383027845,29
2013-01-17,0.01982415824606711,35,0.016932350849130032,28,0.016506956213091065,26
2013-01-18,0.020887514998468193,37,0.016582159501695507,27,0.015765794618104567,24
2013-01-22,0.018450154187306562,33,0.01628198211702357,27,0.015619586791642092,23
2013-01-23,0.018138585763727205,32,0.015634828921169137,25,0.015460519179135513,23
2013-01-24,0.012011137289527216,18,0.01618273897922147,26,0.01522186246883275,22
2013-01-25,0.012435770684446328,19,0.015603363760542019,25,0.015090401638035046,22
2013-01-28,0.006075799115101362,2,0.015623462686267705,25,0.0150665272520693,22
2013-01-29,0.010564139000426638,13,0.015640365208807343,25,0.015197550947853187,22
2013-01-30,0.010342094938658994,12,0.015333949170819532,24,0.014825877163727384,21
2013-01-31,0.009726727373776544,10,0.010333112921987934,8,0.014705607001147206,20
2013-02-01,0.00947628310741881,10,0.010509437550681202,9,0.013654627998407063,17
2013-02-04,0.01390801622251787,23,0.010470574478343172,9,0.014277310791883699,19
2013-02-05,0.01373877014499113,23,0.011659677831123271,12,0.013804128230894885,18
2013-02-06,0.013542447636465154,22,0.011483990800359455,12,0.013705703809371706,17
2013-02-07,0.014443018190598554,24,0.01161444773659582,12,0.013545209614259047,17
2013-02-08,0.013703173158442427,23,0.01143057897958596,12,0.013537447069137955,17
2013-02-11,0.00925029571905164,9,0.011169159800912792,11,0.012977005607848733,15
2013-02-12,0.006772422591291794,3,0.010212364955012116,8,0.012974225041172882,15
2013-02-13,0.006844894320927918,3,0.010127960556496287,7,0.012655544833789492,14
2013-02-14,0.003926894548197314,0,0.010213212395400599,8,0.012454287852910223,13
2013-02-15,0.007004669776747626,4,0.010320417598102273,8,0.010046962925250577,4
2013-02-19,0.011047302901509543,15,0.009662220077772312,6,0.010791448043364375,6
2013-02-20,0.016966551507926524,30,0.0123051923568112,15,0.01148119964655492,9
2013-02-21,0.0213239258424926,38,0.01567419621842439,25,0.013214431192506745,16
2013-02-22,0.023821396642171696,41,0.01686954441440999,28,0.013839782961073126,18
2013-02-25,0.029878982854153732,46,0.021704853069867584,37,0.016888493928763328,27
2013-02-26,0.025168054540641846,42,0.021649716918501375,37,0.016859335154642496,27
2013-02-27,0.02954306619196185,46,0.022912799882748476,39,0.0175854548166031,29
2013-02-28,0.027209564543386505,44,0.023115448268713246,39,0.01737652737775328,29
2013-03-01,0.024722435290189564,42,0.022919037376477266,39,0.017399002802466465,29
2013-03-04,0.01348689779192748,22,0.02331891368419274,39,0.017513591101219146,29
2013-03-05,0.013350260864804663,22,0.021781555984600194,37,0.01731070561902729,28
2013-03-06,0.00912140573146685,9,0.020990538393553262,36,0.016913319105611665,27
2013-03-07,0.0046574087231812614,1,0.01917208468934517,33,0.016738524254770064,27
2013-03-08,0.015416023237571502,27,0.01984784134046333,34,0.017608125079816943,29
2013-03-11,0.014817050163505053,25,0.01357354262196848,19,0.017547988402511008,29
2013-03-12,0.015364091849860989,27,0.014216554741119675,21,0.017596875475318113,29
2013-03-13,0.014625367159745018,25,0.011931563749466564,14,0.017573240594846974,29
2013-03-14,0.013908425203446477,23,0.011723635540757473,13,0.017632581618076723,29
2013-03-15,0.008445304043127464,7,0.01172770100158006,13,0.01766131465816391,29
2013-03-18,0.01269600215887161,20,0.013121168698555263,17,0.018000781441195938,30
2013-03-19,0.015103549396044252,26,0.014425549134972888,22,0.018469109095740635,31
2013-03-20,0.016111656318087048,28,0.014509518026317345,22,0.017714840470015734,30
2013-03-21,0.01751414868971061,31,0.015507834467149961,25,0.018365850180352986,31
2013-03-22,0.0182815181917295,33,0.015118580411252565,23,0.01760519920394815,29
2013-03-25,0.017901840662406274,32,0.014966314405741383,23,0.016835167151168156,27
2013-03-26,0.016744671491571047,30,0.015040939371834264,23,0.014228784030392365,19
2013-03-27,0.01678046467525962,30,0.015513149315909101,25,0.014359048331030636,20
2013-03-28,0.006344107189708371,3,0.014390372978138865,21,0.013226905263099293,16
2013-04-01,0.00660347749784307,3,0.013988136456800856,20,0.013062775767766044,15
2013-04-02,0.00674674904048775,3,0.013513581406920652,19,0.013045631867297118,15
2013-04-03,0.012075501141217868,18,0.013778964144742915,20,0.0135118227361036,16
2013-04-04,0.009810680794534968,11,0.013101017531121022,17,0.013391319871554824,16
2013-04-05,0.011127771944606193,15,0.00933115619994637,6,0.013293743086728597,16
2013-04-08,0.01122855995366898,15,0.008765565744668394,4,0.012577985284362804,13
2013-04-09,0.014855220595714865,25,0.010887978120907395,10,0.012701231116191316,14
2013-04-10,0.010493737596818783,13,0.012561631005584823,15,0.013565194770455754,17
2013-04-11,0.010408654409639236,13,0.01239201439323527,15,0.01343638981845503,16
2013-04-12,0.010977387234550422,15,0.012242459296326218,14,0.013436132143300252,16
2013-04-15,0.01589056797324082,28,0.01345106405093659,19,0.013485964638635722,16
2013-04-16,0.015290192599204333,26,0.014305908825703345,21,0.013689315143660842,17
2013-04-17,0.010515539077217213,13,0.014635466150315133,22,0.014054520656800086,18
2013-04-18,0.009078816403114283,8,0.015152177869532987,23,0.013742375084141946,17
2013-04-19,0.009294930380342825,9,0.014971079689663602,23,0.01350617212606024,16
2013-04-22,0.012502495159148577,20,0.015204033551331948,24,0.012017583659101636,11
2013-04-23,0.018816895958052634,34,0.01619050482245475,26,0.013166997743010764,15
2013-04-24,0.013887554602748207,23,0.014626600985957866,22,0.013270616932772913,16
2013-04-25,0.009106945686141971,9,0.014930555812153141,23,0.01332285062114783,16
2013-04-26,0.01048017591041469,13,0.014894852200624777,23,0.01317125575058815,15
2013-04-29,0.010439257874440583,13,0.014257118338052335,21,0.013258777156493694,16
2013-04-30,0.00496556470847773,1,0.013332328282460894,18,0.013247016463906811,16
2013-05-01,0.013140970302863354,21,0.013204131599619568,18,0.014176182269894167,19
2013-05-02,0.013398507185445253,22,0.012065599595781684,14,0.01343385076440497,16
2013-05-03,0.014418622660147741,24,0.012279430230876626,15,0.0136479624856359,17
2013-05-06,0.016879598655610055,30,0.013341984125228102,18,0.014333728623672475,20
2013-05-07,0.016861275823717617,30,0.011718519514168982,13,0.014361596673980926,20
2013-05-08,0.006414922765135545,3,0.011705330893334392,13,0.013877999444078023,18
2013-05-09,0.01189949543531926,17,0.012701290157795971,16,0.013443540679798964,16
2013-05-10,0.011579819140301659,16,0.01245119574890638,15,0.013458627489106258,16
2013-05-13,0.007398414033673129,4,0.012392580492220874,15,0.013479806484770564,16
2013-05-14,0.015988859787248726,28,0.015544688869226908,25,0.014555426882387127,20
2013-05-15,0.015984443762292258,28,0.011621344143799787,12,0.013926126828175891,18
2013-05-16,0.014853894986019547,25,0.012704112554000366,16,0.012651618290144257,14
2013-05-17,0.01613529009401371,28,0.013725514194135032,20,0.012563634582981206,13
2013-05-20,0.01601054541662231,28,0.013015406827094804,17,0.012508266264567596,13
2013-05-21,0.011364349244230187,16,0.013087861141448255,17,0.01255283043316879,13
2013-05-22,0.013623303811672522,22,0.01405391941303694,20,0.012301271343493595,12
2013-05-23,0.014807104962812942,25,0.014146858689576635,21,0.012860967770796485,14
2013-05-24,0.01050568886383797,13,0.014143736626088598,21,0.012887099598455605,14
2013-05-28,0.011750745918395417,17,0.014228107044958851,21,0.01282878243971291,14
2013-05-29,0.012166108541643251,18,0.01143913374012407,12,0.012950617543653353,15
2013-05-30,0.010498609618827218,13,0.011491019372425854,12,0.01297158886402991,15
2013-05-31,0.011243088470605718,15,0.012441577367141448,15,0.011994779967787353,11
2013-06-03,0.011292109403109343,16,0.010662000096001352,9,0.012009361809189687,11
2013-06-04,0.012873985615532584,21,0.01163289335479064,12,0.01253559234987053,13
2013-06-05,0.013866846324487985,23,0.013054231076381026,17,0.013191305601383799,15
2013-06-06,0.013769659702785762,23,0.013144352910360778,18,0.013235355834950873,16
2013-06-07,0.023313586843523474,40,0.01726181593993298,29,0.015432861980587718,23
2013-06-10,0.02330425614787278,40,0.017273730914759148,29,0.01498971262332568,21
2013-06-11,0.026271551729151025,43,0.019511343471325472,34,0.016429685518507642,26
2013-06-12,0.024076675635273846,41,0.019300064828633192,33,0.016686423584730017,27
2013-06-13,0.02571025628583631,43,0.02070637007882858,36,0.01606209037551695,25
2013-06-14,0.020132006203498906,36,0.02103035050506635,36,0.01667106021210993,27
2013-06-17,0.019893328598895057,35,0.020956912172481537,36,0.01655307528408085,26
2013-06-18,0.01604913407028239,28,0.0205329055444301,35,0.01584271155629946,24
2013-06-19,0.01736719211525702,31,0.019961615927763764,34,0.016286517729657186,26
2013-06-20,0.017632010396396,32,0.02344723905771774,40,0.01815936471246773,30
2013-06-21,0.01752910314444624,31,0.018192048585908914,31,0.018137707484763916,30
2013-06-24,0.014691431328077272,25,0.017813887518632502,30,0.018580801102916204,31
2013-06-25,0.01965297333548162,35,0.018642058483403313,32,0.018825140549438558,32
2013-06-26,0.019704451267578117,35,0.01864636257013429,32,0.018609260767924147,31
2013-06-27,0.015772681135403716,28,0.01669678735960387,27,0.01855493134471434,31
2013-06-28,0.01666869047136836,30,0.016536076376709383,27,0.01852925567980481,31
2013-07-01,0.013035094640956658,21,0.01618892940012527,26,0.018442379495955355,31
2013-07-02,0.01062740927118753,13,0.015977642045631013,26,0.018237469345854903,30
2013-07-03,0.010054016773415133,11,0.01581231599289699,25,0.018149014414704692,30
2013-07-05,0.012416152180312886,19,0.013426479929174104,18,0.018281195717695143,31
2013-07-08,0.009439750300993647,10,0.013323588795804664,18,0.018175300351966975,30
2013-07-09,0.012100594363605985,18,0.01220087574765773,14,0.016384539566224647,26
2013-07-10,0.012521152766277242,20,0.011985733500642384,14,0.016195842055379862,25
2013-07-11,0.011364675828053861,16,0.011694877883609584,13,0.01572933704655166,24
2013-07-12,0.010758502636608526,14,0.011966446630296824,14,0.01604313083629046,25
2013-07-15,0.010955182708502308,15,0.010592058469718042,9,0.015601056063485925,23
2013-07-16,0.015400489842874007,27,0.013125639609118455,17,0.015571559638754208,23
2013-07-17,0.014039882308633806,23,0.012547951015983091,15,0.015586348071735456,23
2013-07-18,0.014460203718236656,24,0.012287883385275297,15,0.01599762464060073,25
2013-07-19,0.014024923080973074,23,0.0119294920141726,14,0.015579974757368923,23
2013-07-22,0.012791567645333124,20,0.011938649458724757,14,0.012900054678175005,14
2013-07-23,0.0065832410132933535,3,0.011288846566839051,11,0.012689041308479648,14
2013-07-24,0.009283798987096597,9,0.011322812175088893,11,0.011502852067707327,9
2013-07-25,0.00692055724510635,4,0.011108049695683977,11,0.011240589708798418,8
2013-07-26,0.0074666106287547595,5,0.010823102635542639,10,0.010992158853373846,7
2013-07-29,0.00685474545924616,3,0.010499027955829245,9,0.011412211823130167,9
2013-07-30,0.006522190726636966,3,0.008861535944127101,5,0.010823825093191514,7
2013-07-31,0.008853385784035881,8,0.009043167001980934,5,0.010913098610049592,7
2013-08-01,0.0134019750022826,22,0.010056762930442735,7,0.011320593724333845,8
2013-08-02,0.01304620716994135,21,0.010065615380230191,7,0.01120692952664656,8
2013-08-05,0.009796468023251882,11,0.009551933887799834,6,0.010774888662694979,6
2013-08-06,0.015476982841017081,27,0.011892766798690406,13,0.012136218822626919,11
2013-08-07,0.015561079329346814,27,0.011939531676343828,14,0.011724106296114818,10
2013-08-08,0.00979733930679176,11,0.011760272421890823,13,0.011616980705002939,9
2013-08-09,0.009216821652837437,9,0.011769933534358672,13,0.011468894189049115,9
2013-08-12,0.00757015636821744,5,0.011160719088520578,11,0.011046864297068705,7
2013-08-13,0.00795890256279377,5,0.011816551385976606,13,0.010666089314880242,6
2013-08-14,0.007096195225310933,4,0.011404821495617631,11,0.009939301567573063,4
2013-08-15,0.010083955222952723,11,0.009508794294101352,6,0.010450208027295377,5
2013-08-16,0.01005560288205625,11,0.009442482668018802,6,0.009784656434097923,4
2013-08-19,0.011199901937475916,15,0.00928235542137171,5,0.010083705163373735,4
2013-08-20,0.008963005172962722,8,0.008239913288981894,3,0.009787143913001563,4
2013-08-21,0.009803175731079073,11,0.009006235522502057,5,0.010201422046066373,5
2013-08-22,0.012564476298140373,20,0.010751593233469013,9,0.010805071487913114,6
2013-08-23,0.012617396268979446,20,0.010761986546145026,9,0.010707690335429761,6
2013-08-26,0.011464617586426773,16,0.010793220671339842,10,0.010716114869621521,6
2013-08-27,0.016227228991832862,29,0.012450738112680597,15,0.012096099146068295,11
2013-08-28,0.015814969531558438,28,0.01247342579924847,15,0.012092989179582235,11
2013-08-29,0.01299546178863346,21,0.012417178391039497,15,0.011861946174497024,10
2013-08-30,0.012944952765580215,21,0.012437876684338151,15,0.010561986017598717,6
2013-09-03,0.017427528973724144,31,0.013997555657230884,20,0.011544566205149933,9
2013-09-04,0.010018882955979485,11,0.014029041662928612,20,0.011627695375903871,10
2013-09-05,0.009655388509304946,10,0.013311751792223967,18,0.010988683430002156,7
2013-09-06,0.00966582439729176,10,0.012316090401671935,15,0.010976472864907078,7
2013-09-09,0.007581711633103291,5,0.01371493316070129,19,0.011800241522549822,10
2013-09-10,0.013919443683362556,23,0.01736859824362603,29,0.01417552561117674,19
2013-09-11,0.015042027980818953,26,0.012852112245146523,16,0.014154876306553104,19
2013-09-12,0.01788483351419262,32,0.01380069965887221,20,0.01411179755082027,19
2013-09-13,0.017817865284007358,32,0.013807471220748276,20,0.014127732700113516,19
2013-09-16,0.017869131877866318,32,0.012940817832985752,17,0.014152659064891908,19
2013-09-17,0.010383868239800455,12,0.012799195751771155,16,0.014141373481900293,19
2013-09-18,0.01022180336977864,12,0.012859266182520247,16,0.013736519814552439,17
2013-09-19,0.007661622464456689,5,0.013122307059446116,17,0.013752012486696961,17
2013-09-20,0.008079512159139261,6,0.013103090575393753,17,0.013256768575010274,16
2013-09-23,0.014511560563043577,25,0.016492540063709264,27,0.014548760497042736,20
2013-09-24,0.015073921930470425,26,0.012923003416657525,17,0.014882653967005043,21
2013-09-25,0.014275185632227011,24,0.01294880563890477,17,0.014869467388575891,21
2013-09-26,0.014431237950740977,24,0.012578952924973772,16,0.013081468161238645,15
2013-09-27,0.01033418899153942,12,0.01323337759968745,18,0.01362428295292347,17
2013-09-30,0.00639757950984461,3,0.011129940100662655,11,0.01387920323703651,18
2013-10-01,0.007950700511441715,5,0.011363299986296444,11,0.013652597161275417,17
2013-10-02,0.008051547408002837,6,0.010996532474420676,10,0.013229542154562013,16
2013-10-03,0.008108468578366824,6,0.011036074258547765,10,0.013457477473249721,16
2013-10-04,0.006779064961544367,3,0.009198248815347213,5,0.013455544267144851,16
2013-10-07,0.00796461999889546,5,0.007072998419870686,1,0.013818621224342215,18
2013-10-08,0.005660597413309938,2,0.006659409946522525,0,0.013206061445870254,15
2013-10-09,0.009363856177867003,9,0.008245284122859835,3,0.010448747834839994,5
2013-10-10,0.014871425971287707,25,0.012116036450455276,14,0.01191420720877267,10
2013-10-11,0.015428560610351142,27,0.012116448394493915,14,0.012160151631300629,11
2013-10-14,0.012460435646353088,19,0.011645066751314903,12,0.01211795777799707,11
2013-10-15,0.013594477979842411,22,0.012147471590849852,14,0.011420813652815708,9
2013-10-16,0.017260570576757134,31,0.015399912612890846,24,0.013365754265341803,16
2013-10-17,0.020891563169631006,37,0.0171040938539554,28,0.014192496874844814,19
2013-10-18,0.019895020629833206,35,0.0170746743351822,28,0.014234507907226312,19
2013-10-21,0.0201723219657345,36,0.0161387050936328,26,0.014025903425474811,18
2013-10-22,0.019261378914214138,34,0.01584371799380994,26,0.012934942455507161,15
2013-10-23,0.012085449811626533,18,0.016275695179279674,27,0.01276599207412225,14
2013-10-24,0.009060686949672983,8,0.015202578451577112,24,0.013188813664116936,15
2013-10-25,0.010369460209053343,12,0.015263566920509584,24,0.013535198803372518,16
2013-10-28,0.01082303971670324,14,0.015284576980317243,24,0.013128407453671304,15
2013-10-29,0.010397697410414405,12,0.014611458353618175,22,0.012908896136018314,14
2013-10-30,0.00806687232029659,6,0.011287905636444289,11,0.012883944634817334,14
2013-10-31,0.00801685956846992,6,0.008080905892652044,2,0.012997276950127513,15
2013-11-01,0.005938947841706443,2,0.008286498182172869,3,0.012761516530191737,14
2013-11-04,0.0061207544673798145,2,0.00828927003451987,3,0.012783068571651167,14
2013-11-05,0.0072551714622633365,4,0.008684790720746823,4,0.012399498004821732,12
2013-11-06,0.008480652789253595,7,0.008029801262625395,2,0.01226816745505978,12
2013-11-07,0.014170976694292126,24,0.0109397393363456,10,0.013511501880921352,16
2013-11-08,0.01758251146542708,31,0.012398811242456237,15,0.01343339683192541,16
2013-11-11,0.017415935312432913,31,0.01232224594177548,15,0.013212481076934023,15
2013-11-12,0.017235669993711747,31,0.012490469540322756,15,0.01326503563366999,16
2013-11-13,0.016588725095910452,29,0.012486759589641516,15,0.012952090442353105,15
2013-11-14,0.010516805316567622,13,0.012169410629325124,14,0.011300486359921839,8
2013-11-15,0.004892486002343087,1,0.012167008100016197,14,0.009880541661974919,4
2013-11-18,0.005605014873085616,1,0.012216180868846998,14,0.009965355630721562,4
2013-11-19,0.0033933648873759555,0,0.011834989637187852,13,0.009939507343479329,4
2013-11-20,0.007213309073920404,4,0.012172240265298466,14,0.010201799544203343,5
2013-11-21,0.008417811655633378,7,0.008981603279740475,5,0.010122384674069928,5
2013-11-22,0.00834158403075259,7,0.006635108010091226,0,0.009824272729364156,4
2013-11-25,0.008385457446272289,7,0.0068349157272623185,1,0.00960157871763714,3
2013-11-26,0.010144737703264208,12,0.007277801697975659,1,0.009795806365435216,4
2013-11-27,0.008064186938684522,6,0.007248683508383175,1,0.009785041100048485,4
2013-11-29,0.00655443602253007,3,0.0072316225660937865,1,0.009785878866052772,4
2013-12-02,0.006356596053242476,3,0.007119976725150507,1,0.009558444973785808,3
2013-12-03,0.00699629045330762,4,0.007990488349487722,2,0.009861179269492941,4
2013-12-04,0.006110858543136296,2,0.007911729606739568,2,0.009805829514609402,4
2013-12-05,0.01059053601660128,13,0.009617927078122882,6,0.010595333255429495,6
2013-12-06,0.01182009582983286,17,0.009284246764263303,5,0.010606515282690064,6
2013-12-09,0.01158606747462313,17,0.009098274608136859,5,0.008949792770469298,2
2013-12-10,0.012229019988826818,18,0.009595610513183368,6,0.008081161281188472,1
2013-12-11,0.013731162399210843,23,0.010076722598146721,7,0.008651991239515449,2
2013-12-12,0.009718331180952696,10,0.010176378198442982,8,0.008529066702248648,1
2013-12-13,0.009010130129088726,8,0.010072937538288479,7,0.008528698312227639,1
2013-12-16,0.010970616083987028,15,0.011144061153022173,11,0.00903028293263938,2
2013-12-17,0.010131353977134072,12,0.010603409284841093,9,0.009012495593588991,2
2013-12-18,0.01165269945749938,17,0.01306572464281829,17,0.010336989331346535,5
2013-12-19,0.012258791681181477,19,0.010665240757799576,9,0.010334067212659953,5
2013-12-20,0.012008052538519661,18,0.010583834835947156,9,0.009966711477427365,4
2013-12-23,0.01132247010221863,16,0.010592407124428962,9,0.009781055700682252,4
2013-12-24,0.011140665250159703,15,0.010475647397311884,9,0.009791684490667734,4
2013-12-26,0.0035335195995871093,0,0.008854199046841715,4,0.009697194301715218,3
2013-12-27,0.0035605593905680805,0,0.009040829404191186,5,0.009419845849319724,3
2013-12-30,0.004250057913596604,0,0.00932603929948177,6,0.009503627453097714,3
2013-12-31,0.004748848448450958,1,0.008687715474825906,4,0.009602391215289127,3
2014-01-02,0.004797188579426859,1,0.008640628245403476,4,0.009634146130540394,3
2014-01-03,0.0055883049352229664,1,0.0044080838359935245,0,0.009295546564672234,3
2014-01-06,0.0057412329682884995,2,0.004582863556961242,0,0.009334946543284157,3
2014-01-07,0.006549732585502073,3,0.00533936476370844,0,0.00821702964266449,1
2014-01-08,0.005700104525989238,2,0.004951440906090546,0,0.008102101816739742,1
2014-01-09,0.006457765160764196,3,0.0053646144671051004,0,0.008335178853208362,1
2014-01-10,0.006094459117545458,2,0.0055804658158311645,0,0.008074875943580384,1
2014-01-13,0.007483587660317697,5,0.007375765110120197,1,0.008221197792589247,1
2014-01-14,0.008107803350447099,6,0.007393032961218437,1,0.008218172094184639,1
2014-01-15,0.010335613816726468,12,0.007884757082246533,2,0.00847763696236441,1
2014-01-16,0.013831126755376528,23,0.010301853245038378,8,0.009357637576735812,3
2014-01-17,0.01394453597349076,23,0.01023636138922733,8,0.009377128848540797,3
2014-01-21,0.01472370992728116,25,0.011021620367841942,10,0.008559578080206482,1
2014-01-22,0.014576030648572505,25,0.011142811732682537,11,0.00858775856121201,1
2014-01-23,0.012540896612172326,20,0.01192241858025042,13,0.009293022508474445,3
2014-01-24,0.012164555334987615,18,0.012712376352508489,16,0.009775855670313563,4
2014-01-27,0.009095260811955021,9,0.012565595239658727,16,0.010320075187581523,5
2014-01-28,0.013194421834414284,21,0.013452637618758055,19,0.01063832959297616,6
2014-01-29,0.011809613385876883,17,0.013236513645718073,18,0.010906040832457928,7
2014-01-30,0.015058394791729657,26,0.013181449416652917,18,0.011402780835985435,9
2014-01-31,0.013787494979518164,23,0.012488219993477202,15,0.011207525068792966,8
2014-02-03,0.01620809137982638,29,0.013021265563592118,17,0.012233009796335629,12
2014-02-04,0.016869783115764758,30,0.014350815199648672,21,0.012521934840395536,13
2014-02-05,0.01630101336300762,29,0.013959145634104825,20,0.012268454784707616,12
2014-02-06,0.015487049353264847,27,0.014407518304555484,21,0.012614976400537619,13
2014-02-07,0.015320699856297781,26,0.013765668237704512,20,0.012620912424814813,13
2014-02-10,0.008769674603288655,7,0.012887102770251352,17,0.012620490087664615,13
2014-02-11,0.011841939157847672,17,0.014474504691080749,22,0.013650301871434836,17
2014-02-12,0.011192683460891386,15,0.013846227467662049,20,0.013453795505295308,16
2014-02-13,0.010919385350859116,14,0.013280558869704539,18,0.013435994145373185,16
2014-02-14,0.011139488042356205,15,0.012883153309637926,17,0.012960764383751542,15
2014-02-18,0.010224034868677073,12,0.009121005372999985,5,0.01258922723008605,13
2014-02-19,0.005906830379619484,2,0.009156482206272059,5,0.012461302052526548,13
2014-02-20,0.006511479472608114,3,0.00874264969667947,4,0.01226234007078827,12
2014-02-21,0.006403033498358006,3,0.008528117022973137,4,0.01221897384340131,12
2014-02-24,0.007993857047248943,6,0.009162360716542129,5,0.012168546569271329,11
2014-02-25,0.012359675265624948,19,0.011136341005408598,11,0.012179841238058589,11
2014-02-26,0.011885833995760965,17,0.008859971440214054,4,0.011610869822582172,9
2014-02-27,0.01372321135024245,23,0.010126564320991214,7,0.011962272398371594,10
2014-02-28,0.013892471002943892,23,0.0102462998441848,8,0.01160007016688525,9
2014-03-03,0.013522639421129414,22,0.01087257003328853,10,0.011551520912092331,9
2014-03-04,0.014109510288963558,24,0.013160840639250096,18,0.012466607447767796,13
2014-03-05,0.01352759182299681,22,0.013452465408847068,19,0.01129829881389663,8
2014-03-06,0.013499886359897992,22,0.013430376671058663,18,0.011127043260811098,8
2014-03-07,0.013445787250984916,22,0.013384844397474463,18,0.01089031571952748,7
2014-03-10,0.011381616598562861,16,0.013519653631584371,19,0.0109888295747264,7
2014-03-11,0.015042921190676548,26,0.013995830047040282,20,0.012197912482195929,12
2014-03-12,0.011540589902601563,16,0.013827307350906395,20,0.012083786812294687,11
2014-03-13,0.012530143605535267,20,0.014755415990391086,23,0.012088337314542619,11
2014-03-14,0.008587186170851526,7,0.014862420978268684,23,0.012170515129053507,11
2014-03-17,0.01224184598607699,19,0.014712935087367153,22,0.012295602914690952,12
2014-03-18,0.011168657707128417,15,0.012629071125860113,16,0.01235805410820496,12
2014-03-19,0.01122667111576551,15,0.010740407203192201,9,0.01231838776068452,12
2014-03-20,0.00699454979428459,4,0.010895604611896984,10,0.012165444402070754,11
2014-03-21,0.009172917333796243,9,0.010616012741762416,9,0.012521919648146529,13
2014-03-24,0.008947828590676225,8,0.010662638071082404,9,0.012647413761618069,14
2014-03-25,0.009042718431512595,8,0.00977838760668403,7,0.012758084306695743,14
2014-03-26,0.008366768885155904,7,0.009854067167821508,7,0.01228080725903126,12
2014-03-27,0.0072461564106470365,4,0.008986097680585383,5,0.012278033875466788,12
2014-03-28,0.007376551241564713,4,0.008804129616614283,4,0.011725055707893195,10
2014-03-31,0.00983891492843556,11,0.008879192711967356,5,0.011839645186983758,10
2014-04-01,0.008598317713715038,7,0.00959513725966767,6,0.011966407057149428,10
2014-04-02,0.004997955275393378,1,0.010043500450767361,7,0.010826597287395283,7
2014-04-03,0.008030401312845143,6,0.009936964888617169,7,0.009977006247228238,4
2014-04-04,0.0127843981103804,20,0.01047825072529601,9,0.010439730947104056,5
2014-04-07,0.017216995443190327,31,0.013403567020719206,18,0.011489896301497247,9
2014-04-08,0.013540759729686906,22,0.013220976641083017,18,0.011627862773083072,10
2014-04-09,0.014305423022992059,24,0.01379517473109706,20,0.01146044236945915,9
2014-04-10,0.014150612898918806,24,0.014091327498224426,21,0.011667682028969856,10
2014-04-11,0.014558094104463877,25,0.0149733310933665,23,0.011869932688512691,10
2014-04-14,0.015423395789875737,27,0.015434635431727496,24,0.012410198792263209,12
2014-04-15,0.01489336919369376,25,0.014314948947824174,21,0.012143205297372612,11
2014-04-16,0.01594979517058115,28,0.015218651243843103,24,0.012573070897964613,13
2014-04-17,0.014287535229278918,24,0.015391852016209817,24,0.012586976194043045,13
2014-04-21,0.0068397514883536325,3,0.014938553797685527,23,0.012472047760475946,13
2014-04-22,0.007840495653552063,5,0.013175179602782108,18,0.01297729424899098,15
2014-04-23,0.008095721261305639,6,0.012272524765632675,15,0.012918529911902546,15
2014-04-24,0.00692826496526766,4,0.011973862003743074,14,0.012566121725900686,13
2014-04-25,0.011759823270606129,17,0.01234519129225316,15,0.012891404593546481,14
2014-04-28,0.012818743259363156,20,0.010589729834007912,9,0.013019884348755284,15
2014-04-29,0.010787106197164335,14,0.010347613603038446,8,0.013300459690428751,16
2014-04-30,0.012246678061435918,19,0.010613741452992242,9,0.013318218530243927,16
2014-05-01,0.012316142764148575,19,0.009801250099681148,7,0.012991316832674687,15
2014-05-02,0.010339298722853,12,0.01043976525758512,9,0.012898716951493203,14
2014-05-05,0.011928952714567521,18,0.01169539817278013,13,0.013201503303624466,15
2014-05-06,0.010911740275308893,14,0.01027993648732185,8,0.012951528068780263,15
2014-05-07,0.009747758061242227,10,0.010721984816630436,9,0.011600664142976242,9
2014-05-08,0.012174021257198258,18,0.011662654057233577,12,0.011601356800992139,9
2014-05-09,0.011770310425601402,17,0.010557046937292829,9,0.011379909680380659,9
2014-05-12,0.010737138302846274,14,0.010936175814529589,10,0.011395901742061794,9
2014-05-13,0.006388042482808223,3,0.010541368803349115,9,0.010228525103526816,5
2014-05-14,0.008548773964423932,7,0.010244785600026762,8,0.01003696686254557,4
2014-05-15,0.01203408926379526,18,0.011504527730021008,12,0.01086902915549755,7
2014-05-16,0.012034656174446136,18,0.011238666166261839,11,0.010369355734434713,5
2014-05-19,0.009948106740191028,11,0.010330672629109418,8,0.010516134902974589,6
2014-05-20,0.00937023492345342,9,0.009943429966626621,7,0.010662640063943364,6
2014-05-21,0.014260552275948721,24,0.011402819803290498,11,0.01086137791950247,7
2014-05-22,0.010348415290109754,12,0.010906542576435814,10,0.010886918864622513,7
2014-05-23,0.010015267182646274,11,0.010859832076876214,10,0.010880937074689411,7
2014-05-27,0.010225977310174527,12,0.010303218794515158,8,0.010441655540998702,5
2014-05-28,0.008757738964864047,7,0.01034953674193259,8,0.010148319832089445,5
2014-05-29,0.005476881478436412,1,0.010227906182747415,8,0.009950307198690996,4
2014-05-30,0.00630337529830643,2,0.008367817039870619,3,0.009816178245633722,4
2014-06-02,0.00626423889001095,2,0.00828970352991912,3,0.009790744936959913,4
2014-06-03,0.006677138441943419,3,0.008579818305435742,4,0.009837980120888778,4
2014-06-04,0.006471586282692178,3,0.007661312076327025,2,0.009059367102044908,2
2014-06-05,0.006042919787927292,2,0.005444566479242915,0,0.008526438527524735,1
2014-06-06,0.008951880617829932,8,0.008409793137969485,3,0.009531613250044523,3
2014-06-09,0.009466504054453859,10,0.008546203295235809,4,0.009350848115114848,3
2014-06-10,0.009439201051835693,10,0.008245266622862893,3,0.009310103650869395,3
2014-06-11,0.010734397544568428,14,0.008440719629345674,3,0.0090384527356583,2
2014-06-12,0.010649828084404931,13,0.008222821540072943,3,0.009022060178337187,2
2014-06-13,0.003430354559682381,0,0.00772941904409804,2,0.00889966173201409,2
2014-06-16,0.003402241780359475,0,0.007801609204270169,2,0.0077209574395267185,0
2014-06-17,0.007427747481416522,4,0.008201105375187208,3,0.008052911370242399,1
2014-06-18,0.006489405316079878,3,0.008402359615921577,3,0.008112629221710105,1
2014-06-19,0.007032431099610429,4,0.008510177486918928,4,0.0077120691874438185,0
2014-06-20,0.006858509058633628,4,0.005774136135751596,0,0.006898232298402604,0
2014-06-23,0.006475040631774907,3,0.005654496520742255,0,0.006899921568254848,0
2014-06-24,0.0077620122585227306,5,0.0072565244839481674,1,0.007622358603132467,0
2014-06-25,0.005737856716217878,2,0.00686739397332076,1,0.007420232995831567,0
2014-06-26,0.005713013704730913,2,0.006955703001393573,1,0.0073746487317794185,0
2014-06-27,0.005890758203851984,2,0.00746357273942992,1,0.007585053345534934,0
2014-06-30,0.006324345602483153,2,0.007531265865506654,1,0.007394376279690787,0
2014-07-01,0.004324848294239855,0,0.005992862107235604,0,0.0075088573131248115,0
2014-07-02,0.0042669814961960005,0,0.0047670548000267035,0,0.007220264009355245,0
2014-07-03,0.008738748644499568,7,0.007238750855756713,1,0.007825077325007068,0
2014-07-07,0.009458936866961443,10,0.007855923600330234,2,0.00825038460603065,1
2014-07-08,0.012227016456049577,18,0.009178698856844563,5,0.007771262560364892,0
2014-07-09,0.012233664915534355,19,0.008661545531341108,4,0.007773174836190758,0
2014-07-10,0.012271445324408525,19,0.008750612785844977,4,0.007905423581474239,0
2014-07-11,0.009609279326858613,10,0.009469979470663838,6,0.00807335146742899,1
2014-07-14,0.01222770591901031,18,0.010365625278391346,8,0.008572279738180965,1
2014-07-15,0.00929484154053905,9,0.011099434078207985,11,0.00900237165591413,2
2014-07-16,0.008539503083685103,7,0.011134307260969931,11,0.00911443982873305,2
2014-07-17,0.006174899070421149,2,0.011202455108822599,11,0.008637815053510052,2
2014-07-18,0.006172709572072066,2,0.010423281081708577,9,0.008545017713183944,1
2014-07-21,0.005871057861769856,2,0.009665309857120429,6,0.008542536326312447,1
2014-07-22,0.008075382596432906,6,0.008257303367604971,3,0.009460586496848142,3
2014-07-23,0.008225027730158615,6,0.007906964193228143,2,0.009653772553566373,3
2014-07-24,0.008583857387743815,7,0.007068517312156508,1,0.009216781817360837,2
2014-07-25,0.010075157426069372,11,0.008078299249562704,2,0.009344859196459323,3
2014-07-28,0.009972486673201402,11,0.0077233652051948215,2,0.009297763358868808,3
2014-07-29,0.0061850675411802575,2,0.007536542771665539,1,0.009102840408976208,2
2014-07-30,0.0032977529918777767,0,0.007435165613971808,1,0.009100023363914305,2
2014-07-31,0.007694022700296729,5,0.009618428192654809,6,0.009910577990878912,4
2014-08-01,0.009251749535206027,9,0.010664333119375863,9,0.010575598088683566,6
2014-08-04,0.010739072316548803,14,0.011042058592578485,10,0.010205126257807638,5
2014-08-05,0.011196664946174223,15,0.009428344534369287,6,0.01040034044670022,5
2014-08-06,0.011317058960576415,16,0.008412604164005189,3,0.00958531004899986,3
2014-08-07,0.009984717856842242,11,0.008407762751972879,3,0.009633220230692909,3
2014-08-08,0.012086522823183645,18,0.011053517276337039,10,0.010114042995967545,5
2014-08-11,0.011604344902225333,17,0.010973895348713231,10,0.010026682761557605,4
2014-08-12,0.008798451197527247,8,0.010979103323554859,10,0.009710853992315615,3
2014-08-13,0.008902175881298314,8,0.010952373294062102,10,0.009351006452386422,3
2014-08-14,0.008121235055966833,6,0.009714577875601748,6,0.009227950889770567,2
2014-08-15,0.002672066122053201,0,0.0083853813595358,3,0.009289470225216786,2
2014-08-18,0.0076822690016959344,5,0.009310904348968715,6,0.009725246174001775,3
2014-08-19,0.008036455377844812,6,0.007985119006435122,2,0.009768403560737514,4
2014-08-20,0.008027925107235313,6,0.008015189224891929,2,0.00879593559556937,2
2014-08-21,0.008278917606881814,6,0.007770146758093293,2,0.008603815202805946,2
2014-08-22,0.007216113308541221,4,0.0056640561982716775,0,0.00859299972263794,1
2014-08-25,0.006547941143786451,3,0.006767362261063946,0,0.009028559840633409,2
2014-08-26,0.005715559200866784,2,0.006714864616200795,0,0.009011818159963129,2
2014-08-27,0.005890186617202622,2,0.006755116317270632,0,0.008991295780397862,2
2014-08-28,0.006139940741867207,2,0.006871530236035555,1,0.008996353778660097,2
2014-08-29,0.0065260017843361,3,0.006486260172439858,0,0.008245835660287772,1
2014-09-02,0.0038555807489581207,0,0.005140762749483518,0,0.007286803165948801,0
2014-09-03,0.004025952745925748,0,0.004856812172883794,0,0.007198468963997529,0
2014-09-04,0.0037932621873887043,0,0.004763341638935407,0,0.006275466531472622,0
2014-09-05,0.004021156389340539,0,0.0048999345190898855,0,0.006358290041776849,0
2014-09-08,0.002384971290915028,0,0.004897142940355316,0,0.006184642395496094,0
2014-09-09,0.007197573880331767,4,0.005994439117346895,0,0.00629352891131075,0
2014-09-10,0.010418442674695183,13,0.007491798068555713,1,0.006858149243408555,0
2014-09-11,0.010740245020945198,14,0.007633581279076574,1,0.006887279010828908,0
2014-09-12,0.01155548286107545,16,0.008193510622065504,3,0.00717717062814305,0
2014-09-15,0.01151039730493163,16,0.008015760809152344,2,0.0071816759681382685,0
2014-09-16,0.00556259779807715,1,0.008040947978543022,2,0.006986265430354346,0
2014-09-17,0.004249411517356455,0,0.007969557608505035,2,0.006417944112325002,0
2014-09-18,0.0066092979028199135,3,0.009068820658654561,5,0.006926332073705008,0
2014-09-19,0.009210243316044071,9,0.009854950923488466,7,0.007434756422879567,0
2014-09-22,0.00985057902798142,11,0.010211520630991792,8,0.007600917126095985,0
2014-09-23,0.009910842431633902,11,0.008253691766965058,3,0.007644154761332807,0
2014-09-24,0.011666151843584717,17,0.008356868087937066,3,0.007720941270046515,0
2014-09-25,0.012586259193119882,20,0.0112587941592389,11,0.009138581596643406,2
2014-09-26,0.012831882248169989,20,0.010784357984569748,10,0.009162899608468193,2
2014-09-29,0.013017985917433382,21,0.010995363928785952,10,0.009351374146347034,3
2014-09-30,0.013016058809620694,21,0.011002923235592536,10,0.009249873424447953,2
2014-10-01,0.010323886182424014,12,0.01187229680142489,13,0.009927598319428759,4
2014-10-02,0.010767541960850512,14,0.01113665508250996,11,0.010247238502708516,5
2014-10-03,0.017262387909320807,31,0.014524277985094881,22,0.011874321513086162,10
2014-10-06,0.016771504754844978,30,0.014454571661132069,22,0.01189951156522898,10
2014-10-07,0.019935275404233028,36,0.015906732765164907,26,0.012807618093439633,14
2014-10-08,0.018475009399372272,33,0.01598901573616981,26,0.012619577985424218,13
2014-10-09,0.023744545150030386,40,0.01738184094822689,29,0.014045304654691849,18
2014-10-10,0.016953443982659005,30,0.01722843701380989,29,0.014025793146894163,18
2014-10-13,0.016717350415373495,30,0.01729636447404096,29,0.013868396460793365,18
2014-10-14,0.015958789288060615,28,0.017307520823349205,29,0.013812829109733324,18
2014-10-15,0.010895510458612414,14,0.016835050228072437,28,0.013887207261001537,18
2014-10-16,0.009846618754890719,11,0.017672925313685136,30,0.014802454016531515,21
2014-10-17,0.018691460191421053,33,0.01698665612513776,28,0.015469137896075702,23
2014-10-20,0.018783293028413514,34,0.01734572264890611,29,0.015494048256349459,23
2014-10-21,0.01982380720445869,35,0.01739906218845,29,0.015826846612195827,24
2014-10-22,0.021603444830798877,38,0.016962633565910382,28,0.01627460965813889,25
2014-10-23,0.016857653557221363,30,0.01622243476893994,26,0.016475664093357774,26
2014-10-24,0.015407298999357102,27,0.017159606014406366,29,0.016498873874195668,26
2014-10-27,0.015510467067501508,27,0.016743292951371676,28,0.016464593802101513,26
2014-10-28,0.015505024327328776,27,0.01698484399017516,28,0.01663277476212869,27
2014-10-29,0.008967401674137775,8,0.016556811186406173,27,0.01663196823618603,27
2014-10-30,0.007933817805603136,5,0.012433214753340588,15,0.016216098870437824,25
2014-10-31,0.007247016306654916,4,0.011351197605400931,11,0.01636990983908189,26
2014-11-03,0.007077137964297137,4,0.011370287815900925,11,0.015230787149226323,22
2014-11-04,0.007487759016648434,5,0.011560044540615865,12,0.015228228854208777,22
2014-11-05,0.007676917983976123,5,0.008531184868929535,4,0.014517471765990164,20
2014-11-06,0.007732119728090921,5,0.007586076203761646,1,0.01421309022619316,19
2014-11-07,0.004183052695013776,0,0.006518212343727103,0,0.012478214156151288,13
2014-11-10,0.00449440310293523,0,0.00653132349981196,0,0.012377985375136047,12
2014-11-11,0.00397678978422605,0,0.005807811733297403,0,0.012092509970599779,11
2014-11-12,0.006129479475256177,2,0.006827238787574361,1,0.012364982087487864,12
2014-11-13,0.005259546972581525,1,0.0067856772881540834,0,0.01211640877124935,11
2014-11-14,0.005254707033872709,1,0.004548642309516299,0,0.010112764722136305,5
2014-11-17,0.003926390215940927,0,0.004276250122292852,0,0.009000697579962288,2
2014-11-18,0.0037242724481048226,0,0.004208533284241883,0,0.009053275884486147,2
2014-11-19,0.0010678705251615452,0,0.0042144559822194045,0,0.008822217889144971,2
2014-11-20,0.0020820684367224033,0,0.0037738335440682244,0,0.007401772372204022,0
2014-11-21,0.002041223223482345,0,0.003762596518659053,0,0.006614152247919104,0
2014-11-24,0.002435799780379755,0,0.003273395267828521,0,0.0055396473131487465,0
2014-11-25,0.00383062292827568,0,0.0036509896249173734,0,0.005802255160744353,0
2014-11-26,0.003780750683220798,0,0.0026252078761359447,0,0.005159766136810114,0
2014-11-28,0.0032116153264209342,0,0.002595194683024699,0,0.005149346564282044,0
2014-12-01,0.0032018728896530224,0,0.002592060098666713,0,0.00507033075232944,0
2014-12-02,0.006266122696916445,2,0.004481936744547844,0,0.004284918607641393,0
2014-12-03,0.005198140107038152,1,0.004591850082941461,0,0.004264227511660573,0
2014-12-04,0.004774876890734107,1,0.004656475405910219,0,0.004351302962922351,0
2014-12-05,0.007352042637440424,4,0.007078586523114208,1,0.0057814985533144025,0
2014-12-08,0.00582744088391443,2,0.0069970229851965,1,0.005776503351343779,0
2014-12-09,0.006538648280837501,3,0.007027479712422036,1,0.005737854452510971,0
2014-12-10,0.015868781034990977,28,0.011145170917828592,11,0.008037409659742348,1
2014-12-11,0.016093130741996503,28,0.011234172720310376,11,0.008222469666650785,1
2014-12-12,0.0164663867652104,29,0.014148475723887851,21,0.009671362583236752,3
2014-12-15,0.015208368864389843,26,0.015223240025366737,24,0.010360904714514946,5
2014-12-16,0.013467179875469174,22,0.014936161402774963,23,0.01062987240162275,6
2014-12-17,0.015237528024517125,26,0.015331544748226162,24,0.010897672283848425,7
2014-12-18,0.024382605815156715,41,0.019564750551739934,34,0.013527815647306787,16
2014-12-19,0.020958563838766753,37,0.018795203541946796,32,0.013622898720509542,17
2014-12-22,0.016993708843017843,30,0.01879583917318792,32,0.013659702769003067,17
2014-12-23,0.012712460957383953,20,0.01889596837606434,32,0.01368047569061916,17
2014-12-24,0.013637041183374598,22,0.01685913683222117,28,0.013679054145839918,17
2014-12-26,0.004224462399480504,0,0.0167732886462145,28,0.013589451164367631,17
2014-12-29,0.0033230432041730378,0,0.014180707414457894,21,0.013571711351999383,17
2014-12-30,0.0035535452495974273,0,0.012358548702540278,15,0.013595433228523194,17
2014-12-31,0.0051747425799856675,1,0.011998598866139102,14,0.013814087990531602,18
2015-01-02,0.005368556514775099,1,0.011948331788139897,14,0.013663208603257105,17
2015-01-05,0.014404881191762463,24,0.011641141753654936,12,0.015351528791747684,23
2015-01-06,0.013774521060471109,23,0.0123520224919867,15,0.015869254884490362,24
2015-01-07,0.018267419261425104,33,0.013467424212418476,19,0.015674911386985457,24
2015-01-08,0.021261050539615075,37,0.01461914395237598,22,0.01607260967035957,25
2015-01-09,0.02143819659817155,38,0.015034715899641426,23,0.016338269082538753,26
2015-01-12,0.017413082709396996,31,0.015207293794843032,24,0.01568283435236941,24
2015-01-13,0.014661428329244938,25,0.014970478697864777,23,0.015528924486153452,23
2015-01-14,0.015814628193635268,28,0.016118189752831042,26,0.015604250175709423,23
2015-01-15,0.008956459596219117,8,0.016118700911023402,26,0.015314791161753006,22
2015-01-16,0.00910256819428668,9,0.015657395010905947,25,0.015185909940815291,22
2015-01-20,0.009111020777622344,9,0.01361229968821318,19,0.015057398059757112,22
2015-01-21,0.012083870614996257,18,0.01352891700735232,19,0.01261477145027631,13
2015-01-22,0.016118972769921035,28,0.015889892132866915,26,0.014123853782207185,19
2015-01-23,0.015917932618180388,28,0.014517714345180089,22,0.014028831029799071,18
2015-01-26,0.015197298887676344,26,0.014117612598790725,21,0.013900964774907166,18
2015-01-27,0.018559202916306985,33,0.015056509519605979,23,0.014372307661469491,20
2015-01-28,0.019919177435379527,35,0.015673376677366856,25,0.014704605042549421,20
2015-01-29,0.015774964089951413,28,0.015725716420584138,25,0.015395462696061917,23
2015-01-30,0.016968475406757468,30,0.016621267696492453,27,0.01573580038270088,24
2015-02-02,0.020812988740264153,37,0.017825900499810064,30,0.01653387575399552,26
2015-02-03,0.0225640319426282,39,0.01955502171877495,34,0.017866931054524835,30
2015-02-04,0.01997285978643792,36,0.019711597852573714,34,0.016746902083260115,27
2015-02-05,0.019381102094931133,35,0.017850155793513577,30,0.016468225875126113,26
2015-02-06,0.012962686852621315,21,0.018207393249651854,31,0.016459284777848478,26
2015-02-09,0.014917159267166743,25,0.018393908169677894,31,0.01603705020811242,25
2015-02-10,0.011173080050372455,15,0.01678708226136661,28,0.01603798511151912,25
2015-02-11,0.00938368932561771,9,0.014800347605859153,23,0.016234179109658655,25
2015-02-12,0.00939219679577385,9,0.014534635702385857,22,0.016390940683914657,26
2015-02-13,0.010626786975743145,13,0.011686311969500124,13,0.015271883641423553,22
2015-02-17,0.008117001901776822,6,0.01132957844702884,11,0.015030340333893367,21
2015-02-18,0.010079749043921804,11,0.010033556471186702,7,0.015031871333645062,21
2015-02-19,0.007389226393997889,4,0.00905817639365826,5,0.014776198304044676,21
2015-02-20,0.007842893617884905,5,0.009175351198832327,5,0.01487075860103376,21
2015-02-23,0.008297928236292653,6,0.00931464789189821,6,0.013972236360496965,18
2015-02-24,0.009077941939593409,8,0.008733112321449235,4,0.013846095952566867,18
2015-02-25,0.008074908499103424,6,0.00863405957473553,4,0.013882302394838083,18
2015-02-26,0.008070458337712277,6,0.007349634191604932,1,0.012674587256850868,14
2015-02-27,0.008580924061210266,7,0.007980750928645017,2,0.012104306747798976,11
2015-03-02,0.00961036941118341,10,0.008465210731092881,3,0.011850041227344439,10
2015-03-03,0.00842667394758896,7,0.008438617808815526,3,0.010583495647476751,6
2015-03-04,0.00907621177071461,8,0.008576254575181195,4,0.010538102022883985,6
2015-03-05,0.009033894995438089,8,0.00857251353358993,4,0.009085181493734855,2
2015-03-06,0.010318091773274873,12,0.00897038229955004,5,0.00975696522404851,3
2015-03-09,0.00878672010922877,8,0.009171626924198883,5,0.009573102277539759,3
2015-03-10,0.013651652527521426,22,0.011511539604140253,12,0.011097175331231227,7
2015-03-11,0.015676924856085364,27,0.012228174436788865,14,0.011130389225667652,8
2015-03-12,0.023051986462826884,40,0.016548832769141184,27,0.01276116594806531,14
2015-03-13,0.02132758120965634,38,0.016085945800522205,26,0.012300048476375324,12
2015-03-16,0.021879419542102485,38,0.01633132460873955,27,0.012404427328548637,12
2015-03-17,0.015180431378457279,26,0.016468173087797668,27,0.012473083188394412,13
2015-03-18,0.015179494903356655,26,0.01644166292356402,27,0.0125748377426737,13
2015-03-19,0.010894570982657661,14,0.01699785329278145,28,0.012780362623278809,14
2015-03-20,0.012841958520892238,20,0.016610412305246635,27,0.013260266880066405,16
2015-03-23,0.012196240344937931,18,0.016849617664987097,28,0.013069637635166855,15
2015-03-24,0.011793933069043205,17,0.01345099140435862,19,0.01301574270519047,15
2015-03-25,0.013828989395365896,23,0.015532549339005906,25,0.013573489495577372,17
2015-03-26,0.013310340675000365,22,0.011567594270392828,12,0.01356971634484812,17
2015-03-27,0.009380738242614624,9,0.011682236794476218,13,0.013600330506432378,17
2015-03-30,0.013207808933269541,21,0.011997436445468872,14,0.013793922764217951,18
2015-03-31,0.014888425339465343,25,0.012854124905211855,16,0.01403031837930432,18
2015-04-01,0.014985323534108395,26,0.014655988588932311,22,0.01492723790789292,21
2015-04-02,0.015326609252197006,27,0.014094856197369863,21,0.014823210518817496,21
2015-04-06,0.015354973023297821,27,0.013013577192868473,17,0.014825935700801977,21
2015-04-07,0.013961151136275617,23,0.012875777195569942,17,0.014288091508715104,19
2015-04-08,0.010221147250055247,12,0.012804958946236872,16,0.014259171405349965,19
2015-04-09,0.005731883832270575,2,0.010775675134297273,9,0.012777833985509069,14
2015-04-10,0.004526456796556756,0,0.010656252860035203,9,0.012730255289620834,14
2015-04-13,0.0049569327968128525,1,0.010762165594180095,9,0.010952531557435153,7
2015-04-14,0.005721261856961479,2,0.010275632541663238,8,0.011086066284419431,7
2015-04-15,0.0069230454525540065,4,0.008477461249873787,4,0.011295271999611957,8
2015-04-16,0.008645750468595887,7,0.007056687463375195,1,0.011205868984670558,8
2015-04-17,0.012444193607198919,19,0.00892097891214544,5,0.011657968271105362,10
2015-04-20,0.012405539909562948,19,0.008922795993862889,5,0.011246312035432353,8
2015-04-21,0.011908979558268057,18,0.00941839075122328,6,0.010869226840099801,7
2015-04-22,0.008620556247623541,7,0.009538202385830025,6,0.010834474225886048,7
2015-04-23,0.009174068317071798,9,0.0090356945016188,5,0.010791550235088243,6
2015-04-24,0.006670773506304531,3,0.00943202650239708,6,0.009709602891009706,3
2015-04-27,0.007218406111738038,4,0.009821804700650149,7,0.009936580170346827,4
2015-04-28,0.007114978052220194,4,0.009282749576159658,5,0.009942995527931674,4
2015-04-29,0.0066574488664039675,3,0.00743261126857177,1,0.009494547179061544,3
2015-04-30,0.00753290002495137,5,0.007985458374179515,2,0.009064396310266223,2
2015-05-01,0.007999529716572883,6,0.006968336224536744,1,0.007811672974618043,0
2015-05-04,0.007775648488815679,5,0.007446404705406881,1,0.007898310903809302,0
2015-05-05,0.009477806247219578,10,0.007913407755168416,2,0.008317593079831345,1
2015-05-06,0.009101287713417004,9,0.007638044735712306,1,0.008439393911917921,1
2015-05-07,0.008221092080779018,6,0.0077135244716952855,2,0.008504759154901016,1
2015-05-08,0.01055653231336074,13,0.009017810411444359,5,0.008771906767504885,2
2015-05-11,0.010230484742633258,12,0.008568902090253712,4,0.008818025779791435,2
2015-05-12,0.009061956623856905,8,0.008930369991237338,5,0.008960545038845377,2
2015-05-13,0.007704719631893585,5,0.00889054086589435,5,0.008718165072968685,2
2015-05-14,0.007706647037119154,5,0.007839866725482389,2,0.00799205292358532,1
2015-05-15,0.0050185633417994925,1,0.007798310793534689,2,0.007919169299800124,0
2015-05-18,0.005492858163791998,1,0.0077445549524091245,2,0.007295000110481659,0
2015-05-19,0.0024800438958570152,0,0.006314300191508269,0,0.007292527188391516,0
2015-05-20,0.0038004970849118925,0,0.005792540264061508,0,0.007098179370105819,0
2015-05-21,0.003932774951755405,0,0.005976977374746741,0,0.0070023222182656174,0
2015-05-22,0.006455234561256743,3,0.005580710734675922,0,0.007473168789935045,0
2015-05-26,0.0077706764602880184,5,0.006375520593249296,0,0.007485476521532163,0
2015-05-27,0.00932317608722041,9,0.006464704754041763,0,0.007524864170247778,0
2015-05-28,0.009504652148036141,10,0.006825738139614656,0,0.007612090923663472,0
2015-05-29,0.011501226363033275,16,0.00812172000185465,3,0.008133193302851952,1
2015-06-01,0.010067207799857583,11,0.008345704946165239,3,0.007693710675384187,0
2015-06-02,0.010034572693291631,11,0.008503524175527315,4,0.007923388335605299,1
2015-06-03,0.008844075325630744,8,0.008859060629910294,4,0.00792553557867615,1
2015-06-04,0.00886850651088142,8,0.008802390793508223,4,0.007414617269460801,0
2015-06-05,0.006467615466371186,3,0.008924458404955964,5,0.007247855780819507,0
2015-06-08,0.006740396226214196,3,0.00813657832831306,3,0.007358564644629488,0
2015-06-09,0.005872670769795946,2,0.007855558377421891,2,0.006870632542788959,0
2015-06-10,0.009581510560971581,10,0.009138345721335026,5,0.007842589464224767,0
2015-06-11,0.009542994249471514,10,0.008994678393411247,5,0.007592696159483074,0
2015-06-12,0.01012226288608912,12,0.008052685985215594,2,0.007745363804913895,0
2015-06-15,0.010610788769225806,13,0.008380447614792681,3,0.007938019611722403,1
2015-06-16,0.010402931668877473,13,0.008022840150320149,2,0.008057402234731056,1
2015-06-17,0.00611146681720964,2,0.007989982285757393,2,0.008022265811572745,1
2015-06-18,0.0069749326010303024,4,0.008186412574007956,3,0.008119429056071555,1
2015-06-19,0.007462675233216512,5,0.008476008672035651,4,0.00830452262765266,1
2015-06-22,0.009053206442497044,8,0.009396369201826566,6,0.008797527886371186,2
2015-06-23,0.00907919438621863,9,0.00920560066213151,5,0.008535075640776539,1
2015-06-24,0.013627957105890312,22,0.009995055538278076,7,0.009458203915377992,3
2015-06-25,0.01356498458115144,22,0.010236246706934968,8,0.009309649447241383,3
2015-06-26,0.01330609695159101,22,0.01017074307009949,8,0.00927254033589178,2
2015-06-29,0.014112505979199759,24,0.013034236226719075,17,0.010704511923595022,6
2015-06-30,0.013182343442212884,21,0.012800506647658732,16,0.010634202032116898,6
2015-07-01,0.013265554349428254,21,0.013021652516524132,17,0.010569244108767556,6
2015-07-02,0.01313255998490792,21,0.012621307758470429,16,0.010438893289592148,5
2015-07-06,0.012838546617989452,20,0.012588442955131007,16,0.010496249082009617,6
2015-07-07,0.005069751644216706,1,0.011018371524437963,10,0.010350977966023238,5
2015-07-08,0.009599626387599584,10,0.011111056640743364,11,0.011183629505089367,8
2015-07-09,0.009144503065890838,9,0.010748604949406227,9,0.011219228523992097,8
2015-07-10,0.011829018290260711,17,0.011808919558501694,13,0.010602187551559807,6
2015-07-13,0.01346443536557883,22,0.012918784564689334,17,0.011079896805507554,7
2015-07-14,0.013840426075015965,23,0.009978654154189125,7,0.011281859738759965,8
2015-07-15,0.004707282349114817,1,0.009930288628835883,7,0.011226601143821471,8
2015-07-16,0.00898067261461137,8,0.010349059075925255,8,0.011215875857202632,8
2015-07-17,0.008467677563067115,7,0.010364640341553,8,0.011288527048869483,8
2015-07-20,0.006921585875349223,4,0.01009304249095087,7,0.011142956051146518,8
2015-07-21,0.005844526456531239,2,0.010287088116227796,8,0.011089390460606073,7
2015-07-22,0.006933783888177017,4,0.007093315426942653,1,0.01067293468149584,6
2015-07-23,0.007570512489706173,5,0.008500699105459891,4,0.01064367528697138,6
2015-07-24,0.009795531859183613,11,0.010082024732684599,7,0.010594084790262219,6
2015-07-27,0.009760346360122595,10,0.00932707665292584,6,0.010729438118794753,6
2015-07-28,0.011405263845802198,16,0.008847710981429557,4,0.010837583914329794,7
2015-07-29,0.010015160201825439,11,0.008780656436699327,4,0.009313495216951892,3
2015-07-30,0.010179729252559692,12,0.008660067694591643,4,0.009235688471350367,2
2015-07-31,0.007984621595174738,6,0.00853873340565136,4,0.00937875989768759,3
2015-08-03,0.006235848362184207,2,0.008489306445278514,4,0.009364009336358897,3
2015-08-04,0.005495930155988228,1,0.008692499627353766,4,0.009330563687896858,3
2015-08-05,0.005439197807534307,1,0.008033701158490041,2,0.009352095090138892,3
2015-08-06,0.00522946750017901,1,0.0076760340308543,2,0.008262006890742154,1
2015-08-07,0.004374112767730002,0,0.0060776168439913535,0,0.008415091595596336,1
2015-08-10,0.0076202877876065615,5,0.0066167932966253624,0,0.008474460829709322,1
2015-08-11,0.012335946994516346,19,0.00908565997546723,5,0.008919061793889009,2
2015-08-12,0.011916178419675145,18,0.00890755880421661,5,0.008512980761019926,1
2015-08-13,0.011956413737071219,18,0.008776042364499194,4,0.008392870927233237,1
2015-08-14,0.012529042221296185,20,0.008848074282941943,4,0.0085178586398045,1
2015-08-17,0.010438196502114137,13,0.008943396052413812,5,0.008388585132733472,1
2015-08-18,0.005138675289216855,1,0.009033732720617697,5,0.008435431988185084,1
2015-08-19,0.005001998656061503,1,0.00890301453761001,5,0.008431915890168956,1
2015-08-20,0.010663492826783154,13,0.010681407563296741,9,0.008971541850910897,2
2015-08-21,0.01970784140951601,35,0.017022307299369155,28,0.012789960655223486,14
2015-08-24,0.02064340954195797,36,0.018824125905448425,32,0.015140462024978044,22
2015-08-25,0.020633646368373896,36,0.018743068296667616,32,0.015105655783996839,22
2015-08-26,0.03297872980529632,48,0.023865202158635513,40,0.017416862589621905,29
2015-08-27,0.03779202038485876,50,0.02623432786353019,43,0.018645288675708076,31
2015-08-28,0.031362529249973875,47,0.025896714239046804,42,0.01861220684211666,31
2015-08-31,0.01934748178802621,34,0.02597812083897364,42,0.018663355985502894,31
2015-09-01,0.027548237559426897,44,0.027400016145909842,44,0.019805802575348246,33
2015-09-02,0.022981634816621313,40,0.028245523393222224,45,0.02015205632777501,34
2015-09-03,0.01836901995500304,33,0.028055412728703478,45,0.020159572512349015,34
2015-09-04,0.02071950688295766,37,0.025429891294730975,42,0.02063936478760532,35
2015-09-08,0.026910902458336414,44,0.023094109598395505,39,0.02209966106071388,37
2015-09-09,0.020430736266527118,36,0.02286718049163746,39,0.02179004884412656,37
2015-09-10,0.019792035337819956,35,0.020231960951260702,35,0.02150737161982396,36
2015-09-11,0.019893811666448272,35,0.01821883663745885,31,0.021506608122302154,36
2015-09-14,0.01512884630421184,26,0.01820072073857335,31,0.021515772913585224,36
2015-09-15,0.010189918367261134,12,0.019319275904261878,33,0.021993471130355085,37
2015-09-16,0.010220650647864378,12,0.015236125319933768,24,0.02205746823500374,37
2015-09-17,0.012253077026410824,19,0.015528103858318798,25,0.022121613699666417,37
2015-09-18,0.018433045070479617,33,0.018269056831992536,31,0.022835162192176413,39
2015-09-21,0.019929800586288102,35,0.016847980229552143,28,0.022844664751206962,39
2015-09-22,0.017866029413248233,32,0.01468664271185222,22,0.021049444282659393,36
2015-09-23,0.01653083009903476,29,0.014677318226906572,22,0.0186975575476675,32
2015-09-24,0.016624326687746806,29,0.014934379955929103,23,0.018892066844275288,32
2015-09-25,0.01606714382260096,28,0.01640315009908385,27,0.01758676637927878,29
2015-09-28,0.020309416750675335,36,0.019817835346990387,34,0.018180907952022256,30
2015-09-29,0.019787505682168218,35,0.017774996933477318,30,0.01817216066282188,30
2015-09-30,0.02165815434394886,38,0.01826745515749541,31,0.01838075414888802,31
2015-10-01,0.022581155295597923,39,0.01935770969621252,33,0.01730968051911185,28
2015-10-02,0.02096256663640048,37,0.01763485758133771,30,0.01706909387563494,28
2015-10-05,0.010226954478062813,12,0.018503100860086,31,0.01775262795719954,30
2015-10-06,0.008557588607193663,7,0.01734744548760203,29,0.016864198170579936,27
2015-10-07,0.008541547966860352,7,0.01760956111084293,29,0.015582741071858043,23
2015-10-08,0.010721604234229428,14,0.017015432560000404,28,0.015629641586380697,23
2015-10-09,0.01292111384549632,21,0.01667007676459425,27,0.01574875574225919,24
2015-10-12,0.008622921343216107,7,0.010165274588150305,8,0.015824696996210343,24
2015-10-13,0.008778419130825976,8,0.009432607368736008,6,0.015802832518685635,24
2015-10-14,0.007407999465217968,4,0.010036843261143508,7,0.015206707310792841,22
2015-10-15,0.016201654239013083,29,0.012971657799715515,17,0.016691951674630792,27
2015-10-16,0.014281136010327617,24,0.013025219650330705,17,0.016510376021558686,26
2015-10-19,0.014377468878748445,24,0.01170759593715909,13,0.015082821223369564,22
2015-10-20,0.014758469317250706,25,0.011670374466416706,12,0.014838053595809489,21
2015-10-21,0.021874205540299715,38,0.015499375381101564,25,0.015813326029854535,24
2015-10-22,0.019006272401354624,34,0.01692205029448719,28,0.016475276049407406,26
2015-10-23,0.019769886286874386,35,0.016581551927299643,27,0.016213982921862234,25
2015-10-26,0.02006319086013361,36,0.01663257690332083,27,0.01595036971185714,25
2015-10-27,0.02018040297579528,36,0.016802149743112588,28,0.013185382691580335,15
2015-10-28,0.01198095390119808,18,0.017839133048058217,30,0.013890179375538741,18
2015-10-29,0.013551042439656156,22,0.016157548793878675,26,0.014087621148373423,19
2015-10-30,0.015751616678675223,28,0.0168767954633415,28,0.014403005310426795,20
2015-11-02,0.016149938267802286,28,0.017186635218218442,29,0.014514485434877704,20
2015-11-03,0.015714733909419822,27,0.01716457891005942,29,0.013966366736067853,18
2015-11-04,0.010030145479514264,11,0.012264348438681303,15,0.013931505373089162,18
2015-11-05,0.009018622181634904,8,0.011120573334828108,11,0.013823235204526267,18
2015-11-06,0.014415145139269099,24,0.01517633318512701,24,0.015574971504171722,23
2015-11-09,0.01809841283657288,32,0.016347184290688054,27,0.015662188226735447,24
2015-11-10,0.018098064725368228,32,0.016043753685052724,26,0.015660694538026654,23
2015-11-11,0.01861625802993324,33,0.014410922386017499,21,0.015728532611839513,24
2015-11-12,0.02296098920689028,40,0.01645954476251765,27,0.016658303046821595,27
2015-11-13,0.010967282158385036,15,0.01643668403064842,27,0.015804114464322273,24
2015-11-16,0.013338152027868515,22,0.016295479610236866,27,0.015894975471723492,24
2015-11-17,0.012124607102756212,18,0.016499417903757165,27,0.016044944929484155,25
2015-11-18,0.016197897936765335,29,0.01723638153526582,29,0.016353457759363765,26
2015-11-19,0.012044498510724446,18,0.017289048327793464,29,0.014523656097545199,20
2015-11-20,0.011030984181697697,15,0.011658537724589975,12,0.014122201452972603,19
2015-11-23,0.011205275915618972,15,0.011643602495428031,12,0.014299323807447228,19
2015-11-24,0.01082866097797902,14,0.011207012897122623,11,0.014226032018886912,19
2015-11-25,0.005517393171685391,1,0.011419704179271767,12,0.014198036759873377,19
2015-11-27,0.007663379400870081,5,0.009645089897132258,6,0.012982461357900125,15
2015-11-30,0.007051038741121599,4,0.00884151018795661,4,0.012885474697670303,14
2015-12-01,0.007781406544974997,5,0.009845178672156814,7,0.012989449147043319,15
2015-12-02,0.011349372336350921,16,0.010636686252033133,9,0.013220722377606284,16
2015-12-03,0.016934751353085024,30,0.011878031235969444,13,0.014388777071084395,20
2015-12-04,0.02151036813825612,38,0.015272311879866584,24,0.015520149148044367,23
2015-12-07,0.02398774430265756,41,0.016747488137270564,28,0.016322001306852168,26
2015-12-08,0.02111234015415402,37,0.016872891133727135,28,0.013881682381329103,18
2015-12-09,0.02102431406159645,37,0.017099518307260003,28,0.013881138987507204,18
2015-12-10,0.019853393326319576,35,0.017402973189613542,29,0.013971466104422313,18
2015-12-11,0.014498306135146645,25,0.01883319515109235,32,0.015120277090225996,22
2015-12-14,0.014457591962307064,24,0.01888199919753876,32,0.014551243532258092,20
2015-12-15,0.02315139770435525,40,0.021515140767908298,37,0.016377362885002942,26
2015-12-16,0.02417802230626577,41,0.023027035673416404,39,0.017112670668200183,28
2015-12-17,0.026663731999205947,44,0.022263941458316543,38,0.017501897194849562,29
2015-12-18,0.02930417155641888,46,0.02294473188036563,39,0.01874902887250326,32
2015-12-21,0.029941409495924054,46,0.023022226300646372,39,0.019129804031020374,32
2015-12-22,0.026181978617719735,43,0.023307068589499838,39,0.01943900176347057,33
2015-12-23,0.024662300034600296,42,0.023565985302555315,40,0.01973761774558666,33
2015-12-24,0.023020631021500048,40,0.023487822962067296,40,0.019737212927417046,33
2015-12-28,0.009763029559888335,10,0.020998023551286497,36,0.01972775950164484,33
2015-12-29,0.009455504202533771,10,0.02107072143515679,36,0.019820881312036884,33
2015-12-30,0.01052063978351578,13,0.018934678845478566,32,0.01987461414046074,34
2015-12-31,0.008053634295257978,6,0.017296779684626555,29,0.019506601067901627,33
2016-01-04,0.010225066049644422,12,0.017081407304897104,28,0.019590729401323653,33
2016-01-05,0.011335524314456837,16,0.012828958359101104,16,0.01913265538479991,32
2016-01-06,0.006515855593448011,3,0.013816741763165663,20,0.01850623816187239,31
2016-01-07,0.007983649852169924,6,0.01458834668918634,22,0.01891839732554946,32
2016-01-08,0.009929072818170133,11,0.011902151787369595,13,0.018822343004412025,32
2016-01-11,0.016682791087364205,30,0.013592179378867187,19,0.019059404364802482,32
2016-01-12,0.017369763408196747,31,0.013844896767428451,20,0.018894832885961416,32
2016-01-13,0.021738750558471975,38,0.015184216030087261,24,0.019703138025221105,33
2016-01-14,0.022011770361921916,39,0.017767153301485403,30,0.020164957001061384,34
2016-01-15,0.02629041764321545,43,0.01927990928309323,33,0.019545982873197705,33
2016-01-19,0.02569322817553004,42,0.020461719394940354,35,0.018622387836549976,31
2016-01-20,0.025153669496597166,42,0.020543015945853255,35,0.018629887647713533,31
2016-01-21,0.02070196333889997,37,0.02010690913776368,35,0.01729460275206619,28
2016-01-22,0.027149068245659366,44,0.02331657805256381,39,0.01906040772929865,32
2016-01-25,0.027368780219014007,44,0.02541395348419739,42,0.01968498847843325,33
2016-01-26,0.02974310521139735,46,0.026542648737655154,43,0.02008821874249394,34
2016-01-27,0.028343505204933183,45,0.02645550932385268,43,0.02006615503346557,34
2016-01-28,0.02841003743614437,45,0.025014056131745475,41,0.02108219858836007,36
2016-01-29,0.027141214189457544,44,0.02631311258346907,43,0.022165495974585767,38
2016-02-01,0.018141598514678954,32,0.02359601738837509,40,0.02219860920780864,38
2016-02-02,0.031160101652138093,47,0.0287190533924228,45,0.024170431682703004,40
2016-02-03,0.03142297661385619,47,0.028219113282265902,45,0.024267315813015958,41
2016-02-04,0.03203247678315864,47,0.02882885729805044,45,0.025090334719172203,42
2016-02-05,0.027838380473383342,45,0.026716236888238428,43,0.024695804073493022,41
2016-02-08,0.03330661513729939,48,0.028296592633249434,45,0.02574863477102449,43
2016-02-09,0.026199227049419366,43,0.02714678526037462,44,0.025753707288100742,43
2016-02-10,0.025497948451942136,42,0.027163912082662448,44,0.02551405769478838,42
2016-02-11,0.022472616629626727,39,0.028243990341088272,45,0.026859638866353147,43
2016-02-12,0.03475709818989068,49,0.029917743305819235,46,0.027527867750900367,44
2016-02-16,0.03143081183085115,47,0.031291906922173755,47,0.027705606391365847,44
2016-02-17,0.031593178819397105,47,0.027710878760555016,45,0.026884670285772464,43
2016-02-18,0.03343390857612505,48,0.028355318676896925,45,0.027150784468750036,44
2016-02-19,0.023125110351797477,40,0.02660986058181702,43,0.026880501646323884,43
2016-02-22,0.016841005403481404,30,0.02723209136113159,44,0.026917729381931526,43
2016-02-23,0.01833535398963852,33,0.024433151939948775,41,0.026219876822270026,43
2016-02-24,0.01653276829210424,29,0.02448449751007001,41,0.025132267519656002,42
2016-02-25,0.01755563529340389,31,0.025175678166952247,42,0.024977446509906832,42
2016-02-26,0.017888407744720485,32,0.019620216880971368,34,0.025180737422182933,42
2016-02-29,0.017609442134912664,31,0.01630230230682789,27,0.02465493785914021,41
2016-03-01,0.01475062749802915,25,0.018505763312380078,31,0.025030173433739547,42
2016-03-02,0.01614533351236201,28,0.018323962526330607,31,0.024926696779274057,41
2016-03-03,0.015740051436669882,27,0.01636601106212984,27,0.02236078855353559,38
2016-03-04,0.0155889667705899,27,0.01596422248817644,26,0.022409203731392123,38
2016-03-07,0.016710807697766967,30,0.016560371656130432,27,0.021862432640597163,37
2016-03-08,0.013725609697711416,23,0.016170234147500143,26,0.02248202904191786,38
2016-03-09,0.014067234337373296,23,0.016924989324327108,28,0.02016675153902837,34
2016-03-10,0.014084723483464335,23,0.0161496422508456,26,0.02015318402379997,34
2016-03-11,0.01703491007162812,30,0.016708978034794035,28,0.020445532664893684,35
2016-03-14,0.01671730604031955,30,0.016627939019236124,27,0.017494121194898186,29
2016-03-15,0.012747362238608733,20,0.012714296218693171,16,0.015843115748862782,24
2016-03-16,0.012446869448343492,19,0.012975172363684315,17,0.015495195115321762,23
2016-03-17,0.013998187476690368,23,0.01390991143022962,20,0.015620607465903468,23
2016-03-18,0.017795796634171853,32,0.017015747456925745,28,0.01606841124123245,25
2016-03-21,0.018531220616437822,33,0.01694129253412305,28,0.016154737819139748,25
2016-03-22,0.019287322333084465,34,0.015462658937286386,24,0.01637517707120797,26
2016-03-23,0.01818235176970298,32,0.014832075024237728,23,0.01510048368220823,22
2016-03-24,0.017593470283107728,31,0.015038743802807541,23,0.015252805451893047,22
2016-03-28,0.007293291051646422,4,0.013790015487821342,20,0.014829274514914784,21
2016-03-29,0.008745662644178882,7,0.013948281074870023,20,0.014655900098272305,20
2016-03-30,0.006802602690478483,3,0.013634534721506155,19,0.014675910510315466,20
2016-03-31,0.006480683698419818,3,0.012880126680389684,17,0.012728157127779211,14
2016-04-01,0.005739096339372531,2,0.013131453782597887,17,0.013237834046463679,16
2016-04-04,0.01140653858208342,16,0.010427200180609998,9,0.013543295959796912,17
2016-04-05,0.01436317247423425,24,0.011264423664037284,11,0.01382183352025132,18
2016-04-06,0.013459763615629425,22,0.010341207911238893,8,0.013664585814285526,17
2016-04-07,0.0182048323866502,32,0.01438266940294086,21,0.01431578993093572,19
2016-04-08,0.01234406002252998,19,0.014290749150975363,21,0.014099620348307368,19
2016-04-11,0.016586065122169858,29,0.014871947992972563,23,0.014284149803656472,19
2016-04-12,0.018018007478343336,32,0.01538785447788898,24,0.013969206824894593,18
2016-04-13,0.024510929066305552,41,0.01908817749254816,33,0.015961361067611344,25
2016-04-14,0.013746647009276998,23,0.019137635024938898,33,0.01576388606221565,24
2016-04-15,0.01815782965279725,32,0.0190174861583562,33,0.01600294756739866,25
2016-04-18,0.01841258766233726,33,0.01854654384012213,31,0.01571861810089139,24
2016-04-19,0.019420664556064927,35,0.01874939108222021,32,0.015083163469963197,22
2016-04-20,0.0166612612691132,30,0.019809571189665243,34,0.015841360820808722,24
2016-04-21,0.01873845747322851,34,0.016070747001069346,26,0.015677923298444245,24
2016-04-22,0.014889720654340846,25,0.015657965362470404,25,0.015686138377998884,24
2016-04-25,0.017397272883369872,31,0.01690158595067799,28,0.015801197384069637,24
2016-04-26,0.01518843525777308,26,0.01681686817830297,28,0.01579732315982783,24
2016-04-27,0.00916231256027213,9,0.013518925028576342,19,0.015783957735770137,24
2016-04-28,0.010931734656439146,14,0.014895467938664118,23,0.01627050294607662,25
2016-04-29,0.009512951952250963,10,0.013737805519838681,20,0.016287848533770855,26
2016-05-02,0.010750676828918284,14,0.014029623767795875,20,0.016063661684053807,25
2016-05-03,0.013548868073088229,22,0.014087787432204965,21,0.01635724729845721,26
2016-05-04,0.013741932481990718,23,0.011834776850094084,13,0.016555126628366886,26
2016-05-05,0.013158924170862365,21,0.011658864172130112,12,0.016581312621946898,26
2016-05-06,0.012950841083745132,21,0.010851120770180816,10,0.0149299029638895,21
2016-05-09,0.007479775375975327,5,0.010781157764759188,10,0.01511082677378916,22
2016-05-10,0.016207976026137022,29,0.014097381056320829,21,0.015742056620170055,24
2016-05-11,0.014729248447005319,25,0.01400548979515232,20,0.015871610681811765,24
2016-05-12,0.01512883735954835,26,0.013536372216853967,19,0.013920348120958041,18
2016-05-13,0.016705984619175645,30,0.014134507119989006,21,0.014285544630723842,19
2016-05-16,0.01662640425629186,30,0.012869534071813233,17,0.013960388045156263,18
2016-05-17,0.0067677227023469535,3,0.012200416885344217,14,0.013952657193516951,18
2016-05-18,0.019741856293311242,35,0.016440603938459843,27,0.015107011594921515,22
2016-05-19,0.024908379612813347,42,0.01946661569826056,33,0.015295400751677353,22
2016-05-20,0.023788228323064917,40,0.019466666659565895,34,0.01523053801006722,22
2016-05-23,0.023997514482934967,41,0.019524149196003027,34,0.015141550990173015,22
2016-05-24,0.02444866451441711,41,0.018155141789596138,31,0.015495239778943296,23
2016-05-25,0.021355861891861862,38,0.019395913783649354,33,0.016405107611630994,26
2016-05-26,0.013736025977820216,23,0.01966863990732049,34,0.016485009764011318,26
2016-05-27,0.013396074727683758,22,0.0186062073134428,32,0.016202920137125244,25
2016-05-31,0.013745111031583502,23,0.018615820023738665,32,0.016204250674858662,25
2016-06-01,0.012885403529418022,21,0.018430998194026327,31,0.015927890959243712,24
2016-06-02,0.006337783637686851,3,0.015019429628478161,23,0.015485314767471819,23
2016-06-03,0.010564170844643358,13,0.012765618228326756,16,0.015727143730006016,24
2016-06-06,0.011987467124377621,18,0.012997268833303285,17,0.01587096169097124,24
2016-06-07,0.012453471331696192,19,0.013570600577908157,19,0.016049653965994115,25
2016-06-08,0.011662612476628753,17,0.012678640832219047,16,0.01597044715616478,25
2016-06-09,0.01162814339053193,17,0.009259941969000911,5,0.01494547560501326,21
2016-06-10,0.011233637660770388,15,0.01040402341396384,8,0.015371083260870066,23
2016-06-13,0.006633159787734729,3,0.01003718680347323,7,0.01536995032905481,23
2016-06-14,0.007085513995427462,4,0.010135347596658975,8,0.015330858775997597,22
2016-06-15,0.008110198097213056,6,0.00976142274789997,7,0.015326614493229702,22
2016-06-16,0.010433243921347734,13,0.010426049899218848,9,0.015374746699758341,23
2016-06-17,0.007631444085403472,5,0.009101970385503647,5,0.012893871052014694,14
2016-06-20,0.011499331724293956,16,0.010252737362601303,8,0.011764919059029641,10
2016-06-21,0.007721765132747989,5,0.010469091665236858,9,0.011841344453718436,10
2016-06-22,0.00786353740459612,5,0.010509755737573123,9,0.01170178292398326,10
2016-06-23,0.014752032081332949,25,0.0149573841029854,23,0.013306519934302563,16
2016-06-24,0.03891511324635367,50,0.02644382883169696,43,0.01912832187868871,32
2016-06-27,0.037557505743729486,50,0.026679733881710868,43,0.019217294961526018,32
2016-06-28,0.03988809468650249,50,0.027639741573143656,44,0.020033803775085176,34
2016-06-29,0.042048264362828054,51,0.02866951993349534,45,0.020860738812073013,35
2016-06-30,0.04036832647495251,51,0.02944972756007339,46,0.021536677257104696,36
2016-07-01,0.01751967090914757,31,0.029339498443992945,46,0.021536524185836913,36
2016-07-05,0.020956071366079188,37,0.0301994615293659,47,0.02167999917589103,37
2016-07-06,0.01960710328619673,35,0.030304318207405388,47,0.02165004970481515,37
2016-07-07,0.017625718757133743,32,0.030511246866095455,47,0.021736490900525752,37
2016-07-08,0.018128942552183495,32,0.02974960501534308,46,0.022424347949638646,38
2016-07-11,0.018312534363209343,33,0.01700054402388181,28,0.022512410685032264,38
2016-07-12,0.009939461513821853,11,0.016265519940524113,27,0.02293307668979464,39
2016-07-13,0.010279924062698922,12,0.016032251329622025,26,0.022810002573236548,39
2016-07-14,0.010792347679756516,14,0.016779103578402812,28,0.023027950975640574,39
2016-07-15,0.015541127931304008,27,0.017148516795879865,29,0.023121112698842507,39
2016-07-18,0.015623240300554668,27,0.016723628580425868,28,0.0231461123842402,39
2016-07-19,0.015881268892515503,28,0.013765398054281203,20,0.023302792079124036,39
2016-07-20,0.0159490988579549,28,0.014031038463148755,20,0.023211113238423668,39
2016-07-21,0.009350626244470011,9,0.015577666738288509,25,0.023448053149938412,40
2016-07-22,0.00947990809578776,10,0.014818062936378221,23,0.023420223155813186,40
2016-07-25,0.007104671771084437,4,0.01479022323554496,23,0.022627307937911137,38
2016-07-26,0.005904057781015713,2,0.011737506256637149,13,0.015149416355041107,22
2016-07-27,0.005732949761819934,2,0.011716450301412837,13,0.014340412314937429,20
2016-07-28,0.0027070576374419925,0,0.006768824111533831,0,0.014125469062742141,19
2016-07-29,0.005501158580017543,1,0.0073117187743031616,1,0.014073831727995843,19
2016-08-01,0.0053364101981744445,1,0.005930763981596822,0,0.013626628121640024,17
2016-08-02,0.005354647952088471,1,0.006211509537714662,0,0.014055561315622356,18
2016-08-03,0.01093650015140086,14,0.008321817784958609,3,0.012700290872511018,14
2016-08-04,0.010955696261279022,15,0.0077672295901915,2,0.012747036353189372,14
2016-08-05,0.015633315500278844,27,0.011519465243388196,12,0.013545655750670398,17
2016-08-08,0.014971435070024389,26,0.01156862222446581,12,0.012885590864097397,14
2016-08-09,0.010837409642037978,14,0.011561575809220896,12,0.012749269489743375,14
2016-08-10,0.012560919972791943,20,0.011904195161508885,13,0.011272597265141503,8
2016-08-11,0.012103873116549795,18,0.012177991893267251,14,0.011387008364844627,9
2016-08-12,0.0071198918808484035,4,0.011543314451194114,12,0.009538315607728925,3
2016-08-15,0.009147601370456077,9,0.011773442427499397,13,0.00989758588988913,4
2016-08-16,0.009221400906223438,9,0.010105285718725293,7,0.009667021446142184,3
2016-08-17,0.007537690153739479,5,0.009771145668001276,7,0.009238848668759389,2
2016-08-18,0.006747607089615793,3,0.009553294510168163,6,0.009239523365081265,2
2016-08-19,0.005900815494499326,2,0.006272062728591987,0,0.008828620648724882,2
2016-08-22,0.0009128004637036891,0,0.006268235458278221,0,0.008835396214983006,2
2016-08-23,0.0012708784271073038,0,0.006313533282456936,0,0.008854038448756556,2
2016-08-24,0.0026863154045079648,0,0.005886593050030537,0,0.008941426831570115,2
2016-08-25,0.003053931841281131,0,0.005165427483495943,0,0.008939581192706067,2
2016-08-26,0.0030056669910050963,0,0.004880517841350225,0,0.008888717155961356,2
2016-08-29,0.003976699472667973,0,0.002720782517624177,0,0.008455544975875135,1
2016-08-30,0.007266008241894992,4,0.005239776662289476,0,0.008748751223055946,2
2016-08-31,0.005971122366847011,2,0.005222943421300145,0,0.00790684538693637,0
2016-09-01,0.007683160887458996,5,0.005786081252524609,0,0.007774933957678898,0
2016-09-02,0.007530531091109974,5,0.005835287273660761,0,0.0076974913279146346,0
2016-09-06,0.007568513036390474,5,0.0058180798181299166,0,0.005766230472591272,0
2016-09-07,0.003594896320877788,0,0.00572656490342847,0,0.005738471031896186,0
2016-09-08,0.006242049999672581,2,0.005895917284406504,0,0.0061136380989902156,0
2016-09-09,0.010978835689495727,15,0.009075146885500434,5,0.00726898248013235,0
2016-09-12,0.01283187510482331,20,0.009953912555564912,7,0.007587148764867102,0
2016-09-13,0.017407858330595955,31,0.012994213886338153,17,0.009393680957288859,3
2016-09-14,0.017221062861549622,31,0.011956503070624038,14,0.00899225611005903,2
2016-09-15,0.01718143749782056,31,0.012686071370313535,16,0.009327311888387898,3
2016-09-16,0.016198675060869118,29,0.013146522264147748,18,0.009757161796458459,3
2016-09-19,0.013383659881950935,22,0.013050455640933904,17,0.009747697296572246,3
2016-09-20,0.00886264613556917,8,0.01306708208944102,17,0.009751003351235656,3
2016-09-21,0.008605986916538477,7,0.013115914658385791,17,0.009776797747259154,4
2016-09-22,0.007134826818691084,4,0.012583804285152603,16,0.009847862796178192,4
2016-09-23,0.009235586048878875,9,0.012473285715177279,15,0.010537909656998488,6
2016-09-26,0.012956226156339009,21,0.012418383664299697,15,0.01154346866472708,9
2016-09-27,0.014287580475743128,24,0.011372831082086886,11,0.011743310644465854,10
2016-09-28,0.014297473349224219,24,0.011472561070482631,12,0.011698410374503383,10
2016-09-29,0.016068572431925467,28,0.01304895404774021,17,0.012462513509308364,13
2016-09-30,0.018993733622112492,34,0.01420437939152387,21,0.013023910701887931,15
2016-10-03,0.016277344415689197,29,0.014146790971732352,21,0.01300290285830641,15
2016-10-04,0.01610676830700459,28,0.014478447966272635,22,0.01310532579029833,15
2016-10-05,0.02003555863894306,36,0.016940521995035804,28,0.014399058374199277,20
2016-10-06,0.010280574580764376,12,0.01688888505556925,28,0.014433123058016892,20
2016-10-07,0.010454550096734603,13,0.016478325093791536,27,0.014646172289076232,20
2016-10-10,0.008627801432015803,7,0.013940753094333829,20,0.014155158970928877,19
2016-10-11,0.013869652048710344,23,0.01493352328795901,23,0.014025528378615443,18
2016-10-12,0.010073784236207216,11,0.01495090727931017,23,0.012974531816529071,15
2016-10-13,0.011932339027904979,18,0.011695530431187588,13,0.01317557669070025,15
2016-10-14,0.012768935802320799,20,0.012101676464055938,14,0.013551342075126392,17
2016-10-17,0.012821277930229283,20,0.012810277142025555,16,0.013403662230156752,16
2016-10-18,0.015139077169588006,26,0.013847863597697274,20,0.014134179633715313,19
2016-10-19,0.015289056862856363,26,0.012287239839192887,15,0.014268919230492363,19
2016-10-20,0.012746963723118745,20,0.01238300716030244,15,0.014275797455174818,19
2016-10-21,0.011634563303903564,17,0.011707545642478686,13,0.01425198725312065,19
2016-10-24,0.009085820049450459,9,0.011612080124549413,12,0.013560117283535818,17
2016-10-25,0.0043415315809285735,0,0.010511100183412057,9,0.012297106524181966,12
2016-10-26,0.0033839234786269003,0,0.010579142105214871,9,0.012295726342038935,12
2016-10-27,0.002964946053118076,0,0.009070368608748382,5,0.012295030644353016,12
2016-10-28,0.004312967659275224,0,0.00834275574113756,3,0.010131988593634652,5
2016-10-31,0.004560691311867209,0,0.007041776406692179,1,0.009906800804298519,4
2016-11-01,0.00500919763842396,1,0.00442750701294083,0,0.00989988354878197,4
2016-11-02,0.005782104042299021,2,0.0048247117436292985,0,0.010281690027097865,5
2016-11-03,0.005241877670412348,1,0.004926575340204265,0,0.009109522092281093,2
2016-11-04,0.005156896879830245,1,0.004996430109102513,0,0.00914974357334186,2
2016-11-07,0.015869265470691032,28,0.011008075799012333,10,0.010787634980760132,6
2016-11-08,0.015687259500089288,27,0.011008446270739082,10,0.010751252699376561,6
2016-11-09,0.02686941229494741,44,0.020724366241624402,36,0.01578148660945425,24
2016-11-10,0.026030161733073546,43,0.02322760913085139,39,0.017611610886839747,29
2016-11-11,0.022227250958068108,39,0.022541626105755767,38,0.01709009274793252,28
2016-11-14,0.022290435637884274,39,0.022595990859561682,38,0.01734765967421863,29
2016-11-15,0.020290027628678136,36,0.02192869866586206,38,0.016804687007424483,27
2016-11-16,0.024394259891133547,41,0.024278071244383727,40,0.018171441374627957,30
2016-11-17,0.018828969602245598,34,0.023443884847841625,40,0.018243547836092933,30
2016-11-18,0.01853918971191829,33,0.02302794482589049,39,0.018174801442855614,30
2016-11-21,0.01508295237913228,26,0.022936103723125895,39,0.01812587488653886,30
2016-11-22,0.014454687702007795,24,0.0230910209358332,39,0.01817812532968005,30
2016-11-23,0.006207034959610121,2,0.017327266841183527,29,0.01813276604888418,30
2016-11-25,0.003918260564020966,0,0.013348518936055228,18,0.01837556708131756,31
2016-11-28,0.00467185011930069,1,0.013176271042063358,18,0.01858620682288662,31
2016-11-29,0.005419241383843372,1,0.010705129849788508,9,0.018399647448232026,31
2016-11-30,0.016492501511644605,29,0.015177345795024557,24,0.01929776206894285,33
2016-12-01,0.019947027264041045,36,0.014474541363148151,22,0.019767134351973092,33
2016-12-02,0.022514218548841912,39,0.01605603337547251,26,0.02011923406759054,34
2016-12-05,0.020923659849838402,37,0.016840782315425722,28,0.020026115426624462,34
2016-12-06,0.020371554145995074,36,0.016783188229524185,28,0.01975760284820908,33
2016-12-07,0.01796041775829291,32,0.016647108151256057,27,0.019347637956685704,33
2016-12-08,0.01602458096816071,28,0.017059303164194555,28,0.019377040742769972,33
2016-12-09,0.009440556073937414,10,0.016469605182631127,27,0.01652800467615173,26
2016-12-12,0.01729860717559109,31,0.018758831441957346,32,0.01611524524999309,25
2016-12-13,0.01708813226497269,30,0.018788308992347277,32,0.01603541581266088,25
2016-12-14,0.01579707297815777,28,0.01692494332759937,28,0.015492393932468334,23
2016-12-15,0.012239842904077298,19,0.014748473499541734,22,0.015538196035360203,23
2016-12-16,0.014681775939895447,25,0.015159274491148499,24,0.014963647002200152,21
2016-12-19,0.011210016992573462,15,0.014090056318016774,21,0.01487086648465649,21
2016-12-20,0.013144663978241322,21,0.01442778507191402,22,0.015024143061430188,21
2016-12-21,0.013864098575528954,23,0.014071455457769978,21,0.01530933498631037,22
2016-12-22,0.01241956609318841,19,0.011783914505510432,13,0.01547441318141066,23
2016-12-23,0.009436862673262316,10,0.011836953703289936,13,0.015485496565956878,23
2016-12-27,0.009420469121411432,9,0.009764861646243163,7,0.01532392029527949,22
2016-12-28,0.004704905833088633,1,0.009805537330749119,7,0.015284796687150692,22
2016-12-29,0.005732607529248969,2,0.010225216519517676,8,0.01571813121207185,24
2016-12-30,0.0064231409220800815,3,0.009368460214622135,6,0.014151346768554531,19
2017-01-03,0.0075993036850722446,5,0.008103977120929534,2,0.012541310849930588,13
2017-01-04,0.008051635241893026,6,0.008272079214446264,3,0.011891429768681903,10
2017-01-05,0.008768784772309567,7,0.006773558944284591,0,0.011294343507761753,8
2017-01-06,0.008167595780470577,6,0.007964361251139258,2,0.011412048434821924,9
2017-01-09,0.010258301469873414,12,0.008270156131403838,3,0.011086851627974894,7
2017-01-10,0.009779554342761058,10,0.008258680989989274,3,0.00970011759811749,3
2017-01-11,0.011104787591624178,15,0.009156176056382678,5,0.010098649055789279,5
2017-01-12,0.011185625209652491,15,0.00951016283607313,6,0.009222635531543202,2
2017-01-13,0.008740347324079122,7,0.008592169554062926,4,0.009167382388757073,2
2017-01-17,0.018008771574657516,32,0.014562190780503954,22,0.012024211230947926,11
2017-01-18,0.017835122240029273,32,0.014148124242159901,21,0.011660840387470756,10
2017-01-19,0.013922871486164865,23,0.014002430484506636,20,0.011402276973138685,9
2017-01-20,0.015552918881677091,27,0.01419760035995203,21,0.011443104224411846,9
2017-01-23,0.01557851224430198,27,0.012847774964009304,16,0.010701960464680816,6
2017-01-24,0.007220063728754063,4,0.013113480959341487,17,0.010730031467630007,6
2017-01-25,0.00982996198413268,11,0.014442363089564595,22,0.01128689332322308,8
2017-01-26,0.005503624548180293,1,0.014085118831573292,21,0.011481159687582525,9
2017-01-27,0.009866115547694149,11,0.014253485784618602,21,0.011697379049318958,10
2017-01-30,0.012536295874964139,20,0.014480076187088674,22,0.011976262926779283,11
2017-01-31,0.01526629654852242,26,0.011304389516999733,11,0.012487203904379664,13
2017-02-01,0.012718126319433067,20,0.011534636348481519,12,0.012503465040824112,13
2017-02-02,0.010080291063220555,11,0.010896151934775155,10,0.012269663593720831,12
2017-02-03,0.025555913688921475,42,0.018264636098716674,31,0.016061368067369675,25
2017-02-06,0.02441010151434764,41,0.018431405817505242,31,0.01600261984954257,25
2017-02-07,0.02087063742874121,37,0.01848542230135887,31,0.015630806683929823,23
2017-02-08,0.022247272253514954,39,0.01817813980902364,31,0.015623505428586773,23
2017-02-09,0.022152454591176263,39,0.018641355839043416,32,0.016055329993808657,25
2017-02-10,0.009368636366606963,9,0.01818008561107001,31,0.015813600432437208,24
2017-02-13,0.010286783724429304,12,0.01765955737840571,30,0.016049278960630534,25
2017-02-14,0.009947893947425464,11,0.015420368623390898,24,0.016273952134118714,25
2017-02-15,0.00557006491750837,1,0.015458171500547973,24,0.014010289440892668,18
2017-02-16,0.007644106765206277,5,0.01571402981035416,25,0.013957991455643633,18
2017-02-17,0.007716166402626191,5,0.008471038479036724,3,0.013506288753565299,16
2017-02-21,0.0061657326762900805,2,0.008006383510107197,2,0.013510700388908864,16
2017-02-22,0.004063583962533067,0,0.007896172791814576,2,0.01353400686452782,16
2017-02-23,0.004095499054220685,0,0.00701707872379826,1,0.01359592995511875,17
2017-02-24,0.008203802118580947,6,0.008615518185356578,4,0.013908280787767744,18
2017-02-27,0.009076237053482376,8,0.00877135618790464,4,0.013863304048611769,18
2017-02-28,0.00844790933540343,7,0.007979482282423477,2,0.013645836560020053,17
2017-03-01,0.013001415573325742,21,0.009095633991874106,5,0.013635656514386446,17
2017-03-02,0.01339534123968849,22,0.009342904461854712,6,0.012788913453701105,14
2017-03-03,0.010448427361585228,13,0.009428461620507906,6,0.012800725508801802,14
2017-03-06,0.010739056527641847,14,0.00950568609793631,6,0.012862268545947277,14
2017-03-07,0.010626104471809684,13,0.009463910277062655,6,0.008810509966290259,2
2017-03-08,0.005365604421810495,1,0.009491799113443172,6,0.008768228524701173,2
2017-03-09,0.004722687181621726,1,0.009475398593067305,6,0.008747131745602694,2
2017-03-10,0.0025403924282781888,0,0.00833622700081078,3,0.008708838719654248,2
2017-03-13,0.002818194264833813,0,0.007903447371169967,2,0.008117357928887469,1
2017-03-14,0.00275184148356589,0,0.007754667895556348,2,0.008102052195660863,1
2017-03-15,0.0028095469405905794,0,0.004061215383015273,0,0.007530359098611342,0
2017-03-16,0.0047940729427229925,1,0.004509713443177186,0,0.007070219980450501,0
2017-03-17,0.00845408602514138,7,0.0058850227941659354,0,0.007896071794646008,0
2017-03-20,0.008436938849668743,7,0.006005500523239269,0,0.007982134268443781,1
2017-03-21,0.01656152826869589,29,0.012265766287308345,15,0.01115346978747144,8
2017-03-22,0.016116798008529384,28,0.012156157061468664,14,0.011010153929441761,7
2017-03-23,0.01548136725787622,27,0.01247949658398249,15,0.011105212562610796,8
2017-03-24,0.015376405685180382,27,0.012704212889165867,16,0.011360815704198762,9
2017-03-27,0.015070838362250844,26,0.01249218677266998,15,0.01125575511367385,8
2017-03-28,0.01337990236517151,22,0.014960063170231476,23,0.011908133603880908,10
2017-03-29,0.013093900936908695,21,0.014958869184112402,23,0.011905022162842062,10
2017-03-30,0.014517804120583804,25,0.015699832703373152,25,0.01135167242480531,9
2017-03-31,0.012773150376215984,20,0.015279717554447314,24,0.011351238684332063,9
2017-04-03,0.010698764337885608,14,0.015289623786912867,24,0.011048366091875388,7
2017-04-04,0.007356699971863026,4,0.010306251654181885,8,0.011123221360848085,8
2017-04-05,0.007877860850867342,5,0.01021973216030733,8,0.011137039565010833,8
2017-04-06,0.004926325675432682,1,0.010261117987120648,8,0.011298709821001505,8
2017-04-07,0.004420343325290151,0,0.009131717072046477,5,0.01126427108625381,8
2017-04-10,0.004990794941063079,1,0.00804516916493197,2,0.011403616366407417,9
2017-04-11,0.005349878954180904,1,0.0061015089770737226,0,0.011386097685263406,9
2017-04-12,0.005849723925423017,2,0.006562774680545782,0,0.011418823316284797,9
2017-04-13,0.005883717340825725,2,0.005276512340365076,0,0.011502849367459026,9
2017-04-17,0.01001020467991296,11,0.007296029361316879,1,0.011940790566222997,10
2017-04-18,0.021964480352903687,39,0.0162236144823342,26,0.014960575224599175,21
2017-04-19,0.021834115636079683,38,0.016026084169586913,26,0.01495857467906533,21
2017-04-20,0.02590980345060893,43,0.01790022133184699,30,0.013944965296611636,18
2017-04-21,0.02580678365371287,43,0.01765235514351387,30,0.013906008552149825,18
2017-04-24,0.029491335649763358,46,0.02076881696304788,36,0.015546274713556416,23
2017-04-25,0.015828815046349337,28,0.02140759474629189,37,0.01565224663227504,23
2017-04-26,0.014574628043853679,25,0.021361554090904764,37,0.015392828227636787,23
2017-04-27,0.014820413582822357,25,0.021174261755376927,36,0.014905325780654666,21
2017-04-28,0.015600040146245692,27,0.02107474778926286,36,0.015000478552717317,21
2017-05-01,0.009084326824395283,9,0.02067175256147289,36,0.014764324246775352,21
2017-05-02,0.0050116760195731015,1,0.012610401569885092,16,0.01472256069769339,20
2017-05-03,0.005777999507456083,2,0.011962252244198422,14,0.014770429113331946,21
2017-05-04,0.005694077177136038,2,0.011107779075531912,11,0.014770003250664287,21
2017-05-05,0.002072540942738243,0,0.010669751621099472,9,0.014697116764884336,20
2017-05-08,0.004951664505978882,1,0.006932424199237193,1,0.014762260320110203,21
2017-05-09,0.0055100353890003,1,0.004965994318767558,0,0.014791898231006894,21
2017-05-10,0.005428276521234969,1,0.005334054297183426,0,0.014802490401579778,21
2017-05-11,0.0052807683616591435,1,0.0053187526153134,0,0.014769842580133443,21
2017-05-12,0.005772535784982815,2,0.0052715869829645864,0,0.014766891883645019,21
2017-05-15,0.00771661229731171,5,0.006112566957463933,0,0.01475217117896107,20
2017-05-16,0.0070208991793118715,4,0.006137627469430121,0,0.014471899323946052,20
2017-05-17,0.024856744063153142,42,0.017559450617956815,29,0.015388316032286126,23
2017-05-18,0.025736968768275918,43,0.017879431971473663,30,0.015382269106306452,23
2017-05-19,0.02608034734597524,43,0.017873032059477437,30,0.014811014458282442,21
2017-05-22,0.02507956319477961,42,0.018002001867180973,30,0.014782260894271327,21
2017-05-23,0.027304961246172908,44,0.01912359430019446,33,0.013750469675323736,17
2017-05-24,0.008157146195760547,6,0.020160366948676338,35,0.013993783507366662,18
2017-05-25,0.010764682871578451,14,0.020244112792392212,35,0.014044318848881252,18
2017-05-26,0.01039766807259074,12,0.020113665265865412,35,0.014091853523985464,19
2017-05-30,0.017318765084178758,31,0.021030379078168997,36,0.014823813011926302,21
2017-05-31,0.02081952534615988,37,0.022930324523871008,39,0.016281651651967766,25
2017-06-01,0.02039935521585646,36,0.017212104321849938,29,0.01687646152227727,27
2017-06-02,0.02037618673595941,36,0.017267654894234482,29,0.016835320846137987,27
2017-06-05,0.02013603210786936,36,0.01730511633309273,29,0.01686334752865505,27
2017-06-06,0.018770820515816057,34,0.017296709433676137,29,0.016880259667836347,27
2017-06-07,0.009173887561165932,9,0.016403266971127886,27,0.016923458209266263,27
2017-06-08,0.00779224282990202,5,0.01573483004065433,25,0.017235431665418716,28
2017-06-09,0.0064907630774369935,3,0.01673835106865384,28,0.017627385959212188,29
2017-06-12,0.007934000806742012,5,0.01667014785428221,27,0.017632868206348393,29
2017-06-13,0.007510459233721438,5,0.014961891055361904,23,0.017678464344441393,29
2017-06-14,0.007320010796228471,4,0.008343617134655226,3,0.017677935983329476,29
2017-06-15,0.012512751854974715,20,0.009832700114484704,7,0.017967977972779207,30
2017-06-16,0.010806516978228008,14,0.009638448741487364,6,0.013517370152138847,16
2017-06-19,0.013855969992796865,23,0.010800319631018624,10,0.014023614185751945,18
2017-06-20,0.013716160578658647,23,0.011246063459375316,11,0.014105067031531242,19
2017-06-21,0.013447122607675548,22,0.012375445889538438,15,0.014419967823510354,20
2017-06-22,0.013017829338346264,21,0.01261654201358838,16,0.014273453065869163,19
2017-06-23,0.013570123215158056,22,0.011720110433789344,13,0.01380407189936984,18
2017-06-26,0.011617527698633601,17,0.012931552423131328,17,0.01420110990887094,19
2017-06-27,0.01178173133228326,17,0.012355120845137922,15,0.014152891633769338,19
2017-06-28,0.013107549952801745,21,0.012715699685954339,16,0.01349581525432176,16
2017-06-29,0.010944493366698494,14,0.011970998514027656,14,0.011049483146637283,7
2017-06-30,0.010743068217594885,14,0.01237274066250437,15,0.010913233166491327,7
2017-07-03,0.0134876025678022,22,0.013262127769423128,18,0.011742585949468235,10
2017-07-05,0.013081667018869505,21,0.013156715008536237,18,0.01174269975132047,10
2017-07-06,0.013578989844101037,22,0.012647617574040506,16,0.011906767690392384,10
2017-07-07,0.01409087373639808,24,0.012027469508446903,14,0.012037873820292661,11
2017-07-10,0.012395480865670884,19,0.010942713058856295,10,0.011738032220525855,10
2017-07-11,0.005358684753847915,1,0.010260755932054371,8,0.011242226072423842,8
2017-07-12,0.005154133800956031,1,0.010188701208048581,8,0.011216421655441247,8
2017-07-13,0.006973088706437512,4,0.01017666746891878,8,0.011351994684482699,9
2017-07-14,0.0075291720516411495,5,0.01070819886032917,9,0.011326768165338645,8
2017-07-17,0.007525086647419668,5,0.00967164511092016,6,0.010800209536924536,6
2017-07-18,0.014769858097076377,25,0.01058261934048714,9,0.01224671065690523,12
2017-07-19,0.014535379457517022,25,0.01043301995698202,9,0.011443619751252413,9
2017-07-20,0.011209712759539917,15,0.01035517734734156,8,0.011417629311926957,9
2017-07-21,0.011264220433791891,16,0.010559838233803909,9,0.01132640495137238,8
2017-07-24,0.009685780313191592,10,0.010618562273795807,9,0.011182728811605234,8
2017-07-25,0.010189245554646006,12,0.011993055060403504,14,0.011371422502080251,9
2017-07-26,0.01037625510053101,12,0.012040744390525696,14,0.010928995867359024,7
2017-07-27,0.010428707221804298,13,0.01074764621845543,9,0.01095997985674898,7
2017-07-28,0.009872197657523516,11,0.011432063633139453,12,0.010766785521560527,6
2017-07-31,0.007159327713683178,4,0.01176325915175288,13,0.010835822107491464,7
2017-08-01,0.005239985826472763,1,0.008343446589004476,3,0.010612096533322313,6
2017-08-02,0.0064000007832282,3,0.008412860254442336,3,0.009223183233636372,2
2017-08-03,0.008548957939678265,7,0.009126203782247839,5,0.009430056014972509,3
2017-08-04,0.013628577484452967,22,0.011290421037115389,11,0.010993946891327011,7
2017-08-07,0.014111910487791096,24,0.010550133088884648,9,0.011219364406980539,8
2017-08-08,0.014838466729421204,25,0.010492702760429306,9,0.01127814999683648,8
2017-08-09,0.015012765189140792,26,0.010885182614184306,10,0.011316112576244043,8
2017-08-10,0.019025548827879657,34,0.013911666791369444,20,0.012532506764801419,13
2017-08-11,0.013275109988575107,21,0.013823157985701863,20,0.01218994945490045,12
2017-08-14,0.01352038797132913,22,0.014363945448534879,21,0.012544758526757148,13
2017-08-15,0.013773474496838889,23,0.014187540461348772,21,0.012528467951437266,13
2017-08-16,0.013953854042316496,23,0.014444351321991285,22,0.011261954107772308,8
2017-08-17,0.0122299160708877,19,0.015313556758025561,24,0.01200571997231803,11
2017-08-18,0.012476395915497306,19,0.012258758100876082,14,0.012017234422405074,11
2017-08-21,0.008671547518531107,7,0.010723024841511001,9,0.01190378823668907,10
2017-08-22,0.011912785419393519,18,0.012141414689988347,14,0.012000121428802977,11
2017-08-23,0.01157282019947274,16,0.012138025719871727,14,0.011578485615985646,9
2017-08-24,0.007299015741295287,4,0.0098567567457418,7,0.011563648729083222,9
2017-08-25,0.007373827857584798,4,0.009721222341228328,6,0.011548226231833204,9
2017-08-28,0.008225120114629867,6,0.008469014028808472,3,0.011529650769034703,9
2017-08-29,0.003931861469208067,0,0.008364200526557408,3,0.011371734706248299,9
2017-08-30,0.007506080717882691,5,0.009271298708980701,5,0.011541221186202962,9
2017-08-31,0.008019437229860555,6,0.007239622337298828,1,0.011622141613689933,9
2017-09-01,0.008636963117786379,7,0.007710206324490096,2,0.011600787275523107,9
2017-09-05,0.019473508760600076,35,0.014125382855842951,21,0.012614936505873366,13
2017-09-06,0.019730400351670906,35,0.013470871211233436,19,0.012192560028812536,12
2017-09-07,0.019052599838709817,34,0.013964585408468714,20,0.012417173154509006,12
2017-09-08,0.019117131361343194,34,0.01423332100967997,21,0.012592242982366516,13
2017-09-11,0.021007125168210877,37,0.0156108413320293,25,0.012392409926276712,12
2017-09-12,0.01391676938501885,23,0.016749250124981577,28,0.013297293115361966,16
2017-09-13,0.014049435266834666,23,0.016677966960845798,27,0.012928566014426386,15
2017-09-14,0.009344119093309986,9,0.01643606125893342,27,0.012929839921308655,15
2017-09-15,0.012201982404681452,18,0.016618322359604833,27,0.012883468876242204,14
2017-09-18,0.011010031562568507,15,0.01666033191389363,27,0.012329929865922023,12
2017-09-19,0.006483343503277301,3,0.01054920561182697,9,0.012366304737537298,12
2017-09-20,0.006506881930146436,3,0.010556047272092396,9,0.012249783747125395,12
2017-09-21,0.006612277076130798,3,0.008287664692867847,3,0.01205496632912086,11
2017-09-22,0.004179589934349143,0,0.008677456044943207,4,0.012009135976569229,11
2017-09-25,0.004411427111994162,0,0.00811227558910727,3,0.012061150233082754,11
2017-09-26,0.0041108689037036,0,0.005197352843756569,0,0.012047540579698065,11
2017-09-27,0.010032872755530414,11,0.008010007227551803,2,0.012463857632749485,13
2017-09-28,0.009962985328667413,11,0.007973013306323672,2,0.012414089451530302,12
2017-09-29,0.009666589473973669,10,0.0070217710591114445,1,0.012319787041832153,12
2017-10-02,0.008955208856581113,8,0.007485589547643927,1,0.01256030460134791,13
2017-10-03,0.007628284091988752,5,0.007500587846197287,1,0.012485662653689222,13
2017-10-04,0.007249992422104969,4,0.008254548125531039,3,0.008991802937923694,2
2017-10-05,0.01106273136227831,15,0.010304748345627392,8,0.009919497592928383,4
2017-10-06,0.011808422644143167,17,0.010232458151976837,8,0.009000287784471617,2
2017-10-09,0.01389470895536826,23,0.011628319966399125,12,0.00994390961884169,4
2017-10-10,0.013874439852230103,23,0.011593045244422026,12,0.009609253711660222,3
2017-10-11,0.013499163041631871,22,0.010328900856793938,8,0.008771193780374808,2
2017-10-12,0.006253165737816096,2,0.011238300967739362,11,0.009297411475294342,3
2017-10-13,0.005624520894669091,1,0.011268914765950305,11,0.009458712577668607,3
2017-10-16,0.010107579569576053,12,0.011510048852473968,12,0.009648478282159268,3
2017-10-17,0.015378793763430511,27,0.014191719987625417,21,0.011470987548247678,9
2017-10-18,0.02073851930214782,37,0.016528275970614285,27,0.012531822563720941,13
2017-10-19,0.020468861433709178,36,0.01455483586433408,22,0.012761434104847659,14
2017-10-20,0.021772363530303634,38,0.016167755887755538,26,0.013303088551168931,16
2017-10-23,0.021718311188019482,38,0.015970579037955398,26,0.013600586157413278,17
2017-10-24,0.016261507800775583,29,0.016362467427345248,27,0.01366764613694407,17
2017-10-25,0.014684506008669359,25,0.01694070935184727,28,0.014071508688108083,19
2017-10-26,0.013965820522387389,23,0.01653148550857736,27,0.013422781319299327,16
2017-10-27,0.00964005682890344,10,0.016394872000982205,27,0.013421791075817143,16
2017-10-30,0.00859125996265795,7,0.015578671188454867,25,0.013386723109292077,16
2017-10-31,0.007074007425049412,4,0.012803269250703967,16,0.013086178307084506,15
2017-11-01,0.004655944354294074,1,0.010340547259407341,8,0.01315133515407111,15
2017-11-02,0.005784555080406597,2,0.010179895425832832,8,0.013253347709232123,16
2017-11-03,0.008656010878519827,7,0.008983912527744184,5,0.012408566154472531,12
2017-11-06,0.008710968501825296,7,0.008326594124391731,3,0.012431632147915156,13
2017-11-07,0.011053744294297427,15,0.008749990410340185,4,0.01254219704793634,13
2017-11-08,0.010779314516313584,14,0.008185453394843296,3,0.012622056992888615,13
2017-11-09,0.008062788278990938,6,0.008203285498086353,3,0.012626986300066067,13
2017-11-10,0.007558293411139137,5,0.008233840111972677,3,0.01241295386783198,12
2017-11-13,0.007757546350599659,5,0.008179863023951017,3,0.012350253579753296,12
2017-11-14,0.00676876462357392,3,0.00864103794439742,4,0.012102665946497794,11
2017-11-15,0.005628367260397844,1,0.008112867922181046,3,0.01065056673240479,6
2017-11-16,0.007363928191014177,4,0.007549656210879438,1,0.009187736253083589,2
2017-11-17,0.007631408228858665,5,0.007217898837427442,1,0.00908678999357483,2
2017-11-20,0.0076286479410689586,5,0.00726786840384727,1,0.007842752083817418,0
2017-11-21,0.004672199074117895,1,0.005678194241499686,0,0.007544692969646023,0
2017-11-22,0.005632429359556734,2,0.005416254485345751,0,0.00712192121145823,0
2017-11-24,0.0031542195752206417,0,0.005416151762773568,0,0.006651580988299037,0
2017-11-27,0.00281672046078495,0,0.005435525425266525,0,0.0066663697954562826,0
2017-11-28,0.009873656656373811,11,0.00845521767904675,3,0.00792117797965889,1
2017-11-29,0.010272985822334725,12,0.007609924314642942,1,0.008103114760751881,1
2017-11-30,0.0128004079402684,20,0.010803157786912385,10,0.009807822819414268,4
2017-12-01,0.011525291045773513,16,0.010753848627794348,9,0.009752091277914616,3
2017-12-04,0.00892387187938008,8,0.010223891730682935,8,0.009592530719701198,3
2017-12-05,0.012544202734945315,20,0.01114759648709309,11,0.009549491831936055,3
2017-12-06,0.014617260177440966,25,0.011923039611291044,13,0.009771448244947738,4
2017-12-07,0.009509524205481347,10,0.01155562256129448,12,0.009314881630533928,3
2017-12-08,0.009771092268690534,10,0.01129061046480599,11,0.009345829662273195,3
2017-12-11,0.009247241938448336,9,0.011068035760731726,11,0.00932808595476539,3
2017-12-12,0.014886377363233007,25,0.012978061886827026,17,0.011115492728621027,8
2017-12-13,0.014504408722160361,25,0.013882684267740702,20,0.011389836148557816,9
2017-12-14,0.014790889950085016,25,0.01199431333551751,14,0.010850262709481808,7
2017-12-15,0.014777267473604633,25,0.012027417073813437,14,0.010859065258286133,7
2017-12-18,0.014455979719156593,24,0.012238709375152179,14,0.010948841081151576,7
2017-12-19,0.010194740296380353,12,0.012817014964803603,16,0.01142787166641729,9
2017-12-20,0.009713029115512674,10,0.012384628461725323,15,0.011567290798062515,9
2017-12-21,0.014177475900291083,24,0.013674035174747997,19,0.012278487073113978,12
2017-12-22,0.015048839304641093,26,0.01421713368434624,21,0.012332442150489079,12
2017-12-26,0.014168789272162186,24,0.014405228021555389,21,0.012420335565134862,12
2017-12-27,0.013025135125426674,21,0.011030714538837433,10,0.012545140495983995,13
2017-12-28,0.012768376821774336,20,0.010719139728308177,9,0.01212134181874776,11
2017-12-29,0.004049368958484872,0,0.01096078962064988,10,0.012263497662868625,12
2018-01-02,0.0050326609138098095,1,0.010790605434992587,10,0.011041917590901762,7
2018-01-03,0.005868952790862919,2,0.01026575633902567,8,0.011254079012716387,8
2018-01-04,0.009257204342065022,9,0.010667959349157746,9,0.011547140773094962,9
2018-01-05,0.00954100314515013,10,0.010669710930132767,9,0.011393163958194338,9
2018-01-08,0.011243562874879206,15,0.008079835830296552,2,0.011678856156874,10
2018-01-09,0.012061633681632133,18,0.008737948911202003,4,0.011601162729400694,9
2018-01-10,0.011205846000031073,15,0.008734835228537602,4,0.011517354110368305,9
2018-01-11,0.008835088523226288,8,0.008597078704065751,4,0.011521258471728538,9
2018-01-12,0.009256263567442307,9,0.008921078226404698,5,0.009540105106169273,3
2018-01-16,0.002891548902197974,0,0.008692124007044619,4,0.00942498483952886,3
2018-01-17,0.010545594494702763,13,0.010697244354883246,9,0.010315325266935443,5
2018-01-18,0.011405915766079223,16,0.010815813537993355,10,0.010420931238704325,5
2018-01-19,0.015505487164368692,27,0.011952013385983968,14,0.01115100132322506,8
2018-01-22,0.017956895144213714,32,0.013526648757046783,19,0.011693097157417696,10
2018-01-23,0.018328928080377255,33,0.01253470793957491,15,0.011703764881823795,10
2018-01-24,0.016016315858936928,28,0.01374832434117501,20,0.011580299818402818,9
2018-01-25,0.01150825489476898,16,0.01391770604996601,20,0.011668323643854318,10
2018-01-26,0.012995424884194879,21,0.014197264377661745,21,0.011629312003479312,10
2018-01-29,0.012032255782400853,18,0.014621966232724177,22,0.011841135964686743,10
2018-01-30,0.014418706710197156,24,0.015805909423414265,25,0.012348880567033758,12
2018-01-31,0.012259470403079252,19,0.014044692809125278,20,0.012258277279752497,12
2018-02-01,0.01313133393389374,21,0.013150983046782532,18,0.01261962360919972,13
2018-02-02,0.025209144169454748,42,0.020522449890229222,35,0.016219306924660757,25
2018-02-05,0.025917333201331872,43,0.023405761450223713,40,0.01849032966003169,31
2018-02-06,0.03630453841179675,49,0.02706726518347237,44,0.020390682727495345,34
2018-02-07,0.03626703321944882,49,0.025996190826612236,42,0.020157606894681795,34
2018-02-08,0.03600419743141726,49,0.027992067073616737,45,0.022138400512801797,38
2018-02-09,0.03487726127276574,49,0.028709741383400447,45,0.022319554580000504,38
2018-02-12,0.029946605264088617,46,0.028647835710603642,45,0.022586933390183472,38
2018-02-13,0.023623727070925714,40,0.028994441835891244,46,0.022622854128710426,38
2018-02-14,0.02682407226320906,44,0.030750114576220774,47,0.023392775210361996,39
2018-02-15,0.0071350325823667906,4,0.03097307522518213,47,0.02326923727999773,39
2018-02-16,0.010483209908088879,13,0.026960095996541054,44,0.023080285219821715,39
2018-02-20,0.015065862695330794,26,0.022542470719872067,38,0.022908519444451724,39
2018-02-21,0.016450305229570947,29,0.019698694589369056,34,0.022525922365853445,38
2018-02-22,0.01189070553523373,17,0.019762442203284457,34,0.022557196942089224,38
2018-02-23,0.01231857687649005,19,0.013192585219503346,18,0.022508698343874037,38
2018-02-26,0.014604945233379156,25,0.01343924984036272,19,0.022641301668124163,38
2018-02-27,0.01508791021586091,26,0.014661329339179303,22,0.022803478011258205,39
2018-02-28,0.017713956599689832,32,0.016468044466271047,27,0.02285086779699935,39
2018-03-01,0.02054439679068014,36,0.01588378399321367,26,0.023223177871693552,39
2018-03-02,0.016942536979372574,30,0.014299600076037733,21,0.023269915143529853,39
2018-03-05,0.017830066379767844,32,0.016040746191580687,26,0.023400455417946924,39
2018-03-06,0.01940175140342221,35,0.01645995799276032,27,0.02138897712872167,36
2018-03-07,0.01714073804347992,30,0.016473145334485764,27,0.019039673042518808,32
2018-03-08,0.009862105531197618,11,0.016222119318948344,26,0.017242348101055516,28
2018-03-09,0.010535841173344572,13,0.015781246787647675,25,0.017449623680313452,29
2018-03-12,0.009093371122163975,9,0.015161816446790644,24,0.014211210471802137,19
2018-03-13,0.01346488633855308,22,0.015774877567147187,25,0.014949149840146855,21
2018-03-14,0.015244169271123683,26,0.015351642506807412,24,0.01523555566635731,22
2018-03-15,0.01569186596446315,27,0.012906141608273015,17,0.015211173314937028,22
2018-03-16,0.013195468851307096,21,0.01289703737586703,17,0.014062221327117833,18
2018-03-19,0.012928733668794185,21,0.013402165923682492,18,0.014041008661032273,18
2018-03-20,0.012269876464401386,19,0.012451953490004065,15,0.014059624006954999,18
2018-03-21,0.010661315012384646,13,0.012420844456832558,15,0.013930605698656178,18
2018-03-22,0.016493969428854255,29,0.016233455570456762,26,0.01585613125373863,24
2018-03-23,0.015870210660384784,28,0.01584255593501654,25,0.01690240574399838,27
2018-03-26,0.02961895237737593,46,0.02158386969316029,37,0.01861082746438042,31
2018-03-27,0.030931099240861418,47,0.022589041339482863,38,0.019034885820641223,32
2018-03-28,0.03226649119425794,47,0.022987288963220987,39,0.0191364023553297,32
2018-03-29,0.029363628001073224,46,0.023110131744453002,39,0.019002527078586566,32
2018-04-02,0.026952353622305657,44,0.023170437493180467,39,0.018727770189851237,32
2018-04-03,0.019396126125260184,35,0.02363429347679026,40,0.01894760659724873,32
2018-04-04,0.012597888076542007,20,0.02388278475823598,40,0.01848978661504952,31
2018-04-05,0.01306131278614556,21,0.024430131039170574,41,0.01841262371709033,31
2018-04-06,0.017525299597644744,31,0.02280516716027304,39,0.01896053860491582,32
2018-04-09,0.01514331947208425,26,0.020636745434146234,36,0.019080367033116802,32
2018-04-10,0.015893564226615017,28,0.017251707094969482,29,0.019117709131803065,32
2018-04-11,0.017752532009492273,32,0.014663210178429812,22,0.019074161634080957,32
2018-04-12,0.0208844694538203,37,0.016457806504588383,27,0.019837597516972595,33
2018-04-13,0.018399187880761836,33,0.017255522871211664,29,0.019799639703404072,33
2018-04-16,0.018340273165125792,33,0.015859581465924782,26,0.019785832699964947,33
2018-04-17,0.018695686938465485,33,0.01676992429391339,28,0.020014430014880857,34
2018-04-18,0.017456253706717297,31,0.016600965827424013,27,0.019661077150489252,33
2018-04-19,0.010558443554579558,13,0.016065893502856456,26,0.019646891025193618,33
2018-04-20,0.00950102905460547,10,0.014423561599278295,21,0.01969573136601291,33
2018-04-23,0.010032954799293007,11,0.015627606090303437,25,0.018693269226269776,32
2018-04-24,0.010123622666137783,12,0.014611919967943613,22,0.017955412346266332,30
2018-04-25,0.008349062323286137,7,0.014567405314961257,22,0.015680019531025408,24
2018-04-26,0.009475162452531586,10,0.010177075044444317,8,0.01445151181785346,20
2018-04-27,0.01052287265881437,13,0.010093783433268366,7,0.014275328875665282,19
2018-04-30,0.00846826974773736,7,0.008814811381689096,4,0.0140433865275572,18
2018-05-01,0.006413781529372242,3,0.008272666538053478,3,0.013641670381983939,17
2018-05-02,0.005660462641780497,2,0.007807463484061807,2,0.013321346752492101,16
2018-05-03,0.0038590197976315797,0,0.007447666418154145,1,0.013069047875494413,15
2018-05-04,0.006638968857034397,3,0.008827524556648484,4,0.012753598708714765,14
2018-05-07,0.00880084991330106,8,0.008717233403211365,4,0.012312082220082258,12
2018-05-08,0.008151305783396377,6,0.007425640119921784,1,0.01204570726217107,11
2018-05-09,0.009083549393833051,9,0.009149475416949595,5,0.012274516687096476,12
2018-05-10,0.007510694869154088,5,0.009320383007347187,6,0.012163285930158908,11
2018-05-11,0.008935909619352993,8,0.009354082291140587,6,0.010330141014469107,5
2018-05-14,0.008831779025215827,8,0.008999402540960395,5,0.010119943842502005,5
2018-05-15,0.011040549356093173,15,0.009339696313698203,6,0.009977010237722581,4
2018-05-16,0.0064861724924027316,3,0.008336580933671824,3,0.009491391853037913,3
2018-05-17,0.005377819154808266,1,0.00884728034771743,4,0.0095163700114208,3
2018-05-18,0.0057410365544643014,2,0.009369957836575777,6,0.009565924970039745,3
2018-05-21,0.005307700836620448,1,0.008907416720877559,5,0.00957404742107875,3
2018-05-22,0.005234011093380809,1,0.008903689521512737,5,0.008636622666583016,2
2018-05-23,0.005325348604609429,1,0.0056928641704791305,0,0.007895323162926092,0
2018-05-24,0.005202579292105932,1,0.00502001402733503,0,0.007506854404808459,0
2018-05-25,0.004180144346754889,0,0.005031363131147293,0,0.0074912630005159065,0
2018-05-29,0.01429901140386164,24,0.010376668108988726,8,0.01038734353756513,5
2018-05-30,0.016110720030249978,28,0.0115374688348699,12,0.010667840474515708,6
2018-05-31,0.01585031183476189,28,0.011831294544608847,13,0.010961772609734556,7
2018-06-01,0.018538070709309795,33,0.013008365105914198,17,0.011118277027168827,8
2018-06-04,0.019499975936297143,35,0.013363802420669995,18,0.011240921224748467,8
2018-06-05,0.011137674437067573,15,0.013238241511874116,18,0.011188418296929585,8
2018-06-06,0.012925661142933621,21,0.014776008943460784,23,0.01165741734618978,10
2018-06-07,0.008768480651339646,7,0.014969376397735745,23,0.011735671549048886,10
2018-06-08,0.00882794844004967,8,0.014849309397342357,23,0.010748107910481159,6
2018-06-11,0.008738490179082114,7,0.014841552753801184,23,0.010619412375095637,6
2018-06-12,0.0085897597994795,7,0.00947325704349204,6,0.010663340670641858,6
2018-06-13,0.0048114162646625555,1,0.009222169818068806,5,0.010696780596903502,6
2018-06-14,0.004330207988598849,0,0.00735666625543035,1,0.010552409932327873,6
2018-06-15,0.005524898021950347,1,0.007556055797014421,1,0.01062898059198684,6
2018-06-18,0.004988017771762737,1,0.007408192582158747,1,0.010542572687049155,6
2018-06-19,0.0069698957806934286,4,0.008360322162551337,3,0.010740899436609094,6
2018-06-20,0.005175083066437327,1,0.0058455279636714114,0,0.010687515872300598,6
2018-06-21,0.004695293962529797,1,0.005286898457228439,0,0.01066735361882828,6
2018-06-22,0.004632761228025271,1,0.005223958361607314,0,0.010671081867801283,6
2018-06-25,0.007616156330262588,5,0.006926319112260586,1,0.01129449323626725,8
2018-06-26,0.007940657910372365,5,0.0071416647497569135,1,0.01130792588353409,8
2018-06-27,0.007661746098423892,5,0.006220661073342921,0,0.00882948980653112,2
2018-06-28,0.012443686509603513,19,0.008977849409904474,5,0.0092236486813469,2
2018-06-29,0.013199415381445843,21,0.009327519352370887,6,0.009118349461316531,2
2018-07-02,0.011780190815058485,17,0.010798074445748278,10,0.009205220000052803,2
2018-07-03,0.013501744294039084,22,0.01076173215759101,9,0.009372039814973941,3
2018-07-05,0.013185169802456797,21,0.010879974100188487,10,0.009336856353176586,3
2018-07-06,0.011103517631119266,15,0.011153449418053012,11,0.008456427347567946,1
2018-07-09,0.014962817712039627,26,0.014623741823727544,22,0.010623852164002301,6
2018-07-10,0.015362820450322858,27,0.012936852463871652,17,0.010656013251391974,6
2018-07-11,0.013630092216524623,22,0.013154417944194398,18,0.010641622454327064,6
2018-07-12,0.013525656822120943,22,0.01289848507995215,17,0.010747140342889655,6
2018-07-13,0.014193257632699241,24,0.012374068840683393,15,0.010662817057178916,6
2018-07-16,0.011828491669589212,17,0.012861510799628136,16,0.011852822871724452,10
2018-07-17,0.011362169416128635,16,0.012740506915144131,16,0.011749650705181344,10
2018-07-18,0.010442993435824208,13,0.011447360324051923,12,0.011741053285609536,10
2018-07-19,0.011570512113556036,16,0.012026343551315103,14,0.011461166857217462,9
2018-07-20,0.011374970557672115,16,0.01212841341191528,14,0.011596222388005738,9
2018-07-23,0.006939988634066039,4,0.009159393907698217,5,0.011675240516112786,10
2018-07-24,0.007142007807050107,4,0.00895069180314726,5,0.011711410770665828,10
2018-07-25,0.006943998161950787,4,0.00836167658695235,3,0.010579713866939566,6
2018-07-26,0.00354764992372833,0,0.00837628390510067,3,0.010562614247759622,6
2018-07-27,0.003622752991541277,0,0.007961656717278014,2,0.010336326871482147,5
2018-07-30,0.0029812577918253208,0,0.005190522295520965,0,0.010036293670790043,4
2018-07-31,0.004530212756842885,0,0.005838302551595368,0,0.009614409809947514,3
2018-08-01,0.005287268914852992,1,0.0064379341268485995,0,0.009610367237468186,3
2018-08-02,0.00614311819884445,2,0.006723307585140371,0,0.009307578428233763,3
2018-08-03,0.0058303635198093985,2,0.006251652412085823,0,0.00931948962397175,3
2018-08-06,0.006714042552760488,3,0.006108704313650249,0,0.009375823210142513,3
2018-08-07,0.007679061958736899,5,0.0059652792425670675,0,0.007555223114905755,0
2018-08-08,0.007737451571292942,5,0.006263351908044748,0,0.007612153372673133,0
2018-08-09,0.008432913548288488,7,0.007077168342263002,1,0.007976802659802135,1
2018-08-10,0.01151307731553623,16,0.008614098828221768,4,0.008940603463113758,2
2018-08-13,0.009775529894805712,10,0.008376109223306118,3,0.009314179547655059,3
2018-08-14,0.0113565961455038,16,0.009928974172276353,7,0.00830932353557347,1
2018-08-15,0.011645774982865316,17,0.009903394454406163,7,0.00830586318918684,1
2018-08-16,0.014756109152275118,25,0.011332790697240544,11,0.009070228400946326,2
2018-08-17,0.011205845796225269,15,0.011348533217102039,11,0.008913941971669644,2
2018-08-20,0.007382536001166467,4,0.011564685834815458,12,0.008978405755056608,2
2018-08-21,0.0074213505631319015,4,0.011950447620395356,14,0.00914995142533758,2
2018-08-22,0.006263243538676267,2,0.011740056545621186,13,0.008976091960252666,2
2018-08-23,0.009750990450802187,10,0.011932201300753502,14,0.009402028435448096,3
2018-08-24,0.010427120188861267,13,0.010248043689937836,8,0.00945828907331498,3
2018-08-27,0.01721410035286127,31,0.012528206433445255,15,0.01178700475817912,10
2018-08-28,0.01700557888557795,30,0.012605613475887126,16,0.011748955449578833,10
2018-08-29,0.017314744543538194,31,0.012792603780678109,16,0.011688765138584866,10
2018-08-30,0.01651918631317048,29,0.01278873885430518,16,0.011770270896964377,10
2018-08-31,0.016702241532027786,30,0.013134646352936595,18,0.011696688462903128,10
2018-09-04,0.0033894492264861646,0,0.012815627761514058,16,0.011700815779485176,10
2018-09-05,0.0035178737843287976,0,0.012184525704920202,14,0.011589488397739841,9
2018-09-06,0.005279329951206098,1,0.012713315322701197,16,0.011791625705526162,10
2018-09-07,0.005209845445158789,1,0.012171883342107276,14,0.011733687130950868,10
2018-09-10,0.005459138298182602,1,0.012346039469009498,15,0.011637095231791154,10
2018-09-11,0.004913580820045775,1,0.004150661332695028,0,0.01105766253394552,7
2018-09-12,0.0036673559183756084,0,0.004004060410522418,0,0.01090992447077976,7
2018-09-13,0.004253063858878672,0,0.004525173611071883,0,0.010585066688454456,6
2018-09-14,0.005978835458694596,2,0.005296516244066713,0,0.010620130766483583,6
2018-09-17,0.005578776344960198,1,0.005265034119254312,0,0.010003894318162725,4
2018-09-18,0.006001598446618176,2,0.005853551155547177,0,0.010058208740959,4
2018-09-19,0.0133552426895244,22,0.012000884910684672,14,0.011806800772274547,10
2018-09-20,0.012968317780671769,21,0.011458671792974757,12,0.011616393858185473,9
2018-09-21,0.014998414132256294,26,0.011842014476826592,13,0.011736817943098948,10
2018-09-24,0.015941944365132618,28,0.012012035129659916,14,0.011637037243307601,10
2018-09-25,0.016180802541952494,29,0.011733907907372153,13,0.011593363282390232,9
2018-09-26,0.009002416248020008,8,0.012521315710590045,15,0.009391793011302609,3
2018-09-27,0.005282309312694426,1,0.01263329074555808,16,0.009394834553417119,3
2018-09-28,0.006184182120266931,2,0.013383188963198855,18,0.009779894298087552,4
2018-10-01,0.008876170781328008,8,0.013478461833637607,19,0.009875860646071159,4
2018-10-02,0.00979221591349476,11,0.013433436436816087,19,0.009921932270414225,4
2018-10-03,0.009331612790221974,9,0.009005745088419267,5,0.010151882084178365,5
2018-10-04,0.009074118888881731,8,0.00818993756913944,3,0.01014692109289646,5
2018-10-05,0.006024163899935945,2,0.00814059574861581,3,0.009937274957629206,4
2018-10-08,0.005762265381415604,2,0.00786274306754574,2,0.00993551810955336,4
2018-10-09,0.007076635196501837,4,0.008185064194774105,3,0.01002573596278323,4
2018-10-10,0.014276642805335292,24,0.01266233748215819,16,0.012463521361645687,13
2018-10-11,0.013290735396694528,22,0.012681272064114476,16,0.012463207277931685,13
2018-10-12,0.015393158281501666,27,0.012691294648630587,16,0.012540522636308284,13
2018-10-15,0.01688619407827162,30,0.012819797539088547,16,0.012615707717074817,13
2018-10-16,0.024160357473647396,41,0.016814663572123932,28,0.014497974963129651,20
2018-10-17,0.017111139818833696,30,0.019436399157624986,33,0.01596280523119774,25
2018-10-18,0.01895087270075371,34,0.02001038608440746,34,0.014769547006273536,21
2018-10-19,0.018635240925071402,33,0.020073330329743937,35,0.01481205568382668,21
2018-10-22,0.024756307828379228,42,0.02151348154192487,37,0.015490250405299439,23
2018-10-23,0.021702750399868017,38,0.021672056619880996,37,0.015589612713617605,23
2018-10-24,0.018738693713254935,34,0.02296212761753534,39,0.017859731506386266,30
2018-10-25,0.026151787448504604,43,0.024159425406995342,40,0.018675296336457578,32
2018-10-26,0.02418033465376065,41,0.024263304258127946,40,0.018699054550124036,32
2018-10-29,0.025141057254822737,42,0.024406370586174665,41,0.018691097833428434,32
2018-10-30,0.027518905159158034,44,0.0234427819405913,40,0.019385225424791375,33
2018-10-31,0.014341682091585038,24,0.023173053044817534,39,0.020374425362070916,34
2018-11-01,0.01389116741536928,23,0.02277560639124948,39,0.020366110666427663,34
2018-11-02,0.008797101179198918,8,0.02291169286199839,39,0.020528348016872405,35
2018-11-05,0.012627375632488946,20,0.021321224187231883,37,0.02046978279272665,35
2018-11-06,0.012870181000335289,21,0.020596644431400087,35,0.02047433963436754,35
2018-11-07,0.008110421197873675,6,0.012157293066015892,14,0.020471742558572606,35
2018-11-08,0.008164014787217533,6,0.01149926698159533,12,0.01854127262472635,31
2018-11-09,0.019584134662358064,35,0.01838500557670256,31,0.020599485686564303,35
2018-11-12,0.03617507886735902,49,0.03093546799267335,47,0.02654990111078018,43
2018-11-13,0.0358741151712373,49,0.029571558190682818,46,0.026498870126359583,43
2018-11-14,0.031282364070471136,47,0.02705364480280126,44,0.02553400012760591,42
2018-11-15,0.032334058480337095,47,0.026988935929477847,44,0.024477611145585203,41
2018-11-16,0.03195507054587517,47,0.025864778016565625,42,0.02439180729404788,41
2018-11-19,0.009460158617179047,10,0.02577483057617002,42,0.024375331398450755,41
2018-11-20,0.01501780905721324,26,0.0261867852386409,43,0.024887850030384386,41
2018-11-21,0.017590075988636808,31,0.025366581302964705,42,0.024994288300897095,42
2018-11-23,0.015265444809467874,26,0.02443700867969588,41,0.023701764774449362,40
2018-11-26,0.024654997889545054,42,0.027542385425996213,44,0.023990536718515112,40
2018-11-27,0.023773737877774394,40,0.017143929193253752,29,0.023978142733727472,40
2018-11-28,0.01918099461390769,34,0.01965988832976374,34,0.024591314936734516,41
2018-11-29,0.022244733711250814,39,0.0199972235943005,34,0.024038986661467726,40
2018-11-30,0.023015768553946703,40,0.020384008360349735,35,0.023025696815671008,39
2018-12-03,0.018422346027098076,33,0.020680658974776386,36,0.0229608964923892,39
2018-12-04,0.02438749301435932,41,0.02286827495490163,39,0.023409218882423474,40
2018-12-06,0.01712321845850983,30,0.02071257877870188,36,0.023456917174125253,40
2018-12-07,0.0176268500026476,32,0.02128264326267756,36,0.023577487628516698,40
2018-12-10,0.017928061914282766,32,0.02090027264156397,36,0.022956814787246076,39
2018-12-11,0.015214792643359855,26,0.017385150900972823,29,0.022748594447000142,39
2018-12-12,0.009741130137079015,10,0.01751950969285095,29,0.022057501691611785,37
2018-12-13,0.009242581226971405,9,0.013314201117752406,18,0.016522030593090396,26
2018-12-14,0.006861201658723586,4,0.01332704403026075,18,0.01666752712138713,27
2018-12-17,0.010779454783963988,14,0.013946855653939957,20,0.01718681782171918,28
2018-12-18,0.01840516028475746,33,0.0167617718553817,28,0.018090395635205075,30
2018-12-19,0.01834612158667115,33,0.013847972144940882,20,0.01812463771770087,30
2018-12-20,0.018317607224209675,33,0.013680262669233284,19,0.017957350750227367,30
2018-12-21,0.026179290070063498,43,0.018428194856798807,31,0.019328663118217074,33
2018-12-24,0.025714649082194604,43,0.018608884192997655,32,0.019272603263785226,33
2018-12-26,0.03350782449757969,48,0.025565921271309314,42,0.022210249841917645,38
2018-12-27,0.03515230867868304,49,0.02653424723344717,43,0.021391178177115975,36
2018-12-28,0.03546265299551245,49,0.026644254795424885,43,0.021423684219137498,36
2018-12-31,0.02718916210413729,44,0.028113994716637263,45,0.021452952708685018,36
2019-01-02,0.021270546224387663,37,0.028399643698526964,45,0.02283296301056009,39
2019-01-03,0.021327783859082863,38,0.028106949665407784,45,0.022648885540574468,38
2019-01-04,0.024036596196051502,41,0.029571887405217875,46,0.024045108667745414,40
2019-01-07,0.019949837262244745,36,0.029413350027336797,46,0.022798980685088472,39
2019-01-08,0.02074788300933406,37,0.022807508461577482,39,0.022801403649614128,39
2019-01-09,0.017532828595191473,31,0.019851534975506718,34,0.022295824551961052,38
2019-01-10,0.01473084529598788,25,0.0172823623894634,29,0.022281839758414038,38
2019-01-11,0.004889367101928956,1,0.01709800863032992,28,0.022173053084059778,38
2019-01-14,0.005987999488084049,2,0.015379922109032785,24,0.022275244572431113,38
2019-01-15,0.004724190955044184,1,0.014410224618157491,21,0.022277241884498686,38
2019-01-16,0.04078153783565942,51,0.031034952803076738,47,0.029837383587498476,46
2019-01-17,0.03913300694248479,50,0.029430839499215107,46,0.0287892620023909,45
2019-01-18,0.037926564561016014,50,0.02889323924214712,45,0.028725597652759914,45
2019-01-22,0.04444413477244248,51,0.03137610540101512,47,0.029225453779052123,45
2019-01-23,0.04554642669519445,52,0.031390349114658406,47,0.02920404376177133,45
2019-01-24,0.015914478785231754,28,0.031429849295106185,47,0.02609723945752295,43
2019-01-25,0.016717362049250863,30,0.031013482843202066,47,0.024945380094332607,42
2019-01-28,0.01433573452057754,24,0.03149371588485101,47,0.024238820751987775,41
2019-01-29,0.008023205303239939,6,0.03160950553815108,47,0.024242978182873423,41
2019-01-30,0.007451637610605241,4,0.03156551097177969,47,0.023619102681581718,40
2019-01-31,0.014546818660311066,25,0.014376816156314438,21,0.024419172092689834,41
2019-02-01,0.012191566960961731,18,0.014142800831452437,21,0.02413710441907219,40
2019-02-04,0.012965535165190141,21,0.012892603659304613,17,0.02364248162000988,40
2019-02-05,0.012734320505610708,20,0.010414680149450876,8,0.02295887449525461,39
2019-02-06,0.010737544023926631,14,0.010594970912497873,9,0.023137797753310006,39
2019-02-07,0.009264093710158742,9,0.01183233625337358,13,0.023630980173671507,40
2019-02-08,0.009253147667772167,9,0.010212543778139039,8,0.023773943753244323,40
2019-02-11,0.007418810686402246,4,0.010247484995184852,8,0.02376189423880041,40
2019-02-12,0.012668176309299785,20,0.011988562541510796,14,0.023912449756736738,40
2019-02-13,0.012623028224874948,20,0.011237932221526272,11,0.02389321038786302,40
2019-02-14,0.010622229731215346,13,0.009689818187112327,6,0.024120225072138454,40
2019-02-15,0.0166351143726567,30,0.014204441789695939,21,0.013678920005517474,17
2019-02-19,0.016321514058274054,29,0.01409917293413304,21,0.013496051132500337,16
2019-02-20,0.015768034439737906,28,0.014098025468858723,21,0.012898301760346448,14
2019-02-21,0.01729136449162864,31,0.01440757104109041,21,0.01202671106142211,11
2019-02-22,0.01600959849965606,28,0.012998088049201464,17,0.012003068593698485,11
2019-02-25,0.00886098708178932,8,0.013088947582803559,17,0.012333384680541746,12
2019-02-26,0.008870452214672666,8,0.012983784363528546,17,0.011877734914652731,10
2019-02-27,0.009083335583812007,9,0.012388179509532872,15,0.011858968943376463,10
2019-02-28,0.007955780151709571,5,0.012712401197481408,16,0.011905074897517246,10
2019-03-01,0.008412058669230938,7,0.01207982173657477,14,0.011813575738929957,10
2019-03-04,0.007337819558401932,4,0.007816952585730962,2,0.011055208295018664,7
2019-03-05,0.007199519835221769,4,0.007797989874562576,2,0.010938616673883293,7
2019-03-06,0.007370647955934795,4,0.007949060135908816,2,0.010929625981742522,7
2019-03-07,0.00786038562176151,5,0.007804321014932323,2,0.011107410833799933,8
2019-03-08,0.009865631087099971,11,0.009072136022721474,5,0.011427983808091164,9
2019-03-11,0.008969788470970488,8,0.00785613109053592,2,0.010698777833143736,6
2019-03-12,0.009095111443542392,9,0.00796096149263362,2,0.010550917614781915,6
2019-03-13,0.008188438546424452,6,0.007993488603704538,2,0.010534617265477757,6
2019-03-14,0.004573588709922046,0,0.007646576154101372,1,0.009957598185691571,4
2019-03-15,0.0011434185187645784,0,0.007346898724328371,1,0.009982528424575561,4
2019-03-18,0.008266501135337742,6,0.008834929933413366,4,0.010516797077842407,6
2019-03-19,0.01022578457124396,12,0.009351309601630777,6,0.008402960153224075,1
2019-03-20,0.020098894291564934,36,0.014747587959979946,22,0.011276122135198404,8
2019-03-21,0.020110049799257318,36,0.014323401957527593,21,0.011286949113220627,8
2019-03-22,0.022564924119846418,39,0.016426162449724824,27,0.012664958560591091,14
2019-03-25,0.016108425316747294,28,0.01625444753250259,27,0.012665702850709441,14
2019-03-26,0.019837909749682494,35,0.016849222881137337,28,0.01255429110196191,13
2019-03-27,0.014934334994266992,26,0.01671300745409528,28,0.01253772393117362,13
2019-03-28,0.015521535914758997,27,0.016938960658440343,28,0.012652473603023951,14
2019-03-29,0.006218820712760542,2,0.01695013438274693,28,0.012649369437152346,14
2019-04-01,0.010491817413210428,13,0.01753507713884379,29,0.013742248820107366,17
2019-04-02,0.010517977309725786,13,0.017588263407962757,29,0.013534261386027771,16
2019-04-03,0.009300040741881519,9,0.01430720301528728,21,0.014006981293502531,18
2019-04-04,0.009199819332239512,9,0.014324095716825452,21,0.013941538776486243,18
2019-04-05,0.009974180924064952,11,0.008760910451152024,4,0.013672681711118365,17
2019-04-08,0.006730306259524916,3,0.008438231816273489,3,0.013465388206143042,16
2019-04-09,0.009702010238994002,10,0.009759490492715461,7,0.01367926932502952,17
2019-04-10,0.0079578678947835,5,0.009452770160018751,6,0.01386697738978616,18
2019-04-11,0.007550994850202719,5,0.00974040033051462,7,0.013871287072563734,18
2019-04-12,0.01316566297661554,21,0.011351067621308242,11,0.014770882000180206,21
2019-04-15,0.023802799723798097,41,0.01705126163474337,28,0.017223888655530685,28
2019-04-16,0.02391422942580382,41,0.017229105877539695,29,0.0167056791127895,27
2019-04-17,0.027070029956873926,44,0.018875333586703555,32,0.017854263213371534,30
2019-04-18,0.027823819373673696,45,0.01927334980931005,33,0.016143059842565654,25
2019-04-22,0.02520391875499177,42,0.01945383927708059,33,0.016266978601462586,25
2019-04-23,0.01611959929813868,28,0.01948574147249876,34,0.014654503271511084,20
2019-04-24,0.018322493987881106,33,0.020131138503567465,35,0.0153377293383146,22
2019-04-25,0.008181102221550602,6,0.01978755790115663,34,0.01521778325743042,22
2019-04-26,0.010092347376268457,11,0.019988035814013715,34,0.015196175130563877,22
2019-04-29,0.013549860016664169,22,0.019273720216861596,33,0.015567963126199987,23
2019-04-30,0.013814928505222092,23,0.0142135012497123,21,0.015683247841433635,24
2019-05-01,0.010181841029170444,12,0.014255344614268521,21,0.015012192196747933,21
2019-05-02,0.010263362505533067,12,0.010184272640644027,8,0.015006810397507911,21
2019-05-03,0.010865442931843047,14,0.010571718333889694,9,0.014804594356886977,21
2019-05-06,0.007701705882924228,5,0.010493397886254021,9,0.014828539829996108,21
2019-05-07,0.011221413421837873,15,0.012152201230639014,14,0.01542739086667083,23
2019-05-08,0.011422113587076633,16,0.011008715159099762,10,0.015536099308452454,23
2019-05-09,0.011686641478333188,17,0.010975593905306644,10,0.015407476408912251,23
2019-05-10,0.008813211662292124,8,0.010630764140834682,9,0.01519231325984243,22
2019-05-13,0.01595242555569495,28,0.013110676613415227,17,0.01699995877916413,28
2019-05-14,0.01705521696002649,30,0.013705907641259006,19,0.016026482397592547,25
2019-05-15,0.017249731101947097,31,0.013798533301790391,20,0.01380481445449562,18
2019-05-16,0.019007137715441012,34,0.014882746087141562,23,0.013997270096606717,18
2019-05-17,0.01898603385008774,34,0.013961380626186952,20,0.012201457980838841,12
2019-05-20,0.008474766039869498,7,0.01401458433017112,20,0.012092093794303264,11
2019-05-21,0.008909837689046692,8,0.013700619113703643,19,0.012297253951357182,12
2019-05-22,0.013046374209349117,21,0.014544151767318735,22,0.012833666821682941,14
2019-05-23,0.011794193854192834,17,0.015136087198722684,23,0.01286596461751041,14
2019-05-24,0.012989126853302797,21,0.015336042437458995,24,0.0128943917916883,14
2019-05-28,0.014116285185213656,24,0.012246455160447093,14,0.013148182523780444,15
2019-05-29,0.010449955063478898,13,0.01183144477777145,13,0.012148732107720757,11
2019-05-30,0.010119315079830622,12,0.011714945126286184,13,0.012149827897266853,11
2019-05-31,0.012376374308634051,19,0.011490178956998146,12,0.013036142939492158,15
2019-06-03,0.011911287398121442,18,0.012148446817724685,14,0.013113373422126505,15
2019-06-04,0.02286574176280409,40,0.018482971417513386,31,0.01556748179759639,23
2019-06-05,0.022887565517192596,40,0.01791573039623103,30,0.015584370124542226,23
2019-06-06,0.02290139047717775,40,0.017711262308772818,30,0.015421758915587632,23
2019-06-07,0.016867761630293004,30,0.01687518279016381,28,0.015385458746336067,23
2019-06-10,0.017786928123345043,32,0.018422509491934493,31,0.016311147912143456,26
2019-06-11,0.01124091381308354,15,0.017146397831838123,29,0.016324997201864956,26
2019-06-12,0.016544604074582026,29,0.018841291802211595,32,0.015281732141561866,22
2019-06-13,0.016484272894187836,29,0.01881832461608314,32,0.015275394096293233,22
2019-06-14,0.016461095274094503,29,0.016023240595798002,26,0.015278441467885656,22
2019-06-17,0.011744060982564081,17,0.01629660332734569,27,0.014896912076452069,21
2019-06-18,0.016358802447353653,29,0.013466506775729352,19,0.015669033053419806,24
2019-06-19,0.009813939126030189,11,0.012970157578744894,17,0.01569101544681767,24
2019-06-20,0.010072646116293946,11,0.012951995225922289,17,0.01553285152051874,23
2019-06-21,0.010062060573703105,11,0.012924779635303545,17,0.01501899608706134,21
2019-06-24,0.008795938699109591,8,0.011180154467483036,11,0.014493192414863468,20
2019-06-25,0.005518618316125058,1,0.01151656941963449,12,0.014583722703772766,20
2019-06-26,0.005704160027999039,2,0.007894036198676025,2,0.013913125158507575,18
2019-06-27,0.007233097838638194,4,0.008276479497531361,3,0.013898101196785665,18
2019-06-28,0.012198594466691881,18,0.010780549070554342,9,0.014724128637569616,20
2019-07-01,0.012225463325355566,18,0.010123825417036205,7,0.01302909606941636,15
2019-07-02,0.011244304926780566,15,0.009565544113256415,6,0.013216609191408745,16
2019-07-03,0.011926978282214331,18,0.009692321534871097,6,0.01120081028449949,8
2019-07-05,0.011836917942622868,17,0.00959145706244454,6,0.010928311432512574,7
2019-07-08,0.008971858450720026,8,0.010859241985389836,10,0.011391011956964448,9
2019-07-09,0.008644154376223567,7,0.010933507250306443,10,0.011423985105635154,9
2019-07-10,0.009486354151898992,10,0.011120157235813144,11,0.010948321055625569,7
2019-07-11,0.015061249902287155,26,0.012969073411717075,17,0.012066690765327301,11
2019-07-12,0.015333380802429838,27,0.012990984161513812,17,0.010451029262579068,5
2019-07-15,0.015517305248126886,27,0.01218735755445375,14,0.01106335346736535,7
2019-07-16,0.016565541920487557,29,0.012926650318072552,17,0.011422806503760154,9
2019-07-17,0.016975058564647566,30,0.013494181202830717,19,0.011753504726348254,10
2019-07-18,0.01333087909192946,22,0.013456331479286094,19,0.011142046950827692,8
2019-07-19,0.012534549673209126,20,0.013597460379409282,19,0.011323414891314604,8
2019-07-22,0.011015157822825642,15,0.0128103442676383,16,0.011297645915072293,8
2019-07-23,0.013618661567852476,22,0.014435096248612207,22,0.012162152558250936,11
2019-07-24,0.011349088324753193,16,0.013622626125840847,19,0.012231733914668665,12
2019-07-25,0.013833199982577395,23,0.012853502990419234,16,0.012344025155837934,12
2019-07-26,0.012747862406098822,20,0.012703690593249098,16,0.012377121403364097,12
2019-07-29,0.014642353374848737,25,0.012361624078946972,15,0.012660743217331493,14
2019-07-30,0.009956034842340856,11,0.011288595097044747,11,0.011652713099293985,10
2019-07-31,0.008536225311265905,7,0.010783125428601567,10,0.011708366443408117,10
2019-08-01,0.018933139389021768,34,0.017006352210901438,28,0.014794499752374771,21
2019-08-02,0.016252083080484196,29,0.017237787479558047,29,0.015021635415697022,21
2019-08-05,0.019428872144975157,35,0.02034152185337828,35,0.016971452461628636,27
2019-08-06,0.024837084642850074,42,0.019705890010589804,34,0.01753508958416481,29
2019-08-07,0.025282609826780683,42,0.01879121304053042,32,0.01739775717064773,29
2019-08-08,0.021634484807812146,38,0.019249438397451146,33,0.017342449091388424,29
2019-08-09,0.021363250270077724,38,0.018579036404603472,31,0.01630917492344835,26
2019-08-12,0.017150384857272345,30,0.019542775795460546,34,0.016894296559771003,27
2019-08-13,0.014707384084832605,25,0.020304730565270365,35,0.017108440025882462,28
2019-08-14,0.02316099757012056,40,0.022924179502770647,39,0.01857094715729873,31
2019-08-15,0.022683479428880386,39,0.02115750012970988,36,0.018591430295063955,31
2019-08-16,0.02563623901939934,42,0.02239562912770461,38,0.019012596417978134,32
2019-08-19,0.02445823481895468,41,0.019921122790396942,34,0.019375637144237953,33
2019-08-20,0.023865994208840096,41,0.01872144764836954,32,0.019431572033555142,33
2019-08-21,0.010876662685056623,14,0.018825674106438536,32,0.01839074778428094,31
2019-08-22,0.010894468893689429,14,0.018969332432178354,33,0.018265747445453246,31
2019-08-23,0.018013076272165317,32,0.02099149981377862,36,0.01914127589580598,32
2019-08-26,0.018926318969712263,34,0.02069086391918879,36,0.019518334302691065,33
2019-08-27,0.01862580732592274,33,0.020212065657318104,35,0.019516063902436268,33
2019-08-28,0.01956998216692961,35,0.015188716444644883,24,0.019748189224331962,33
2019-08-29,0.020475382520842567,36,0.01569906567284383,25,0.020201885018426846,34
2019-08-30,0.01051349002129931,13,0.015044917483757768,23,0.018543753434923156,31
2019-09-03,0.0159767307488212,28,0.016539669468627363,27,0.019105849288647742,32
2019-09-04,0.016440342181394674,29,0.01681919561430441,28,0.017677026063034954,29
2019-09-05,0.019262334608383367,34,0.018652176062424402,32,0.01800186008044757,30
2019-09-06,0.018760214795090706,34,0.018565913073001504,31,0.017997726872221835,30
2019-09-09,0.02054487042300585,36,0.01538607255736738,24,0.018628556334131383,31
2019-09-10,0.009930076076287212,11,0.015360856157794717,24,0.01894172628934747,32
2019-09-11,0.011086917264065623,15,0.014389687734136061,21,0.017814833077296664,30
2019-09-12,0.00898607205698475,8,0.014358525522147681,21,0.017734069848553753,30
2019-09-13,0.007843062704761088,5,0.014222173174149425,21,0.014372517432117295,20
2019-09-16,0.010730145344567779,14,0.015533889305431389,25,0.014889129502734199,21
2019-09-17,0.008973728555684405,8,0.012262269932093018,15,0.014827668242750457,21
2019-09-18,0.00897272259775421,8,0.012123903098218945,14,0.01465461843513064,20
2019-09-19,0.008119386403832262,6,0.01103807194771641,10,0.014542704961309653,20
2019-09-20,0.0066195173773965195,3,0.011540017106582479,12,0.014723264603539442,20
2019-09-23,0.0056498322573929486,2,0.009221116721827792,5,0.014695867634070594,20
2019-09-24,0.012011228623861187,18,0.010829853163768296,10,0.01426355408828625,19
2019-09-25,0.013662210800046735,22,0.011470458090704141,12,0.013991929516817303,18
2019-09-26,0.013665804740980761,22,0.010740861399785646,9,0.01401897232384896,18
2019-09-27,0.014381087384517629,24,0.01057412269536035,9,0.013857327253729176,18
2019-09-30,0.014344012712819073,24,0.01035209592793077,8,0.013700690980772225,17
2019-10-01,0.01264037801031006,20,0.011715455525040963,13,0.014573602305679952,20
2019-10-02,0.010758972897031947,14,0.011880370497090224,13,0.014389797771527614,20
2019-10-03,0.01109929394808982,15,0.011943957109179552,14,0.014062235280000213,18
2019-10-04,0.01638413865519956,29,0.014644721566471728,22,0.013352260985362486,16
2019-10-07,0.016580556723837285,29,0.014621354848087482,22,0.013343668776985668,16
2019-10-08,0.01523391302357408,26,0.01319816642055252,18,0.012400960950284106,12
2019-10-09,0.012062449292889623,18,0.012012424864055437,14,0.011479314663944532,9
2019-10-10,0.013814970108706205,23,0.013779238907480392,20,0.012085833126770014,11
2019-10-11,0.015626281266586935,27,0.01631894135722062,27,0.013274538880579174,16
2019-10-14,0.015271472753577044,26,0.016307513179336253,27,0.013283081425294364,16
2019-10-15,0.010594515106968778,13,0.014486377319021304,22,0.013176637975485182,15
2019-10-16,0.008952748181774547,8,0.01181795739050568,13,0.0132327993880851,16
2019-10-17,0.010584868201939912,13,0.011776327951802047,13,0.013139099432569117,15
2019-10-18,0.004112414034525144,0,0.010830790008799294,10,0.013071101933397292,15
2019-10-21,0.006560404664924797,3,0.011136651104628848,11,0.013417255718313715,16
2019-10-22,0.006603700523938148,3,0.008912567592486698,5,0.013428753371887647,16
2019-10-23,0.006999960642173603,4,0.008380146636796192,3,0.012155115892798444,11
2019-10-24,0.0060996332404231815,2,0.008221477624120165,3,0.011938574151051368,10
2019-10-25,0.007095855980497336,4,0.006208173027034053,0,0.012170650526666656,11
2019-10-28,0.007861014808269248,5,0.007260009881923414,1,0.012599718680530244,13
2019-10-29,0.008346006307212113,7,0.007488277764944,1,0.012391929542925083,12
2019-10-30,0.010940696497327696,14,0.008663088226947231,4,0.011375841854659183,9
2019-10-31,0.012933447428039943,21,0.009600644910039298,6,0.010403712636671475,5
2019-11-01,0.013924647476931179,23,0.010670182153397269,9,0.010711508167844351,6
2019-11-04,0.012854414089098994,20,0.01053333034220018,9,0.010390840181454463,5
2019-11-05,0.013296767833574013,22,0.011028394998387306,10,0.010530102249523244,6
2019-11-06,0.012368787559502574,19,0.011049299278154127,10,0.009648227454908481,3
2019-11-07,0.012159843883330395,18,0.012383073854679396,15,0.010195492728648978,5
2019-11-08,0.011547986351646375,16,0.012109333782202534,14,0.010098316042141996,5
2019-11-11,0.014430700034457575,24,0.012961419976978502,17,0.010289495591814567,5
2019-11-12,0.014398941730074282,24,0.013071557654854123,17,0.01029884999934771,5
2019-11-13,0.014688634711959858,25,0.012828139553328207,16,0.010455760044547135,5
2019-11-14,0.008814080695113137,8,0.012022974053359366,14,0.010460897047824547,5
2019-11-15,0.009399938452695709,9,0.010673711599652323,9,0.010324842275261733,5
2019-11-18,0.004523628124884149,0,0.010106369614745606,7,0.010377434777861409,5
2019-11-19,0.0033796349117710366,0,0.009917926712051018,7,0.010113029502196457,5
2019-11-20,0.005179595522609567,1,0.010447196867245776,9,0.010454099867294404,5
2019-11-21,0.005279754798968017,1,0.006962135692161341,1,0.010353959412699615,5
2019-11-22,0.0069219842436470886,4,0.00788527360875891,2,0.010467724636379051,5
2019-11-25,0.008271975262895337,6,0.0063834385840457345,0,0.010260577658673851,5
2019-11-26,0.008473982333836385,7,0.006227752073194674,0,0.0097217442710513,3
2019-11-27,0.0054179308120891004,1,0.005878170380485864,0,0.009718111451947672,3
2019-11-29,0.007603698301165629,5,0.006513214752688669,0,0.009660801969706711,3
2019-12-02,0.01045305971012189,13,0.008454155347759621,3,0.01008239891766284,4
2019-12-03,0.011146989439327952,15,0.0113080359387721,11,0.01070360556301005,6
2019-12-04,0.016492522136551696,29,0.013064712537126742,17,0.011127605832585676,8
2019-12-05,0.016956791898390083,30,0.012931682451549867,17,0.0111533991366565,8
2019-12-06,0.024314410115926968,41,0.01698446537133383,28,0.013471715509860496,16
2019-12-09,0.02349666801299516,40,0.017472012515774703,29,0.012901614276128726,14
2019-12-10,0.017779331255693875,32,0.017088019532501445,28,0.0128976775717598,14
2019-12-11,0.017730845868942146,32,0.01710955144720488,28,0.012304502655842672,12
2019-12-12,0.019322013166650862,34,0.018531301170911195,31,0.013119635187436482,15
2019-12-13,0.012929287103425292,21,0.018416000569800473,31,0.013112666287347124,15
2019-12-16,0.011612215873304335,17,0.01749296932092125,29,0.013377706027904892,16
2019-12-17,0.011622464566621804,17,0.014166654437873573,21,0.013617298869403006,17
2019-12-18,0.011602550430344857,17,0.014236345603322183,21,0.013629715061092436,17
2019-12-19,0.009281526681228145,9,0.014509897873999533,22,0.013665213900049256,17
2019-12-20,0.009226981657343866,9,0.010713852990654048,9,0.013483138604657613,16
2019-12-23,0.007338611953108113,4,0.009482585083184114,6,0.013486950978366852,16
2019-12-24,0.003198685790108472,0,0.009425414933513026,6,0.013395601662414644,16
2019-12-26,0.004100324670737904,0,0.009135069030743568,5,0.013261283066857657,16
2019-12-27,0.004129981277522346,0,0.00693380173696364,1,0.01327566543717087,16
2019-12-30,0.0039340256569571,0,0.006841017960325317,1,0.013329773664994196,16
2019-12-31,0.003935037359722077,0,0.0055523884635027415,0,0.013183302378837955,15
2020-01-02,0.009254972228386574,9,0.007022738489920979,1,0.012966321308920436,15
2020-01-03,0.011406836743516002,16,0.008082424420396127,2,0.011791797473480012,10
2020-01-06,0.012024461331466684,18,0.008559384575015393,4,0.011489440895565275,9
2020-01-07,0.011476429314787803,16,0.00838422102680619,3,0.011499083103367837,9
2020-01-08,0.011324971849369588,16,0.008601939843655938,4,0.009272517881417688,2
2020-01-09,0.011677378043363702,17,0.0100740989207149,7,0.009344820847581694,3
2020-01-10,0.008033974803869234,6,0.010344004247846657,8,0.009408497830242429,3
2020-01-13,0.008216132547435102,6,0.010309440683425439,8,0.009430692718170909,3
2020-01-14,0.008881032739602113,8,0.009855225189703458,7,0.008602147331461411,2
2020-01-15,0.009939200748640218,11,0.010049354768018996,7,0.008481776197953816,1
2020-01-16,0.00925651978778317,9,0.009953809137492543,7,0.008811936253616105,2
2020-01-17,0.00905706767907467,8,0.008217306187910714,3,0.008620189670590063,2
2020-01-21,0.0119606375128539,18,0.010777947031743677,9,0.00944909362188807,3
2020-01-22,0.012176112076903542,18,0.010765280636009265,9,0.009381923785989347,3
2020-01-23,0.012564592072687689,20,0.011118561740994449,11,0.009453045397956977,3
2020-01-24,0.008914410648550258,8,0.010689961938731039,9,0.010254401353769394,5
2020-01-27,0.009148590296637027,9,0.011755799448997614,13,0.010996668125967356,7
2020-01-28,0.014568912881007033,25,0.012660611297942327,16,0.011578217459738591,9
2020-01-29,0.014103139866357183,24,0.012925678379795696,17,0.011857341698496487,10
2020-01-30,0.01724767971891056,31,0.014245915614995674,21,0.012198449105398414,12
2020-01-31,0.020010237085740856,36,0.01468846598096647,22,0.013752378405140256,17
2020-02-03,0.018951120168556337,34,0.015002399710618173,23,0.013197544268878156,15
2020-02-04,0.017622783522213234,32,0.015282236275526728,24,0.013077693095488875,15
2020-02-05,0.01711314134310332,30,0.015553839739656874,25,0.013063314373962623,15
2020-02-06,0.01615112840517177,28,0.01575752253735733,25,0.013287543315851736,16
2020-02-07,0.012507388301769189,20,0.015844696158621,26,0.013648391138072306,17
2020-02-10,0.012211480917832147,18,0.015074432276113924,23,0.01284410653652594,14
2020-02-11,0.00957241026253488,10,0.013546019203992534,19,0.012857225552203515,14
2020-02-12,0.00938922695081447,9,0.013713554647067722,19,0.012688564573689434,14
2020-02-13,0.008912937447576255,8,0.012310825597567986,15,0.01266934283276067,14
2020-02-14,0.005797844441268346,2,0.00920670773274671,5,0.012698782685021297,14
2020-02-18,0.009161856844302214,9,0.010241181012495021,8,0.0122268572820928,12
2020-02-19,0.013144182490895657,21,0.011199491123809354,11,0.013044682623958597,15
2020-02-20,0.014687840331173848,25,0.011622646901621488,12,0.013287484224613715,16
2020-02-21,0.014615320560743841,25,0.011571872834448884,12,0.01322951339347917,16
2020-02-24,0.017027063524524037,30,0.013084359243470949,17,0.014159856359457592,19
2020-02-25,0.019316482851122672,34,0.015216936434286326,24,0.015158364324254658,22
2020-02-26,0.010071890728956924,11,0.015126466615881375,23,0.01498436849749043,21
2020-02-27,0.016096450938360415,28,0.01775475828177366,30,0.01662403168133274,26
2020-02-28,0.01378909926683384,23,0.017301708877802545,29,0.01699335420243913,28
2020-03-02,0.03454010314260833,49,0.025710030030627044,42,0.019729691320811992,33
2020-03-03,0.03429364317614462,49,0.02624222640152685,43,0.01986844136949217,34
2020-03-04,0.03862733996827787,50,0.027454469697945683,44,0.021009078381011518,35
2020-03-05,0.03886775568352967,50,0.029623211805430007,46,0.022397931085189515,38
2020-03-06,0.03963120937966607,50,0.029871055561474652,46,0.022402231464871067,38
2020-03-09,0.04661155780549981,52,0.04061338610760562,51,0.030214955921029036,46
2020-03-10,0.06620934034491505,53,0.04977334996599184,52,0.035136272701993834,49
2020-03-11,0.06392628317505474,53,0.05231407291395705,52,0.0371214808925914,50
2020-03-12,0.07521959556017711,54,0.06130820212561894,53,0.04393315826106604,51
2020-03-13,0.12787800615644404,54,0.08926694498887472,54,0.061178619287220716,53
2020-03-16,0.13244247753014313,54,0.09430274340432201,54,0.06600667700108528,53
2020-03-17,0.12728926271887167,54,0.0956973151210226,54,0.066663792159731,53
2020-03-18,0.1334491628082548,54,0.09866140400014901,54,0.07018970063769511,54
2020-03-19,0.1284411888431334,54,0.1036106055971612,54,0.07240182921776787,54
2020-03-20,0.08740653123283812,54,0.10485860565510709,54,0.07338398072700995,54
2020-03-23,0.07441432399625081,54,0.1014010785738455,54,0.07332683079212182,54
2020-03-24,0.10431927942290156,54,0.1102786222911823,54,0.08125669287346696,54
2020-03-25,0.08233422499402791,54,0.10870656592103685,54,0.08134194126316585,54
2020-03-26,0.0824812361174392,54,0.10223361387528877,54,0.08327188010507464,54
2020-03-27,0.07448767456509355,54,0.08602115410610348,54,0.08323168093777425,54
2020-03-30,0.06980091473363627,54,0.07513529839532757,54,0.08324004626288972,54
2020-03-31,0.04437779360790522,51,0.07561038977928247,54,0.0825500806828241,54
2020-04-01,0.0517284908578991,52,0.06743956671578322,54,0.08316622744221433,54
2020-04-02,0.03824542853801943,50,0.06468464192479784,53,0.08331174570389649,54
2020-04-03,0.03560456162607698,49,0.05966766412703564,53,0.0829436343070621,54
2020-04-06,0.05464794464955627,53,0.06215744765475668,53,0.08498005894175624,54
2020-04-07,0.055145423702706725,53,0.047724356738017344,52,0.08269473663052401,54
2020-04-08,0.03801640403401715,50,0.051035689133978816,52,0.0826600145280409,54
2020-04-09,0.037700821427291975,50,0.0484629873942411,52,0.08153018807128094,54
2020-04-13,0.04086159549684127,51,0.0464797536175182,51,0.07642025604728196,54
2020-04-14,0.03938631037304105,50,0.04684138806911277,52,0.06646644593475061,53
2020-04-15,0.0376914143189329,50,0.04453094229350674,51,0.05950136470481583,53
2020-04-16,0.025301823583401637,42,0.03716631857297719,50,0.059469728305621326,53
2020-04-17,0.02337191600134145,40,0.037345899440064466,50,0.05243556809945084,53
2020-04-20,0.02060813062245858,36,0.036970633642531274,50,0.051363630072628286,53
2020-04-21,0.02695058578101369,44,0.03539393705925404,49,0.04887237808608687,52
2020-04-22,0.02800662708013928,45,0.032669856634768096,48,0.048138124895888194,52
2020-04-23,0.02788456255748075,45,0.02513086891141507,41,0.038918602672544635,50
2020-04-24,0.020496924769125475,36,0.02099582087050235,36,0.038924001733002596,50
2020-04-27,0.027097878460192782,44,0.022726275586508898,39,0.0369745550603315,49
2020-04-28,0.015244558787298228,26,0.023073133696171144,39,0.0352023613397723,49
2020-04-29,0.015191078499139317,26,0.02328908671716362,39,0.035241104020512094,49
2020-04-30,0.026691501029261586,44,0.026452193695993664,43,0.03543549885976505,49
2020-05-01,0.033087380818516185,48,0.026251841202921358,43,0.033316202289008695,48
2020-05-04,0.026116313171584943,43,0.025848634321723882,42,0.03309553706946823,48
2020-05-05,0.02466357661757409,42,0.023125641502939102,39,0.03246695002521994,48
2020-05-06,0.020471484360823737,36,0.023068425202762262,39,0.028754831807972822,45
2020-05-07,0.02437678482689309,41,0.024741922709263203,41,0.02760615539111041,44
2020-05-08,0.01616994906871233,29,0.024980067971511158,41,0.024023431528421853,40
2020-05-11,0.017735425016499294,32,0.02270076499543412,39,0.022489947592235892,38
2020-05-12,0.024850756670047842,42,0.02374482031661932,40,0.02281399803564173,39
2020-05-13,0.028257188771667722,45,0.023688617477045718,40,0.023737245259361467,40
2020-05-14,0.02391356260949486,41,0.023114292051818107,39,0.024016841303675252,40
2020-05-15,0.019244182345116385,34,0.02105143291190373,36,0.02415933309616903,40
2020-05-18,0.03818580023786008,50,0.02846037812302493,45,0.026234467855238967,43
2020-05-19,0.03629462079793626,49,0.029347498620696643,46,0.026433667671269465,43
2020-05-20,0.03205048727411795,47,0.029848489773448318,46,0.0254348378577313,42
2020-05-21,0.03294215203756133,48,0.02832199195138134,45,0.025408718363541048,42
2020-05-22,0.03120785246949493,47,0.02763669883001983,44,0.025369173251989625,42
2020-05-26,0.043990098450016876,51,0.039819220031662134,50,0.03180970477361257,47
2020-05-27,0.043210500600508864,51,0.04144215499306424,51,0.03412220122875403,48
2020-05-28,0.05496641614273939,53,0.042792229527177636,51,0.03549577067482294,49
2020-05-29,0.05753989175246071,53,0.044654947716713696,51,0.03587440860478399,49
2020-06-01,0.056535058449675664,53,0.04358979836091093,51,0.034983305045417,49
2020-06-02,0.0428501089120209,51,0.0411080018854728,51,0.033960466093971985,48
2020-06-03,0.031253714604535396,47,0.0395640418164778,50,0.03420877965267526,48
2020-06-04,0.0212787319892291,37,0.03956321419854198,50,0.03428595265061358,48
2020-06-05,0.006446214391504766,3,0.03861537618276732,50,0.03407052249089192,48
2020-06-08,0.007241224514794244,4,0.038020150379605766,50,0.03377061760065553,48
2020-06-09,0.016075851609819797,28,0.030606547230966088,47,0.03405893081090775,48
2020-06-10,0.018306015292051964,33,0.024162673407140137,40,0.03438148076156658,48
2020-06-11,0.04290727158642186,51,0.03626512763859142,49,0.03974313825524868,50
2020-06-12,0.048854368703908434,52,0.03773305201684791,50,0.039537696323310605,50
2020-06-15,0.05030091350534011,52,0.03797109156241327,50,0.0396294295387349,50
2020-06-16,0.05187808608282001,52,0.03774525159472573,50,0.039281620359324795,50
2020-06-17,0.05159465401342529,52,0.036789235835835724,49,0.03807314757945686,50
2020-06-18,0.02345200158282828,40,0.03607267394747072,49,0.03773223718348962,50
2020-06-19,0.017800062235819137,32,0.035469508268057386,49,0.03780355603841775,50
2020-06-22,0.01418375806409144,24,0.03521532746646493,49,0.037688116385944964,50
2020-06-23,0.011502704828597266,16,0.035444857731273545,49,0.03764960351570533,50
2020-06-24,0.01692390111513617,30,0.03621623493697843,49,0.03344283608802475,48
2020-06-25,0.029033052460013916,45,0.025116942433809727,41,0.03136935127876667,47
2020-06-26,0.05029937673350488,52,0.03609159130982013,49,0.035656369054516,49
2020-06-29,0.05204467345913214,52,0.03610664758690838,49,0.03570588770091666,49
2020-06-30,0.053544867785579146,53,0.036517733744953394,49,0.03581337038258868,49
2020-07-01,0.051359788560541554,52,0.03633312370590752,49,0.03548964899601714,49
2020-07-02,0.04492409624265244,52,0.03623611804317678,49,0.03470478329577744,49
2020-07-06,0.021054829571969566,37,0.03970479007946793,50,0.03628583943312177,49
2020-07-07,0.032740012517612035,48,0.04177729439544469,51,0.03699309533153951,49
2020-07-08,0.03208423205188753,47,0.042013693819515266,51,0.03702213674652547,50
2020-07-09,0.035224126954508134,49,0.041521448315402575,51,0.0373286332792966,50
2020-07-10,0.040446959388220474,51,0.04134035114555314,51,0.038561274216309706,50
2020-07-13,0.03400834139448841,49,0.028090400194014892,45,0.03274149493595234,48
2020-07-14,0.025984007798211216,43,0.0281912691060516,45,0.032092868452226975,47
2020-07-15,0.02598833086063651,43,0.02795927020125928,45,0.03188472956432573,47
2020-07-16,0.019750812044410936,35,0.02853004758506588,45,0.03186203188573941,47
2020-07-17,0.01744579406726816,31,0.02940954162092707,46,0.03183379260536336,47
2020-07-20,0.01646645742183009,29,0.02519430381783571,42,0.03169305053321327,47
2020-07-21,0.011251092853812124,16,0.02075471314325172,36,0.03155151292066123,47
2020-07-22,0.012519286701937816,20,0.023178474824845374,39,0.032237975757648786,48
2020-07-23,0.012665480126716287,20,0.02175568685669519,37,0.03238493715662297,48
2020-07-24,0.012495448982318998,20,0.01641485070131639,27,0.031550512269275896,47
2020-07-27,0.014083130455051116,23,0.015578828581883742,25,0.029912806535711954,46
2020-07-28,0.013100935011406042,21,0.012283043963957112,15,0.022632129328091857,38
2020-07-29,0.0092498973517381,9,0.010993710454340617,10,0.022200252385339268,38
2020-07-30,0.00942975850692112,9,0.011264366923778173,11,0.02206500987736031,37
2020-07-31,0.009456377607654684,10,0.010922545063841967,10,0.02214369226277525,38
2020-08-03,0.009319017605924558,9,0.011527489049373127,12,0.022192257960844876,38
2020-08-04,0.011076497653750197,15,0.01259502981586417,16,0.019253645135158783,32
2020-08-05,0.012773391219291325,20,0.010876176874883204,10,0.01749091225654612,29
2020-08-06,0.00916188914333543,9,0.00976027396805023,7,0.0172357563258884,28
2020-08-07,0.007894903437257688,5,0.010936576297777648,10,0.01650926229008909,26
2020-08-10,0.00811754159072489,6,0.010858221080432615,10,0.013527967885704118,16
2020-08-11,0.008104634816658516,6,0.010338229804955116,8,0.013183653191519663,15
2020-08-12,0.007697072041242214,5,0.010339110334080713,8,0.012048082154201271,11
2020-08-13,0.013535711568452152,22,0.01090158718469499,10,0.012172944976803251,11
2020-08-14,0.0104054083935459,13,0.01031034912476033,8,0.012018785688453966,11
2020-08-17,0.013952941921152198,23,0.013631310410368667,19,0.012621559128048142,13
2020-08-18,0.011540271086646924,16,0.013567441955934652,19,0.012683154355311744,14
2020-08-19,0.012658351195984014,20,0.012998068881523366,17,0.012879261054444879,14
2020-08-20,0.011630404561531279,17,0.013098696286432879,17,0.01142351789942283,9
2020-08-21,0.012268876327044575,19,0.01105394824218475,10,0.011013717608767768,7
2020-08-24,0.013107546640014173,21,0.013861255936545623,20,0.012068118582502103,11
2020-08-25,0.012591910313317549,20,0.013580075768243825,19,0.012096562711251228,11
2020-08-26,0.012448825131586964,19,0.013634343329153769,19,0.012013850755518925,11
2020-08-27,0.01163611438667912,17,0.013352154815872765,18,0.012316542021686038,12
2020-08-28,0.014681200750776639,25,0.013919387291474638,20,0.01210157903647255,11
2020-08-31,0.01195009476335988,18,0.012322266895997261,15,0.0124004822090177,12
2020-09-01,0.011873859025186475,17,0.011852937985608153,13,0.012339966727722515,12
2020-09-02,0.01571248517311965,27,0.013383419063456218,18,0.012992761318858329,15
2020-09-03,0.01531298932567205,26,0.013971084232002405,20,0.01300948721718411,15
2020-09-04,0.016168627974794667,29,0.01459981852324017,22,0.013427652340459891,16
2020-09-08,0.024982122490672328,42,0.018462560797211848,31,0.015573795731529302,23
2020-09-09,0.024843985864103274,42,0.01840268135625066,31,0.015501313650135589,23
2020-09-10,0.020472049971505403,36,0.018399048436421223,31,0.01546832478369233,23
2020-09-11,0.021314426963358727,38,0.017617697287917868,29,0.015456112736094265,23
2020-09-14,0.018284917322641505,33,0.01752197550932556,29,0.015083374356007215,22
2020-09-15,0.008987780741306777,8,0.01774274310544017,30,0.015437984883411467,23
2020-09-16,0.012166770890871094,18,0.018458105939030148,31,0.014990112213021857,21
2020-09-17,0.01733876450879287,31,0.018038783875607475,30,0.01617105940961444,25
2020-09-18,0.016830320169857107,30,0.01810613883102803,31,0.01601677811379809,25
2020-09-21,0.016292219757655643,29,0.016355733170328648,27,0.016002904639921205,25
2020-09-22,0.015782489666286554,28,0.012153791706240358,14,0.016124148562863806,25
2020-09-23,0.013574923970259268,22,0.014058040936894299,20,0.015872144483832815,24
2020-09-24,0.028831669409805135,45,0.022631332789931662,39,0.01966652114572218,33
2020-09-25,0.02883884782343092,45,0.022515493605100374,38,0.01957871470709005,33
2020-09-28,0.030007917100244013,46,0.023745506671665476,40,0.019936086771056044,34
2020-09-29,0.029889100716633827,46,0.02342138494255623,40,0.019932477221561266,34
2020-09-30,0.023094066933870533,40,0.024048017666233597,40,0.020394153588529963,34
2020-10-01,0.01665407491189204,30,0.02225347984069425,38,0.020522097750983473,35
2020-10-02,0.01649498921041673,29,0.02228766780594345,38,0.019895714084423907,34
2020-10-05,0.014356604752707686,24,0.02222318934798084,38,0.019922841433045464,34
2020-10-06,0.012732436410106787,20,0.02166944932763611,37,0.019520941174166074,33
2020-10-07,0.010182884292547338,12,0.01817481740108468,31,0.01768776996146327,29
2020-10-08,0.009081099906957591,9,0.01300336231017444,17,0.018268586053230465,31
2020-10-09,0.010476563644080634,13,0.013090385122300848,17,0.018069024804320842,30
2020-10-12,0.015158097166340687,26,0.014739450457197408,22,0.01920302482258708,32
2020-10-13,0.018735179512531543,34,0.015350781649995452,24,0.01963120478690428,33
2020-10-14,0.018921663684900773,34,0.014554357671194933,22,0.019146575074190056,32
2020-10-15,0.01874122430541597,34,0.014608343570187029,22,0.01928836268799332,33
2020-10-16,0.019544795835319085,35,0.015479598347067903,24,0.018215249130705963,30
2020-10-19,0.007369694171069242,4,0.01540402876731474,24,0.018244482451502547,30
2020-10-20,0.00989853809939282,11,0.015528937674378004,25,0.018260475382456502,31
2020-10-21,0.013352412331838714,22,0.017457278284268882,29,0.01897759602338729,32
2020-10-22,0.015642257774098303,27,0.01639209617102351,27,0.017624052450162735,29
2020-10-23,0.014913865746907094,25,0.016390065874528896,27,0.014574704670520579,20
2020-10-26,0.017000766581530886,30,0.012500347199959188,15,0.015302933702883222,22
2020-10-27,0.016821292371737715,30,0.013930426327598623,20,0.015838881370273214,24
2020-10-28,0.01800874521939141,32,0.015198567903652278,24,0.016963905501964676,27
2020-10-29,0.014334951464386413,24,0.015594117334521998,25,0.016156506519788512,25
2020-10-30,0.01366868746473543,22,0.015631558546236508,25,0.016020232698055702,25
2020-11-02,0.016611530514284118,29,0.016230543606149346,26,0.01600223105698961,25
2020-11-03,0.02545774048420635,42,0.021748540264162328,37,0.018407013495959457,31
2020-11-04,0.01836589579208815,33,0.02061097259130927,35,0.018396300308997183,31
2020-11-05,0.019127652664577822,34,0.02205754370955996,38,0.019081601112030683,32
2020-11-06,0.02004176990053829,36,0.022182531518427556,38,0.01850449829434598,31
2020-11-09,0.030990407819488197,47,0.030201682660263796,47,0.023895466323171764,40
2020-11-10,0.030048259871072718,46,0.027709706531867804,45,0.023035240632736795,39
2020-11-11,0.02958827303743538,46,0.0239846934987516,40,0.022725696389881315,39
2020-11-12,0.03326349463920269,48,0.02560088636462322,42,0.023065549534119587,39
2020-11-13,0.031413393507839976,47,0.024966303366002696,41,0.023257949806736945,39
2020-11-16,0.01458975296301257,25,0.0247678064993676,41,0.023176922581773052,39
2020-11-17,0.014472010814250112,24,0.0232285845204839,39,0.023168323152327978,39
2020-11-18,0.01487684713028429,25,0.023311551567573145,39,0.02314715447076674,39
2020-11-19,0.009507494245046197,10,0.023095954914227983,39,0.022227635472846896,38
2020-11-20,0.008493462012897591,7,0.02284746515502476,39,0.022276630026931324,38
2020-11-23,0.011957004640272014,18,0.012589802502120714,16,0.02265899575765982,38
2020-11-24,0.0189034086491876,34,0.016065658618092806,26,0.022982878745346803,39
2020-11-25,0.01935402015604984,34,0.016492291561196366,27,0.021725353039639926,37
2020-11-27,0.020268853293451326,36,0.01492663438683902,23,0.02006053454098662,34
2020-11-30,0.023861042713791688,41,0.016945847856712215,28,0.02108792663997583,36
2020-12-01,0.021744729807038336,38,0.01660834482535294,27,0.0208502089590416,35
2020-12-02,0.016407950377460692,29,0.01768212435229073,30,0.021047411749298646,36
2020-12-03,0.01689543385034813,30,0.01818997590397354,31,0.02031864672115875,34
2020-12-04,0.018434570912577608,33,0.018533911066435194,31,0.020303630650597645,34
2020-12-07,0.014117592499087785,24,0.01848338570051092,31,0.020161716346294663,34
2020-12-08,0.014310873757424404,24,0.017418201076697257,29,0.019874110244646834,34
2020-12-09,0.012204531609545958,18,0.0138062708310411,20,0.014657326605774776,20
2020-12-10,0.009587637936634735,10,0.01366990099323641,19,0.014596316912959394,20
2020-12-11,0.012939269330615929,21,0.015112502293223166,23,0.01548255217654725,23
2020-12-14,0.013520068191167954,22,0.013586920982366267,19,0.015076458584789114,22
2020-12-15,0.01629822777881727,29,0.014531878750079273,22,0.014984533862044031,21
2020-12-16,0.0146587386230271,25,0.012849733254267833,16,0.014805866017063813,21
2020-12-17,0.014389308707474792,24,0.012169432181261078,14,0.014751313779442195,20
2020-12-18,0.011983273372569223,18,0.011781206580611324,13,0.015000075210053096,21
2020-12-21,0.027382522970234347,44,0.022120861180225354,38,0.019540100355356377,33
2020-12-22,0.033107269338705066,48,0.024673050823785965,41,0.02072061616766743,35
2020-12-23,0.03411687462761622,49,0.025286354101964195,42,0.02076240947184552,35
2020-12-24,0.03438240556134344,49,0.02537642332093937,42,0.019436023030978605,33
2020-12-28,0.032652632236260706,48,0.024121348102550115,40,0.019457262621784977,33
2020-12-29,0.019865860038339615,35,0.02389438311360346,40,0.01948991735030846,33
2020-12-30,0.012439411763540407,19,0.02358152707106349,40,0.018627038515004586,31
2020-12-31,0.00948175286468743,10,0.023754142717539,40,0.018771000937539577,32
2021-01-04,0.008762704900583083,7,0.023708614065622073,40,0.0183263062980348,31
2021-01-05,0.011062389474793244,15,0.023186528639536186,39,0.01836870613131055,31
2021-01-06,0.02003735051604697,36,0.02148288292267484,37,0.020965554549180702,35
2021-01-07,0.01823270212004324,33,0.017056331816245964,28,0.02090970936055477,35
2021-01-08,0.022538584636144412,39,0.01785180020649434,30,0.02110262057768849,36
2021-01-11,0.021504448383361872,38,0.01719728920757913,29,0.021054951595717422,36
2021-01-12,0.021773067383886652,38,0.01779816914155003,30,0.021451689170844047,36
2021-01-13,0.013742726559111537,23,0.016831514856828853,28,0.020541674927768983,35
2021-01-14,0.013043807411527714,21,0.016408721507614847,27,0.020014538913123676,34
2021-01-15,0.01911199542679702,34,0.020670257473317022,36,0.021324017940914115,36
2021-01-19,0.022865509656745758,40,0.02357214328137083,40,0.022508950603280613,38
2021-01-20,0.01686107023297259,30,0.024248641014782732,40,0.022977456128549848,39
2021-01-21,0.01613610481334856,28,0.017944907359058352,30,0.022790340542102737,39
2021-01-22,0.010390222323332038,12,0.016530398131282525,27,0.01939322098005539,33
2021-01-25,0.010309176331179783,12,0.017834673508707485,30,0.01900852532024821,32
2021-01-26,0.008797796017204821,8,0.01701279308895773,28,0.0186034742223496,31
2021-01-27,0.013124263271852716,21,0.014418898162018783,21,0.02005518722748025,34
2021-01-28,0.015269901112937736,26,0.014820067677936673,23,0.019934905922269573,34
2021-01-29,0.014203502862736396,24,0.011736101065147112,13,0.02018723722122235,34
2021-02-01,0.016973931057574523,30,0.013658178484929069,19,0.020310438892917376,34
2021-02-02,0.02831558500534872,45,0.020846451410801218,36,0.02209462984423924,37
2021-02-03,0.021263982239860226,37,0.020631726298222963,35,0.0220959095095809,37
2021-02-04,0.021242270249416714,37,0.021381483167648895,37,0.02193751978801685,37
2021-02-05,0.017476096301657997,31,0.021391296689339687,37,0.018733178872892962,32
2021-02-08,0.017594104280772405,31,0.020567319847844406,35,0.01880393136505688,32
2021-02-09,0.010491258221445594,13,0.020322833780747035,35,0.018737887848051853,32
2021-02-10,0.010338261667457462,12,0.01576377407671315,25,0.018731626514762588,32
2021-02-11,0.011713140518071296,17,0.01666289178727405,27,0.017770010019114543,30
2021-02-12,0.011396089130436791,16,0.014450101614823834,22,0.01799375920247839,30
2021-02-16,0.010184172511383302,12,0.01457755563134349,22,0.018092178697145234,30
2021-02-17,0.009959429176479026,11,0.00966418143231034,6,0.017303469953835027,28
2021-02-18,0.011988782965628705,18,0.01117843279637602,11,0.016578450152841415,26
2021-02-19,0.01188134696750517,17,0.011226040459347714,11,0.016535138595823118,26
2021-02-22,0.011720539386178862,17,0.010939062863725993,10,0.016436703795445953,26
2021-02-23,0.009896538635152248,11,0.009611145342669783,6,0.016416491763728776,26
2021-02-24,0.016855408633274487,30,0.0131619961565868,18,0.01654761359835285,26
2021-02-25,0.01674377871180965,30,0.014309536676668684,21,0.016724783405950554,27
2021-02-26,0.02253715813400189,39,0.017283303814274446,29,0.016229334436928432,25
2021-03-01,0.026303666834918044,43,0.019214764807802147,33,0.01712060408226809,28
2021-03-02,0.02641409184208735,43,0.01886580517266934,32,0.01637028629742666,26
2021-03-03,0.021634570991832042,38,0.018867611018914345,32,0.016352592742032702,26
2021-03-04,0.022674727391619545,39,0.019551347683433595,34,0.015117838565500358,22
2021-03-05,0.01825299901130278,33,0.019375321996720145,33,0.015362301082226557,23
2021-03-08,0.014051409495533022,23,0.020108739406872234,35,0.015482797558194214,23
2021-03-09,0.015259426682602124,26,0.02073142526421868,36,0.015857913723099547,24
2021-03-10,0.021827844037401418,38,0.020521915805055517,35,0.01668301349515466,27
2021-03-11,0.0192009053792183,34,0.020117775600072798,35,0.016696695311268796,27
2021-03-12,0.018018037818636132,32,0.017595037775336258,29,0.01689529837147043,27
2021-03-15,0.019386739423631994,35,0.01613702130321021,26,0.016955285049716506,27
2021-03-16,0.0198071658301527,35,0.017062473939711584,28,0.017378010613682517,29
2021-03-17,0.013027060799504421,21,0.017015786998557696,28,0.0171504886908467,28
2021-03-18,0.013337551829091762,22,0.01575055599790446,25,0.017161260624843057,28
2021-03-19,0.010876088505431978,14,0.016237451753288584,26,0.0172424643999281,28
2021-03-22,0.011941577573116846,18,0.016249959115381712,27,0.017451197299160646,29
2021-03-23,0.014277534663363858,24,0.01757994577489847,29,0.0183407327036613,31
2021-03-24,0.011438233459321712,16,0.013015413688091133,17,0.01847568827638359,31
2021-03-25,0.01022314380116347,12,0.013325856532217165,18,0.016775633910700517,27
2021-03-26,0.01021710573144813,12,0.01066865453989283,9,0.016798997153132485,27
2021-03-29,0.01008399647335823,11,0.010657768658346934,9,0.015825628763046818,24
2021-03-30,0.012353710172501526,19,0.01297926813534766,17,0.014717704651791537,20
2021-03-31,0.013652792558956447,22,0.0127191451204092,16,0.015081922311630231,22
2021-04-01,0.013284877675755489,21,0.012039377354213366,14,0.01488363153456005,21
2021-04-05,0.013778494218685723,23,0.012122828294981987,14,0.014757056947158086,21
2021-04-06,0.01478286731098415,25,0.012839987003206056,16,0.014918222035948931,21
2021-04-07,0.010672616569220613,13,0.011036243591083517,10,0.014139162227683475,19
2021-04-08,0.010558483807208943,13,0.011652718306897751,12,0.014318611103366692,20
2021-04-09,0.01068282165975561,14,0.011528282536183921,12,0.011954777623801689,10
2021-04-12,0.007054737271016931,4,0.011029507808141414,10,0.01199232914052441,11
2021-04-13,0.009578440209707967,10,0.011745977353623118,13,0.011204405230439272,8
2021-04-14,0.013847675265522516,23,0.012519977154409355,15,0.012513423220872136,13
2021-04-15,0.013278427239014587,21,0.011355966051935956,11,0.012459886161813144,13
2021-04-16,0.013126834509422427,21,0.011581045125219645,12,0.01252894746338092,13
2021-04-19,0.013192611855182548,21,0.01001195914845447,7,0.012370595278085724,12
2021-04-20,0.02119981714911894,37,0.015556818907600174,25,0.01407154210566506,19
2021-04-21,0.018651094210410682,33,0.015737831744513216,25,0.013992742397083988,18
2021-04-22,0.018541598374045527,33,0.015920020777241962,26,0.01341297058346784,16
2021-04-23,0.022356042586961916,39,0.01784936816929225,30,0.014342872350731006,20
2021-04-26,0.023214530197452267,40,0.018107138695953654,31,0.014506502269434406,20
2021-04-27,0.013989443976268603,23,0.01723363960912041,29,0.014336705284089701,20
2021-04-28,0.014092777053206156,24,0.016081875971437877,26,0.014224080622789244,19
2021-04-29,0.007973129497680169,6,0.016314426770675235,27,0.013969764970389573,18
2021-04-30,0.010802741466282188,14,0.016946231570953343,28,0.013829951667389286,18
2021-05-03,0.010099619762391869,11,0.016972963729480532,28,0.013832517992527764,18
2021-05-04,0.0098018078193781,11,0.011958956167614878,14,0.013395762980259546,16
2021-05-05,0.013494046603369777,22,0.01305670914055795,17,0.013914607794348482,18
2021-05-06,0.015476932857510986,27,0.011988803294755898,14,0.014437029794864567,20
2021-05-07,0.010617842617485154,13,0.010797204325796934,10,0.014419579830957763,20
2021-05-10,0.013348194128586725,22,0.011681475434664468,13,0.01457142724668012,20
2021-05-11,0.020301992653511628,36,0.015175127225483774,24,0.01589114163050199,24
2021-05-12,0.019669291868859573,35,0.016340072749631118,27,0.016047801528949267,25
2021-05-13,0.01656329119335372,29,0.016222363694606064,26,0.015550831885904701,23
2021-05-14,0.020951962930785023,37,0.017216418505887756,29,0.016398979030233657,26
2021-05-17,0.02077065903748662,37,0.017275246145457158,29,0.016332203332873378,26
2021-05-18,0.017939800815114704,32,0.018138790564736593,31,0.016721774098151374,27
2021-05-19,0.018355343432272197,33,0.018060559824057236,30,0.01533815031174343,22
2021-05-20,0.017564042727734003,31,0.01626822211743564,27,0.015267371180131648,22
2021-05-21,0.01398004647276369,23,0.01679270854234857,28,0.015081835203174243,22
2021-05-24,0.014301307448748368,24,0.01681899227146308,28,0.014318725522420573,20
2021-05-25,0.01381191692932527,23,0.015158061675113662,24,0.014510611537660487,20
2021-05-26,0.010152937695025744,12,0.014053960648993367,20,0.01448892901190665,20
2021-05-27,0.010428022825880658,13,0.013949863389125287,20,0.014590238831459462,20
2021-05-28,0.008201403043524416,6,0.01105587487093395,10,0.01438116494451998,20
2021-06-01,0.013966404275428274,23,0.013991091475815596,20,0.014941492474076569,21
2021-06-02,0.010625778315446796,13,0.012795048012375502,16,0.014947110159248536,21
2021-06-03,0.010631740350488066,13,0.010358835788588509,8,0.015027431181402465,21
2021-06-04,0.010816685175981947,14,0.010261481745164489,8,0.014519936512443475,20
2021-06-07,0.013517748004079068,22,0.010925112796597946,10,0.014096669063940475,19
2021-06-08,0.009854623296688157,11,0.011888357706261109,13,0.014104930411626039,19
2021-06-09,0.01016714191310656,12,0.011264730247542095,11,0.01407974554142675,19
2021-06-10,0.010759375884681649,14,0.01423604726183768,21,0.014019702281771771,18
2021-06-11,0.01216865045867967,18,0.014249107709715545,21,0.013569822827544415,17
2021-06-14,0.012543612061442864,20,0.015064300649191962,23,0.013864897255872583,18
2021-06-15,0.012618937367412267,20,0.011519564408545391,12,0.012585444693297193,13
2021-06-16,0.012920614469130216,21,0.011387866038812875,11,0.012586315167577496,13
2021-06-17,0.013764807459723558,23,0.011659426411148591,12,0.013532362902298048,16
2021-06-18,0.014384138903384974,24,0.013425076303944157,18,0.015127063782874579,22
2021-06-21,0.023417552541485573,40,0.017710808715785283,30,0.016144918787151154,25
2021-06-22,0.023671898839699165,40,0.017884240904097258,30,0.015599747074571287,23
2021-06-23,0.02485278381501485,42,0.01868115280925816,32,0.015718222190715374,24
2021-06-24,0.02405654819079876,41,0.019346853515581,33,0.016271844590284943,25
2021-06-25,0.011664781207766137,17,0.018882976504900666,32,0.01618690459039183,25
2021-06-28,0.009475601721075609,10,0.01846694364292393,31,0.016007009573825896,25
2021-06-29,0.008902233025110355,8,0.018766983555721362,32,0.016177207152259475,25
2021-06-30,0.010047865228492001,11,0.01959497435959884,34,0.015480581779103043,23
2021-07-01,0.01163121127084509,17,0.01781884029057624,30,0.01567139005369648,24
2021-07-02,0.011837424334296584,17,0.011906139475042054,13,0.015304935191741071,22
2021-07-06,0.013546179236784113,22,0.011397219584208048,11,0.015310356821130919,22
2021-07-07,0.012499888803732219,20,0.011744205246865093,13,0.015272707936854462,22
2021-07-08,0.008163323991092741,6,0.014093556953060159,21,0.015915049527452006,24
2021-07-09,0.022359306191806944,39,0.017003485592627588,28,0.018022218725193506,30
2021-07-12,0.024969932206123476,42,0.018425675879757804,31,0.018065292757695008,30
2021-07-13,0.025028938354997338,42,0.01903199989517858,33,0.01812112115707813,30
2021-07-14,0.024877927452250575,42,0.01887356443297261,32,0.017886894401905152,30
2021-07-15,0.020429974316096302,36,0.017799608680836108,30,0.017869877595151136,30
2021-07-16,0.017153603426892063,31,0.01882085691591855,32,0.018581581320428326,31
2021-07-19,0.011077092981848564,15,0.020412930843746773,35,0.018722360934951287,32
2021-07-20,0.02204345132816277,39,0.022778073192285378,39,0.01800719294073378,30
2021-07-21,0.02584003809213931,43,0.02401015233404965,40,0.017944912579039202,30
2021-07-22,0.025824599685856934,43,0.02236815444173643,38,0.01796383979201108,30
2021-07-23,0.02247089338892987,39,0.019418778261412452,33,0.01788129675725088,30
2021-07-26,0.013492410792588139,22,0.017826904744988208,30,0.017337631176640524,29
2021-07-27,0.010862216289186469,14,0.017442780100316583,29,0.01735727908878312,29
2021-07-28,0.0035943814470494485,0,0.01739552692672514,29,0.01736479040878313,29
2021-07-29,0.004823651801237863,1,0.017570578759364668,29,0.017320178327312235,29
2021-07-30,0.006378088351659603,3,0.015773399011131096,25,0.016902668573841383,27
2021-08-02,0.007239330974336211,4,0.011611931397816671,12,0.01680336373149802,27
2021-08-03,0.007049728350735266,4,0.008738166727547358,4,0.016827818551096056,27
2021-08-04,0.00811808099888067,6,0.00597587139238343,0,0.016680013518250922,27
2021-08-05,0.010368397910399623,12,0.007641885991708472,1,0.016943842028806878,27
2021-08-06,0.015535831154255332,27,0.012761752834677436,16,0.017316005153757523,29
2021-08-09,0.01582766718423294,28,0.012761125146368358,16,0.015830552830882978,24
2021-08-10,0.015878076339478225,28,0.013015014620719946,17,0.015639357932714818,23
2021-08-11,0.011040637271050485,15,0.012602639212529134,16,0.015405309025314383,23
2021-08-12,0.013156861720827522,21,0.012824870573073178,16,0.015279181953223569,22
2021-08-13,0.011698010347988251,17,0.013300097373913838,18,0.015549981824145968,23
2021-08-16,0.012984362255432166,21,0.014144387378830994,21,0.014446531182591364,20
2021-08-17,0.01017826890579215,12,0.015036661360115285,23,0.012745505828392588,14
2021-08-18,0.006589374805282225,3,0.016079804669777466,26,0.012544823560070707,13
2021-08-19,0.003718879625069505,0,0.01650168143314519,27,0.012249614897268182,12
2021-08-20,0.008252393283557672,6,0.011996602442764103,14,0.012220619745801388,12
2021-08-23,0.012745238266804026,20,0.012774745342259562,16,0.012460990431157087,13
2021-08-24,0.015275148924287022,26,0.012359575601576099,15,0.012843319488187791,14
2021-08-25,0.01212648923134884,18,0.011968213102618811,14,0.012831587413124982,14
2021-08-26,0.007590896276734495,5,0.011934524734341746,14,0.01283386032299386,14
2021-08-27,0.008025213158525946,6,0.012666498680540306,16,0.013116006772605994,15
2021-08-30,0.013962491914887422,23,0.013541322393799805,19,0.0135552005581909,17
2021-08-31,0.012441371697992943,19,0.013137782065071683,18,0.013563780177427175,17
2021-09-01,0.011454320005935355,16,0.011688034617990237,13,0.013586932311783637,17
2021-09-02,0.011410658022692293,16,0.010142415099261066,8,0.0133773819766679,16
2021-09-03,0.006961385885834042,4,0.010926460086099422,10,0.013306804672870544,16
2021-09-07,0.003766844258541136,0,0.010449104907158606,9,0.01113504536317872,8
2021-09-08,0.006162181151807718,2,0.009889477380180667,7,0.011537538505550117,9
2021-09-09,0.005934342511083311,2,0.008954022307328544,5,0.010632503446023426,6
2021-09-10,0.004941786915637497,1,0.008955487269779083,5,0.01007932148006339,4
2021-09-13,0.009784782039283652,10,0.008164969630764943,3,0.010607847060693289,6
2021-09-14,0.011355404044400245,16,0.00802124953362783,2,0.010787952090636632,6
2021-09-15,0.010083228221326424,11,0.008002290120197382,2,0.010755330859581545,6
2021-09-16,0.011323146455167713,16,0.008527228124102698,4,0.010975156526367408,7
2021-09-17,0.01199694166008362,18,0.008655865875292205,4,0.010848419814455487,7
2021-09-20,0.01100040271578004,15,0.012500400894757164,15,0.012817483714695564,14
2021-09-21,0.011837245190209466,17,0.012361598103239481,15,0.012724184421743669,14
2021-09-22,0.02159624513639276,38,0.016274956027665505,27,0.013683471372775475,17
2021-09-23,0.023854772139561418,41,0.017625863027440267,29,0.01360448078233789,17
2021-09-24,0.0230983200891116,40,0.01762621431742681,29,0.01327139104991092,16
2021-09-27,0.01467930727966373,25,0.018741708145720234,32,0.014390956940691708,20
2021-09-28,0.021553536350672958,38,0.0199254483640973,34,0.014638668582251144,20
2021-09-29,0.02007447805830305,36,0.020105241539359824,35,0.014548939010406077,20
2021-09-30,0.018765083664749594,34,0.020391899648416208,35,0.014865110480138924,21
2021-10-01,0.01953359134662505,35,0.020364270479454424,35,0.014976063614669318,21
2021-10-04,0.011461217105913002,16,0.01788451855917512,30,0.015111627752129734,22
2021-10-05,0.020481943777708598,36,0.02039259302305998,35,0.01699549357442678,28
2021-10-06,0.01981578902045129,35,0.01883240675017797,32,0.017101708527949056,28
2021-10-07,0.016505195443828096,29,0.018158380998369215,31,0.01703726965142928,28
2021-10-08,0.016497335861847345,29,0.018222084386962413,31,0.017109419764547815,28
2021-10-11,0.017835718689675498,32,0.017355803298982106,29,0.017555196736378825,29
2021-10-12,0.011076016711858767,15,0.015564907595732584,25,0.017203010062228897,28
2021-10-13,0.010660511720592835,13,0.015065560727272408,23,0.017019200292674595,28
2021-10-14,0.011978735042631593,18,0.013998942546692098,20,0.017302265813339438,28
2021-10-15,0.020942725537527865,37,0.017773429869215568,30,0.019043617222249735,32
2021-10-18,0.015213318243429688,26,0.01625164775535147,27,0.019106872550290796,32
2021-10-19,0.016747170618176425,30,0.014944982839206172,23,0.017235577741240297,28
2021-10-20,0.01913714928872681,34,0.015899643488783966,26,0.017389191956606175,29
2021-10-21,0.019786559115120093,35,0.015991923795231136,26,0.01669130945757257,27
2021-10-22,0.012868655174764508,21,0.016450444710028662,27,0.016688613784123944,27
2021-10-25,0.009921500781097227,11,0.014149888737797902,21,0.01664908385055986,27
2021-10-26,0.009918326798957487,11,0.01407862216908258,21,0.01604457611594384,25
2021-10-27,0.011840042896192296,17,0.015816554859726835,25,0.015307670067552029,22
2021-10-28,0.012198657000677932,18,0.015702791096911615,25,0.014998203521291598,21
2021-10-29,0.009979982402885003,11,0.011115574911003075,11,0.01428117402018881,19
2021-11-01,0.010713041049005332,14,0.009737052117389006,7,0.014303748192190035,19
2021-11-02,0.012890576831898353,21,0.010844855602523275,10,0.013795197088889459,18
2021-11-03,0.012234857338978646,19,0.01139138315577137,11,0.013193494381631943,15
2021-11-04,0.016377107787391255,29,0.01407122538545588,21,0.014471378451383736,20
2021-11-05,0.016378327911076438,29,0.012854849586859804,16,0.014477122067450873,20
2021-11-08,0.01567143963295264,27,0.01291960136058971,17,0.014456778312786432,20
2021-11-09,0.010349898767956639,12,0.012675364707697107,16,0.013800118810538447,18
2021-11-10,0.010532499244175748,13,0.01262138117601455,16,0.014337680879366831,20
2021-11-11,0.00910279801833519,9,0.012492833868025095,15,0.014395360861146496,20
2021-11-12,0.010000263144413919,11,0.012833122818405129,16,0.014228072502309917,19
2021-11-15,0.009764660281944478,10,0.012366734027709743,15,0.011548183796903996,9
2021-11-16,0.009412376843653104,9,0.01018400006030467,8,0.010733187292620787,6
2021-11-17,0.01478096447356837,25,0.012426993700152253,15,0.012291284602842662,12
2021-11-18,0.013516714152699946,22,0.01095335976864928,10,0.01215854471071115,11
2021-11-19,0.011816034454557497,17,0.011093489205372247,11,0.012287123951280203,12
2021-11-22,0.018484489914868826,33,0.013997770596044914,20,0.01281852370927777,14
2021-11-23,0.022801251889718165,39,0.01651581087659168,27,0.014173657003564516,19
2021-11-24,0.0193984222948838,35,0.01676467207356284,28,0.014505672512498895,20
2021-11-26,0.023374061960075396,40,0.01816619607747765,31,0.01503413468594133,21
2021-11-29,0.02312170641524376,40,0.017884227559140712,30,0.014819241582519932,21
2021-11-30,0.01963181358568077,35,0.018068150786283443,30,0.015016478152081082,21
2021-12-01,0.006466408005285842,3,0.018150299152982483,31,0.014857922756682,21
2021-12-02,0.02062148374152691,36,0.019562707295576635,34,0.015956067721395333,25
2021-12-03,0.018453723972974227,33,0.019897921405974673,34,0.015909474421443352,24
2021-12-06,0.02028202947013811,36,0.020526716540604173,35,0.015898012060334664,24
2021-12-07,0.020746615224592493,37,0.021189732735055197,36,0.017182394000579748,28
2021-12-08,0.019545081199069156,35,0.0194382279557101,33,0.017212171577924644,28
2021-12-09,0.017049080315936608,30,0.018665480859858474,32,0.01715630552822902,28
2021-12-10,0.017377489634469542,31,0.017384657160943406,29,0.017089520635642414,28
2021-12-13,0.01771361075517708,32,0.018067601439087234,30,0.017286046997898517,28
2021-12-14,0.010815520279080382,14,0.017650178446399666,30,0.01742181598087374,29
2021-12-15,0.011387679714379042,16,0.01695206318940131,28,0.017447976910889264,29
2021-12-16,0.015391857345421003,27,0.015468450608008708,24,0.01801012391230074,30
2021-12-17,0.023414068570847067,40,0.020008441558595318,34,0.01895592831361256,32
2021-12-20,0.02510432183662118,42,0.020609927545801772,35,0.019763495172808787,33
2021-12-21,0.02777974655458687,45,0.01989097447758093,34,0.02044162295931093,35
2021-12-22,0.02795552172687495,45,0.020124027270349162,35,0.019792375133866745,33
2021-12-23,0.025953900244530186,43,0.02041057132073373,35,0.018910607460321208,32
2021-12-27,0.018325899129429044,33,0.020259202837391868,35,0.018700227740640774,32
2021-12-28,0.009059676339618178,8,0.019494177169646368,34,0.01791887462576955,30
2021-12-29,0.005142759663023735,1,0.019211242278136663,33,0.017862273660295146,30
2021-12-30,0.005349942679277013,1,0.019178023034854174,33,0.01756106554297689,29
2021-12-31,0.0056871679747701916,2,0.017887568046668134,30,0.017436108261259558,29
2022-01-03,0.016727676069943184,30,0.01654333088850404,27,0.01778383526071889,30
2022-01-04,0.020095474049943645,36,0.014723085618817952,22,0.018617650579347403,31
2022-01-05,0.024380026961667148,41,0.016713588438011802,28,0.01908222217786846,32
2022-01-06,0.02461901676048529,41,0.016956244884769055,28,0.018116713865866777,30
2022-01-07,0.02365757703468613,40,0.016931397792464095,28,0.018052978083384442,30
2022-01-10,0.018923935184684403,34,0.016863775258096115,28,0.01806539988206209,30
2022-01-11,0.012055796282093528,18,0.01692118862143909,28,0.017868510211343516,30
2022-01-12,0.016180120939752175,29,0.02030510086974651,35,0.018911176342011206,32
2022-01-13,0.01635374565730763,29,0.02027788826681745,35,0.018772876997005437,32
2022-01-14,0.01871907532826538,33,0.021861731291218964,37,0.01957385055493097,33
2022-01-18,0.031289098161342045,47,0.027757091315843207,45,0.024094412045432213,40
2022-01-19,0.025844897769100816,43,0.023723057198623738,40,0.023081381686496014,39
2022-01-20,0.02921996766073045,45,0.024239468555425223,40,0.022531256614130635,38
2022-01-21,0.02706946826555621,44,0.0240453395949176,40,0.021778153915084808,37
2022-01-24,0.02901293296799349,45,0.023850972847857813,40,0.021674940378902656,37
2022-01-25,0.008825271300377854,8,0.023214004380619296,39,0.021500964970997596,36
2022-01-26,0.006249239605240946,2,0.022527090749224325,38,0.021384691699363915,36
2022-01-27,0.00562736356433352,1,0.022033595436327526,38,0.02136035290412106,36
2022-01-28,0.009431791709178709,10,0.02375293650844964,40,0.02196154748437112,37
2022-01-31,0.012689075440525038,20,0.025384265457300603,42,0.02273314054501566,39
2022-02-01,0.013186187636140701,21,0.015024163918352847,23,0.023636797858821248,40
2022-02-02,0.014501573750501292,25,0.012970084527962498,17,0.02219504321267023,38
2022-02-03,0.01657091869755921,29,0.013931924864817655,20,0.02077702622012952,35
2022-02-04,0.017549565145744052,31,0.01426770408103649,21,0.021432552202694834,36
2022-02-07,0.01690883264069081,30,0.014104358519861526,21,0.021460841953358716,36
2022-02-08,0.013267675302955367,21,0.013447874307835343,19,0.021520106767358747,36
2022-02-09,0.013204760967303981,21,0.013380805696128706,18,0.02171942402047704,37
2022-02-10,0.012890522261696298,21,0.014143850894640967,21,0.021585572514079117,36
2022-02-11,0.01291227514038814,21,0.01632379081382681,27,0.02098765882005694,35
2022-02-14,0.012875260597518636,21,0.01548696869736766,24,0.020983686798616355,35
2022-02-15,0.013946656907876434,23,0.013301479156647204,18,0.02058490546432915,35
2022-02-16,0.011157945795785936,15,0.013717370980348401,19,0.013786365133117212,18
2022-02-17,0.015222265149163595,26,0.01642511314414064,27,0.014741715841880812,20
2022-02-18,0.014474195150676212,24,0.01345531679304145,19,0.014862636354286819,21
2022-02-22,0.01460033928653579,25,0.01320931766662295,18,0.014661880660657755,20
2022-02-23,0.01012046841934784,12,0.01253405224651207,15,0.014793236076033316,21
2022-02-24,0.01107213268967668,15,0.010634102132161679,9,0.014760376683414324,21
2022-02-25,0.01611802867121033,28,0.01618266339804687,26,0.016079541099242447,25
2022-02-28,0.01980497891347174,35,0.01674934353063282,28,0.017045287788058,28
2022-03-01,0.025591657262536906,42,0.019643073004291123,34,0.018500232473293785,31
2022-03-02,0.029825383638620855,46,0.02168839807821368,37,0.018696890426099785,32
2022-03-03,0.029962802472290745,46,0.02166703069629778,37,0.017527825544437107,29
2022-03-04,0.02368101132267599,40,0.02019278798974247,35,0.017594707056315727,29
2022-03-07,0.02346045009139624,40,0.020988341344977787,36,0.018030071182647114,30
2022-03-08,0.01804119948151319,32,0.021052524589462017,36,0.016766328999829307,27
2022-03-09,0.02344606715808722,40,0.025297658815553608,42,0.019311345730216204,33
2022-03-10,0.023644377480481624,40,0.02546235004109435,42,0.01922589765215483,32
2022-03-11,0.023426104557950675,40,0.022864613394494904,39,0.01882385446319923,32
2022-03-14,0.02040054874634864,36,0.021912296084793396,38,0.018798072591339546,32
2022-03-15,0.020769727280843843,37,0.01894942799933201,32,0.01893620915810659,32
2022-03-16,0.0196705378314157,35,0.020635744673273507,36,0.020797898968507006,35
2022-03-17,0.01767058154482879,32,0.020372166990119324,35,0.02071864443721571,35
2022-03-18,0.015189549535525272,26,0.01974393483553574,34,0.020714788978774875,35
2022-03-21,0.01915969670594147,34,0.01897499192759533,33,0.020034301448873155,34
2022-03-22,0.01910811750852113,34,0.018902594442233703,32,0.02015163567923419,34
2022-03-23,0.01577477915800829,28,0.017250967446490566,29,0.02066481547083642,35
2022-03-24,0.015049779098033678,26,0.016745573513882478,28,0.020591645561203527,35
2022-03-25,0.014677212921889459,25,0.016309261086039608,27,0.020603723210299574,35
2022-03-28,0.012671596192807331,20,0.016329635500663766,27,0.01950261778489283,33
2022-03-29,0.013001553705871038,21,0.016338916135039513,27,0.018992083493852844,32
2022-03-30,0.009646617759469645,10,0.012425778325645525,15,0.017111938321157035,28
2022-03-31,0.011948477920785622,18,0.01281278471966304,16,0.01661423074336068,26
2022-04-01,0.011515111969419336,16,0.012437433244261987,15,0.016512730283110285,26
2022-04-04,0.011497325216131888,16,0.01145956539524547,12,0.016380017985255964,26
2022-04-05,0.006595425437811025,3,0.01049421243778968,9,0.01576903326325903,24
2022-04-06,0.009299588953874652,9,0.010880107018371919,10,0.01662967728545943,27
2022-04-07,0.009109020252208078,9,0.010537035229666418,9,0.014103011357894461,19
2022-04-08,0.017360898355362104,31,0.013898281506298037,20,0.015032641352065128,21
2022-04-11,0.017411318178848317,31,0.013910523544462683,20,0.014932314011518026,21
2022-04-12,0.016755299094615303,30,0.012546399132104355,15,0.014891704041911364,21
2022-04-13,0.01193130442038127,18,0.012945907314206745,17,0.014674855032794257,20
2022-04-14,0.010936841522416155,14,0.01221461890651928,14,0.012113355717199802,11
2022-04-18,0.012018435836474564,18,0.01513918232517337,23,0.013450932794831715,16
2022-04-19,0.01239325594129625,19,0.01600117375153905,26,0.014064997513693426,19
2022-04-20,0.010341948585795896,12,0.015459015238327026,24,0.013919403235792549,18
2022-04-21,0.018203679167452958,32,0.014665266674134854,22,0.01432537014342677,20
2022-04-22,0.029601288780439643,46,0.021242762909707648,36,0.01651647392338917,26
2022-04-25,0.02626005682865049,43,0.01998783510763636,34,0.01657247314246334,26
2022-04-26,0.023779352495287735,40,0.021630207065606713,37,0.017299051089615356,28
2022-04-27,0.019861282519304194,35,0.021641974354266864,37,0.01730275698425631,28
2022-04-28,0.024545279096015355,41,0.022282284225194196,38,0.017483385584635924,29
2022-04-29,0.02355907944973614,40,0.025576562328757865,42,0.019248425538705156,32
2022-05-02,0.02561534478932648,42,0.024474011273638362,41,0.019533536302408342,33
2022-05-03,0.024287906950555712,41,0.023994514770299416,40,0.019851998189505483,33
2022-05-04,0.027444075189978063,44,0.025854070604657935,42,0.0210201753415348,35
2022-05-05,0.03206164159903911,47,0.027135132567590897,44,0.022126897299998075,38
2022-05-06,0.024393294632704482,41,0.023774371628905708,40,0.021524690935585032,36
2022-05-09,0.024572489737718247,41,0.02386931500320136,40,0.021662693400202104,37
2022-05-10,0.023493343397619396,40,0.02284294238545386,39,0.021103601843112055,36
2022-05-11,0.012229145068976315,18,0.022993371916360816,39,0.021199274179526228,36
2022-05-12,0.00529649724847602,1,0.021886874175341506,37,0.02122079727460628,36
2022-05-13,0.016406341741374064,29,0.02014209197752665,35,0.02201342551329745,37
2022-05-16,0.01621440518388794,29,0.019678360788320002,34,0.022109203802060745,37
2022-05-17,0.02122919428169365,37,0.021928941105466455,38,0.02251016044821177,38
2022-05-18,0.02314735807905221,40,0.0198368624458473,34,0.02230450081804748,38
2022-05-19,0.022368183564868787,39,0.017213266535265188,29,0.02196716615003633,37
2022-05-20,0.01975610516253181,35,0.01723497674212777,29,0.021688460700001758,37
2022-05-23,0.02273809547469223,39,0.01969522438833977,34,0.02103755630467132,36
2022-05-24,0.019564672835395203,35,0.019394205438675014,33,0.021070925327576852,36
2022-05-25,0.01582385995749015,28,0.018715387883587037,32,0.020291301686460792,34
2022-05-26,0.018679851929011063,33,0.01953959506505438,34,0.021144721014059252,36
2022-05-27,0.01684737937393632,30,0.018794408096661108,32,0.02110304179689285,36
2022-05-31,0.015002596437624405,26,0.018200123881780286,31,0.018851848007698117,32
2022-06-01,0.01690815541091793,30,0.01738865230659893,29,0.019036314417921075,32
2022-06-02,0.016888617083639975,30,0.015432353966664881,24,0.018892247551345973,32
2022-06-03,0.01415485708135629,24,0.017051190273853187,28,0.018133397011895445,30
2022-06-06,0.011455882919103006,16,0.016822220991801355,28,0.016470114329683302,26
2022-06-07,0.011991803837655636,18,0.013788402813285148,20,0.01647068891774285,26
2022-06-08,0.013665564838128221,22,0.01533680080564238,24,0.016923175833058936,27
2022-06-09,0.016622592138454795,29,0.018576249494664455,31,0.018304201850785757,31
2022-06-10,0.026019973496835498,43,0.021780385907158452,37,0.02198973545455902,37
2022-06-13,0.02241920174658508,39,0.019612536379172506,34,0.022091465262973446,37
2022-06-14,0.020722316643596254,37,0.01975996671476744,34,0.021160667351421428,36
2022-06-15,0.03140269036227252,47,0.023600005025286936,40,0.022076593636297895,37
2022-06-16,0.029969671788270022,46,0.022847258493820147,39,0.020937990559088106,35
2022-06-17,0.018715551502489134,33,0.022872658175341565,39,0.02087658256703234,35
2022-06-21,0.0204448299849373,36,0.024249017189915907,40,0.021350304842409188,36
2022-06-22,0.02037302943991149,36,0.024009982223563923,40,0.021356208743046477,36
2022-06-23,0.015501796861618216,27,0.024353507954442553,41,0.019903409097270716,34
2022-06-24,0.028566156524305216,45,0.03060959465744464,47,0.024094912730260452,40
2022-06-27,0.025763320082513117,43,0.023650956700780507,40,0.024096132003094017,40
2022-06-28,0.026981600511693543,44,0.023079899248783873,39,0.0231208487716949,39
2022-06-29,0.02622856700178755,43,0.022959434078869828,39,0.023020891882611024,39
2022-06-30,0.030401739107505737,46,0.02340628751034487,40,0.02332053613395538,39
2022-07-01,0.01300549320168294,21,0.02232379124319809,38,0.023311679690663327,39
2022-07-05,0.013028637616785977,21,0.021264609056075263,36,0.023192836370012206,39
2022-07-06,0.013693831513792614,22,0.02150904344668328,37,0.023064112823266567,39
2022-07-07,0.01489439500911897,25,0.021829875242791754,37,0.02339840172532071,39
2022-07-08,0.011802628031837408,17,0.022161457815214704,38,0.02336895540747618,39
2022-07-11,0.011668136086907312,17,0.011684974707055618,13,0.023089011055714606,39
2022-07-12,0.011576322229734405,16,0.01162645129137247,12,0.022033200433243548,37
2022-07-13,0.011037254621766985,15,0.011747281440043594,13,0.01820088184475879,30
2022-07-14,0.010496688911347729,13,0.012965829730507372,17,0.01915567236734997,32
2022-07-15,0.02718284926225424,44,0.019765748862320763,34,0.02137958718383651,36
2022-07-18,0.028760138201691002,45,0.021326592629377868,37,0.021295550414932713,36
2022-07-19,0.03559569028252757,49,0.027188202205563363,44,0.023787548000199922,40
2022-07-20,0.03313375865174659,48,0.026386022020810435,43,0.0231748872509908,39
2022-07-21,0.01900167596966358,34,0.026367563422969063,43,0.023129117899286584,39
2022-07-22,0.02340334819052524,40,0.026428397324262592,43,0.02329732356198349,39
2022-07-25,0.024570446481323314,41,0.025678657967599147,42,0.02333224200343187,39
2022-07-26,0.013451959193608415,22,0.02690134376772797,44,0.020602761292289128,35
2022-07-27,0.015359769398904235,27,0.026351451114437187,43,0.020781439466729182,35
2022-07-28,0.01498061630387926,26,0.02205757023789652,38,0.02080922922814933,35
2022-07-29,0.014535042853508932,25,0.01979790532122059,34,0.02081605336834803,35
2022-08-01,0.015074809299722212,26,0.01992925681317353,34,0.020105291042219094,34
2022-08-02,0.013458718533194835,22,0.013009978603970804,17,0.020483512685444294,35
2022-08-03,0.012856359604485874,20,0.013467563253601674,19,0.020459382775004174,35
2022-08-04,0.012298955406697306,19,0.012921756271953373,17,0.02020327552157728,34
2022-08-05,0.011388211629260729,16,0.012593373119875777,16,0.020070919106084693,34
2022-08-08,0.011109797591788264,15,0.012608112874587482,16,0.019903254901974202,34
2022-08-09,0.0077445708516854115,5,0.010356189390818539,8,0.019516348788366306,33
2022-08-10,0.014658091255790009,25,0.013124890758787571,17,0.02023857866894434,34
2022-08-11,0.012839269721685836,20,0.01297105412633756,17,0.019879923696848316,34
2022-08-12,0.01303161298239886,21,0.012782308759323574,16,0.017808070683007923,30
2022-08-15,0.012012375146719363,18,0.012301242872278646,15,0.01619361894113732,25
2022-08-16,0.013611522009699457,22,0.010827699435758297,10,0.01596017624570585,25
2022-08-17,0.00611504269003943,2,0.010969100932705514,10,0.011781793393476134,10
2022-08-18,0.004467753560785297,0,0.01051324894064103,9,0.01172741255924938,10
2022-08-19,0.007784771192771996,5,0.012468025760003441,15,0.01217564718087494,11
2022-08-22,0.009162124266619349,9,0.014590491286687218,22,0.012952737965212782,15
2022-08-23,0.008761419875335566,7,0.01479017041338253,23,0.01310413691774347,15
2022-08-24,0.010639406326246032,13,0.009749173196270906,7,0.012319226387106624,12
2022-08-25,0.013688220154839371,22,0.01012575229342905,7,0.01203172562178711,11
2022-08-26,0.017381795308695575,31,0.012946341883531536,17,0.013659634737406045,17
2022-08-29,0.016034319776377953,28,0.012394762436117071,15,0.013496890943697963,16
2022-08-30,0.016090691803507532,28,0.012459602786092648,15,0.013466988926251583,16
2022-08-31,0.015357270124913626,27,0.012474843294060452,15,0.013162352710773336,15
2022-09-01,0.012576755462645911,20,0.012496482634120757,15,0.012694694918777285,14
2022-09-02,0.003974683774372948,0,0.012113373978212775,14,0.012737502633160265,14
2022-09-06,0.0066811629643299345,3,0.011582698576818207,12,0.012990438143746568,15
2022-09-07,0.010209166290392846,12,0.012746501018613859,16,0.013323587031586672,16
2022-09-08,0.01248322556238742,19,0.013710361543684777,19,0.013664873027440816,17
2022-09-09,0.013686692635169133,22,0.013806409776417195,20,0.011803241967642063,10
2022-09-12,0.01248302889661933,19,0.010095498507439205,7,0.011649670782021143,10
2022-09-13,0.02411000480945954,41,0.016963634979949366,28,0.014444948512928376,20
2022-09-14,0.023321081660844387,40,0.01697187530264209,28,0.014291267824463024,19
2022-09-15,0.023106092953737754,40,0.017617873613121143,29,0.014776566111915291,21
2022-09-16,0.021767525399401175,38,0.01829235540030894,31,0.01505454585959231,21
2022-09-19,0.0218063871549938,38,0.01846489575753696,31,0.015203115208045152,22
2022-09-20,0.013552720060891527,22,0.018588524230180467,32,0.015267465960197107,22
2022-09-21,0.013727938751036492,23,0.018077498065140793,30,0.014860296716632535,21
2022-09-22,0.012098578783589043,18,0.018086868699475546,31,0.015559566288965805,23
2022-09-23,0.016164206160692005,29,0.018459155258156563,31,0.01681278337611757,27
2022-09-26,0.010109988697351413,12,0.017536900366732278,29,0.016684082213173596,27
2022-09-27,0.011051137763950274,15,0.014843042825673945,23,0.01596625643509808,25
2022-09-28,0.026428844267201643,43,0.020354108579856048,35,0.01808765058842216,30
2022-09-29,0.02573149698587346,43,0.018960189841375163,32,0.018211392974320936,30
2022-09-30,0.022009918634975367,39,0.018871594046151987,32,0.0182302616978724,30
2022-10-03,0.021756778410097547,38,0.02066636524190472,36,0.01906919823266281,32
2022-10-04,0.028783560409609013,45,0.028136352307302513,45,0.022823854615477628,39
2022-10-05,0.030515902652273327,46,0.02857685075274796,45,0.022938078385807067,39
2022-10-06,0.030252477728141998,46,0.027917302866116798,45,0.022809247739304154,39
2022-10-07,0.03045526801921938,46,0.025782497772511778,42,0.022479963161039125,38
2022-10-10,0.029323118506743146,46,0.024364405325187178,41,0.022073863072073117,37
2022-10-11,0.00748126007500687,5,0.025167282935977017,42,0.022110394143163185,37
2022-10-12,0.009906849472798242,11,0.022757779536419203,39,0.02074847202512071,35
2022-10-13,0.023289337385054225,40,0.025552654379508186,42,0.022927803485214948,39
2022-10-14,0.02538284276278822,42,0.026635545035013423,43,0.02302442818653254,39
2022-10-17,0.0273011478008605,44,0.02676004433605012,43,0.02357559802857541,40
2022-10-18,0.023974280982530086,41,0.0218698559405553,37,0.02415992036652255,40
2022-10-19,0.025412031867168797,42,0.021054724550059252,36,0.023959720986554734,40
2022-10-20,0.019972456321329383,36,0.02045799095354129,35,0.023917958137116647,40
2022-10-21,0.0216104007112838,38,0.023934776532331458,40,0.02539872812878432,42
2022-10-24,0.021415612542422892,38,0.02369686072855146,40,0.023982608656934815,40
2022-10-25,0.02079675659656007,37,0.021173457748578886,36,0.023097482624524966,39
2022-10-26,0.018307903693730726,33,0.02097968230133722,36,0.022775924300602976,39
2022-10-27,0.016694906917391502,30,0.018846298777299177,32,0.022028454198963973,37
2022-10-28,0.0034561981608611215,0,0.014963614053643543,23,0.021538657323970554,36
2022-10-31,0.0035235682957915153,0,0.014677758937158603,22,0.021165984716133453,36
2022-11-01,0.0036031386167587128,0,0.014117191982612,21,0.02098263148808905,35
2022-11-02,0.004488324740644726,0,0.013062067587921602,17,0.018274358626968884,31
2022-11-03,0.006609347363071148,3,0.013010485132016313,17,0.017550459785705037,29
2022-11-04,0.010731189766464368,14,0.007527782136817032,1,0.017443021922257836,29
2022-11-07,0.010806259135426327,14,0.007591243791310876,1,0.016877981517555544,27
2022-11-08,0.011092998585315785,15,0.007787139626696787,2,0.016738715598222664,27
2022-11-09,0.01277326718431943,20,0.0090527170798228,5,0.015637939950364103,23
2022-11-10,0.019736001247529986,35,0.01477471488738882,23,0.017314991273028855,29
2022-11-11,0.019103790696081133,34,0.014907488804274805,23,0.016182577347929706,25
2022-11-14,0.021608961250963742,38,0.016109625309423364,26,0.01483480862001555,21
2022-11-15,0.021851776242408583,38,0.01635885750153565,27,0.014788028667413028,21
2022-11-16,0.021170931802375705,37,0.016632733940161355,27,0.014721936922434006,20
2022-11-17,0.010333077032018386,12,0.016993245572600506,28,0.014722507919142397,20
2022-11-18,0.0037241179491717103,0,0.01608792126351596,26,0.014661118778678045,20
2022-11-21,0.003589183655534301,0,0.01591325575422228,26,0.012115795603504642,11
2022-11-22,0.006066865715606473,2,0.015978434127139507,26,0.012098874761846009,11
2022-11-23,0.0063997337403750975,3,0.015505909509577398,25,0.012070332364625017,11
2022-11-25,0.004291450910905535,0,0.007740819957718905,2,0.01205524846472592,11
2022-11-28,0.01059140788574371,13,0.00790407999121224,2,0.013124617797265887,15
2022-11-29,0.01061806928053454,13,0.007637831663407527,1,0.013014915719736451,15
2022-11-30,0.010110552363077525,12,0.007869265495418859,2,0.01300591227616693,15
2022-12-01,0.010089368357937273,11,0.0081511683625984,3,0.013157907660742525,15
2022-12-02,0.009342194991691165,9,0.008336418482349112,3,0.013464455902275253,16
2022-12-05,0.011874768212222027,17,0.011297467372778286,11,0.014723324413042969,20
2022-12-06,0.01269424742645173,20,0.012959437900373957,17,0.014821822861587852,21
2022-12-07,0.008770367728469133,7,0.011979326027327788,14,0.014669375800905266,20
2022-12-08,0.0089906431582147,8,0.011168537544822457,11,0.014671824121691131,20
2022-12-09,0.011706967235062987,17,0.010684499421645698,9,0.014648161526351946,20
2022-12-12,0.012930245464583826,21,0.011720678764243157,13,0.010758303666807573,6
2022-12-13,0.010100819892327365,11,0.01315964633032725,18,0.010499025016901694,6
2022-12-14,0.01499196833683008,26,0.013811671554246573,20,0.011372137134438132,9
2022-12-15,0.020185747687857174,36,0.015519483080343559,25,0.012704897827207596,14
2022-12-16,0.019817298242978443,35,0.015519340100435944,25,0.012747612792774215,14
2022-12-19,0.017223515141070095,31,0.014685161929215302,22,0.012739421292602682,14
2022-12-20,0.01212389469957883,18,0.013693776260575927,19,0.012755944397946155,14
2022-12-21,0.016537137959371034,29,0.015210134137256952,24,0.013477232620480185,16
2022-12-22,0.01159509805006946,17,0.015558679265331821,25,0.013252997682274089,16
2022-12-23,0.010798395867306314,14,0.01544591540502264,24,0.013056898447867582,15
2022-12-27,0.01157711809257428,16,0.014598524220033887,22,0.01280226684517485,14
2022-12-28,0.011577872264039805,16,0.012681197484416894,16,0.012575358938294178,13
2022-12-29,0.008198366712221333,6,0.01234091185830713,15,0.01274516696320852,14
2022-12-30,0.006400162637806453,3,0.008849447773514983,4,0.012527663051823708,13
2023-01-03,0.007733152549992084,5,0.008866516702640905,5,0.012880918728025187,14
2023-01-04,0.004942543435237393,1,0.008768411451504208,4,0.013000759231115197,15
2023-01-05,0.008012325954596082,6,0.009594923872022636,6,0.012332657529105515,12
2023-01-06,0.009163065664071494,9,0.008899073069452196,5,0.01195511205873026,10
2023-01-09,0.010209617472124078,12,0.008805712803030224,4,0.012353785480587737,12
2023-01-10,0.010632492861541883,13,0.00931156773343759,6,0.012637123003732953,14
2023-01-11,0.01205846121489778,18,0.009280455553737655,5,0.013358690414724279,16
2023-01-12,0.003070540129754884,0,0.008956294649550212,5,0.013528510444884683,16
2023-01-13,0.0034214053979329823,0,0.008991285562216369,5,0.013337823769459571,16
2023-01-17,0.035469073593397724,49,0.024866854960493737,41,0.018942154487172028,32
2023-01-18,0.03466154690579454,49,0.02480469823017003,41,0.017827292224343594,30
2023-01-19,0.032629144888263656,48,0.024811969709473667,41,0.01770311028057985,29
2023-01-20,0.030704676619286782,46,0.02597100416471296,42,0.01857289472746411,31
2023-01-23,0.03317565675027374,48,0.026594011324637495,43,0.019159716192316094,32
2023-01-24,0.016820981021618758,30,0.026171386797478335,43,0.018828566437521833,32
2023-01-25,0.016899412767811976,30,0.025821914641426177,42,0.01860410695719482,31
2023-01-26,0.0181795082387089,32,0.025424486606642673,42,0.018870173228653836,32
2023-01-27,0.010998724937945072,15,0.024686274117422424,41,0.01871882822917152,32
2023-01-30,0.008150026965194524,6,0.0246629903745655,41,0.018777860237230822,32
2023-01-31,0.01037122123399176,12,0.014326379679797661,21,0.019303071198860787,33
2023-02-01,0.011094626218412427,15,0.014228864215043852,21,0.019304196703718083,33
2023-02-02,0.010612367159032248,13,0.014335863526568092,21,0.019335634568365682,33
2023-02-03,0.00943093416849992,10,0.00972622976313754,6,0.019338901358713842,33
2023-02-06,0.009812451992689451,11,0.00861730345385368,4,0.019055549391229117,32
2023-02-07,0.004957429636717229,1,0.008142445001067504,3,0.018999851468234203,32
2023-02-08,0.004495042755222093,0,0.008252985095402383,3,0.018849473608088307,32
2023-02-09,0.010737278707053377,14,0.011090576755444084,11,0.019311027297592258,33
2023-02-10,0.01161116080851704,17,0.010886972677514385,10,0.01893438844856674,32
2023-02-13,0.011994202613228908,18,0.010744992828447597,9,0.01872641792002255,32
2023-02-14,0.0114447238604209,16,0.008898414648071219,5,0.01862637222675115,31
2023-02-15,0.012003792982295845,18,0.009013196737540028,5,0.011434986527313068,9
2023-02-16,0.00911597321960014,9,0.009448315319219192,6,0.011800969028533236,10
2023-02-17,0.008219869422575339,6,0.009557817479323908,6,0.011902007720644824,10
2023-02-21,0.00982103683576272,11,0.011315908361457858,11,0.011317107758589023,8
2023-02-22,0.01023574917310807,12,0.010511521044207118,9,0.01048957671200251,5
2023-02-23,0.010379391074490022,12,0.010961876874579442,10,0.01051954308154477,6
2023-02-24,0.010234913264223489,12,0.00945942313408148,6,0.010515833869201682,6
2023-02-27,0.010783427286645693,14,0.009039523734644724,5,0.010089385293772976,5
2023-02-28,0.018608979066096727,33,0.014059641481739332,20,0.013244069630352953,16
2023-03-01,0.01888251387545881,34,0.014366996061187272,21,0.01339840281034233,16
2023-03-02,0.01907989384145314,34,0.014523719563154324,22,0.01236812198954043,12
2023-03-03,0.023618997710750173,40,0.01716090580243016,29,0.013522613795692123,16
2023-03-06,0.023304347731699284,40,0.017186676230357197,29,0.013275190762484847,16
2023-03-07,0.020788497666160047,37,0.018634863086424303,32,0.014695722833612345,20
2023-03-08,0.020025359808434503,36,0.0190966681276936,33,0.014900543430061497,21
2023-03-09,0.02181945395056939,38,0.019441916581610413,33,0.015102215863438344,22
2023-03-10,0.021269493091944272,37,0.022326746434243632,38,0.017138680283063774,28
2023-03-13,0.020402108300528347,36,0.023136169793135354,39,0.018233260722195964,30
2023-03-14,0.028019066270097023,45,0.023957748724701716,40,0.018944489075409927,32
2023-03-15,0.02534154077023207,42,0.024939085192121933,41,0.019373623595836796,33
2023-03-16,0.029000111067304008,45,0.025022487681746627,41,0.019751358603085748,33
2023-03-17,0.027840448396796915,45,0.02338062312234075,40,0.020422169901134435,34
2023-03-20,0.028093045542357725,45,0.025603204236688534,42,0.021404043547073006,36
2023-03-21,0.0290070842160783,45,0.0275277671695464,44,0.022601475740060824,38
2023-03-22,0.025340075694959076,42,0.026827937094373137,43,0.022427584452708708,38
2023-03-23,0.025017768322209807,42,0.026901301931737606,44,0.02250493687728645,38
2023-03-24,0.016073262076073257,28,0.0240851546338239,40,0.022289003321173024,38
2023-03-27,0.015932949737359692,28,0.022087953899828077,38,0.02295152744246275,39
2023-03-28,0.011796407885113644,17,0.020956781488496078,36,0.02286227479360382,39
2023-03-29,0.009754152973321644,10,0.018184469554797744,31,0.02183371076000135,37
2023-03-30,0.00986117742272787,11,0.018045017840972528,30,0.021706795903060152,37
2023-03-31,0.00924496227946403,9,0.01247510480835613,15,0.022095833259207637,37
2023-04-03,0.008324159553161299,6,0.011992727104227689,14,0.021299934712647163,36
2023-04-04,0.011251270471661528,16,0.010913623599568111,10,0.02134586216669421,36
2023-04-05,0.011197579162160447,15,0.010115437549101214,7,0.02048902177227315,35
2023-04-06,0.011238451478386341,15,0.010106583649682593,7,0.020337074342560112,34
2023-04-10,0.007378180211425921,4,0.009623025404293196,6,0.020096419815215216,34
2023-04-11,0.008312623558557154,6,0.008185360423066132,3,0.01797416915523131,30
2023-04-12,0.005127368445294585,1,0.008309522248200129,3,0.015891212355094084,24
2023-04-13,0.0024006257161785253,0,0.008254834826664292,3,0.015329145097781842,22
2023-04-14,0.003305867047495368,0,0.008880246950222206,5,0.013623184743330791,17
2023-04-17,0.0032903816690873044,0,0.007609699989401747,1,0.01360286582421379,17
2023-04-18,0.012168763870637169,18,0.009993966770942444,7,0.011141576784502887,8
2023-04-19,0.01218433426203409,18,0.008818806703796206,4,0.010646641684995732,6
2023-04-20,0.012174193433564524,18,0.008378329270058198,3,0.009517811338588464,3
2023-04-21,0.01117779603016329,15,0.008390804570404796,3,0.008977731893167848,2
2023-04-24,0.0110212860658661,15,0.008366032442555264,3,0.008995235825193678,2
2023-04-25,0.009267962917553767,9,0.010203670528783404,8,0.00944232144011233,3
2023-04-26,0.009922995441230474,11,0.010708446408339005,9,0.009158346746229626,2
2023-04-27,0.011974972861579622,18,0.011445072652357785,12,0.009511206299226842,3
2023-04-28,0.011578350794704154,16,0.010768805728517223,9,0.009483910455358766,3
2023-05-01,0.011706968467989949,17,0.010976119141801298,10,0.009814529575703508,4
2023-05-02,0.013974107906619656,23,0.011754801641702776,13,0.010437735861753054,5
2023-05-03,0.014679722221555407,25,0.012048606171650872,14,0.010937250539555287,7
2023-05-04,0.01133157087678097,16,0.013211447604544667,18,0.011747392272183573,10
2023-05-05,0.016427285338930665,29,0.014544214709948176,22,0.012356372758849371,12
2023-05-08,0.016836454398268554,30,0.014075845100248653,21,0.012359907896071439,12
2023-05-09,0.015225475986873791,26,0.013802377617355144,20,0.01230906824457356,12
2023-05-10,0.014472348968166895,24,0.01375292472679246,20,0.012275147422138456,12
2023-05-11,0.010377571931332442,12,0.011999496735212653,14,0.01212574512060258,11
2023-05-12,0.002034230317928485,0,0.01134572885624738,11,0.012026809415127819,11
2023-05-15,0.006113601050512912,2,0.012296109607630326,15,0.011672627177399352,10
2023-05-16,0.005994075222621321,2,0.010999958353708629,10,0.011436556193735133,9
2023-05-17,0.014712744838434787,25,0.014457799398624504,22,0.012892134513910119,14
2023-05-18,0.014117292057246468,24,0.0120791420400298,14,0.012713201185901756,14
2023-05-19,0.01545575638080895,27,0.011394280782575589,11,0.012785043912333902,14
2023-05-22,0.015627770203494068,27,0.011444767603908597,12,0.012564150819633767,13
2023-05-23,0.015650535592597853,27,0.011394829205674552,11,0.012395696459104735,12
2023-05-24,0.004366142640662755,0,0.011792689053332266,13,0.012341634433697905,12
2023-05-25,0.009713785440687144,10,0.012367649210125758,15,0.012709480981715688,14
2023-05-26,0.014931001245375485,26,0.014329702169646932,21,0.01354075418566824,17
2023-05-30,0.014904300771625396,25,0.01442961568263754,22,0.013461383118409756,16
2023-05-31,0.0185602974642754,33,0.016203904140619237,26,0.014040886576813492,18
2023-06-01,0.020978173350228814,37,0.014471175373520433,22,0.014182244070861215,19
2023-06-02,0.023144780113716307,40,0.016836080540437014,28,0.0149315547860557,21
2023-06-05,0.018437681162937796,33,0.016629272443310385,27,0.014130216139380493,19
2023-06-06,0.020898103076403666,37,0.017399477202575755,29,0.013987152580988219,18
2023-06-07,0.021276228846856836,37,0.019186157086551893,33,0.015193758805849712,22
2023-06-08,0.014539040073346618,25,0.01850998697408224,31,0.015125148569111551,22
2023-06-09,0.013575502219031983,22,0.018323279272259102,31,0.014999874659873682,21
2023-06-12,0.011366145787890842,16,0.016963293122515502,28,0.014993955290264031,21
2023-06-13,0.011063444964211003,15,0.016936856976221874,28,0.014969046242248476,21
2023-06-14,0.008908756131023043,8,0.01567582155145229,25,0.015290945163728724,22
2023-06-15,0.008834386080227097,8,0.012354219849415728,15,0.015222749226666644,22
2023-06-16,0.009359025449526453,9,0.0114692734869454,12,0.014028838164868905,18
2023-06-20,0.012487528819844445,19,0.014053676847374363,20,0.014945893941555682,21
2023-06-21,0.01042377435162057,13,0.014555651307252383,22,0.015252271278295074,22
2023-06-22,0.010839757645602887,14,0.011582561287988204,12,0.015675149631318146,24
2023-06-23,0.006699713128635384,3,0.011916721320895893,13,0.015981889452049137,25
2023-06-26,0.005399205423349063,1,0.011585645887175205,12,0.015871808415503737,24
2023-06-27,0.00882372030096237,8,0.010594846750573322,9,0.01559796601135036,23
2023-06-28,0.009147466348589902,9,0.009403957342479476,6,0.014382962333521494,20
2023-06-29,0.01716056580549396,31,0.01532439645704266,24,0.016046779483209914,25
2023-06-30,0.014573998893139125,25,0.015082856617970708,23,0.015386868169532136,23
2023-07-03,0.012952720432558636,21,0.016095544792217933,26,0.0146688934281659,20
2023-07-05,0.01855289820746571,33,0.015801176346476358,25,0.014547809367299793,20
2023-07-06,0.022104138374901067,39,0.016352862381419263,27,0.015262432945174592,22
2023-07-07,0.015661098746152635,27,0.01594104875483517,26,0.014903380146193619,21
2023-07-10,0.016162911114281173,29,0.015215901421660127,24,0.013431534228553761,16
2023-07-11,0.01650209591140504,29,0.015448858649555556,24,0.013913574001124446,18
2023-07-12,0.015484437221147724,27,0.016111096024370542,26,0.014519690319776566,20
2023-07-13,0.005482749979724953,1,0.016082261103260127,26,0.014403961428490791,20
2023-07-14,0.009655125954303657,10,0.013748966749353426,20,0.014261845360356414,19
2023-07-17,0.009740513193154887,10,0.013726312085251706,20,0.014127486484567157,19
2023-07-18,0.01456997972264238,25,0.01631447482501246,27,0.015764529208425346,24
2023-07-19,0.014032123402284545,23,0.014137573198027735,21,0.015881463540609906,24
2023-07-20,0.016928045823928806,30,0.01199894832014759,14,0.016247417717673383,25
2023-07-21,0.014068492850293608,23,0.012219317950515838,14,0.015586885944288148,23
2023-07-24,0.01228643758565688,19,0.012221054985609384,14,0.01519070440117165,22
2023-07-25,0.01603655765486933,28,0.014444786229145381,22,0.014970290009536018,21
2023-07-26,0.01606685184767576,28,0.014237591068618332,21,0.014661568146554173,20
2023-07-27,0.012804519558926855,20,0.015316309094212041,24,0.015017637545680914,21
2023-07-28,0.013026560709401112,21,0.014923237648869821,23,0.01512208464853423,22
2023-07-31,0.009103321783341656,9,0.014824199693752519,23,0.014075639477610705,19
2023-08-01,0.007397979138315433,4,0.012599500770110095,16,0.013998890052368474,18
2023-08-02,0.010565748173229934,13,0.014660131918389952,22,0.014781591203175425,21
2023-08-03,0.010842736660399758,14,0.011286314528695593,11,0.013755811403476875,17
2023-08-04,0.01072150695031418,14,0.011254455107706772,11,0.012375784740054921,12
2023-08-07,0.010580131999405834,13,0.009340675853143632,6,0.012374613536034078,12
2023-08-08,0.01325902093745966,21,0.010772480628124075,9,0.013648643638008924,17
2023-08-09,0.012666654234314121,20,0.011014052575502585,10,0.01418347546391068,19
2023-08-10,0.011188379388875971,15,0.010948344778820092,10,0.013963079553486916,18
2023-08-11,0.011326395159416677,16,0.011061612358999376,10,0.013919358890316355,18
2023-08-14,0.00835849727587745,7,0.010439788177557028,9,0.013962189292967938,18
2023-08-15,0.00720080890476887,4,0.01028784792022087,8,0.01450427242391695,20
2023-08-16,0.006218331988622327,2,0.009563328588177643,6,0.012916723611279936,15
2023-08-17,0.006372472043779351,3,0.008586327693785057,4,0.01269621918229975,14
2023-08-18,0.004246048548240383,0,0.008156358507082462,3,0.01040323819796863,5
2023-08-21,0.004243869570585523,0,0.006261838821966272,0,0.01034359424092689,5
2023-08-22,0.0020572687441246036,0,0.0050298989017111394,0,0.008826899569326325,2
2023-08-23,0.008735667518570588,7,0.007440330963143456,1,0.009417672513925552,3
2023-08-24,0.008858607273525198,8,0.007449360710737752,1,0.00897973045520313,2
2023-08-25,0.00888764409632625,8,0.00741032042362745,1,0.009033064604003936,2
2023-08-28,0.0120486626637411,18,0.010585685111158366,9,0.01033465667324671,5
2023-08-29,0.011734918533145887,17,0.011876464108874534,13,0.011348504109533145,9
2023-08-30,0.014641657933965392,25,0.012133871738337729,14,0.011333459809765987,9
2023-08-31,0.013865593814885953,23,0.012058592669759729,14,0.010834299170764389,7
2023-09-01,0.014000878341446801,23,0.011740178618232448,13,0.010648943011490311,6
2023-09-05,0.012978290388739834,21,0.011972263644498368,14,0.010737514082680292,6
2023-09-06,0.0049591012666868155,1,0.011783084386724268,13,0.010480762316493007,5
2023-09-07,0.005530591207731072,1,0.011250719250667144,11,0.009944607012834587,4
2023-09-08,0.008818286845560575,8,0.011429300477159168,12,0.01002222240650725,4
2023-09-11,0.00883430894990753,8,0.011513423900489875,12,0.009974579712482171,4
2023-09-12,0.010888845664388492,14,0.011690147309278223,13,0.011009711770777402,7
2023-09-13,0.008611380033621446,7,0.010503378849258874,9,0.011257139283439514,8
2023-09-14,0.011517421318595513,16,0.012659193678512185,16,0.012286741128863243,12
2023-09-15,0.014582814851342621,25,0.01291125709200487,17,0.012152941730864996,11
2023-09-18,0.01361545023071916,22,0.012799669943566043,16,0.01205243397538391,11
2023-09-19,0.014218804508256652,24,0.011996194242033242,14,0.011920661969160588,10
2023-09-20,0.016589554199325913,29,0.013053331664161375,17,0.012296747728929639,12
2023-09-21,0.008668035914252843,7,0.015119882225621585,23,0.012893628912857738,14
2023-09-22,0.008595399196960016,7,0.015088539828375548,23,0.012846377092399056,14
2023-09-25,0.008795093027751933,8,0.01504772555753481,23,0.012711437721596098,14
2023-09-26,0.008812533023968125,8,0.014440551916120021,22,0.013221439791386276,16
2023-09-27,0.008637927038820216,7,0.013541920648680582,19,0.012652384704376506,14
2023-09-28,0.009763889332380043,10,0.009157110694523761,5,0.012001770355932516,11
2023-09-29,0.009587694976598966,10,0.009159619814717293,5,0.011779134079813498,10
2023-10-02,0.010474737210239973,13,0.009193404180001037,5,0.012223046730990113,12
2023-10-03,0.018073820047730775,32,0.013405990700786637,18,0.014717359566175071,20
2023-10-04,0.020043617425786437,36,0.014554101338032454,22,0.014789758449642271,21
2023-10-05,0.01920121460951745,34,0.014707713950140942,22,0.014831500808267853,21
2023-10-06,0.020436996154921522,36,0.015208991649082996,24,0.01490657042369736,21
2023-10-09,0.019948241604390345,36,0.01509112014320306,23,0.014643480890450478,20
2023-10-10,0.002989965541083622,0,0.015035132001950018,23,0.014764459186745887,21
2023-10-11,0.005396743250928602,1,0.01503043830735113,23,0.014005293241183511,18
2023-10-12,0.00743738783038864,4,0.01446669507176332,22,0.013665737866981198,17
2023-10-13,0.006402821720926994,3,0.014495808793841387,22,0.011520935028057427,9
2023-10-16,0.01058545152645058,13,0.015261478513736767,24,0.012436533265956723,13
2023-10-17,0.012304307864154677,19,0.009681195896937403,6,0.012613477838480772,13
2023-10-18,0.015447882068872279,27,0.012100079004159062,14,0.013277408693513173,16
2023-10-19,0.015406577660334769,27,0.01190640362229244,13,0.013129363111174039,15
2023-10-20,0.015923542465566026,28,0.011627258996864261,12,0.012861528310075202,14
2023-10-23,0.01058682308084163,13,0.011536473930623597,12,0.012851895013427653,14
2023-10-24,0.010640597001547335,13,0.01097695294773258,10,0.012784243047085022,14
2023-10-25,0.005141439794411611,1,0.011020013078812264,10,0.012573790665911435,13
2023-10-26,0.0042186094567973256,0,0.01102486220415511,10,0.012610584414462693,13
2023-10-27,0.010125268717642046,12,0.012588187254514776,16,0.012917059721578042,15
2023-10-30,0.022610834717013906,39,0.01763787338949817,30,0.015972953789145792,25
2023-10-31,0.02285211508657258,40,0.017577242464525192,29,0.015936673034303836,25
2023-11-01,0.02212037978281237,39,0.016131472653232812,26,0.01378714740006438,18
2023-11-02,0.022572823763596775,39,0.016712131197633574,28,0.014461165590375077,20
2023-11-03,0.015538211937051924,27,0.020769032638399108,36,0.01726196232859758,28
2023-11-06,0.02018814324446537,36,0.021473068867704503,37,0.01750388744314442,29
2023-11-07,0.02122940476222716,37,0.021462174019603007,37,0.017505207087397855,29
2023-11-08,0.021851249662962362,38,0.02084452130347037,36,0.01746678206219122,29
2023-11-09,0.022972969145092493,40,0.021751923969343223,37,0.017641222928339945,29
2023-11-10,0.010921631725334582,14,0.018694583516707216,32,0.017669649756815144,29
2023-11-13,0.009452912140099941,10,0.01640287308868413,27,0.01764591503615425,29
2023-11-14,0.01780320549596027,32,0.018599879524809893,32,0.018886213014997953,32
2023-11-15,0.018466711771490646,33,0.019148498631795643,33,0.018420824670670976,31
2023-11-16,0.01641007978837894,29,0.019018354850722157,33,0.01734559347640475,29
2023-11-17,0.016185223666120224,29,0.01396838859777554,20,0.01702685095617167,28
2023-11-20,0.016481834786315534,29,0.013028234582598375,17,0.017053190396473572,28
2023-11-21,0.007501423283680257,5,0.014185996535581549,21,0.017469057369187604,29
2023-11-22,0.009438022369823423,10,0.0143643739001102,21,0.01745683358856994,29
2023-11-24,0.009243995615014254,9,0.013299893538983316,18,0.017191546004377674,28
2023-11-27,0.008825422852608946,8,0.013214488145494203,18,0.01730990406565861,28
2023-11-28,0.008792411802120707,8,0.013270029894213525,18,0.015969697103999824,25
2023-11-29,0.00613165828466029,2,0.007048800445562075,1,0.014391427333710273,20
2023-11-30,0.0044589107824755635,0,0.00698141739978921,1,0.014378997215649282,20
2023-12-01,0.009360878452674644,9,0.009013691078796354,5,0.0146712970845064,20
2023-12-04,0.007968306247805238,6,0.008903352402376366,5,0.014253915054817405,19
2023-12-05,0.015289623939675211,26,0.011905605234978306,13,0.012396427522386063,12
2023-12-06,0.015010769002707047,26,0.010864279319398621,10,0.012018469410513067,11
2023-12-07,0.015291268997644672,26,0.010619147914077956,9,0.012053301346668318,11
2023-12-08,0.014665105389832778,25,0.011787594018408398,13,0.012483979239409911,13
2023-12-11,0.014662875601047662,25,0.011484879840108965,12,0.011979904366135717,11
2023-12-12,0.007068344733698626,4,0.01140544405180833,11,0.011750959507144887,10
2023-12-13,0.011318311118749546,16,0.013768149640750032,20,0.012940625036901174,15
2023-12-14,0.022670924865678763,39,0.021032781343106922,36,0.01593731252212705,25
2023-12-15,0.026363347330682164,43,0.021645689259555477,37,0.016095070473337265,25
2023-12-18,0.0287288406242396,45,0.022491903203924645,38,0.016402626773373903,26
2023-12-19,0.027997481661209637,45,0.02001435787817702,34,0.016562153065590893,26
2023-12-20,0.02966446557998818,46,0.02124893739454375,36,0.017033606150985512,28
2023-12-21,0.012801444607741517,20,0.021245073195697486,36,0.016508619690247833,26
2023-12-22,0.012312765986675318,19,0.021260452492810916,36,0.01652112455604958,26
2023-12-26,0.01068915051900797,14,0.021264357519078625,36,0.016509675877968668,26
2023-12-27,0.008492430961832957,7,0.021166421480439523,36,0.01635202628569601,26
2023-12-28,0.0033307471274876678,0,0.01999577351242712,34,0.016287964576060555,26
2023-12-29,0.003668348232251962,0,0.009146408611125735,5,0.016382990260967064,26
