date,sigma_t_w5,X_t_vol_w5,sigma_t_w10,X_t_vol_w10,sigma_t_w21,X_t_vol_w21
1999-07-06,0.015353945959645952,29,0.0164374438865443,29,0.01889173294808477,34
1999-07-07,0.014761727808975602,27,0.016090417635291576,28,0.01849996396483078,33
1999-07-08,0.016893824778104145,31,0.017326225912078313,31,0.018798212317558658,34
1999-07-09,0.0173594017469254,32,0.016302157271852594,28,0.019350310477971665,34
1999-07-12,0.01802385126497301,33,0.01614792857168889,28,0.018995544547113816,34
1999-07-13,0.016989013011688165,32,0.016137925064527214,28,0.01894341272395161,34
1999-07-14,0.017494261517394596,32,0.015604383404924718,27,0.017399515183213265,31
1999-07-15,0.020506160395912375,37,0.018430784654057803,33,0.01875153131172455,33
1999-07-16,0.01866401283865025,34,0.017047250082730902,30,0.016186043493254115,28
1999-07-19,0.018609198739488846,34,0.01733819999158275,31,0.01613954553409207,28
1999-07-20,0.011994306045129096,21,0.016349471360839037,29,0.015948042839603205,27
1999-07-21,0.012244519700459255,21,0.016298238980475412,28,0.015552288347898957,26
1999-07-22,0.005800357603743127,4,0.014220520667949918,24,0.015382006274530924,26
1999-07-23,0.005639214617390438,3,0.013107682234726914,21,0.015109926213005985,25
1999-07-26,0.004453741402744053,1,0.013014915190017363,21,0.014325549733404674,23
1999-07-27,0.0034031209280002707,0,0.010478381893226965,13,0.013994665141484754,22
1999-07-28,0.00841488116953799,11,0.013108282942017461,21,0.014046008736960276,22
1999-07-29,0.010059188486864863,15,0.010847002825612939,14,0.014600552801260843,24
1999-07-30,0.009237155465294451,13,0.012459785885115551,19,0.015209153948463054,25
1999-08-02,0.01130883747974848,19,0.01091249173979513,15,0.01469156133632895,24
1999-08-03,0.013281676956834227,24,0.010673896520936053,14,0.014736330294755223,24
1999-08-04,0.012445162721999067,22,0.010240859792588814,13,0.013997069304908029,22
1999-08-05,0.01366956937796091,25,0.011321985826077874,16,0.01491913353032149,24
1999-08-06,0.012351613150629378,22,0.010678212723081115,14,0.01466249648719544,24
1999-08-09,0.01248219492272729,22,0.011436714902289155,16,0.013651561389244005,21
1999-08-10,0.010340248094786763,16,0.011263017227516164,16,0.013973410056335522,22
1999-08-11,0.013664376980690514,25,0.012323309246494172,19,0.013679863385629777,21
1999-08-12,0.014716792703076596,27,0.014240337014325847,24,0.014313065903339254,23
1999-08-13,0.024245630341341487,41,0.021033900969051944,37,0.016670809047738693,29
1999-08-16,0.027430877411543736,43,0.021825625921191003,38,0.01700580822756778,30
1999-08-17,0.027934468753870158,44,0.026611932340070397,42,0.0199147030356781,35
1999-08-18,0.03718621992352848,48,0.028902409413732587,44,0.021066253123137327,36
1999-08-19,0.0389358243687946,49,0.027998789960722137,44,0.021196973356931638,36
1999-08-20,0.03225060373225493,47,0.02762387996219102,43,0.02162187254354439,37
1999-08-23,0.03345607245457693,47,0.0288598124393221,44,0.02294743604973846,38
1999-08-24,0.0258942491717807,42,0.02752377876037723,43,0.022937796728645096,38
1999-08-25,0.01793653943715168,33,0.027658696065433235,43,0.022938008072574435,38
1999-08-26,0.016023866514951614,30,0.028105191518019757,44,0.02261401270860791,38
1999-08-27,0.015994124475570626,30,0.024167072049460104,41,0.02212577197116738,37
1999-08-30,0.02001605371216986,36,0.028078259899568032,44,0.02386228741375646,39
1999-08-31,0.024234089501370765,41,0.0239647737010291,40,0.02430003687653066,40
1999-09-01,0.025104439070138068,42,0.02165623075314798,38,0.024353314175074213,40
1999-09-02,0.031476350997312816,46,0.026213840514494213,42,0.026438291852610492,42
1999-09-03,0.036564047652270434,48,0.027356407604851415,43,0.026536866473346337,42
1999-09-07,0.03395295916442687,47,0.026447682508912624,42,0.027507108767895597,43
1999-09-08,0.031134480758730414,46,0.026331235924520798,42,0.027505109508896154,43
1999-09-09,0.029590542252813403,45,0.0261324776142326,42,0.027258591132712888,43
1999-09-10,0.023422955612092632,40,0.026990149110835165,43,0.027349298526949974,43
1999-09-13,0.017221530194794776,32,0.02694687675859082,43,0.02715230464232467,42
1999-09-14,0.013081656668867367,24,0.02425946054469339,41,0.02519148122455113,40
1999-09-15,0.016693916100448337,31,0.02386915612492205,40,0.025383034311894558,41
1999-09-16,0.017576013753133966,33,0.02343287908231779,40,0.022825523575056173,38
1999-09-17,0.015196289676536247,28,0.0189654711989348,34,0.021882765071161884,37
1999-09-20,0.01684221431856226,31,0.016187120694434388,28,0.021884756026147863,37
1999-09-21,0.019546256895116087,35,0.01567995629145373,27,0.022358565148959092,37
1999-09-22,0.014963121300775392,28,0.015599864541571843,27,0.020654950194779968,36
1999-09-23,0.014833117059210314,27,0.015599107856524302,27,0.020554246693664985,36
1999-09-24,0.026709901504936892,43,0.020934555812416954,37,0.02299408086706008,38
1999-09-27,0.030285395975723262,45,0.02320497620004896,40,0.02388494085976756,39
1999-09-28,0.02717480349874043,43,0.022443264643992652,39,0.02395251095063532,39
1999-09-29,0.0276459156166131,44,0.021383130462876095,37,0.022272647083222363,37
1999-09-30,0.03057791009866159,45,0.023763544877848465,40,0.022781593484714445,38
1999-10-01,0.0234890154089452,40,0.023982297369465805,40,0.02265292262092944,38
1999-10-04,0.025722136639084646,42,0.02810660605802444,44,0.02299124594542779,38
1999-10-05,0.02785999065381214,44,0.026248220801300168,42,0.02215720395263743,37
1999-10-06,0.02744618478687662,43,0.027661483818745117,43,0.022253165808051006,37
1999-10-07,0.031354503348631046,46,0.029197946583177894,45,0.022922071428440802,38
1999-10-08,0.03628646193803389,48,0.03169943354286,46,0.026058058566318914,41
1999-10-11,0.03403987372259129,47,0.028443683987946153,44,0.025959780720859853,41
1999-10-12,0.032162973354489706,46,0.028549490660191287,44,0.02586762131799604,41
1999-10-13,0.034540172212313765,48,0.030595991424117293,45,0.026261424167948463,41
1999-10-14,0.0334388332014586,47,0.030630019774975623,45,0.026335549797611633,41
1999-10-15,0.017312233239834232,32,0.03317395027037137,47,0.02754072750400309,43
1999-10-18,0.014875895009550196,27,0.029630803315631227,45,0.027697575362377058,43
1999-10-19,0.029916527264170108,45,0.0323278884240183,46,0.028910356566756612,44
1999-10-20,0.03356797536550971,47,0.032111907663605985,46,0.028745741292431636,44
1999-10-21,0.03223007582566265,46,0.031005491551696306,46,0.028684701799587882,44
1999-10-22,0.02111806038776584,38,0.025168448264427885,41,0.02867968378837908,44
1999-10-25,0.016501691226856227,31,0.02516989006807764,41,0.0274712854262523,43
1999-10-26,0.019688485672938637,36,0.025940027407084818,42,0.02671881718611492,42
1999-10-27,0.0218526871310185,39,0.027039458325283365,43,0.02778385813829804,43
1999-10-28,0.03195527731099905,46,0.031039126453898874,46,0.029880630169609377,45
1999-10-29,0.035685362189863325,48,0.02818436549917029,44,0.031238042752612338,46
1999-11-01,0.03597583343469582,48,0.026673798888660137,42,0.03096386574136458,46
1999-11-02,0.040635890055091904,49,0.03132981702641792,46,0.03138531046319515,46
1999-11-03,0.04222942636715743,50,0.03180365530615181,46,0.03137771739619343,46
1999-11-04,0.03399170036226762,47,0.031910066415110586,46,0.030886714513743682,46
1999-11-05,0.021148058927849937,38,0.03188723857660275,46,0.0301225694602781,45
1999-11-08,0.021190232290435186,38,0.03186032311071117,46,0.027919911082982703,43
1999-11-09,0.018540123250815492,34,0.0325983613921657,46,0.02876084299320548,44
1999-11-10,0.01801708054557141,33,0.031082704500955332,46,0.028783713784089664,44
1999-11-11,0.016709916019520186,31,0.025694433358106863,42,0.028091736465144637,43
1999-11-12,0.02311511224408688,40,0.02098130855268177,37,0.028240266704268057,43
1999-11-15,0.026118329247594677,43,0.02291946207103136,39,0.026516517458610726,42
1999-11-16,0.018784543173183444,34,0.01947608793360838,35,0.025873000760606467,41
1999-11-17,0.023062981015831156,40,0.019774918258209356,35,0.025782359434031357,41
1999-11-18,0.02075969055386918,37,0.01945136140403682,35,0.025409835862333665,41
1999-11-19,0.0168983156354391,31,0.019228397020827796,34,0.025453807805700657,41
1999-11-22,0.016063591673744056,30,0.02144063235658816,37,0.026474379679290127,42
1999-11-23,0.010767390742347902,17,0.020138288563259905,36,0.026816456008509636,42
1999-11-24,0.010778213021458228,17,0.02001402168827762,35,0.026372665988699615,42
1999-11-26,0.010989143088165182,18,0.019431908586835394,35,0.02526303527128073,41
1999-11-29,0.00893294504611628,12,0.01591278810563595,28,0.021802418919215912,37
1999-11-30,0.016818848332328305,31,0.015626140530022547,27,0.01884399749754573,34
1999-12-01,0.020916241646271837,37,0.01604731340508947,28,0.019936032747144464,35
1999-12-02,0.02255096103935217,39,0.017387815249808796,31,0.01890660798200382,34
1999-12-03,0.030902111021944463,46,0.024081502899480047,40,0.021277188946589917,36
1999-12-06,0.03917541802582496,49,0.02795336621423244,44,0.02333178226270905,38
1999-12-07,0.037072841844842205,48,0.027229740463989887,43,0.023364044257777643,38
1999-12-08,0.03641489493751453,48,0.027996330896737535,44,0.023972070352440367,39
1999-12-09,0.03582670360229807,48,0.028365351482714345,44,0.023523488445714176,39
1999-12-10,0.019955057798599678,36,0.028680598283653325,44,0.02358040587818051,39
1999-12-13,0.019678444130421024,36,0.029563105154616937,45,0.023905702133407192,39
1999-12-14,0.019701726163631327,36,0.028120191156006738,44,0.02268808473793761,38
1999-12-15,0.015839718387745186,29,0.026734313779771934,42,0.021669604325832887,37
1999-12-16,0.015230428581188752,28,0.02613373215583569,42,0.02119683959371014,36
1999-12-17,0.012767302922225703,23,0.020444203972158747,36,0.021426547538353935,36
1999-12-20,0.01564234305466334,29,0.018180339727151083,33,0.022572086900926953,38
1999-12-21,0.02184791631777917,39,0.02110569113946251,37,0.024461061253931035,40
1999-12-22,0.016591542780120403,31,0.017675757738868765,32,0.02379597175887671,39
1999-12-23,0.012298859749806018,21,0.018041482098325838,32,0.023884141134282753,39
1999-12-27,0.014586749484647176,27,0.015387562527342349,26,0.02375531688850982,39
1999-12-28,0.020486427066389534,37,0.017420773102734245,31,0.0240345339652695,39
1999-12-29,0.013974221303290832,26,0.017555361678421855,31,0.023940401037532266,39
1999-12-30,0.014179170069907007,26,0.015477229386370767,26,0.023494464149788556,39
1999-12-31,0.012609323572342677,22,0.015581945967638539,27,0.022170459653764258,37
2000-01-03,0.025639439748832513,42,0.024494154894606664,41,0.024752612827326163,40
2000-01-04,0.030015822261409093,45,0.027436224399723524,43,0.024273679003321932,40
2000-01-05,0.025450003661267265,42,0.02364520006143155,40,0.02229287802480221,37
2000-01-06,0.033286927400411635,47,0.02671381523199156,42,0.023337732254876425,38
2000-01-07,0.03309502260640977,47,0.02534744902552057,41,0.022461000580638598,37
2000-01-10,0.028963884005413835,44,0.025841413623976683,42,0.0232348760461504,38
2000-01-11,0.026049431495445245,43,0.026606476519042438,42,0.023818435078721178,39
2000-01-12,0.025801238572099944,42,0.02505009817826,41,0.023460619880670722,39
2000-01-13,0.023162559472164803,40,0.027265321793913215,43,0.02428339990427345,40
2000-01-14,0.025102953249283612,42,0.028312212961331247,44,0.02424151338643282,40
2000-01-18,0.023970357370588682,41,0.02541671813852531,41,0.024692728791323344,40
2000-01-19,0.030117320088832077,45,0.026561982941370552,42,0.026749938862861356,42
2000-01-20,0.031726952054932075,46,0.027379498170839702,43,0.026411833305016053,42
2000-01-21,0.02488759866288481,42,0.023129991285407946,40,0.024399571685892418,40
2000-01-24,0.019654205940358063,36,0.024567925494595765,41,0.025075870572230586,40
2000-01-25,0.03999825493508852,49,0.03157528459943306,46,0.02748845957005564,43
2000-01-26,0.04075346159867597,49,0.03435334875087869,47,0.02964328595328192,45
2000-01-27,0.035942184647646376,48,0.03452291726498547,47,0.02981894218221119,45
2000-01-28,0.03813325371230595,49,0.03341423525609375,47,0.029515300466492634,45
2000-01-31,0.029826905658280556,45,0.03796237411881269,49,0.032180027281318184,46
2000-02-01,0.03624336250494475,48,0.038581731669214046,49,0.03262818197743498,46
2000-02-02,0.035744191434581976,48,0.03631340151283655,48,0.03170612348121015,46
2000-02-03,0.04198235057891164,50,0.03708255052100571,48,0.03242554323985956,46
2000-02-04,0.048251664966155135,51,0.04141104164402991,50,0.0339737236821419,47
2000-02-07,0.037001864519069325,48,0.03867837385518655,49,0.03288632399945153,47
2000-02-08,0.03623663059397555,48,0.03581259219709105,48,0.032900645624088065,47
2000-02-09,0.03515871041474345,48,0.03349495387254989,47,0.03277344939920416,47
2000-02-10,0.020090759579187614,36,0.03304338613826633,47,0.032224361280642155,46
2000-02-11,0.008813116388209608,12,0.03284899687273315,46,0.032216186552612595,46
2000-02-14,0.014697370057162129,27,0.026544744801775565,42,0.03210828969858201,46
2000-02-15,0.01807016321568955,33,0.027041754318078547,43,0.032096003826498895,46
2000-02-16,0.018174577196973705,33,0.02639653744913234,42,0.03201789197663693,46
2000-02-17,0.021814101271609154,39,0.020081719432086923,36,0.03097847236292109,46
2000-02-18,0.023843130285635294,41,0.01751064624240634,31,0.031181288585737616,46
2000-02-22,0.021773636716083053,39,0.01751423004421104,31,0.03131648828188338,46
2000-02-23,0.017126521549420324,32,0.01747190272950885,31,0.030762717702125065,45
2000-02-24,0.010621810116366372,17,0.01743847459744388,31,0.028268629346993982,43
2000-02-25,0.013885280117430166,25,0.019437642149512158,35,0.02697668621535323,42
2000-02-28,0.03697291023593329,48,0.029511930470715007,45,0.029948936661202238,45
2000-02-29,0.03674590184141346,48,0.0285551769073103,44,0.029924095483022557,45
2000-03-01,0.038314190189335545,49,0.0285146932438581,44,0.026828142750138104,42
2000-03-02,0.03830505582087336,49,0.027352166741042055,43,0.026570505811411006,42
2000-03-03,0.03359429512285786,47,0.027156407088983175,43,0.026288809654677694,41
2000-03-06,0.019184454972106885,35,0.02878206454008335,44,0.023977074189108733,39
2000-03-07,0.019138269144708727,35,0.02879273393677417,44,0.022746413673796338,38
2000-03-08,0.01740563069744598,32,0.02861411781455458,44,0.022780362513432007,38
2000-03-09,0.03686651819512247,48,0.035471858334447604,48,0.026699709577039887,42
2000-03-10,0.03790886882100105,49,0.03417328631011524,47,0.026877436288685934,42
2000-03-13,0.03217806382897508,46,0.0272938348590528,43,0.027044019313710123,42
2000-03-14,0.03957473914606038,49,0.03441300204228086,47,0.030558343172508936,45
2000-03-15,0.048092055788371245,51,0.044800359475336816,51,0.03749239024451181,48
2000-03-16,0.05977269039086158,52,0.055040170635756454,52,0.04513776270168171,51
2000-03-17,0.0463126613395757,51,0.05438482951832235,52,0.04535402046555079,51
2000-03-20,0.06651619526729287,52,0.05535624305243819,52,0.04656546898862744,51
2000-03-21,0.06642994466540819,52,0.05456431011591386,52,0.047034368291130585,51
2000-03-22,0.061147275501946055,52,0.05198371337485388,52,0.04675593007754437,51
2000-03-23,0.04276607255617457,50,0.051843243830204826,52,0.04686367159672894,51
2000-03-24,0.04263432167477734,50,0.04839821048460892,51,0.04669726586232179,51
2000-03-27,0.029374819148808823,45,0.05048191290819529,51,0.0455707621331473,51
2000-03-28,0.0241439206825091,41,0.04999426069414321,51,0.0446631050663311,51
2000-03-29,0.02719269089834821,43,0.04579179876803375,51,0.04470890707477023,51
2000-03-30,0.017722840475782257,33,0.03248542390806919,46,0.043790508707677527,50
2000-03-31,0.021953875219639363,39,0.03261922621364158,46,0.04355159086246123,50
2000-04-03,0.03383240124372908,47,0.02989955601469563,45,0.044831668544576764,51
2000-04-04,0.03920744188449506,49,0.030925173857284573,46,0.043605183917684774,50
2000-04-05,0.04137493305192516,50,0.033111999822198215,47,0.04423950323470238,50
2000-04-06,0.04017385964717191,49,0.030313536884401963,45,0.043258460800881256,50
2000-04-07,0.04392522397007653,50,0.03274195315931501,46,0.04419949878218233,50
2000-04-10,0.03332962018293061,47,0.03407999231635748,47,0.043290719570788484,50
2000-04-11,0.030958126800593348,46,0.03354417937048786,47,0.0433399716074577,50
2000-04-12,0.02732110419169109,43,0.03305688987413855,47,0.04267465458747578,50
2000-04-13,0.026824192025424794,43,0.032962354524542936,47,0.038978353049726716,49
2000-04-14,0.03752058796723742,49,0.03869122248248648,49,0.03472221908677521,47
2000-04-17,0.04149138453351669,50,0.03548660490981151,48,0.03599811339398942,48
2000-04-18,0.0487709505900557,51,0.03860556670306533,49,0.03484735422492911,47
2000-04-19,0.051141767393425894,51,0.03881576296837344,49,0.03434942862922662,47
2000-04-20,0.05085503532007967,51,0.038432459449158296,49,0.034354144484169444,47
2000-04-24,0.033097196043498096,47,0.036417333039123215,48,0.03301661271194983,47
2000-04-25,0.034121712583505666,47,0.03836665631813727,49,0.03486668917835292,47
2000-04-26,0.03676788778482053,48,0.0407219900125891,49,0.03563422629597357,48
2000-04-27,0.036929559548871775,48,0.04213653401813231,50,0.03614832856902709,48
2000-04-28,0.036722460443342424,48,0.041849836291452135,50,0.03600308973685534,48
2000-05-01,0.03571560145303601,48,0.03452268579443084,47,0.03576603859420819,48
2000-05-02,0.018834077932414307,34,0.031313081538173235,46,0.03539600715691592,47
2000-05-03,0.019051706873446796,35,0.028875196044324092,44,0.03305351846266507,47
2000-05-04,0.02039654381679249,37,0.029516760890442837,45,0.0333467320831571,47
2000-05-05,0.022336823648838763,39,0.02931769350251415,45,0.032956416695218274,47
2000-05-08,0.02965709102186323,45,0.030990235525303594,46,0.03343391249441314,47
2000-05-09,0.031865148298724034,46,0.025264163575699956,41,0.03274873328012226,47
2000-05-10,0.025997012032696835,42,0.023261783010663034,40,0.03172195209873955,46
2000-05-11,0.017937035370010172,33,0.025199669043714176,41,0.03295260917529608,47
2000-05-12,0.01706318953111566,32,0.026499102985609053,42,0.0335417840106734,47
2000-05-15,0.017010962123328706,32,0.026528500344449684,42,0.03335666002115067,47
2000-05-16,0.021140791900622298,38,0.02696734068430429,43,0.02942149624673592,45
2000-05-17,0.02262573910624798,40,0.02345379413174518,40,0.02793472659343271,43
2000-05-18,0.018220232954429542,33,0.017814395317344613,32,0.026243877039569673,41
2000-05-19,0.01708213731280778,32,0.020457425564466267,36,0.025620354650015827,41
2000-05-22,0.020847871238462906,37,0.02005934483700844,35,0.026123797978400084,41
2000-05-23,0.02060504732783772,37,0.02049928242904507,36,0.026071586684119845,41
2000-05-24,0.01932261930703928,35,0.020018399827682352,35,0.023451132517984374,39
2000-05-25,0.017678455302579065,33,0.017314673797167102,30,0.02192804899440875,37
2000-05-26,0.013806637468010209,25,0.015328175799126242,26,0.020650052231131148,36
2000-05-30,0.008817948649355027,12,0.01511127179004852,26,0.020563981316992466,36
2000-05-31,0.009062597280589542,13,0.01501502559237389,25,0.020731682340899112,36
2000-06-01,0.014880051219889202,27,0.01625880129405668,28,0.021474380921330725,36
2000-06-02,0.014573470556268337,27,0.01629802715800855,28,0.01943285173269318,35
2000-06-05,0.020875298475293232,37,0.016706403487324717,29,0.017847454223717734,32
2000-06-06,0.02107594388982698,38,0.015239772048577281,26,0.01796229139969785,32
2000-06-07,0.02005179428890174,36,0.014950089311707049,25,0.017265959248444488,30
2000-06-08,0.022422360086852094,39,0.018732140955215075,34,0.01891814348966212,34
2000-06-09,0.018282467763132682,34,0.020342991859177244,36,0.019825632278167686,35
2000-06-12,0.020358374553984263,37,0.0204053358474295,36,0.018223963023552718,32
2000-06-13,0.020258711569477252,36,0.020286096008038067,36,0.017218797748368916,30
2000-06-14,0.017249354992456955,32,0.020175987731925853,36,0.01710506613357485,30
2000-06-15,0.023915872861723763,41,0.022531629158358525,39,0.020290249201421574,35
2000-06-16,0.032620967265675024,47,0.02537363018035355,41,0.024224780397366173,40
2000-06-19,0.0479061433384781,51,0.03485454499281643,47,0.027350868249573362,43
2000-06-20,0.047860880706522294,51,0.03507242114207953,47,0.0275892439981243,43
2000-06-21,0.04738442865046453,51,0.03401453726573195,47,0.027011759425375755,42
2000-06-22,0.046345124847333226,51,0.03500558400437917,47,0.02746617611290629,43
2000-06-23,0.0344815123873846,47,0.034688850774986554,47,0.027263007002369763,43
2000-06-26,0.020945502232235975,38,0.03522342793488971,48,0.027737545431941853,43
2000-06-27,0.01843825026515719,34,0.03634420997932412,48,0.028067234754366316,43
2000-06-28,0.012058788153313106,21,0.03639347190309612,48,0.028005315992989617,43
2000-06-29,0.01769648673294538,33,0.033411252610112276,47,0.028280557058015052,43
2000-06-30,0.017177459910780356,32,0.025682249156943688,42,0.027408922049733928,43
2000-07-03,0.019969231461315295,36,0.020049367259207952,35,0.02787102038520196,43
2000-07-05,0.01999835421666171,36,0.018144109081636432,33,0.02810588449882511,43
2000-07-06,0.02071938998528026,37,0.0160043529552259,28,0.028694707379452386,44
2000-07-07,0.010578508511539337,17,0.017658043600641413,31,0.029648424538721452,45
2000-07-10,0.02387212802491627,41,0.02061067925314108,36,0.02932179504335086,44
2000-07-11,0.02574762327113205,42,0.021730664430233575,38,0.028965693478635788,44
2000-07-12,0.024973609756519164,42,0.02139304898670738,37,0.028855205602480616,44
2000-07-13,0.02293014239069659,40,0.022049703150407152,38,0.028957767516065703,44
2000-07-14,0.022352676718855283,39,0.021648391726018023,38,0.029875139987634428,45
2000-07-17,0.16287392367639397,54,0.11899440635730439,54,0.0839438457343419,53
2000-07-18,0.1615778213643296,54,0.1173199385687747,54,0.08327339736070336,53
2000-07-19,0.16125655907815567,54,0.11635419464216118,53,0.08174375302346536,53
2000-07-20,0.16544533683694845,54,0.11636482578071701,54,0.08212763845909786,53
2000-07-21,0.1581127943689591,54,0.11380843478104566,53,0.08218790625919531,53
2000-07-24,0.02213147076321038,39,0.11407698525613016,53,0.08188813388947085,53
2000-07-25,0.019133361689583555,35,0.11432379443506809,53,0.08189158212772499,53
2000-07-26,0.02113711877429507,38,0.11365136773393102,53,0.08157368043851022,52
2000-07-27,0.025292660491900525,42,0.11591155021447502,53,0.08194195294341124,53
2000-07-28,0.022450595262718753,39,0.11380315920538304,53,0.08188101370436164,53
2000-07-31,0.02449579726087121,41,0.02211441168464015,38,0.08189823700816545,53
2000-08-01,0.026443119242509597,43,0.021829413805441684,38,0.0820446486901812,53
2000-08-02,0.023461841203730172,40,0.021877504779767885,38,0.08140019957272371,52
2000-08-03,0.02656429641816991,43,0.025126821053763758,41,0.08206749473842166,53
2000-08-04,0.02781217291404024,44,0.024988860101342703,41,0.08221846872003152,53
2000-08-07,0.020709225015754347,37,0.024392081821778804,41,0.08148348177132045,52
2000-08-08,0.024878534960517885,42,0.025008977007833177,41,0.0814720083614996,52
2000-08-09,0.02410924495927602,41,0.02295978083254514,39,0.08152530566321989,52
2000-08-10,0.021174440815791527,38,0.022845952617113592,39,0.08220041992039318,53
2000-08-11,0.018083023096792196,33,0.022309829266780868,39,0.08239459186430703,53
2000-08-14,0.01900002774596283,35,0.019871974304214144,35,0.08168051888252048,53
2000-08-15,0.0192629868294089,35,0.021268313076448598,37,0.02218373518579847,37
2000-08-16,0.020326228154780353,36,0.021579440214365968,37,0.02127920912558209,36
2000-08-17,0.012177263983735224,21,0.017503903192372456,31,0.021324499464694453,36
2000-08-18,0.010115690660751974,15,0.015523847944249712,26,0.02095675322924556,36
2000-08-21,0.010718075032457856,17,0.016169800041506133,28,0.020256935313138037,35
2000-08-22,0.0175527244533588,33,0.017600023127601377,31,0.020648228317108774,36
2000-08-23,0.017212227944910702,32,0.01783369531986337,32,0.020734493541616834,36
2000-08-24,0.016525793513358356,31,0.013688540633309215,23,0.01974302928655216,35
2000-08-25,0.01519978652143006,28,0.012851937992731596,20,0.018463494800653277,33
2000-08-28,0.01248741472469508,22,0.013303541990880234,22,0.018379530276001872,33
2000-08-29,0.013075310513131719,23,0.014704655574637479,25,0.018379217726029143,33
2000-08-30,0.015240206756205512,28,0.015329047882170214,26,0.018298116493154562,33
2000-08-31,0.024109313042680134,41,0.02005260377408835,35,0.019912101889258002,35
2000-09-01,0.026156106643343592,43,0.020282060549744303,36,0.018357621336650424,33
2000-09-05,0.02610634209018095,43,0.019300170075792975,34,0.017255892115720223,30
2000-09-06,0.0220044340173281,39,0.020025034428542744,35,0.01837517671755027,33
2000-09-07,0.022167495982891746,39,0.019463984319846202,35,0.01803306230226337,32
2000-09-08,0.018166019742295134,33,0.020226880365488344,36,0.018550590820699767,33
2000-09-11,0.010053368268295011,15,0.019827589518535593,35,0.01746806572241834,31
2000-09-12,0.012480706249791668,22,0.020187515700398093,36,0.017419636496087496,31
2000-09-13,0.013595287860787614,25,0.01772360109657859,32,0.01752250912506809,31
2000-09-14,0.014382369834832051,27,0.018299111142024135,33,0.01710577009332791,30
2000-09-15,0.012705698480765075,22,0.01684123952217582,29,0.01763258468082006,31
2000-09-18,0.011148174899151066,19,0.01858571774790343,33,0.018788986005586483,33
2000-09-19,0.023829025756828465,41,0.021099987595753,37,0.019684491776466057,35
2000-09-20,0.023743340505635473,41,0.019411050992637312,35,0.019378473591145917,35
2000-09-21,0.0238603505308085,41,0.01919662699043841,34,0.018834667570524835,34
2000-09-22,0.023860047483802622,41,0.01850143552380519,33,0.01898278469089501,34
2000-09-25,0.016368346102785498,31,0.018507762813858422,33,0.019103428808257022,34
2000-09-26,0.014564593265986532,27,0.020542507817467862,36,0.019660803162352317,35
2000-09-27,0.017837887281675527,33,0.024448189882814365,41,0.021689414764024587,37
2000-09-28,0.016785744909262122,31,0.024147402229137797,41,0.020354079764501997,35
2000-09-29,0.017354162063768074,32,0.021780228116156635,38,0.020340386985250532,35
2000-10-02,0.02443163363492882,41,0.02203938560262767,38,0.0224665795857737,37
2000-10-03,0.03158535125445262,46,0.024040312431758342,40,0.022289505755530774,37
2000-10-04,0.02843057629989998,44,0.02268084584722328,39,0.022276911065536375,37
2000-10-05,0.02815601377875274,44,0.02217467008930513,38,0.021844935875203968,37
2000-10-06,0.03364016673796068,47,0.02620143091747285,42,0.023120756032541063,38
2000-10-09,0.015479063439434806,29,0.02842286417838706,44,0.023555628953459456,39
2000-10-10,0.01996760897236086,36,0.03132445994827508,46,0.025177285854877166,40
2000-10-11,0.016214531292767755,30,0.027539751416730436,43,0.025324859799958348,41
2000-10-12,0.01953382209371202,35,0.0333091750247588,47,0.028831272663087718,44
2000-10-13,0.05152187975855744,51,0.04214857689686146,50,0.033051159190809164,47
2000-10-16,0.05301243119008247,52,0.03698625296381973,48,0.03276047842548095,47
2000-10-17,0.05132629290983244,51,0.03741877479014458,48,0.03260082045264623,46
2000-10-18,0.051511516134241306,51,0.0370702897340416,48,0.032252135872015,46
2000-10-19,0.039203334963126724,49,0.03871106265048258,49,0.032550198694875326,46
2000-10-20,0.026398025868286417,43,0.038812856991327256,49,0.03332162763514503,47
2000-10-23,0.022847934773453635,40,0.03877862424380738,49,0.03353466212117592,47
2000-10-24,0.02259414411847592,40,0.037482573064700986,49,0.03345371575268725,47
2000-10-25,0.022100606250916723,39,0.037384243174509064,48,0.03295275453933834,47
2000-10-26,0.013684554338671278,25,0.03124708795271898,46,0.03119063393642845,46
2000-10-27,0.016122686709022272,30,0.020678848891909424,36,0.031643369287790865,46
2000-10-30,0.01233403794140624,21,0.018947804759924976,34,0.031494882263668894,46
2000-10-31,0.013852429232400399,25,0.01782127908533297,32,0.027938448367386473,43
2000-11-01,0.01384912172603178,25,0.01743898598214232,31,0.027899770256125552,43
2000-11-02,0.013473764462649543,24,0.014751355083669869,25,0.027951818940321897,43
2000-11-03,0.008220713812193036,10,0.012077405135281096,18,0.02785607757291281,43
2000-11-06,0.008221163512158831,10,0.010150423964594243,12,0.027450428459651597,43
2000-11-07,0.007827786896684886,9,0.010608563211676648,14,0.02724025941686986,43
2000-11-08,0.01351598284123341,24,0.013301576317202428,22,0.026684047800013794,42
2000-11-09,0.017051229382015413,32,0.015084640195338912,25,0.02710865514884224,42
2000-11-10,0.017050348833129704,32,0.012722486527121834,20,0.023366201667990468,38
2000-11-13,0.019595824721266822,36,0.014742805102304227,25,0.01712356628634532,30
2000-11-14,0.024843234312211415,42,0.017366953491491484,31,0.01743540888791828,31
2000-11-15,0.021163927955645246,38,0.017399073127191488,31,0.016729284046091492,29
2000-11-16,0.018969879002660364,35,0.017008544648776224,30,0.016635523086472277,29
2000-11-17,0.025693893814865303,42,0.020936452026956185,37,0.0173674720540266,31
2000-11-20,0.027299949313985376,43,0.022540829247731466,39,0.01797027677542463,32
2000-11-21,0.019692072698804897,36,0.022940609335573757,39,0.017759464327827493,31
2000-11-22,0.02284321178049472,40,0.022870808972606387,39,0.017832687984124775,32
2000-11-24,0.024199873354681933,41,0.021098541555364923,37,0.017885121495534194,32
2000-11-27,0.025795337325505912,42,0.025471551871087753,41,0.019968775047294815,35
2000-11-28,0.014627125959339914,27,0.0252702540451072,41,0.01979960399365948,35
2000-11-29,0.02363233008267231,41,0.03101649711606258,46,0.02415792679415475,39
2000-11-30,0.022865822323503263,40,0.030983247356997413,46,0.02412471028029552,39
2000-12-01,0.031247632523889447,46,0.03202619072290076,46,0.0247658996045601,40
2000-12-04,0.030204154305088337,45,0.027431241182451604,43,0.024786554767017174,40
2000-12-05,0.03438174975489178,47,0.025355195591324625,41,0.02723210474405986,43
2000-12-06,0.029090776772543382,44,0.026559868203875937,42,0.02737038747927892,43
2000-12-07,0.03051080661780568,45,0.026619062522107963,42,0.02772863629312574,43
2000-12-08,0.02751040598175954,44,0.02803904285296076,44,0.0271245572583509,42
2000-12-11,0.027475822743815027,43,0.02724141531275568,43,0.026972700287954603,42
2000-12-12,0.0175187037722384,32,0.027630289063068872,43,0.026958394297910533,42
2000-12-13,0.01872106734875697,34,0.023269478417454203,40,0.026441119331352493,42
2000-12-14,0.012232972520080078,21,0.023680853807865398,40,0.026274075725204907,41
2000-12-15,0.01576540574175631,29,0.024175756175899996,41,0.027097121102197013,42
2000-12-18,0.030831726062472694,46,0.028679737137547467,44,0.028897041070474104,44
2000-12-19,0.0312754248231751,46,0.024185389694744427,41,0.02704529489657166,42
2000-12-20,0.03247722042666735,47,0.025017968942137217,41,0.02543108616097494,41
2000-12-21,0.03208885298379741,46,0.02477506238037579,41,0.02560790242473566,41
2000-12-22,0.023398695591600564,40,0.024201825620862934,41,0.025602514879360112,41
2000-12-26,0.015821520121532852,29,0.02407254433607122,40,0.025522220005932704,41
2000-12-27,0.011088117154747324,18,0.02404548840175779,40,0.024972195720225514,40
2000-12-28,0.012027172553049458,21,0.023172392680514717,40,0.025060895484601296,40
2000-12-29,0.008850946433366872,12,0.022937008114791456,39,0.022281250187742862,37
2001-01-02,0.01974108175137794,36,0.02578699180047889,42,0.024528604038886744,40
2001-01-03,0.030408412121595785,45,0.024116237311138097,40,0.025188736506555755,40
2001-01-04,0.030430876145594445,45,0.023394928723165127,40,0.025177334215354844,40
2001-01-05,0.030676168659967886,46,0.022918333668943858,39,0.022967981160921944,38
2001-01-08,0.03172905900960278,46,0.02234932242902689,39,0.023405701182339464,39
2001-01-09,0.025571966805936413,42,0.022019131111778147,38,0.022822689136806396,38
2001-01-10,0.008991721695291756,13,0.02149060339095448,37,0.022661041259072433,38
2001-01-11,0.00645567811226807,5,0.021405361042852736,37,0.02257820069252008,38
2001-01-12,0.007498016326443211,8,0.021825482573603772,38,0.023026938621795476,38
2001-01-16,0.017266407556776543,32,0.024083803693667034,40,0.02340400617979322,39
2001-01-17,0.019519381558170873,35,0.021467975980750113,37,0.02362291601172979,39
2001-01-18,0.021346322829669837,38,0.016045179970214367,28,0.02311825134872702,38
2001-01-19,0.024890635966970134,42,0.01754195739588585,31,0.021154669800873552,36
2001-01-22,0.025081345108957567,42,0.019740723440505918,35,0.02152605437428815,36
2001-01-23,0.024430784521749502,41,0.02037305471197552,36,0.021230651181881246,36
2001-01-24,0.022399804047726624,39,0.01987059305492023,35,0.02029141739342616,35
2001-01-25,0.02170947949110074,38,0.020300442204469273,36,0.020174431160411753,35
2001-01-26,0.014727998625344163,27,0.020553247406847528,36,0.020400653981024097,35
2001-01-29,0.01316979579178929,24,0.018936136939192733,34,0.0205066102570569,36
2001-01-30,0.012737755564688777,23,0.018434611261887827,33,0.020977911576630832,36
2001-01-31,0.012349982582292014,22,0.017660394663817948,31,0.021005779270887967,36
2001-02-01,0.012592948981370936,22,0.017223061759957695,30,0.01899038058847964,34
2001-02-02,0.012171756232456197,21,0.012992028723785024,21,0.016377322688004625,28
2001-02-05,0.012662192085373357,22,0.012472226362549115,19,0.016405272174789317,28
2001-02-06,0.008884695149221128,12,0.011819630209647585,17,0.016447266195593634,28
2001-02-07,0.014328130066075582,26,0.013638591056122272,23,0.016550032193691888,29
2001-02-08,0.013341666322337874,24,0.013023953359350835,21,0.01632109844891918,28
2001-02-09,0.013554517436352293,25,0.012526847896908576,19,0.01637644053411125,28
2001-02-12,0.017046031377787516,32,0.014234456406165968,24,0.01681677108544687,29
2001-02-13,0.014847271744616067,27,0.013075180709973882,21,0.015938675536129144,27
2001-02-14,0.013964917135802016,26,0.01338496537764927,22,0.015614989571521822,26
2001-02-15,0.01444326896479925,27,0.013108748348787159,21,0.015238853260264567,25
2001-02-16,0.01579925511606289,29,0.014190760676466043,24,0.015057506968533514,25
2001-02-20,0.013568465750395987,25,0.01514978978462583,26,0.013927115864693567,22
2001-02-21,0.017305698777220425,32,0.017829087375845078,32,0.015124151697415655,25
2001-02-22,0.018923760725830432,35,0.01729033625363539,30,0.015561978131981196,26
2001-02-23,0.019668032300048766,36,0.01736058538061262,31,0.015553177856572521,26
2001-02-26,0.01644336044357525,31,0.01789265954912521,32,0.015476519107271106,26
2001-02-27,0.01957922308176267,36,0.01605500442401743,28,0.015230760623178921,25
2001-02-28,0.017584381107102882,33,0.016566451331467124,29,0.015802981632938765,27
2001-03-01,0.015383464257160012,29,0.018177161350431792,33,0.015591258043038186,26
2001-03-02,0.01557530126804401,29,0.01873883080101969,34,0.015616302432698802,26
2001-03-05,0.01632968197354417,30,0.0172825601667353,30,0.01549410322390254,26
2001-03-06,0.015431053687136069,29,0.01691972833822494,30,0.015502790935267486,26
2001-03-07,0.012658774251120133,22,0.016026695956441368,28,0.016256619105926722,28
2001-03-08,0.011807101824531499,20,0.013047974586357602,21,0.01626366298120824,28
2001-03-09,0.015967172016887715,30,0.01510439313227035,26,0.015949732338575964,27
2001-03-12,0.0274025111459756,43,0.021918344479062296,38,0.0189861179142544,34
2001-03-13,0.03474844993119425,48,0.025363730138338016,41,0.021114403830120886,36
2001-03-14,0.035963101941530094,48,0.027267791685690865,43,0.021670863825860837,37
2001-03-15,0.03906437157722428,49,0.028224615681286872,44,0.022676431378746153,38
2001-03-16,0.038573802070710844,49,0.0279280931462254,44,0.02261086501014725,38
2001-03-19,0.030492415157656702,45,0.028000002868126993,44,0.022627470036246704,38
2001-03-20,0.027887620078828397,44,0.030469749449870794,45,0.023502911709044765,39
2001-03-21,0.029204114025751366,45,0.030906102439191653,46,0.024832890527873835,40
2001-03-22,0.019099966880656613,35,0.029834818599452542,45,0.024320866891859774,40
2001-03-23,0.03827560805848098,49,0.03639527620175403,48,0.026925710158500687,42
2001-03-26,0.04007365655479914,49,0.03391760395466342,47,0.027206600430299342,42
2001-03-27,0.0393962478734287,49,0.034425577456252875,47,0.028814814868675306,44
2001-03-28,0.026343009330664538,43,0.0318996355339909,46,0.028740605444057214,44
2001-03-29,0.02593122614336287,42,0.031095161331203748,46,0.02842331298593527,44
2001-03-30,0.020861264858066532,37,0.032557302834080426,46,0.028974693195240882,44
2001-04-02,0.02154728075837565,38,0.03222468450290315,46,0.028905349253505765,44
2001-04-03,0.021787736564877813,39,0.030469395926251152,45,0.02951376927634249,45
2001-04-04,0.024483828099910215,41,0.027907078947751053,44,0.030088950588963718,45
2001-04-05,0.02482421378733492,42,0.02700896293737344,43,0.029708300745910476,45
2001-04-06,0.016642954650494167,31,0.023179896001954123,40,0.029653547753185936,45
2001-04-09,0.018616110784142798,34,0.023010747729498217,39,0.02958757804633155,45
2001-04-10,0.019568653232152716,35,0.019530976348114622,35,0.02789712001550614,43
2001-04-11,0.012999177205036348,23,0.019369298604844522,35,0.026559552331738286,42
2001-04-12,0.012966334448267908,23,0.019035874334482165,34,0.025138870999885096,40
2001-04-16,0.011395912069886611,19,0.01608265458108121,28,0.024538015561573236,40
2001-04-17,0.010804327136312724,17,0.01590771964198823,27,0.024538224167938858,40
2001-04-18,0.015552567020285008,29,0.016931891812546666,30,0.025364873775487972,41
2001-04-19,0.015533739120242125,29,0.013691737692540855,23,0.02358735971112367,39
2001-04-20,0.01674707471279708,31,0.014194752233896282,24,0.02101709337172166,36
2001-04-23,0.020484277496734517,37,0.01563402736301114,27,0.021508924735162936,36
2001-04-24,0.020488224365231088,37,0.015533905469677943,26,0.018836051069521305,34
2001-04-25,0.014688854620361819,27,0.01452971228045477,24,0.018668422956633252,33
2001-04-26,0.012628569092355095,22,0.014492331904504403,24,0.016430509744053183,28
2001-04-27,0.01826272142916563,34,0.016554746536859285,29,0.017439104177124066,31
2001-04-30,0.01199602828117682,21,0.016014703659075924,28,0.017160146564573955,30
2001-05-01,0.012182090340809174,21,0.015914922152043376,28,0.01600462270567158,27
2001-05-02,0.011981189367222487,21,0.013347552889930376,22,0.01599052869697132,27
2001-05-03,0.013154775463054066,24,0.01281748769351649,20,0.01456871609515942,24
2001-05-04,0.005264466230309684,2,0.012760699928511515,20,0.012852922296899322,18
2001-05-07,0.00735776601274685,8,0.010388838520919642,13,0.013203615888438913,19
2001-05-08,0.007298091979492808,7,0.010238484163863604,13,0.012595618767438106,17
2001-05-09,0.007482800127750758,8,0.010170148551720515,12,0.01248220558128637,17
2001-05-10,0.010211168475634986,16,0.011105868965418243,15,0.012379188959120218,17
2001-05-11,0.010135256130664263,16,0.00764033609660197,5,0.012341319118128613,17
2001-05-14,0.01149526736323949,20,0.010491790841851104,13,0.013247945415511986,19
2001-05-15,0.010853908780372571,17,0.010555997760024952,13,0.012881309497719592,18
2001-05-16,0.013129404146661203,24,0.013313476043629991,22,0.014015523525869971,22
2001-05-17,0.0175753381418892,33,0.013973050544619347,23,0.01334365962089932,20
2001-05-18,0.016877192414798486,31,0.014034032255767803,23,0.013133616458686478,19
2001-05-21,0.015258571305802332,28,0.012793215221418377,20,0.012929042244041032,18
2001-05-22,0.015454803158017217,29,0.012675616920470548,20,0.011375416813869341,14
2001-05-23,0.008123529467868902,10,0.01264544149084081,20,0.011372278525995717,14
2001-05-24,0.005084875167177379,2,0.012683414537010882,20,0.011400825792858291,14
2001-05-25,0.005868885106686923,4,0.012742581430508023,20,0.011542891047922024,14
2001-05-29,0.005861070707995528,4,0.011084825776947685,15,0.010374814404574058,10
2001-05-30,0.0031800892029574365,0,0.011273361348087535,16,0.010378098515931002,10
2001-05-31,0.003494391660192975,0,0.00598635286362581,1,0.010372247750978255,10
2001-06-01,0.005426540431998074,3,0.005016309324659643,0,0.010415942407179246,10
2001-06-04,0.008233595756357138,10,0.007046238871919184,3,0.010594157260768596,11
2001-06-05,0.007993032759544315,9,0.007009093231255846,3,0.010579857250904661,11
2001-06-06,0.010985812322223168,18,0.008224159676019182,6,0.010627120287915645,11
2001-06-07,0.011429811342901518,19,0.008312032343446388,7,0.01070550428800221,11
2001-06-08,0.011594144345469007,20,0.008544247088593398,7,0.01093259117989883,12
2001-06-11,0.006596050773386798,6,0.008768109460914693,8,0.010803422793060841,12
2001-06-12,0.004399786249260047,1,0.008772790179039338,8,0.010763803012028486,12
2001-06-13,0.003561290151490454,0,0.008640897156424182,8,0.009642085712915575,8
2001-06-14,0.00408668980895307,1,0.008966834145748285,9,0.00977742527935903,8
2001-06-15,0.004148146141030391,1,0.00838384833123728,7,0.007232981862196052,1
2001-06-18,0.0045537302463736495,1,0.0053891013398381545,0,0.006996878902256362,1
2001-06-19,0.006087651251538825,4,0.0054546592277956996,1,0.007103176330175915,1
2001-06-20,0.008777319935347184,12,0.006544076979215301,2,0.00757823008371866,2
2001-06-21,0.017980985678903376,33,0.014221967365668725,24,0.011083307396660318,13
2001-06-22,0.020226917740246448,36,0.014758413965011359,25,0.011499632469166587,14
2001-06-25,0.019602270611946887,36,0.014638994530640456,25,0.011543692285372806,14
2001-06-26,0.019982116121192148,36,0.014617650171292487,25,0.011495539894669924,14
2001-06-27,0.020374299705666468,37,0.01486035310836867,25,0.011603623613738108,15
2001-06-28,0.005013477173889489,2,0.014513456808844373,24,0.0115413369418047,14
2001-06-29,0.011018107812006737,18,0.017204971642009376,30,0.013015336303665297,19
2001-07-02,0.015747389757720626,29,0.017740470785218336,32,0.013432149067747963,20
2001-07-03,0.01570712817514899,29,0.017748353335350214,32,0.01282900629292995,18
2001-07-05,0.01569259253681585,29,0.017358857711623325,31,0.01275562356882375,18
2001-07-06,0.01733469510139279,32,0.012057109700773885,18,0.013157018503275223,19
2001-07-09,0.013143941382481815,24,0.012057127842791789,18,0.013186299318141893,19
2001-07-10,0.01136565562412535,19,0.0131841869923673,21,0.013830033861928864,21
2001-07-11,0.012887400105739083,23,0.0136277002399984,23,0.013884852817402779,21
2001-07-12,0.020208339113496336,36,0.01707469488684103,30,0.015265862415305389,25
2001-07-13,0.019190405570314772,35,0.01875286315192079,34,0.01605653301986871,27
2001-07-16,0.02895863909606808,44,0.021202535800965448,37,0.018317413065634298,33
2001-07-17,0.03062027433010681,45,0.02393030805179818,40,0.02011438581039325,35
2001-07-18,0.031148676602926317,46,0.023930032084215618,40,0.020005529413944307,35
2001-07-19,0.029503704928189822,45,0.02394416120887622,40,0.01999612728582912,35
2001-07-20,0.027445606395579497,43,0.022892390320990438,39,0.0198693385698506,35
2001-07-23,0.01793242646950942,33,0.022957664348295093,39,0.017863426283571387,32
2001-07-24,0.009530500764169754,14,0.02329157151744212,40,0.01837605566224687,33
2001-07-25,0.010206499737294386,16,0.023251541590514416,40,0.018382572770709302,33
2001-07-26,0.012594870961911874,22,0.02168954859012701,38,0.018569654123255477,33
2001-07-27,0.01272430301051668,23,0.02017110060321677,36,0.01853570112178282,33
2001-07-30,0.012725860326084467,23,0.01529276202754017,26,0.01854070633770477,33
2001-07-31,0.006813124468980811,6,0.00983376922498109,12,0.0177822553138731,32
2001-08-01,0.007202312669254416,7,0.009826722362827153,12,0.01740008296464732,31
2001-08-02,0.006487119615999355,5,0.010082073379573796,12,0.01744253068923352,31
2001-08-03,0.007371740081152334,8,0.010122088843662377,12,0.017478651465988357,31
2001-08-06,0.010314003152331941,16,0.011013084553163912,15,0.01718774643488922,30
2001-08-07,0.00882188555054201,12,0.008011777934822849,6,0.017255014046014622,30
2001-08-08,0.008936824507171821,12,0.008237270243417829,6,0.016579535940869174,29
2001-08-09,0.008017069626090369,9,0.00756922571394736,5,0.016549783526535054,29
2001-08-10,0.008037627582391758,10,0.007738441421023916,5,0.015449884292069437,26
2001-08-13,0.00844596786411701,11,0.009019098659260538,9,0.014949754814297665,25
2001-08-14,0.008467587790675076,11,0.008189211972947691,6,0.011982284970898574,16
2001-08-15,0.008459484065224286,11,0.008544832985703653,7,0.00877461667039703,5
2001-08-16,0.008570502571819244,11,0.008300249290415286,7,0.008765073273581154,5
2001-08-17,0.01092047443951669,18,0.009239999227462256,10,0.009227114330582556,7
2001-08-20,0.008178801592471668,10,0.008151733723475421,6,0.009267169060198173,7
2001-08-21,0.008914010997933897,12,0.008322598505549783,7,0.009466526427659739,7
2001-08-22,0.010942771142865198,18,0.009435634044256921,10,0.008406777290526074,4
2001-08-23,0.015546075141634362,29,0.012660934788318642,20,0.010243813971473035,9
2001-08-24,0.0186361394425171,34,0.015325522616743898,26,0.011694629846084882,15
2001-08-27,0.019334269495133765,35,0.016157121567375494,28,0.013468846636063282,20
2001-08-28,0.020673454927408342,37,0.016373606732557625,29,0.013496252664844251,20
2001-08-29,0.013063283789430183,23,0.015671630793188337,27,0.013379028782756888,20
2001-08-30,0.014971154035096041,28,0.015491480354098182,26,0.013350846279919615,20
2001-08-31,0.015122407760095097,28,0.016022741245572354,28,0.01319099553115265,19
2001-09-04,0.009369270741321658,14,0.015220410557139644,26,0.013303091567383489,20
2001-09-05,0.008590617162904669,11,0.015332641217849226,26,0.013175127204877965,19
2001-09-06,0.011065392545736864,18,0.013070350752314594,21,0.013568184116250142,20
2001-09-07,0.011510238025094047,20,0.01275572985849734,20,0.01390293223861392,21
2001-09-10,0.010828406645208113,17,0.012481053995785864,19,0.013859440245282038,21
2001-09-17,0.012235647577880577,21,0.011353825157788475,16,0.014392326459063718,23
2001-09-18,0.027291405096890174,43,0.01907706558162775,34,0.01688660911189845,29
2001-09-19,0.025124829591882378,42,0.018679345345449475,34,0.01694218669039106,30
2001-09-20,0.0260309171563798,42,0.01967362498744092,35,0.017004006704720572,30
2001-09-21,0.026082342149419784,43,0.019360840757148813,35,0.0168834167530859,29
2001-09-24,0.03153030474782454,46,0.02638446641364643,42,0.02104983279294916,36
2001-09-25,0.028109071830905694,44,0.027008835481546097,43,0.021493042924065696,36
2001-09-26,0.028385400396533016,44,0.026044783284938464,42,0.022184881331904903,37
2001-09-27,0.020334951844535955,37,0.024646223961005603,41,0.022224903168734173,37
2001-09-28,0.013929240063022043,25,0.025418105649127522,41,0.022894747825298985,38
2001-10-01,0.00984930548898942,15,0.022276144876335644,39,0.022071488632593502,37
2001-10-02,0.009843615817767432,15,0.020665980371719492,36,0.02107874224633448,36
2001-10-03,0.01531872265987137,28,0.02150815196927938,37,0.021247644424585096,36
2001-10-04,0.02624114653194257,43,0.024080638438343478,40,0.022524133413686663,38
2001-10-05,0.02432564966524415,41,0.027846143743874435,44,0.023989985748298148,39
2001-10-08,0.028534220049163908,44,0.029784276257406504,45,0.026785304579712555,42
2001-10-09,0.031897890829832735,46,0.030668444853977787,45,0.02745500582990433,43
2001-10-10,0.036499394163012545,48,0.03041857609296306,45,0.027732829374313223,43
2001-10-11,0.034720458321862054,48,0.02989560050235249,45,0.027371339218943226,43
2001-10-12,0.03208347695542798,46,0.026989240731525296,43,0.027049350919204126,42
2001-10-15,0.017559503927330987,33,0.027039915469590184,43,0.027059409106656378,42
2001-10-16,0.014841220934351682,27,0.025325817091092467,41,0.026773597795044235,42
2001-10-17,0.010507535119358098,17,0.025447700293985177,41,0.025828980369035505,41
2001-10-18,0.015298096802213045,28,0.02551728324469211,42,0.0260481437612475,41
2001-10-19,0.015913777570064628,30,0.02394465143103705,40,0.025489025196374443,41
2001-10-22,0.023259870301089423,40,0.01947606954437033,35,0.026400373832482758,42
2001-10-23,0.021199260966906157,38,0.01785615562179077,32,0.024160186825121492,39
2001-10-24,0.015570003094109042,29,0.01683055714698785,29,0.023840730913562994,39
2001-10-25,0.015385746827398763,29,0.016423139571481015,29,0.023491301341252945,39
2001-10-26,0.015561742945012355,29,0.01670335993710924,29,0.02351131437719277,39
2001-10-29,0.01493009337720061,28,0.01846594049186074,33,0.0226740934004564,38
2001-10-30,0.014476725982596061,27,0.017166508742282382,30,0.022676249060440364,38
2001-10-31,0.015014600859950952,28,0.015118469139119427,26,0.022128521279743466,37
2001-11-01,0.017550252230060077,33,0.015846516439230313,27,0.02286615738129184,38
2001-11-02,0.016056304905865484,30,0.01640304904080018,29,0.021555359396586392,37
2001-11-05,0.019397723120194738,35,0.01709473092615679,30,0.021674794261427918,37
2001-11-06,0.019126394769784286,35,0.016777802787613913,29,0.01751675820425361,31
2001-11-07,0.0214380412875659,38,0.018131980359348404,33,0.01726367204658813,30
2001-11-08,0.020598378088084176,37,0.0182718927637231,33,0.017137523797788885,30
2001-11-09,0.019184931611690232,35,0.017872869806975666,32,0.01663413185941739,29
2001-11-12,0.012004393770604787,21,0.015618430951542762,27,0.016426579936033615,28
2001-11-13,0.01124143698000447,19,0.015621754379233603,27,0.016479487669990196,29
2001-11-14,0.007641147009691516,8,0.015475806060652042,26,0.0158303864915641,27
2001-11-15,0.005344342128814138,3,0.014648308888971508,25,0.014605332930031748,24
2001-11-16,0.0074135365533827815,8,0.014898736298007339,25,0.014865116299602889,24
2001-11-19,0.007379638355834899,8,0.009621778032053815,11,0.014900981049618317,24
2001-11-20,0.0042322603762191,1,0.008559018133757708,7,0.013364047619854073,20
2001-11-21,0.0046704994342404195,2,0.007419201899212186,4,0.01341278001986873,20
2001-11-23,0.008135904936757874,10,0.006755974038061947,3,0.013517671594966347,20
2001-11-26,0.008148769997296575,10,0.007483767073390293,4,0.013494862815080956,20
2001-11-27,0.01199720877495196,21,0.009394935986959486,10,0.013813722163972895,21
2001-11-28,0.01203570202701588,21,0.008557062165986697,7,0.012883095594589342,18
2001-11-29,0.013965123347266496,26,0.010571872922481471,14,0.013303202100518646,20
2001-11-30,0.01361814054914226,25,0.01064698473926758,14,0.013237542881333744,19
2001-12-03,0.013573922346217161,25,0.011081730581206576,15,0.012971366151995579,19
2001-12-04,0.013737105901387329,25,0.012311221014903508,19,0.013165523311569725,19
2001-12-05,0.013310791577925788,24,0.012302084390975595,19,0.010511623199253365,11
2001-12-06,0.01102619425108423,18,0.012039612296261808,18,0.010125181026349007,9
2001-12-07,0.010848835541894263,17,0.011608766815275461,17,0.00952687495740144,8
2001-12-10,0.009888642905212602,15,0.011510172449591207,16,0.009307985126904889,7
2001-12-11,0.005644842764819041,3,0.010161713357775997,12,0.009308203091535247,7
2001-12-12,0.005353548227646841,3,0.010096435709933134,12,0.009333026352713582,7
2001-12-13,0.008113974406421368,10,0.009397971464939064,10,0.00958908883047785,8
2001-12-14,0.007986506940813256,9,0.009384704517877082,10,0.009572099974407788,8
2001-12-17,0.00874962385398964,12,0.008885807863125029,8,0.009738572089252107,8
2001-12-18,0.012348857401848795,22,0.009254869974254452,10,0.010337488907890909,10
2001-12-19,0.012627965055327562,22,0.009484605365879497,11,0.010459154434332874,10
2001-12-20,0.008034932476640827,10,0.010240378690231007,13,0.01080330021928437,12
2001-12-21,0.005736054679058921,4,0.01153715744561105,17,0.011293917797549728,13
2001-12-24,0.010589192267125123,17,0.011061873248192277,15,0.01130150994192202,13
2001-12-26,0.009815872847005629,15,0.01103591596309447,15,0.011189061692116056,13
2001-12-27,0.01263374607040492,22,0.011956417552035144,18,0.010665069928651122,11
2001-12-28,0.011611079131536388,20,0.009902644356772074,12,0.010588912361195996,11
2001-12-31,0.0076751003040607954,8,0.010756075044789272,14,0.010305037032169848,10
2002-01-02,0.0075263745029950915,8,0.010828140193624101,14,0.010237252867612996,9
2002-01-03,0.0067047374982005335,6,0.009736956851148146,11,0.009659590254453489,8
2002-01-04,0.0068612800131302625,6,0.009783926523828528,12,0.009248136917405784,7
2002-01-07,0.0067239143028222335,6,0.00901862759113732,9,0.00923044333512932,7
2002-01-08,0.004819820492688805,2,0.006550917710516747,2,0.009272405660851836,7
2002-01-09,0.00772818256313503,8,0.007214733492047009,4,0.009695419860266716,8
2002-01-10,0.0076023527461543255,8,0.006806124368961486,3,0.009337472704647042,7
2002-01-11,0.005653796198938228,3,0.006496297770126882,2,0.009506586331555347,7
2002-01-14,0.005094397829646411,2,0.006585487324486502,2,0.00973066507786512,8
2002-01-15,0.01729012011161548,32,0.011968233890130532,18,0.011039559655573298,13
2002-01-16,0.016123610887518222,30,0.012067837559852388,18,0.011043346119645548,13
2002-01-17,0.016229492496865134,30,0.012219915614321803,18,0.011046047395962284,13
2002-01-18,0.015302402379958783,28,0.011972657931455234,18,0.010505315684474015,11
2002-01-22,0.013375987094389905,24,0.011998021872396744,18,0.010432600057865343,10
2002-01-23,0.0039034564105053836,1,0.011824087145531832,17,0.010074699969752668,9
2002-01-24,0.002652890916827649,0,0.010907845488865276,15,0.009224989008312147,7
2002-01-25,0.003160350033410353,0,0.011023919026595748,15,0.009231726704349292,7
2002-01-28,0.005772961456820308,4,0.011014631170896157,15,0.00930706960193496,7
2002-01-29,0.013126487336303502,24,0.01372159644173264,23,0.010562031132210112,11
2002-01-30,0.017605322941276553,33,0.012025588399665482,18,0.011657743308567572,15
2002-01-31,0.017773584580159145,33,0.012027477386032236,18,0.011472740046756762,14
2002-02-01,0.017413430321530896,32,0.011931384205915508,18,0.011471130545049715,14
2002-02-04,0.02028666218783048,36,0.014299830331232511,24,0.012637832719149833,18
2002-02-05,0.016324167999253313,30,0.014262631559930962,24,0.012516121197889833,17
2002-02-06,0.012202719502082023,21,0.014547714554132353,24,0.012700856127984866,18
2002-02-07,0.010264430304402952,16,0.014346034057620829,24,0.012690243964480522,18
2002-02-08,0.014139871243722048,26,0.015148129682229962,26,0.012867810048973728,18
2002-02-11,0.009595053021178027,14,0.015059517683892113,25,0.012867048250569696,18
2002-02-12,0.009669925506660173,14,0.012665034284485524,20,0.012749188325287104,18
2002-02-13,0.00849424806286072,11,0.01116444598358964,15,0.012746368018519923,18
2002-02-14,0.006449793455168403,5,0.01101812443431676,15,0.011053648886843808,13
2002-02-15,0.00863125804548888,11,0.011531314615026126,17,0.011325661911062542,13
2002-02-19,0.014558956100983433,27,0.011749704548846239,17,0.012429583951318058,17
2002-02-20,0.014274161164687564,26,0.011736751483993835,17,0.012422380573770663,17
2002-02-21,0.01136367369424076,19,0.0113477272510684,16,0.012397610800742595,17
2002-02-22,0.010734915269427749,17,0.011284784173727917,16,0.012417395473278173,17
2002-02-25,0.016943414131697192,32,0.01272189877801137,20,0.013490015271410274,20
2002-02-26,0.010506085266566698,17,0.012941953389755742,21,0.013500046785986868,20
2002-02-27,0.010090694034598847,15,0.012935669046270071,21,0.013413953049530108,20
2002-02-28,0.009086967681005514,13,0.01241142638279297,19,0.012153738354056507,16
2002-03-01,0.009669060064952375,14,0.013757881459875273,23,0.011947548946750767,16
2002-03-04,0.008512071402349029,11,0.013873613919771556,23,0.012537072080739434,17
2002-03-05,0.00862334592959726,11,0.00931254376026384,10,0.012584711614924556,17
2002-03-06,0.007251892257343159,7,0.008779533655093529,8,0.011334494678684203,13
2002-03-07,0.013280519228500756,24,0.010744336284636787,14,0.01187529620839747,15
2002-03-08,0.013051210187814322,23,0.011486438283852957,16,0.011644387870361213,15
2002-03-11,0.01204543744769497,21,0.010538882549396238,13,0.011786221704441581,15
2002-03-12,0.011969289008114274,21,0.010533082388451107,13,0.011519851640356293,14
2002-03-13,0.01096998528996895,18,0.01079311162265909,14,0.01156321882915415,14
2002-03-14,0.00830075985746847,10,0.010915929049154208,15,0.011583002282738552,14
2002-03-15,0.008572898144773524,11,0.01055679948548861,13,0.011782518525831853,15
2002-03-18,0.008668642901238541,12,0.009894882474343506,12,0.011968069443921535,16
2002-03-19,0.009014445092226197,13,0.009993654846424976,12,0.011517303117681201,14
2002-03-20,0.010374149637273167,16,0.010122875551330084,12,0.009970504457947733,9
2002-03-21,0.012287422112972226,21,0.010024127059211903,12,0.01058637717114305,11
2002-03-22,0.008145997217084044,10,0.009765959284627595,12,0.010531884951468031,11
2002-03-25,0.008569355268221501,11,0.008999527529496235,9,0.010975765979777433,12
2002-03-26,0.005361482135922608,3,0.008717288218620804,8,0.010073281522294631,9
2002-03-27,0.008452803563090637,11,0.009313261154082014,10,0.010098499323154717,9
2002-03-28,0.007704548569969571,8,0.009723367730071434,11,0.010439995282310755,10
2002-04-01,0.008170625763987395,10,0.007693554549949439,5,0.010734380486929866,12
2002-04-02,0.007695319711640325,8,0.007798248102886459,5,0.00995076452113037,9
2002-04-03,0.009274681501552884,13,0.00721463166975872,4,0.00948349453988371,7
2002-04-04,0.006833297029518373,6,0.007425776944741208,4,0.009344129792113479,7
2002-04-05,0.008411098254043797,11,0.007608625722619589,5,0.009054013397010655,6
2002-04-08,0.007661210262193075,8,0.00766808606363845,5,0.008657736742470492,5
2002-04-09,0.00992951351671105,15,0.008585055872584388,8,0.009069263361363782,6
2002-04-10,0.00826705466595514,10,0.01074780841112104,14,0.009516729927331161,8
2002-04-11,0.010897422818324285,18,0.010856061591626616,14,0.009612510433246433,8
2002-04-12,0.010933800028146994,18,0.010564164285953097,14,0.009786338443657635,8
2002-04-15,0.013519041654405742,24,0.0107525210568165,14,0.010084109766291162,9
2002-04-16,0.012779375700877482,23,0.010789742551312608,14,0.009344512773499668,7
2002-04-17,0.007946607037385879,9,0.009298999917603459,10,0.009313355361955822,7
2002-04-18,0.007544849571373686,8,0.009727827529574838,11,0.0091289709407478,6
2002-04-19,0.005258868107825692,2,0.00974636620110895,11,0.008976233714323607,6
2002-04-22,0.0040748849442874555,1,0.010156362263673058,12,0.008714824175678083,5
2002-04-23,0.0039960668311229755,1,0.009304970425137955,10,0.008740794522411287,5
2002-04-24,0.006477124263788181,5,0.006837276880093887,3,0.008749482219189206,5
2002-04-25,0.006918649820710963,6,0.006860082615554374,3,0.00892993051235494,6
2002-04-26,0.007126156657467187,7,0.0059044353068929,1,0.008760329966351978,5
2002-04-29,0.006821509114377402,6,0.005307211458351603,0,0.00854837810368402,4
2002-04-30,0.009746440602491697,15,0.007461054400603893,4,0.008887180006617841,5
2002-05-01,0.008793264378119323,12,0.007332286911427739,4,0.008889670460697432,5
2002-05-02,0.007735902544894008,8,0.007351860674055636,4,0.00830067976185041,4
2002-05-03,0.006562468423431998,5,0.007321773557537662,4,0.008318111921433701,4
2002-05-06,0.012272325542824454,21,0.009394578043782213,10,0.00935105819603113,7
2002-05-07,0.009252086380488345,13,0.009350377618788297,10,0.009349439384376853,7
2002-05-08,0.010511228205554102,17,0.009170570999443831,9,0.009034883923855881,6
2002-05-09,0.01186240849113664,20,0.0104824654541251,13,0.008506768205351624,4
2002-05-10,0.011696878368910516,20,0.010934897043760534,15,0.00871612508566889,5
2002-05-13,0.012963049524250468,23,0.011939609064939917,18,0.008993351158895012,6
2002-05-14,0.014069983674951601,26,0.011355718143683568,16,0.009130532261424757,6
2002-05-15,0.013386326037843144,24,0.011348532461748157,16,0.009134111085407197,6
2002-05-16,0.010084843028689746,15,0.011110367958916038,15,0.009074246132634033,6
2002-05-17,0.007586734389492706,8,0.01110321540125087,15,0.009041755129131291,6
2002-05-20,0.01438977888395766,27,0.013021301209034714,21,0.010899935995212438,12
2002-05-21,0.013240397625792063,24,0.013293497266707165,22,0.010975529993863375,12
2002-05-22,0.013992698156095669,26,0.013004063319010483,21,0.011045723559172441,13
2002-05-23,0.013921892823193897,25,0.011969587025077147,18,0.010755135524051019,12
2002-05-24,0.013911037103678676,25,0.011579887033280663,17,0.010735399699310779,12
2002-05-28,0.007088776560215423,7,0.010803621353666464,14,0.010891477079796293,12
2002-05-29,0.005732005452371659,4,0.009687198364832708,11,0.01088432105917732,12
2002-05-30,0.005760863989817135,4,0.010100153117354627,12,0.010297831784620107,10
2002-05-31,0.006398486191722723,5,0.010274154549803445,13,0.010343625755452916,10
2002-06-03,0.008630749784742629,11,0.010927725804475921,15,0.010560155475498403,11
2002-06-04,0.007841668491615888,9,0.007066038254436001,3,0.01053891539300953,11
2002-06-05,0.01015003580350876,16,0.007996413942316875,6,0.01042605881715245,10
2002-06-06,0.012244951952127223,21,0.009033015340153647,9,0.010936864040675311,12
2002-06-07,0.013389270083498076,24,0.009897119425426724,12,0.010964594178455021,12
2002-06-10,0.011475549766219569,19,0.009860036305237503,12,0.010463442349715387,10
2002-06-11,0.01172049114666753,20,0.009486860402833638,11,0.010262583610663048,10
2002-06-12,0.009628805569136449,14,0.009482082128715917,11,0.009681614321721098,8
2002-06-13,0.0071294786273840855,7,0.009549880594575472,11,0.009344050541669674,7
2002-06-14,0.007633947584161914,8,0.010313791155633613,13,0.009801391034768202,8
2002-06-17,0.019481617390841612,35,0.015392618821020445,26,0.013283013550694268,19
2002-06-18,0.01838841420195651,34,0.015251124829644384,26,0.013353627144781265,20
2002-06-19,0.021471170495641095,38,0.016325305137378742,29,0.01234574038437438,17
2002-06-20,0.020850060225551803,37,0.015261143398281324,26,0.012344994971756897,17
2002-06-21,0.02089518626544141,37,0.015100481384488513,26,0.012288101828081762,17
2002-06-24,0.008416533456060922,11,0.015268352749787484,26,0.012334784643409622,17
2002-06-25,0.00861026862753279,11,0.015189176208017127,26,0.012365799395357334,17
2002-06-26,0.005651814013067026,3,0.015405257398098305,26,0.012234948395241222,16
2002-06-27,0.012794845171032153,23,0.0163733405936725,29,0.013325240388509295,20
2002-06-28,0.012817074633309774,23,0.01636236264560826,29,0.013443749813309334,20
2002-07-01,0.011972575579318037,21,0.011410488005869412,16,0.013453301156326146,20
2002-07-02,0.014191081863294822,26,0.011786511169876463,17,0.013194475067046563,19
2002-07-03,0.013782275389036387,25,0.010453407363969576,13,0.013222350448336645,19
2002-07-05,0.014614900346560307,27,0.012952587611414568,21,0.014163539355516397,22
2002-07-08,0.014887927666324942,27,0.01311003397713526,21,0.01359792669879641,20
2002-07-09,0.018429128977367953,34,0.014945436520157476,25,0.014412497452972208,23
2002-07-10,0.01771929188052184,33,0.015145050235874074,26,0.014494377288567895,23
2002-07-11,0.01903199071033614,35,0.015772178594981024,27,0.014815345252467192,24
2002-07-12,0.015469950770935062,29,0.01620896232196514,28,0.01616877993958994,28
2002-07-15,0.008721828776259925,12,0.01567300677648912,27,0.016239107563328338,28
2002-07-16,0.017776119751414018,33,0.01767194141987064,31,0.016685458198879448,29
2002-07-17,0.021241409914225868,38,0.018647421275450972,34,0.014867755081978316,24
2002-07-18,0.029369544337013408,45,0.02393701812199876,40,0.018024229129651022,32
2002-07-19,0.030087211347716192,45,0.022554242080843438,39,0.018927015776735615,34
2002-07-22,0.0319223771759482,46,0.022665321802580414,39,0.019271474016266343,34
2002-07-23,0.030325453594532453,45,0.02394058679494221,40,0.020579165949677777,36
2002-07-24,0.045163552755415344,50,0.033386740941553875,47,0.025012371974009077,40
2002-07-25,0.039467561924085244,49,0.0332796923080259,47,0.024949464802813803,40
2002-07-26,0.03485901805570891,48,0.03255867960691453,46,0.025104969282091993,40
2002-07-29,0.03868499438865798,49,0.03542358668817187,48,0.02663796515893266,42
2002-07-30,0.033177518930937705,47,0.03572824357837748,48,0.026847618171884635,42
2002-07-31,0.024805642542500183,42,0.03606666491422236,48,0.027376701901679783,43
2002-08-01,0.03040029466941284,45,0.033398218964251665,47,0.027940449653211505,43
2002-08-02,0.032599112598982245,47,0.03217342314581656,46,0.028285404280941916,44
2002-08-05,0.02223246608413536,39,0.03405306205079322,47,0.028281750550534595,44
2002-08-06,0.03085575365648133,46,0.032842763693400105,46,0.029281945259971638,44
2002-08-07,0.02998334212771845,45,0.027588896703261936,43,0.029437661234987277,45
2002-08-08,0.029353550023712083,45,0.028205705557818362,44,0.02992184638872279,45
2002-08-09,0.025910341558356087,42,0.02813624975462966,44,0.02975355650802382,45
2002-08-12,0.017175020252561516,32,0.0242146551916491,41,0.02909833037501368,44
2002-08-13,0.019314191442044222,35,0.024576926995446648,41,0.02943712283682493,45
2002-08-14,0.024458885891719906,41,0.026546275565638395,42,0.03026515775040071,45
2002-08-15,0.02255987241443934,40,0.02469904423014803,41,0.030069230171439153,45
2002-08-16,0.022591325797420597,40,0.02309779956989522,39,0.027869996964020382,43
2002-08-19,0.021593144618759705,38,0.018663913776271662,34,0.02661251767605157,42
2002-08-20,0.01871613334525076,34,0.018303422176360735,33,0.02691432538117136,42
2002-08-21,0.00994117389268812,15,0.017699326470180424,32,0.02523846118604016,41
2002-08-22,0.009959180488346334,15,0.016440238093961255,29,0.02200250651442189,37
2002-08-23,0.015826836237711882,29,0.018784743332919483,34,0.022921344008936737,38
2002-08-26,0.01937226234920332,35,0.019910715312308386,35,0.023305707467955475,38
2002-08-27,0.018151358883639602,33,0.01797040465589133,32,0.02116041889329307,36
2002-08-28,0.01928579491524682,35,0.014769163190680612,25,0.020999006796753344,36
2002-08-29,0.019678830288791728,36,0.014948071052966772,25,0.020474858672503912,36
2002-08-30,0.01465966833840155,27,0.014922603651367725,25,0.01945824367039064,35
2002-09-03,0.01741397202777578,32,0.017701359473896026,32,0.02039556931136998,35
2002-09-04,0.019989072121960487,36,0.018189216296782034,33,0.019005043969226795,34
2002-09-05,0.02095445770342921,38,0.01920351011204048,34,0.01806763320375014,32
2002-09-06,0.020706912091331787,37,0.01908620889826832,34,0.01771401628882219,31
2002-09-09,0.020852216700352,37,0.01709160060453421,30,0.017071600113090748,30
2002-09-10,0.015931339980011668,30,0.01669538201478143,29,0.017780383818261768,32
2002-09-11,0.023267617705911105,40,0.02054663333601884,36,0.019758301558187436,35
2002-09-12,0.01893331536806359,35,0.021417122587048365,37,0.019978005362121045,35
2002-09-13,0.02146494066240228,38,0.021327345702108553,37,0.017985474972580174,32
2002-09-16,0.021740129755014607,38,0.021547198652184615,37,0.01805686024319133,32
2002-09-17,0.02306458101403014,40,0.019652878155425667,35,0.018080023248156336,32
2002-09-18,0.015257385088771024,28,0.018787829527943712,34,0.017785907037447108,32
2002-09-19,0.013426095046909968,24,0.017510011777277207,31,0.01808465647817414,32
2002-09-20,0.01352259835580778,24,0.018328491928673626,33,0.01821762997021955,32
2002-09-23,0.01239897764016136,22,0.017617041555743392,31,0.018068280280245784,32
2002-09-24,0.012389890993739773,22,0.017455184824359645,31,0.0177411083626952,31
2002-09-25,0.020493074423578502,37,0.01703382552473555,30,0.018012796130688204,32
2002-09-26,0.0182521573506879,34,0.015578953212404129,27,0.018591574425385355,33
2002-09-27,0.020211116477149748,36,0.016266082831449837,28,0.018572989475512013,33
2002-09-30,0.020942351131145533,38,0.016329487644632698,29,0.018439235136069185,33
2002-10-01,0.025994768718581793,42,0.02244065502510172,39,0.021453017356077488,36
2002-10-02,0.03249093610926708,47,0.02563070944588744,42,0.021731449772884475,37
2002-10-03,0.03545102567087298,48,0.028165917228084182,44,0.023071739305910277,38
2002-10-04,0.03619033039845181,48,0.02884865800838631,44,0.02295420656166574,38
2002-10-07,0.036608115980517456,48,0.02960843555236939,45,0.02338700655955372,39
2002-10-08,0.03269176166317466,47,0.032731286254576636,46,0.02527274701614455,41
2002-10-09,0.031301723151200556,46,0.031343851996819376,46,0.02530912398582675,41
2002-10-10,0.036045969127562576,48,0.0342720847445011,47,0.02614867431269479,41
2002-10-11,0.03597292340821779,48,0.03712638311480589,48,0.027249268404203796,43
2002-10-14,0.027725783349073205,44,0.03713111819719357,48,0.027347260174103938,43
2002-10-15,0.02870002880451362,44,0.03675901791268022,48,0.0289110302181789,44
2002-10-16,0.02380510254394213,41,0.03445457163990339,47,0.029016983050467786,44
2002-10-17,0.022242351665241668,39,0.03057274973822591,45,0.029314432629689923,44
2002-10-18,0.02134691258508452,38,0.027886685305950887,44,0.028785847033835212,44
2002-10-21,0.021688516100557113,38,0.024052616434127545,40,0.028767545237355533,44
2002-10-22,0.01561534452208532,29,0.025033352029139363,41,0.02908324169820577,44
2002-10-23,0.014567208355775116,27,0.022136772895054613,38,0.028620457469193127,44
2002-10-24,0.012345391159602048,22,0.022492430587427552,39,0.028599873783634846,44
2002-10-25,0.019464711827572187,35,0.020565532569494237,36,0.028953288561453037,44
2002-10-28,0.02088666964576915,37,0.021984006168558723,38,0.029118997510475537,44
2002-10-29,0.02068729063109892,37,0.017443406281331838,31,0.029235407594470013,44
2002-10-30,0.021716022892802018,38,0.01774610318930647,32,0.027510647301212398,43
2002-10-31,0.020212964178625923,36,0.015954970658907632,28,0.026275358029404606,41
2002-11-01,0.022117762814352175,39,0.019643063415114355,35,0.02507503194351171,40
2002-11-04,0.024786018076235296,42,0.021645700207295615,38,0.02524156766935711,41
2002-11-05,0.02432828469264494,41,0.02169234641325249,38,0.02411401797890352,39
2002-11-06,0.025054767259329896,42,0.02210808812269179,38,0.023542231573953524,39
2002-11-07,0.027114423136392923,43,0.022641580104465146,39,0.02372998361958845,39
2002-11-08,0.01705574089534195,32,0.020283132251718888,36,0.02266898930573362,38
2002-11-11,0.015059669517148594,28,0.019894652544540103,35,0.020833472875803886,36
2002-11-12,0.014701355073379484,27,0.020501269685033956,36,0.020804359100296637,36
2002-11-13,0.015940436428800317,30,0.019965818776917967,35,0.01816183901646979,32
2002-11-14,0.016770442896878675,31,0.021652515806509114,38,0.018936360331539993,34
2002-11-15,0.04178728833368766,50,0.030230146506241767,45,0.025025165386731104,40
2002-11-18,0.04179177580335985,50,0.029616872731095045,45,0.02503409542537591,40
2002-11-19,0.04189472122896422,50,0.0296039443272667,45,0.025281729321844307,41
2002-11-20,0.04175169749327578,50,0.029853461926973093,45,0.025239095470237945,41
2002-11-21,0.039196928326978554,49,0.029697946549295164,45,0.025323218479137617,41
2002-11-22,0.013423399383722993,24,0.02964683464507906,45,0.025244644436841147,41
2002-11-25,0.012470891672188402,22,0.03002940533835795,45,0.024416885021638655,40
2002-11-26,0.016167775384313934,30,0.030133018501271255,45,0.0245952911591649,40
2002-11-27,0.01695499767503892,32,0.03033243214375841,45,0.024700355642884083,40
2002-11-29,0.016048545027627852,30,0.028431597154456346,44,0.024445324229703733,40
2002-12-02,0.022269152827292683,39,0.01742907398848391,31,0.025781081741039564,41
2002-12-03,0.0240838377949399,41,0.018526665018858045,33,0.024626358089781492,40
2002-12-04,0.02362499453280612,40,0.01977747823970113,35,0.02493935333079391,40
2002-12-05,0.024482382063456504,41,0.02003129108620887,35,0.02463488013820342,40
2002-12-06,0.023241154168943512,40,0.020567202870426595,36,0.024940434559783377,40
2002-12-09,0.021286776546937294,38,0.020666257636258734,36,0.024669310606558324,40
2002-12-10,0.02549207313109738,42,0.02474913153953898,41,0.026421068558050015,42
2002-12-11,0.02444555988945274,41,0.022720930005871654,39,0.026489542270604564,42
2002-12-12,0.024989398648280814,42,0.02354867703262998,40,0.02649034386889962,42
2002-12-13,0.02480943727659613,42,0.022739666018002466,39,0.026462898130317644,42
2002-12-16,0.021263260380175807,38,0.0209057254838623,37,0.02590936438939988,41
2002-12-17,0.010523194400632516,17,0.01962212289093259,35,0.01855093389589615,33
2002-12-18,0.0077855426062224155,9,0.019010446400228618,34,0.018595592533555774,33
2002-12-19,0.007171955900641377,7,0.01873662473237056,34,0.018433548682497677,33
2002-12-20,0.00792691109309074,9,0.018004865446642884,32,0.018431258253811564,33
2002-12-23,0.010160913774860648,16,0.01697418486450079,30,0.018493448963505937,33
2002-12-24,0.009037237926385068,13,0.009257605910847061,10,0.018008822909218125,32
2002-12-26,0.00630346716447786,5,0.00860734673586311,8,0.017958042881386763,32
2002-12-27,0.010847366420204096,17,0.009245847921310205,10,0.01743552208352393,31
2002-12-30,0.011043889392839568,18,0.009568829218163289,11,0.017388710393371816,31
2002-12-31,0.009663249137114957,14,0.009378215012770481,10,0.017066003337942736,30
2003-01-02,0.018021912872149787,33,0.013817578251901998,23,0.017108629085689078,30
2003-01-03,0.018391528518507748,34,0.01296701596261995,21,0.01624662369626951,28
2003-01-06,0.01694398651089319,32,0.014441288104076671,24,0.016290139472960843,28
2003-01-07,0.019699320146483713,36,0.01541135800501168,26,0.016345784416711983,28
2003-01-08,0.019544463860500457,35,0.015364002906072425,26,0.01608720344349514,28
2003-01-09,0.015137765109020566,28,0.01569560829765609,27,0.015569455794037916,26
2003-01-10,0.017412933747896906,32,0.016886288396454195,30,0.01315669482892736,19
2003-01-13,0.012159013185537809,21,0.015512828008871967,26,0.012913773265559633,18
2003-01-14,0.012187663547371054,21,0.015680782479232172,27,0.012775618588030817,18
2003-01-15,0.02241373998655342,39,0.020912376652896993,37,0.01552447683131323,26
2003-01-16,0.020937713325512294,38,0.019505016201626764,35,0.016500698935730095,29
2003-01-17,0.022287531653014336,39,0.019727710031551625,35,0.016405787246849088,28
2003-01-21,0.021251553414283923,38,0.01737108173939677,31,0.01662678374899196,29
2003-01-22,0.01647731465741509,31,0.01736404423095029,31,0.01675228036358936,29
2003-01-23,0.013352304542651221,24,0.01758334979373923,31,0.016747188001113293,29
2003-01-24,0.011425512650873878,19,0.016094051677102934,28,0.016933626356000372,30
2003-01-27,0.009124890038816426,13,0.01619838233610204,28,0.017250006683861674,30
2003-01-28,0.014250553453870298,26,0.01743698758799936,31,0.017491183429645365,31
2003-01-29,0.014118544114647708,26,0.01574371240226028,27,0.01727482894063961,31
2003-01-30,0.014007640379065642,26,0.01290275961595553,20,0.01744054202255761,31
2003-01-31,0.012980259623092533,23,0.01152936264350248,17,0.01747802896263956,31
2003-02-03,0.013702343777373279,25,0.011202717276453522,15,0.015676824788153423,27
2003-02-04,0.009865253910101289,15,0.01175651998097876,17,0.015855844595101847,27
2003-02-05,0.009990358780804362,15,0.011739621121601481,17,0.01408003001102861,22
2003-02-06,0.01318284618544704,24,0.013194211553090385,21,0.014780527223663659,24
2003-02-07,0.012849913846982764,23,0.012471310511778974,19,0.014772604531782146,24
2003-02-10,0.007817142134173338,9,0.012099513689913915,18,0.014254122253266907,23
2003-02-11,0.009146712979744842,13,0.010620158854435149,14,0.014130423107736163,22
2003-02-12,0.008678058594216859,12,0.010556392269026767,13,0.013919551476883032,22
2003-02-13,0.006344394709312287,5,0.009911382037215071,12,0.013544827025241797,20
2003-02-14,0.009617891427582912,14,0.011153727793170498,15,0.012514003228640111,17
2003-02-18,0.009529534907060228,14,0.008217483616652756,6,0.01169528403072503,15
2003-02-19,0.008150491655731947,10,0.008401001361782044,7,0.011527915649581328,14
2003-02-20,0.007958761475362624,9,0.00804302594211267,6,0.011047534171411093,13
2003-02-21,0.011066201302261562,18,0.009497741472324319,11,0.012094369394341277,16
2003-02-24,0.013577703154671428,25,0.01115747171592328,15,0.012440150866966006,17
2003-02-25,0.013407927055037839,24,0.011129461561504525,15,0.011819821269801922,15
2003-02-26,0.015687149530680535,29,0.012477049572428692,19,0.011853615360757864,15
2003-02-27,0.01807658429408378,33,0.01334382655595105,22,0.012010241622519848,16
2003-02-28,0.013713402435145478,25,0.0134808193956216,22,0.0119372663942847,16
2003-03-03,0.012380274836604597,22,0.012402485836231011,19,0.01137241621189973,14
2003-03-04,0.01242671889913941,22,0.012218951839070045,18,0.011203716193836198,13
2003-03-05,0.009368809208383448,13,0.0123394352274483,19,0.010253822154980621,9
2003-03-06,0.011893605164919607,20,0.01524365750542097,26,0.012159642953462155,16
2003-03-07,0.01788202910159545,33,0.015032298680257032,25,0.01293909828078926,19
2003-03-10,0.020007061986125535,36,0.015962788244266807,28,0.013613592998133174,21
2003-03-11,0.020066093544281027,36,0.016044905711192818,28,0.013617289259070414,21
2003-03-12,0.024751925284666108,42,0.01934694054907952,35,0.015945210478624752,27
2003-03-13,0.028149505495821063,44,0.020543662949704656,36,0.01702678096220953,30
2003-03-14,0.025939189977314918,42,0.021045475819198526,37,0.017160968491850708,30
2003-03-17,0.02759915918005774,44,0.023618534786822444,40,0.018331500588431283,33
2003-03-18,0.027528369542540614,44,0.023754422904634927,40,0.017981072732291745,32
2003-03-19,0.011285008466977135,19,0.025482348594685865,41,0.019098368501991012,34
2003-03-20,0.015299004317466718,28,0.0231727298874539,40,0.01913802876346685,34
2003-03-21,0.015675277043503383,29,0.02351646939361248,40,0.019847827803092206,35
2003-03-24,0.02916393359220686,44,0.026793077612436832,43,0.02155883700690515,37
2003-03-25,0.029553952132968662,45,0.026945574246330022,43,0.021545048320646833,37
2003-03-26,0.026339018406435512,43,0.02310220685141664,39,0.021767873880337348,37
2003-03-27,0.029579442934232758,45,0.023141149777598683,40,0.02209376566541095,37
2003-03-28,0.028685573514216058,44,0.02590691956923559,42,0.02278655527169868,38
2003-03-31,0.023804432268344205,41,0.02545756667765334,41,0.023296845331298718,38
2003-04-01,0.02143116959767586,38,0.02531048133260358,41,0.02331064205019211,38
2003-04-02,0.022644348030940138,40,0.023156963962885,40,0.023430496681529068,39
2003-04-03,0.016228008670991428,30,0.024012721926747926,40,0.02397269139589306,39
2003-04-04,0.017565405186648366,33,0.022496246714358858,39,0.023345874576474385,38
2003-04-07,0.014859605160454587,27,0.01878367678687311,34,0.022852950558580967,38
2003-04-08,0.014962424238937056,28,0.01776970789761768,32,0.02232575571624051,37
2003-04-09,0.015668684391148213,29,0.018527885789495283,33,0.02290040364442269,38
2003-04-10,0.016796387063273317,31,0.017193478917011052,30,0.021491186000520943,36
2003-04-11,0.015211701849209917,28,0.015582901063279668,27,0.020790007903609874,36
2003-04-14,0.020184791853017178,36,0.016966687929064063,30,0.021544869441237163,36
2003-04-15,0.01943530457333204,35,0.016847496364803243,30,0.02055240438491269,36
2003-04-16,0.019410134339167898,35,0.01827482330079844,33,0.021100814707820898,36
2003-04-17,0.018950855563847804,35,0.01710494666098224,30,0.020236671042164648,35
2003-04-21,0.019290867269249175,35,0.016705399773854337,29,0.020227200780126804,35
2003-04-22,0.014145627264164384,26,0.016645135288120966,29,0.019256603856100455,34
2003-04-23,0.014259081946285359,26,0.016750455528502135,29,0.017069781654719972,30
2003-04-24,0.013077244868684048,24,0.016202277804137355,28,0.01714339604194617,30
2003-04-25,0.015095077359499453,28,0.01652000985498518,29,0.017738162496187922,31
2003-04-28,0.018736768575097262,34,0.017928403470124935,32,0.017565310141665298,31
2003-04-29,0.018911175473946083,35,0.015897711120095706,27,0.016408816133705276,28
2003-04-30,0.018574353328744058,34,0.0160198682388179,28,0.015666827404876606,27
2003-05-01,0.015393713464920942,29,0.014181772651793502,24,0.01574625643581758,27
2003-05-02,0.020715587505942906,37,0.01800799984690336,32,0.0177069750273664,31
2003-05-05,0.02010685305006178,36,0.01833006566439167,33,0.016871428483733134,29
2003-05-06,0.02416284879045573,41,0.020792647180195353,36,0.018124377778353094,32
2003-05-07,0.025012739675555763,42,0.020981571493021246,37,0.01832715584514455,33
2003-05-08,0.024569054698872137,41,0.01943575924412308,35,0.0183058927995407,33
2003-05-09,0.018606684005177072,34,0.018854230364568597,34,0.017257973346572277,30
2003-05-12,0.01749467014420629,32,0.017873170898427045,32,0.016989746757067953,30
2003-05-13,0.00837671186847861,11,0.017729080851353718,32,0.016993086789112242,30
2003-05-14,0.00548378892876318,3,0.01731179364904683,30,0.01613582786947269,28
2003-05-15,0.0019232017604652644,0,0.016554364571042927,29,0.016140701894765803,28
2003-05-16,0.0042162266116083065,1,0.012958102745296214,21,0.015095363359686682,25
2003-05-19,0.007848406914852833,9,0.012827098812549408,20,0.015131060258126683,25
2003-05-20,0.007779463577929103,9,0.007780854853501095,5,0.015048703516716623,25
2003-05-21,0.007780378652701313,9,0.006347279371454912,2,0.015040346591480841,25
2003-05-22,0.01098610922706835,18,0.008017014348916154,6,0.015321195223356388,26
2003-05-23,0.01101646610840397,18,0.008812328158874935,8,0.014442980503480838,23
2003-05-27,0.017380232076636713,32,0.01287868825022567,20,0.015327329140648435,26
2003-05-28,0.019330877097937075,35,0.01482117347133181,25,0.015709476388716007,27
2003-05-29,0.01866977428288104,34,0.014746021212946773,25,0.015629507204154895,26
2003-05-30,0.00961216116768423,14,0.015804590801086364,27,0.015990762920979156,27
2003-06-02,0.01358912198263629,25,0.016092391699092802,28,0.015598168946754991,26
2003-06-03,0.012406515213431855,22,0.014830771268068373,25,0.01411432967267972,22
2003-06-04,0.010557698531061272,17,0.014691879617910828,25,0.013848162856511474,21
2003-06-05,0.011431136189254992,19,0.014640872078791037,25,0.012624422972530696,18
2003-06-06,0.013825803801321946,25,0.015355153986398773,26,0.013178462839794939,19
2003-06-09,0.01377662609509536,25,0.015685469526996232,27,0.012865933175116057,18
2003-06-10,0.01356240349760279,25,0.013977320402722837,23,0.012867315320836493,18
2003-06-11,0.013447742869160378,24,0.012816373318382757,20,0.013155585372613778,19
2003-06-12,0.013636452742962896,25,0.013221775066622699,21,0.013369856361716809,20
2003-06-13,0.01152819966569715,20,0.012005567972081825,18,0.013968832634845841,22
2003-06-16,0.015431568959722284,29,0.013913532566510104,23,0.014520966077001207,24
2003-06-17,0.015444317252529965,29,0.01388180801794309,23,0.014481589469829925,23
2003-06-18,0.013714614603137288,25,0.012806423216552126,20,0.014139387578655519,22
2003-06-19,0.016458314444014695,31,0.014259055877623522,24,0.015127827898121705,25
2003-06-20,0.015378756184172568,29,0.01284911225419483,20,0.015114918639300156,25
2003-06-23,0.010538935961686691,17,0.013436794949367196,22,0.014759086299230634,24
2003-06-24,0.009916045669738995,15,0.01350465846462876,22,0.014844618608021689,24
2003-06-25,0.00995204976529521,15,0.012262986385565722,19,0.014007865717950822,22
2003-06-26,0.008636504593245865,11,0.012425385884972204,19,0.012862494845900234,18
2003-06-27,0.006221680920603074,5,0.012006483947793696,18,0.012868854305524279,18
2003-06-30,0.00626946906661305,5,0.008246478409077804,6,0.011713728275469012,15
2003-07-01,0.00842408121575302,11,0.008705396377283596,8,0.011809782669862046,15
2003-07-02,0.007152879464365534,7,0.008659619625993965,8,0.011709661067097055,15
2003-07-03,0.006367089868632537,5,0.00715726565568484,4,0.010823106721071344,12
2003-07-07,0.01139562259348036,19,0.009582272959833207,11,0.011717551016401819,15
2003-07-08,0.011598687514319767,20,0.009682875264847148,11,0.011218717829434606,13
2003-07-09,0.014261902385255806,26,0.011046600394040264,15,0.011894204069771916,16
2003-07-10,0.0142598680591949,26,0.01067787672445705,14,0.011869954978774997,15
2003-07-11,0.01426029769179858,26,0.010417582603484615,13,0.010914677632402833,12
2003-07-14,0.013972585156586744,26,0.012440309613087674,19,0.011864333204838887,15
2003-07-15,0.013950907104642554,26,0.0121611930249578,18,0.01171878735651138,15
2003-07-16,0.018527873912646035,34,0.015587586635466522,27,0.012077262524988159,16
2003-07-17,0.019714599484337413,36,0.016259570499050052,28,0.012383649530092753,17
2003-07-18,0.021089605652000992,38,0.01698432403726616,30,0.012805203456771802,18
2003-07-21,0.01852719523706541,34,0.015883335544715053,27,0.013050832383743594,19
2003-07-22,0.021237098931168878,38,0.01750163876707845,31,0.013569286901525696,20
2003-07-23,0.01738882941014779,32,0.0169545928260747,30,0.013586620521240907,20
2003-07-24,0.01693574793068504,32,0.01748311013584951,31,0.013874773801490261,21
2003-07-25,0.02092090968648529,38,0.01995329223362212,35,0.015239642894678896,25
2003-07-28,0.01847103989608718,34,0.019083439080581303,34,0.015367567659578597,26
2003-07-29,0.017776202614591105,33,0.018852831963218075,34,0.015442580627118264,26
2003-07-30,0.01751812149273998,32,0.016460850089480807,29,0.01534543000182433,26
2003-07-31,0.016039691469804187,30,0.015560138118233022,27,0.015221797526047048,25
2003-08-01,0.006137926877474916,5,0.015580597558867164,27,0.01546144720561776,26
2003-08-04,0.005824283442782357,4,0.014141201494368896,24,0.015464948014417786,26
2003-08-05,0.009106856888014965,13,0.013945680861479159,23,0.015076293068498593,25
2003-08-06,0.010694093936863703,17,0.014027643975587051,23,0.015187193990065016,25
2003-08-07,0.014989317907017241,28,0.014807113916574712,25,0.015382862710558751,26
2003-08-08,0.014009324064141022,26,0.01103580145793784,15,0.015454386514963838,26
2003-08-11,0.016595105516511822,31,0.011856981142145527,18,0.01592307887215292,27
2003-08-12,0.016788370322176116,31,0.015047967203325371,25,0.016415681774232412,28
2003-08-13,0.016929311726695033,32,0.015574536200307467,27,0.016566152476342858,29
2003-08-14,0.017183389584458957,32,0.01642000349164302,29,0.01572008116902464,27
2003-08-15,0.017438804636591337,32,0.01538703443692784,26,0.015212813304904675,25
2003-08-18,0.01013599085229588,16,0.015146061424635916,26,0.015036013053887194,25
2003-08-19,0.006583908150369146,5,0.012045045119673038,18,0.014181547155243529,22
2003-08-20,0.006637323242142285,6,0.012151432163198188,18,0.013739382464790853,21
2003-08-21,0.006811928272113684,6,0.012363889048939624,19,0.014191557971025736,23
2003-08-22,0.009550404668516057,14,0.013358364769583762,22,0.013882971933143945,21
2003-08-25,0.010246474400476997,16,0.010104290741119487,12,0.012837639977101793,18
2003-08-26,0.010792398879306952,17,0.008432012316178173,7,0.012704126804020591,18
2003-08-27,0.01229437072366275,21,0.00931510745017551,10,0.01253935161666545,17
2003-08-28,0.010318006190491856,16,0.008393536391195321,7,0.012531282431973358,17
2003-08-29,0.007884901166386567,9,0.008301657121704291,7,0.012434577738960185,17
2003-09-02,0.007578566015976518,8,0.00850008690392533,7,0.011838215772942608,15
2003-09-03,0.007535990670208482,8,0.00931904200587407,10,0.011934436044359608,16
2003-09-04,0.0066172264455985974,6,0.009479646100507312,11,0.01042789759045306,10
2003-09-05,0.006906171608152104,6,0.008356036223207708,7,0.010592406058661361,11
2003-09-08,0.006621495893327568,6,0.007491073935632453,4,0.01036784721959598,10
2003-09-09,0.0044474852073104,1,0.006780430344530685,3,0.010371318272991545,10
2003-09-10,0.005548092969416722,3,0.006455784813543677,2,0.009427444864115194,7
2003-09-11,0.007165560694302983,7,0.00659778919434599,3,0.008176427824741688,3
2003-09-12,0.0069691693662020816,7,0.006548047064257745,2,0.00799293932824321,3
2003-09-15,0.008776633128249639,12,0.007337204989866128,4,0.007877418099123271,3
2003-09-16,0.008139038844725718,10,0.00619153841108177,2,0.007884602469425333,3
2003-09-17,0.008760487138076542,12,0.006916537133915822,3,0.0084680899921137,4
2003-09-18,0.009442643796834557,14,0.007967943146747758,6,0.008646132596493003,5
2003-09-19,0.0096107820799369,14,0.008062125793751866,6,0.008663975363426158,5
2003-09-22,0.009403842905577282,14,0.008582411422956985,8,0.008166275178582842,3
2003-09-23,0.009372499140174455,14,0.008276118420577223,7,0.007884866144840125,3
2003-09-24,0.011866073786141828,20,0.009844075477053064,12,0.008618805323821048,5
2003-09-25,0.009852830251532458,15,0.009239302692433445,10,0.008021385157963482,3
2003-09-26,0.008783007554467209,12,0.009000023946629262,9,0.007946785271525902,3
2003-09-29,0.009135675821507112,13,0.008836505903566445,8,0.00788524263340114,3
2003-09-30,0.011076544504859641,18,0.010160487947885684,12,0.00867643004060958,5
2003-10-01,0.019574715879818797,36,0.015653687686954548,27,0.011599223347711215,15
2003-10-02,0.019694710739909985,36,0.015234329112160995,26,0.011533938693018778,14
2003-10-03,0.02021247308378754,36,0.016100290468873703,28,0.012100572662258976,16
2003-10-06,0.020052096188546614,36,0.015826408493132344,27,0.01215803103941094,16
2003-10-07,0.013811943194032802,25,0.015919100282654256,28,0.012277550814969404,17
2003-10-08,0.009730162651732753,15,0.01457454210114389,25,0.012427203599850252,17
2003-10-09,0.009584126411072615,14,0.014712468715165692,25,0.01241732021215502,17
2003-10-10,0.008035730440892626,10,0.014591369303095686,25,0.012305829369060226,17
2003-10-13,0.009294776914226172,13,0.014794546877832755,25,0.012625818737163511,18
2003-10-14,0.017256232509740517,32,0.016818976270720574,29,0.014032664878316102,22
2003-10-15,0.019054938148210118,35,0.01498775302035655,25,0.01477686808363305,24
2003-10-16,0.01718868935314895,32,0.015003859312876622,25,0.01455331474126394,24
2003-10-17,0.01659618582613462,31,0.014317898999393843,24,0.01463346582610505,24
2003-10-20,0.012463939608635226,22,0.014010245804621582,23,0.014591917415143383,24
2003-10-21,0.009691467410698552,14,0.013429957901697617,22,0.014482715775424601,23
2003-10-22,0.006020021564738636,4,0.013331501068433773,22,0.014493570559216814,23
2003-10-23,0.00855782095510218,11,0.013196290815649792,21,0.014015593482644455,22
2003-10-24,0.005219298181399224,2,0.013512752710652996,22,0.014071398743890995,22
2003-10-27,0.006293417531117396,5,0.013134051458378612,21,0.014247187205154475,23
2003-10-28,0.005724132472027816,4,0.010187778622336711,13,0.014288300524095868,23
2003-10-29,0.007582302052234115,8,0.007934438722100687,5,0.01370286519484372,21
2003-10-30,0.008320281556475061,10,0.008784267222507115,8,0.011750418184375493,15
2003-10-31,0.008333751276962278,10,0.006708034375217699,3,0.011767571349687886,15
2003-11-03,0.007766880870162158,9,0.0066886235299394746,3,0.011262036074991013,13
2003-11-04,0.00799521202116178,9,0.006629368237507642,3,0.011314946532438386,13
2003-11-05,0.00683353630040259,6,0.0068073581839182455,3,0.011219484712036003,13
2003-11-06,0.005397478532064665,3,0.006709129616728886,3,0.011148986885797766,13
2003-11-07,0.006173422324928001,5,0.007141910755615124,4,0.010935092794051379,12
2003-11-10,0.00625380913385567,5,0.00672798324148991,3,0.01093077652470482,12
2003-11-11,0.0069576717731703085,6,0.007782467846811181,5,0.010680062893920799,11
2003-11-12,0.006957759538649183,6,0.007125963415617295,4,0.008642647014915805,5
2003-11-13,0.005052425630765525,2,0.005853814419205358,1,0.007182858691063751,1
2003-11-14,0.005109575519093646,2,0.005694101306238577,1,0.00713462830911455,1
2003-11-17,0.005137179961035246,2,0.0056622014048880245,1,0.006233110154972884,0
2003-11-18,0.006487145923955672,5,0.006341934519549935,2,0.007126617364875524,1
2003-11-19,0.007017316147696066,7,0.006601612918208951,3,0.00715352399645382,1
2003-11-20,0.0069355166656688795,6,0.0057255624495125695,1,0.0070751992782206365,1
2003-11-21,0.007161839593928647,7,0.005866413160142612,1,0.006838275276278497,1
2003-11-24,0.010632588728027127,17,0.00806137396528889,6,0.007473766031245863,2
2003-11-25,0.006247464617331512,5,0.007172516446887897,4,0.0071850369832241025,1
2003-11-26,0.0062561372973576985,5,0.007346174839319915,4,0.007197977085884194,1
2003-11-28,0.010893801402766764,18,0.00896932334026725,9,0.007718462743035428,2
2003-12-01,0.011026186118187106,18,0.009190784199146103,9,0.0073171927138613,2
2003-12-02,0.008741399839186632,12,0.009192955138573095,9,0.007270854811419883,1
2003-12-03,0.008551108735062018,11,0.0075812773534441906,5,0.007265160478032402,1
2003-12-04,0.00785355464099221,9,0.007556737074497539,5,0.007054296151866437,1
2003-12-05,0.007897417897544058,9,0.009206510030904082,9,0.00767631509249584,2
2003-12-08,0.0084699745040499,11,0.009558954966699836,11,0.007721485472849756,2
2003-12-09,0.009163541125513156,13,0.008443135010252923,7,0.007838831225004709,3
2003-12-10,0.009239491587546868,13,0.008394122225920338,7,0.00785302628529855,3
2003-12-11,0.009418058294787745,14,0.008235228946287872,6,0.007477450245725217,2
2003-12-12,0.004123705524063527,1,0.0066140476902072755,3,0.007500874917137412,2
2003-12-15,0.012016601687694339,21,0.009822213725428346,12,0.009104376923540956,6
2003-12-16,0.010934018061309888,18,0.009841919491461076,12,0.00914148111032459,6
2003-12-17,0.010923311797053872,18,0.00980788141961961,12,0.00914985492417425,6
2003-12-18,0.012907856777041172,23,0.010792588070099746,14,0.00901067736130139,6
2003-12-19,0.012795989048542695,23,0.009713748540156653,11,0.008983186060259697,6
2003-12-22,0.006364664702822218,5,0.009377653720010915,10,0.009005858743487334,6
2003-12-23,0.005280696658555872,2,0.009129169741062121,9,0.009008269054346622,6
2003-12-24,0.006417326085856342,5,0.009290135883443145,10,0.00845073539048913,4
2003-12-26,0.0040431361717256755,1,0.009255414526112716,10,0.008443655107400668,4
2003-12-29,0.005037991568309997,2,0.009571359527937914,11,0.008511524083325589,4
2003-12-30,0.005000407009625954,2,0.005397453371448636,0,0.007875974580759176,3
2003-12-31,0.0051259315343066235,2,0.00493716833055218,0,0.007813788443745931,3
2004-01-02,0.007039414295914609,7,0.006383545108237249,2,0.008174451946787427,3
2004-01-05,0.011263943120997008,19,0.008262601591671392,7,0.009373690254938238,7
2004-01-06,0.011193845368911404,19,0.0082582933220815,7,0.009385683325980042,7
2004-01-07,0.011453010018396428,19,0.008362378504718158,7,0.008682993761269915,5
2004-01-08,0.012127697459366205,21,0.008800159394797164,8,0.008683853327390044,5
2004-01-09,0.010543727301234564,17,0.008483925046212247,7,0.00860942050176032,5
2004-01-12,0.004276061636693532,1,0.0085182048882572,7,0.008630301203611421,5
2004-01-13,0.004157624691709633,1,0.008568208733604529,7,0.008683557618806074,5
2004-01-14,0.007931756639806432,9,0.010280903082246311,13,0.009460542829602774,7
2004-01-15,0.007994451134300463,9,0.010280018678369175,13,0.008113622139662316,3
2004-01-16,0.009332346146891312,13,0.011123403654795964,15,0.008956312556368029,6
2004-01-20,0.006912506329254875,6,0.007437935668962845,4,0.008963693126384235,6
2004-01-21,0.009525691733257959,14,0.007668575387927904,5,0.00859963349005166,4
2004-01-22,0.009995044111110296,15,0.00856377752278895,7,0.008761234043431232,5
2004-01-23,0.009875041657229536,15,0.008724341643412747,8,0.008725956239405199,5
2004-01-26,0.005434744845825889,3,0.009862644244137549,12,0.009082605256637942,6
2004-01-27,0.0051785190188105845,2,0.009574550732909757,11,0.008995886359548637,6
2004-01-28,0.009783137636341423,15,0.010228293616592533,13,0.009467381740390293,7
2004-01-29,0.01114501307955031,19,0.010348379862532025,13,0.009821808594073481,8
2004-01-30,0.011763334562027588,20,0.01028051014176245,13,0.009862980128061844,8
2004-02-02,0.010927099958286904,18,0.008525254861212946,7,0.009947018276479262,9
2004-02-03,0.010941971043509436,18,0.00833474081506738,7,0.009716527245104209,8
2004-02-04,0.007273207924363756,7,0.008299372290670123,7,0.008472323459588435,4
2004-02-05,0.004930743043015814,2,0.008136979249534763,6,0.008422038545660851,4
2004-02-06,0.0026890167163229383,0,0.008136947226802378,6,0.008441866396260437,4
2004-02-09,0.007932826288162732,9,0.009032385817103078,9,0.008982581855904724,6
2004-02-10,0.008460188724235757,11,0.009271676383217776,10,0.009122829577058946,6
2004-02-11,0.008219861279992016,10,0.007921777028347931,5,0.009026238129833318,6
2004-02-12,0.008192170110225107,10,0.006644022964166553,3,0.009006169895411593,6
2004-02-13,0.007993210418952715,9,0.00633719313548106,2,0.008249695499807645,4
2004-02-17,0.005680523832383716,3,0.0068943822260266055,3,0.00845371298499022,4
2004-02-18,0.00672173367631736,6,0.007227887472500552,4,0.007629294187915368,2
2004-02-19,0.006968925330868271,7,0.007196968841808451,4,0.007662669323136165,2
2004-02-20,0.007599011102536368,8,0.0074538157547456895,4,0.007815111632015748,3
2004-02-23,0.007598797816070807,8,0.007369096468648212,4,0.007635103080344249,2
2004-02-24,0.0027969557793390064,0,0.005748211455263418,1,0.00766854932809129,2
2004-02-25,0.0025760766971233873,0,0.005362339839088673,0,0.007262238676173128,1
2004-02-26,0.002571195242543523,0,0.005349186733981963,0,0.007304137989322698,1
2004-02-27,0.002382140050697742,0,0.00550943474837704,1,0.006847739206754726,1
2004-03-01,0.001955052348601185,0,0.0054660441730911965,1,0.005943108819986668,0
2004-03-02,0.0025265375255304986,0,0.0025323833924783506,0,0.005857671896996886,0
2004-03-03,0.006872443179227353,6,0.005265709158897642,0,0.0061726121719952115,0
2004-03-04,0.0067050167879570705,6,0.005639382755995767,1,0.006217804891993892,0
2004-03-05,0.005056000960086796,2,0.005390418114187891,0,0.006203325820711608,0
2004-03-08,0.01045063189381745,16,0.007476860143986791,4,0.007094831069448446,1
2004-03-09,0.010440440391711233,16,0.007470299557247474,4,0.007052773003892609,1
2004-03-10,0.009640691437311544,14,0.008179425557874206,6,0.006822378557589801,1
2004-03-11,0.008283754481955391,10,0.008183647610419769,6,0.006591189928386213,0
2004-03-12,0.010397303521688791,16,0.00884979576268838,8,0.007057878622446768,1
2004-03-15,0.010801352506782774,17,0.010421059450655462,13,0.007912866621388836,3
2004-03-16,0.016277813232955893,30,0.012907623552474677,20,0.009488484517650449,7
2004-03-17,0.016574874024768163,31,0.013779064623445967,23,0.010064920845232337,9
2004-03-18,0.015800325386782325,29,0.013725192006576998,23,0.010009769523218085,9
2004-03-19,0.017831654034127235,33,0.014272738522556517,24,0.010337435768588912,10
2004-03-22,0.013799004757592161,25,0.013243255172036762,21,0.010293937327003464,10
2004-03-23,0.011156779513048574,19,0.01325090607518599,21,0.01029371365080445,10
2004-03-24,0.0066018446946852554,6,0.01241686080652882,19,0.010272304996770837,10
2004-03-25,0.007247049010347265,7,0.01224197887246728,19,0.010293243558805329,10
2004-03-26,0.005899541854993304,4,0.012582399076494773,19,0.010461361643453206,10
2004-03-29,0.00557196398042157,3,0.010789517349598488,14,0.010384151826936432,10
2004-03-30,0.005602384466151433,3,0.008580481238794381,8,0.010400685789820417,10
2004-03-31,0.006031951687516614,4,0.005962569000980266,1,0.010426212326927265,10
2004-04-01,0.004551433238019962,1,0.0058310122011788765,1,0.010128243711673266,9
2004-04-02,0.005355125494345178,3,0.005602548306245849,1,0.010334792209377303,10
2004-04-05,0.005483450425336687,3,0.005406059717758603,0,0.01034034324671618,10
2004-04-06,0.008038018138184324,10,0.006531863077694243,2,0.009985761019821234,9
2004-04-07,0.011752895281572301,20,0.008882831729103535,8,0.010708654507473173,11
2004-04-08,0.012963982400175128,23,0.010012821638753727,12,0.010759904595453593,12
2004-04-12,0.009278719706438033,13,0.009776550322591122,12,0.0108541921435984,12
2004-04-13,0.02075271328568483,37,0.01492672772014722,25,0.013131099374544939,19
2004-04-14,0.02153362722286921,38,0.015347842608808381,26,0.012738272801384641,18
2004-04-15,0.019909058835225694,36,0.015940497363286007,28,0.012283566394106374,17
2004-04-16,0.022310365551153438,39,0.017959056325462155,32,0.01271571141318224,18
2004-04-19,0.020464925157021755,37,0.01760258482239342,31,0.01271924707192523,18
2004-04-20,0.015267971085086426,28,0.017455864471514558,31,0.012441101298977639,17
2004-04-21,0.014690416786521651,27,0.017411012907953716,31,0.012546295302328047,17
2004-04-22,0.010855285888631395,17,0.016704136950555806,29,0.012692043362222323,18
2004-04-23,0.0057197412823004135,4,0.015840048857070053,27,0.012693037739007648,18
2004-04-26,0.005084863264197689,2,0.015210537707634125,26,0.012631205869342679,18
2004-04-27,0.005018625685898739,2,0.011002699018364486,15,0.0124600467464709,17
2004-04-28,0.007754321655647481,9,0.011212194396425259,16,0.012776548369802476,18
2004-04-29,0.005499187000424421,3,0.009848297730730034,12,0.012785614782424754,18
2004-04-30,0.004853424655572298,2,0.006235066588353859,2,0.012773779913986684,18
2004-05-03,0.004757625704788671,2,0.0061704263459872715,2,0.012778471293999883,18
2004-05-04,0.005028041362854736,2,0.006192653264362871,2,0.012539754613036856,17
2004-05-05,0.004124748334411873,1,0.0058586902005626764,1,0.012523383400413288,17
2004-05-06,0.006719311198026965,6,0.005812489660242882,1,0.012667786610955363,18
2004-05-07,0.013254041444802325,24,0.00953118749515323,11,0.013303090314782082,20
2004-05-10,0.013588670165932501,25,0.009656604893588225,11,0.012656225096361525,18
2004-05-11,0.0143704110850196,27,0.01017273569645498,13,0.01236955860696452,17
2004-05-12,0.018298361399040532,34,0.012553997129179083,19,0.011583693723816796,14
2004-05-13,0.018498084114510767,34,0.013357781919413506,22,0.01173107525678389,15
2004-05-14,0.010049979714574222,15,0.013389861863109195,22,0.011236599594988428,13
2004-05-17,0.010973209356274738,18,0.013424625540255749,22,0.009950297633408767,9
2004-05-18,0.011139949007479779,19,0.013437182519062429,22,0.009927413991608739,9
2004-05-19,0.0071423318244229084,7,0.01327781603560232,21,0.009932604818316417,9
2004-05-20,0.003210322450968477,0,0.012724709236350128,20,0.009765029491968686,8
2004-05-21,0.008189695427617293,10,0.00902700054959268,9,0.010217746588772215,9
2004-05-24,0.007396817832995905,8,0.008895826790953527,9,0.010284383838893605,10
2004-05-25,0.007844515649146623,9,0.009085226901440844,9,0.010557996582108308,11
2004-05-26,0.007513637331483934,8,0.007593177682424748,5,0.010752840490642372,12
2004-05-27,0.004186683133378618,1,0.007023302990482392,3,0.010361860095203386,10
2004-05-28,0.008601656955466757,11,0.008004243392943994,6,0.010649896489473688,11
2004-06-01,0.009459706513292488,14,0.008050911049477983,6,0.01068181319933956,11
2004-06-02,0.00821107744785133,10,0.008051258192011836,6,0.01063496805783813,11
2004-06-03,0.006477237562025581,5,0.008105614653757406,6,0.010641913170312068,11
2004-06-04,0.006441311430531196,5,0.007749641466759305,5,0.010649208192248141,11
2004-06-07,0.009158172046363718,13,0.0083766395980687,7,0.010838881373030282,12
2004-06-08,0.00874679220265834,12,0.008688025340725136,8,0.008421524286274906,4
2004-06-09,0.008824948663328088,12,0.008617313658223281,8,0.008466561587771992,4
2004-06-10,0.008591976448659996,11,0.008363006590450986,7,0.008498931927691019,4
2004-06-14,0.01433091607223886,26,0.010604853724670057,14,0.009062923435032212,6
2004-06-15,0.011260516494500002,19,0.01007308076319585,12,0.008790798419427644,5
2004-06-16,0.011231169803930642,19,0.009925815354056634,12,0.008722068083702884,5
2004-06-17,0.009694089603023343,14,0.01040893335261269,13,0.008887568403690581,5
2004-06-18,0.010071335158202174,15,0.010418665856475003,13,0.008891648893315238,6
2004-06-21,0.006468805010585759,5,0.010617242148358826,14,0.009139686453180555,6
2004-06-22,0.004569300069585524,1,0.008227843570883603,6,0.009120089863082251,6
2004-06-23,0.005714333082088924,4,0.008443505161984038,7,0.00856067735212648,4
2004-06-24,0.004812643247705808,2,0.007415211615960907,4,0.00853242560318326,4
2004-06-25,0.004447988855844184,1,0.00744764555055058,4,0.008227012344012524,4
2004-06-28,0.0033593550232202322,0,0.005029677044167376,0,0.008004944115739942,3
2004-06-29,0.0025049696003837537,0,0.004401218938943158,0,0.00787623258200624,3
2004-06-30,0.0023424254344695046,0,0.004560312095334044,0,0.0075320570431060664,2
2004-07-01,0.006970546510148438,7,0.005647513049196506,1,0.008019755935595082,3
2004-07-02,0.007905911839772406,9,0.006111961020561656,2,0.008167254808353355,3
2004-07-06,0.008188202434898024,10,0.006104972829199673,2,0.008346180675172564,4
2004-07-07,0.008345534002837246,11,0.006048013636064983,1,0.008232852113673835,4
2004-07-08,0.00807751772477432,10,0.005901054110442284,1,0.00695016472223509,1
2004-07-09,0.006440373632544711,5,0.006327111950201582,2,0.007083670236160234,1
2004-07-12,0.009092058906216864,13,0.008033050786400561,6,0.007510968465481377,2
2004-07-13,0.007939325464179662,9,0.007982887311147862,6,0.0075515896250523545,2
2004-07-14,0.00913922504386488,13,0.008923889252712786,9,0.006939996248031358,1
2004-07-15,0.032234318930939365,46,0.022378217856677395,39,0.015494408546292063,26
2004-07-16,0.03225784918165409,47,0.022208251146298246,38,0.015504588807924363,26
2004-07-19,0.031189636098274496,46,0.02222983749884493,38,0.015628017601034775,26
2004-07-20,0.03136214571907742,46,0.022369414416490513,39,0.015654724351747674,27
2004-07-21,0.029536618239328627,45,0.022323608207343068,39,0.015606474583662173,26
2004-07-22,0.005047593422013777,2,0.0223418185196709,39,0.015619283699476608,26
2004-07-23,0.007601649883664412,8,0.022484199094495384,39,0.01572983868496434,27
2004-07-26,0.00635253059294781,5,0.021573765476645607,37,0.015729078056901383,27
2004-07-27,0.0073954458614359205,8,0.02186894799056035,38,0.015882764226772237,27
2004-07-28,0.007788172797963237,9,0.02095957760236255,37,0.015846799288993327,27
2004-07-29,0.007789638653850722,9,0.0064781782613576155,2,0.01586757003263413,27
2004-07-30,0.00711216359418205,7,0.0070087217265617655,3,0.01589438838942088,27
2004-08-02,0.007144994192726202,7,0.0063745626697275445,2,0.01572909925232985,27
2004-08-03,0.0043593971219125114,1,0.006069212857159048,2,0.015580075928043238,26
2004-08-04,0.004374749978549138,1,0.006034987800225902,1,0.0155498565789052,26
2004-08-05,0.0030243992769386284,0,0.005834898249952536,1,0.01552161022777726,26
2004-08-06,0.0027719054035459114,0,0.00543048524430348,0,0.015541749036592585,26
2004-08-09,0.002681561606227477,0,0.005567832183613313,1,0.015545278834440705,26
2004-08-10,0.005806047052867468,4,0.004864857370916489,0,0.015121558891362494,25
2004-08-11,0.007826552705112629,9,0.006072031318407738,2,0.01526578818657026,25
2004-08-12,0.008827928568566156,12,0.0063396729162051545,2,0.014829337788762572,24
2004-08-13,0.00902141870150205,13,0.006376727600461331,2,0.006629566188254239,0
2004-08-16,0.01310794883573888,24,0.009973586928040451,12,0.00821012319912122,3
2004-08-17,0.013382796598370598,24,0.010368673615047863,13,0.00826662886813404,4
2004-08-18,0.016126662056415948,30,0.012652338907214348,20,0.00973561089769695,8
2004-08-19,0.01319775562657501,24,0.012390785267174475,19,0.009802941205590755,8
2004-08-20,0.007597124678154187,8,0.011815309653037015,17,0.01011378206274793,9
2004-08-23,0.00902562811412024,13,0.011208921591577253,16,0.009726890585442564,8
2004-08-24,0.009379557412357024,14,0.011230308740490719,16,0.009726369690209392,8
2004-08-25,0.005302845984252366,2,0.011318779909455696,16,0.009811700778867893,8
2004-08-26,0.005292130997285644,2,0.009653456226043796,11,0.009692099908846686,8
2004-08-27,0.005006668279581258,2,0.008142195781238887,6,0.0097151663479828,8
2004-08-30,0.007097019523173059,7,0.008573783358656299,8,0.009632464424051254,8
2004-08-31,0.0072022763625342445,7,0.00880159172432452,8,0.009609712492657466,8
2004-09-01,0.008692322409227106,12,0.00879305482903327,8,0.01039601634451998,10
2004-09-02,0.008728700907813561,12,0.008818381503199227,8,0.010407588630966184,10
2004-09-03,0.012073602212929462,21,0.009124990837974932,9,0.010597377274090592,11
2004-09-07,0.011830721029720062,20,0.00936854524643808,10,0.010458575381762111,10
2004-09-08,0.014441878282092644,27,0.011189553731294832,15,0.01134850689483546,14
2004-09-09,0.01273823535269092,23,0.010336224094557183,13,0.011474821212359721,14
2004-09-10,0.014361865216675289,27,0.011360437047198977,16,0.011683038432310886,15
2004-09-13,0.012069722479734191,21,0.01142451036436816,16,0.011319206760453534,13
2004-09-14,0.013025561295190127,23,0.01173505911877181,17,0.011023897632246173,13
2004-09-15,0.007571599221799011,8,0.011784323809202845,17,0.010317043829119556,10
2004-09-16,0.008960121347159518,12,0.012273637946964754,19,0.011206896977730542,13
2004-09-17,0.010566605419747077,17,0.012496760402756421,19,0.010331431018764192,10
2004-09-20,0.013844048402793907,25,0.012768091955317728,20,0.01081796199895618,12
2004-09-21,0.014125857286095259,26,0.012818547019038808,20,0.010660663887794698,11
2004-09-22,0.01616914227905659,30,0.011906951600891823,18,0.011309810089922562,13
2004-09-23,0.012349826134676166,22,0.012405652792044046,19,0.011586221714685818,14
2004-09-24,0.01431687695293773,26,0.012349930989392624,19,0.011687046184573691,15
2004-09-27,0.012696436943874657,22,0.012556487192854482,19,0.011667288408897676,15
2004-09-28,0.0118738956388888,20,0.012388395445874164,19,0.011665140886027566,15
2004-09-29,0.010677019728586206,17,0.012929197105397637,21,0.011859895431120563,15
2004-09-30,0.009339599264487916,13,0.010923809235077651,15,0.011956599720834377,16
2004-10-01,0.009579683731340608,14,0.011635359512223921,17,0.011492009696207287,14
2004-10-04,0.008616100291578627,11,0.010421299551248544,13,0.011501242910405093,14
2004-10-05,0.010964191101205317,18,0.010776019010779857,14,0.011477956955146697,14
2004-10-06,0.011028015038737508,18,0.010254091069792585,13,0.011661536956855552,15
2004-10-07,0.009862941796543614,15,0.009098501630886947,9,0.010563895407232118,11
2004-10-08,0.009877695537676506,15,0.009303443957144676,10,0.01065923533205359,11
2004-10-11,0.011001202302810816,18,0.009534709691370092,11,0.01059430336921265,11
2004-10-12,0.009180616881603276,13,0.009533895888248713,11,0.010604200893441261,11
2004-10-13,0.007838972075018737,9,0.009229967708126435,10,0.01067226488727337,11
2004-10-14,0.010299262217487533,16,0.010456881624157654,13,0.011339830670022585,13
2004-10-15,0.009903340503167246,15,0.009416412680126888,10,0.010164473269582364,9
2004-10-18,0.013653349611234336,25,0.011722800100489851,17,0.011142156100645364,13
2004-10-19,0.013655073021290747,25,0.011137207149206282,15,0.010621108410058795,11
2004-10-20,0.014725816452633149,27,0.01114227256210426,15,0.010943054065174667,12
2004-10-21,0.012903742345169316,23,0.01120292910083796,15,0.010411297018075789,10
2004-10-22,0.015176723603676324,28,0.012083430281029739,18,0.010817554543853336,12
2004-10-25,0.007523366749397859,8,0.011026490953622065,15,0.010442399969506393,10
2004-10-26,0.01444600345567427,27,0.01335226972175665,22,0.01130046031087632,13
2004-10-27,0.015570162411213012,29,0.014466310157678566,24,0.011826281331155328,15
2004-10-28,0.015259463513589677,28,0.013404640862364535,22,0.011544039451000732,14
2004-10-29,0.010673020274648837,17,0.013345064289947433,22,0.011421233354787763,14
2004-11-01,0.009968510686027308,15,0.011487293079099754,16,0.01107926275733488,13
2004-11-02,0.007256262279153417,7,0.011541554962930344,17,0.011035725328377714,13
2004-11-03,0.005636547689053556,3,0.011054890551510077,15,0.011073365512056888,13
2004-11-04,0.010946531706286775,18,0.012980767126211675,21,0.012193409978754705,16
2004-11-05,0.012263853217355012,21,0.010876394965276934,14,0.012278623628419926,17
2004-11-08,0.017710456705777845,33,0.013689122738641568,23,0.012957796773656887,19
2004-11-09,0.01798271895416255,33,0.012962116221064598,21,0.012772373788864571,18
2004-11-10,0.017207675121687097,32,0.012146397567573337,18,0.012804665576148334,18
2004-11-11,0.013577682821488907,25,0.012881986144937574,20,0.013186083274314425,19
2004-11-12,0.014852004383646375,27,0.01317831217758758,21,0.012777893476890935,18
2004-11-15,0.008228301385590699,10,0.013159233304663067,21,0.012714035282391421,18
2004-11-16,0.006117028188430851,5,0.013139708940507405,21,0.012062194775837696,16
2004-11-17,0.005726085034623337,4,0.012953284532197823,21,0.012092985070950876,16
2004-11-18,0.00673822486720251,6,0.010664342360798659,14,0.01163950401235589,15
2004-11-19,0.01026178274720522,16,0.01218014331210292,18,0.012363369622590928,17
2004-11-22,0.010417324860079052,16,0.009815494978880632,12,0.011434373219318708,14
2004-11-23,0.010154431890954529,16,0.009548779463302372,11,0.011358879792098675,14
2004-11-24,0.008807730810266175,12,0.009753890556369103,12,0.010887511726620487,12
2004-11-26,0.008836979772242563,12,0.008454552611984913,7,0.010488346429147338,10
2004-11-29,0.004318372391386736,1,0.007435947304706154,4,0.010582585031756893,11
2004-11-30,0.004188728772844619,1,0.007552112311090657,5,0.010795674940216842,12
2004-12-01,0.013016629384952542,23,0.011102910985103784,15,0.011857885786421114,15
2004-12-02,0.01280816677052623,23,0.010827842505577378,14,0.011857474195262334,15
2004-12-03,0.03535455089238531,48,0.02473135906352318,41,0.01969229838443474,35
2004-12-06,0.03536704060366321,48,0.024863377947847452,41,0.01899117134965676,34
2004-12-07,0.03524749425683841,48,0.024797838476177395,41,0.019370664619113465,35
2004-12-08,0.02866760194908354,44,0.024496375386592828,41,0.019028919969538982,34
2004-12-09,0.03102404299136943,46,0.02547869899769258,41,0.01933830336629409,34
2004-12-10,0.01531736633908171,28,0.02590757216975229,42,0.019402738228215043,35
2004-12-13,0.014224406947426405,26,0.026737642614628396,42,0.019204276544904437,34
2004-12-14,0.006727126172773141,6,0.02705567999310205,43,0.01896712408243784,34
2004-12-15,0.0030411886617385028,0,0.025941015406079796,42,0.019248253417255994,34
2004-12-16,0.007845265871793366,9,0.025760250830990344,42,0.01918196714508797,34
2004-12-17,0.011770437341855684,20,0.013502854140134062,22,0.019128837492223733,34
2004-12-20,0.010523389715812802,17,0.011799494206154632,17,0.01920923890576273,34
2004-12-21,0.011053674305622235,18,0.009097955408951945,9,0.01916236693519507,34
2004-12-22,0.008976454754510275,13,0.009000865361793802,9,0.019089439161660664,34
2004-12-23,0.008760117477377908,12,0.00855824832554561,7,0.019095463367470835,34
2004-12-27,0.005010326254621556,2,0.008528353133583964,7,0.019100850888220038,34
2004-12-28,0.0050367360098215455,2,0.00783922719414155,5,0.01915898213580318,34
2004-12-29,0.007879793152062109,9,0.00927526467270757,10,0.019354050642205637,34
2004-12-30,0.008107526286678154,10,0.008067132786148673,6,0.01935198412413515,34
2004-12-31,0.008237708354419162,10,0.008046276439538324,6,0.018448159187695882,33
2005-01-03,0.00880831272338107,12,0.006880038299898068,3,0.018512585497724134,33
2005-01-04,0.008897141182245992,12,0.00725803213325083,4,0.010358701845347885,10
2005-01-05,0.008973373265188647,12,0.007963038257143786,5,0.009963097973170744,9
2005-01-06,0.00865888099634105,12,0.007971250089162826,6,0.008785322018623306,5
2005-01-07,0.007656491150307889,8,0.007808272592073869,5,0.008856706101324042,5
2005-01-10,0.006447926428704993,5,0.007967700684146749,6,0.008462297600111092,4
2005-01-11,0.006472807308790676,5,0.0076471951759416994,5,0.008448424843382213,4
2005-01-12,0.0043157461003310044,1,0.0067870546458065435,3,0.00807942975113614,3
2005-01-13,0.006392624377912585,5,0.0074686992174594026,4,0.00840372874097223,4
2005-01-14,0.007227504516834242,7,0.007025852177074058,3,0.0076378524796040514,2
2005-01-18,0.030976904555964815,46,0.02198228713871707,38,0.01575964547206725,27
2005-01-19,0.031268165013102256,46,0.02211307828756324,38,0.015640859849977415,27
2005-01-20,0.031176351373449852,46,0.021653111569007327,38,0.015710818531421027,27
2005-01-21,0.029767333266366006,45,0.02170160670231122,38,0.01556159303390805,26
2005-01-24,0.029558529706094034,45,0.021954749816093844,38,0.015877291454291353,27
2005-01-25,0.00959376841681625,14,0.02215291928277382,38,0.01592341752678318,27
2005-01-26,0.010043135295291036,15,0.022048465984455323,38,0.016059531277323496,28
2005-01-27,0.00935630945004487,13,0.02181768722734215,38,0.016038735021572978,27
2005-01-28,0.011135392980563333,19,0.02158449554625624,38,0.01594038349647589,27
2005-01-31,0.011642323951558762,20,0.021844226900935442,38,0.016302079033814625,28
2005-02-01,0.011659679658661234,20,0.010713413478390844,14,0.016453044157829347,28
2005-02-02,0.011797971949505567,20,0.010489688619252495,13,0.01654541155816355,29
2005-02-03,0.011313830779261425,19,0.009949005747516384,12,0.016466172611219076,28
2005-02-04,0.006405903264295083,5,0.010250543890328917,13,0.016334594346270766,28
2005-02-07,0.007711073981769634,8,0.00999525377459765,12,0.01631246784155658,28
2005-02-08,0.009248500026234854,13,0.009922046172463301,12,0.016322846238711285,28
2005-02-09,0.008605024839068606,11,0.009833515065873228,12,0.016340789882705913,28
2005-02-10,0.008665544926158942,12,0.009590239692394028,11,0.016199676483863817,28
2005-02-11,0.003888100039627505,1,0.008020017245859622,6,0.016032421052773783,27
2005-02-14,0.0038990750776418904,1,0.0072927834814858475,4,0.015515009920862634,26
2005-02-15,0.004568763784471767,1,0.007441889020601661,4,0.01572953472214445,27
2005-02-16,0.004626675972317595,1,0.006812092277387331,3,0.008811792050618094,5
2005-02-17,0.0033819601852718346,0,0.007323852616580853,4,0.008780709850858144,5
2005-02-18,0.004325376238278352,1,0.004997557055762608,0,0.00910533350975315,6
2005-02-22,0.005334415443169298,3,0.006515961893448693,2,0.009882639116271751,8
2005-02-23,0.007762269905097569,9,0.006960714035320021,3,0.00935311601299726,7
2005-02-24,0.011160100976232068,19,0.008256968847876151,7,0.00950186736193506,7
2005-02-25,0.011379638583378442,19,0.007947236512633281,5,0.009276789509814521,7
2005-02-28,0.010978845330940165,18,0.008145662019974766,6,0.00953217829335092,8
2005-03-01,0.007291576223613147,7,0.008455964579855361,7,0.009153660909268361,6
2005-03-02,0.007420946539065512,8,0.008774967721413193,8,0.00849396042408419,4
2005-03-03,0.005932725126741756,4,0.00878666681837295,8,0.0080504592907386,3
2005-03-04,0.012754636821805342,23,0.011992412367018654,18,0.009448065494180875,7
2005-03-07,0.010153947209509902,16,0.011582626342807186,17,0.009828299053234086,8
2005-03-08,0.014174823366092656,26,0.010820378406512725,14,0.009510801938064993,8
2005-03-09,0.018379519615514088,34,0.013240317271945109,21,0.010440144948880771,10
2005-03-10,0.018769314070080728,34,0.013210553724117963,21,0.010685868442396596,11
2005-03-11,0.015859999868175094,29,0.014597156120933886,25,0.011351039886165157,14
2005-03-14,0.01272081543826899,22,0.014241949652133623,24,0.011230408805578278,13
2005-03-15,0.012991264990849549,23,0.01499929776956338,25,0.011603909529804435,15
2005-03-16,0.011380764267853975,19,0.014873790556643379,25,0.011627668525120325,15
2005-03-17,0.009837401340180735,15,0.015093160242598203,25,0.01171664704485374,15
2005-03-18,0.00867380424390475,12,0.012054382777232116,18,0.011979764975209922,16
2005-03-21,0.010335677016749227,16,0.011107253032120927,15,0.012085862910839303,16
2005-03-22,0.008653483229989002,11,0.010893626741129557,14,0.011918530493437846,16
2005-03-23,0.009097256040630029,13,0.010179783666746737,13,0.011497978390691057,14
2005-03-24,0.008671785471780378,12,0.009049673787219383,9,0.011517460306040015,14
2005-03-28,0.008399024009215428,11,0.009292399243924958,10,0.01165294092703398,15
2005-03-29,0.0081830639924759,10,0.009291426092344483,10,0.011623894398593512,15
2005-03-30,0.009210758270306655,13,0.009514614853311003,11,0.012030182553378382,16
2005-03-31,0.009347023866224203,13,0.009118249094196456,9,0.012012681832892644,16
2005-04-01,0.00815935543830156,10,0.009093152866450753,9,0.011957761246415214,16
2005-04-04,0.008564978473470413,11,0.008008401855913108,6,0.012038829682692351,16
2005-04-05,0.009235168470625273,13,0.008397461929570752,7,0.010902336223986996,12
2005-04-06,0.007247088591445759,7,0.00794673813060565,5,0.010670520173775632,11
2005-04-07,0.007283118708781218,7,0.00793360435543144,5,0.010429332526911674,10
2005-04-08,0.008580443670811127,11,0.008111221392319031,6,0.009555312836428761,8
2005-04-11,0.00699184629063878,7,0.007498652295569475,4,0.009341972230580364,7
2005-04-12,0.007134811843689789,7,0.007781577757129592,5,0.008716709836073446,5
2005-04-13,0.007953119165945922,9,0.007199021312832539,4,0.008842833879771323,5
2005-04-14,0.02158290161642656,38,0.0163697987875179,29,0.012850525857732057,18
2005-04-15,0.021800523164097543,39,0.016366837844380564,29,0.012780748643398843,18
2005-04-18,0.02500000658296125,42,0.01784079492427999,32,0.013548940726268457,20
2005-04-19,0.023473106392408627,40,0.01749434967963841,31,0.013235302205438173,19
2005-04-20,0.02416599978823516,41,0.018062214243026432,33,0.013957999825124153,22
2005-04-21,0.01957233149998745,35,0.020473507557483513,36,0.015082215043615175,25
2005-04-22,0.019387018921908816,35,0.02066256079471512,36,0.015145765254409667,25
2005-04-25,0.019138597721501054,35,0.021600001307125867,38,0.015552372248005384,26
2005-04-26,0.019529419244448006,35,0.021416013491866722,37,0.015528246079854046,26
2005-04-27,0.013348907936250024,24,0.022087581530481192,38,0.015896690053076232,27
2005-04-28,0.013950087510911383,26,0.01604475982964331,28,0.015800435669986526,27
2005-04-29,0.01812697368421107,33,0.017814250532886503,32,0.01708601533789395,30
2005-05-02,0.017371267964778076,32,0.01724258974627578,30,0.017069360395192936,30
2005-05-03,0.01591668983017031,30,0.01688794221680728,30,0.01693964053313698,30
2005-05-04,0.015193323736542858,28,0.013831886495059209,23,0.016910407513266466,30
2005-05-05,0.012871893425227682,23,0.01278711648011854,20,0.01687624762516761,29
2005-05-06,0.005458072015752963,3,0.013319271012999533,22,0.016944975169637416,30
2005-05-09,0.006173974919691341,5,0.012498431861631269,19,0.01685574164445018,29
2005-05-10,0.009372793573602031,14,0.013115071174691427,21,0.017195739421532553,30
2005-05-11,0.008418803635474863,11,0.01229793760531112,19,0.017077141632345565,30
2005-05-12,0.01009331722204617,15,0.011595723823361123,17,0.01710324086875974,30
2005-05-13,0.010131399121675861,16,0.007674728748094062,5,0.01346246823929978,20
2005-05-16,0.012876778401108605,23,0.009536232989641751,11,0.013768532751893731,21
2005-05-17,0.009049711834161039,13,0.009498641343496908,11,0.01331426095967498,20
2005-05-18,0.009266563381478597,13,0.009268501482358017,10,0.013111030205147195,19
2005-05-19,0.011105434684616685,18,0.010022912099812115,12,0.01219109470194677,16
2005-05-20,0.012429176758494228,22,0.010690184848880397,14,0.011722657963841813,15
2005-05-23,0.007583645727405314,8,0.010411715105311503,13,0.01167508209159875,15
2005-05-24,0.00724622098376304,7,0.010269878150790604,13,0.011541244838125544,14
2005-05-25,0.006146555453825415,5,0.010182762278633767,13,0.011346705156722614,14
2005-05-26,0.009537472470608068,14,0.010117077533613118,12,0.010997816211325161,13
2005-05-27,0.008847789047543629,12,0.010171361694611908,13,0.010684859669968329,11
2005-05-31,0.010410900314241476,16,0.008595609341057322,8,0.0089853329188239,6
2005-06-01,0.010597616201936189,17,0.009936811153150241,12,0.009483755200056931,7
2005-06-02,0.011565923970726305,20,0.010052984493260505,12,0.009668109656100404,8
2005-06-03,0.013869250417354382,25,0.011224800406919052,16,0.01037014209989994,10
2005-06-06,0.01417407959168453,26,0.011329641680275237,16,0.010563754368544197,11
2005-06-07,0.01375154340509741,25,0.011503521801109045,16,0.010657302775559284,11
2005-06-08,0.011263364692565255,19,0.011117035533848189,15,0.010568849179777287,11
2005-06-09,0.011521553992514024,20,0.011150515475028325,15,0.010187471257943946,9
2005-06-10,0.006600021539794502,6,0.010557041977719459,13,0.010138461225995132,9
2005-06-13,0.00901380641853355,13,0.01120067790972371,15,0.010408187218165724,10
2005-06-14,0.008918380957209277,12,0.010944818579026109,15,0.010405687954599062,10
2005-06-15,0.00814343655827352,10,0.009309308653575037,10,0.009338121838024948,7
2005-06-16,0.008021045828472868,10,0.009365670721624433,10,0.009269769758282287,7
2005-06-17,0.009531721767223729,14,0.00781405398913282,5,0.00951802782187809,8
2005-06-20,0.00425475630156039,1,0.007296697911039104,4,0.009343350276601789,7
2005-06-21,0.0076642850537154885,8,0.008471771965869054,7,0.009788774022550089,8
2005-06-22,0.00684211056580537,6,0.00849442117047188,7,0.009868705667423861,8
2005-06-23,0.011107031220618131,18,0.009644939147301652,11,0.009906894006811122,9
2005-06-24,0.010821193475517797,17,0.00976659814293249,12,0.009960259484309368,9
2005-06-27,0.011020923810895927,18,0.00787583071027965,5,0.00972721369505283,8
2005-06-28,0.007965086557127904,9,0.007875666428077084,5,0.009621733744873264,8
2005-06-29,0.007527281681852966,8,0.007778354050721368,5,0.009293170326183237,7
2005-06-30,0.007497072616607443,8,0.00918893208725206,9,0.009105809103721772,6
2005-07-01,0.006559056597816732,5,0.00882091622803564,8,0.00897580913425248,6
2005-07-05,0.007217796795092415,7,0.00890806311124392,9,0.007972976292958317,3
2005-07-06,0.007065832441416597,7,0.007102388451056039,4,0.007766816254870312,2
2005-07-07,0.007181942274412367,7,0.006936815375311914,3,0.007553552585526553,2
2005-07-08,0.009618756766356729,14,0.009012478884337297,9,0.008956570746878502,6
2005-07-11,0.008885276591601661,12,0.009629191517292834,11,0.009330426808205542,7
2005-07-12,0.008625833669904045,11,0.009341924951350016,10,0.009367997707344786,7
2005-07-13,0.007242148492284054,7,0.009526688730337421,11,0.008455277246985325,4
2005-07-14,0.01827044354399743,34,0.013573887137779348,22,0.010531377376644644,11
2005-07-15,0.015645204967148725,29,0.012533253623284057,19,0.010518688279970732,11
2005-07-18,0.0153164338008212,28,0.013881511681692086,23,0.011210839152930736,13
2005-07-19,0.01490651378401612,27,0.013890867033627014,23,0.011133977050518301,13
2005-07-20,0.015870781696182803,30,0.014381899309190089,24,0.011450859882592217,14
2005-07-21,0.011401729415671373,19,0.014782713023655598,25,0.011151717179142135,13
2005-07-22,0.012870953077508518,23,0.013511506738147643,22,0.011396271012540182,14
2005-07-25,0.008638621471747548,11,0.012865263552081369,20,0.010907429703502447,12
2005-07-26,0.009012334408546012,13,0.01315034955666634,21,0.011070130909171779,13
2005-07-27,0.007939728710708208,9,0.012735100894640736,20,0.010980932126411916,12
2005-07-28,0.004467960663963279,1,0.009242063680557298,10,0.01102405429645036,13
2005-07-29,0.00496850176245514,2,0.00930369318418195,10,0.011073658034381388,13
2005-08-01,0.005423688005738356,3,0.006843269265529208,3,0.010509503050181461,11
2005-08-02,0.00537573278012685,3,0.007138505425396449,4,0.010581552797073032,11
2005-08-03,0.00548116442914289,3,0.00645724784538239,2,0.010591047079804647,11
2005-08-04,0.005857445039397689,4,0.005891150354426519,1,0.010712820892999826,11
2005-08-05,0.0072735705220576905,7,0.00634790446204267,2,0.011018718814913885,13
2005-08-08,0.0075173067791927456,8,0.006383388962645039,2,0.01003563570932135,9
2005-08-09,0.005073001579879929,2,0.005589175374950722,1,0.009689043195762886,8
2005-08-10,0.005894588727449562,4,0.00570912998871781,1,0.009644196014377727,8
2005-08-11,0.005876856452930151,4,0.0055350368912382006,1,0.00944292089999011,7
2005-08-12,0.00307720037328492,0,0.0055053493021712425,1,0.007334710892996141,2
2005-08-15,0.0030738157242476546,0,0.0055228597204452935,1,0.007315656045964313,2
2005-08-16,0.005665740100162967,3,0.005220454260030181,0,0.00649425947135318,0
2005-08-17,0.005352171240371881,3,0.00534241543089842,0,0.006476642787508889,0
2005-08-18,0.004784596005775,2,0.0051552586974416975,0,0.0059534183359788015,0
2005-08-19,0.004744059197267125,2,0.004100190157476687,0,0.00559394553909334,0
2005-08-22,0.005228013915427948,2,0.004282345629645148,0,0.005171715520777126,0
2005-08-23,0.0035846091424502546,0,0.004469698545033673,0,0.005261043359596555,0
2005-08-24,0.0052381637984692045,2,0.005108187333426695,0,0.0052556061330071065,0
2005-08-25,0.009477447778612123,14,0.007442495598422971,4,0.006739109836402245,1
2005-08-26,0.009295552013872853,13,0.007780654610241956,5,0.00683946634902364,1
2005-08-29,0.008870962267912357,12,0.007852323332379596,5,0.006956489842397879,1
2005-08-30,0.00861434708122425,11,0.007745011774506843,5,0.007018293668160503,1
2005-08-31,0.010054258204829112,15,0.007807109405236199,5,0.006590847513156882,0
2005-09-01,0.006356907174044127,5,0.007846820153327149,5,0.006568538613206605,0
2005-09-02,0.004088056552823929,1,0.007819871437376011,5,0.006539303173517898,0
2005-09-06,0.00553511629285602,3,0.00831403581734296,7,0.006711185494400142,0
2005-09-07,0.005978987266172822,4,0.008395945778994773,7,0.006750353553970211,1
2005-09-08,0.0058079872690534615,4,0.00818223087361321,6,0.006738826449463296,1
2005-09-09,0.006151058369509515,5,0.006006019144624516,1,0.0066924461561988545,0
2005-09-12,0.00737234806436302,8,0.005799394073382391,1,0.0070651732648246614,1
2005-09-13,0.008159181736998476,10,0.006649756510516173,3,0.007293531767279848,1
2005-09-14,0.011792245459093787,20,0.009087935181297765,9,0.008185663216995714,3
2005-09-15,0.024045374766455397,41,0.0177926799849534,32,0.013258575505262132,19
2005-09-16,0.030216296006925065,45,0.021057124401222385,37,0.015082080216321276,25
2005-09-19,0.028435706897354956,44,0.02141580647861311,37,0.015342360685038406,26
2005-09-20,0.028383668936389016,44,0.021097305847433634,37,0.015593843482642353,26
2005-09-21,0.02826668274669194,44,0.02117316636709971,37,0.015506523274600103,26
2005-09-22,0.01955723397704898,35,0.02116425634720677,37,0.015512306073605318,26
2005-09-23,0.009177535708584808,13,0.021067652287544678,37,0.015606331820945651,26
2005-09-26,0.00863500706925304,11,0.020131419149326618,36,0.015281581362664191,26
2005-09-27,0.006872135547058587,6,0.02013276642931963,36,0.015296808048695855,26
2005-09-28,0.00508194740609492,2,0.01989310097421321,35,0.015156716029510311,25
2005-09-29,0.005345667506017065,3,0.013528576884293231,22,0.015196533295167004,25
2005-09-30,0.0046429791424250424,1,0.007494546805997958,4,0.015102834415053707,25
2005-10-03,0.004685551587196825,2,0.0066386737360346,3,0.015068743983599794,25
2005-10-04,0.003744495266256584,1,0.005265476782460645,0,0.015053751381316585,25
2005-10-05,0.00534760393543792,3,0.005004641489356537,0,0.014734627007678006,24
2005-10-06,0.005645662629521738,3,0.005290820410898999,0,0.014831139872628348,24
2005-10-07,0.006597814853565384,6,0.005391154125890248,0,0.01495499301538145,25
2005-10-10,0.006507023655358166,5,0.005358584076111602,0,0.014784766742896414,24
2005-10-11,0.007243185011604388,7,0.00544514627812672,0,0.01430713205492443,23
2005-10-12,0.006841569268889485,6,0.006230763288564124,2,0.014565831640810198,24
2005-10-13,0.011199328429550934,19,0.009270851797068512,10,0.015220341248538901,25
2005-10-14,0.01247465407844132,22,0.010557832860355519,13,0.011672834635617213,15
2005-10-17,0.012411397162000562,22,0.011439821192270681,16,0.010263994727296503,10
2005-10-18,0.015224265821551144,28,0.01722315113986314,30,0.014222100618734782,23
2005-10-19,0.020520236783711364,37,0.01717641728808254,30,0.013909525049791926,22
2005-10-20,0.02232332446069807,39,0.017442735255300473,31,0.013543317128710776,20
2005-10-21,0.023211658797308344,40,0.017705923402950782,32,0.013550306061457936,20
2005-10-24,0.022945860472404152,40,0.01739480537521829,31,0.01376396162901553,21
2005-10-25,0.010312739405722752,16,0.017619870765024827,31,0.014139278730581495,22
2005-10-26,0.016153872137306555,30,0.018626997107196973,34,0.014955918713320917,25
2005-10-27,0.015577574464725465,29,0.01843957323234581,33,0.014841119517408461,24
2005-10-28,0.018601593259967557,34,0.019973131938387522,35,0.016170824323820394,28
2005-10-31,0.02089905052921118,37,0.02070222266543166,36,0.016382995778262112,28
2005-11-01,0.018324116879496824,34,0.016185926383470366,28,0.01626487838444248,28
2005-11-02,0.015907249874486922,30,0.015202966082744213,26,0.01597836089548655,27
2005-11-03,0.018351097053642046,34,0.016111225565263034,28,0.016017548534615764,27
2005-11-04,0.012535000246536214,22,0.016436277230355477,29,0.016223048004664453,28
2005-11-07,0.012097965687376382,21,0.01635125554071394,29,0.01621750951373032,28
2005-11-08,0.014771641297867118,27,0.0165836251429706,29,0.016774685381920472,29
2005-11-09,0.014966217452637194,28,0.014846956309636488,25,0.016256703357638205,28
2005-11-10,0.014286036684957096,26,0.015739892462562497,27,0.01651534531477964,29
2005-11-11,0.013180182131835966,24,0.012388997487815431,19,0.01638359255910748,28
2005-11-14,0.014102903260440352,26,0.012442393507988415,19,0.01663708332753051,29
2005-11-15,0.014373882905137456,27,0.01374081661800768,23,0.017134798953879708,30
2005-11-16,0.014201543859983557,26,0.013869925310877352,23,0.014457786617682822,23
2005-11-17,0.010954490425397041,18,0.013537181684193506,22,0.014243790754430169,23
2005-11-18,0.01086659362703658,18,0.012283151044335305,19,0.01416409108191392,22
2005-11-21,0.014329646980635331,26,0.013405213517337585,22,0.014493106250308224,23
2005-11-22,0.011437917155633085,19,0.01284955175347259,20,0.014696558037557782,24
2005-11-23,0.00786809987078652,9,0.012800132794821185,20,0.01408857498088231,22
2005-11-25,0.008622881988651418,11,0.011481392264188605,16,0.013155989064262772,19
2005-11-28,0.009277431849154963,13,0.011552566571411852,17,0.013204743503900959,19
2005-11-29,0.01366882610659504,25,0.013212441328930772,21,0.012380311626060361,17
2005-11-30,0.013525672923434824,24,0.014582096493199867,25,0.01346540840677276,20
2005-12-01,0.014168350286518269,26,0.014429432102606663,24,0.013519948430025408,20
2005-12-02,0.013147573484934913,24,0.014146838285105283,24,0.013554944057200913,20
2005-12-05,0.01256909390800961,22,0.014304349934803114,24,0.013295831921601442,20
2005-12-06,0.011391232284858173,19,0.012492829157590453,19,0.01268466383327757,18
2005-12-07,0.006743496420698237,6,0.010270784734288984,13,0.01267650227786635,18
2005-12-08,0.002771592740073332,0,0.009624666983296329,11,0.012403349981549511,17
2005-12-09,0.015768475424508717,29,0.014376847459176827,24,0.013729533845366118,21
2005-12-12,0.016887588144166212,31,0.01463941417256877,25,0.013231482213159316,19
2005-12-13,0.016879281658727235,31,0.01384114788813151,23,0.013206908175225343,19
2005-12-14,0.01613172776207534,30,0.011905366940027497,18,0.013123216657686128,19
2005-12-15,0.01546822803353983,29,0.011496117850678948,16,0.01269063022259489,18
2005-12-16,0.007139972619263536,7,0.011605869180244532,17,0.012627800571029156,18
2005-12-19,0.006723290779637439,6,0.012121790714775801,18,0.012621929654490409,18
2005-12-20,0.006703817845181268,6,0.01212413163493155,18,0.012606902844878884,17
2005-12-21,0.006438311933417146,5,0.011771168720475853,17,0.011685797243699394,15
2005-12-22,0.00738766396188076,8,0.01155882119681312,17,0.0108768549042142,12
2005-12-23,0.006864751336016712,6,0.006611023732873002,3,0.01075891849263563,12
2005-12-27,0.005795278539346869,4,0.0059379957201995005,1,0.010786817710653209,12
2005-12-28,0.0057869068361195136,4,0.005924559700050073,1,0.010788071967866877,12
2005-12-29,0.007489987059082154,8,0.0065918278182349275,2,0.010338601296849279,10
2005-12-30,0.0056186985048340046,3,0.006610618671262057,3,0.00920140145370227,7
2006-01-03,0.0069216229081924185,6,0.006664882672804324,3,0.00906114446760354,6
2006-01-04,0.009528769180569678,14,0.007472260466042369,4,0.009641177889699495,8
2006-01-05,0.011400822734861456,19,0.008846118175526078,8,0.010165652004509786,9
2006-01-06,0.008223111446953377,10,0.008809984016494193,8,0.01015160035343168,9
2006-01-09,0.006038201004728883,4,0.008782481532365207,8,0.00996500115577688,9
2006-01-10,0.006712637173688473,6,0.008781325717849064,8,0.009740633842350528,8
2006-01-11,0.006780075900458858,6,0.007988755487925346,6,0.007566596002562907,2
2006-01-12,0.0029436284643020775,0,0.007971940470747878,6,0.006907021612889457,1
2006-01-13,0.0033539070534648633,0,0.006341780365051566,2,0.006966190076276353,1
2006-01-17,0.006046715925390957,4,0.007614020463844233,5,0.007431770414066827,2
2006-01-18,0.005849776660726115,4,0.007842922841461649,5,0.00743998734569549,2
2006-01-19,0.006628305420935599,6,0.00752489236026516,5,0.007628275140644906,2
2006-01-20,0.012903516411185117,23,0.010531448107667608,13,0.009684292933553617,8
2006-01-23,0.02048004591407254,37,0.014364980629501718,24,0.011437826409469491,14
2006-01-24,0.020362470579942834,37,0.014287674306530461,24,0.011610359001230827,15
2006-01-25,0.021038026593026952,38,0.014562238477239102,25,0.011623911135117312,15
2006-01-26,0.02349613685419633,40,0.016699187663149283,29,0.012711523782867665,18
2006-01-27,0.014646023356950389,27,0.016759368707156334,29,0.012502607456779773,17
2006-01-30,0.012233138731992192,21,0.016710024962288714,29,0.01253891792839448,17
2006-01-31,0.013264525312975865,24,0.016828514531159886,29,0.01261275194760694,17
2006-02-01,0.013271773706521805,24,0.016805934217766057,29,0.012567063087644308,17
2006-02-02,0.008733044381089763,12,0.01741779839770393,31,0.013129414564219795,19
2006-02-03,0.007236124260426539,7,0.014241323454615947,24,0.01275139877121081,18
2006-02-06,0.0073643496528087065,8,0.01122179892728312,16,0.012241850325886367,16
2006-02-07,0.006998658498778569,7,0.01087570519625738,14,0.012232192258614558,16
2006-02-08,0.015839628181958,29,0.013788559435997069,23,0.013629001719211845,21
2006-02-09,0.012528328375970033,22,0.011521132959070457,16,0.013621867619707163,21
2006-02-10,0.012212199536357883,21,0.01196176947396949,18,0.013814495878737034,21
2006-02-13,0.01297142723080159,23,0.012070289804828684,18,0.013876506784101047,21
2006-02-14,0.0136109227146741,25,0.012781875111269091,20,0.0145288969137002,24
2006-02-15,0.009990366413056466,15,0.012719221701828721,20,0.014301887012844891,23
2006-02-16,0.009528220497057979,14,0.010655542320166982,14,0.014406395124052444,23
2006-02-17,0.009745763340718763,15,0.010421364166188225,13,0.014179918186333938,22
2006-02-21,0.01105777234652133,18,0.011369261590126089,16,0.012464014678685865,17
2006-02-22,0.018715755528601895,34,0.015432793595006721,26,0.0139782521207378,22
2006-02-23,0.018859851227336924,34,0.014337190661630386,24,0.013656793541017112,21
2006-02-24,0.020436655837061533,37,0.01510571165916477,26,0.01396737289352531,22
2006-02-27,0.021340885701750995,38,0.015728193524473397,27,0.013474267090310259,20
2006-02-28,0.02040128187120133,37,0.015475051425157262,26,0.013495424907390051,20
2006-03-01,0.007628693749858675,8,0.014664281785754331,25,0.013521584829350982,20
2006-03-02,0.00842860425976743,11,0.015508315312067027,26,0.013490519745654194,20
2006-03-03,0.008256740296568567,10,0.01522444123814184,26,0.013472149070345869,20
2006-03-06,0.008444134818027959,11,0.015593591450604955,27,0.013018711094976761,19
2006-03-07,0.008524583949889334,11,0.015191165981208211,26,0.012992560021591517,19
2006-03-08,0.006547747078590442,5,0.006796851061587926,3,0.01293536233082199,18
2006-03-09,0.007379552985056118,8,0.007469946603104503,4,0.01349980945858832,20
2006-03-10,0.010899390235770781,18,0.00912516802149049,9,0.012603260465328763,17
2006-03-13,0.010020622966997789,15,0.008894240144617364,9,0.012591738929489926,17
2006-03-14,0.015445343967526821,29,0.01253250871789336,19,0.013608694411978406,21
2006-03-15,0.015715033259359794,29,0.013041596592093495,21,0.013688904263762926,21
2006-03-16,0.011161520738093619,19,0.01209286817330921,18,0.013211489028050869,19
2006-03-17,0.011676053718290388,20,0.012066580187762235,18,0.013207695644014852,19
2006-03-20,0.011980789811745336,21,0.012381941171562941,19,0.013772457534492728,21
2006-03-21,0.010236081549694987,16,0.012392543446471865,19,0.013791547080832637,21
2006-03-22,0.011776588151256704,20,0.013096743852963376,21,0.014001942747593542,22
2006-03-23,0.011000105236830562,18,0.010467816254207063,13,0.011436567230008136,14
2006-03-24,0.012017360165206513,21,0.011170346629435312,15,0.011499933707179172,14
2006-03-27,0.010762161858890217,17,0.011079255521515126,15,0.011549034542471677,14
2006-03-28,0.015827988149459488,29,0.012684412578361158,20,0.012223410136449524,16
2006-03-29,0.012899302692161246,23,0.012854234956078235,20,0.012375447799319044,17
2006-03-30,0.014504099126671919,27,0.014702739124282044,25,0.013198455030384765,19
2006-03-31,0.014750078360812336,27,0.014708645892670813,25,0.012796994190376824,18
2006-04-03,0.00876099892679705,12,0.01291759113322514,21,0.012855324593325234,18
2006-04-04,0.011932868255124181,20,0.013743036591224457,23,0.012790388202188696,18
2006-04-05,0.01182483011472736,20,0.01166655602289001,17,0.012769705692053218,18
2006-04-06,0.006953620116246054,6,0.011531503905405084,17,0.012827813161888267,18
2006-04-07,0.007405314811952869,8,0.011541104474435302,17,0.012252974354935565,17
2006-04-10,0.00704933672080691,7,0.009550844006992226,11,0.012086606311634723,16
2006-04-11,0.002023649849188446,0,0.008140747080456711,6,0.012096903716770245,16
2006-04-12,0.004410711126700719,1,0.008484543128480855,7,0.011181496281634186,13
2006-04-13,0.009868065102236012,15,0.008097873231834595,6,0.011276759911810433,13
2006-04-17,0.009640046922594526,14,0.008104629762698977,6,0.011270360537758786,13
2006-04-18,0.02091407706788549,37,0.015283898343046734,26,0.014457634488190834,23
2006-04-19,0.023116170687168102,40,0.0160307406768491,28,0.014227251744392945,23
2006-04-20,0.025011663428008164,42,0.017542212796668743,31,0.014950786802089857,25
2006-04-21,0.024640461154078818,41,0.017696589629320598,32,0.014257250589127766,23
2006-04-24,0.024636741782123623,41,0.01763709868295173,31,0.014231333485611378,23
2006-04-25,0.007891687216763095,9,0.017726625517170184,32,0.014251852982604342,23
2006-04-26,0.010621725144050236,17,0.01794262667402926,32,0.013891316036639786,21
2006-04-27,0.013267839026656267,24,0.018876157035872306,34,0.014494424084872462,23
2006-04-28,0.011595431463615018,20,0.018477417960870244,33,0.014394284876319247,23
2006-05-01,0.016594192500096958,31,0.019838525857919412,35,0.014386490648432396,23
2006-05-02,0.0160836315607936,30,0.013768416614372302,23,0.014384229640770903,23
2006-05-03,0.015893409675986025,30,0.013228559252636784,21,0.014342158475183159,23
2006-05-04,0.009522039633045957,14,0.011494669962291149,16,0.014071286716260838,22
2006-05-05,0.010352582155881187,16,0.011277489296622043,16,0.014160624152509937,22
2006-05-08,0.0033712507920124735,0,0.011292199228651083,16,0.014161696061761044,22
2006-05-09,0.0068379734905644595,6,0.01174703702943457,17,0.014326287448638448,23
2006-05-10,0.0069424313913404746,6,0.011562588017832661,17,0.014335433016368438,23
2006-05-11,0.011292577825106414,19,0.009852181655289484,12,0.01494298943781091,24
2006-05-12,0.009868779322440605,15,0.009677633973325392,11,0.014787554553269633,24
2006-05-15,0.012875972826815837,23,0.009449698796016334,10,0.01476143872536109,24
2006-05-16,0.012433481030388457,22,0.009604108217039376,11,0.014821655613145617,24
2006-05-17,0.013609828370019162,25,0.011157246272955338,15,0.011899719379650878,16
2006-05-18,0.012586853662335322,22,0.011419962094251168,16,0.01182717127361356,15
2006-05-19,0.013994747611340072,26,0.011489003576350496,16,0.011325860458047388,13
2006-05-22,0.010345576754824799,16,0.011101913552437165,15,0.011226993182785543,13
2006-05-23,0.010345917967769095,16,0.010943906199662583,15,0.011270238812022397,13
2006-05-24,0.008526503686292672,11,0.011185091968847354,15,0.011350266249930359,14
2006-05-25,0.005889593766539697,4,0.009993868955144116,12,0.01115424954394387,13
2006-05-26,0.0047336698546627054,2,0.009983032208582375,12,0.009495497797663179,7
2006-05-30,0.0059372497758659395,4,0.008383182732165161,7,0.00947110599067236,7
2006-05-31,0.005389275835617771,3,0.008530032716131349,7,0.00867789082079665,5
2006-06-01,0.009708531642916783,15,0.008864701235355604,8,0.009747026167706266,8
2006-06-02,0.009407716135027298,14,0.0075319055466480074,5,0.009784433368404124,8
2006-06-05,0.0134133616064212,24,0.009485197028537336,11,0.010414975640993678,10
2006-06-06,0.012790109379765888,23,0.00947581554705247,10,0.010208580006536874,9
2006-06-07,0.013196819686970054,24,0.009552464251691177,11,0.010349058028978389,10
2006-06-08,0.011108529781297085,18,0.009899293177457465,12,0.01051327228804905,11
2006-06-09,0.011075751892850372,18,0.009830911253635916,12,0.010480756035576654,10
2006-06-12,0.009617904799873091,14,0.011037382005974532,15,0.010134161878702039,9
2006-06-13,0.010159297062082524,16,0.010897758373725894,15,0.01010120127730976,9
2006-06-14,0.016701782549413048,31,0.01518543891829556,26,0.011704238633227546,15
2006-06-15,0.023157387446615062,40,0.01731005430554795,30,0.013728489442051874,21
2006-06-16,0.023046098264221306,40,0.01748593891257133,31,0.013331203492549465,20
2006-06-19,0.02288675911002576,40,0.01703259308960997,30,0.013287962677413171,20
2006-06-20,0.0233657504948004,40,0.017156985509045916,30,0.013185470980728262,19
2006-06-21,0.017858907479185605,33,0.01688898349291011,30,0.013308540831224114,20
2006-06-22,0.006565592361912647,5,0.016100865585750097,28,0.013291329903657279,20
2006-06-23,0.006352826425179106,5,0.015939076604528635,28,0.013301781805688886,20
2006-06-26,0.00968528126223294,14,0.01675636895158749,29,0.013679822834314577,21
2006-06-27,0.009400458135688093,14,0.016791660629671128,29,0.01370599093043123,21
2006-06-28,0.009054054794650756,13,0.013493934649504904,22,0.013677562219791247,21
2006-06-29,0.015274072310441771,28,0.012083209021830483,18,0.014841207118642426,24
2006-06-30,0.014451075801160776,27,0.011715651027662907,17,0.014189167030614565,23
2006-07-03,0.013607586762893868,25,0.011273015705357381,16,0.01421285418830981,23
2006-07-05,0.0156626343116672,29,0.012350455610673126,19,0.014183911039839186,23
2006-07-06,0.016946493017092116,32,0.01350292960236497,22,0.014831478666054722,24
2006-07-07,0.01319737691962217,24,0.013632573453010352,23,0.014730674827247752,24
2006-07-10,0.013282162029944282,24,0.013162170511080248,21,0.014557834087791809,24
2006-07-11,0.01403255750023525,26,0.013032277056573836,21,0.014805426807210906,24
2006-07-12,0.015856331438579428,29,0.014869740254373766,25,0.015249596630281083,25
2006-07-13,0.012757712317134485,23,0.014756481424676096,25,0.015227548832785447,25
2006-07-14,0.012726017218763068,23,0.012249850390030254,19,0.013533184452716538,20
2006-07-17,0.015057329287184463,28,0.013421892461520459,22,0.012192740781020815,16
2006-07-18,0.013491271649636417,24,0.013354077274613197,22,0.011976259754695202,16
2006-07-19,0.014660737073833342,27,0.014620240534528688,25,0.013146784192192748,19
2006-07-20,0.013914643515292511,25,0.013715529790171765,23,0.013133255537522951,19
2006-07-21,0.01206949556167299,21,0.013333749603835503,22,0.012929309943996327,18
2006-07-24,0.01173754957937,20,0.013695735257283235,23,0.013085106323700805,19
2006-07-25,0.014238471008519592,26,0.014220946151480125,24,0.01315436925140256,19
2006-07-26,0.00877742144722756,12,0.011603603225325875,17,0.012942209708175402,19
2006-07-27,0.010066890005467642,15,0.012184606668706523,18,0.01301641312851958,19
2006-07-28,0.01495980786521419,28,0.013156780332529499,21,0.013719562030776365,21
2006-07-31,0.014685180490735384,27,0.013507204975782224,22,0.013025886930634868,19
2006-08-01,0.013450183426196964,24,0.013325737046602974,22,0.012920549014783195,18
2006-08-02,0.013654553801468428,25,0.010836279560844195,14,0.01295956754716932,19
2006-08-03,0.012511352371697483,22,0.010997387632875905,15,0.012307892852926,17
2006-08-04,0.010196552684232115,16,0.012073832846677901,18,0.012270327747059412,17
2006-08-07,0.007669771560558001,8,0.01160224241677312,17,0.012076386994290944,16
2006-08-08,0.00745393972158487,8,0.010525526213984386,13,0.012068391528665944,16
2006-08-09,0.006858857400681134,6,0.010658998343764953,14,0.011973304917556138,16
2006-08-10,0.008159697678897617,10,0.009960914434765877,12,0.01068541297647988,11
2006-08-11,0.003974373889500071,1,0.00736441626641088,4,0.010613541485045007,11
2006-08-14,0.0031489401332738644,0,0.006361945822850778,2,0.010400450013394983,10
2006-08-15,0.007145458096725936,7,0.007313109194734141,4,0.010309969749748854,10
2006-08-16,0.007912384589761927,9,0.007108018251664355,4,0.010308407098345289,10
2006-08-17,0.008140480841181599,10,0.007690371277573194,5,0.009091708513342628,6
2006-08-18,0.008040328835435293,10,0.0062060241410994855,2,0.00911214771847326,6
2006-08-21,0.008372889392037031,11,0.006313860393384768,2,0.00918862927744588,7
2006-08-22,0.007172791948920646,7,0.006860120531794732,3,0.009126961372127729,6
2006-08-23,0.0029341791433558453,0,0.006913414413044009,3,0.00868819138150702,5
2006-08-24,0.004187155281216856,1,0.006844627748529187,3,0.008693896865383365,5
2006-08-25,0.0040490427299772515,1,0.006868290980308494,3,0.008320388266230024,4
2006-08-28,0.004273036777075123,1,0.006847555709628181,3,0.006773337338169473,1
2006-08-29,0.002970669200317331,0,0.005175759701382683,0,0.006450946377426858,0
2006-08-30,0.002722609990745687,0,0.003173703240856058,0,0.006463361482845005,0
2006-08-31,0.002055632406636428,0,0.0031781902094451904,0,0.006361840051143033,0
2006-09-01,0.0027001254627297814,0,0.003504549317222902,0,0.006250263389179638,0
2006-09-05,0.003155084243852641,0,0.0035725993560475093,0,0.005181575517977041,0
2006-09-06,0.0030338956258417404,0,0.0028326995651430883,0,0.005131005591445822,0
2006-09-07,0.005017344301339349,2,0.003969819851023143,0,0.005414610773526195,0
2006-09-08,0.006382212321103384,5,0.004481309044464275,0,0.005627088424671741,0
2006-09-11,0.006069434417477633,4,0.004809534689111138,0,0.005755302894227457,0
2006-09-12,0.007766739816129546,9,0.005592563113523358,1,0.006009716926667491,0
2006-09-13,0.0076596462173090995,8,0.005492436136442185,1,0.00601368889538318,0
2006-09-14,0.006616741055137319,6,0.005705118664182712,1,0.00517160430554577,0
2006-09-15,0.005595124664800776,3,0.005660172318350428,1,0.0044021777291988135,0
2006-09-18,0.006718486818353036,6,0.006053900994040397,1,0.004805443485955842,0
2006-09-19,0.003696659107056009,0,0.0061129376051227615,2,0.00485018662965982,0
2006-09-20,0.009588604817443109,14,0.008213927995922058,6,0.006028755457328629,0
2006-09-21,0.010425357193463488,16,0.008418652027915167,7,0.006252674341031026,0
2006-09-22,0.012020223398194713,21,0.008853693234571153,8,0.006729144020170884,1
2006-09-25,0.011146970250805726,19,0.009206610870716217,9,0.007043380544055435,1
2006-09-26,0.010334957554128514,16,0.00967138111750258,11,0.007549742690156603,2
2006-09-27,0.015355326971504336,29,0.012100092830142099,18,0.00894331066131358,6
2006-09-28,0.014105103696570136,26,0.012014404272534366,18,0.008927257462224404,6
2006-09-29,0.014355150613827403,27,0.012510447079541487,19,0.009228732198115241,7
2006-10-02,0.01303920852470419,23,0.01208263447979772,18,0.009222743661213636,7
2006-10-03,0.010024452497210757,15,0.01194360327504659,18,0.009158442095518717,7
2006-10-04,0.009887207066658715,15,0.012197652733365243,18,0.009920429716977226,9
2006-10-05,0.010504906342040984,16,0.01180401938685172,17,0.009996763091161012,9
2006-10-06,0.010379828685316766,16,0.011849215838087717,17,0.010067764891899306,9
2006-10-09,0.013245431375187989,24,0.012931466636048078,21,0.010754174649622458,12
2006-10-10,0.013607046191249483,25,0.012198908773309822,18,0.010705172340294571,11
2006-10-11,0.011379548173347987,19,0.010072623910903368,12,0.01059212603411562,11
2006-10-12,0.010919904876755444,18,0.010205393165185353,13,0.010670155161948653,11
2006-10-13,0.008006900328136054,9,0.009337328530957359,10,0.010697039115956803,11
2006-10-16,0.0047673138363344665,2,0.009398790166611689,10,0.010682972251325733,11
2006-10-17,0.003115620907250257,0,0.009349513015921521,10,0.010405384226443552,10
2006-10-18,0.0032572402948065843,0,0.008156680053532673,6,0.01028372132180704,10
2006-10-19,0.003908215643353591,1,0.007732372782784495,5,0.009891964281854307,8
2006-10-20,0.0033491469271531996,0,0.006179242022374583,2,0.009518053281279667,8
2006-10-23,0.003017006683685804,0,0.0037786151075060834,0,0.009338454827361486,7
2006-10-24,0.0032112600246531914,0,0.0033047809783801397,0,0.009172596497960673,7
2006-10-25,0.003201349163925837,0,0.003346725472426934,0,0.00881084560676926,5
2006-10-26,0.00398121090900241,1,0.0037595494070046427,0,0.007352446064910917,2
2006-10-27,0.005659264213481103,3,0.00440239434822548,0,0.007563270881583473,2
2006-10-30,0.005806328624277506,4,0.004441142001967796,0,0.00698809104943376,1
2006-10-31,0.005590432717195285,3,0.004324655411713577,0,0.006984169195731329,1
2006-11-01,0.006899147195699441,6,0.005072816672949763,0,0.007223553097885805,1
2006-11-02,0.006285052909568662,5,0.005830092728868115,1,0.006799886321556674,1
2006-11-03,0.007085608779563093,7,0.006064301459973114,1,0.006686840534468454,0
2006-11-06,0.007223808975012498,7,0.00619905712274938,2,0.0060838178774048615,0
2006-11-07,0.0070061709130820535,7,0.006138503301483817,2,0.004954357215240371,0
2006-11-08,0.008230098247305143,10,0.007311458673174987,4,0.00540187988638269,0
2006-11-09,0.005026910086050725,2,0.006979089971147208,3,0.0053966163263791025,0
2006-11-10,0.006584123027400515,6,0.006716766704023072,3,0.005513254038523257,0
2006-11-13,0.006667004680848675,6,0.006821787671970398,3,0.005502903231396466,0
2006-11-14,0.006385303489555887,5,0.006815452767076824,3,0.00546609507321757,0
2006-11-15,0.004132332166390771,1,0.006238035485389607,2,0.005454222542923766,0
2006-11-16,0.005523870217153835,3,0.005229186631679936,0,0.005713036346060649,0
2006-11-17,0.0051421194226209145,2,0.005577177583285639,1,0.005738548481127384,0
2006-11-20,0.004748606367161914,2,0.005528817052917259,1,0.005705866808393042,0
2006-11-21,0.008725879619682181,12,0.007831969263187067,5,0.006715740739968311,0
2006-11-22,0.008987119078225627,13,0.006913849165889481,3,0.006880128326103388,1
2006-11-24,0.006238842546823741,5,0.0068165433252797124,3,0.006900795789346819,1
2006-11-27,0.00734438009360776,8,0.007975498775883117,6,0.0073770438804045295,2
2006-11-28,0.005634330212257901,3,0.0074516871313708806,4,0.007359751046172675,2
2006-11-29,0.008016731157368687,9,0.008020381638050912,6,0.007487753277504713,2
2006-11-30,0.008101889675645782,10,0.008067656123539746,6,0.007443887199873664,2
2006-12-01,0.008083053957035097,10,0.006874743722270258,3,0.007321037800585443,2
2006-12-04,0.008649281916593891,11,0.009234613927291151,10,0.007824210831024966,3
2006-12-05,0.0072072726504278034,7,0.009225126844862746,9,0.007704787087606777,2
2006-12-06,0.007431322776677851,8,0.008104489532886323,6,0.007638249155834749,2
2006-12-07,0.00866867961620859,12,0.00817059240756029,6,0.007812880629799164,3
2006-12-08,0.008434794945993257,11,0.008213773161538691,6,0.007206863350131669,1
2006-12-11,0.0048422709417179684,2,0.006794903374028974,3,0.007297837853709767,1
2006-12-12,0.005400823884935908,3,0.00632426789639657,2,0.007349235828498371,2
2006-12-13,0.005661462836916194,3,0.006228569499759293,2,0.007349664502529511,2
2006-12-14,0.0017255505437617925,0,0.006250398790179983,2,0.007429188173169171,2
2006-12-15,0.00045787176693906395,0,0.005980922939581766,1,0.007528582156534921,2
2006-12-18,0.0018946081828451638,0,0.004370591883876994,0,0.007253741043648149,1
2006-12-19,0.0028274118644512907,0,0.004419835270112759,0,0.007221248904439075,1
2006-12-20,0.00273835577816051,0,0.004199381344576104,0,0.00721418732993839,1
2006-12-21,0.002599461715387593,0,0.002395235344266688,0,0.006427754743897729,0
2006-12-22,0.004450827483482183,1,0.004203928520948075,0,0.006463196697222324,0
2006-12-26,0.005457398128158542,3,0.004335956796309473,0,0.006556879152459644,0
2006-12-27,0.005804993875634947,4,0.004387633210728704,0,0.005532331137012389,0
2006-12-28,0.00603834154491836,4,0.0044454719777105205,0,0.005258579236386158,0
2006-12-29,0.007895310652513886,9,0.005926124432737939,1,0.0058988942992035985,0
2007-01-03,0.007213101244518359,7,0.0056521379969033565,1,0.00588991564051678,0
2007-01-04,0.006208131918254701,5,0.005629903108388769,1,0.005817092982807039,0
2007-01-05,0.009012649834004004,13,0.008440191770487746,7,0.006736513631816619,1
2007-01-08,0.008633127188350473,11,0.00850111921444686,7,0.0068887493532051106,1
2007-01-09,0.00914208351590043,13,0.008239970153303527,6,0.0068881468626244505,1
2007-01-10,0.008695023662674016,12,0.008110328781886809,6,0.006708956321056055,0
2007-01-11,0.008778495579011216,12,0.007507816821252546,4,0.006698842159606733,0
2007-01-12,0.00374906251149441,1,0.007098779475755583,3,0.006611949374668521,0
2007-01-16,0.0038038311612431947,1,0.007966960933027527,5,0.006743441715727439,1
2007-01-17,0.00963019053373324,14,0.008973044018405167,9,0.0076241787466845385,2
2007-01-18,0.010288022108983977,16,0.00941075327580688,10,0.0076637244160589904,2
2007-01-19,0.010832550555923484,17,0.00948003698189908,11,0.00764324425018232,2
2007-01-22,0.011051649867215114,18,0.00798274129707493,6,0.007815865448692408,3
2007-01-23,0.008943302111571651,12,0.007860176511148034,5,0.007799682737818724,3
2007-01-24,0.007984702534250116,9,0.008343718633558976,7,0.00805683576858889,3
2007-01-25,0.007719038631196589,8,0.008975214292500982,9,0.008176166358745863,3
2007-01-26,0.008658215431743504,11,0.00925336634324285,10,0.008282419013363162,4
2007-01-29,0.007592550078602947,8,0.009137434011867255,9,0.008022900221190647,3
2007-01-30,0.007858251242769464,9,0.008840915661820386,8,0.00798721073571767,3
2007-01-31,0.009943829200920348,15,0.008753874160486301,8,0.008879399869428223,5
2007-02-01,0.00576405382002456,4,0.008920498721634322,9,0.00888557854032571,5
2007-02-02,0.006104015724246731,5,0.008387160083966196,7,0.008899711359593056,6
2007-02-05,0.005966667263529834,4,0.007372703901061212,4,0.008898544570029988,6
2007-02-06,0.005985203195742079,4,0.007112753041288715,4,0.007826274039014479,3
2007-02-07,0.00400572682598982,1,0.007253591364059626,4,0.007890081106275763,3
2007-02-08,0.008307891223746307,10,0.007442779121749979,4,0.008448464227767747,4
2007-02-09,0.00828873290460666,10,0.007450814315094624,4,0.008423865634416385,4
2007-02-12,0.008750523669736013,12,0.007395626020042968,4,0.008541444062032373,4
2007-02-13,0.009008635100823871,13,0.00745740953501135,4,0.00864922264903161,5
2007-02-14,0.008173904521369924,10,0.0064269578155841,2,0.008510320898980978,4
2007-02-15,0.004508452502577741,1,0.00639727475642948,2,0.007465546821004252,2
2007-02-16,0.004648802370797443,2,0.006413794846068568,2,0.007382500760563026,2
2007-02-20,0.004256680081770768,1,0.006487505576249026,2,0.007127911728585414,1
2007-02-21,0.005691594767769312,3,0.007379973877917889,4,0.00711622128692711,1
2007-02-22,0.005513096601627812,3,0.006771816747754139,3,0.007120775956016385,1
2007-02-23,0.0054726548701653065,3,0.0053522236388449706,0,0.007065710347545009,1
2007-02-26,0.005654688700587199,3,0.005352013546893854,0,0.006365542482646284,0
2007-02-27,0.009648374374874532,14,0.008618425370976682,8,0.008330523362471434,4
2007-02-28,0.01331197980525593,24,0.009675432948044368,11,0.00881415400542037,5
2007-03-01,0.013335074236321881,24,0.009626101105600006,11,0.008850099459519084,5
2007-03-02,0.01333432390934788,24,0.009622271761951157,11,0.008256314400197647,4
2007-03-05,0.013981393936938626,26,0.010342101045776434,13,0.008648884455076541,5
2007-03-06,0.0141238392352048,26,0.012451395323656177,19,0.009702880627106213,8
2007-03-07,0.0138000517906021,25,0.012791275711843936,20,0.010157520650626523,9
2007-03-08,0.015443776927644698,29,0.013676654553498471,23,0.010492437938995278,10
2007-03-09,0.015443883438785593,29,0.013682306914780177,23,0.010256089918186039,10
2007-03-12,0.013048932966215235,23,0.013887757200614139,23,0.01001993188807839,9
2007-03-13,0.020198506991644882,36,0.017193218749066225,30,0.013074415186961076,19
2007-03-14,0.0207562071099141,37,0.0166177490883997,29,0.013095991769995508,19
2007-03-15,0.020514849570611844,37,0.017203804001702166,30,0.013251738505610155,19
2007-03-16,0.020541182270062762,37,0.017198346500643613,30,0.013231522904949363,19
2007-03-19,0.02022198078262944,36,0.016561082762943435,29,0.013276739808147895,19
2007-03-20,0.00463581013570956,1,0.015248702972187438,26,0.013315416820347486,20
2007-03-21,0.008777634627370424,12,0.016027636912478715,28,0.014148344056737252,22
2007-03-22,0.010768385385588967,17,0.015889407527666138,27,0.014096952994785562,22
2007-03-23,0.010664513598805986,17,0.015849858369311857,27,0.014088104941714044,22
2007-03-26,0.01095247181606283,18,0.01571655775642422,27,0.014083158372174429,22
2007-03-27,0.011948803887829325,20,0.00880860370273923,8,0.014159327929144648,22
2007-03-28,0.01052068946560157,17,0.012530535866573654,19,0.014450556297735397,23
2007-03-29,0.012751723017403193,23,0.01219212706284451,18,0.014163722804219363,22
2007-03-30,0.012352726717409867,22,0.012377452519265156,19,0.014217850314292017,23
2007-04-02,0.012290393742411322,21,0.012935205703487593,21,0.014525363968850815,24
2007-04-03,0.016167465701360996,30,0.013848135411684021,23,0.014582530817767994,24
2007-04-04,0.011375782467571826,19,0.011249485832398069,16,0.013849104380972015,21
2007-04-05,0.010913246859133065,18,0.011466320075439192,16,0.013606328194750581,20
2007-04-09,0.012099429613313223,21,0.011836506685842034,17,0.013524885409048759,20
2007-04-10,0.010182424483099698,16,0.012549158772369111,19,0.013723046150449099,21
2007-04-11,0.008621757497839862,11,0.012478924945083776,19,0.013613464190593809,21
2007-04-12,0.00859583087702982,11,0.009549528327875095,11,0.010737812469147566,12
2007-04-13,0.008695058796026561,12,0.009316019954338992,10,0.010635072098687675,11
2007-04-16,0.011500484979753813,20,0.011837178577427547,17,0.011610874551194562,15
2007-04-17,0.012276373325270595,21,0.010633111941222644,14,0.011673541810050939,15
2007-04-18,0.012155840885595117,21,0.010652073843488319,14,0.012023032342243353,16
2007-04-19,0.01074421197564583,17,0.010902172081786505,15,0.012209360929960568,16
2007-04-20,0.010921686596637677,18,0.01090315856426926,15,0.011283063470351642,13
2007-04-23,0.007903627283335126,9,0.00934217691252084,10,0.01115225313141857,13
2007-04-24,0.00779726611502035,9,0.00971944291694745,11,0.011211205747930745,13
2007-04-25,0.007720109623315203,8,0.009683241605122806,11,0.01157156827090915,14
2007-04-26,0.007078939558081106,7,0.00914844887953757,9,0.011482139711112081,14
2007-04-27,0.007092421160171663,7,0.009154330473768917,9,0.00959816108151337,8
2007-04-30,0.00811608979868337,10,0.007591096220290703,5,0.009717343993872862,8
2007-05-01,0.00688660070382133,6,0.006940539703209247,3,0.009477619949045207,7
2007-05-02,0.004967691768733348,2,0.006168202703138789,2,0.00855458124563292,4
2007-05-03,0.005586677801717655,3,0.006012466510588451,1,0.008367721781114775,4
2007-05-04,0.006278147599740337,5,0.006402049316981847,2,0.00850265592111973,4
2007-05-07,0.005672469111853532,3,0.006706069955234885,3,0.008656871391189973,5
2007-05-08,0.007692329004934243,8,0.006977742139821822,3,0.008107759970409691,3
2007-05-09,0.007777714931612265,9,0.00615369138086635,2,0.008032782248162828,3
2007-05-10,0.009976749204858535,15,0.00808217942479954,6,0.008815149280681753,5
2007-05-11,0.010632326625002396,17,0.008261830603669204,7,0.00870810292490396,5
2007-05-14,0.009017745803185163,13,0.008236092652648352,6,0.00893686494307415,6
2007-05-15,0.008768595128301348,12,0.0081416322506012,6,0.00766631282606811,2
2007-05-16,0.011382031728537268,19,0.00932840533977101,10,0.007947970260960962,3
2007-05-17,0.00963479122536482,14,0.009377863371030722,10,0.007949885611132239,3
2007-05-18,0.009235765543669186,13,0.009389513964024234,10,0.007715087330668972,2
2007-05-21,0.008740511422243951,12,0.008891126157968773,9,0.007757156632280638,2
2007-05-22,0.008399024883769434,11,0.008589802180146494,8,0.007727748024038555,2
2007-05-23,0.0158378291567873,29,0.013566406098782591,22,0.010238953130376876,9
2007-05-24,0.015047963804257667,28,0.012441095261749803,19,0.010173353034412887,9
2007-05-25,0.01488245711173996,27,0.012472159759251844,19,0.010208448414213743,9
2007-05-29,0.01767400541627965,33,0.013212801857616117,21,0.010707560248369106,11
2007-05-30,0.017615424847484105,33,0.013126822080773912,21,0.010652513802161746,11
2007-05-31,0.010010407823622999,15,0.013394165225653112,22,0.01096982829564929,12
2007-06-01,0.011031200648941645,18,0.012935938083383978,21,0.01110896708392744,13
2007-06-04,0.010342631465826164,16,0.013132036208484838,21,0.011044098883742932,13
2007-06-05,0.010363685678789614,16,0.014049207833747874,24,0.011408476673789678,14
2007-06-06,0.008888919448362875,12,0.014416869400206318,24,0.011383456651296841,14
2007-06-07,0.008478416793021514,11,0.008791838253130018,8,0.011346964840176844,14
2007-06-08,0.012916868803416475,23,0.011413437022322616,16,0.012138179662670603,16
2007-06-11,0.013270622853767195,24,0.01123163431082834,16,0.011590569445129576,15
2007-06-12,0.012316213182333864,21,0.010785340391727764,14,0.011727852521510422,15
2007-06-13,0.012527693048428257,22,0.011587818220875663,17,0.01199653208012165,16
2007-06-14,0.013406555495843802,24,0.011539110088968036,17,0.01223167291559929,16
2007-06-15,0.010328672098703248,16,0.011178931428613174,15,0.011919131917270972,16
2007-06-18,0.010121716273078408,15,0.011135972199737963,15,0.01167667186456731,15
2007-06-19,0.009110859445469882,13,0.010321533223999304,13,0.011717749835176487,15
2007-06-20,0.009694634827641031,14,0.011426474664842772,16,0.012343588432250184,17
2007-06-21,0.008970577469425296,12,0.0112284255483828,16,0.01236456993348068,17
2007-06-22,0.011988328512539646,21,0.011423351540849584,16,0.01091724307397841,12
2007-06-25,0.01132578378300644,19,0.01117431365908271,15,0.010966068937715456,12
2007-06-26,0.008333908771852899,10,0.01109077037523238,15,0.010748992646848586,12
2007-06-27,0.00782387531102234,9,0.008858079299235834,8,0.010547050477911036,11
2007-06-28,0.007030117582716743,7,0.008802862656791467,8,0.010307729948524224,10
2007-06-29,0.002958862693657255,0,0.008255461565731304,6,0.010410956515067578,10
2007-07-02,0.010638432468578363,17,0.010692625010176822,14,0.010784907232654736,12
2007-07-03,0.01153447148193596,20,0.010745559696911596,14,0.010998288262992047,13
2007-07-05,0.011958184830714105,20,0.01022523728223426,13,0.010875417026763682,12
2007-07-06,0.011634000559608889,20,0.010175845735152124,13,0.010803938709322291,12
2007-07-09,0.010664843740010987,17,0.008434408786735941,7,0.010854507930560921,12
2007-07-10,0.011665682858314054,20,0.01083883402964173,14,0.010716478790188068,11
2007-07-11,0.011345369617503811,19,0.01147343735055899,16,0.010752249298293208,12
2007-07-12,0.023484869521356852,40,0.0176241912471654,31,0.014098286975465807,22
2007-07-13,0.023350696086832632,40,0.017562325893228533,31,0.013712394059965846,21
2007-07-16,0.023244016717829743,40,0.017173618621312826,30,0.013664915990046354,21
2007-07-17,0.01682678530718216,31,0.01657304821275549,29,0.013641242886647314,21
2007-07-18,0.01983592462932619,36,0.016958393287919635,30,0.013830119992388907,21
2007-07-19,0.00993375088807664,15,0.01726381827159845,30,0.013840180520944245,21
2007-07-20,0.009479104674501483,14,0.01839538732467002,33,0.014142691893944384,22
2007-07-23,0.011115658002014141,19,0.018397126272153418,33,0.01420889660996461,23
2007-07-24,0.012601774785858486,22,0.019402529239665164,35,0.014986076431433076,25
2007-07-25,0.01995052181078712,36,0.020401082987810883,36,0.015766181164305705,27
2007-07-26,0.02157143360795443,38,0.016324524524422304,29,0.016630604781069345,29
2007-07-27,0.0208917140124364,37,0.015297464367491454,26,0.016684886249179676,29
2007-07-30,0.02917365345810621,44,0.020995670015506392,37,0.018760017197000847,33
2007-07-31,0.028935641209209866,44,0.022059557672305267,38,0.019666997224717573,35
2007-08-01,0.027348441191917667,43,0.022675928533136807,39,0.01939702638597352,35
2007-08-02,0.024578654472944425,41,0.023007122279248938,39,0.019414746489763775,35
2007-08-03,0.030144968061719405,45,0.02468872422900118,41,0.020718663358786707,36
2007-08-06,0.044929772739924004,50,0.03596456960385073,48,0.02718576943690083,42
2007-08-07,0.040310017296573214,49,0.034371597739440665,47,0.02745987392860063,43
2007-08-08,0.04015733253821795,49,0.034231786848000656,47,0.026983199703843816,42
2007-08-09,0.04687173264357817,51,0.03538059895847383,48,0.028271694236919193,43
2007-08-10,0.03994091158746398,49,0.035117443159919014,48,0.0271727200683934,42
2007-08-13,0.030337335536793724,45,0.03657426501096692,48,0.028428342215055354,44
2007-08-14,0.02732294562155689,43,0.03506943942263378,47,0.028418740959703002,44
2007-08-15,0.024509236381168364,41,0.035010557767049554,47,0.02837832012749357,44
2007-08-16,0.02232358731007314,39,0.03594284665544034,48,0.028747208271016705,44
2007-08-17,0.03271409948350948,47,0.03651166709213183,48,0.03057633504006886,45
2007-08-20,0.029869612209489964,45,0.028414291151452418,44,0.03087714930922314,46
2007-08-21,0.030246401628297233,45,0.027659179684946415,43,0.030937553393197873,46
2007-08-22,0.03024722720329019,45,0.026820855754340577,43,0.030142124107122067,45
2007-08-23,0.026966204337931038,43,0.024682421298515417,41,0.02985036837213001,45
2007-08-24,0.014163553645173601,26,0.023766523272755077,40,0.029233850660988926,44
2007-08-27,0.008826841057020326,12,0.020767186491564022,36,0.029367345044089,45
2007-08-28,0.012254239525581988,21,0.022292097594543703,39,0.028836467616264874,44
2007-08-29,0.02035861008511917,37,0.024387060785973802,41,0.02875159345207379,44
2007-08-30,0.0219882477025803,39,0.024074279189158224,40,0.029105267253866075,44
2007-08-31,0.02297160612741588,40,0.01801327038078809,32,0.02910237063787711,44
2007-09-04,0.02245217156426544,39,0.016091627602478318,28,0.02796530596205495,43
2007-09-05,0.021997229311836303,39,0.017147526574179506,30,0.02248157324006285,37
2007-09-06,0.018715899491716814,34,0.018442689743188877,33,0.022320501037295958,37
2007-09-07,0.016702372509182113,31,0.018602061987922077,33,0.021914178568830173,37
2007-09-10,0.016725391238590563,31,0.019037485950421054,34,0.02094417364778155,36
2007-09-11,0.016672483887853345,31,0.018654355751967285,34,0.02043261624602419,35
2007-09-12,0.012389165075208099,22,0.016853640901960325,30,0.018802744184615406,34
2007-09-13,0.008521399345294233,11,0.013715597141092469,23,0.01881868408468935,34
2007-09-14,0.009273201439016856,13,0.012860683084083216,20,0.01906944298517232,34
2007-09-17,0.008176176450113669,10,0.012437172816431709,19,0.01831303067500394,33
2007-09-18,0.026099202251532415,43,0.022213535637389478,38,0.019712693294284316,35
2007-09-19,0.024794891706066816,42,0.01985316236044952,35,0.018667097338887183,33
2007-09-20,0.031177732576206638,46,0.022301665680132535,39,0.01962623043389964,35
2007-09-21,0.031411698162784385,46,0.021895622637468234,38,0.01963537969762781,35
2007-09-24,0.032786289082461915,47,0.022544888343276497,39,0.0199155503373337,35
2007-09-25,0.014067635100084002,26,0.022543313303969265,39,0.0200180790248932,35
2007-09-26,0.013960763139644915,26,0.023048695265348917,39,0.020076097125597034,35
2007-09-27,0.01092921085849539,18,0.023049675161312313,39,0.01918910082554157,34
2007-09-28,0.010957909147150509,18,0.02289163219783686,39,0.018222756527830758,32
2007-10-01,0.012417903652592736,22,0.023385518102883047,40,0.01790805279982715,32
2007-10-02,0.012477798525738455,22,0.013283890638297826,22,0.017892818255070612,32
2007-10-03,0.00843879711596701,11,0.013620116004697357,22,0.01792628453270123,32
2007-10-04,0.008410802028889316,11,0.010779978252035916,14,0.016983145921975817,30
2007-10-05,0.0033979889383946005,0,0.010896608397408547,15,0.016697976884674576,29
2007-10-08,0.004309928834906527,1,0.00921173782189699,9,0.016458414656451616,28
2007-10-09,0.0039009799378833076,1,0.009039238024481772,9,0.016385112475710357,28
2007-10-10,0.013281040020810467,24,0.010912863832457357,15,0.017265766735540308,30
2007-10-11,0.012913301037412834,23,0.01176603868309895,17,0.01737126832157829,31
2007-10-12,0.011600580578397813,20,0.01279116752567206,20,0.017813271092636383,32
2007-10-15,0.010698205787549573,17,0.011906011656394913,18,0.017717991166385772,31
2007-10-16,0.01380355038392907,25,0.016865807368987355,30,0.020080782540512206,35
2007-10-17,0.016085375962466352,30,0.016311255338362664,28,0.014597633362148997,24
2007-10-18,0.015916103818648032,30,0.015214613531437693,26,0.01469334180667855,24
2007-10-19,0.01597199477168474,30,0.013718851636024569,23,0.013999174714568574,22
2007-10-22,0.017575344774414962,33,0.013856256525187014,23,0.014038780892073242,22
2007-10-23,0.008838868085528109,12,0.013786733687369723,23,0.014020094501596699,22
2007-10-24,0.01105049254117388,18,0.01363640822572018,23,0.014136167314014634,22
2007-10-25,0.010954124474459684,18,0.014088799090678158,24,0.013974116365730887,22
2007-10-26,0.014358142244374624,27,0.01687520381602334,30,0.014817028762643738,24
2007-10-29,0.01452750918392477,27,0.017383696068716297,31,0.014937064966329749,24
2007-10-30,0.021098173520325676,38,0.016538104373524112,29,0.01668661478695362,29
2007-10-31,0.014428628286406465,27,0.017831740621361322,32,0.017404444225869634,31
2007-11-01,0.029392814064309956,45,0.0222487658285371,38,0.01922974589966003,34
2007-11-02,0.028904911110187528,44,0.02162372187083381,38,0.019030651207781128,34
2007-11-05,0.02924304812416888,45,0.02177323570886284,38,0.01880755969011028,34
2007-11-06,0.02357989805265851,40,0.021819632679596874,38,0.01899089935416543,34
2007-11-07,0.030121616623965286,45,0.029436198924822934,45,0.022637591979217837,38
2007-11-08,0.03373061001554813,47,0.030865541998580104,46,0.0236116333466381,39
2007-11-09,0.03521768443118479,48,0.030677545365835605,45,0.02402143340061714,39
2007-11-12,0.03556642481977471,48,0.030741960934570947,45,0.024010419732514783,39
2007-11-13,0.03902360651827624,49,0.03066951433222643,45,0.02531682626945462,41
2007-11-14,0.022161846688183943,39,0.03038249812501502,45,0.023941315687753612,39
2007-11-15,0.027137472325669747,43,0.029153120981774014,45,0.02484709751513543,40
2007-11-16,0.026099727820079244,43,0.02922459585215954,45,0.02476772572087336,40
2007-11-19,0.025156096221341406,42,0.029250540174568376,45,0.02464932694796971,40
2007-11-20,0.01131314990354249,19,0.028974596799881243,44,0.024650857060355334,40
2007-11-21,0.011173283287654701,19,0.020783169072026788,36,0.0246110985934115,40
2007-11-23,0.018821434598423777,34,0.022021335446792297,38,0.025442917264906634,41
2007-11-26,0.03462127051484743,48,0.028990666881802723,44,0.028908210804279345,44
2007-11-27,0.042290434905148847,50,0.03320924693584536,47,0.03043311745570897,45
2007-11-28,0.05035625577395501,51,0.03808534230441509,49,0.033652469718886434,47
2007-11-29,0.05125881118887076,51,0.03750985269521762,49,0.032918940016595656,47
2007-11-30,0.052720401321788964,51,0.03814471014060156,49,0.03415706740092061,47
2007-12-03,0.032299640414566684,47,0.0375635468423948,49,0.032782081379848026,47
2007-12-04,0.043486677276129176,50,0.040807478312200676,49,0.03422156613291764,47
2007-12-05,0.03278512950796139,47,0.04067832358320623,49,0.03429950549132192,47
2007-12-06,0.034628764745132774,48,0.0412531203187398,50,0.035127559920296834,47
2007-12-07,0.028947689374058453,44,0.04083314480594498,49,0.03173681141590521,46
2007-12-10,0.03460567594997176,48,0.033311446834069024,47,0.03248849249637272,46
2007-12-11,0.045522884552672366,50,0.042198951469057694,50,0.0364668484944092,48
2007-12-12,0.0524484507923333,51,0.0417714774458307,50,0.0387860126205118,49
2007-12-13,0.049629874391131076,51,0.04248695640623116,50,0.03837056440463851,49
2007-12-14,0.050066597771997026,51,0.04008093702795546,49,0.03874088422147809,49
2007-12-17,0.03935941170879643,49,0.03999015805453301,49,0.03814264116430578,48
2007-12-18,0.03234811661650209,47,0.03830762683953614,49,0.03805834311538075,48
2007-12-19,0.025530241382680646,42,0.03889831055477497,49,0.038881542781662747,49
2007-12-20,0.021910970350312878,39,0.03618106806401146,48,0.03894307024187541,49
2007-12-21,0.03226672616897367,47,0.04186513523279021,50,0.04064858107859472,49
2007-12-24,0.03230654070545986,47,0.03821019848044638,49,0.03999110182855446,49
2007-12-26,0.033551350653857163,47,0.032198115885752325,46,0.03746283043796911,48
2007-12-27,0.03779294848952226,49,0.03077182739709376,45,0.03792332040433879,48
2007-12-28,0.03749770849935118,49,0.029466679531127166,45,0.03485321766219057,47
2007-12-31,0.022225087654513986,39,0.02785027368336972,44,0.03479773989084999,47
2008-01-02,0.021561443915306476,38,0.02871456966247533,44,0.033164392966006546,47
2008-01-03,0.024713266520572052,42,0.029024330108752824,44,0.03324971679614897,47
2008-01-04,0.017884152989012154,33,0.028294141934197062,44,0.032700780338805135,47
2008-01-07,0.01669902908936664,31,0.028219107103041065,44,0.032511905257515114,46
2008-01-08,0.01587387710799548,30,0.01855295853723156,33,0.031086007957288095,46
2008-01-09,0.025647891872717272,42,0.02291852759199221,39,0.03225279853484368,46
2008-01-10,0.029118731041978197,44,0.025845697257768082,42,0.030973003635558674,46
2008-01-11,0.028568573179594017,44,0.024090640189524472,40,0.028944292768803358,44
2008-01-14,0.02833290599841101,44,0.024728355990248897,41,0.02654531973195202,42
2008-01-15,0.03131007760207382,46,0.026785528745973664,43,0.02673046913265295,42
2008-01-16,0.03693932073755982,48,0.03150850430840631,46,0.02883407855323636,44
2008-01-17,0.04122245004623527,50,0.033671992656956966,47,0.029856383752090033,45
2008-01-18,0.03714084541560158,48,0.03288549451377472,46,0.030004811626832405,45
2008-01-22,0.043971999566170525,50,0.03506927344270618,47,0.030860163651692092,46
2008-01-23,0.047759954579066344,51,0.03903373040418742,49,0.034659426995781624,47
2008-01-24,0.04487253860039599,50,0.03876137475595021,49,0.03255016900328853,46
2008-01-25,0.041766085980369995,50,0.04013107641810028,49,0.03302544268398223,47
2008-01-28,0.0396786717667535,49,0.04229624448053093,50,0.03502854608506351,47
2008-01-29,0.038939281463735625,49,0.0415028316238851,50,0.033488550320985744,47
2008-01-30,0.03244011744746066,47,0.03903646411550798,49,0.03372843377167282,47
2008-01-31,0.03515688940271101,48,0.03809012768202457,49,0.034677205407800345,47
2008-02-01,0.025680757166544093,42,0.03366956307918224,47,0.0344634886774164,47
2008-02-04,0.03353158098986645,47,0.03569706344279475,48,0.03565097314262313,48
2008-02-05,0.04065761873589569,49,0.04057593285901531,49,0.03674277749039328,48
2008-02-06,0.040691773798913346,49,0.03488243600592306,47,0.03621828835355744,48
2008-02-07,0.03561898846042123,48,0.03497633692998959,47,0.03533843651091159,47
2008-02-08,0.028113262638028193,44,0.034803813263527515,47,0.035861051821387366,48
2008-02-11,0.027087975969230696,43,0.031918750358981327,46,0.036281804701889256,48
2008-02-12,0.0295210574482312,45,0.03372919196328071,47,0.036896886858313736,48
2008-02-13,0.02910950566457782,44,0.03335624460584365,47,0.036445003379949464,48
2008-02-14,0.031225669926656024,46,0.03166153959950773,46,0.03615856275048606,48
2008-02-15,0.031477115125552006,46,0.029581400233020173,45,0.03482945524372503,47
2008-02-19,0.034577106169325265,48,0.03008917793364137,45,0.034773662202258464,47
2008-02-20,0.025745581877122198,42,0.02687169952092787,43,0.03431436159208404,47
2008-02-21,0.02590905773458026,42,0.026928112437256235,43,0.03377331814829933,47
2008-02-22,0.026517245619587057,43,0.027500262538886027,43,0.030375729904963386,45
2008-02-25,0.02471717162128582,42,0.026817488383176206,43,0.03044028493050184,45
2008-02-26,0.015624504015444273,29,0.025524457788114293,42,0.029746706535939773,45
2008-02-27,0.015849191094192625,29,0.020890721818075043,37,0.027480902970135265,43
2008-02-28,0.020992395208638492,38,0.02310256839395701,40,0.02761799405271424,43
2008-02-29,0.025444173109355036,42,0.025281617087579387,41,0.02913837483188643,44
2008-03-03,0.023763857371878954,41,0.023635239220305828,40,0.027266376827990914,43
2008-03-04,0.022390989031183094,39,0.021498794344806737,37,0.025496398743932756,41
2008-03-05,0.021355159531397955,38,0.02132452039209772,37,0.02506131613827636,40
2008-03-06,0.02038696261370872,37,0.021796542475287183,38,0.023748449595113724,39
2008-03-07,0.01756373987043828,33,0.020944088617120292,37,0.0238007547672619,39
2008-03-10,0.017459176250403986,32,0.0201606458633761,36,0.023414987227531176,39
2008-03-11,0.0504392262967865,51,0.039885186205233555,49,0.03229616490321889,46
2008-03-12,0.05462040486343351,52,0.04193202984034899,50,0.03315834228836073,47
2008-03-13,0.052175132174007294,51,0.04075879205791263,49,0.03147728854835858,46
2008-03-14,0.057379616428507044,52,0.04020902235633186,49,0.03248006811209742,46
2008-03-17,0.059217401709955195,52,0.041163684303512686,50,0.03247579661600721,46
2008-03-18,0.04158899063052278,50,0.045747295701195796,51,0.034856395205055284,47
2008-03-19,0.03876841152613131,49,0.04562182330037216,51,0.03420191123447514,47
2008-03-20,0.05291176491372526,51,0.04961764141737673,51,0.037878304384636734,48
2008-03-24,0.045418619870416094,50,0.04963183945776919,51,0.037739878493634894,48
2008-03-25,0.04166367483993442,50,0.05030364643762597,51,0.037652552111900287,48
2008-03-26,0.04265990827346048,50,0.04065841333618469,49,0.038317177525950666,49
2008-03-27,0.047384103405019834,51,0.04097014463340392,50,0.03932787500354725,49
2008-03-28,0.0233535585587616,40,0.04131505314407502,50,0.03949868408724954,49
2008-03-31,0.019802112714603696,36,0.039599432904066846,49,0.03905701429040891,49
2008-04-01,0.04916063681910906,51,0.04505487727671388,51,0.041585842648807804,50
2008-04-02,0.04588128196367328,50,0.041774138952742734,50,0.04160822263948623,50
2008-04-03,0.03738537187842539,49,0.041045552118567856,50,0.04161570236039702,50
2008-04-04,0.032209890717992115,46,0.03400679733976316,47,0.04128103381036919,50
2008-04-07,0.031394924850171035,46,0.03423866554053962,47,0.04083041036484589,49
2008-04-08,0.02390448586779284,41,0.03646690853678313,48,0.04204582126293913,50
2008-04-09,0.024359649971113832,41,0.035177440630293356,48,0.0423275596530508,50
2008-04-10,0.024227163749221074,41,0.03193510993934011,46,0.0361631386929849,48
2008-04-11,0.02244949306187775,39,0.03189270625622638,46,0.03532974493598739,47
2008-04-14,0.03030805082997586,45,0.04238145551953952,50,0.039810491954129,49
2008-04-15,0.03727886654843517,49,0.03200970283069906,46,0.03920558437180423,49
2008-04-16,0.04905008582454284,51,0.03660552910466095,48,0.04004988831239099,49
2008-04-17,0.05158647324608713,51,0.03804893786795962,49,0.038294947161141187,49
2008-04-18,0.05172039978105838,51,0.03884858315403298,49,0.03838312381573267,49
2008-04-21,0.04595635974843653,51,0.04300366904503046,50,0.03795071833793846,48
2008-04-22,0.05734618557596497,52,0.05133469979890979,52,0.04234831493902146,50
2008-04-23,0.06186901730200532,52,0.05309358827411973,52,0.04336065621436457,50
2008-04-24,0.06901895632287228,53,0.05801712181709431,52,0.04563006952325483,51
2008-04-25,0.06925715723274535,53,0.05776987408516501,52,0.04473723525083907,51
2008-04-28,0.051374161313184015,51,0.047418336691871045,51,0.044371803943704595,51
2008-04-29,0.04357664246866242,50,0.04829949183852821,51,0.044520479581672795,51
2008-04-30,0.03356918831786075,47,0.04766186619623989,51,0.041412101889465355,50
2008-05-01,0.02871081397710059,44,0.04988137252176624,51,0.04319880169392807,50
2008-05-02,0.028126798136972588,44,0.04984049879879279,51,0.043187369518840765,50
2008-05-05,0.030738455442865915,46,0.04200135614900931,50,0.04341077154502968,50
2008-05-06,0.029681952001600603,45,0.03515508489611418,48,0.04330589704318528,50
2008-05-07,0.032559505311470366,47,0.031716895067174865,46,0.042626353737384014,50
2008-05-08,0.02239154291973131,39,0.02846476297699117,44,0.04345614366412414,50
2008-05-09,0.021108168747963684,38,0.026937906285815216,43,0.04338660302089913,50
2008-05-12,0.02753854882055752,44,0.028035603864569696,44,0.04335431178091018,50
2008-05-13,0.0256018620427878,42,0.02874195823103745,44,0.038738605275580526,49
2008-05-14,0.02689290016367042,43,0.02890066736780789,44,0.038720886024580604,49
2008-05-15,0.01847178550712588,34,0.021446356834811962,37,0.03769656267781828,48
2008-05-16,0.023485111884982757,40,0.02238003911181767,39,0.038089493165029985,48
2008-05-19,0.018770624295395756,34,0.022222366786744722,38,0.03782887379606805,48
2008-05-20,0.01843367263181892,34,0.02150722864268702,37,0.03425776652891152,47
2008-05-21,0.015571300659000694,29,0.02081597043950165,36,0.02934301208866197,45
2008-05-22,0.015721683091873828,29,0.017769012246850697,32,0.027373273053814106,43
2008-05-23,0.01611301531854715,30,0.019638854817892452,35,0.02339834077220357,39
2008-05-27,0.019956019765125448,36,0.018283730913540217,33,0.022871861952331735,38
2008-05-28,0.022761484283042564,40,0.019661174541083716,35,0.02353493362571826,39
2008-05-29,0.02653038922098015,43,0.020846070570874228,37,0.024190362897810378,39
2008-05-30,0.026897436822063466,43,0.020770110052608943,36,0.02459343270733795,40
2008-06-02,0.028251591032031897,44,0.021690477078621366,38,0.021147430463815026,36
2008-06-03,0.02438840209596579,41,0.022330144256372607,39,0.02161925998814217,37
2008-06-04,0.025772587634466656,42,0.023016145737425792,39,0.021825019314209278,37
2008-06-05,0.02209415037545999,39,0.023995217519603446,40,0.021621259375348745,37
2008-06-06,0.025634654023510593,42,0.025299628592916103,41,0.022724317489223753,38
2008-06-09,0.025559304524171954,42,0.025399038046870045,41,0.021767648200734506,37
2008-06-10,0.023121689835107196,40,0.023388395437937432,40,0.021868890049599198,37
2008-06-11,0.031773513124018805,46,0.0277121883405153,43,0.02352597540729078,39
2008-06-12,0.026321185635106808,43,0.024613340430488576,41,0.02418709712755153,39
2008-06-13,0.04093753059072466,50,0.03469287435195138,47,0.03002293906840753,45
2008-06-16,0.0498452288893203,51,0.03998693231655147,49,0.03143593338565301,46
2008-06-17,0.049093219914523444,51,0.0413860627132906,50,0.03263103254158178,46
2008-06-18,0.11283064538932731,54,0.08539128343292231,53,0.06331459419713076,52
2008-06-19,0.12967708807124476,54,0.09025070866337875,53,0.06613064797371793,52
2008-06-20,0.13592337915987038,54,0.09465187520118966,53,0.06770160498274849,52
2008-06-23,0.13205918200162373,54,0.09422934729761208,53,0.06738748821533296,52
2008-06-24,0.134445846711,54,0.09567279763876747,53,0.0679579853624368,52
2008-06-25,0.02317454695956497,40,0.09677049745512974,53,0.06791859521073701,52
2008-06-26,0.01632892786884573,30,0.09732982879642442,53,0.0681675487292968,52
2008-06-27,0.009711331516063853,15,0.0939273068723429,53,0.06751473850041799,52
2008-06-30,0.009495542253035139,14,0.092515963387341,53,0.06768786090531868,52
2008-07-01,0.020407385681771865,37,0.09363075007177163,53,0.06922442156129176,52
2008-07-02,0.020295849015988465,36,0.021979548135132334,38,0.06937611516837089,52
2008-07-03,0.021388051565292783,38,0.018249130759057226,33,0.06921036069939553,52
2008-07-07,0.024687987718774167,42,0.017689071901117563,32,0.06889256137011286,52
2008-07-08,0.060022120030928966,52,0.042664498671285606,50,0.07581759385730001,52
2008-07-09,0.06688730524773233,52,0.04663147680499067,51,0.07598480299033751,52
2008-07-10,0.07102979679328049,53,0.05000791467398137,51,0.07809857616598699,52
2008-07-11,0.06952001919118578,53,0.05114545234883457,52,0.07834585976875416,52
2008-07-14,0.09286518794508698,53,0.06473041079241844,52,0.08097493109171379,52
2008-07-15,0.07565914192324022,53,0.06892716282265196,52,0.07914017737486669,52
2008-07-16,0.10801043746018009,53,0.08492757554932527,53,0.08720553550994894,53
2008-07-17,0.11843807015322788,54,0.09231134101278675,53,0.09079166780315526,53
2008-07-18,0.11996136757430938,54,0.09272665954772981,53,0.06467200280174588,52
2008-07-21,0.10061161645559716,53,0.09198068057201093,53,0.0645423758995094,52
2008-07-22,0.08444841236313949,53,0.0909138030579139,53,0.06800600267369603,52
2008-07-23,0.07736685735106828,53,0.08907514041031155,53,0.06835406520638648,52
2008-07-24,0.06999283466548857,53,0.09372309478862513,53,0.07127542764977682,52
2008-07-25,0.06946452626075127,53,0.09285795321853017,53,0.0712887494607253,52
2008-07-28,0.07487857909704176,53,0.08699421341560273,53,0.07299765553263257,52
2008-07-29,0.0666318084037068,52,0.08481420597840258,53,0.07497464776461778,52
2008-07-30,0.06648838413915638,52,0.0719348134346847,52,0.07486020647154179,52
2008-07-31,0.05624751249937502,52,0.05998748027052712,52,0.07508862106956381,52
2008-08-01,0.05626378816501182,52,0.05959521026473924,52,0.07510905084024821,52
2008-08-04,0.04541164410889824,50,0.05940816177959944,52,0.07501188783816247,52
2008-08-05,0.035162486859937184,48,0.05135283319390948,52,0.07539632450344687,52
2008-08-06,0.035140169271718785,48,0.05079833072170633,51,0.07145227609856113,52
2008-08-07,0.032322815519392964,47,0.04345227009736014,50,0.07032436529840369,52
2008-08-08,0.033739054882743036,47,0.044795634040555164,51,0.06971831344209974,52
2008-08-11,0.0307522244743242,46,0.03719298098491998,48,0.06922056813984631,52
2008-08-12,0.04825630045271479,51,0.04038809781285943,49,0.06723520251521888,52
2008-08-13,0.05228699657130861,51,0.04382016469364329,50,0.06637346069577217,52
2008-08-14,0.05895901658473146,52,0.045677953272804404,51,0.05787721155510441,52
2008-08-15,0.05503827305672236,52,0.04588224976384522,51,0.05074121768358584,51
2008-08-18,0.05396070193678844,52,0.04936438990217189,51,0.051930059800880446,51
2008-08-19,0.04559499909305775,50,0.044767170901615895,51,0.052843270607547094,51
2008-08-20,0.042681462159302345,50,0.04538838094948843,51,0.04616951801316702,51
2008-08-21,0.03465811840087587,48,0.04571354297639049,51,0.04606302788494622,51
2008-08-22,0.03818933871960271,49,0.04466552576590015,51,0.04364988312503623,50
2008-08-25,0.03367710961627942,47,0.043702708200972884,50,0.044320421750558524,51
2008-08-26,0.02479482715458599,42,0.03655009801543833,48,0.042186228987372246,50
2008-08-27,0.03369321386917067,47,0.03733773754105327,48,0.0388210896435124,49
2008-08-28,0.03356074139150031,47,0.03485678753250159,47,0.038922246942681656,49
2008-08-29,0.03260605218756538,47,0.03525717532450161,48,0.038867978176890264,49
2008-09-02,0.019269574429542947,35,0.03026946578029926,45,0.03919073073390467,49
2008-09-03,0.01869518494024421,34,0.023312215701022914,40,0.03913251385962578,49
2008-09-04,0.043522707560767336,50,0.037444236702904185,49,0.04023428405913061,49
2008-09-05,0.05183247505967033,51,0.041281521202374896,50,0.04248160331193403,50
2008-09-08,0.053825694612233216,52,0.04195579167795423,50,0.04338528874118537,50
2008-09-09,0.061335644512505456,52,0.04579751313581008,51,0.04457546814749944,51
2008-09-10,0.06703853030364149,52,0.05246097880248922,52,0.0466457083392824,51
2008-09-11,0.05960295271764181,52,0.049221284746773265,51,0.043157389551203455,50
2008-09-12,0.05002063176415638,51,0.049300051327023704,51,0.041711209013108784,50
2008-09-15,0.04624561940039893,51,0.054039586853018594,52,0.044236947917387276,50
2008-09-16,0.07100887482299802,53,0.06255934929819107,52,0.0487858634689977,51
2008-09-17,0.07254293163948046,53,0.06618229220828345,52,0.05040716391939755,51
2008-09-18,0.09130109743308461,53,0.07318033389521952,52,0.05519381090557061,52
2008-09-19,0.11833910596842748,54,0.0909370352811237,53,0.0670515272761436,52
2008-09-22,0.1242413708422308,54,0.09759850878507395,53,0.07168801271101453,52
2008-09-23,0.12447634874614985,54,0.0962483972447538,53,0.07212501132033848,52
2008-09-24,0.11423719945614641,54,0.09262661114302645,53,0.07156180759207117,52
2008-09-25,0.10475356802221653,53,0.09264852424059247,53,0.07156051158290974,52
2008-09-26,0.043842894984136176,50,0.09365407504537208,53,0.07116525489000577,52
2008-09-29,0.1906203438892761,54,0.16895228548425928,54,0.11971401529415478,53
2008-09-30,0.26501812259875773,54,0.1967644298358703,54,0.13871656677927396,54
2008-10-01,0.27887983941237643,54,0.20164584143843245,54,0.143152406553769,54
2008-10-02,0.2792820609012845,54,0.19911442821275002,54,0.14337666625186468,54
2008-10-03,0.2790030520089802,54,0.18883518988357995,54,0.14235870198792588,54
2008-10-06,0.1611548530660944,54,0.18798083114208605,54,0.14282591502415726,54
2008-10-07,0.1010151530058994,53,0.18934354363076292,54,0.14353088871444436,54
2008-10-08,0.06831194457300935,53,0.19197073681550933,54,0.1443851597978869,54
2008-10-09,0.10080218690174457,53,0.19972262573068977,54,0.1495290744526085,54
2008-10-10,0.11512393921461052,54,0.20225022787478472,54,0.15041787101414208,54
2008-10-13,0.11814413725170725,54,0.14053417438985777,54,0.15073913901795802,54
2008-10-14,0.146694818962462,54,0.12213363601421871,54,0.1569740180570391,54
2008-10-15,0.14915120691939038,54,0.11195318560165735,53,0.15610941427511207,54
2008-10-16,0.09577063973751322,53,0.11153377873222128,53,0.15509274244617838,54
2008-10-17,0.10693621880727394,53,0.11263617951804478,53,0.15349801529714696,54
2008-10-20,0.1080591250622709,53,0.10926032862600593,53,0.14767836526576833,54
2008-10-21,0.028452606971249274,44,0.104349899892572,53,0.14620780840721032,54
2008-10-22,0.027183492412396974,43,0.1025640629975382,53,0.1462208371400665,54
2008-10-23,0.023580521681323435,40,0.07976021889792012,53,0.14642110234629147,54
2008-10-24,0.1214374903978911,54,0.12247063858199403,54,0.15863846168098408,54
2008-10-27,0.13063912739221947,54,0.12272786419400862,54,0.15934345911418374,54
2008-10-28,0.20037248905494195,54,0.13495547943808722,54,0.13966374406238102,54
2008-10-29,0.19980789039790003,54,0.1345799796134486,54,0.12295536914572969,53
2008-10-30,0.2006779408728489,54,0.13513348174276824,54,0.11798557272175386,53
2008-10-31,0.12380704870220512,54,0.13691797969265984,54,0.11894464982271007,53
2008-11-03,0.12354104863036343,54,0.1383721159230104,54,0.11971338531508159,53
2008-11-04,0.05614375220203781,52,0.14017369999363677,54,0.11924884991333676,53
2008-11-05,0.08256912567429392,53,0.14422409612460335,54,0.11995645418132371,53
2008-11-06,0.0893042428299773,53,0.14647898460899736,54,0.12032903746959422,53
2008-11-07,0.087472390396038,53,0.1069242285891513,53,0.11279547306616249,53
2008-11-10,0.08312500703039981,53,0.11045765019011472,53,0.11292145335647967,53
2008-11-11,0.06543962093788264,52,0.06796191053682973,52,0.1125581419797124,53
2008-11-12,0.062524968954338,52,0.07306756909760288,52,0.1030018349380465,53
2008-11-13,0.09597920817045331,53,0.08750006608742583,53,0.10859235159544192,53
2008-11-14,0.09989443980469757,53,0.08907513106500783,53,0.10999881800620936,53
2008-11-17,0.09856297589485487,53,0.0860591459863193,53,0.10989306627917152,53
2008-11-18,0.09985054681852794,53,0.08108841041458209,53,0.11005027759276369,53
2008-11-19,0.10122935182203684,53,0.08046006719479867,53,0.11178248427755573,53
2008-11-20,0.0483434661897474,51,0.0801663667440778,53,0.11276842660154353,53
2008-11-21,0.046609454850821685,51,0.0749192459600025,52,0.1126453784377664,53
2008-11-24,0.10333884444696202,53,0.09533020426021356,53,0.09974508505060821,53
2008-11-25,0.10630778731649501,53,0.0973860970770397,53,0.09979382169198091,53
2008-11-26,0.09121342463322682,53,0.0926477333392882,53,0.0798016925606119,52
2008-11-28,0.069741874149677,53,0.07869634758490585,53,0.08014717192309143,52
2008-12-01,0.1120773248957651,54,0.0883435735483683,53,0.08591799313089092,53
2008-12-02,0.08700203384422317,53,0.09012104964330431,53,0.08541849619529432,53
2008-12-03,0.0868400550264423,53,0.0924998440131554,53,0.08518011732548611,53
2008-12-04,0.08364664891133992,53,0.08817620490097307,53,0.08284142743718717,53
2008-12-05,0.09712514673292105,53,0.08798293938063323,53,0.08351618712780243,53
2008-12-08,0.06578624981250104,52,0.08693392358635053,53,0.08173972445681146,53
2008-12-09,0.06666529679649673,52,0.0736810055562741,52,0.0815131876774976,52
2008-12-10,0.05814727483364376,52,0.07065856612934787,52,0.08084611480410961,52
2008-12-11,0.05635976875700733,52,0.06985031467531033,52,0.08088970522553872,52
2008-12-12,0.038941954499201376,49,0.07018557939650268,52,0.07923368650585826,52
2008-12-15,0.0437267423327357,50,0.055352773318445125,52,0.07191594978274304,52
2008-12-16,0.059784214712848296,52,0.06115888188651596,52,0.07353611741800538,52
2008-12-17,0.06727392600032758,53,0.05928264723347246,52,0.07408613730388389,52
2008-12-18,0.06676089384478841,52,0.05827003092122336,52,0.07398557679529984,52
2008-12-19,0.0645814603481,52,0.050432153942392276,51,0.07103042438613782,52
2008-12-22,0.05462694853371714,52,0.05022327403269808,51,0.06855547110140203,52
2008-12-23,0.029174102378503673,45,0.04523116552321004,51,0.06822651392252023,52
2008-12-24,0.012831427464139471,23,0.04610552041308591,51,0.05855680505293309,52
2008-12-26,0.013849324788467813,25,0.045458939412073344,51,0.057178922454939635,52
2008-12-29,0.014429030172729009,27,0.04419147835855151,50,0.056948279635268995,52
2008-12-30,0.019167229639450098,35,0.03860807653960695,49,0.05697722036350762,52
2008-12-31,0.020753229721717815,37,0.02753385280184038,43,0.04684276199454546,51
2009-01-02,0.02299043292414921,40,0.0184820802646008,33,0.04606767882931818,51
2009-01-05,0.02791055931374384,44,0.021679531109110035,38,0.04294366994818605,50
2009-01-06,0.026194183965792605,43,0.02166323679380462,38,0.041928700098222714,50
2009-01-07,0.04251876108247142,50,0.031425175216133444,46,0.04020997207141588,49
2009-01-08,0.03900409213052594,49,0.031459609576609295,46,0.04034183603167255,49
2009-01-09,0.03903595440124598,49,0.0385892396688382,49,0.04043557575815396,49
2009-01-12,0.04614820282924954,51,0.04603991873509537,51,0.04421801188351315,50
2009-01-13,0.042428020390094724,50,0.045989946481502904,51,0.04407264995284416,50
2009-01-14,0.0446312717358181,50,0.047393376062836175,51,0.04583581228163109,51
2009-01-15,0.04626523833280612,51,0.055551844209744614,52,0.05300126594729971,52
2009-01-16,0.06051046893806659,52,0.05130177083511354,52,0.04747997924242076,51
2009-01-20,0.0955440631587649,53,0.07552391213775957,52,0.06492604030011574,52
2009-01-21,0.08856578141305317,53,0.07165473097832659,52,0.06461894108028926,52
2009-01-22,0.12009685253371373,54,0.09876231311516606,53,0.0850729066436417,53
2009-01-23,0.13967233319269906,54,0.09934032648092653,53,0.08571335112823388,53
2009-01-26,0.12662103592720028,54,0.09923805165771832,53,0.08562348479211257,53
2009-01-27,0.11790405850891254,54,0.10119126364445985,53,0.08411795589939286,53
2009-01-28,0.23513479543312865,54,0.1749991907149276,54,0.12293296971695715,53
2009-01-29,0.1976916821829994,54,0.17740949077412702,54,0.12524483536059292,53
2009-01-30,0.2260494564249036,54,0.18289741931955453,54,0.13016944486095172,53
2009-02-02,0.2301730061318049,54,0.18191213621792282,54,0.12973224435051825,53
2009-02-03,0.23567849133864624,54,0.1764891107088855,54,0.12916413682622646,53
2009-02-04,0.03582468651851432,48,0.17776599380523145,54,0.12979571557589795,53
2009-02-05,0.10505597104922282,53,0.16633420682660333,54,0.13213349926978515,53
2009-02-06,0.32053877459652674,54,0.26423827979798464,54,0.19720859755967715,54
2009-02-09,0.3047968257999928,54,0.2632843641229494,54,0.19910122158339216,54
2009-02-10,0.32666270685066917,54,0.27714839387409507,54,0.20424669365044562,54
2009-02-11,0.306891924957801,54,0.24863462138426895,54,0.20449516395250283,54
2009-02-12,0.3125520315897394,54,0.24497188790226082,54,0.20444963327596366,54
2009-02-13,0.12985912108460287,54,0.23625354281520505,54,0.2046198915634604,54
2009-02-17,0.10816898601356664,53,0.23895553887376125,54,0.2052804897346707,54
2009-02-18,0.0768492559297587,53,0.2374918075040685,54,0.20577002400557476,54
2009-02-19,0.06232721782782766,52,0.24022489682620446,54,0.20399503734527444,54
2009-02-20,0.034929975302402945,48,0.24307585177128407,54,0.20535042317918314,54
2009-02-23,0.16085644879120026,54,0.13908450532132643,54,0.20444734094463196,54
2009-02-24,0.1850430985856669,54,0.14961906634198263,54,0.20851870254208707,54
2009-02-25,0.22810735854174635,54,0.17916896535848845,54,0.22159034338092048,54
2009-02-26,0.17942160931982742,54,0.1879450068075531,54,0.22466444524041704,54
2009-02-27,0.1508201834018238,54,0.19007941183330188,54,0.21061580752296025,54
2009-03-02,0.20459558217884738,54,0.1954902254044579,54,0.21123356791404718,54
2009-03-03,0.2074941897408938,54,0.18792374562258435,54,0.20612328338840757,54
2009-03-04,0.1297163964570612,54,0.1818611221886612,54,0.20414367097407787,54
2009-03-05,0.09151478683647897,53,0.18538543306054858,54,0.2067731388123811,54
2009-03-06,0.0927996645790111,53,0.1779009788884769,54,0.2046742145581577,54
2009-03-09,0.10725847815281046,53,0.16894016265961273,54,0.20486399174197847,54
2009-03-10,0.14705270243174867,54,0.170718601300143,54,0.15966247984885876,54
2009-03-11,0.14953282004038881,54,0.13199057848051163,54,0.1580940249271774,54
2009-03-12,0.10781626190365157,53,0.11973382661285055,54,0.15102127026849946,54
2009-03-13,0.09164995663968206,53,0.11967301912210439,54,0.15119258610372846,54
2009-03-16,0.09176253483445793,53,0.10835516424735707,53,0.15145163234588396,54
2009-03-17,0.06032198577467419,52,0.10705294657853712,53,0.15050758193910033,54
2009-03-18,0.039772326608578275,49,0.11337568201753012,53,0.14747589203474082,54
2009-03-19,0.06554907489634658,52,0.08413584300490347,53,0.14471663403417948,54
2009-03-20,0.06863152230098177,53,0.07739185185575652,52,0.13713463515328572,54
2009-03-23,0.07664490438136352,53,0.0797288301256786,53,0.13139012485244897,53
2009-03-24,0.10439380857170895,53,0.08068635452680128,53,0.13042581014675309,53
2009-03-25,0.08868545960580684,53,0.07404287960930658,52,0.1270307465394394,53
2009-03-26,0.08461060471390087,53,0.07222795731984537,52,0.1058498848489786,53
2009-03-27,0.08710463706701439,53,0.0746027120961754,52,0.09907523920655596,53
2009-03-30,0.0736652423242773,53,0.0748546213688414,52,0.09765637144289782,53
2009-03-31,0.07117186169457312,53,0.08749215332178721,53,0.09549870555644495,53
2009-04-01,0.07145175271605293,53,0.08121382238611201,53,0.09357936391225918,53
2009-04-02,0.07274355545784808,53,0.07617820635012588,52,0.09357591075182896,53
2009-04-03,0.06072061341544627,52,0.07505982603818517,52,0.07620201591223029,52
2009-04-06,0.08618639259849538,53,0.0779188528149753,52,0.07659331155575423,52
2009-04-07,0.05933035150702213,52,0.07205908047018988,52,0.08024273492192587,52
2009-04-08,0.05676856885218278,52,0.07766649081559843,52,0.07604755044389701,52
2009-04-09,0.18443599195471452,54,0.13272489758215938,54,0.10199902300732086,53
2009-04-13,0.2004599216223145,54,0.13963860784767393,54,0.1079679776654675,53
2009-04-14,0.22289716927231903,54,0.15933432070982398,54,0.1183379156903879,53
2009-04-15,0.2129760780568854,54,0.15527460127192783,54,0.11965632696969083,53
2009-04-16,0.19441486132932975,54,0.1554863373334886,54,0.11969153548005212,53
2009-04-17,0.14415856281197328,54,0.1570854441352254,54,0.11897514225401956,53
2009-04-20,0.17336555095576278,54,0.18333583639764203,54,0.1334908497001661,54
2009-04-21,0.1549719544421457,54,0.181305182215139,54,0.13374356124829617,54
2009-04-22,0.14997099433738453,54,0.18106969197733222,54,0.13438732099565268,54
2009-04-23,0.14630687620500793,54,0.1766521125750712,54,0.13080504426679146,53
2009-04-24,0.126332022049958,54,0.14131934677134325,54,0.13129651955267102,53
2009-04-27,0.06025104602711407,52,0.12284950988035606,54,0.13174717455207258,53
2009-04-28,0.04177080137053265,50,0.1093562012493141,53,0.1312875139875482,53
2009-04-29,0.05862981490536809,52,0.10867740559259374,53,0.13254547971127442,53
2009-04-30,0.059683191881530255,52,0.10655707692694973,53,0.12853046199614804,53
2009-05-01,0.06695898966163714,52,0.09938634896334694,53,0.12966397134747046,53
2009-05-04,0.12397876598199124,54,0.09809943248653254,53,0.13953417871974358,54
2009-05-05,0.1347205877193811,54,0.09963797172013983,53,0.1406904699128965,54
2009-05-06,0.14048441729296096,54,0.10299898791934052,53,0.14187671830976525,54
2009-05-07,0.1384371386542406,54,0.10337472162423633,53,0.13987360006665298,54
2009-05-08,0.25233770995521443,54,0.19877079510535967,54,0.18148718041457562,54
2009-05-11,0.2641947869136782,54,0.19824460415012246,54,0.17006731047622536,54
2009-05-12,0.2575713043105589,54,0.20018382400157292,54,0.16662020082739679,54
2009-05-13,0.28823710176967066,54,0.21424480724371686,54,0.16519280353167926,54
2009-05-14,0.28577745966755547,54,0.21248749458216734,54,0.1643500180899159,54
2009-05-15,0.07906432765852832,53,0.21211853725503302,54,0.1655390725795445,54
2009-05-18,0.1068203984478411,53,0.20404738466302522,54,0.16572946902316846,54
2009-05-19,0.10707781349350019,53,0.20222846631847619,54,0.15363704828889957,54
2009-05-20,0.07475860136329808,53,0.20132113231812257,54,0.15387879835892848,54
2009-05-21,0.08424823520423085,53,0.20679059271524292,54,0.15509845181869175,54
2009-05-22,0.08080340631714368,53,0.0769078339785229,52,0.15545936304029773,54
2009-05-26,0.043688996827883214,50,0.07772341619480447,52,0.1547950901115115,54
2009-05-27,0.0441321590557826,50,0.07813539415420102,52,0.15515808270979964,54
2009-05-28,0.045833262330507954,50,0.06343583415230866,52,0.15533718387291298,54
2009-05-29,0.025159503313408178,42,0.05893964356610588,52,0.15432479232282845,54
2009-06-01,0.025570731968363018,42,0.05661801187291934,52,0.1541076773585204,54
2009-06-02,0.030197695072442677,45,0.0365197985635258,48,0.1535219793283127,54
2009-06-03,0.027753466753754646,44,0.03672278298757819,48,0.14560949255038588,54
2009-06-04,0.04562042420066899,50,0.04670128183277173,51,0.14492903823539482,54
2009-06-05,0.04524354530041625,50,0.034806744471735235,47,0.14200401763338344,54
2009-06-08,0.04534731817572319,50,0.034784523264892876,47,0.14199403274164293,54
2009-06-09,0.03912993905475752,49,0.03487813787083466,47,0.057850622091447736,52
2009-06-10,0.03069977713409505,46,0.03189124431611795,46,0.058164111572481046,52
2009-06-11,0.02484338267378476,42,0.03529338484810333,48,0.059702159597929516,52
2009-06-12,0.025317701821500536,42,0.03569634823034528,48,0.04980102261014717,51
2009-06-15,0.04490873017849862,50,0.04255633890455014,50,0.049485046532839604,51
2009-06-16,0.052535702688396184,51,0.04414630002076978,50,0.04924259237885641,51
2009-06-17,0.05525014774861075,52,0.04665448021184943,51,0.041558273714989144,50
2009-06-18,0.0567575762017816,52,0.045040491454591824,51,0.04406128161425543,50
2009-06-19,0.05333527113519122,52,0.04489776903633988,51,0.04413788884706551,50
2009-06-22,0.058483292457014585,52,0.05176581138260641,52,0.042274555696831785,50
2009-06-23,0.056196674438142864,52,0.051739851710254636,52,0.04223833615204007,50
2009-06-24,0.05172688681682313,51,0.050983303004957646,52,0.042085251363518934,50
2009-06-25,0.04233185554925114,50,0.047296972115244564,51,0.041485330346242404,50
2009-06-26,0.04097517931222546,50,0.044969869829733805,51,0.04149354415380499,50
2009-06-29,0.012551005020265111,22,0.04302721999232069,50,0.04135001943787905,50
2009-06-30,0.01111217727317434,18,0.03997217694017885,49,0.04125530741574429,50
2009-07-01,0.011043674333211457,18,0.03571878621262397,48,0.040159175482893855,49
2009-07-02,0.021774394685577497,39,0.031844759339698644,46,0.04059896902299216,49
2009-07-06,0.021960424817523503,39,0.031186503083398997,46,0.03731690968619399,48
2009-07-07,0.018901139609627936,34,0.017497338475731962,31,0.037058333569989575,48
2009-07-08,0.02065223147326686,37,0.020697578271693627,36,0.03744850498641912,48
2009-07-09,0.026812976335904338,43,0.022585382598578594,39,0.03801716545382989,48
2009-07-10,0.025215094742600405,42,0.02257934885141838,39,0.03808915758288165,48
2009-07-13,0.05325948809932217,52,0.0391538049775102,49,0.04174622290867999,50
2009-07-14,0.0542674395522048,52,0.039192700257514854,49,0.040946983924953086,49
2009-07-15,0.051718019791725925,51,0.04305893892418163,50,0.041264313039043155,50
2009-07-16,0.05447843849404089,52,0.04340428337042249,50,0.03966323160661253,49
2009-07-17,0.05863231469502336,52,0.044565831454988145,51,0.03948598794756809,49
2009-07-20,0.039796029763332776,49,0.04466926189941043,51,0.037208003151818644,48
2009-07-21,0.04659626061283955,51,0.048412045881876184,51,0.038805343103031416,49
2009-07-22,0.03976210327314069,49,0.04792226063156785,51,0.035354241719566394,47
2009-07-23,0.07963953253854629,53,0.06432767220056276,52,0.046708989889702075,51
2009-07-24,0.07076467021720168,53,0.06274156526157848,52,0.04799296927877031,51
2009-07-27,0.07059799778951475,53,0.0582091437855982,52,0.04793692945705858,51
2009-07-28,0.05859522201191713,52,0.05819973608536824,52,0.04818127940911374,51
2009-07-29,0.05837333377577376,52,0.05728323812502582,52,0.04857405230860229,51
2009-07-30,0.030072233912039364,45,0.05720689237214888,52,0.04946785870405121,51
2009-07-31,0.02687838666593607,43,0.051346600514652715,52,0.04945661811010348,51
2009-08-03,0.027208954887668602,43,0.0515482778574332,52,0.047903295185070256,51
2009-08-04,0.019428767732833318,35,0.04213603559576243,50,0.047778175977915796,51
2009-08-05,0.02413188322354987,41,0.04437706857127633,50,0.047815256441622676,51
2009-08-06,0.03649122128568709,48,0.035782184449654704,48,0.049433454084880146,51
2009-08-07,0.03907476351139043,49,0.03301081752994322,47,0.04948470253201021,51
2009-08-10,0.03877378792380406,49,0.03306548963672895,47,0.048260128128457536,51
2009-08-11,0.03297878023469872,47,0.03191642701722256,46,0.04518476969786974,51
2009-08-12,0.03995387212905778,49,0.03253131548526809,46,0.04509325750394333,51
2009-08-13,0.024591843976014747,41,0.03288119300563067,46,0.04517643926634292,51
2009-08-14,0.035315115074211346,48,0.03566215739842251,48,0.045881558349858645,51
2009-08-17,0.05415916249522831,52,0.04440772154922973,50,0.04791387525141355,51
2009-08-18,0.05747235205977385,52,0.04475147372478486,51,0.04827663404166479,51
2009-08-19,0.053831554994201676,52,0.04484373791604005,51,0.04588694977141277,51
2009-08-20,0.04688094385310938,51,0.040095235021062194,49,0.04580856344433139,51
2009-08-21,0.0504900495692939,51,0.04133173280660622,50,0.03692861336045872,48
2009-08-24,0.03616214739046871,48,0.04402256355062541,50,0.037061801586821326,48
2009-08-25,0.03295266967797371,47,0.04417438620229013,50,0.03704143208466209,48
2009-08-26,0.03200311328716256,46,0.042393820498904236,50,0.03670225553923605,48
2009-08-27,0.03225535442538488,47,0.038363701195701316,49,0.03653800144521726,48
2009-08-28,0.024676415063445596,41,0.03780025308545178,49,0.03507296078690371,47
2009-08-31,0.01565411115408607,29,0.026579453060701124,42,0.03507524361311598,47
2009-09-01,0.03297122417591378,47,0.03275843844562191,46,0.03815778905153384,48
2009-09-02,0.03413293797521915,47,0.034484081021666786,47,0.03799547549043527,48
2009-09-03,0.04397807507815376,50,0.0365294965547399,48,0.0393038351817246,49
2009-09-04,0.042810714883877166,50,0.03299310849114633,47,0.03680748956930928,48
2009-09-08,0.04210012888708767,50,0.03095040604456621,46,0.03633481561582599,48
2009-09-09,0.02868949192480909,44,0.03013248296949466,45,0.036335371493218444,48
2009-09-10,0.022103755624815542,39,0.030289320100008302,45,0.03649626618332437,48
2009-09-11,0.029755841129962293,45,0.03567789161548071,48,0.03784481478115363,48
2009-09-14,0.028538197919556217,44,0.03455050964763309,47,0.035343005828227594,47
2009-09-15,0.03899785196668808,49,0.0382928685012559,49,0.036452355896266955,48
2009-09-16,0.03918014694311422,49,0.03271376281040596,46,0.03242691971352201,46
2009-09-17,0.039851427454696615,49,0.03140485257717613,46,0.03141167624817413,46
2009-09-18,0.023532022649491193,40,0.02759073976241445,43,0.031406974952937775,46
2009-09-21,0.02454757919697416,41,0.027135828502733512,43,0.03073971137823944,45
2009-09-22,0.01165854091956293,20,0.027153888151781286,43,0.02867758426944112,44
2009-09-23,0.017413115426562268,32,0.028815148102705967,44,0.0286019330002012,44
2009-09-24,0.019653763965417632,36,0.029877010272195113,45,0.028720573735284697,44
2009-09-25,0.018728962055093376,34,0.023252007099580495,40,0.028790968288593993,44
2009-09-28,0.02549697169798325,42,0.024654110257681064,41,0.029414655720194267,45
2009-09-29,0.026592027908073693,43,0.019420204573037392,35,0.02901554099814678,44
2009-09-30,0.022166955605176546,39,0.020542410937963843,36,0.02927073482936843,44
2009-10-01,0.03788488845108889,49,0.029006612036920898,44,0.029866956215024,45
2009-10-02,0.03778196611205535,49,0.028478718232458046,44,0.0291117942773268,44
2009-10-05,0.03575721497582915,48,0.02927778171770671,45,0.02714025387008335,42
2009-10-06,0.041542758101140595,50,0.0329562087536951,46,0.028657043202972493,44
2009-10-07,0.04283269297166213,50,0.03224678464474443,46,0.029442399670072034,45
2009-10-08,0.02070877005733578,37,0.029962155810687327,45,0.029433290731013435,45
2009-10-09,0.01672783674901775,31,0.029989985336438558,45,0.02946071315739625,45
2009-10-12,0.01976116212524292,36,0.029478927373508858,45,0.025878420209161302,41
2009-10-13,0.01401665227501892,26,0.029434872917709812,45,0.025877114107073853,41
2009-10-14,0.010318866578073158,16,0.029409334802170235,45,0.024204860808281825,39
2009-10-15,0.01158038740815561,20,0.016142826876121424,28,0.02452999765175097,40
2009-10-16,0.029837573152340695,45,0.02582850410168479,42,0.026987458149751096,42
2009-10-19,0.03124975852423021,46,0.025932287826074915,42,0.027155912653397597,42
2009-10-20,0.03675956552981225,48,0.02626891190141285,42,0.028716458660556995,44
2009-10-21,0.0428024770056559,50,0.02964583579820257,45,0.030469055271028684,45
2009-10-22,0.0536647633068615,52,0.03662126619037402,48,0.0328186856168553,47
2009-10-23,0.050633135306620114,51,0.039765785411337864,49,0.033517381863563976,47
2009-10-26,0.06328423790985166,52,0.04736817831063655,51,0.03816437955507904,48
2009-10-27,0.05579010860109743,52,0.04834220454618082,51,0.038547285681475564,49
2009-10-28,0.05525518512551723,52,0.04793413564900991,51,0.039075335161330924,49
2009-10-29,0.04704382756626057,51,0.051036560908807725,52,0.040485973388961705,49
2009-10-30,0.046648421273619914,51,0.04965129819352456,51,0.038479750415532504,49
2009-11-02,0.04213023839172382,50,0.05075926162536741,51,0.03911114365931495,49
2009-11-03,0.039247870027202474,49,0.04740274091189111,51,0.0391501125561655,49
2009-11-04,0.03659886773509932,48,0.04633759755211772,51,0.03813485210475404,48
2009-11-05,0.03374221330849506,47,0.04142958662728616,50,0.03868383878583035,49
2009-11-06,0.028160568689212143,44,0.040323070010925055,49,0.03868279066157157,49
2009-11-09,0.036816456346820986,48,0.038365310410730345,49,0.0411227751669912,49
2009-11-10,0.04024214648923351,49,0.03783038743170001,49,0.041647730026420846,50
2009-11-11,0.03729869850590256,49,0.03610885276411058,48,0.042374671597782645,50
2009-11-12,0.038606633417913656,49,0.034445606985687424,47,0.042298047506933355,50
2009-11-13,0.03821135508416635,49,0.03187799537763567,46,0.04234287431892767,50
2009-11-16,0.027013747022337796,43,0.030936743766396914,46,0.0406963094155515,49
2009-11-17,0.019992462912762344,36,0.02997338764178635,45,0.04066415454821159,49
2009-11-18,0.018245554023807925,33,0.028220070731532217,44,0.039907545413901124,49
2009-11-19,0.014990832856423256,28,0.027659078074988797,43,0.038743226312711695,49
2009-11-20,0.015542655874339614,29,0.027817231698988955,43,0.0355073325053728,48
2009-11-23,0.01679054396019627,31,0.02156668057941837,37,0.034653567444348825,47
2009-11-24,0.019315600118468168,35,0.018981856170239612,34,0.02984171769155912,45
2009-11-25,0.014030049515420974,26,0.016828042205563477,29,0.02854653051421823,44
2009-11-27,0.020553978618377454,37,0.020004837789696833,35,0.028634766894023445,44
2009-11-30,0.03495877480074311,48,0.025529337046929668,42,0.02901126136866739,44
2009-12-01,0.03397892447005764,47,0.025593151398407045,42,0.027536841362466594,43
2009-12-02,0.03498238912132551,48,0.026965672439480448,43,0.027587132982009425,43
2009-12-03,0.036661866857250175,48,0.02696790619814253,43,0.027664874495611173,43
2009-12-04,0.026742739319468866,43,0.026725379918719046,42,0.02689070696204421,42
2009-12-07,0.02055514004564502,37,0.027052937925239894,43,0.026278976752380005,41
2009-12-08,0.021248702400519286,38,0.026717640603919218,42,0.02641404775218682,42
2009-12-09,0.013841019155026928,25,0.026208059291412733,42,0.023179349317069418,38
2009-12-10,0.014453111019740691,27,0.027108194070385214,43,0.022443129278110287,37
2009-12-11,0.013986173099068508,26,0.02343176671918462,40,0.02147509144183917,36
2009-12-14,0.015330516509125414,28,0.01721310663129284,30,0.021024833844095796,36
2009-12-15,0.028210248057280573,44,0.023903421257759794,40,0.023836833331189248,39
2009-12-16,0.02667228226831964,43,0.02057980193477327,36,0.02418695985085468,39
2009-12-17,0.026416257901978393,43,0.020309648760411997,36,0.023986887901040588,39
2009-12-18,0.030857337082018356,46,0.022606736119061072,39,0.02410663903501006,39
2009-12-21,0.03583671204632318,48,0.026036073210653522,42,0.025366812848268947,41
2009-12-22,0.023436473084052247,40,0.02581247481546578,42,0.025285452628455947,41
2009-12-23,0.025889119841885425,42,0.026870810588725133,43,0.02560438850513405,41
2009-12-24,0.02628029908068514,43,0.028018134740017304,44,0.026222318465775853,41
2009-12-28,0.029789749146517844,45,0.029092637718443993,45,0.02681724825818649,42
2009-12-29,0.02327077648530697,40,0.028517715819413005,44,0.025438346313205802,41
2009-12-30,0.023127572615413757,40,0.023554850416660302,40,0.022729017667777917,38
2009-12-31,0.020685988296954966,37,0.022726027756398974,39,0.022593246954640035,38
2010-01-04,0.023879489976071814,41,0.025140731413504504,41,0.02304011050930268,38
2010-01-05,0.022391741553284442,39,0.024989250806740637,41,0.02349991887910237,39
2010-01-06,0.02125664313266744,38,0.02256084023418871,39,0.02339688563541973,39
2010-01-07,0.025645404715498095,42,0.028942760148966972,44,0.026551041161256308,42
2010-01-08,0.024275878074967377,41,0.026434596453224844,42,0.026354441613104778,41
2010-01-11,0.024154865097004655,41,0.025597260842902904,42,0.02635553961274169,42
2010-01-12,0.029337459813410904,45,0.0246598821852635,41,0.02627996080771001,41
2010-01-13,0.03311938326714152,47,0.026706966965953708,42,0.027954531556560944,43
2010-01-14,0.024893092600177802,42,0.02478083375407667,41,0.028100891989553883,43
2010-01-15,0.03287136554648268,47,0.02941815334782312,45,0.02659289012759414,42
2010-01-19,0.032774060181011644,47,0.028569127613829595,44,0.025963107337581042,41
2010-01-20,0.031135919946271566,46,0.02866614801594599,44,0.025955536565576677,41
2010-01-21,0.03630374835326664,48,0.03327577180161484,47,0.028265431151234807,43
2010-01-22,0.03561008336089139,48,0.029158564435896026,45,0.02760352695487602,43
2010-01-25,0.028229571556508862,44,0.02984051922082482,45,0.028025674194761548,43
2010-01-26,0.04681378035125501,51,0.038122778520855265,49,0.03128123797079406,46
2010-01-27,0.04815518743676762,51,0.038571803505090145,49,0.031700285905849696,46
2010-01-28,0.040404637976476976,49,0.03628729711892268,48,0.030726629517716497,45
2010-01-29,0.04066392332936077,49,0.036034893107860136,48,0.03053443337437017,45
2010-02-01,0.038046290734159056,49,0.03308629341516975,47,0.030065591512994216,45
2010-02-02,0.016283311359396785,30,0.03321949228399212,47,0.030003369459895266,45
2010-02-03,0.020764611856924086,37,0.03631890955924408,48,0.03133494899881288,46
2010-02-04,0.03347270500955481,47,0.036807847762470564,48,0.03487828631499383,47
2010-02-05,0.031119431414144038,46,0.03670034532195036,48,0.034876782572078095,47
2010-02-08,0.032536941843755864,47,0.034805598708918035,47,0.032494050698422414,46
2010-02-09,0.03382600367823371,47,0.029377142675442846,45,0.03251284347814935,46
2010-02-10,0.03419073729799265,47,0.02668771232110456,42,0.03268637428893049,46
2010-02-11,0.0062661930155204,5,0.027208637983949648,43,0.03242186743482586,46
2010-02-12,0.016371950529701494,31,0.02704339109558627,43,0.0312487836148107,46
2010-02-16,0.02263063949203831,40,0.030798883422704943,45,0.032131935535879556,46
2010-02-17,0.02353825937747191,40,0.03079576134697104,45,0.031048243046067073,46
2010-02-18,0.024456685243435798,41,0.02841280880191601,44,0.031199896413857953,46
2010-02-19,0.026083543996511083,43,0.01808307029636688,33,0.031519514414510605,46
2010-02-22,0.021575615960093424,38,0.018755530371189086,34,0.029032487175822855,44
2010-02-23,0.021944535951548785,39,0.021511887850209327,37,0.029507676331918645,45
2010-02-24,0.025389823253918545,42,0.02308309261732539,39,0.029616165777774876,45
2010-02-25,0.033134429837419495,47,0.02745978522140677,43,0.027431680714268127,43
2010-02-26,0.03100682198938473,46,0.027209753724506083,43,0.026027104910602103,41
2010-03-01,0.027647131440586056,44,0.025768764026189488,42,0.025994179722568136,41
2010-03-02,0.030109171228609094,45,0.02490005510595462,41,0.02687723434788875,42
2010-03-03,0.026186351749245506,43,0.02522909835285047,41,0.026961456581039548,42
2010-03-04,0.019548618492431672,35,0.025690621118028313,42,0.027221843022019895,42
2010-03-05,0.023646426197710447,41,0.026383077241797823,42,0.02663210899047592,42
2010-03-08,0.02497762858298733,42,0.02549560545287532,42,0.021853207504611078,37
2010-03-09,0.019436042515239373,35,0.024184932647138415,41,0.021875766029224766,37
2010-03-10,0.021891573209694887,39,0.023232937271199943,40,0.02233561753126827,37
2010-03-11,0.01829733522288997,34,0.01908555409605745,34,0.022690027984421254,38
2010-03-12,0.018029387568060856,33,0.019850574445848895,35,0.022808501879084783,38
2010-03-15,0.015928126911446183,30,0.01998495730265077,35,0.022856747567798423,38
2010-03-16,0.015255069572132483,28,0.017921377622004925,32,0.021951474483158047,37
2010-03-17,0.013714195384837344,25,0.017380081344844846,31,0.020783446547673872,36
2010-03-18,0.016608071095821682,31,0.017757937761045922,32,0.021430274744983192,36
2010-03-19,0.016726183584862934,31,0.016548396833396317,29,0.021416357774577635,36
2010-03-22,0.015277022025732754,28,0.01585058251819494,27,0.020924530938389425,36
2010-03-23,0.015119576436469568,28,0.015800092129879928,27,0.020339105798745,35
2010-03-24,0.012593005241144713,22,0.014161922292705114,24,0.019478277470244703,35
2010-03-25,0.010540640510847181,17,0.01320317245796858,21,0.018626071544903075,33
2010-03-26,0.011952305580439613,20,0.013853353537731063,23,0.016642441328682353,29
2010-03-29,0.011626886373595378,20,0.012870788310984904,20,0.016653910476353985,29
2010-03-30,0.011416474591067734,19,0.012735822286752022,20,0.016733819865302074,29
2010-03-31,0.015630075089763402,29,0.013404532869823335,22,0.01582160714819737,27
2010-04-01,0.01403386401065737,26,0.011818257487248093,17,0.015549345707025129,26
2010-04-05,0.012818354870594956,23,0.013447208404195022,22,0.015534254142493875,26
2010-04-06,0.014768839675106133,27,0.015400315785071688,26,0.015232571135163051,25
2010-04-07,0.014801481588075645,27,0.015690220188178335,27,0.014988216867180826,25
2010-04-08,0.01588099242473918,30,0.01586262029190293,27,0.015052663494632001,25
2010-04-09,0.01869887611268875,34,0.015788985569203565,27,0.014731279939037297,24
2010-04-12,0.016920607667098204,31,0.014420315825433029,24,0.014353210025800789,23
2010-04-13,0.011209251529988728,19,0.014809217221786715,25,0.014083782737280847,22
2010-04-14,0.02179111114593496,39,0.01786752229960894,32,0.016175383739183164,28
2010-04-15,0.021866179425312705,39,0.01803366266778437,32,0.016271012998375082,28
2010-04-16,0.03299070736750495,47,0.025457668235542758,41,0.019505204230630072,35
2010-04-19,0.031743187963681745,46,0.024278937817020806,41,0.018910094328076582,34
2010-04-20,0.0365206132504658,48,0.025752328173424946,42,0.020224704547306512,35
2010-04-21,0.03269529548297714,47,0.02636944927560741,42,0.02060141130828576,36
2010-04-22,0.03342993792578966,47,0.026931192823049673,43,0.02098367131896821,36
2010-04-23,0.0197963668738646,36,0.026289341063735757,42,0.021002787893852473,36
2010-04-26,0.031182281180541022,46,0.029805583207355598,45,0.02293930380765764,38
2010-04-27,0.027172318452024738,43,0.031650819780447884,46,0.02390028765116263,39
2010-04-28,0.028477196470289692,44,0.02964138114161661,45,0.024475851976186562,40
2010-04-29,0.03315148771409911,47,0.03140506646103673,46,0.02502747850723654,40
2010-04-30,0.03266260319823206,47,0.02667491967157305,42,0.024744257658516886,40
2010-05-03,0.026933463182185147,43,0.027748314945864366,43,0.025325100690417705,41
2010-05-04,0.03526915846899394,48,0.031115033280706857,46,0.027848865319105423,43
2010-05-05,0.03343336972400318,47,0.02992615676582066,45,0.027191815191182616,42
2010-05-06,0.04094400111655319,50,0.03613241067265359,48,0.031016231664569984,46
2010-05-07,0.03940510728942026,49,0.03564815887034601,48,0.0313267905385583,46
2010-05-10,0.05806170409351424,52,0.04442225638764207,50,0.03610141612636477,48
2010-05-11,0.05409082258665378,52,0.04315797232323458,50,0.036048146367800224,48
2010-05-12,0.05522510489983901,52,0.04309622961069522,50,0.03645213652275746,48
2010-05-13,0.04048561450257693,49,0.042454597088482454,50,0.03543054809790365,47
2010-05-14,0.0480337165516698,51,0.04515024153484919,51,0.03699942285534115,48
2010-05-17,0.029257297210198145,45,0.043479105085839194,50,0.035573438747732486,48
2010-05-18,0.029661597443352852,45,0.042229514505535484,50,0.036573747648953686,48
2010-05-19,0.019017040572808203,35,0.0421049311049895,50,0.0353377189426942,47
2010-05-20,0.023432703301359104,40,0.040956313057345144,49,0.036654639784804495,48
2010-05-21,0.04308852510014688,50,0.04490763868139636,51,0.03910511137476792,49
2010-05-24,0.04552693347175953,50,0.03692691570587333,48,0.03994675266272229,49
2010-05-25,0.0471087574561442,51,0.0373597266061753,48,0.0397096495937468,49
2010-05-26,0.04771840143506515,51,0.034859583583755044,47,0.039498725659206244,49
2010-05-27,0.047469294090510886,51,0.042651637480278164,50,0.041403198065742504,50
2010-05-28,0.042468476697379964,50,0.04067930298200828,49,0.04083280312360264,49
2010-06-01,0.04224493562665741,50,0.04250160971305911,50,0.04171480979165705,50
2010-06-02,0.04843774209346188,51,0.04552785201466571,51,0.04300815983273342,50
2010-06-03,0.04565621521233748,50,0.045503622003821555,51,0.04180651119810222,50
2010-06-04,0.04177005376935821,50,0.04395180158394638,50,0.04284274737637625,50
2010-06-07,0.04157156127335986,50,0.039832627163059256,49,0.04059475071830345,49
2010-06-08,0.03862897264894453,49,0.03833667086520907,49,0.04096192374118877,49
2010-06-09,0.028225111328121392,44,0.037736929129727856,49,0.03642650513660593,48
2010-06-10,0.03957933299172141,49,0.04041877258870642,49,0.03852487736529006,49
2010-06-11,0.028016940821503418,44,0.035962064528938846,48,0.03790963926807511,48
2010-06-14,0.02341353990821431,40,0.03531803876412726,48,0.03804315971682782,48
2010-06-15,0.024198663826766508,41,0.03146435694020865,46,0.03745055773015085,48
2010-06-16,0.023488530159233113,40,0.028230367193019273,44,0.03741613362802754,48
2010-06-17,0.02367028789114788,41,0.030745328267572435,45,0.03699243243380652,48
2010-06-18,0.023798473081486186,41,0.025085502297120192,41,0.03692138277613194,48
2010-06-21,0.023334888649955563,40,0.02418630176467609,41,0.03421879895558424,47
2010-06-22,0.013481062707572294,24,0.023449036715288474,40,0.03224677209377245,46
2010-06-23,0.012859467971031897,23,0.023449036715288474,40,0.030272666389606566,45
2010-06-24,0.009462444661693865,14,0.01781562891432658,32,0.03055707124199597,45
2010-06-25,0.012862231394010177,23,0.018361404854704087,33,0.03001212138482787,45
2010-06-28,0.014177278869352846,26,0.018204136890429445,33,0.027174686851384865,42
2010-06-29,0.023362504272488253,40,0.01799284685490334,32,0.028402845557532114,44
2010-06-30,0.02925922367445643,45,0.022035498670755917,38,0.028811920410884935,44
2010-07-01,0.02930185902780721,45,0.021157481825782514,37,0.026243090575592688,41
2010-07-02,0.024574963854758502,41,0.0215647388052794,37,0.026698643524974353,42
2010-07-06,0.027529962359477675,44,0.0237431239874633,40,0.02522562843314613,40
2010-07-07,0.04790276384194745,51,0.03582200255457826,48,0.029791667705351497,45
2010-07-08,0.03832629947131455,49,0.036219993845263705,48,0.029315318581820796,44
2010-07-09,0.03624370660419504,48,0.036758931079654944,48,0.029930263842575903,45
2010-07-12,0.03223445205458579,46,0.036984638885072946,48,0.02770046224187071,43
2010-07-13,0.032235726592868046,47,0.038244792315408775,49,0.028545733470247386,44
2010-07-14,0.02614853391708847,43,0.0365321650495103,48,0.02901518223430038,44
2010-07-15,0.026431572648414184,43,0.03153233204395935,46,0.02790307378413212,43
2010-07-16,0.04085443008162043,50,0.042309033980235444,50,0.032768087960135556,47
2010-07-19,0.04080067746010705,49,0.041908948954391755,50,0.03250633693413186,46
2010-07-20,0.030283059975416603,45,0.04158608470267728,50,0.032511161305527586,46
2010-07-21,0.030711871964350757,46,0.03393826013108303,47,0.03344553130129455,47
2010-07-22,0.06936592480962213,53,0.04997481809735345,51,0.04141441161320453,50
2010-07-23,0.057591116202505586,52,0.048580729545996945,51,0.04146157888012248,50
2010-07-26,0.057791176886619555,52,0.05106766844211181,52,0.04242297692009313,50
2010-07-27,0.05588604255597047,52,0.05061551137745792,51,0.042695172965689504,50
2010-07-28,0.052107627963587255,51,0.050792727184202274,51,0.04307716289988281,50
2010-07-29,0.02878350183798813,44,0.05083525011903167,52,0.04212218911955035,50
2010-07-30,0.02813265474391907,44,0.0427776286087032,50,0.040525436522272223,49
2010-08-02,0.03245897854955674,47,0.044328899946506184,50,0.04202943303339088,50
2010-08-03,0.03198687526724711,46,0.044264383930973046,50,0.04147278831394446,50
2010-08-04,0.02710665581501639,43,0.0402352572338424,49,0.041403860099430374,50
2010-08-05,0.02954613252686407,45,0.027522478434994686,43,0.038633996068240764,49
2010-08-06,0.032799068469849375,47,0.029039642236396886,45,0.039051273497020755,49
2010-08-09,0.020535969404639136,37,0.02687329239852319,43,0.03891154590013911,49
2010-08-10,0.020532495976681716,37,0.025620086907774772,42,0.03876753351717186,49
2010-08-11,0.02794697033711276,44,0.02847700266190152,44,0.039373635371276805,49
2010-08-12,0.027962425225318728,44,0.028717499043780823,44,0.039196995656522425,49
2010-08-13,0.026992427320182796,43,0.028695590823667915,44,0.039191375425677535,49
2010-08-16,0.02125959096413817,38,0.020051548841267856,35,0.03488909548875535,47
2010-08-17,0.020427880260795724,37,0.020051369899888,35,0.03458800050190114,47
2010-08-18,0.009473680148110928,14,0.020287710137190544,36,0.0344923228083635,47
2010-08-19,0.016479324849390985,31,0.021864258573349508,38,0.03407745208435641,47
2010-08-20,0.01620200100712171,30,0.020991837266357984,37,0.024954604844867192,40
2010-08-23,0.0158817948390591,30,0.01776803314937798,32,0.024893970800039675,40
2010-08-24,0.023573884399866088,40,0.020853257322782228,37,0.024550469921130406,40
2010-08-25,0.02197642102055475,39,0.017767912970108525,32,0.023457110240652456,39
2010-08-26,0.020750972231331294,37,0.01784112143053286,32,0.022995057076190702,38
2010-08-27,0.025756378873302465,42,0.020350597098132965,36,0.023675209894488437,39
2010-08-30,0.026803843686695337,43,0.02083954351455493,37,0.024213844735291038,40
2010-08-31,0.020316716430830488,36,0.02276946883526688,39,0.020356840176515043,35
2010-09-01,0.03162687095713452,46,0.03062892119377668,45,0.024838323982574358,40
2010-09-02,0.030866319208778952,46,0.028512491124213644,44,0.02493323208839705,40
2010-09-03,0.03072326702822533,46,0.028699274759577512,44,0.02529365570112549,41
2010-09-07,0.03681289972411318,48,0.03271110075724311,46,0.026420770065450055,42
2010-09-08,0.03691307704181212,48,0.02860306674444936,44,0.026069047265752685,41
2010-09-09,0.03025087008286316,45,0.029410284334714487,45,0.027237272011039086,43
2010-09-10,0.030343896477709447,45,0.029121775089159276,45,0.025420552751048896,41
2010-09-13,0.032748267779123784,47,0.02999176859374858,45,0.026239180251357616,41
2010-09-14,0.01499580899334602,28,0.026890997628438468,43,0.026235674568607217,41
2010-09-15,0.017426697173596697,32,0.02730307276155512,43,0.026231976693403828,41
2010-09-16,0.020201099689272244,36,0.024256191860130328,41,0.02654352997819602,42
2010-09-17,0.019903247068975092,36,0.02429126297597448,41,0.026537883508306527,42
2010-09-20,0.011850255499886246,20,0.02404213084000514,40,0.02530296054749592,41
2010-09-21,0.012308839327185673,21,0.017413057095097967,31,0.025277611911494236,41
2010-09-22,0.01402988628336862,26,0.01876426931146573,34,0.02574153863353783,41
2010-09-23,0.015755827902767465,29,0.018342714134926184,33,0.023948624423162156,39
2010-09-24,0.028630863023679762,44,0.023270428162475747,40,0.02546722179727753,41
2010-09-27,0.029790643089302033,45,0.02158365731291303,38,0.026390475916810888,42
2010-09-28,0.030639797878883705,46,0.022015261802169474,38,0.026140339622797742,41
2010-09-29,0.029721735577717526,45,0.022067131301365346,38,0.025210984072213276,40
2010-09-30,0.02649915015916392,43,0.02179028538614726,38,0.025081814217837842,40
2010-10-01,0.01563467496544237,29,0.021970859589485945,38,0.022271092753066418,37
2010-10-04,0.010008271479155898,15,0.021318642669772465,37,0.0222538899838288,37
2010-10-05,0.025482042078272395,42,0.027342279349394333,43,0.02459086438844085,40
2010-10-06,0.027305057069968802,43,0.027277303430459473,43,0.022504327433112738,37
2010-10-07,0.02791986519473695,44,0.025704793611608684,42,0.022511650504262334,38
2010-10-08,0.0279846627584892,44,0.022561980922463497,39,0.021840424779000337,37
2010-10-11,0.02880104385701024,44,0.020632999069058935,36,0.021841383721000602,37
2010-10-12,0.024092370692593852,41,0.023485572966540757,40,0.022160699271634797,37
2010-10-13,0.02148768651595244,38,0.02316486262440125,40,0.0221828988024351,37
2010-10-14,0.02486744282296321,42,0.025587516764946402,42,0.023092548810099013,38
2010-10-15,0.025497131381922274,42,0.026027147731338445,42,0.022971789434662594,38
2010-10-18,0.030192651539145306,45,0.027839035467675903,43,0.02413598238197906,39
2010-10-19,0.023763070002064297,41,0.02315804042178774,40,0.024183752428615497,39
2010-10-20,0.02402988486256056,41,0.022324820782376246,39,0.024087358546355516,39
2010-10-21,0.024303014162608227,41,0.02379925045125669,40,0.024570921429121675,40
2010-10-22,0.020442656143081793,37,0.023312134726001073,40,0.02360438133032245,39
2010-10-25,0.01986104989967716,36,0.02414942456666503,41,0.022297430875339665,37
2010-10-26,0.018459779169589713,34,0.021111625811953142,37,0.02141813739341009,36
2010-10-27,0.018283176826700245,34,0.0211223390970028,37,0.021394307776561237,36
2010-10-28,0.013362880874793046,24,0.01905764767780313,34,0.021468885348981795,36
2010-10-29,0.013693924214653352,25,0.01858010448665532,33,0.021672076227884134,37
2010-11-01,0.012684482112807299,22,0.01594770439735649,28,0.021791784487995222,37
2010-11-02,0.01025400996284359,16,0.01545252311621454,26,0.02179400699274502,37
2010-11-03,0.026835043909805716,43,0.02177933554105235,38,0.021548289319883222,37
2010-11-04,0.027074684053410233,43,0.02108927831784822,37,0.02164334096958767,37
2010-11-05,0.03088130721997782,46,0.023447982624218214,40,0.022424146640747985,37
2010-11-08,0.028789173713782222,44,0.022357167801967646,39,0.02221715014010695,37
2010-11-09,0.030902322853922866,46,0.02270092319477466,39,0.022390697609265736,37
2010-11-10,0.02465649793115462,41,0.02429506097957607,41,0.02165751902700372,37
2010-11-11,0.020813759489883073,37,0.023784762064908312,40,0.02161526260303205,37
2010-11-12,0.02080356310397751,37,0.02538180923205911,41,0.02156159734734203,37
2010-11-15,0.021740563906023223,39,0.024763905271733663,41,0.021186797370586975,36
2010-11-16,0.024213843522924376,41,0.02669099610161889,42,0.020947798108506586,36
2010-11-17,0.017739755645337998,33,0.021944527736767146,38,0.021372820624887368,36
2010-11-18,0.016658347387623337,31,0.019601007273777653,35,0.022065647698177183,37
2010-11-19,0.02084820683152581,37,0.019997633286417738,35,0.021059148608419148,36
2010-11-22,0.017238966199947307,32,0.019882280461771974,35,0.021102768226366003,36
2010-11-23,0.0175948169611441,33,0.02089425010507072,37,0.021554624142411275,37
2010-11-24,0.023436127546551187,40,0.020023790402118328,35,0.022074822728482105,37
2010-11-26,0.021902767057351172,39,0.019875051274428703,35,0.02217295781410493,37
2010-11-29,0.021785028489051672,39,0.0203413709721542,36,0.02242773828127072,37
2010-11-30,0.02145852311107964,38,0.019320060096310595,35,0.02233049691634764,37
2010-12-01,0.019003608070521188,35,0.02101700193703341,37,0.022975126231004422,38
2010-12-02,0.03157812515909858,46,0.02855159413486232,44,0.026913183418072095,42
2010-12-03,0.02589490854295332,42,0.026575425393119387,42,0.024991681216895364,40
2010-12-06,0.032217474548952414,46,0.027976278539608327,44,0.02463234157497434,40
2010-12-07,0.03055908158906356,45,0.027294143743875857,43,0.023889579889614553,39
2010-12-08,0.03717669912105644,48,0.029420440739383363,45,0.027736229041867164,43
2010-12-09,0.03072741683716859,46,0.02938722399703603,45,0.02772972443624911,43
2010-12-10,0.0308033118559658,46,0.026903203736867363,43,0.027535446460418826,43
2010-12-13,0.026959674895896568,43,0.028159068862451696,44,0.027610684571112886,43
2010-12-14,0.03124634894298922,46,0.029139183823852843,45,0.027012590725251768,42
2010-12-15,0.017987927071173453,33,0.03006556996286894,45,0.02711406101538871,42
2010-12-16,0.016172637271688047,30,0.025987132587685948,42,0.02666935554643871,42
2010-12-17,0.011007574679038594,18,0.025786377283406933,42,0.025925117465474316,41
2010-12-20,0.012564650000137128,22,0.0242359364591769,41,0.02490864066203288,40
2010-12-21,0.012250807133855414,21,0.02419469908412279,41,0.02486200100544071,40
2010-12-22,0.016304173443455954,30,0.01634628509610803,29,0.024864175096844934,40
2010-12-23,0.01816026189659159,33,0.01725784681109691,30,0.024421888733140898,40
2010-12-27,0.019835778286260947,36,0.0174234610260066,31,0.024437946737799025,40
2010-12-28,0.020266339550162615,36,0.018203978984076198,33,0.02375779218639383,39
2010-12-29,0.024479770814903646,41,0.018544095879029398,33,0.024604242669722217,40
2010-12-30,0.02165559762886107,38,0.018621253641156493,34,0.024681843621882135,40
2010-12-31,0.018218908696183644,33,0.017206735261663744,30,0.024436047725469145,40
2011-01-03,0.01471288146364123,27,0.017116165697208335,30,0.020918467432570666,36
2011-01-04,0.009750002354086086,15,0.01731002165257405,30,0.02086127019814775,36
2011-01-05,0.009393153824203321,14,0.01761524712378176,31,0.020211290660147263,35
2011-01-06,0.014365494686081295,27,0.017327432665097568,31,0.021216582666910455,36
2011-01-07,0.014425124939019207,27,0.015643198492223672,27,0.016266610506582933,28
2011-01-10,0.015417591996890639,29,0.014477529368862117,24,0.016125557844440464,28
2011-01-11,0.016479527552042388,31,0.012799289400589548,20,0.015398208937013517,26
2011-01-12,0.016163051657895063,30,0.012758134842885866,20,0.015651630677375676,27
2011-01-13,0.012764762288298745,23,0.012812275937324103,20,0.015404578789261691,26
2011-01-14,0.016384996997238162,31,0.014691384635072337,25,0.01593058447243823,27
2011-01-18,0.01355147849520236,25,0.01477691580133866,25,0.015426809482476815,26
2011-01-19,0.016753134058910983,31,0.015761764081331623,27,0.01591956840575594,27
2011-01-20,0.018476793566327823,34,0.016552730892524323,29,0.017051299933133673,30
2011-01-21,0.02374573479988022,41,0.0179729078533144,32,0.01789743107773899,32
2011-01-24,0.02081495851721498,37,0.018749938453024497,34,0.017182380686305697,30
2011-01-25,0.021851496774409226,39,0.018191973732499023,33,0.016576552130361733,29
2011-01-26,0.02165378033231372,38,0.018264753170673508,33,0.015799410871028038,27
2011-01-27,0.0163687837680975,31,0.01832323236407062,33,0.015492450781122744,26
2011-01-28,0.01394997462325955,25,0.018363558475161208,33,0.015147067476822098,25
2011-01-31,0.01050556315522419,17,0.017548539512454123,31,0.015402407895253491,26
2011-02-01,0.019279111893074314,35,0.022206873796355962,38,0.01802480521821551,32
2011-02-02,0.02110303352878962,38,0.021190193201231385,37,0.018062397823670192,32
2011-02-03,0.022032972884500537,39,0.01829950255502929,33,0.018062617814168926,32
2011-02-04,0.0204118852085422,37,0.01723826066710846,30,0.017810323842660698,32
2011-02-07,0.02074627528468275,37,0.015506896578295381,26,0.016953633407301546,30
2011-02-08,0.002411692817294461,0,0.01558963850717091,27,0.01695144198742636,30
2011-02-09,0.0090439965278735,13,0.017745893151520854,32,0.017213294373116122,30
2011-02-10,0.010641721442386079,17,0.017347286598246116,31,0.017199738440716553,30
2011-02-11,0.014392266815196817,27,0.017344150789383825,31,0.017364382862725066,31
2011-02-14,0.014313984104618689,26,0.01698084504540686,30,0.017151395835974394,30
2011-02-15,0.014556297234677782,27,0.009927311606512512,12,0.01660115967675706,29
2011-02-16,0.009417514730117666,14,0.009942388242982561,12,0.016569690621843974,29
2011-02-17,0.013560062442185267,25,0.011528226618613312,17,0.016689195131316614,29
2011-02-18,0.008021936925035656,10,0.011602383998904684,17,0.015512251672248772,26
2011-02-22,0.012637243460922216,22,0.015099129790552536,26,0.016347030440309187,28
2011-02-23,0.0127847479249326,23,0.01489856166323937,25,0.015863636557374973,27
2011-02-24,0.012035685913290912,21,0.014106790477068337,24,0.015971886590148237,27
2011-02-25,0.019323939051659265,35,0.01598535390646221,28,0.01651124131037072,29
2011-02-28,0.01953621305184005,35,0.014088439887944355,24,0.016156153108862113,28
2011-03-01,0.023798104128683484,41,0.018237435620161935,33,0.018721026955143757,33
2011-03-02,0.023708169390698846,41,0.018172688192863176,33,0.018278939502992406,33
2011-03-03,0.025839333228473444,42,0.019981009428464577,35,0.01550938231535889,26
2011-03-04,0.022304285401736387,39,0.019743690043349645,35,0.015632928206951658,27
2011-03-07,0.0220750802739124,39,0.020186597719353497,36,0.01604271998019094,27
2011-03-08,0.015201395912242415,28,0.018937077179665408,34,0.016266646970108323,28
2011-03-09,0.016637482983949885,31,0.01976877105478613,35,0.016714364888258504,29
2011-03-10,0.014697998657485773,27,0.01987996494036595,35,0.0167341889906486,29
2011-03-11,0.016245757062657098,30,0.019070183818371455,34,0.016890955586034772,29
2011-03-14,0.011097419671196613,18,0.019091693703467475,34,0.016736308264046734,29
2011-03-15,0.016460927131546177,31,0.014965093625009892,25,0.016430053229510626,28
2011-03-16,0.014772178616125974,27,0.015271363105517664,26,0.016344037562417448,28
2011-03-17,0.021517713558364043,38,0.01782670956342545,32,0.018271094794820284,33
2011-03-18,0.021719497184245883,38,0.01812033164397289,33,0.018843457286085767,34
2011-03-21,0.021758773903953747,39,0.016338883728252995,29,0.018550110728514292,33
2011-03-22,0.018714530232795182,34,0.016916878306830266,30,0.018634754559183685,33
2011-03-23,0.0170707715553562,32,0.016492558199993484,29,0.017361335334057634,31
2011-03-24,0.010145427820198834,16,0.015906968632921036,27,0.017360745851971494,31
2011-03-25,0.006157290525494498,5,0.015257904105352625,26,0.017320416577272228,31
2011-03-28,0.006155981791957732,5,0.015328980435675451,26,0.0165550014874657,29
2011-03-29,0.00667316813755154,6,0.013343714928168873,22,0.0168095062302741,29
2011-03-30,0.007842292308325663,9,0.01289741407493796,20,0.013843152512620745,21
2011-03-31,0.008087042673219648,10,0.008709650975502215,8,0.013841996012611404,21
2011-04-01,0.008427292653401166,11,0.007369319094898333,4,0.013484620104049749,20
2011-04-04,0.0077965801858627115,9,0.007376400160112549,4,0.013145486302408438,19
2011-04-05,0.006967485751455069,7,0.00649576473059884,2,0.012249266127230886,16
2011-04-06,0.007395866784163216,8,0.007431289583173915,4,0.012452295995309117,17
2011-04-07,0.010862230471609474,18,0.009077028905268871,9,0.012643830503620208,18
2011-04-08,0.010854120552064741,17,0.009722057603251085,11,0.012590371368078128,17
2011-04-11,0.011194873390962212,19,0.009659884375750468,11,0.012159570116357401,16
2011-04-12,0.011165856445139753,19,0.008891320728575873,9,0.012197056476561226,16
2011-04-13,0.006631097293777585,6,0.008634633606523725,8,0.011051118439886841,13
2011-04-14,0.006167167005035222,5,0.008469948599715343,7,0.01067578742619027,11
2011-04-15,0.006693493602150798,6,0.009000342188746572,9,0.008631247457640425,5
2011-04-18,0.01147463328319074,19,0.010691000918364836,14,0.00882908890426117,5
2011-04-19,0.012292562738545943,21,0.011085959823854064,15,0.009138388155281734,6
2011-04-20,0.012307846806741955,21,0.009425433881658053,10,0.008867847035880732,5
2011-04-21,0.011905546076743868,20,0.009181144396474723,9,0.009138123555143639,6
2011-04-25,0.006553371476450889,5,0.009888905879865718,12,0.009779255618386235,8
2011-04-26,0.010761509142599428,17,0.010743952624122902,14,0.009994240639841433,9
2011-04-27,0.016061911973497905,30,0.013637744866842745,23,0.011289832678687833,13
2011-04-28,0.01640904376392075,31,0.014017329801078884,23,0.011158891528861698,13
2011-04-29,0.01638845533369433,31,0.014300759149428471,24,0.011283926366104875,13
2011-05-02,0.015891485658529218,30,0.013976220956333383,23,0.011593043433128098,15
2011-05-03,0.01941589341428118,35,0.01628967104408264,28,0.013121648398264792,19
2011-05-04,0.019514278250189112,35,0.016879841680648378,30,0.013615516495790809,21
2011-05-05,0.020623170251006136,37,0.01847515830929643,33,0.014454653420855753,23
2011-05-06,0.02272568357321675,40,0.018929512742705157,34,0.014472181440497242,23
2011-05-09,0.022471984521885913,39,0.018598688188525288,33,0.014474313976993954,23
2011-05-10,0.0185235100180263,34,0.018943866996763183,34,0.014842877770240728,24
2011-05-11,0.01765626034121637,33,0.0175948721877285,31,0.014952993614874743,25
2011-05-12,0.01413877638557074,26,0.017124919947989443,30,0.014994880286627056,25
2011-05-13,0.012610380184671931,22,0.01743639433787524,31,0.015302842516186244,26
2011-05-16,0.012174065507841935,21,0.017056613470304453,30,0.015223940450996032,25
2011-05-17,0.01692764482038427,31,0.016823335562758755,29,0.01623937402016908,28
2011-05-18,0.01657641573513728,31,0.016483283093356844,29,0.016006555901060374,27
2011-05-19,0.015716201592136138,29,0.014474780104657452,24,0.01595928279732578,27
2011-05-20,0.01723223466739903,32,0.015478629036400867,26,0.0165662564958322,29
2011-05-23,0.02192922324705135,39,0.01685741363226221,30,0.01724948639373028,30
2011-05-24,0.01739164762435241,32,0.01621208724803597,28,0.016998674963677577,30
2011-05-25,0.01775594685289723,33,0.01647647240101293,29,0.0170362712214862,30
2011-05-26,0.018072765800164876,33,0.016609073132653692,29,0.016420312626922524,28
2011-05-27,0.016689558743994855,31,0.01599419997739656,28,0.01673130205998212,29
2011-05-31,0.0031127436628054714,0,0.01599904085196077,28,0.016745666402449576,29
2011-06-01,0.029868574591858224,45,0.02309217460396465,39,0.020314797193224682,35
2011-06-02,0.029253410528842682,45,0.022818822326423755,39,0.01922503164690069,34
2011-06-03,0.028581404170899247,44,0.02255023622081955,39,0.018939242035789814,34
2011-06-06,0.02648987093235177,43,0.022440226474016816,39,0.018676527265150508,33
2011-06-07,0.027175506002944525,43,0.021668781026074627,38,0.01867313603546998,33
2011-06-08,0.012115985470177528,21,0.021496587075317243,37,0.018464030727656313,33
2011-06-09,0.012175539069243962,21,0.0211790909305441,37,0.018148611383610822,32
2011-06-10,0.012383376639280666,22,0.020817216112621335,36,0.018036671283467757,32
2011-06-13,0.007310996512255537,7,0.019862066988060582,35,0.018001497528525225,32
2011-06-14,0.008025128950964302,10,0.020340453390974213,36,0.017964380244431085,32
2011-06-15,0.010333872236660095,16,0.010637768868194288,14,0.018143272311885818,32
2011-06-16,0.01031439083218286,16,0.01063852783737201,14,0.017134341202027607,30
2011-06-17,0.013593218503854244,25,0.012847749732179213,20,0.01777729730897752,32
2011-06-20,0.013798347612381016,25,0.010465610369623646,13,0.017661696685738647,31
2011-06-21,0.01297234895385336,23,0.010174933289664765,13,0.017210604399561867,30
2011-06-22,0.01596830827387193,30,0.012690103559849024,20,0.016863768489946397,29
2011-06-23,0.020134463288877746,36,0.015125503262889552,26,0.017666032439442016,31
2011-06-24,0.016320539853037917,30,0.015274214191155693,26,0.017578652898471117,31
2011-06-27,0.01745533470058108,32,0.015494283242884009,26,0.0175399927438448,31
2011-06-28,0.017668013110377172,33,0.015106211229922078,26,0.017336729080395085,31
2011-06-29,0.018220397293577894,33,0.01625814906070808,28,0.018048314538007575,32
2011-06-30,0.007818820927886775,9,0.016099622025048176,28,0.01314527198017291,19
2011-07-01,0.008022315156287046,10,0.015569084373974496,27,0.01358067557290753,20
2011-07-05,0.011223064999036457,19,0.01574035143150527,27,0.013665499062822599,21
2011-07-06,0.017492771354943107,32,0.017078843668906746,30,0.013662399943234446,21
2011-07-07,0.016414740640646866,31,0.016380730863501655,29,0.014001838887194525,22
2011-07-08,0.021036765663296653,38,0.016574804216856344,29,0.015337439389794278,26
2011-07-11,0.020599711098451455,37,0.01982372178782558,35,0.016853801292935938,29
2011-07-12,0.020148477709853077,36,0.019952965798726803,35,0.016998117891326475,30
2011-07-13,0.022781209800078594,40,0.020065332792976426,36,0.017228174329000073,30
2011-07-14,0.016956869455606788,32,0.018104791552804877,33,0.017043679028764375,30
2011-07-15,0.016569695841806436,31,0.018071697815410993,33,0.016905762710840194,30
2011-07-18,0.010578626795572938,17,0.016238081508784353,28,0.016921915026205873,30
2011-07-19,0.01224042626909781,21,0.01810669640423746,33,0.016644003464641843,29
2011-07-20,0.0119115189071879,20,0.017956948668918282,32,0.016844659473165467,29
2011-07-21,0.015280805448014651,28,0.020487948801884818,36,0.01843429331725887,33
2011-07-22,0.015068755534268381,28,0.018443411263806372,33,0.017776666511741777,31
2011-07-25,0.011551796059744546,20,0.014574219518458574,25,0.01685680896736724,29
2011-07-26,0.015225245861845312,28,0.013787856170815505,23,0.016962487001249037,30
2011-07-27,0.01996261250200626,36,0.015601777666785796,27,0.017457975146923287,31
2011-07-28,0.011827044817146819,20,0.014708993653725506,25,0.017347241122243496,31
2011-07-29,0.01146377517343362,19,0.014853383729293696,25,0.016556250362191847,29
2011-08-01,0.006405015472265205,5,0.015376900603564026,26,0.016695001107762075,29
2011-08-02,0.019166488939887795,35,0.021868468798536628,38,0.01911806577833352,34
2011-08-03,0.02451721998851286,41,0.022508741201440915,39,0.01972750710412176,35
2011-08-04,0.033889036097199704,47,0.026097363961235385,42,0.023534399369833734,39
2011-08-05,0.032989673759871475,47,0.025581344376411623,42,0.02285703885471375,38
2011-08-08,0.05096868375448421,51,0.03905116810214422,49,0.03258116445290313,46
2011-08-09,0.06744683136813699,53,0.04685446976689999,51,0.03534468342009652,47
2011-08-10,0.07181408519138337,53,0.05446662926275751,52,0.04165917621966105,50
2011-08-11,0.08178115434934873,53,0.05905474030054554,52,0.04324967705362349,50
2011-08-12,0.08127474561311349,53,0.05859673457994643,52,0.043522474863866435,50
2011-08-15,0.07364428503337705,53,0.06500883458976627,52,0.046288721195298525,51
2011-08-16,0.0677879605378817,53,0.06424464955284889,52,0.046287051758046024,51
2011-08-17,0.0382544120741348,49,0.06410057776517017,52,0.046244332705971274,51
2011-08-18,0.04781745909458732,51,0.06409515049292752,52,0.04761832411067583,51
2011-08-19,0.04809164780372495,51,0.0643098316489575,52,0.04666877354152112,51
2011-08-22,0.030854995271143004,46,0.05466835535174435,52,0.04655760145907358,51
2011-08-23,0.04545945962191784,50,0.054416708695015636,52,0.04860506119116916,51
2011-08-24,0.04841583969798015,51,0.0424151274748806,50,0.04967964655446821,51
2011-08-25,0.040685898887332865,49,0.04206111220629571,50,0.04998030848782576,51
2011-08-26,0.03619567662665944,48,0.041680239856233925,50,0.050859325573746186,51
2011-08-29,0.03612023612848446,48,0.03937713676027688,49,0.05226772428721276,51
2011-08-30,0.03407861437326961,47,0.03934591531045744,49,0.05226543618615205,51
2011-08-31,0.032220938369621185,46,0.03932801699390323,49,0.051599515534156384,51
2011-09-01,0.0341647116445836,47,0.03555918192721051,48,0.051941689023373934,51
2011-09-02,0.04114650839162774,50,0.03876957618094998,49,0.05151227572485851,51
2011-09-06,0.0321474545925169,46,0.038770556606846085,49,0.05169417451564385,51
2011-09-07,0.050769726174862535,51,0.041388105499600814,50,0.04800492551773128,51
2011-09-08,0.0517496901458706,51,0.04186214840098635,50,0.04692364334715639,51
2011-09-09,0.05023715885959806,51,0.04135276065509329,50,0.04084381019861967,49
2011-09-12,0.04234587135027024,50,0.040158379425656004,49,0.03966326853952611,49
2011-09-13,0.04529513808051468,50,0.03972638965720492,49,0.039903237656511915,49
2011-09-14,0.032019718800352315,46,0.040017516851803284,49,0.037726300042721976,48
2011-09-15,0.02637715499990111,43,0.04013592833159794,49,0.037827068493082074,48
2011-09-16,0.016266011336887536,30,0.037307144790280564,48,0.03774087975839546,48
2011-09-19,0.023046581392194555,40,0.032202834278731746,46,0.034993422218318006,47
2011-09-20,0.015784373710131337,29,0.032611965403997495,46,0.03405212233212027,47
2011-09-21,0.0283284262944753,44,0.029681611334244334,45,0.036838964517704215,48
2011-09-22,0.021960207276251843,39,0.028661295564858177,44,0.03509018991004221,47
2011-09-23,0.029890921872956763,45,0.028507750814915106,44,0.03466216429803747,47
2011-09-26,0.047993076213828374,51,0.035807981801743646,48,0.03681874287720916,48
2011-09-27,0.047894974780126796,51,0.03362956354812416,47,0.03631527022036474,48
2011-09-28,0.040868473823819376,50,0.03499802625746598,47,0.03574906913410307,48
2011-09-29,0.039900296567644634,49,0.03672429546494852,48,0.036681679842206646,48
2011-09-30,0.04569679638760451,50,0.03816569276246256,49,0.0372874702801348,48
2011-10-03,0.03042455448976734,45,0.03876243541544882,49,0.03674701384425545,48
2011-10-04,0.05438696510078599,52,0.04833124429900063,51,0.03918831762422048,49
2011-10-05,0.05028395934261816,51,0.04325634658193545,50,0.039171601080632834,49
2011-10-06,0.05155724994362885,51,0.0435348774003693,50,0.037307426369202666,48
2011-10-07,0.05485986918814329,52,0.047657211900023595,51,0.038221898093214884,48
2011-10-10,0.05057111640544877,51,0.044037966329413696,50,0.03810712374735987,48
2011-10-11,0.03739701580154631,49,0.044004550974345975,50,0.038158578190815244,48
2011-10-12,0.042866943059253426,50,0.044145839299444996,50,0.03887024273983327,49
2011-10-13,0.04254270926356388,50,0.044891348773510545,51,0.039341704345913886,49
2011-10-14,0.03189153621206489,46,0.04235301269063128,50,0.03923369022640241,49
2011-10-17,0.04362041748110412,50,0.047163403030884954,51,0.0418673888541662,50
2011-10-18,0.05152252863693757,51,0.04244545411513551,50,0.04326673473924969,50
2011-10-19,0.04793031274462474,51,0.04590913939367384,51,0.04473850469380078,51
2011-10-20,0.06617644288857631,52,0.052539346275130475,52,0.046435990147926924,51
2011-10-21,0.06622682628507973,52,0.04914461119543869,51,0.04606379876785757,51
2011-10-24,0.053143574219461295,52,0.048788330116189736,51,0.046156788395016954,51
2011-10-25,0.05442020797983349,52,0.049986776177883045,51,0.04479079086601758,51
2011-10-26,0.04345138353117569,50,0.047776919911817366,51,0.044907889239979466,51
2011-10-27,0.026988438477046305,43,0.04774690054778821,51,0.04438887000628483,51
2011-10-28,0.0298119398524185,45,0.048462974667195416,51,0.04431948871100968,50
2011-10-31,0.031150370469251985,46,0.0432316588510286,50,0.04388277852617752,50
2011-11-01,0.03785135700242993,49,0.04482105763540195,51,0.04509798612909342,51
2011-11-02,0.04062737115150283,49,0.04211221138667335,50,0.04212074652364279,50
2011-11-03,0.035082432040252486,48,0.03169930428589654,46,0.04213271361648268,50
2011-11-04,0.03494506358154053,48,0.03171969289961268,46,0.0411894403814464,50
2011-11-07,0.03424009425736203,47,0.030933706382658546,46,0.03951272152498008,49
2011-11-08,0.013797576079626221,25,0.029531594789454812,45,0.039053385842443805,49
2011-11-09,0.0343143894911409,47,0.03545674634526513,48,0.0417111090018989,50
2011-11-10,0.03554639223143693,48,0.03355032053641288,47,0.04034976920665123,49
2011-11-11,0.03605471070923643,48,0.03372391018784143,47,0.03992782426262475,49
2011-11-14,0.036536956336229484,48,0.03381041813181648,47,0.04043752748614374,49
2011-11-15,0.03480951280911771,48,0.028687890693722358,44,0.03746306793578405,48
2011-11-16,0.018593890658174676,34,0.026184396469516733,42,0.03572873579195565,48
2011-11-17,0.01625648320024593,30,0.026133699350452008,42,0.0339145639356608,47
2011-11-18,0.014524101020936942,27,0.02626045401710157,42,0.027701368695272427,43
2011-11-21,0.016616498194821114,31,0.026758725392524402,42,0.02859270692411903,44
2011-11-22,0.015027166492701874,28,0.025302637815049142,41,0.027888942508930138,43
2011-11-23,0.01687648448176969,31,0.020438805898577623,36,0.02837489047767832,44
2011-11-25,0.01932412205353463,35,0.01784870729190451,32,0.027612110783013934,43
2011-11-28,0.029070739031906892,44,0.021767959705729843,38,0.027205351146741816,42
2011-11-29,0.026560618974268754,43,0.020891805275278733,37,0.027169767037229054,42
2011-11-30,0.04425066072956615,50,0.03358570344071467,47,0.03202599256035502,46
2011-12-01,0.038339409617619724,49,0.03384198255239323,47,0.029867770951610906,45
2011-12-02,0.037502814519658964,49,0.03368727045891813,47,0.028857988377803935,44
2011-12-05,0.03757879485594018,49,0.035301368974935445,48,0.02971164696686521,45
2011-12-06,0.039164343766684845,49,0.03407962008616225,47,0.03008398252898598,45
2011-12-07,0.021917714987157458,39,0.03321526098116595,47,0.02980864586871171,45
2011-12-08,0.02768023370619827,44,0.0328830251974616,46,0.030416249541236555,45
2011-12-09,0.03415835600209598,47,0.034598608697179394,47,0.02884178077813732,44
2011-12-12,0.031470827810318285,46,0.03538397153651928,48,0.028970956207528223,44
2011-12-13,0.03241048689502735,47,0.03651800432847749,48,0.029406269669125833,45
2011-12-14,0.03170727709670508,46,0.026796924445455353,43,0.028931866756204752,44
2011-12-15,0.02963524955402962,45,0.027034934289992086,43,0.029058053618146736,44
2011-12-16,0.01804795030394156,33,0.0267659807579141,42,0.029108822587919417,44
2011-12-19,0.017388622940780314,32,0.023981826507423545,40,0.029252706644623976,44
2011-12-20,0.019262094216550545,35,0.02581109321047084,42,0.029911447654010805,45
2011-12-21,0.019039629096403148,35,0.027002713560986286,43,0.029329398702050043,44
2011-12-22,0.02161659085355878,38,0.025725190109942567,42,0.029677755795789247,45
2011-12-23,0.023621583941783302,40,0.022366288562796384,39,0.028196895049455124,43
2011-12-27,0.019898069628680234,36,0.02092246873675685,37,0.028368051578927935,44
2011-12-28,0.021381882358268753,38,0.019204621387722283,34,0.027972377185011398,43
2011-12-29,0.021828225241553402,39,0.01947171156579046,35,0.02804294934533738,43
2011-12-30,0.016991143917340988,32,0.020742987737075818,36,0.02327199795558369,38
2012-01-03,0.021730402047225175,38,0.021891152800657683,38,0.023674110998484512,39
2012-01-04,0.02102143870436425,38,0.019952361508077707,35,0.023581856998741463,39
2012-01-05,0.019937852058730568,36,0.01989592664860021,35,0.023131793691462704,38
2012-01-06,0.019108652254251283,35,0.019373462066836388,35,0.022550645195767036,38
2012-01-09,0.01653605380398552,31,0.017383617867639565,31,0.022656122644455292,38
2012-01-10,0.01768976729875167,33,0.019119450996926877,34,0.021706731813288315,37
2012-01-11,0.019210797878879513,35,0.019137662208748518,34,0.0200787245217339,35
2012-01-12,0.01601025679954563,30,0.017641127404226898,31,0.01909576770210834,34
2012-01-13,0.016268651114149935,30,0.016738765739867236,29,0.017674517604679165,31
2012-01-17,0.02042694277979419,37,0.017795740898133624,32,0.018420241114025813,33
2012-01-18,0.013499632719422757,24,0.016341638430773835,29,0.018396768192537404,33
2012-01-19,0.014499309873082315,27,0.017391146927667987,31,0.01893061995475229,34
2012-01-20,0.01738367571521683,32,0.01762765163243705,31,0.019669959146381786,35
2012-01-23,0.018442734544677746,34,0.01868243010064492,34,0.019091508520168096,34
2012-01-24,0.017567175912105052,33,0.01861096044326997,34,0.018540549653386775,33
2012-01-25,0.017890808419098046,33,0.01499106227367913,25,0.01718980521524884,30
2012-01-26,0.021424964438884257,38,0.017395105057131655,31,0.01854722659263178,33
2012-01-27,0.01857214227728555,34,0.01786532810176062,32,0.018584232957053887,33
2012-01-30,0.017499691734392486,32,0.017019842999393235,30,0.018793936266387052,34
2012-01-31,0.017377272199238,32,0.01650464696721943,29,0.01790583299613447,32
2012-02-01,0.01845977462805854,34,0.01715435984977866,30,0.017675346722638173,31
2012-02-02,0.012136343015140313,21,0.017137766322172225,30,0.016651069218744492,29
2012-02-03,0.016391781724993667,31,0.01667928386857497,29,0.017629502082850666,31
2012-02-06,0.012827359998215677,23,0.016171537864830228,28,0.016590881158245755,29
2012-02-07,0.012622179415322758,22,0.01618040805482559,28,0.01659974744831295,29
2012-02-08,0.012570397337155191,22,0.016222604676708656,28,0.016586992721231944,29
2012-02-09,0.01400197510673604,26,0.012401668425828136,19,0.014976934043837025,25
2012-02-10,0.007811891319089875,9,0.013020566296520243,21,0.015146141914795476,25
2012-02-13,0.009871080196852518,15,0.011484549859565102,16,0.01533425278821861,26
2012-02-14,0.011660534851280864,20,0.012930639773777236,21,0.015184878947323803,25
2012-02-15,0.011395474607124673,19,0.012654383003151373,20,0.014633797314241099,24
2012-02-16,0.01529697909582685,28,0.013898626185853288,23,0.015361058160411558,26
2012-02-17,0.01330051768292304,24,0.011654438150562642,17,0.015275734034877557,25
2012-02-21,0.013068459623261043,23,0.011350016500118508,16,0.013728526493887578,21
2012-02-22,0.01642333053641105,31,0.014043185574954565,23,0.014376991554876586,23
2012-02-23,0.017247038937792277,32,0.014834341061449036,25,0.014765289197180273,24
2012-02-24,0.01761483565622193,33,0.015590010043422866,27,0.015181456092606958,25
2012-02-27,0.016124811371041974,30,0.01488039876471337,25,0.013452495468916014,20
2012-02-28,0.015402291962615881,29,0.01449566251121768,24,0.013275996421430078,19
2012-02-29,0.011225878320739862,19,0.013436062868849992,22,0.0125119073159307,17
2012-03-01,0.008657156451437433,11,0.013545766279034935,22,0.012571463008696524,17
2012-03-02,0.005934045650038066,4,0.012394219847901273,19,0.012644966769820614,18
2012-03-05,0.011689231757273908,20,0.013284877815464646,22,0.01359833591404384,20
2012-03-06,0.01493257560285255,28,0.014654883275026285,25,0.013503957170364076,20
2012-03-07,0.02296359760746663,40,0.01722192764437561,30,0.014983227785119695,25
2012-03-08,0.02375127985467788,41,0.016889350516486868,30,0.015265835442396805,25
2012-03-09,0.025817075263142995,42,0.01770175993007764,32,0.015913443530726153,27
2012-03-12,0.02393297091233711,41,0.01827598468637376,33,0.01612214574898098,28
2012-03-13,0.02069710248538524,37,0.022733919957405965,39,0.018262399249411986,33
2012-03-14,0.020241427776673402,36,0.022701622482673222,39,0.018200956271139976,32
2012-03-15,0.020239123565653088,36,0.022838866530572707,39,0.0178688674551479,32
2012-03-16,0.02230125195070284,39,0.022954170602587094,39,0.018121872592233967,32
2012-03-19,0.01882911579510745,34,0.020857914058675,37,0.017826166218648538,32
2012-03-20,0.009595611886572788,14,0.016821699723288612,29,0.01770570580001472,31
2012-03-21,0.013525074174101771,24,0.01804564551832671,32,0.01820134577872926,32
2012-03-22,0.01153839950524342,20,0.018722603511975355,34,0.017574337456511876,31
2012-03-23,0.011804791685507795,20,0.01779760608871102,32,0.017272628577780814,31
2012-03-26,0.011746410003279143,20,0.017043710259960376,30,0.016985769520479053,30
2012-03-27,0.01405295584341671,26,0.012913972036167752,21,0.017732529724013377,31
2012-03-28,0.013605523662903586,25,0.012811177371782839,20,0.017772059788488455,31
2012-03-29,0.012865559786324691,23,0.011774549480336325,17,0.017826118024399373,32
2012-03-30,0.012706799646082892,22,0.011588583498552261,17,0.01776416878808858,31
2012-04-02,0.017932389747358814,33,0.014513303449909585,24,0.01855310388292241,33
2012-04-03,0.01249468024217107,22,0.01485682999960253,25,0.017684700161184848,31
2012-04-04,0.014315993391087786,26,0.013708964293737247,23,0.016284131977740667,28
2012-04-05,0.013138307133331877,24,0.013155452817614271,21,0.015478753164841147,26
2012-04-09,0.018783310547962534,34,0.015355320946837328,26,0.016325169954360282,28
2012-04-10,0.01759111374591285,33,0.017486341222266687,31,0.01715195993749338,30
2012-04-11,0.022262797357659424,39,0.018252714297409732,33,0.017671880422958527,31
2012-04-12,0.023775195908753228,41,0.018697299505416883,34,0.015425242617514219,26
2012-04-13,0.02657039194717271,43,0.02156934158088304,37,0.016869931477088495,29
2012-04-16,0.026021157555892634,42,0.021661143623572476,38,0.016648780869025208,29
2012-04-17,0.022398824571116617,39,0.020409729846434785,36,0.017009783771883644,30
2012-04-18,0.02102768061833307,38,0.020482676670255044,36,0.017059441492614354,30
2012-04-19,0.022029968155632202,39,0.02232103055512996,39,0.018246160039423358,32
2012-04-20,0.020965478634574118,38,0.02288420841610025,39,0.018327537569990317,33
2012-04-23,0.020835427576009778,37,0.022238784328972694,38,0.018305145402438584,33
2012-04-24,0.019048851558022835,35,0.02065739225902676,36,0.018438984101299984,33
2012-04-25,0.022666718694374564,40,0.02069340238724805,36,0.019148435467989087,34
2012-04-26,0.013448410335303864,24,0.020093483363917405,36,0.018533811579458215,33
2012-04-27,0.013139814951048913,24,0.016916892559363433,30,0.01848725294009707,33
2012-04-30,0.013592159039057123,25,0.017422321048502328,31,0.018648221859814525,33
2012-05-01,0.013789444737107755,25,0.01692008198855834,30,0.018815967601854094,34
2012-05-02,0.008574591218994034,11,0.0161653890548228,28,0.01778849845216273,32
2012-05-03,0.008519353814763242,11,0.01145122843154858,16,0.01767069345528475,31
2012-05-04,0.01700546593412354,32,0.015619366058109967,27,0.01892625791317795,34
2012-05-07,0.022152211372123504,39,0.017424755495201425,31,0.01989804956184683,35
2012-05-08,0.02218818904085916,39,0.018036793051982927,32,0.01953425844768689,35
2012-05-09,0.022830787564489186,40,0.01665302618771547,29,0.01877001728301929,33
2012-05-10,0.024362137635446,41,0.017370522170317503,31,0.018170102988051128,32
2012-05-11,0.019243493185757306,35,0.01749082626781887,31,0.017897424412825293,32
2012-05-14,0.01384775502352971,25,0.018413764838119368,33,0.01720760439151919,30
2012-05-15,0.013888029715568342,25,0.017783440368907884,32,0.017327148706987042,31
2012-05-16,0.013593044772544671,25,0.017718318395762832,32,0.01674778044610368,29
2012-05-17,0.008015211929048293,9,0.017831710452454127,32,0.016963215561542462,30
2012-05-18,0.011159870077808534,19,0.016073856593543327,28,0.01576572362066823,27
2012-05-21,0.01018015913820993,16,0.011588781683040748,17,0.015275350499768487,25
2012-05-22,0.010084072151484299,15,0.012033484460518341,18,0.015230701781361879,25
2012-05-23,0.01146563204379758,19,0.012406620922191828,19,0.015240864931173364,25
2012-05-24,0.004309106886636087,1,0.010899019392565793,15,0.013936639796044172,22
2012-05-25,0.005567269283365966,3,0.010805923856000547,14,0.013855172650556562,21
2012-05-29,0.005689332532585404,3,0.008755665704880698,8,0.013837398086793904,21
2012-05-30,0.011529404262792631,20,0.01023651741398037,13,0.014310760740775929,23
2012-05-31,0.011142285817091493,19,0.010880656397403406,14,0.014150502596209346,22
2012-06-01,0.028271654573371153,44,0.021742985259113737,38,0.01904003750687889,34
2012-06-04,0.028353285830830615,44,0.023161523842600625,40,0.019825489898470227,35
2012-06-05,0.03093263163883169,46,0.02384882041877072,40,0.019505816784157175,35
2012-06-06,0.03937524254377772,49,0.027470059826791668,43,0.020175849118473702,35
2012-06-07,0.03905669689049027,49,0.027214061307309724,43,0.0202730300904681,35
2012-06-08,0.025543843438853273,42,0.028005347202186885,44,0.020569193521706296,36
2012-06-11,0.018885271754521486,34,0.02828024670811116,44,0.020345267993350017,35
2012-06-12,0.018889603712885467,34,0.028790495618477914,44,0.02065267562201957,36
2012-06-13,0.013357646864213767,24,0.028202662336250104,44,0.020252172652374365,35
2012-06-14,0.01590255743544921,30,0.028994167450009278,44,0.020776312760294947,36
2012-06-15,0.015335834024423855,28,0.01991719150716702,35,0.020952410927316336,36
2012-06-18,0.015485217433510437,29,0.01662185005903314,29,0.020880738945933085,36
2012-06-19,0.015780339512460897,29,0.01670853632611667,29,0.021108755902387092,36
2012-06-20,0.01496879526919363,28,0.01351099961102464,22,0.021096180336478483,36
2012-06-21,0.012754710578470612,23,0.01381449313630927,23,0.021081269661170073,36
2012-06-22,0.014351290230461361,27,0.014067323520198495,24,0.021322245941709027,36
2012-06-25,0.023239621483518217,40,0.019000504647176206,34,0.02305435951892628,38
2012-06-26,0.022864506024828094,40,0.01899987773216151,34,0.02327163839935167,38
2012-06-27,0.02354064739883397,40,0.01899710380811468,34,0.023384323213073866,39
2012-06-28,0.023491068259621432,40,0.01782041855774367,32,0.02295585036744861,38
2012-06-29,0.026148134241626268,43,0.01989116309583165,35,0.023780301839844326,39
2012-07-02,0.010135964146013034,16,0.018726980788251905,34,0.01897879213971366,34
2012-07-03,0.011387213356214463,19,0.018442187891728436,33,0.016891842155017364,29
2012-07-05,0.013400714904261018,24,0.018628653214855104,34,0.01700336922750205,30
2012-07-06,0.014074090076323355,26,0.01849588247056357,33,0.015504215739599442,26
2012-07-09,0.005311560645700781,2,0.01789125480721315,32,0.015580401274200524,26
2012-07-10,0.0057332129340049625,4,0.012135751521224179,18,0.01572826642362035,27
2012-07-11,0.014255834516840692,26,0.013454548071916879,22,0.015880653285897373,27
2012-07-12,0.014201416486084188,26,0.013662975567855635,23,0.015825938811869663,27
2012-07-13,0.01857846033530607,34,0.015544329009729836,27,0.01655280438407854,29
2012-07-16,0.018336607397571272,34,0.013173535971782635,21,0.016121089770383915,28
2012-07-17,0.015146994701685174,28,0.01434233412124762,24,0.016494573646697624,29
2012-07-18,0.01659637567995987,31,0.015004285558956278,25,0.016146800694246188,28
2012-07-19,0.015716906325018667,29,0.014740196660651317,25,0.01595453848430028,27
2012-07-20,0.01294280984543133,23,0.015360204136831977,26,0.01623767993260358,28
2012-07-23,0.01354618529190326,24,0.015643633928098408,27,0.016340020041463857,28
2012-07-24,0.010838106238022942,17,0.01484377736159004,25,0.016175990193421284,28
2012-07-25,0.010325015214224497,16,0.013368883158690096,22,0.012880138271635276,18
2012-07-26,0.01659842925170883,31,0.01527255518061513,26,0.013864715823403173,21
2012-07-27,0.013810773074231324,25,0.01354008491060551,22,0.013844297799802495,21
2012-07-30,0.015735697020651498,29,0.014711033359004519,25,0.0144907803214781,23
2012-07-31,0.01788907781522358,33,0.014221000158836067,24,0.013741926932842131,21
2012-08-01,0.01791267712159913,33,0.013792780142805433,23,0.013704141879503877,21
2012-08-02,0.00911638210091423,13,0.014048787981656126,23,0.013870908325829748,21
2012-08-03,0.018331368121320354,34,0.016334297310305813,29,0.015102706661164587,25
2012-08-06,0.017175810903302738,32,0.016090538498962362,28,0.015181324811923542,25
2012-08-07,0.016724689379393518,31,0.01645889323058616,29,0.015451103077580144,26
2012-08-08,0.016152167106782623,30,0.016461163997304303,29,0.01487032736900173,24
2012-08-09,0.014142603883068502,26,0.014070980144113867,24,0.014250437254489408,23
2012-08-10,0.009245219030332827,13,0.013973328305938547,23,0.014173927061567131,22
2012-08-13,0.007706590199590037,8,0.0128569498773118,20,0.013170564764079415,19
2012-08-14,0.003941638769661945,1,0.011850420219933946,18,0.013218180605767826,19
2012-08-15,0.0034666656993623856,0,0.011706206260833222,17,0.012563797734753105,17
2012-08-16,0.00367206937186959,0,0.010897135680077896,15,0.0122555283781631,17
2012-08-17,0.003925594652560053,1,0.006749022995136536,3,0.012272038008878461,17
2012-08-20,0.004212069571552443,1,0.006247749062225857,2,0.011911597096964422,16
2012-08-21,0.0026145405167187544,0,0.003294943882878342,0,0.011591759595109169,15
2012-08-22,0.012530580260793355,22,0.009498308261739849,11,0.012751988723555052,18
2012-08-23,0.015326641329794876,28,0.01072686084638806,14,0.013218105360852519,19
2012-08-24,0.015757081391984704,29,0.011048538603007738,15,0.012096766993975513,16
2012-08-27,0.01514549256758356,28,0.011074624737641552,15,0.012097387384394134,16
2012-08-28,0.01515058753104916,28,0.01064537743875716,14,0.011429842588652258,14
2012-08-29,0.010253011568272638,16,0.010912245383758705,15,0.010888892235093386,12
2012-08-30,0.006744282115534418,6,0.011205771277760382,16,0.010903581168981089,12
2012-08-31,0.005788415446280899,4,0.011211998035674032,16,0.010489428927415629,10
2012-09-04,0.007142032551981789,7,0.011547554824599196,17,0.009131264663554413,6
2012-09-05,0.008583083423164729,11,0.01227862789355477,19,0.009261828173496278,7
2012-09-06,0.007265002582190949,7,0.00878743449910119,8,0.008745128870561425,5
2012-09-07,0.01057378319941063,17,0.008511084645181063,7,0.009273341715025207,7
2012-09-10,0.011533699797635423,20,0.008815849427841672,8,0.009563766033552063,8
2012-09-11,0.01101259286556169,18,0.008750746688461255,8,0.009538022809577456,8
2012-09-12,0.009376099737437388,14,0.008842021392769682,8,0.009558051422474928,8
2012-09-13,0.012316641704654425,21,0.010459809405300079,13,0.010219013160161041,9
2012-09-14,0.011399681175586877,19,0.010488866098579479,13,0.010310318082731808,10
2012-09-17,0.010049564142892447,15,0.010730973258381243,14,0.010426716986526545,10
2012-09-18,0.011248848521202495,19,0.010740332768004318,14,0.010677461602603204,11
2012-09-19,0.011950283844019065,20,0.010127923147497156,12,0.010701464936818152,11
2012-09-20,0.006516385142245,5,0.010109252534486744,12,0.010735118174086459,12
2012-09-21,0.002144959811578443,0,0.008997709301789744,9,0.009067314247358458,6
2012-09-24,0.004328451734587025,1,0.008441458251103588,7,0.008447390225434757,4
2012-09-25,0.0046303083406878266,1,0.008964269357955508,9,0.008469461029948768,4
2012-09-26,0.006961774552667685,7,0.01001491896217746,12,0.009000155003292909,6
2012-09-27,0.008635481290086356,11,0.0072346564219778284,4,0.009117296097475141,6
2012-09-28,0.008717310370467532,12,0.006054732912034462,1,0.008765484207499251,5
2012-10-01,0.007904858505411077,9,0.00604937026361441,1,0.008740437876014357,5
2012-10-02,0.007451425644703648,8,0.005848668291365509,1,0.008739915665710044,5
2012-10-03,0.007469905760037976,8,0.007885363003224179,5,0.009153968303050554,7
2012-10-04,0.009608973768913565,14,0.009528495704172562,11,0.009423920120717662,7
2012-10-05,0.009748342543698156,15,0.009484769821478993,11,0.009351440347186019,7
2012-10-08,0.009624152140232553,14,0.009468002720686047,10,0.008803926384683332,5
2012-10-09,0.01109273109871427,18,0.009520899048541422,11,0.008803815088664051,5
2012-10-10,0.009616389370903207,14,0.008268163285571952,7,0.00883684845421157,5
2012-10-11,0.0043534979274248,1,0.008092579671659862,6,0.008809511632679356,5
2012-10-12,0.017288920745517435,32,0.015486367031370284,26,0.011482542298533944,14
2012-10-15,0.01842337120375475,34,0.0156905302595169,27,0.011295604095077806,13
2012-10-16,0.019834662845293758,36,0.017364631123051002,31,0.012352095280468338,17
2012-10-17,0.021574912607242442,38,0.016637475178083255,29,0.012540059809944016,17
2012-10-18,0.020911725873854568,37,0.014931832399993078,25,0.012537369160443554,17
2012-10-19,0.013130834341336033,24,0.014795084983999411,25,0.012586800632687892,17
2012-10-22,0.012344155731342838,22,0.014889123189308798,25,0.01260350582947493,17
2012-10-23,0.012023714762496253,21,0.015875068544801467,27,0.013328106815235741,20
2012-10-24,0.009680372978876627,14,0.015777718471717616,27,0.013347874873703789,20
2012-10-25,0.010876976296264745,18,0.015811577537389723,27,0.013266148338123738,19
2012-10-26,0.011016658820340515,18,0.01160840889013317,17,0.013156044615763402,19
2012-10-31,0.011231585118876281,19,0.011211660335969258,16,0.01317696140893651,19
2012-11-01,0.006859687442118093,6,0.009306734139121538,10,0.013219270482146881,19
2012-11-02,0.007889951283799887,9,0.008713819147894852,8,0.013364545892105097,20
2012-11-05,0.006719255566083291,6,0.00858773158952102,8,0.012619459613471174,18
2012-11-06,0.01137296328261532,19,0.011474752940368317,16,0.012711112212543698,18
2012-11-07,0.01876389619448244,34,0.01459755140480142,25,0.014038363378512263,22
2012-11-08,0.018297579657538213,34,0.01331457789153991,22,0.013988290643523874,22
2012-11-09,0.019188984267239716,35,0.013832937497839736,23,0.01433894506177545,23
2012-11-12,0.019445594141818037,35,0.013820088721138862,23,0.014490671670404015,23
2012-11-13,0.016470633659340147,31,0.014259598789902189,24,0.014509357162504363,23
2012-11-14,0.010853408747945928,17,0.014461601139223209,24,0.012547147318967397,17
2012-11-15,0.013570226457781878,25,0.015574140591695871,27,0.01298841837027643,19
2012-11-16,0.013349009932654275,24,0.015624898405414724,27,0.012391492707009755,17
2012-11-19,0.018278505058635888,34,0.01797085945171542,32,0.013767271739620366,21
2012-11-20,0.01469694011058244,27,0.01712760012174622,30,0.013961081464319836,22
2012-11-21,0.010325611938099015,16,0.01289613629821654,20,0.013913084106887278,22
2012-11-23,0.011307714417837901,19,0.013610903333271484,22,0.014757262115023699,24
2012-11-26,0.015578089062324465,29,0.014580103196033636,25,0.014033533880956196,22
2012-11-27,0.014100453309995507,26,0.015450049368752815,26,0.014181675320356751,23
2012-11-28,0.014094870899278822,26,0.014136100300915581,24,0.014269517074815215,23
2012-11-29,0.01406883783811154,26,0.012740412427321044,20,0.014070875111851839,22
2012-11-30,0.008547587275212168,11,0.012597069467411097,20,0.014071337494908309,22
2012-12-03,0.009759001118181093,15,0.014062360800527552,24,0.014498732514155973,23
2012-12-04,0.011384199431853634,19,0.012575970407540047,19,0.014838425928824383,24
2012-12-05,0.013735341150553353,25,0.013406056796945433,22,0.015226905744402771,25
2012-12-06,0.01367579917113035,25,0.013405938295004527,22,0.014619390303308675,24
2012-12-07,0.016036917861686577,30,0.012161577027225085,18,0.0130346472819282,19
2012-12-10,0.01388397254204754,25,0.0117997337869948,17,0.012932314992816503,18
2012-12-11,0.008575302955514641,11,0.011148760734484215,15,0.01285817951134671,18
2012-12-12,0.006626436414308458,6,0.010966418933170791,15,0.012883388714929138,18
2012-12-13,0.008128851969219806,10,0.011204638350016952,16,0.012449555854923437,17
2012-12-14,0.006667903669457893,6,0.011592224971113528,17,0.012246024281934715,16
2012-12-17,0.012684389719529008,22,0.012540096404581558,19,0.01269004021347167,18
2012-12-18,0.017080253411887326,32,0.012788833994551529,20,0.013878738130892179,21
2012-12-19,0.018597126755756872,34,0.013172124053418522,21,0.013023948626009793,19
2012-12-20,0.017463189482642548,32,0.013251069351090668,21,0.013163263682111338,19
2012-12-21,0.015348777245926112,29,0.013054681311221355,21,0.013162677270539812,19
2012-12-24,0.015276780789938124,28,0.013371653191482794,22,0.012457683517498952,17
2012-12-26,0.00869765004166031,12,0.01327347672500389,21,0.01222169501971412,16
2012-12-27,0.007565494833225602,8,0.013469062300509442,22,0.011882677556372206,16
2012-12-28,0.004971666006750796,2,0.013340008181650855,22,0.011890569859395315,16
2012-12-31,0.008761795797623186,12,0.012776378777477563,20,0.01220872185593984,16
2013-01-02,0.017508064878944515,32,0.01567036788392067,27,0.014446501415990092,23
2013-01-03,0.019441949332440412,35,0.01452978904413462,24,0.014060558048857126,22
2013-01-04,0.01873226625811465,34,0.013877125461525853,23,0.013065404193919338,19
2013-01-07,0.018932767020673636,35,0.014048657256407247,23,0.013085634390190023,19
2013-01-08,0.0198461614335053,36,0.014509486188309063,24,0.013336849274779421,20
2013-01-09,0.005514037867685979,3,0.014355502255218118,24,0.013171540384463548,19
2013-01-10,0.011159191225471736,19,0.015239650024105367,26,0.013615194438609875,21
2013-01-11,0.012889084842406608,23,0.01620239581412488,28,0.014154255174466274,22
2013-01-14,0.012954839004659425,23,0.01631786133899119,28,0.014327317878302064,23
2013-01-15,0.012722657899817297,22,0.01583124946811855,27,0.014146663289505706,22
2013-01-16,0.013314064992315874,24,0.010195601186682184,13,0.01386566082357438,21
2013-01-17,0.0242166388073695,41,0.018122526373790665,33,0.016463105446408107,28
2013-01-18,0.02105337412514728,38,0.018125320560416693,33,0.01558811902426283,26
2013-01-22,0.018496024787677454,34,0.0176799933806797,32,0.015326417215337581,26
2013-01-23,0.020818615195973354,37,0.017579663049505284,31,0.015454379030454438,26
2013-01-24,0.021413444071973285,38,0.01744873365601423,31,0.015421863934887262,26
2013-01-25,0.006011121227388257,4,0.01699854044146599,30,0.015325060104184747,26
2013-01-28,0.007501347592508514,8,0.016644872126924937,29,0.015693210625487244,27
2013-01-29,0.006927286004057763,6,0.016067375406408103,28,0.015618189940168581,26
2013-01-30,0.0067291503301323595,6,0.016070648803260215,28,0.015459496259022841,26
2013-01-31,0.006698495894101017,6,0.016232092701573008,28,0.015354027652802959,26
2013-02-01,0.009011445667543522,13,0.0072263628164866995,4,0.013418849408167321,20
2013-02-04,0.011292844864789868,19,0.00915094429701198,9,0.01390450319776397,21
2013-02-05,0.014145715911166753,26,0.010936060050939181,15,0.01440833802178697,23
2013-02-06,0.01416897910680574,26,0.010638918855258906,14,0.01424734229043758,23
2013-02-07,0.014797179464845156,27,0.010983872261775118,15,0.014178027780660126,22
2013-02-08,0.014245828856559967,26,0.011237846747865838,16,0.014172715495110089,22
2013-02-11,0.011053357321556682,18,0.010688404635850794,14,0.013897872604011124,21
2013-02-12,0.007127073302249067,7,0.010634530318138569,14,0.013333672603909356,20
2013-02-13,0.013721482398667538,25,0.013982930824287792,23,0.014740050500437722,24
2013-02-14,0.014017109528325798,26,0.013996956424078666,23,0.014737946932455658,24
2013-02-15,0.012155713210266771,21,0.013241199829332247,21,0.014739393478592917,24
2013-02-19,0.012175999575276354,21,0.012233109945403697,18,0.010353700709686657,10
2013-02-20,0.010764605803108127,17,0.009971623490936667,12,0.010359885167379429,10
2013-02-21,0.0057012698239475865,3,0.009911272463248369,12,0.010515090462406423,11
2013-02-22,0.01017646486888125,16,0.011547771252299388,17,0.010957796946831789,12
2013-02-25,0.011768721185079623,20,0.011281430467330116,16,0.011437614801322436,14
2013-02-26,0.012373928907170734,22,0.011602883553218101,17,0.01147587642866674,14
2013-02-27,0.01385901216035009,25,0.01236782804205501,19,0.011586692380849797,14
2013-02-28,0.011995597939272207,21,0.01017615115594006,13,0.011656704102235982,15
2013-03-01,0.010723793609602917,17,0.010130679509816713,12,0.011603095063740104,15
2013-03-04,0.005601198088486951,3,0.010965961825717574,15,0.011979862371987194,16
2013-03-05,0.006023744339979201,4,0.010813969323401394,14,0.011607277289319056,15
2013-03-06,0.0057944952280262925,4,0.010388678431526412,13,0.01099468793566952,12
2013-03-07,0.006873397377728143,6,0.009264423801264958,10,0.010485989412236883,10
2013-03-08,0.006050880708615798,4,0.008811580394178165,8,0.01054594810259598,11
2013-03-11,0.005440453481028883,3,0.005327158820043285,0,0.0104402321632392,10
2013-03-12,0.0070436130528656205,7,0.006375692161023744,2,0.01031091001776419,10
2013-03-13,0.0073069624821404475,7,0.006223771766467881,2,0.010430336310463447,10
2013-03-14,0.006008397585127165,4,0.0063101848104459984,2,0.010393252515513993,10
2013-03-15,0.008271145087175935,10,0.00702842217809345,3,0.008930874846154943,6
2013-03-18,0.009697378022307504,14,0.0075267670831798165,5,0.00916000638026962,7
2013-03-19,0.008713606431884607,12,0.00747171317433771,4,0.009044875336868994,6
2013-03-20,0.008192077504295263,10,0.007472381654829817,4,0.008917132499015601,6
2013-03-21,0.009517333300907038,14,0.007556648551235359,5,0.008970796789094411,6
2013-03-22,0.0049052118712893346,2,0.007445441525046851,4,0.008325528079968546,4
2013-03-25,0.005273186061048169,2,0.007549019887017649,5,0.007968119947939193,3
2013-03-26,0.005623778468068425,3,0.007294375899408941,4,0.006714859039169506,0
2013-03-27,0.005543379745007236,3,0.006835927967065494,3,0.0068052929264354285,1
2013-03-28,0.004112363123845246,1,0.006923565710094426,3,0.006681245048287877,0
2013-04-01,0.00587836022945846,4,0.0052159773981165685,0,0.007042034715029974,1
2013-04-02,0.005385798672622227,3,0.005040575030338813,0,0.007029243041342444,1
2013-04-03,0.00517258438528635,2,0.005504817140401722,1,0.006960076839306351,1
2013-04-04,0.00516422833131147,2,0.0053528939286359555,0,0.006980264700691646,1
2013-04-05,0.006761555946893422,6,0.005483583518092684,1,0.007050084017581965,1
2013-04-08,0.008491128205767024,11,0.007047166618358962,3,0.007050773662546181,1
2013-04-09,0.009497488090232148,14,0.00777584944176336,5,0.007271763652673396,1
2013-04-10,0.00695823898022928,7,0.008988423495340727,9,0.007929226858342017,3
2013-04-11,0.004102692985478034,1,0.009669319893255002,11,0.00824292890971188,4
2013-04-12,0.015644807010223645,29,0.012408496845640913,19,0.009568552309430859,8
2013-04-15,0.020018795894514645,36,0.014560846972476126,25,0.01103855665475113,13
2013-04-16,0.019270110682483473,35,0.014629995972985801,25,0.010534713217227563,11
2013-04-17,0.01784472641320581,33,0.01589436518140026,27,0.011365189728617156,14
2013-04-18,0.015865939685681486,30,0.0161132129108268,28,0.01152945824946109,14
2013-04-19,0.022746590971015838,40,0.01874920066756611,34,0.013461511550133042,20
2013-04-22,0.019497444066149876,35,0.01873519781865487,34,0.013473912841010908,20
2013-04-23,0.020209833064078895,36,0.018967266880367022,34,0.013770611044586711,21
2013-04-24,0.014327489912950402,26,0.019011914857185227,34,0.01412272713740722,22
2013-04-25,0.014403099805314616,27,0.01858915636909291,33,0.014162776187471868,22
2013-04-26,0.01090142553641948,18,0.017045273234422634,30,0.014190448702908505,23
2013-04-29,0.00784896792454082,9,0.014250881420549597,24,0.014158671098771603,22
2013-04-30,0.007467674330901006,8,0.014430680595471233,24,0.014048585945302783,22
2013-05-01,0.011053719706963354,18,0.01339775171118539,22,0.014654329499036669,24
2013-05-02,0.011052076202651376,18,0.013387551820893202,22,0.014407707660013978,23
2013-05-03,0.012158813400343109,21,0.01088811843229954,14,0.01457189999031324,24
2013-05-06,0.012629030997617675,22,0.009945977658578267,12,0.014682956433459652,24
2013-05-07,0.01266130800761284,22,0.009816567132298597,12,0.014672889102398045,24
2013-05-08,0.0035644967818845245,0,0.009300489089755117,10,0.01460508659749806,24
2013-05-09,0.006884957510680494,6,0.009627102713370937,11,0.014438653349709575,23
2013-05-10,0.006055544889031361,4,0.009189415580601108,9,0.014268800963480826,23
2013-05-13,0.0061846382788497585,5,0.009389250278988686,10,0.013161485969615088,19
2013-05-14,0.006101673286678501,4,0.009387714407174012,10,0.011551304455263587,14
2013-05-15,0.006487134691459361,5,0.005594021665210499,1,0.011586639702696397,14
2013-05-16,0.006637626303168241,6,0.006596937142384987,2,0.010025259837061477,9
2013-05-17,0.007454031848846351,8,0.006424254407915804,2,0.010120913968374749,9
2013-05-20,0.006473080409909791,5,0.00618765285699188,2,0.008573020859302704,4
2013-05-21,0.007945378523269436,9,0.006679466502589018,3,0.00822620286943528,4
2013-05-22,0.011423510017072163,19,0.009314734075505413,10,0.009308017839736546,7
2013-05-23,0.011628560102612753,20,0.009190172071393173,9,0.00897556876681493,6
2013-05-24,0.01061928438159955,17,0.009209820536631325,9,0.00900948262750323,6
2013-05-28,0.01104930449737257,18,0.0093448822221725,10,0.008901018636142762,6
2013-05-29,0.010633593809505258,17,0.008942843947889403,9,0.00891621852923695,6
2013-05-30,0.003257131569911373,0,0.008662073831319046,8,0.008755160869091151,5
2013-05-31,0.011087657029423437,18,0.010712142501976794,14,0.008918847237236271,6
2013-06-03,0.010349205087767491,16,0.00988972133005028,12,0.00893941731748348,6
2013-06-04,0.010183590701603372,16,0.010511016392024156,13,0.009510339751431531,8
2013-06-05,0.00941478437242228,14,0.010895684490762088,14,0.0097209800945506,8
2013-06-06,0.015680393533341254,29,0.012084914428788668,18,0.010328595209979955,10
2013-06-07,0.016812699800021494,31,0.013445697650338548,22,0.011001230115726564,13
2013-06-10,0.01701349786868064,32,0.013532772074782842,22,0.011057972039812822,13
2013-06-11,0.016610039386915326,31,0.01407951716569484,24,0.011567927277906015,14
2013-06-12,0.014523969805170352,27,0.01405109607144039,24,0.011573709804740602,14
2013-06-13,0.012529744583009069,22,0.01422365251537475,24,0.011410037225431435,14
2013-06-14,0.009916019831267067,15,0.013156190411924899,21,0.011418939211863759,14
2013-06-17,0.007909601557944922,9,0.01316699734539029,21,0.011390412679494857,14
2013-06-18,0.006005329099267514,4,0.01197022257816604,18,0.011127262756662084,13
2013-06-19,0.009784277079120213,15,0.012652798329075517,20,0.01157033568834088,14
2013-06-20,0.010058527083564833,15,0.01232417993468602,19,0.012125526646272342,16
2013-06-21,0.010133280473049117,16,0.0098948579008258,12,0.011653960478808227,15
2013-06-24,0.009936621995926742,15,0.009015313420507834,9,0.011882292274175697,16
2013-06-25,0.01735280095985551,32,0.01267926264221272,20,0.01298805984764253,19
2013-06-26,0.016468440618753553,31,0.012773669618421022,20,0.01278110707140158,18
2013-06-27,0.01429675694385466,26,0.013012690832045284,21,0.01298824591784238,19
2013-06-28,0.014068346905406178,26,0.012864369335722534,20,0.01295884518332455,19
2013-07-01,0.010262568527364001,16,0.01361759979963279,22,0.012709911872575688,18
2013-07-02,0.006536362660339832,5,0.013943437052279278,23,0.0129201214466056,18
2013-07-03,0.008633072748766443,11,0.012900753659386971,20,0.01248575635883939,17
2013-07-05,0.009948659672681952,15,0.01169260767417257,17,0.012528646388143726,17
2013-07-08,0.010445458487234579,16,0.011721870915841214,17,0.011936490167080503,16
2013-07-09,0.010303495692925001,16,0.009878367699552432,12,0.011473719128400494,14
2013-07-10,0.010111336442484669,15,0.00820928867738329,6,0.011300439052463997,13
2013-07-11,0.008908862699530009,12,0.008270852418489828,7,0.010799460710727075,12
2013-07-12,0.006929989068851376,6,0.008229229784013843,6,0.010916515601489284,12
2013-07-15,0.005661934034556504,3,0.007958181756491933,5,0.010849681572681475,12
2013-07-16,0.005679660094094404,3,0.008277291471224787,7,0.010819996069652952,12
2013-07-17,0.0062365844949135284,5,0.007946824931465353,5,0.010865810479445471,12
2013-07-18,0.006564478177231622,5,0.0075831178753866055,5,0.01085903100253694,12
2013-07-19,0.0053194510026118485,3,0.006029373821057273,1,0.01007290496775565,9
2013-07-22,0.00918676599942843,13,0.00720357599171199,4,0.009445636125021533,7
2013-07-23,0.007116894354915266,7,0.00666875326428668,3,0.009240335052483341,7
2013-07-24,0.0072302607636060175,7,0.006726806288688651,3,0.00829887232093454,4
2013-07-25,0.010306157742212406,16,0.008302301737929844,7,0.007923977132113276,3
2013-07-26,0.010507857938329623,17,0.00805140139765592,6,0.007964059112413473,3
2013-07-29,0.008357291907856591,11,0.008690899585417381,8,0.008247367719931821,4
2013-07-30,0.008132063732865548,10,0.008221579673164715,6,0.008146631454611312,3
2013-07-31,0.005872246850110138,4,0.00809274427212553,6,0.007884088420108612,3
2013-08-01,0.00996635519020007,15,0.009620939800773472,11,0.008462621991503586,4
2013-08-02,0.009900911045344003,15,0.009627694530991944,11,0.00822433060696553,3
2013-08-05,0.009163806918307635,13,0.008706701207748375,8,0.007876925963344964,3
2013-08-06,0.011443331873161624,19,0.009467787437364615,10,0.008280869666310302,4
2013-08-07,0.012050148053133775,21,0.0091180847465033,9,0.008192181599466148,3
2013-08-08,0.006268162162472276,5,0.008510931626134057,7,0.008186188487669697,3
2013-08-09,0.006039315504885697,4,0.008636023935284544,8,0.008208561204278497,3
2013-08-12,0.006040118352967771,4,0.00820110591849308,6,0.008027309635795583,3
2013-08-13,0.005436974119355734,3,0.00869039412752399,8,0.008324438674019542,4
2013-08-14,0.005206483231792049,2,0.008758396818468787,8,0.008174039808266908,3
2013-08-15,0.005491242284875684,3,0.005646973801849024,1,0.008145162483359072,3
2013-08-16,0.006188399980924188,5,0.00591789265843185,1,0.00823006899185923,4
2013-08-19,0.006821282429473196,6,0.006079307513812334,2,0.008393820022507633,4
2013-08-20,0.005950549371222034,4,0.005531863961513833,1,0.007465117632449233,2
2013-08-21,0.006281016315762187,5,0.005486291923293304,1,0.007495396222343882,2
2013-08-22,0.00891127623290233,12,0.007206969122053708,4,0.007845543228669885,3
2013-08-23,0.008503439589941745,11,0.007081342144392503,3,0.007492798556841321,2
2013-08-26,0.009332910732482907,13,0.00782015725559884,5,0.007836374182405705,3
2013-08-27,0.015759833165107692,29,0.011711000280965991,17,0.009922942912921439,9
2013-08-28,0.01579013154832882,29,0.011515414326842537,16,0.009880126382222519,8
2013-08-29,0.012929888633862493,23,0.01167529282816657,17,0.009924805216692303,9
2013-08-30,0.012053194021368799,21,0.011169965551680122,15,0.008718379061967403,5
2013-09-03,0.012892370829793352,23,0.011237722597195242,16,0.008593534332695415,4
2013-09-04,0.00383947468846585,1,0.011244046694416232,16,0.008679857139835772,5
2013-09-05,0.005229693938962912,2,0.011876557813004883,18,0.008860536578829728,5
2013-09-06,0.005713022321299628,3,0.010595843229664,14,0.008786240863089358,5
2013-09-09,0.005560337522934524,3,0.010465112346027433,13,0.008795804473856169,5
2013-09-10,0.006090553554694442,4,0.010690343340326681,14,0.008903489229475208,6
2013-09-11,0.00617413635324885,5,0.005124391951152194,0,0.009009191998370743,6
2013-09-12,0.005434477774017091,3,0.005182862804631373,0,0.008870768934500778,5
2013-09-13,0.005901122971638164,4,0.00556126673139528,1,0.008869767335173988,5
2013-09-16,0.006096944654320691,4,0.005502275192637018,1,0.008995438350237665,6
2013-09-17,0.005531244179476859,3,0.005543823356930454,1,0.008889402524778241,5
2013-09-18,0.005442113247957909,3,0.005583043381988373,1,0.008836889207075314,5
2013-09-19,0.005439587831172751,3,0.005146290915680969,0,0.00883582881723074,5
2013-09-20,0.005918848730826557,4,0.005601868899860062,1,0.008858299304779868,5
2013-09-23,0.007215624562313478,7,0.006805286163150747,3,0.00855389772012118,4
2013-09-24,0.006101682260895832,5,0.00637647204177167,2,0.008548771902657551,4
2013-09-25,0.010382342286150118,16,0.008088443167022967,6,0.00911385289047149,6
2013-09-26,0.01100871101195065,18,0.008649769690330508,8,0.006971344983653583,1
2013-09-27,0.011069146629667027,18,0.008567931619368342,7,0.006928115060116602,1
2013-09-30,0.009640590571618477,14,0.008145510541088828,6,0.006899394343151106,1
2013-10-01,0.010497002985702603,16,0.009157845416456591,9,0.007326313987500359,2
2013-10-02,0.00960895229326274,14,0.009443059945722842,10,0.007732031101436562,2
2013-10-03,0.008298749729515456,10,0.009422744640577293,10,0.007708391463669849,2
2013-10-04,0.009864558875746028,15,0.01017868252558442,13,0.007819480180976486,3
2013-10-07,0.014752045712112982,27,0.011791642657825223,17,0.009168668126283504,7
2013-10-08,0.012904358557090838,23,0.012495752113057205,19,0.00962737241771902,8
2013-10-09,0.016187836380636398,30,0.01255358423332861,19,0.010141918604260782,9
2013-10-10,0.019648857676406915,36,0.014289412587966047,24,0.011314820162115954,13
2013-10-11,0.019059163921708124,35,0.014316779650989951,24,0.011319048764995792,13
2013-10-14,0.014033143934554381,26,0.014379599120343712,24,0.011343039739210062,14
2013-10-15,0.01194410772925257,20,0.014304656877510825,24,0.011442022070744337,14
2013-10-16,0.011994693361557429,21,0.014507889047952546,24,0.011923800173366602,16
2013-10-17,0.01501355765637505,28,0.01692404025155853,30,0.0137018692089881,21
2013-10-18,0.01492567889399738,28,0.01722614631153009,30,0.014042997189696467,22
2013-10-21,0.0162899978862565,30,0.01447514360665578,24,0.013926932573709182,22
2013-10-22,0.012603133543075047,22,0.011987973722208972,18,0.013497656710423642,20
2013-10-23,0.01505587775581836,28,0.012863691992796513,20,0.013484268911824464,20
2013-10-24,0.00969331964477259,14,0.012529057372631578,19,0.013359726591956713,20
2013-10-25,0.004917540246716765,2,0.01274119234525619,20,0.013029188401868707,19
2013-10-28,0.005813813930412954,4,0.012735048216869662,20,0.0130261391733251,19
2013-10-29,0.004756981844112055,2,0.011760436168252167,17,0.01298870376313824,19
2013-10-30,0.004075177790409306,1,0.011372535150951291,16,0.012841007716906437,18
2013-10-31,0.006050221518628634,4,0.007734662107238216,5,0.012795920291596237,18
2013-11-01,0.006081731863448433,4,0.005245664628191661,0,0.012786952337809337,18
2013-11-04,0.005494441602585915,3,0.005587869729335601,1,0.01283156576081004,18
2013-11-05,0.010427478440883858,16,0.0076485930046985215,5,0.011875202541902203,15
2013-11-06,0.010353549522194734,16,0.00745025585570941,4,0.011103510121022314,13
2013-11-07,0.009030463282321542,13,0.007283040572274864,4,0.010933264749615784,12
2013-11-08,0.022997187148446487,40,0.017026984122315715,30,0.014269930936444178,23
2013-11-11,0.023923155187670762,41,0.017841194457928103,32,0.014731952445781725,24
2013-11-12,0.025164115794701097,42,0.018371695284636894,33,0.015064292126585497,25
2013-11-13,0.025548869716040007,42,0.019046329350726244,34,0.015074926680441221,25
2013-11-14,0.024950483402403238,42,0.018378023957740415,33,0.014893154919746753,24
2013-11-15,0.012512115408903103,22,0.01846182807969997,33,0.013679553363362212,21
2013-11-18,0.01078822443781659,17,0.017942884473286375,32,0.013293539162094293,20
2013-11-19,0.009172530673948655,13,0.017863767899477245,32,0.013322756458579414,20
2013-11-20,0.004496585954459424,1,0.017829362169492016,32,0.013285087068628978,20
2013-11-21,0.010510385573894639,17,0.01840049392830286,33,0.013826961776517738,21
2013-11-22,0.01012266295177074,15,0.011348958498070324,16,0.013825735207938724,21
2013-11-25,0.010526165107603631,17,0.010199459778071455,13,0.013797088490624504,21
2013-11-26,0.012399041800755468,22,0.01028979366602984,13,0.01416446439102413,22
2013-11-27,0.012211749004322111,21,0.009100741042560718,9,0.01417125534378654,22
2013-11-29,0.009137958585011265,13,0.009449650660277361,10,0.014318183383297772,23
2013-12-02,0.006347857733746254,5,0.009575656052718168,11,0.014133003580304884,22
2013-12-03,0.00663249128734616,6,0.01023146951235629,13,0.014385073559814873,23
2013-12-04,0.005902318948903372,4,0.010285210966915148,13,0.01431491450413699,23
2013-12-05,0.0026609332692968312,0,0.010322355317346708,13,0.014028631169043964,22
2013-12-06,0.01475022462619463,27,0.011569995414634071,17,0.014990204245936254,25
2013-12-09,0.014652795411742707,27,0.01087189116508218,14,0.015046668590178034,25
2013-12-10,0.013332251133087053,24,0.010988212304731486,15,0.010795946076358557,12
2013-12-11,0.013663783936333941,25,0.010666628264888112,14,0.010568079371207564,11
2013-12-12,0.013260817370828962,24,0.010609245150293715,14,0.01024762110149649,9
2013-12-13,0.005976539592057598,4,0.010707761837970932,14,0.009743288874134998,8
2013-12-16,0.00880530234705663,12,0.01140155497394927,16,0.010058651852063852,9
2013-12-17,0.009862801728244554,15,0.011340842275418466,16,0.010270626081622089,10
2013-12-18,0.011463771895154502,19,0.011890574520485505,18,0.01072978006178563,11
2013-12-19,0.012009231561994228,21,0.011927481400367491,18,0.010846543186650908,12
2013-12-20,0.009935153686597907,15,0.009227486787189062,10,0.010894056891419973,12
2013-12-23,0.009396817356409194,14,0.008942397113566473,9,0.010064650540008204,9
2013-12-24,0.0050311966392467405,2,0.008966112928568968,9,0.00978223192180522,8
2013-12-26,0.0036766843123987795,0,0.00816022279470216,6,0.009784710354596802,8
2013-12-27,0.005115270567421829,2,0.008751135651593071,8,0.009509468839272174,7
2013-12-30,0.004537793170444791,1,0.007947768099894911,5,0.00946814105376553,7
2013-12-31,0.004106310032058021,1,0.007344929750354129,4,0.009347705558850528,7
2014-01-02,0.005496485748100728,3,0.0069250706824148895,3,0.009423846906518814,7
2014-01-03,0.005417545175772442,3,0.005661671977071831,1,0.00901440475469335,6
2014-01-06,0.004818987639871772,2,0.004816756121289144,0,0.008843266142663477,5
2014-01-07,0.005025545206997078,2,0.004514141384768611,0,0.00875279721128957,5
2014-01-08,0.0049708554058618525,2,0.004299545456648899,0,0.006958655740616487,1
2014-01-09,0.002951789517933956,0,0.0050155006441722815,0,0.006945396585723536,1
2014-01-10,0.0035786038996842803,0,0.0056539288839065685,1,0.00712709287361606,1
2014-01-13,0.009263252816117083,13,0.007093369652858184,3,0.00761750372513273,2
2014-01-14,0.009320657303462236,13,0.007153149535029291,4,0.007628085411189699,2
2014-01-15,0.009792370357314562,15,0.0075141114736037495,5,0.0073884582473371105,2
2014-01-16,0.01088861356450539,18,0.007778181720626062,5,0.007545069453828737,2
2014-01-17,0.010597640851084457,17,0.008008145214078829,6,0.007109704658833477,1
2014-01-21,0.008586344831815598,11,0.008519293810048963,7,0.006932666754774689,1
2014-01-22,0.008593228528477067,11,0.008518266126366317,7,0.006719999878857048,0
2014-01-23,0.012914205093523538,23,0.01106942644617784,15,0.008067430562950614,3
2014-01-24,0.012917909434011214,23,0.011273576017521788,16,0.00831500576576086,4
2014-01-27,0.012267312546312675,21,0.01102116175397488,15,0.008581953220618102,4
2014-01-28,0.010851180392837275,17,0.010651297073521969,14,0.008730361742062256,5
2014-01-29,0.01038506082691933,16,0.011690176908030462,17,0.009406689333776273,7
2014-01-30,0.012841675175074192,23,0.012194388520985483,18,0.00987204611166663,8
2014-01-31,0.012989351168528047,23,0.012276094586510498,19,0.01010249750270842,9
2014-02-03,0.016354766535557716,30,0.013672629533670676,23,0.011362725135656653,14
2014-02-04,0.015640097112024628,29,0.012729716907309637,20,0.011398958973363755,14
2014-02-05,0.014997775195036096,28,0.012589920833767209,19,0.011417338525291174,14
2014-02-06,0.01710943460952325,32,0.014274714812413186,24,0.012319235907381994,17
2014-02-07,0.01635921489539109,30,0.014056776345347922,24,0.012272010754795004,17
2014-02-10,0.007927993856473345,9,0.014012667663968208,23,0.012239422524117456,16
2014-02-11,0.007899365462485854,9,0.013858256524746065,23,0.012081961193612151,16
2014-02-12,0.008510202472809647,11,0.01256069908302334,19,0.011726537123514619,15
2014-02-13,0.004039358212409577,1,0.012102302686163312,18,0.011815080475001322,15
2014-02-14,0.0035968451120207455,0,0.011374956084120336,16,0.01165434291116455,15
2014-02-18,0.0034015709434915974,0,0.006086818640511291,2,0.011451662219950422,14
2014-02-19,0.009358600098931589,13,0.009192784693738956,9,0.011871911248705659,15
2014-02-20,0.009399062478957167,14,0.00921541843648127,9,0.0115056537440398,14
2014-02-21,0.008665741044669275,12,0.0069451119974277215,3,0.011508174395005868,14
2014-02-24,0.009350539946075324,13,0.007205274735457953,4,0.01094956906684636,12
2014-02-25,0.009314055215592544,13,0.006950209593443406,3,0.010729902735505297,11
2014-02-26,0.003113981737484683,0,0.006872747226026686,3,0.010504436477524668,10
2014-02-27,0.0029667200839596447,0,0.006852770953235091,3,0.010395897457777473,10
2014-02-28,0.003502901555558109,0,0.0064655668410627965,2,0.009622059143280536,8
2014-03-03,0.004358920078896219,1,0.0068869982309591165,3,0.009426524660387025,7
2014-03-04,0.010538513960068994,17,0.00957590749389732,11,0.010004271411963491,9
2014-03-05,0.011037108806130493,18,0.007698768144174439,5,0.008051135420697108,3
2014-03-06,0.010977164344459497,18,0.007639314766894686,5,0.008051570397695005,3
2014-03-07,0.010939409917016599,18,0.008315427848417309,7,0.008393820691769915,4
2014-03-10,0.007212253556693045,7,0.008295655189595543,7,0.007504152927599719,2
2014-03-11,0.00885714905213891,12,0.009222595760973127,9,0.007929673208784419,3
2014-03-12,0.008294648765430547,10,0.009264643674566577,10,0.007860286331576715,3
2014-03-13,0.008831352719281666,12,0.009642352516733716,11,0.008000006880866542,3
2014-03-14,0.004561964889648148,1,0.009828569652380902,12,0.008098956251209911,3
2014-03-17,0.007720264151332918,8,0.00933115247080897,10,0.008251887214239879,4
2014-03-18,0.0071847234038652725,7,0.007724101517841074,5,0.008335405125113368,4
2014-03-19,0.007139256917909866,7,0.007297842006512741,4,0.008331861093506844,4
2014-03-20,0.010277835125073242,16,0.009759383648723436,12,0.008343519275509905,4
2014-03-21,0.008882659181011773,12,0.009119970399390604,9,0.008345789828936778,4
2014-03-24,0.00967816740407345,14,0.009198425508129252,9,0.008411682379286226,4
2014-03-25,0.010343094521715284,16,0.008498777676068906,7,0.008459005710691797,4
2014-03-26,0.010997189795116736,18,0.008760705188195092,8,0.008566510637470102,4
2014-03-27,0.013284934843117463,24,0.013756447034041688,23,0.011347993778042584,14
2014-03-28,0.014494804153485953,27,0.013809170497657928,23,0.011412108354707464,14
2014-03-31,0.016178741991379843,30,0.013712122530318276,23,0.011518105030114651,14
2014-04-01,0.016691225304652665,31,0.013605849618841787,22,0.011257819279363928,13
2014-04-02,0.016680547857264444,31,0.013620239590139204,22,0.010584702331404785,11
2014-04-03,0.0041260629591757655,1,0.011400564604412747,16,0.010433004843601951,10
2014-04-04,0.008497433568378532,11,0.01187720056914792,18,0.010836629262932601,12
2014-04-07,0.010525224915866062,17,0.012868408949918298,20,0.01115319702778476,13
2014-04-08,0.009283741235920023,13,0.012855468764906062,20,0.01113912891102219,13
2014-04-09,0.010836350960207644,17,0.013314961139127343,22,0.011102709442064934,13
2014-04-10,0.016242203815473782,30,0.014588091474692082,25,0.013608241573240967,20
2014-04-11,0.016249903517274265,30,0.014234608779105316,24,0.013754464498015859,21
2014-04-14,0.01686440478806442,31,0.013440023536472554,22,0.01376667506360701,21
2014-04-15,0.017283504093445506,32,0.013114014332454283,21,0.01345532817066076,20
2014-04-16,0.01795884606183257,33,0.014060775853991568,24,0.013545340844169333,20
2014-04-17,0.020160581473067426,36,0.017416217093688166,31,0.01598013507800706,27
2014-04-21,0.020159349783325,36,0.01741038295646727,31,0.014768813117640459,24
2014-04-22,0.02212637083471508,39,0.018600936404338,33,0.015285442074151405,26
2014-04-23,0.02271088063605944,40,0.01909299344092461,34,0.015486776553443021,26
2014-04-24,0.021250929453840998,38,0.01855295029095264,33,0.015473362120551329,26
2014-04-25,0.011686421460218824,20,0.015842823705535847,27,0.0155784603904154,26
2014-04-28,0.011803415433470908,20,0.015868006054670206,27,0.014559964287363517,24
2014-04-29,0.008256147459248492,10,0.01574609026719013,27,0.014321377405747156,23
2014-04-30,0.007966959237671508,9,0.016051651436554484,28,0.014135021688039777,22
2014-05-01,0.00865927534540248,12,0.01530589303503311,26,0.014015256477932251,22
2014-05-02,0.01024478380718415,16,0.010360785742632125,13,0.014408800774388279,23
2014-05-05,0.008698865907265792,12,0.009884934963955403,12,0.01428367319560508,23
2014-05-06,0.011316643084879346,19,0.009477539866633576,11,0.014375608361798737,23
2014-05-07,0.015281848426127393,28,0.011944279921109963,18,0.015225708649825066,25
2014-05-08,0.013937618283829042,25,0.011932563207903136,18,0.015226372515624607,25
2014-05-09,0.01335338942065464,24,0.011263447550459074,16,0.015019392487853783,25
2014-05-12,0.015218146811256904,28,0.01173744501011871,17,0.013815928705718327,21
2014-05-13,0.01249217337769006,22,0.011835249845575692,17,0.013668851841879676,21
2014-05-14,0.011537736792522168,20,0.012886072794037796,20,0.013987021861107809,22
2014-05-15,0.012937612622581997,23,0.013169615824171723,21,0.01422277209707671,23
2014-05-16,0.01292157498960813,23,0.012672559805737041,20,0.013897373738761126,21
2014-05-19,0.009926669941767477,15,0.013097752673075249,21,0.011229540032626155,13
2014-05-20,0.009809736256162506,15,0.012420901126586214,19,0.011095797026087638,13
2014-05-21,0.012506097357210286,22,0.01136614952336862,16,0.011234110110034688,13
2014-05-22,0.00965587562276034,14,0.011334692355037488,16,0.01109340113649176,13
2014-05-23,0.00828933195426598,10,0.011539766771892664,17,0.011185142729179436,13
2014-05-27,0.008223013876913668,10,0.010512699764075805,13,0.010975417314574753,12
2014-05-28,0.007486539374793359,8,0.010549246215719602,13,0.010717673498958925,11
2014-05-29,0.005445576136325829,3,0.009203315982835943,9,0.010727500946603996,11
2014-05-30,0.005900784770167935,4,0.007545137927587535,5,0.010741258574571278,12
2014-06-02,0.007330570932313647,8,0.007399343235050616,4,0.010639580512386245,11
2014-06-03,0.007962723981305637,9,0.007631848253265263,5,0.010699773211023769,11
2014-06-04,0.007929328959971187,9,0.007277244615044615,4,0.010785248572998951,12
2014-06-05,0.006889902814836252,6,0.006296982886169333,2,0.010139323683308537,9
2014-06-06,0.0068857289077551365,6,0.006303609137545298,2,0.009226476835645776,7
2014-06-09,0.007320483403254279,7,0.007030614825192545,3,0.009496781552944747,7
2014-06-10,0.008022678533492231,10,0.007572089454637081,5,0.00955597046446253,8
2014-06-11,0.00800354905902627,9,0.007547840997759623,5,0.009122146609817791,6
2014-06-12,0.00912609034445288,13,0.008100255249176342,6,0.009236599641672042,7
2014-06-13,0.008768475372484116,12,0.008021739814872699,6,0.008382227220091852,4
2014-06-16,0.005754929366248661,4,0.008626317363213178,8,0.008096546125875589,3
2014-06-17,0.0116036630792107,20,0.00961684663724009,11,0.008492877067938179,4
2014-06-18,0.011370742938512025,19,0.009387204837809622,10,0.008431284959609962,4
2014-06-19,0.010586804400326718,17,0.00933715921855609,10,0.008138405242011692,3
2014-06-20,0.010585316490327826,17,0.009206755707409042,9,0.007655049878466432,2
2014-06-23,0.00792038780990822,9,0.008025494371027569,6,0.007750372782090376,2
2014-06-24,0.0028741046634427354,0,0.007971335370699805,6,0.007799098773771932,2
2014-06-25,0.0028516596266718068,0,0.007829212288890693,5,0.0077064090976115655,2
2014-06-26,0.0040934970393213645,1,0.007876887938060656,5,0.007838406799721446,3
2014-06-27,0.0026889614942204407,0,0.007773830619349918,5,0.007815373034967729,3
2014-06-30,0.004253882134313086,1,0.0066910034275672586,3,0.007750139096232896,2
2014-07-01,0.006089064841094512,4,0.00451362043449806,0,0.007515434098163122,2
2014-07-02,0.006776666390563748,6,0.00490148729121466,0,0.007294285741724237,1
2014-07-03,0.006769850635147531,6,0.00595330967864255,1,0.007487425101877706,2
2014-07-07,0.007024478524191611,7,0.005925993369026452,1,0.007490861237934055,2
2014-07-08,0.008319230272569755,10,0.006340115642136063,2,0.007583483701802407,2
2014-07-09,0.007553630132890119,8,0.006484630960306182,2,0.006965353631537682,1
2014-07-10,0.009584580466549046,14,0.007859717799763717,5,0.0075179774359397916,2
2014-07-11,0.00946644986487703,14,0.008196115073054048,6,0.007799532940923982,2
2014-07-14,0.009451776383482822,14,0.008195854135351066,6,0.007642315432764453,2
2014-07-15,0.011492185399222272,20,0.0095613388190007,11,0.008387580208719981,4
2014-07-16,0.012641084510563077,22,0.009821626446642128,12,0.008179092190326349,3
2014-07-17,0.02979276650062792,45,0.02117990167424665,37,0.014799617244031369,24
2014-07-18,0.029563940034085658,45,0.021034181685195774,37,0.014982034463774335,25
2014-07-21,0.02999572930019577,45,0.021231875125694463,37,0.015027730216001782,25
2014-07-22,0.02854603355323646,44,0.021585599637847435,38,0.015148635798170017,25
2014-07-23,0.029006811721721166,44,0.02147865577178576,37,0.015169687226199954,25
2014-07-24,0.00566041032922862,3,0.02200474671881198,38,0.015677925987828203,27
2014-07-25,0.005828566783763716,4,0.021789088103483015,38,0.01571941704137211,27
2014-07-28,0.011300956403124238,19,0.022188428678145432,38,0.01593483998520181,27
2014-07-29,0.01167641968517622,20,0.021219556554145296,37,0.015986759209724442,27
2014-07-30,0.01169364799465401,20,0.02125370568630199,37,0.015961550438292456,27
2014-07-31,0.009047231140495049,13,0.010099792314823096,12,0.016066167194475234,28
2014-08-01,0.009716532069318714,15,0.012298411072011007,19,0.016708445000700532,29
2014-08-04,0.010427823210718445,16,0.012119583420304872,18,0.01643232902005264,28
2014-08-05,0.010720489876374055,17,0.012061782351517142,18,0.016632124944394693,29
2014-08-06,0.010235165148511501,16,0.011991753962903718,18,0.01664952348918189,29
2014-08-07,0.010031102970341238,15,0.009219033487628809,9,0.016543105923269727,29
2014-08-08,0.0088143613668888,12,0.00972541388609276,11,0.016605514407313504,29
2014-08-11,0.008757697954485732,12,0.009471812761984898,10,0.01632109856023835,28
2014-08-12,0.005748284988454145,4,0.009640944464470547,11,0.016329642293884623,28
2014-08-13,0.005981871671791929,4,0.009703486169790668,11,0.015745538719243297,27
2014-08-14,0.005092271945614358,2,0.00997525167487536,12,0.015951371146885815,27
2014-08-15,0.00507431105627337,2,0.007086717410131825,3,0.009783368004915471,8
2014-08-18,0.007366901701114041,8,0.008710261713665016,8,0.010183590804170806,9
2014-08-19,0.007785887404307438,9,0.006878364141490911,3,0.010127763302671075,9
2014-08-20,0.007870797669946934,9,0.007060138202009636,3,0.010061291447497699,9
2014-08-21,0.0077990606049595295,9,0.006257258061028613,2,0.010222620198397241,9
2014-08-22,0.006350941642884208,5,0.006098636454030904,2,0.009456052321237543,7
2014-08-25,0.0041511569950523205,1,0.0056375719925526695,1,0.009506900584777506,7
2014-08-26,0.003426677558891387,0,0.005682984697013192,1,0.00906409241775298,6
2014-08-27,0.0056131224461506085,3,0.006596411239813364,2,0.009053768767622815,6
2014-08-28,0.004718856876847423,2,0.006471442517233779,2,0.009019976154542511,6
2014-08-29,0.005433772135483422,3,0.006181909238982766,2,0.00859472605410829,4
2014-09-02,0.005264960553168844,2,0.004829988489827668,0,0.006795619388172,1
2014-09-03,0.0058325398692111565,4,0.005121646093790379,0,0.006902307872700263,1
2014-09-04,0.004678124254014819,2,0.004881889609122588,0,0.005770237272580739,0
2014-09-05,0.00489643829861512,2,0.004552448162076619,0,0.0058418662964835185,0
2014-09-08,0.003742487853997136,1,0.004458411487177609,0,0.005459588464717502,0
2014-09-09,0.0029625924483437263,0,0.004459771671586149,0,0.005623824927355973,0
2014-09-10,0.006976868178571002,7,0.006068080576492811,1,0.005955102262381432,0
2014-09-11,0.007011731697452302,7,0.005627764289833164,1,0.0059265355723148545,0
2014-09-12,0.007309742965834086,7,0.005934477214396247,1,0.006041215491646279,0
2014-09-15,0.008130570402570784,10,0.0060913735504024,2,0.006126831298281975,0
2014-09-16,0.006590052828884525,6,0.0059090442730451425,1,0.005983128449193535,0
2014-09-17,0.005569056464927487,3,0.006086637590414199,2,0.005440748284465774,0
2014-09-18,0.007116221480119759,7,0.007042151876799253,3,0.005867660861600697,0
2014-09-19,0.007986918130107266,9,0.007217996730684456,4,0.005956095710713559,0
2014-09-22,0.008156472493248688,10,0.007688167381811868,5,0.006066763203199447,0
2014-09-23,0.010613099417616347,17,0.008578217349629816,8,0.006741742737764313,1
2014-09-24,0.009764819529578264,15,0.007821047543230717,5,0.006653251198254671,0
2014-09-25,0.006770259558331452,6,0.009041642038790626,9,0.00734020058676992,2
2014-09-26,0.007265158921380766,7,0.008548845163364122,7,0.007206997938912539,1
2014-09-29,0.007356080346169212,8,0.008754594391455827,8,0.0074492729688456286,2
2014-09-30,0.006563485163127184,5,0.00867362573057692,8,0.007327664585969656,2
2014-10-01,0.005204137232678609,2,0.008115866319527165,6,0.0075235238076374646,2
2014-10-02,0.004815824073335892,2,0.005608310827476557,1,0.0074923384265143285,2
2014-10-03,0.009595448384348055,14,0.008261712594345971,7,0.008136049144654019,3
2014-10-06,0.00928769588179935,13,0.008269424376419999,7,0.008223151922818691,3
2014-10-07,0.010575594608047311,17,0.008331694726576891,7,0.008631261193393818,5
2014-10-08,0.014460887195888629,27,0.011767029344202132,17,0.009991826741872737,9
2014-10-09,0.018998009073924862,35,0.013198161375129401,21,0.010839553517398555,12
2014-10-10,0.017238057633041103,32,0.013304406339132676,22,0.010928944245698407,12
2014-10-13,0.017306415739519666,32,0.01334018965558819,22,0.01077956942791401,12
2014-10-14,0.01710161467199386,32,0.013408234347652552,22,0.010789001723350603,12
2014-10-15,0.013630130336055356,25,0.016503839439588996,29,0.012717112929452613,18
2014-10-16,0.01912707632053658,35,0.020375583257515466,36,0.015108471150365855,25
2014-10-17,0.026953702383254424,43,0.02167546061252921,38,0.015821289729673296,27
2014-10-20,0.02937598897057438,45,0.022764433979455316,39,0.016352510712454343,28
2014-10-21,0.03395446207532377,47,0.025347884853024263,41,0.01799549448072102,32
2014-10-22,0.029309778782143667,45,0.023664209106363993,40,0.01790546675960878,32
2014-10-23,0.011921430512011917,20,0.023165766702818277,40,0.018035659586057424,32
2014-10-24,0.011135684901226378,19,0.02325232175526946,40,0.01803422528715976,32
2014-10-27,0.01178800073857664,20,0.023083713856835927,39,0.018053815092284865,32
2014-10-28,0.008145449827631547,10,0.023901231624624788,40,0.018608433988710545,33
2014-10-29,0.006431543960011125,5,0.020258557518888148,36,0.018727191422559804,33
2014-10-30,0.0073000717361833565,7,0.009817505017021897,12,0.018571057964122024,33
2014-10-31,0.007667300489212454,8,0.00906184945876605,9,0.018791541828322583,34
2014-11-03,0.008486478568568004,11,0.00968447477823458,11,0.01857535521254241,33
2014-11-04,0.008296041933370819,10,0.00801095786888212,6,0.018594572076253583,33
2014-11-05,0.010780136486762569,17,0.00865889829066048,8,0.018777501630134485,33
2014-11-06,0.010616791702712269,17,0.008656938566791086,8,0.01819335631206842,32
2014-11-07,0.011431629036465793,19,0.010036569466471308,12,0.017477013006481242,31
2014-11-10,0.011348769819884674,19,0.009979755798997013,12,0.017297666169692236,31
2014-11-11,0.009980332392169593,15,0.008681819446676366,8,0.017097110574922587,30
2014-11-12,0.006556141984994163,5,0.008547424085876882,7,0.01711226594697483,30
2014-11-13,0.006483334076172594,5,0.008810195886016723,8,0.0149154477453489,24
2014-11-14,0.005784535701289381,4,0.008550109054830562,7,0.01015481000178224,9
2014-11-17,0.005545198102942506,3,0.008513813097609057,7,0.00955067378928351,8
2014-11-18,0.0053530337195071,3,0.007967241776968122,6,0.009446011732088658,7
2014-11-19,0.004495228237923875,1,0.006076518801914313,2,0.008178770149137466,3
2014-11-20,0.006812514214228539,6,0.006321202745982924,2,0.008163641227025254,3
2014-11-21,0.005993635257686334,4,0.005568886676167556,1,0.008160819941901293,3
2014-11-24,0.00784718242452927,9,0.006491036919521911,2,0.008295349151741785,4
2014-11-25,0.008692149905668549,12,0.006818888195125924,3,0.008542322791008153,4
2014-11-26,0.006999604067832684,7,0.006505405564626858,2,0.007646731358469658,2
2014-11-28,0.007819152929685337,9,0.006933442347697153,3,0.007764509283025086,2
2014-12-01,0.011293655307077132,19,0.008717658027751983,8,0.008842786713001743,5
2014-12-02,0.010563293694791191,17,0.0093378711211523,10,0.008556043632193236,4
2014-12-03,0.01172690559651837,20,0.009770637253272254,12,0.008730902114076568,5
2014-12-04,0.01178247609728503,20,0.009380341791196768,10,0.008574010924455993,4
2014-12-05,0.015046934699769077,28,0.01167476081870327,17,0.009099069692877078,6
2014-12-08,0.008485796704831608,11,0.011594219265342546,17,0.009031745834763719,6
2014-12-09,0.00916149928177931,13,0.011224896557305476,16,0.008721933093549785,5
2014-12-10,0.02007056700443654,36,0.015504141831491418,26,0.011394075364189713,14
2014-12-11,0.019980678021815617,36,0.015465404890389656,26,0.01138197655741349,14
2014-12-12,0.015281418243609079,28,0.01603997864952689,28,0.011739031771254606,15
2014-12-15,0.01427572827938231,26,0.01565259739488621,27,0.01208593966128433,16
2014-12-16,0.012686508096740039,22,0.015322221112338746,26,0.012081819803686134,16
2014-12-17,0.012892892457421392,23,0.016024233717486243,28,0.012635208636673105,18
2014-12-18,0.01851825061455631,34,0.018173957555599692,33,0.013874766606315285,21
2014-12-19,0.016282336461310606,30,0.01619790392269517,28,0.013731338993308743,21
2014-12-22,0.012871992131415013,23,0.01628836577308455,28,0.013652757387685807,21
2014-12-23,0.011120573715174225,19,0.017938343437091317,32,0.014409211307049832,23
2014-12-24,0.012259432472987532,21,0.01400436913802401,23,0.01423407469478751,23
2014-12-26,0.009345301160890215,13,0.014032877959753175,23,0.014144000412425433,22
2014-12-29,0.009196021653343186,13,0.012500028201074586,19,0.014133544520490222,22
2014-12-30,0.009191693954901327,13,0.010595685705052208,14,0.013990466780050738,22
2014-12-31,0.007215256304025304,7,0.011804597579827122,17,0.013739596244149574,21
2015-01-02,0.007497780208410273,8,0.011983712248221751,18,0.013795552484780862,21
2015-01-05,0.01351448674717149,24,0.01341570572214152,22,0.015236246936870836,25
2015-01-06,0.017646959220303533,33,0.017954891819386094,32,0.01741550378575082,31
2015-01-07,0.01996093595100805,36,0.018546262813035237,33,0.016678667741600626,29
2015-01-08,0.026623543966224347,43,0.018754041893638898,34,0.017619553878365727,31
2015-01-09,0.02775286433309586,44,0.019742796468425083,35,0.01834450723944554,33
2015-01-12,0.026161146682102652,43,0.019630442188913615,35,0.017379954429797922,31
2015-01-13,0.01992046484371836,36,0.01936868117303031,35,0.017354743236214443,31
2015-01-14,0.01876468521671888,34,0.01872815718171309,34,0.017363858912663503,31
2015-01-15,0.007490797399293782,8,0.018722843847597277,34,0.01725350081542876,30
2015-01-16,0.012973485623971796,23,0.020667915769443296,36,0.01771616402142868,31
2015-01-20,0.012499589123328884,22,0.019427267521442894,35,0.017365737562670062,31
2015-01-21,0.016654504476437616,31,0.0177744771260597,32,0.016994525159078615,30
2015-01-22,0.021453863058572466,38,0.019213000620546636,34,0.018038564353923786,32
2015-01-23,0.021745311018327648,39,0.016469754288941527,29,0.01799231901446216,32
2015-01-26,0.021565177852513162,38,0.016842146006643865,30,0.01753985832057182,31
2015-01-27,0.02185842818340467,39,0.01680723296136773,29,0.017556753935669706,31
2015-01-28,0.02037977482436746,37,0.0179645766773656,32,0.017902996279007575,32
2015-01-29,0.01817375633558514,33,0.018768830980920904,34,0.018476067631359266,33
2015-01-30,0.01777532347416877,33,0.01872498970371891,34,0.018278738622519216,33
2015-02-02,0.023741770865916983,41,0.021464510742479882,37,0.020349847956598978,35
2015-02-03,0.023645892798309764,41,0.022264570230366463,38,0.02115559591934756,36
2015-02-04,0.016039972905905333,30,0.019304317718686854,34,0.020420610860420095,35
2015-02-05,0.01607230862630286,30,0.018778503773896046,34,0.01887765593945376,34
2015-02-06,0.010352634153835673,16,0.017917479117974932,32,0.018971931870676733,34
2015-02-09,0.010148776781544615,16,0.018057444311744397,32,0.01826179787265536,32
2015-02-10,0.008416915980098983,11,0.01673332296074094,29,0.01733703346344376,31
2015-02-11,0.00961892423485648,14,0.01319893384138646,21,0.017008089804796418,30
2015-02-12,0.011658926791004534,20,0.013765129880924064,23,0.017529280106059315,31
2015-02-13,0.010777253676761876,17,0.012350619911905692,19,0.017034196063547533,30
2015-02-17,0.00968991124901296,14,0.009474067512368034,10,0.016839908473002853,29
2015-02-18,0.015111037113635581,28,0.011689126461400344,17,0.01727260066382661,31
2015-02-19,0.014653648971297029,27,0.01168606578372743,17,0.016964812985185353,30
2015-02-20,0.011828051054618722,20,0.011257751032730943,16,0.015180684027260437,25
2015-02-23,0.012195736152312484,21,0.011011405698875458,15,0.014825134318243557,24
2015-02-24,0.011187450196230091,19,0.010718791115090996,14,0.014302201919397649,23
2015-02-25,0.005637510996473741,3,0.010752364292040406,14,0.014131283975226571,22
2015-02-26,0.0055826940137846965,3,0.010508077285349589,13,0.013483970326603643,20
2015-02-27,0.004314732468596941,1,0.008491128353115173,7,0.011834862416480777,15
2015-03-02,0.0045384705454091885,1,0.008733292623081123,8,0.011694652706674202,15
2015-03-03,0.004391936965931438,1,0.00806901537601254,6,0.011317886569090945,13
2015-03-04,0.006908474730519058,6,0.006342920852733265,2,0.00992528125244802,9
2015-03-05,0.006851852581756172,6,0.006227016503161168,2,0.009128033076314934,6
2015-03-06,0.007543901170206464,8,0.005831281634097345,1,0.009162795781359576,7
2015-03-09,0.0065524545944968355,5,0.005504254385218091,1,0.008713491356707957,5
2015-03-10,0.010987997127444034,18,0.008365901020162587,7,0.009525465194582685,8
2015-03-11,0.010364992065620566,16,0.008339179624527458,7,0.009466403717547943,7
2015-03-12,0.01219101585707643,21,0.00932946828448061,10,0.00975215356659966,8
2015-03-13,0.011639077965558478,20,0.009576904641333189,11,0.009914245159780772,9
2015-03-16,0.012931891512131722,23,0.009706587450156807,11,0.008892066295329045,6
2015-03-17,0.00826788833624596,10,0.009715200351462514,11,0.008856629870756439,5
2015-03-18,0.007930102472455427,9,0.009114384574499312,9,0.008499583138742876,4
2015-03-19,0.006158877851033371,5,0.009109036321226139,9,0.007480313522657993,2
2015-03-20,0.006681353753762831,6,0.009880699000634974,12,0.007978635911346671,3
2015-03-23,0.008374324947032519,11,0.010361718343817272,13,0.00800090460106228,3
2015-03-24,0.008825901756809132,12,0.008173869233114339,6,0.008018604327776867,3
2015-03-25,0.011961885771847643,21,0.01026198023101841,13,0.00889273841456277,6
2015-03-26,0.014818713898685183,27,0.010713424266372869,14,0.009552066894730784,8
2015-03-27,0.012456368942995547,22,0.010806362179094494,14,0.009712328895757027,8
2015-03-30,0.01353836244975194,24,0.010712358057896268,14,0.009890075053189963,8
2015-03-31,0.01406841660562102,26,0.011162124800929686,15,0.009936590392440216,9
2015-04-01,0.011097058790624633,18,0.011280084038847967,16,0.009997078387978869,9
2015-04-02,0.008523223337136081,11,0.011396925931787464,16,0.009808348269006987,8
2015-04-06,0.007161131292307537,7,0.010194347917648736,13,0.009796318830404225,8
2015-04-07,0.008029671546599691,10,0.010674171786998228,14,0.009986059583636206,9
2015-04-08,0.005765263003428786,4,0.010623688965253477,14,0.010019807930722133,9
2015-04-09,0.005881236172030724,4,0.008432432257150867,7,0.009073611694189297,6
2015-04-10,0.007582486287623553,8,0.0076698913860893435,5,0.009223954056528356,7
2015-04-13,0.008271222524978162,10,0.007347191547722501,4,0.009051611025529167,6
2015-04-14,0.008248608185928822,10,0.007862272463170434,5,0.009158369083183326,7
2015-04-15,0.009155500366611004,13,0.0072811880754299315,4,0.009134614822825736,6
2015-04-16,0.009219375190492545,13,0.0073773482085042,4,0.009224969195850813,7
2015-04-17,0.012750804015619654,23,0.00995903228237587,12,0.01016431956896859,9
2015-04-20,0.01209907617850974,21,0.010077430511079932,12,0.010226642021886957,9
2015-04-21,0.015004674658950952,28,0.011861868470249863,18,0.010962026621110104,12
2015-04-22,0.016143096258984822,30,0.012685930160695412,20,0.01137065900652286,14
2015-04-23,0.016604386634503716,31,0.012799992377806903,20,0.011295439942052886,13
2015-04-24,0.012888458902864533,23,0.012828421870093816,20,0.010537438953145972,11
2015-04-27,0.012850023993812697,23,0.012719154272998539,20,0.010169336269337203,9
2015-04-28,0.009954048939613921,15,0.01200414936025933,18,0.009967653513853566,9
2015-04-29,0.008586507983068075,11,0.012274652305360576,19,0.010176528668596396,9
2015-04-30,0.008855544542625906,12,0.012566287698392412,19,0.009817585483245753,8
2015-05-01,0.0068492950779471175,6,0.009732400961418567,11,0.010018091863931338,9
2015-05-04,0.006887565247336069,6,0.009734270401116287,11,0.010121408186185399,9
2015-05-05,0.0087656090701815,12,0.008861063571359828,8,0.010244226089343896,9
2015-05-06,0.010190850143181683,16,0.009024417109434588,9,0.010594646292837776,11
2015-05-07,0.010547194632332115,17,0.00934103787998928,10,0.010670179049661211,11
2015-05-08,0.01047942865663411,16,0.009198168964396633,9,0.010856866747988508,12
2015-05-11,0.00955342891440282,14,0.009193364968623738,9,0.010609825076134971,11
2015-05-12,0.009406475616327611,14,0.00913206655520257,9,0.01059366460434741,11
2015-05-13,0.007951438945051119,9,0.008805502083010246,8,0.01027923832040137,10
2015-05-14,0.005371201254240828,3,0.008632431852016722,8,0.010244328137381794,9
2015-05-15,0.009189121717779485,13,0.00933830824694363,10,0.01083100541423479,12
2015-05-18,0.009505401476492018,14,0.009135353770540311,9,0.009615505339767526,8
2015-05-19,0.01210555482611161,21,0.01089075280712745,14,0.010269838341922894,10
2015-05-20,0.01726944568280068,32,0.012836275807544378,20,0.011067354423388532,13
2015-05-21,0.016876114634637316,31,0.012515775566963656,19,0.010535790638514852,11
2015-05-22,0.015629180535925834,29,0.012086962986189758,18,0.010490189943463573,10
2015-05-26,0.015353934750108014,29,0.012134011283431695,18,0.01034112018461707,10
2015-05-27,0.011895354195232778,20,0.012394139156980951,19,0.01043361701890945,10
2015-05-28,0.005116244005590999,2,0.012025813949060922,18,0.01035290331754614,10
2015-05-29,0.009708222041370103,15,0.012985195800176543,21,0.010793113367981548,12
2015-06-01,0.009699409214132718,15,0.012651871191819321,20,0.01093553503197629,12
2015-06-02,0.012197485573540308,21,0.013073023168595061,21,0.01094696135165904,12
2015-06-03,0.013010647090430798,23,0.011844471322461988,17,0.011093369369176683,13
2015-06-04,0.013908515126559377,25,0.010054699831358333,12,0.011334885739911246,13
2015-06-05,0.015328272990389755,28,0.012831473723195092,20,0.012184044850657704,16
2015-06-08,0.013960716023338983,26,0.012886474616266609,20,0.01206145351840627,16
2015-06-09,0.013756459541462344,25,0.012911828330859673,21,0.011968266853832303,16
2015-06-10,0.013937202261157022,25,0.013280735771378999,21,0.012252669458865861,16
2015-06-11,0.012381710919382284,22,0.013561861466022649,22,0.012357468609833942,17
2015-06-12,0.00834433734243245,10,0.011726679396838588,17,0.012214627932932383,16
2015-06-15,0.008270371524888008,10,0.011023566350670252,15,0.012176900007456535,16
2015-06-16,0.007658167939394235,8,0.01075295747102197,14,0.011749561519435864,15
2015-06-17,0.006391828169406536,5,0.01152127851049932,16,0.012080620436054483,16
2015-06-18,0.007741555498074731,9,0.010663405918702048,14,0.011369044486036541,14
2015-06-19,0.00791690932649751,9,0.00800834280414001,6,0.010163241146090983,9
2015-06-22,0.015268738468114537,28,0.011600321222755668,17,0.011698724813607585,15
2015-06-23,0.015292477411827245,28,0.011459844743712158,16,0.011698154632801418,15
2015-06-24,0.014101689161606118,26,0.011245533008933118,16,0.011826650622620376,15
2015-06-25,0.014685937885911732,27,0.011178605867164427,15,0.011834451328162946,15
2015-06-26,0.014989096562885749,28,0.011448100147329401,16,0.011963230601887488,16
2015-06-29,0.009960352149619068,15,0.013930647408428422,23,0.01263437125786429,18
2015-06-30,0.010128179992925153,15,0.013902207033853623,23,0.012433755431187205,17
2015-07-01,0.014611168909339917,27,0.014316266916321678,24,0.01258380355953396,17
2015-07-02,0.014902774781347002,27,0.01444963933173226,24,0.01258462082558335,17
2015-07-06,0.015206377415871606,28,0.014450771363748068,24,0.012282865303571446,17
2015-07-07,0.011700775638224985,20,0.011058142634059015,15,0.011523787650430576,14
2015-07-08,0.012490350826502189,22,0.01100202785682479,15,0.011807442133995184,15
2015-07-09,0.010474122666110584,16,0.011998268066200838,18,0.011834963479180385,15
2015-07-10,0.011959938079247764,20,0.012926093447635678,21,0.011666221245999584,15
2015-07-13,0.012690730333450312,22,0.013323735801777061,22,0.011802540160683201,15
2015-07-14,0.00970819497425014,15,0.010408173576646852,13,0.01181433951502462,15
2015-07-15,0.003638990732232828,0,0.010469387259852954,13,0.011873092423652162,15
2015-07-16,0.00365840230817933,0,0.00945777234750005,10,0.01188043759458599,16
2015-07-17,0.007588186775318752,8,0.009537110455607388,11,0.011782292882021098,15
2015-07-20,0.007119196795853686,7,0.009712277358279732,11,0.011751432273319208,15
2015-07-21,0.008308043242752264,10,0.0085236409522756,7,0.011930994405546128,16
2015-07-22,0.008226705659303555,10,0.006467294155487946,2,0.010243507313525945,9
2015-07-23,0.010937466529365576,18,0.0085538030095145,7,0.010624452285271046,11
2015-07-24,0.010306884177438412,16,0.008605816851189716,8,0.010613903583284585,11
2015-07-27,0.010974530677041188,18,0.009248496570293935,10,0.010949793549495646,12
2015-07-28,0.00826191556367862,10,0.009249640172101892,10,0.010905660942753269,12
2015-07-29,0.010404732456828825,16,0.009698041247933335,11,0.009692739794401776,8
2015-07-30,0.009292742954318646,13,0.009580093920012033,11,0.00967896094124277,8
2015-07-31,0.008814708482538224,12,0.009050493079644588,9,0.00912321361980361,6
2015-08-03,0.005033767342239893,2,0.00868435107877985,8,0.008841706059725504,5
2015-08-04,0.005105773077751847,2,0.007810639255105146,5,0.008854574141532165,5
2015-08-05,0.004717726421767696,2,0.008398480934958857,7,0.008411542558633628,4
2015-08-06,0.005913725324489667,4,0.00742992671038527,4,0.007999446570577093,3
2015-08-07,0.00600445369487244,4,0.00714376170387311,4,0.007883830614349982,3
2015-08-10,0.013153653676295032,24,0.009607613740790345,11,0.009471298857616519,7
2015-08-11,0.019206691707031077,35,0.013301863505362074,22,0.010949099969411041,12
2015-08-12,0.020855628542976474,37,0.01493541958904592,25,0.01206001850632129,16
2015-08-13,0.02178071656611557,39,0.01521441217940651,26,0.012125069271036062,16
2015-08-14,0.022962551349457537,40,0.015828025715511916,27,0.012449363526763995,17
2015-08-17,0.017634192766285566,33,0.01582929289013206,27,0.012235723842980287,16
2015-08-18,0.01384162097958388,25,0.015783668161812772,27,0.01213498146018572,16
2015-08-19,0.007905970113887037,9,0.015637965374057816,27,0.011952106321284982,16
2015-08-20,0.014215849239528771,26,0.017339665960453707,31,0.013003056868480679,19
2015-08-21,0.01531217389656624,28,0.019546047301233934,35,0.014348500087777992,23
2015-08-24,0.022416919955925395,39,0.021431380401679093,37,0.01842480040328326,33
2015-08-25,0.017513624402609673,32,0.02141769645390873,37,0.018811620739253913,34
2015-08-26,0.04107416822955042,50,0.029831382609256656,45,0.022746581411908336,38
2015-08-27,0.047463304869586435,51,0.03303274426854621,47,0.024449651758080344,40
2015-08-28,0.04485459728549863,50,0.03257829724531977,46,0.02444635041367205,40
2015-08-31,0.03178125422558621,46,0.032525831752230415,46,0.024444445410865996,40
2015-09-01,0.03729449648074785,49,0.034325399321292124,47,0.025887477773593418,41
2015-09-02,0.02926395376061643,45,0.03508225483326776,48,0.026109326318391884,41
2015-09-03,0.02175933694934487,39,0.03480890299909197,47,0.026092292712898698,41
2015-09-04,0.021865059979658694,39,0.03367336836129143,47,0.026189232500957303,41
2015-09-08,0.02793482315412246,44,0.029160270556450655,45,0.027286480295254354,43
2015-09-09,0.017682088819719034,33,0.027584490162840737,43,0.026431734236860148,42
2015-09-10,0.01725615864575979,32,0.022694042583614786,39,0.026083009658580153,41
2015-09-11,0.0172390687174593,32,0.018884866398638567,34,0.025669122480578815,41
2015-09-14,0.014389394487650151,27,0.01892214478053067,34,0.0256072165055682,41
2015-09-15,0.0064909042263527,5,0.019189934690640127,34,0.0255306809114792,41
2015-09-16,0.0038506062835513585,1,0.012097084919137833,18,0.025552219990977863,41
2015-09-17,0.018049917181081808,33,0.01722175982138772,30,0.026541127758537675,42
2015-09-18,0.020206712550238964,36,0.018726544964045473,34,0.026941923026335076,42
2015-09-21,0.022294218621756928,39,0.018969119052609687,34,0.02680832493442116,42
2015-09-22,0.020473154307854593,37,0.0161875754235877,28,0.026187051313815317,41
2015-09-23,0.019470451881398253,35,0.016180153605417007,28,0.02305722440899769,38
2015-09-24,0.015688826189074127,29,0.015978391076275807,28,0.022326002001671768,37
2015-09-25,0.015308797159482926,28,0.01813127120397131,33,0.019695898678227373,35
2015-09-28,0.021227205199778987,38,0.02052480780817947,36,0.018976066951194106,34
2015-09-29,0.02043772827860628,37,0.019997967998254082,35,0.01899228483689021,34
2015-09-30,0.021611187501962534,38,0.02086032144078629,37,0.019352735670089785,34
2015-10-01,0.0216255643482012,38,0.018223040395744784,33,0.017138496511719344,30
2015-10-02,0.018990706058988133,35,0.01704947728823993,30,0.01716005585285494,30
2015-10-05,0.014680137377994115,27,0.01827082618272946,33,0.017940342388076465,32
2015-10-06,0.016220995938037785,30,0.0176148742727982,31,0.017784554533816752,32
2015-10-07,0.015202643799682617,28,0.01761528280662728,31,0.01635067332280914,28
2015-10-08,0.015320033946118132,28,0.01766953395339124,31,0.01638233899944026,28
2015-10-09,0.0138127334629948,25,0.016375230720105757,29,0.016400658061072434,28
2015-10-12,0.007474656769943429,8,0.01161371393046951,17,0.016410628148142672,28
2015-10-13,0.007354705694634183,8,0.01212451891653217,18,0.01643430736765207,28
2015-10-14,0.00844036828426486,11,0.0121248125407727,18,0.01639049186766262,28
2015-10-15,0.01667963247016684,31,0.015182354077008102,26,0.017648519338139993,31
2015-10-16,0.016073655021579886,30,0.014202611125925857,24,0.015964956905637113,27
2015-10-19,0.016073638576128643,30,0.011858484057926149,18,0.01495588188237354,25
2015-10-20,0.01623075622228527,30,0.0119081569910248,18,0.014764876484566718,24
2015-10-21,0.020313249034292918,36,0.014729732564764364,25,0.01563928137115788,27
2015-10-22,0.019077839722436346,35,0.016937666022244054,30,0.016546579999097383,29
2015-10-23,0.022109423499671477,39,0.018229802557140608,33,0.01719656626758377,30
2015-10-26,0.022538875287542892,39,0.018462322906111613,33,0.016572572198600796,29
2015-10-27,0.022599425353940703,40,0.018554794140925812,33,0.014889162606196564,24
2015-10-28,0.024683279512284308,42,0.023233625976338775,40,0.018217006680026338,32
2015-10-29,0.026200862966121646,43,0.022456664279150076,39,0.018215098373135005,32
2015-10-30,0.027817157580100945,44,0.023705403362268507,40,0.01889240803559381,34
2015-11-02,0.02956699937491781,45,0.02506876976885627,41,0.01934022753567802,34
2015-11-03,0.02847168415355977,44,0.02470904293093883,41,0.01869415284909046,33
2015-11-04,0.0176105695130795,33,0.022029855508918617,38,0.018559973635381925,33
2015-11-05,0.01869273846334244,34,0.021590861429940787,38,0.018876340753198773,34
2015-11-06,0.016209357245035593,30,0.022893335271898553,39,0.020101722052131513,35
2015-11-09,0.016485106721974428,31,0.022596673010147946,39,0.019961832021914525,35
2015-11-10,0.015553822360175603,29,0.021672478276601757,38,0.020010664019480106,35
2015-11-11,0.017620025782698598,33,0.017627156299370318,31,0.02007007183398506,35
2015-11-12,0.020302963569659573,36,0.018408152330450126,33,0.020182996063441615,35
2015-11-13,0.011929299484863518,20,0.017962886189745363,32,0.02002578593347052,35
2015-11-16,0.01317218166575165,24,0.016120168171889663,28,0.0200139109493352,35
2015-11-17,0.010946245477010109,18,0.016106631190184195,28,0.02001336323346667,35
2015-11-18,0.018375821722457653,34,0.01774848919425876,32,0.020464744235118574,35
2015-11-19,0.01580217473215582,29,0.017161475754025587,30,0.019013174910337747,34
2015-11-20,0.012447734764805235,22,0.013563079793468562,22,0.01875290244371474,33
2015-11-23,0.012491946910307033,22,0.013863205199421708,23,0.018366938662512673,33
2015-11-24,0.012464838982214083,22,0.013429891645989674,22,0.018169249705929605,32
2015-11-25,0.006074425293218725,4,0.01294703301397597,21,0.017881638323061923,32
2015-11-27,0.006292030496502939,5,0.011366776644044474,16,0.014775364953950642,24
2015-11-30,0.003227470838790594,0,0.008623268618345148,8,0.014517562537741783,24
2015-12-01,0.006553639293544585,5,0.009419787711568244,10,0.013672339889761341,21
2015-12-02,0.01066865721825659,17,0.011175874633569225,15,0.013259197459192153,19
2015-12-03,0.012816640801172759,23,0.009523157657811683,11,0.013702404048728807,21
2015-12-04,0.018430718170894915,34,0.013026597387902975,21,0.014786733101463263,24
2015-12-07,0.019996060957219546,36,0.013578120574298152,22,0.014867028033687816,24
2015-12-08,0.0235461824987301,40,0.018112911702832364,33,0.015352015064001544,26
2015-12-09,0.02357123276583676,40,0.01835052608937729,33,0.015584030959754762,26
2015-12-10,0.025816295189854222,42,0.019293641300441967,34,0.01579798854073558,27
2015-12-11,0.018612684657050627,34,0.019674109828164154,35,0.016080385834938805,28
2015-12-14,0.020684187220530226,37,0.01994098530108208,35,0.01577102886302966,27
2015-12-15,0.02119262242788918,38,0.022442317435169768,39,0.01685784842806702,29
2015-12-16,0.01865715345597204,34,0.022705369231692935,39,0.01709015346218155,30
2015-12-17,0.02442452822847889,41,0.023916484900433962,40,0.018204886883410962,32
2015-12-18,0.026628117749066912,43,0.022807472291655008,39,0.018262947745250824,33
2015-12-21,0.02658289184627621,43,0.022997212008386524,39,0.018317430341960074,33
2015-12-22,0.020583497924079514,37,0.020306138638958315,36,0.018407844510749456,33
2015-12-23,0.021803159323052348,39,0.020528732060163146,36,0.01883706124983281,34
2015-12-24,0.017701008384849747,33,0.02010951524715481,36,0.01883317561740146,34
2015-12-28,0.008690646217274571,12,0.018998330954871995,34,0.018848379940773142,34
2015-12-29,0.009072321011465186,13,0.018974858906787996,34,0.01881199576299564,34
2015-12-30,0.011481649242692826,19,0.01605903624211127,28,0.018959241754638374,34
2015-12-31,0.00593885722709548,4,0.01506520071069754,25,0.018560409206171184,33
2016-01-04,0.010997434496302166,18,0.01526937726359349,26,0.0192437540843996,34
2016-01-05,0.01222127897380175,21,0.012899414729538764,20,0.01912359502899609,34
2016-01-06,0.01108516555690431,18,0.013366055137501718,22,0.017977968410992175,32
2016-01-07,0.01422880214910862,26,0.01530197491750767,26,0.018883871784054387,34
2016-01-08,0.013469837082093055,24,0.012302280290157258,19,0.017699516182450515,31
2016-01-11,0.012413360914003097,22,0.011351630773119218,16,0.017655547219415296,31
2016-01-12,0.013290160359271426,24,0.012404917449200479,19,0.017241633279654566,30
2016-01-13,0.021451903428664452,38,0.016901795580954886,30,0.019917683525603087,35
2016-01-14,0.026539523869777218,43,0.02020318531805176,36,0.020436650266345537,35
2016-01-15,0.027834357466839273,44,0.020710111447166096,36,0.01902089165819918,34
2016-01-19,0.027808942437474813,44,0.020302665150880677,36,0.018266938427576842,33
2016-01-20,0.025517546236935237,42,0.01940395979830637,35,0.018061025066733617,32
2016-01-21,0.024582706455351586,41,0.021787020146076756,38,0.01962566890176896,35
2016-01-22,0.02266881152685323,40,0.02371173118609414,40,0.019984044889397524,35
2016-01-25,0.028577840197646913,44,0.02731129312315173,43,0.021986621829261983,37
2016-01-26,0.03387643916073958,47,0.02936714292894848,45,0.02161212171363439,37
2016-01-27,0.036799851402269504,48,0.030038453226062915,45,0.022075387507959857,37
2016-01-28,0.03175721618791933,46,0.028286091496651743,44,0.022550082374511782,38
2016-01-29,0.031930730072464095,46,0.027890361856331078,44,0.02314564325075462,38
2016-02-01,0.007474892410655791,8,0.02709942989094219,43,0.023226152419495875,38
2016-02-02,0.017171142136673784,32,0.02770169145774458,43,0.023430254251511972,39
2016-02-03,0.01608971832180552,30,0.027583942581940225,43,0.023377004931553348,39
2016-02-04,0.016315892209261572,30,0.023810913218626387,40,0.0236835012737186,39
2016-02-05,0.014466009076409533,27,0.02349497234176964,40,0.023670978001862943,39
2016-02-08,0.019053132281725265,35,0.017875903229017335,32,0.023811952342492556,39
2016-02-09,0.017899815337378288,33,0.01705341916552123,30,0.023921363109492444,39
2016-02-10,0.017304536111079172,32,0.01636598847436394,29,0.02391955597101996,39
2016-02-11,0.020532972138273476,37,0.02063402550267843,36,0.025127506343029023,40
2016-02-12,0.04494084873592687,50,0.031476382158960634,46,0.0289125361626539,44
2016-02-16,0.046575336210704706,51,0.03574362481512583,48,0.03083724060050803,46
2016-02-17,0.04756035967777495,51,0.034797621418759764,47,0.030354412970936172,45
2016-02-18,0.04822092207271201,51,0.035250101223820426,48,0.030405216370958808,45
2016-02-19,0.03671893642689341,48,0.0351655545257161,48,0.030304817423545002,45
2016-02-22,0.026570343658019215,43,0.03582376174000982,48,0.029072723133018123,44
2016-02-23,0.02382916710636049,41,0.03603642082049573,48,0.029961274613245315,45
2016-02-24,0.0236803555257708,41,0.036085145530547716,48,0.027067212216186548,42
2016-02-25,0.024035453703508198,41,0.03602552360646208,48,0.027121724881685745,42
2016-02-26,0.026122177821685952,43,0.03088444338465001,46,0.02752427047267383,43
2016-02-29,0.026547813458392727,43,0.026391575397860165,42,0.028102843713627347,43
2016-03-01,0.03205611719539348,46,0.028653817095786814,44,0.030833531692508954,46
2016-03-02,0.030562083148753708,45,0.028551656215659357,44,0.031082865480126703,46
2016-03-03,0.030568267800740595,45,0.02756419367340076,43,0.030611056321480673,45
2016-03-04,0.03047213826582769,45,0.027589179194769723,43,0.030695172170256586,45
2016-03-07,0.02316945987283918,40,0.02760916514469162,43,0.03075775608779677,45
2016-03-08,0.02005445428131187,36,0.025571964995778795,42,0.031174462587640155,46
2016-03-09,0.01843196244213132,34,0.025489169020488273,41,0.029924252697942525,45
2016-03-10,0.016669609910941924,31,0.0254641588520268,41,0.02998383263698659,45
2016-03-11,0.021365893239592513,38,0.026023763880679063,42,0.03018979196334126,45
2016-03-14,0.02147800162857837,38,0.02341700825618488,40,0.027380355416501655,43
2016-03-15,0.01673000983697385,31,0.017416727114140648,31,0.024363574081196365,40
2016-03-16,0.020692726259800183,37,0.01849303971549605,33,0.023202746923765186,38
2016-03-17,0.019814804727089772,36,0.017279932592805504,30,0.022964508412986414,38
2016-03-18,0.016258009254181412,30,0.018002941244847664,32,0.022701412637543734,38
2016-03-21,0.01591410187239383,30,0.017854432352108412,32,0.022736294281130442,38
2016-03-22,0.015482176031431519,29,0.015377049870220297,26,0.0223335520158464,37
2016-03-23,0.01192610546437016,20,0.01593863178720222,28,0.020541525628763744,36
2016-03-24,0.012521928814872452,22,0.015626642350964573,27,0.020625513034673696,36
2016-03-28,0.004712309704874499,2,0.011378581869422732,16,0.02053681602978906,36
2016-03-29,0.00940388471743327,14,0.013171877835254472,21,0.02092051811222839,36
2016-03-30,0.01212857684218372,21,0.013801519794757949,23,0.019795239570479715,35
2016-03-31,0.012206289558041532,21,0.012644524637888607,20,0.01570673001192032,27
2016-04-01,0.013436237394705985,24,0.01251731715719197,19,0.015161012932452483,25
2016-04-04,0.01335055282504213,24,0.009448369886842018,10,0.0143569112768428,23
2016-04-05,0.011884493419808087,20,0.010405577661801835,13,0.014382245605175783,23
2016-04-06,0.010203860626406281,16,0.010591475228456779,14,0.014398209221721296,23
2016-04-07,0.012784509055283423,23,0.011789364112208055,17,0.014230480303454945,23
2016-04-08,0.013887912789114835,25,0.012948943713631263,21,0.014464070711425447,23
2016-04-11,0.01526855456603854,28,0.013521782778361672,22,0.014120630533836352,22
2016-04-12,0.014190158127589746,26,0.012700046371760748,20,0.012414659462012768,17
2016-04-13,0.023943641030880047,41,0.019211759065172737,34,0.016136325088454747,28
2016-04-14,0.015287204973039474,28,0.019057056334898202,34,0.016526245588466135,29
2016-04-15,0.018239186305663468,33,0.019295334892006237,34,0.01579727698811907,27
2016-04-18,0.019157181629399424,35,0.019130444141072938,34,0.015739551142711628,27
2016-04-19,0.019429933096250556,35,0.017762448473975262,32,0.015790950571354077,27
2016-04-20,0.011354966654214314,19,0.01766650591747698,31,0.016049489978785875,27
2016-04-21,0.010617578346135892,17,0.013538877373457658,22,0.01607324049259948,28
2016-04-22,0.008698076839478862,12,0.013818862562064632,23,0.015798197829113906,27
2016-04-25,0.010635983250760315,17,0.014934398232718783,25,0.01575115989288771,27
2016-04-26,0.0077513262351583114,9,0.014928659829773415,25,0.015806361702923856,27
2016-04-27,0.006689211292681028,6,0.009607354871035116,11,0.0145894467519351,24
2016-04-28,0.009386868147025877,14,0.010645509497074926,14,0.015081351131575249,25
2016-04-29,0.009610752409361826,14,0.011320063043139775,16,0.015035698040408337,25
2016-05-02,0.01067899622382936,17,0.011363935900068076,16,0.015044699316487857,25
2016-05-03,0.011583550719800897,20,0.012111826631864588,18,0.016122562449168883,28
2016-05-04,0.013539541750513123,24,0.013357955422099124,22,0.0168140682982476,29
2016-05-05,0.014280901286571319,26,0.012684344179338246,20,0.016866324243405416,29
2016-05-06,0.015047377518826064,28,0.01229309530624508,19,0.01591626802299947,27
2016-05-09,0.011952562927368056,20,0.012302935890954875,19,0.016066935963990083,28
2016-05-10,0.01803876717463649,33,0.01448959057843269,24,0.016627142850643994,29
2016-05-11,0.012515766713976759,22,0.014413665473346628,24,0.01656771791762788,29
2016-05-12,0.012809763695736451,23,0.014204453620632934,24,0.013438211002924043,20
2016-05-13,0.016659055845903818,31,0.015238965211736231,26,0.0136951213409756,21
2016-05-16,0.02085489004129976,37,0.018025218980864326,32,0.014958002147688703,25
2016-05-17,0.01781991326137298,33,0.01690639612681013,30,0.015022622416001273,25
2016-05-18,0.027889599908658847,44,0.02062599269001707,36,0.017420294020083698,31
2016-05-19,0.02813520469387609,44,0.020866597862496346,37,0.017162012897469298,30
2016-05-20,0.022892969513305442,40,0.020836109536648773,37,0.017164511678624938,30
2016-05-23,0.023113144119318592,40,0.020809878524207102,36,0.017197042353785698,30
2016-05-24,0.022011747958781375,39,0.020064030880401696,36,0.01745267464816707,31
2016-05-25,0.014015889126097737,26,0.020822532444068523,37,0.018097292388272783,32
2016-05-26,0.015068447421639994,28,0.021299502090228836,37,0.018285829856699885,33
2016-05-27,0.015526344444680986,29,0.01878532769752144,34,0.018275943208097754,33
2016-05-31,0.013828809302613602,25,0.01798551637876067,32,0.01810768650434286,32
2016-06-01,0.013537675273981592,24,0.017305999969476342,30,0.01811287351405268,32
2016-06-02,0.010822025128499762,17,0.011813036925972763,17,0.01742526472787914,31
2016-06-03,0.016201558279900562,30,0.014816518793023785,25,0.017229133604290837,30
2016-06-06,0.0175688820247621,33,0.015683972021897377,27,0.017535475124576896,31
2016-06-07,0.018729433398659935,34,0.015905359472706306,27,0.017810020511511673,32
2016-06-08,0.018385821865630016,34,0.015704941019439523,27,0.01761611318478902,31
2016-06-09,0.016862703489916624,31,0.014553363959061831,24,0.01747859203805044,31
2016-06-10,0.013775421134280786,25,0.014469315150545276,24,0.017657739375885505,31
2016-06-13,0.004750893314732267,2,0.013970815060903603,23,0.017830705275664143,32
2016-06-14,0.009207301593190767,13,0.01577653004633097,27,0.018126256166815475,32
2016-06-15,0.013627280722895114,25,0.016117172686124778,28,0.017404246999935712,31
2016-06-16,0.013521668403539657,24,0.014529259962725354,24,0.01747426271083685,31
2016-06-17,0.01862016700730578,34,0.015442138731695426,26,0.014874511067960375,24
2016-06-20,0.018827285287187023,34,0.014046319149105778,23,0.014937268559257087,24
2016-06-21,0.011163044214244956,19,0.01393082836381556,23,0.014852565219745298,24
2016-06-22,0.010966010809657582,18,0.013999465419530675,23,0.014720704047085227,24
2016-06-23,0.014803132816962735,27,0.01808026735173674,33,0.016449051035082388,28
2016-06-24,0.045498774691774053,50,0.03283298358738098,46,0.024272895383343467,40
2016-06-27,0.051775199905635325,51,0.038902935744552836,49,0.028395439905063498,44
2016-06-28,0.05529235402469372,52,0.039886551101122346,49,0.028814659213694725,44
2016-06-29,0.0590151262511331,52,0.041109816040703004,50,0.029754175421751877,45
2016-06-30,0.05725482124139439,52,0.0422451185494918,50,0.03044832318000093,45
2016-07-01,0.04253059998444857,50,0.04168484146731582,50,0.03018750544042842,45
2016-07-05,0.030838822413779603,46,0.04299581642617288,50,0.03098222295038165,46
2016-07-06,0.02924926154239736,45,0.04309916874468867,50,0.030519757337950794,45
2016-07-07,0.026021592831946484,42,0.04343005382504062,50,0.03071391621550694,45
2016-07-08,0.02353448801781004,40,0.04170503839456289,50,0.031103288217927336,46
2016-07-11,0.02396441451301562,41,0.03254511058861187,46,0.031172054586719313,46
2016-07-12,0.008748901815182963,12,0.02179833772333725,38,0.031783654636105864,46
2016-07-13,0.009149206747313652,13,0.0213430118155167,37,0.0317073569259589,46
2016-07-14,0.010852402026020176,17,0.021237888408434297,37,0.03168714467350035,46
2016-07-15,0.011994574939964366,21,0.020066919544219915,36,0.031628935330223755,46
2016-07-18,0.015200666789495823,28,0.019835639606673634,35,0.031575923129239625,46
2016-07-19,0.013051425188489407,23,0.01130714230785912,16,0.031320730443452134,46
2016-07-20,0.013386991824688986,24,0.011716540673797165,17,0.031248088801828198,46
2016-07-21,0.004947847792996298,2,0.012782763935497585,20,0.03129112617329979,46
2016-07-22,0.006467805861351225,5,0.012308812888803911,19,0.031354820597611854,46
2016-07-25,0.0059003077566469825,4,0.012451581110486838,19,0.030258552442909828,45
2016-07-26,0.008225994518706026,10,0.010412770088356069,13,0.023648996895069038,39
2016-07-27,0.008165640745163322,10,0.01051797914755516,13,0.016523810541226,29
2016-07-28,0.0072658268712386094,7,0.007571996860474592,5,0.016185229067420516,28
2016-07-29,0.007327477777268571,8,0.007511920048948453,5,0.015341422565645762,26
2016-08-01,0.010294011856267275,16,0.008188288745895717,6,0.014796055535634876,24
2016-08-02,0.010500772709512832,16,0.009086727915555419,9,0.014864476156602649,24
2016-08-03,0.014187784332128903,26,0.010916982035561849,15,0.011191830482218947,13
2016-08-04,0.012983272227234229,23,0.01069890636573842,14,0.01143619436329848,14
2016-08-05,0.021456285179085075,38,0.015116813259211622,26,0.013310202190427733,20
2016-08-08,0.02110582892252151,38,0.01572295437861655,27,0.013489067751132872,20
2016-08-09,0.019385378302301953,35,0.015550825194177711,27,0.013508503604787486,20
2016-08-10,0.020722178380831967,37,0.01677076814060615,29,0.013300494571913634,20
2016-08-11,0.020532495679574176,37,0.01636955529356443,29,0.013338997868033069,20
2016-08-12,0.009043359050329648,13,0.016576744655509307,29,0.0122622557740072,17
2016-08-15,0.013015216616162442,23,0.01684157561840995,30,0.01273436480005767,18
2016-08-16,0.0130706099643062,23,0.01624007118579762,28,0.012635841053372345,18
2016-08-17,0.009473758011446565,14,0.015270184637569887,26,0.012624744175132065,18
2016-08-18,0.009289761775569403,13,0.01502661206205526,25,0.012592207207311143,17
2016-08-19,0.007709287045155024,8,0.009431588822824332,10,0.012394278704848655,17
2016-08-22,0.002879671228136536,0,0.008907755968450282,9,0.012325683070431099,17
2016-08-23,0.003990054961282801,1,0.009124923806912865,9,0.012431766364023166,17
2016-08-24,0.003476600151384969,0,0.007267282487193328,4,0.012278554429942131,17
2016-08-25,0.004826799029992227,2,0.007209906885341402,4,0.012313130127426958,17
2016-08-26,0.005332538903045258,3,0.0065897405043682895,2,0.012020464746999242,16
2016-08-29,0.005808937052877593,4,0.0043236117342159205,0,0.012051962719429692,16
2016-08-30,0.007567165580853173,8,0.006364087425984082,2,0.012143476665453514,16
2016-08-31,0.006461958911431711,5,0.006432931802367667,2,0.011740838769785728,15
2016-09-01,0.008743110640972995,12,0.007062776417488162,3,0.01129148300203121,13
2016-09-02,0.008762553692731722,12,0.007034632467700021,3,0.01116177902725566,13
2016-09-06,0.011015339053003899,18,0.008329884271771284,7,0.008462813772530173,4
2016-09-07,0.007465429072670343,8,0.008210228140450663,6,0.008296754175426085,4
2016-09-08,0.008186904013391528,10,0.007968408930064461,6,0.00834438618690993,4
2016-09-09,0.009163146403383744,13,0.008953036994549638,9,0.007824029432503639,3
2016-09-12,0.011439038525145594,19,0.009736990931035045,11,0.008161934152286495,3
2016-09-13,0.009177251326382623,13,0.009677898080490004,11,0.007905577118799143,3
2016-09-14,0.009163127172687467,13,0.008288061429075589,7,0.0072103931205808785,1
2016-09-15,0.009380535724519534,14,0.008583512681917522,8,0.007258486904615448,1
2016-09-16,0.007034642909664771,7,0.00839694202930573,7,0.007363731482835555,2
2016-09-19,0.005560140508192867,3,0.008624374687225616,8,0.007480073317307117,2
2016-09-20,0.005561790674886338,3,0.007161032518658575,4,0.0074804240971042,2
2016-09-21,0.005294344255591415,2,0.007055362665399828,3,0.007493553748972438,2
2016-09-22,0.004592060227301643,1,0.007004552504014753,3,0.00727905618659158,1
2016-09-23,0.0029552771791909547,0,0.00510523270467052,0,0.007137238771863922,1
2016-09-26,0.011576570573819578,20,0.009079419146952705,9,0.008983908049268857,6
2016-09-27,0.01329037293520128,24,0.00975981432891595,12,0.009259603609273226,7
2016-09-28,0.0136453601402598,25,0.01017597162181663,13,0.009528391548368076,8
2016-09-29,0.014347150835243266,27,0.01086928271146802,14,0.009437952888649072,7
2016-09-30,0.015473432207098042,29,0.011480836273711569,16,0.009718524764768512,8
2016-10-03,0.01216703043117561,21,0.0112004869962062,15,0.009699459370347737,8
2016-10-04,0.010515257247041972,17,0.011425282807324293,16,0.009753180928468545,8
2016-10-05,0.011717817621712293,20,0.012161804313567675,18,0.009673637403288159,8
2016-10-06,0.007664299766970756,8,0.01212145035177826,18,0.009600519671565392,8
2016-10-07,0.007381221644989411,8,0.01194693594977862,18,0.009588967582847576,8
2016-10-10,0.006370912093076997,5,0.009426937464538817,10,0.009217818148660212,7
2016-10-11,0.009668175234641911,14,0.009561851256627295,11,0.009386795262769863,7
2016-10-12,0.005907388068950774,4,0.009228616404932997,10,0.009392078818222058,7
2016-10-13,0.01307088914208024,23,0.012724447910509711,20,0.011458473605407854,14
2016-10-14,0.014029655937797392,26,0.012037879734610197,18,0.011289345523914892,13
2016-10-17,0.013262381139066672,24,0.012286705454250054,19,0.011468396313234801,14
2016-10-18,0.01719634202804487,32,0.013344690913638806,22,0.011843082769594553,15
2016-10-19,0.02431140097332713,41,0.01691015586336734,30,0.014029186559467468,22
2016-10-20,0.017330191692358055,32,0.01871901869201264,34,0.014992736669750805,25
2016-10-21,0.01668425009667874,31,0.018803264016030243,34,0.015096376698149633,25
2016-10-24,0.011403562151542696,19,0.01877903118145006,34,0.01508160096126662,25
2016-10-25,0.014193197025825357,26,0.01789926532814918,32,0.014154034494368289,22
2016-10-26,0.010364014413525274,16,0.018288415372027803,33,0.014417879137099026,23
2016-10-27,0.007194312103470306,7,0.012811200724418898,20,0.014227699163477846,23
2016-10-28,0.010355538030182548,16,0.014147421700130936,24,0.013958843389124707,22
2016-10-31,0.010452852241456267,16,0.012351573926134339,19,0.013877237451745645,21
2016-11-01,0.009988836200818989,15,0.012416027812187145,19,0.013743754511041407,21
2016-11-02,0.008884039325309238,12,0.0109160131434663,15,0.014063040490008744,22
2016-11-03,0.008472571392903127,11,0.009468449834640852,10,0.014078688470074933,22
2016-11-04,0.008504495826012096,11,0.009766133568608603,12,0.014296365666029277,23
2016-11-07,0.018424691277793396,34,0.014199866604797783,24,0.015812476433971694,27
2016-11-08,0.01914940838745576,35,0.01486822472397991,25,0.016104231048638503,28
2016-11-09,0.032420646618029986,47,0.023411823491865113,40,0.019990809278085685,35
2016-11-10,0.030972897103883092,46,0.02508790914718486,41,0.02086114304786841,36
2016-11-11,0.025699537453783013,42,0.025051829242807917,41,0.019472863853362242,35
2016-11-14,0.02570475997474767,42,0.025699784988038824,42,0.019976653090379742,35
2016-11-15,0.015954931609524024,30,0.025396674797571885,41,0.01927991765033362,34
2016-11-16,0.027150253574420604,43,0.02828339486579763,44,0.021445049343041405,36
2016-11-17,0.025602734920666833,42,0.027045903842532262,43,0.021007585931486075,36
2016-11-18,0.02385372095339873,41,0.02550123237409561,42,0.02076506769939453,36
2016-11-21,0.020203673248802765,36,0.025357015086638658,41,0.020776108622676426,36
2016-11-22,0.019667648140107036,36,0.023478741540804208,40,0.020747037074680112,36
2016-11-23,0.006205841916398738,5,0.018817035511593326,34,0.02060910468591003,36
2016-11-25,0.0066769559794424135,6,0.018208712404055114,33,0.020808416878604005,36
2016-11-28,0.016243235568759132,30,0.02028021167616835,36,0.022423110550749737,37
2016-11-29,0.015620903455810534,29,0.017565389920349218,31,0.022146342853081976,37
2016-11-30,0.01951722105441226,35,0.018627653497738133,34,0.022447524553836428,37
2016-12-01,0.020890288060043206,37,0.015388529647795078,26,0.022475997845445947,37
2016-12-02,0.02312932785941012,40,0.016497306959954983,29,0.02303544346603134,38
2016-12-05,0.017384741820660566,32,0.016398209379360755,29,0.02266259975307394,38
2016-12-06,0.017154121488348644,32,0.01648577075862407,29,0.022222231549432328,37
2016-12-07,0.014335166904502322,26,0.016348538979873952,29,0.02164529893228699,37
2016-12-08,0.014346590064638792,27,0.016960114776443155,30,0.021148541413988416,36
2016-12-09,0.00700475738334607,7,0.01684540887407386,30,0.018057943535299558,32
2016-12-12,0.011580024321282752,20,0.013972701816600033,23,0.017510531407665415,31
2016-12-13,0.011521644343550486,20,0.013933717629704093,23,0.016548729328693782,29
2016-12-14,0.011238687672233684,19,0.012165314631637869,18,0.015236827310013195,25
2016-12-15,0.009784820899673452,15,0.011650134616523965,17,0.0150648704861918,25
2016-12-16,0.012248351287096016,21,0.010360257344416451,13,0.013705147787214737,21
2016-12-19,0.011775621412416112,20,0.01104770245052244,15,0.013411555390784584,20
2016-12-20,0.01370242190700618,25,0.012146679914738518,18,0.013867813497996028,21
2016-12-21,0.014633559360534922,27,0.012406719022918082,19,0.013945154734123654,22
2016-12-22,0.014715551170477417,27,0.011807358652534678,17,0.0138809325539171,21
2016-12-23,0.011080939560215998,18,0.011636791699495662,17,0.013863937954620008,21
2016-12-27,0.009737690913089719,15,0.010209950438892576,13,0.013734353374924829,21
2016-12-28,0.008426925210373139,11,0.012311316472574652,19,0.012610493020946374,17
2016-12-29,0.010931744288181292,18,0.01392121995766117,23,0.0135606735142633,20
2016-12-30,0.013100379079911153,24,0.013768971935465748,23,0.012671350585230076,18
2017-01-03,0.013208599846361321,24,0.01288647381737929,20,0.012243984643902736,16
2017-01-04,0.015418679831770908,29,0.012598079491994355,20,0.011437208532849968,14
2017-01-05,0.01847002340293804,34,0.013538574458619433,22,0.01324006951002013,19
2017-01-06,0.016981588620624533,32,0.014131928079193156,24,0.013234809609641534,19
2017-01-09,0.01647608347230105,31,0.014135888091177511,24,0.013159020826895332,19
2017-01-10,0.017474448198021283,32,0.014820310400467104,25,0.012919563056411936,18
2017-01-11,0.01587771110046291,30,0.014754870040162536,25,0.012893771106714035,18
2017-01-12,0.007894773201147738,9,0.013821876772532715,23,0.012633835644498303,18
2017-01-13,0.009296833066902278,13,0.012948676712300865,21,0.012870055437367254,18
2017-01-17,0.02434623360361096,41,0.019701429285795716,35,0.01641704727889646,28
2017-01-18,0.024335981801734116,41,0.020186887860998804,36,0.0164457116479653,28
2017-01-19,0.024256739595828844,41,0.019559545243686093,35,0.016377785718804005,28
2017-01-20,0.025826756423922487,42,0.018319755096138927,33,0.016167084789148627,28
2017-01-23,0.024855814219958028,42,0.018282465252356384,33,0.01552731466763618,26
2017-01-24,0.010183238688637667,16,0.018314888073171817,33,0.015576052320805299,26
2017-01-25,0.010205989810696224,16,0.01831998606423894,33,0.015847682918738434,27
2017-01-26,0.0032766973088532237,0,0.01848927034152124,33,0.015943558857460363,27
2017-01-27,0.009636249925599524,14,0.01885079719091022,34,0.016129115113672175,28
2017-01-30,0.012476875721388855,22,0.018684321103057296,34,0.016035696152699248,27
2017-01-31,0.012478408961042227,22,0.011556730331284142,17,0.015601947594719843,26
2017-02-01,0.010735613906234964,17,0.011046473085556893,15,0.015505795069591103,26
2017-02-02,0.008325796217820328,10,0.010866963193576497,14,0.015630701600619884,26
2017-02-03,0.015647968122125384,29,0.012564636105633272,19,0.01616815602462642,28
2017-02-06,0.013806533436830134,25,0.012635089912094144,20,0.015072430252844346,25
2017-02-07,0.014112113915671298,26,0.013056395862881298,21,0.015110017918346541,25
2017-02-08,0.017991616156823497,33,0.014026087400610013,23,0.015850939711328855,27
2017-02-09,0.017904856501865508,33,0.01427968738185575,24,0.015790991296653397,27
2017-02-10,0.015709048441344978,29,0.014809851102190469,25,0.016136506576795488,28
2017-02-13,0.015656155097960357,29,0.014029200281173021,23,0.016210181887331834,28
2017-02-14,0.019197828118419823,35,0.016099402864832406,28,0.01727250585149702,31
2017-02-15,0.011023124982209713,18,0.016182857181237343,28,0.013558564971858056,20
2017-02-16,0.012139884932304413,21,0.015209446364991098,26,0.013412253492840205,20
2017-02-17,0.013244870083283754,24,0.014286522005537155,24,0.013000363488957268,19
2017-02-21,0.013539492996256338,24,0.014187440390177145,24,0.012849831531633165,18
2017-02-22,0.0018669894269274607,0,0.013597517293596692,22,0.012823988777662082,18
2017-02-23,0.0018388862069435904,0,0.01022251675967683,13,0.012831314205989238,18
2017-02-24,0.002380130398379149,0,0.01070349704691997,14,0.01270447821915951,18
2017-02-27,0.005525240679646695,3,0.010350161189049554,13,0.0127547942779682,18
2017-02-28,0.005896844461175912,4,0.010539041977254972,13,0.012433123892373518,17
2017-03-01,0.02235964097236026,39,0.01577182441636401,27,0.015422020860080909,26
2017-03-02,0.030092566512998443,45,0.020159980295799396,36,0.017476891091842153,31
2017-03-03,0.029778274920782895,45,0.02017882271541497,36,0.01746946269757378,31
2017-03-06,0.030267757843437083,45,0.020512001727897324,36,0.017442950703217122,31
2017-03-07,0.0303332159636988,45,0.020604866227051627,36,0.016964102622833144,30
2017-03-08,0.015259551564409134,28,0.020593121273343656,36,0.01688118810268689,29
2017-03-09,0.006526614891947041,5,0.020642041609328678,36,0.016691242401136952,29
2017-03-10,0.0070147402404667205,7,0.02094513161820225,37,0.016058065147689527,28
2017-03-13,0.006444688267746536,5,0.020759362536915484,36,0.01609330262470736,28
2017-03-14,0.006604984243167225,6,0.020825979140605907,37,0.015963783454630634,27
2017-03-15,0.006575784181485501,5,0.011182150339380864,15,0.01604737202206151,27
2017-03-16,0.00793868213401666,9,0.007228235175945279,4,0.014572681852336775,24
2017-03-17,0.007807135237694332,9,0.007021009715435609,3,0.014719067989437668,24
2017-03-20,0.007774949395962954,9,0.00678255412996208,3,0.014723993050210236,24
2017-03-21,0.020878133545519397,37,0.015419498318869655,26,0.017854537803933493,32
2017-03-22,0.021485220228065625,38,0.015256659754035297,26,0.017812462676771473,32
2017-03-23,0.021790082807728414,39,0.01576734845919945,27,0.01805675048881727,32
2017-03-24,0.021921338634867518,39,0.015746823347577148,27,0.01804954030456894,32
2017-03-27,0.021912207890629233,39,0.015757596675609397,27,0.018053269574029317,32
2017-03-28,0.01186124310870984,20,0.018259222179890445,33,0.018653015989696233,33
2017-03-29,0.012648569853719972,22,0.018177063049825103,33,0.01867204219254185,33
2017-03-30,0.017237269348211754,32,0.020678037911277893,36,0.01622470063911981,28
2017-03-31,0.018473102618748845,34,0.02075081726859634,36,0.01483398647495815,24
2017-04-03,0.018193088658759207,33,0.02073091446704165,36,0.0147290887360865,24
2017-04-04,0.01586105916783263,29,0.01323488945027506,21,0.01472663036734382,24
2017-04-05,0.017736696285929318,33,0.01459092744344577,25,0.0150321738349372,25
2017-04-06,0.011616657123557876,20,0.014764401209519419,25,0.015392157044331911,26
2017-04-07,0.010784520136458028,17,0.014762614233427531,25,0.015285762249496163,26
2017-04-10,0.011055751885998104,18,0.014879081609736772,25,0.015215898314316528,25
2017-04-11,0.010502204388807475,16,0.013094509596842116,21,0.015198939674044159,25
2017-04-12,0.009614423081383184,14,0.013582237671580082,22,0.015353538931618135,26
2017-04-13,0.0051594588018492845,2,0.009019744524972135,9,0.015511189867436331,26
2017-04-17,0.014504924282612776,27,0.012087132965225207,18,0.016195189578388974,28
2017-04-18,0.015342343161186493,28,0.012676041190652597,20,0.0163323945896861,28
2017-04-19,0.016741018927740076,31,0.01319600118370883,21,0.016553237871002647,29
2017-04-20,0.021087994590365845,38,0.016292367820760073,28,0.014687421690129673,24
2017-04-21,0.020296686668599746,36,0.016306788479061952,28,0.014966629163949061,25
2017-04-24,0.0221861688473749,39,0.018868162750121372,34,0.016166150348616556,28
2017-04-25,0.021325774551985865,38,0.01915867804541124,34,0.01634970197731425,28
2017-04-26,0.02178830054521184,39,0.01909002085067335,34,0.01628334691549304,28
2017-04-27,0.018075002789180953,33,0.018934460015773508,34,0.015855259817246486,27
2017-04-28,0.017517954596892378,32,0.018282585948562288,33,0.015878582438733625,27
2017-05-01,0.011543319487110605,20,0.0178233139594379,32,0.014942458589698749,24
2017-05-02,0.01166985629075826,20,0.017546168351173657,31,0.014960985490589182,25
2017-05-03,0.013532043075757736,24,0.01765315546110848,31,0.015183398258433482,25
2017-05-04,0.012476780926244671,22,0.014828702599563807,25,0.015285917155315477,26
2017-05-05,0.011607684924551574,20,0.014208396985244502,24,0.01481280054634179,24
2017-05-08,0.009910429115780264,15,0.010547879375697544,13,0.014648076071174403,24
2017-05-09,0.0069144790518154125,6,0.00986711087149169,12,0.014600349832325433,24
2017-05-10,0.00699061285507524,7,0.01017462619844701,13,0.014601963462588366,24
2017-05-11,0.005626171992739783,3,0.0096487320287185,11,0.014666600607576364,24
2017-05-12,0.006616081825848859,6,0.009914761947186511,12,0.014530597041551473,24
2017-05-15,0.012701760870726787,22,0.010906703953137685,15,0.014665280218129488,24
2017-05-16,0.013844997748891363,25,0.01040410472445186,13,0.01423066969262642,23
2017-05-17,0.024962271630069612,42,0.017572184677143925,31,0.017087299670054464,30
2017-05-18,0.02522351065779367,42,0.017238259964597744,30,0.016980309588684614,30
2017-05-19,0.02626547172137974,43,0.018300733858465323,33,0.015858369253595312,27
2017-05-22,0.024623130556006356,41,0.018473187774139883,33,0.015759861804714368,27
2017-05-23,0.02515196806274984,42,0.019158788714873524,34,0.014700769491344114,24
2017-05-24,0.010619506001662019,17,0.019267461752530163,34,0.01462396420980162,24
2017-05-25,0.010863681364077782,18,0.01909880921964809,34,0.014623492370168177,24
2017-05-26,0.01076006118820011,17,0.018923191985737556,34,0.01447890150749586,23
2017-05-30,0.010331972005396104,16,0.017809338895572648,32,0.014471346744717256,23
2017-05-31,0.004700753047121014,2,0.01747292723798607,31,0.014257278119194082,23
2017-06-01,0.00996225682572181,15,0.010929355935748961,15,0.014329159088354224,23
2017-06-02,0.011115505344286115,19,0.012215452407054642,18,0.014461198867207476,23
2017-06-05,0.011770119848455418,20,0.010993874529288192,15,0.014331412655028132,23
2017-06-06,0.011550525970006687,20,0.010339815169927437,13,0.014325418420594803,23
2017-06-07,0.011618381120064308,20,0.009713354847344261,11,0.01450972270469224,23
2017-06-08,0.01349338174957838,24,0.01165254947729378,17,0.01520446188993726,25
2017-06-09,0.013239621280503152,24,0.015141142049793463,26,0.0165064322821602,29
2017-06-12,0.012822500928981536,23,0.014640419263071889,25,0.016407428297056822,28
2017-06-13,0.010498032791835255,16,0.01396409765597047,23,0.016150096160693097,28
2017-06-14,0.010579222158559661,17,0.012444576878017038,19,0.015751237566036656,27
2017-06-15,0.012593433467574485,22,0.012813811601734526,20,0.015670147239098133,27
2017-06-16,0.005418093153922523,3,0.010545990896030784,13,0.01158664775318746,14
2017-06-19,0.005379853786313799,3,0.01045359822023745,13,0.01158385432450183,14
2017-06-20,0.0054733970122151955,3,0.010213507966158731,13,0.011308130138269454,13
2017-06-21,0.004250059950410652,1,0.011126670584000005,15,0.011397621153350499,14
2017-06-22,0.005684733337196494,3,0.011177213305105675,15,0.011306904674532436,13
2017-06-23,0.00899786987993653,13,0.008661431966359462,8,0.011877855218038625,15
2017-06-26,0.009564187477488786,14,0.008783160198284247,8,0.011949056728377207,16
2017-06-27,0.012244856919603309,21,0.009394304319109757,10,0.011944222935145027,16
2017-06-28,0.014767195260452708,27,0.010319437368195601,13,0.012086165264545208,16
2017-06-29,0.01599636819234625,30,0.01249897435935637,19,0.012267821921368507,17
2017-06-30,0.010156220188931857,16,0.012650349346712013,20,0.012277874782725129,17
2017-07-03,0.010594497889613622,17,0.013834798558661737,23,0.011846136189065725,15
2017-07-05,0.011332021195945207,19,0.013738294701306246,23,0.011831400494193256,15
2017-07-06,0.012971718684929377,23,0.013569747610779576,22,0.011876855835751411,15
2017-07-07,0.009898266034400745,15,0.012737336914350412,20,0.011854566023832435,15
2017-07-10,0.010106691405072397,15,0.010321125305134784,13,0.01159975409399374,15
2017-07-11,0.004364561503800776,1,0.011037797677954698,15,0.010093355129858782,9
2017-07-12,0.002614058957085691,0,0.011154033749219873,15,0.01012954939340367,9
2017-07-13,0.005235764886534014,2,0.010425118287705896,13,0.010158762255564871,9
2017-07-14,0.005815058556054452,4,0.008319809788647875,7,0.01019874439722815,9
2017-07-17,0.0061911119486644135,5,0.008220973780794779,6,0.010145294282397731,9
2017-07-18,0.008052236714910259,10,0.0061171142904793184,2,0.010612747428502036,11
2017-07-19,0.008099736758477201,10,0.00570918189123793,1,0.010576618358317538,11
2017-07-20,0.007044838857244529,7,0.006388548674376107,2,0.010918536902428727,12
2017-07-21,0.016219375122537183,30,0.011668951471359592,17,0.012295633965695012,17
2017-07-24,0.016691097629324768,31,0.012012459852304858,18,0.012125505386301987,16
2017-07-25,0.014378562341810928,27,0.01192372633426465,18,0.011088416216164658,13
2017-07-26,0.017293654461751993,32,0.013046059883477384,21,0.01181505735939053,15
2017-07-27,0.015558948492143586,29,0.012846557934876815,20,0.011690442538764254,15
2017-07-28,0.010487363737939126,16,0.012881631150197843,20,0.011376690331414427,14
2017-07-31,0.011028070069797252,18,0.013336921894042546,22,0.010603447016676546,11
2017-08-01,0.011265578901563556,19,0.01231295004064796,19,0.01063410211300994,11
2017-08-02,0.005694670755357305,3,0.012230960470594406,18,0.009815905100752382,8
2017-08-03,0.005926065268808438,4,0.011104299488120865,15,0.009809483570036076,8
2017-08-04,0.006125209719976654,5,0.0084281674098746,7,0.00995867037517732,9
2017-08-07,0.006766689234328593,6,0.008628212897844656,8,0.010070145978575,9
2017-08-08,0.008801587934185956,12,0.009560009418976681,11,0.01043598364165039,10
2017-08-09,0.011215868812811752,19,0.00871763785985416,8,0.010710785851818236,11
2017-08-10,0.017469582375019242,32,0.01328554875846656,22,0.01250412325000861,17
2017-08-11,0.015621450032237217,29,0.013374632228516098,22,0.012628659786021719,18
2017-08-14,0.02064517663357355,37,0.01471328912100567,25,0.013369873719371613,20
2017-08-15,0.020066745467802995,36,0.015057672006001836,25,0.01360327734818547,20
2017-08-16,0.019713378199446432,36,0.015233902336734021,26,0.013342363598152922,20
2017-08-17,0.01761694301613952,33,0.01661479783587216,29,0.01426448395541902,23
2017-08-18,0.01681375279904529,31,0.016131096601902897,28,0.013954232762606718,22
2017-08-21,0.012553310104204624,22,0.01611764143717876,28,0.01272479024735216,18
2017-08-22,0.013520066444763603,24,0.01613100697168884,28,0.013016414373247282,19
2017-08-23,0.013331253135513131,24,0.01586736252169501,27,0.012953758940574938,19
2017-08-24,0.008079870337829852,10,0.013215816008431693,21,0.01259439698271729,17
2017-08-25,0.009557204714779381,14,0.012900570472428537,20,0.012702279412369965,18
2017-08-28,0.009286856749818335,13,0.010943281961671261,15,0.012589218575763138,17
2017-08-29,0.008071387165806165,10,0.010497989375809992,13,0.012590111318390803,17
2017-08-30,0.008269866263331444,10,0.010463272533612159,13,0.012435612200537677,17
2017-08-31,0.005139892144438532,2,0.008241976133235764,6,0.012475967810359307,17
2017-09-01,0.008708933557685029,12,0.0089449430990669,9,0.012750455323750519,18
2017-09-05,0.013064556782134652,23,0.01167859386102178,17,0.01338943517018801,20
2017-09-06,0.012672541628576086,22,0.010030352986992952,12,0.013374387519192664,20
2017-09-07,0.016962908958924452,32,0.013263711442867943,21,0.014129512100876608,22
2017-09-08,0.018352927498395556,34,0.01277222848885908,20,0.014185858393073618,23
2017-09-11,0.022230832303458913,39,0.016012529369399998,28,0.014246554993232656,23
2017-09-12,0.021567805379729285,38,0.017498405590593943,31,0.01471362644476779,24
2017-09-13,0.021464472433206323,38,0.017168952762347433,30,0.013930460037199754,22
2017-09-14,0.010296691881389613,16,0.017167530503288946,30,0.01359444374974,20
2017-09-15,0.010007228157011489,15,0.017154927013209465,30,0.013665838809349688,21
2017-09-18,0.007386491452787557,8,0.017318382283156953,31,0.013102290480787508,19
2017-09-19,0.00548499125661865,3,0.015011805225968712,25,0.01329432319541267,20
2017-09-20,0.0053952452197174846,3,0.014875532061462955,25,0.013296459106366995,20
2017-09-21,0.003291521614449287,0,0.007242601711976621,4,0.012954574575909206,19
2017-09-22,0.008602874029854853,11,0.009213101773140353,9,0.013131425740729815,19
2017-09-25,0.00887457404770301,12,0.00852062864249212,7,0.013094423490976845,19
2017-09-26,0.008293904732591407,10,0.007337694966395617,4,0.013111497456404577,19
2017-09-27,0.008776101823397513,12,0.007581070749901423,5,0.013220836648296859,19
2017-09-28,0.008877550508856365,12,0.007829700917970674,5,0.012868082435693005,18
2017-09-29,0.009033868249007268,13,0.00833407986145767,7,0.013115360484624429,19
2017-10-02,0.00836152832949297,11,0.008314671181455595,7,0.013035045365036593,19
2017-10-03,0.008185156322920231,10,0.007856652688726857,5,0.012922768090085284,18
2017-10-04,0.007683120188222945,8,0.007795045010823187,5,0.011564711324048316,14
2017-10-05,0.009267657946426984,13,0.008832901679820176,8,0.011761163998854761,15
2017-10-06,0.007701981760525681,8,0.008111335821271685,6,0.008652337873424848,5
2017-10-09,0.007419986777170822,8,0.00767377868419294,5,0.008825005152731439,5
2017-10-10,0.008296337709100429,10,0.00776997596465006,5,0.007850608132466094,3
2017-10-11,0.008779258748200217,12,0.007870322819978532,5,0.0074907828351165546,2
2017-10-12,0.006277564507933371,5,0.007921227223253812,5,0.0076513062817086105,2
2017-10-13,0.00639842855202512,5,0.006796877434845312,3,0.007732684744630888,2
2017-10-16,0.00822314319172543,10,0.0073843967635179196,4,0.007857412608385007,3
2017-10-17,0.00905771149160325,13,0.00894065359097514,9,0.008369888743417354,4
2017-10-18,0.009359205092644582,13,0.008886005973181477,8,0.008089326080424283,3
2017-10-19,0.00993978360260368,15,0.007874220117062963,5,0.008050259931447706,3
2017-10-20,0.01052356791670478,17,0.008587239415669787,8,0.008305547163528083,4
2017-10-23,0.010366188459683888,16,0.008846168373015906,8,0.008173511652076667,3
2017-10-24,0.00647029743191115,5,0.00844187964667616,7,0.007995325343336772,3
2017-10-25,0.00688883288949475,6,0.00817317198047119,6,0.00787269417603324,3
2017-10-26,0.007212341507374768,7,0.008344328515715482,7,0.007814613016802559,3
2017-10-27,0.006425038294449442,5,0.008225664065866617,6,0.007809443356798936,3
2017-10-30,0.005137469436932786,2,0.007941901447661779,5,0.0073937622688164525,2
2017-10-31,0.006008362761373171,4,0.00601846580768365,1,0.007388461303158232,2
2017-11-01,0.0058096017775838915,4,0.006029301853806681,1,0.007388395559146237,2
2017-11-02,0.006083847932020299,4,0.006321022154104347,2,0.007507268357355899,2
2017-11-03,0.006174713142346077,5,0.0061372318526514095,2,0.007107210185082464,1
2017-11-06,0.006187472699504345,5,0.005516299194171471,1,0.007103027852203143,1
2017-11-07,0.01444789655315291,27,0.010779339181097846,14,0.009468234526417768,7
2017-11-08,0.01416720982161378,26,0.010886487112630924,14,0.009276407732136074,7
2017-11-09,0.011504028089863534,20,0.010577616114546969,14,0.00946533936656605,7
2017-11-10,0.011357014742022008,19,0.010233318451212912,13,0.009784015109622606,8
2017-11-13,0.016626518630791468,31,0.012698635631189266,20,0.010650001567717554,11
2017-11-14,0.014560394949732321,27,0.013857491505531248,23,0.010875558462100731,12
2017-11-15,0.014557120402819321,27,0.013874861063735025,23,0.010446068911950934,10
2017-11-16,0.013177477119191233,24,0.013259433831826472,21,0.010428144598102316,10
2017-11-17,0.010551767413929273,17,0.013249381783683789,21,0.010315379306987628,10
2017-11-20,0.00760427842677323,8,0.013254597771777092,21,0.010050542066220388,9
2017-11-21,0.0035959055729359694,0,0.010060337522163643,12,0.009986233993374526,9
2017-11-22,0.002845313639266892,0,0.009919549471160327,12,0.009905025452281363,9
2017-11-24,0.004318165640432265,1,0.009646657139023565,11,0.010039149852163445,9
2017-11-27,0.00595411213719537,4,0.008665916785966848,8,0.00993403872438994,9
2017-11-28,0.014894133386156699,27,0.011199906594141962,15,0.011828389572411706,15
2017-11-29,0.02115805471629244,38,0.016249186673229957,28,0.014854930176105724,24
2017-11-30,0.02051419852547449,37,0.015841731983878192,27,0.01478832679569027,24
2017-12-01,0.01751101305069728,32,0.01567577540930236,27,0.014803946567146427,24
2017-12-04,0.016603923264449667,31,0.015959502491144993,28,0.015297563077902861,26
2017-12-05,0.022603382612555775,40,0.018302045303061364,33,0.015943970505346853,27
2017-12-06,0.014954499065980406,28,0.018550010034955114,33,0.01606667730881358,28
2017-12-07,0.015234464775247585,28,0.018799616079812783,34,0.014749171597612805,24
2017-12-08,0.014801746733880664,27,0.018330041198971074,33,0.014654496063577552,24
2017-12-11,0.006922605950114772,6,0.018597325522642146,33,0.01438279143146643,23
2017-12-12,0.004600427967940812,1,0.016764148983747403,29,0.01390878973790804,22
2017-12-13,0.008030598856357282,10,0.011627567785395022,17,0.014261036782598728,23
2017-12-14,0.008312646707773081,10,0.011778930605084201,17,0.01421550002175372,23
2017-12-15,0.011343953718678598,19,0.012432926029426722,19,0.014288820233656846,23
2017-12-18,0.01361185143452281,25,0.011024920291885792,15,0.014512503455847843,23
2017-12-19,0.013609951226929349,25,0.009737424005077789,11,0.014486102176539815,23
2017-12-20,0.010092346296280466,15,0.009579940839677134,11,0.014569603916462448,24
2017-12-21,0.007709183169881952,8,0.010271827837806374,13,0.014666344805877762,24
2017-12-22,0.008742542555655064,12,0.010347049864189327,13,0.014684205566650921,24
2017-12-26,0.007940864805239365,9,0.010506428182147469,13,0.014592419158440345,24
2017-12-27,0.0077105470471752835,8,0.010439105119626034,13,0.014611445522649015,24
2017-12-28,0.0074486048443757145,8,0.008505277562840825,7,0.013377016163792386,20
2017-12-29,0.00382177283464635,1,0.008622751963533695,8,0.010114121212326393,9
2018-01-02,0.0049235008279350945,2,0.007915802592577273,5,0.010129904846244275,9
2018-01-03,0.0052181143183253325,2,0.006463185198822545,2,0.010063249026563734,9
2018-01-04,0.005627191451979261,3,0.006368484873364866,2,0.008769439870194542,5
2018-01-05,0.005747201650305422,4,0.006275651346019437,2,0.007833834509607058,3
2018-01-08,0.0015450577777804282,0,0.004270304767542292,0,0.007695545833739466,2
2018-01-09,0.007182769731005003,7,0.007180029054712602,4,0.008466233050261852,4
2018-01-10,0.007351692932305621,8,0.007313778020650589,4,0.008679285370143583,5
2018-01-11,0.007140350599996127,7,0.007416004348253125,4,0.008750862229626412,5
2018-01-12,0.007047402019173897,7,0.008036407765367327,6,0.00918617947407105,7
2018-01-16,0.007763529891568573,9,0.00667285061234617,3,0.008112896775586595,3
2018-01-17,0.00646446129504173,5,0.006573208167018125,2,0.007594338574754465,2
2018-01-18,0.009860699782770307,15,0.008363567837505666,7,0.007974821609915902,3
2018-01-19,0.010058944035444979,15,0.008476655431045279,7,0.007715894269536418,2
2018-01-22,0.008428403256610373,11,0.00841665006650225,7,0.007790774048400681,2
2018-01-23,0.008001905215060409,9,0.008109104266344168,6,0.0076335952383157395,2
2018-01-24,0.008870188137650668,12,0.007452314387265306,4,0.00755165691141327,2
2018-01-25,0.01094433711736876,18,0.009823515188561097,12,0.008444843978864514,4
2018-01-26,0.011889499253197794,20,0.01040200482188598,13,0.008644523841153736,5
2018-01-29,0.012564241233931898,22,0.010086448588946067,12,0.00883265227345531,5
2018-01-30,0.012842707243698542,23,0.010235434103473842,13,0.008969303974934884,6
2018-01-31,0.01122348583782064,19,0.010130653189057502,12,0.008437301298006081,4
2018-02-01,0.010704479426639789,17,0.01021492557467441,13,0.008874261389050259,5
2018-02-02,0.012058318821719156,21,0.011797479588621316,17,0.009947613067844434,9
2018-02-05,0.02255418651416066,40,0.018214853336378335,33,0.01431019319530704,23
2018-02-06,0.024141605363622434,41,0.018555719373637453,33,0.01442580719570174,23
2018-02-07,0.025015325390295207,42,0.01834890122430253,33,0.014514837746847774,23
2018-02-08,0.025456322368474085,42,0.021325998695453905,37,0.01658721421141559,29
2018-02-09,0.03207899143114314,46,0.023020934660807575,39,0.01757879559650614,31
2018-02-12,0.024877359186927944,42,0.023337742186323625,40,0.0175692552894267,31
2018-02-13,0.024639373880106095,41,0.023423115273122876,40,0.017271594250391167,31
2018-02-14,0.026899576058688215,43,0.025076467500723912,41,0.018187287179766722,32
2018-02-15,0.013448537372237768,24,0.02442395851276709,41,0.018162575640437294,32
2018-02-16,0.01168954428149316,20,0.023890464767292223,40,0.018005229934025896,32
2018-02-20,0.011832169058364228,20,0.01840320250943716,33,0.017896745015770994,32
2018-02-21,0.011801324067300514,20,0.018329379283181263,33,0.017871761838863333,32
2018-02-22,0.00901988471183488,13,0.019392624327182487,35,0.018280696308988226,33
2018-02-23,0.012726709343191004,23,0.013788750460993548,23,0.01849015890660477,33
2018-02-26,0.012920899540937737,23,0.011745713212336497,17,0.018253810429953336,32
2018-02-27,0.01544601625392172,29,0.013296267483126942,22,0.01828659234397512,33
2018-02-28,0.015179435058426678,28,0.013614896751115328,22,0.018301287437394165,33
2018-03-01,0.013392917128159746,24,0.010808689916818782,14,0.018356974666563924,33
2018-03-02,0.009601720306453053,14,0.010922703812186655,15,0.018367693428935065,33
2018-03-05,0.011116229707858858,19,0.011819707757751199,17,0.018230402322956744,32
2018-03-06,0.009400576681650173,14,0.012102016572446868,18,0.01797767140207344,32
2018-03-07,0.00822901191275863,10,0.0119461725243661,18,0.014883310896131699,24
2018-03-08,0.005914237276142558,4,0.010218570590831606,13,0.01480802997953584,24
2018-03-09,0.0074375969102925404,8,0.009962523018499207,12,0.015018207551250905,25
2018-03-12,0.0070201287861261395,7,0.009656502158429057,11,0.011716427899723365,15
2018-03-13,0.008143556338488473,10,0.00829160804060111,7,0.010590521604395027,11
2018-03-14,0.010722908310933654,17,0.009269147260267134,10,0.011062814460350725,13
2018-03-15,0.010735731340094984,17,0.008738034296580426,8,0.011075330875705001,13
2018-03-16,0.0067878896659725515,6,0.008754835518026242,8,0.009547032437790781,8
2018-03-19,0.0063579331004870515,5,0.007931110730439532,5,0.00956929984704514,8
2018-03-20,0.006254522147942748,5,0.007435545251812525,4,0.009578271726024249,8
2018-03-21,0.003366856726041614,0,0.007494548756212059,4,0.009580982624439034,8
2018-03-22,0.018025071896326315,33,0.014465276017972666,24,0.012817783759557787,18
2018-03-23,0.021100529889598287,38,0.016388231325458726,29,0.01491261158736249,24
2018-03-26,0.031457432748692615,46,0.02155358388563545,37,0.016504181094807755,29
2018-03-27,0.031905919011804625,46,0.022293976980556632,39,0.01699592534381853,30
2018-03-28,0.03249262616293664,47,0.022699411714709995,39,0.016930423303399472,30
2018-03-29,0.029186818981724025,45,0.022990093065991753,39,0.01700011264042995,30
2018-04-02,0.025217522722508393,42,0.023495266231033502,40,0.01771639389122161,31
2018-04-03,0.02026435334530577,36,0.025104728926529235,41,0.018335101145142176,33
2018-04-04,0.01900591712075804,35,0.02672357320979676,42,0.0188235369730233,34
2018-04-05,0.019095068848307136,35,0.02669692934650904,42,0.018687720575929892,33
2018-04-06,0.025684832669858357,42,0.02591944702098154,42,0.019930866557791867,35
2018-04-09,0.02250732480802455,39,0.022603367327491762,39,0.020007759446167464,35
2018-04-10,0.021329839210031728,38,0.019784827013291085,35,0.019836959590576336,35
2018-04-11,0.01792302832124165,33,0.018357658432352052,33,0.019852949688390104,35
2018-04-12,0.022552388812024374,39,0.019890601992483346,35,0.020822348817775463,36
2018-04-13,0.01990292180495857,36,0.021775918138103957,38,0.021361642151341658,36
2018-04-16,0.01981063455873252,36,0.020028195027591053,35,0.021394172354010154,36
2018-04-17,0.019979698793616333,36,0.019806783052130274,35,0.021555286458135457,37
2018-04-18,0.019822082180352682,36,0.0178192453257318,32,0.02155605231228392,37
2018-04-19,0.017573414461170875,33,0.01926342207861266,34,0.022124701847167163,37
2018-04-20,0.013199728538255701,24,0.01593223482495738,28,0.02211552994063545,37
2018-04-23,0.015106371188437646,28,0.016647015576605396,29,0.020842652093386194,36
2018-04-24,0.01794137810450213,33,0.020725543241936414,36,0.020732250067002123,36
2018-04-25,0.01493102603049588,28,0.020105702431958836,36,0.019481167890119142,35
2018-04-26,0.016288503120003905,30,0.019034010426943505,34,0.018510534122472964,33
2018-04-27,0.015576509091566174,29,0.015701667339889806,27,0.018503975301404827,33
2018-04-30,0.021813619410340438,39,0.01788175546141613,32,0.01915562254672597,34
2018-05-01,0.011528738181324126,20,0.015998030672394196,28,0.01809882096545417,32
2018-05-02,0.013063719691238374,23,0.017622885545017265,31,0.018319618210650784,33
2018-05-03,0.012942185551102929,23,0.01812955222380417,33,0.017992876242566923,32
2018-05-04,0.014301911604858976,26,0.018286992021984496,33,0.018142576275433902,32
2018-05-07,0.013262782341979402,24,0.017799026588488483,32,0.01636867921472201,28
2018-05-08,0.013724916299056951,25,0.012005860958525972,18,0.016413052581502354,28
2018-05-09,0.011929083808430845,20,0.012983299535338834,21,0.016597539837394138,29
2018-05-10,0.004368575931062179,1,0.013196454487111063,21,0.016372403049935747,28
2018-05-11,0.005840675396996255,4,0.013070435042014513,21,0.015626305784324505,26
2018-05-14,0.0065554045056711715,5,0.011021447992829317,15,0.014160612350441172,22
2018-05-15,0.006542366888446543,5,0.011127677366212414,15,0.014187367675533491,23
2018-05-16,0.0037554789509486046,1,0.008380082648205642,7,0.013321697565359515,20
2018-05-17,0.0035460420722264762,0,0.0056086375042933385,1,0.013195706027141298,19
2018-05-18,0.011411098985892714,19,0.010206076347065093,13,0.01406247919112346,22
2018-05-21,0.0357239805861119,48,0.02778661968206719,43,0.02286936189052391,38
2018-05-22,0.04133682309234186,50,0.03002369927444134,45,0.023694178431859135,39
2018-05-23,0.04052050827936147,49,0.029584625328322164,45,0.022164827782673733,37
2018-05-24,0.043352784630635896,50,0.030309282193912733,45,0.022493335247047375,37
2018-05-25,0.043160040020899786,50,0.030250163477043596,45,0.022573214804822217,38
2018-05-29,0.02771344766848823,44,0.031149079261795713,46,0.023443200425391993,39
2018-05-30,0.021766638512632094,39,0.031293715575810205,46,0.023420012237432484,39
2018-05-31,0.020472560188878865,37,0.03122081315783602,46,0.023334662019257428,38
2018-06-01,0.01779976080111699,33,0.03154818819055551,46,0.02318359523042786,38
2018-06-04,0.018311980798132108,34,0.031745022096747205,46,0.023131693857252545,38
2018-06-05,0.005053667633032245,2,0.01926327967562685,34,0.022955372672874046,38
2018-06-06,0.00932013984541186,13,0.017616445210571787,31,0.02350165049878547,39
2018-06-07,0.00937975076809299,14,0.0160153265933127,28,0.023391006213927094,39
2018-06-08,0.009377100194508423,14,0.015065939006795263,25,0.023058173306065587,38
2018-06-11,0.01257301860375446,22,0.015034596630699023,25,0.02302281474123384,38
2018-06-12,0.012923299497288834,23,0.009336932424786636,10,0.022999523425760494,38
2018-06-13,0.006603934844781306,6,0.009251190437373389,10,0.022969323223111304,38
2018-06-14,0.007060970806817457,7,0.009967149204221792,12,0.022829829119544006,38
2018-06-15,0.0036332360670125624,0,0.009984237273744775,12,0.02278891744724929,38
2018-06-18,0.003557421419066436,0,0.009581954699203681,11,0.022800455074671846,38
2018-06-19,0.003627088541004872,0,0.009607732106851532,11,0.0224746346358169,37
2018-06-20,0.005500289499876341,3,0.005732346155478435,1,0.014505178027700771,23
2018-06-21,0.003857877482276936,1,0.005690370327513284,1,0.012485492248392589,17
2018-06-22,0.008195774950740201,10,0.006262590334257191,2,0.012173907016216606,16
2018-06-25,0.008065581312223718,10,0.005893161544362165,1,0.011320088336272214,13
2018-06-26,0.009471151731202514,14,0.0068286801594510385,3,0.011454811272396228,14
2018-06-27,0.009409317485537042,14,0.008678993120101565,8,0.01006925570709325,9
2018-06-28,0.00856670347843356,11,0.008631336898347988,8,0.009697783615686266,8
2018-06-29,0.009317959008588006,13,0.008806486782925445,8,0.009690428484198437,8
2018-07-02,0.013725962492786374,25,0.010698131321244768,14,0.010148616007700898,9
2018-07-03,0.01283798045166526,23,0.010675725603077628,14,0.009881166301606088,8
2018-07-05,0.008086095631279568,10,0.010130665093191406,12,0.009867234726676449,8
2018-07-06,0.00873551733230567,12,0.011516673555738108,16,0.008687887739693367,5
2018-07-09,0.013742631990142131,25,0.014629916027308619,25,0.011150350950241812,13
2018-07-10,0.015337529544653833,28,0.014866121236542221,25,0.011049750385314463,13
2018-07-11,0.015106434042621516,28,0.014087858480354596,24,0.010858995924891413,12
2018-07-12,0.015431754476217788,29,0.011897252469337536,18,0.010868143922168786,12
2018-07-13,0.01607565120879965,30,0.012301972920544012,19,0.011005966393205353,13
2018-07-16,0.009335651665603106,13,0.012762313603344143,20,0.011414399459222273,14
2018-07-17,0.009024379970830066,13,0.012213136474692611,18,0.011420950742551159,14
2018-07-18,0.01417752894259942,26,0.013811555409965239,23,0.012769083867161388,18
2018-07-19,0.03427709080774649,47,0.025754373937167282,42,0.0188108987328508,34
2018-07-20,0.03466794284231941,48,0.025539625323311003,42,0.01885295049389803,34
2018-07-23,0.03642842985111024,48,0.025093297730645843,41,0.019817764687792856,35
2018-07-24,0.03651230349605969,48,0.025075080659210706,41,0.019555096956869338,35
2018-07-25,0.03377466171666094,47,0.025050627353635765,41,0.01955623794836306,35
2018-07-26,0.009858862292452069,15,0.025186950322251538,41,0.019404407408150613,35
2018-07-27,0.010859310316012649,18,0.024875605783147875,41,0.018700502825413638,33
2018-07-30,0.005332542211380922,3,0.024691912577251264,41,0.018673629008359706,33
2018-07-31,0.006645987926714051,6,0.02477727578176493,41,0.018728049289851653,33
2018-08-01,0.006503277550916273,5,0.023471054730612076,40,0.018575092186264467,33
2018-08-02,0.006112436845837176,5,0.008266139647039428,7,0.018550029263780483,33
2018-08-03,0.00846097001432586,11,0.009661041136150161,11,0.018704101653865435,33
2018-08-06,0.007863560938405513,9,0.006875686035387273,3,0.018626557343260165,33
2018-08-07,0.0076317786113354906,8,0.006788199042839644,3,0.01755975186435711,31
2018-08-08,0.007768135601353123,9,0.006934646923134553,3,0.017523297758637497,31
2018-08-09,0.007936714175759758,9,0.007475041048272264,4,0.017674084334258065,31
2018-08-10,0.00727338973305082,7,0.007711886764283888,5,0.01768536702242822,31
2018-08-13,0.007516494529873115,8,0.007303898283144943,4,0.01758882009943296,31
2018-08-14,0.011659164838887326,20,0.009292821776788895,10,0.017756587029870315,31
2018-08-15,0.012464939657378077,22,0.01014413295123614,12,0.018072976872383732,32
2018-08-16,0.01661329443353599,31,0.012615838599836943,20,0.017977867423214895,32
2018-08-17,0.016484898226206076,31,0.012293796499221969,19,0.010740984846967202,12
2018-08-20,0.015579376779408672,29,0.012235838143727142,18,0.010716085108467959,11
2018-08-21,0.014339595609160292,26,0.01243457632989395,19,0.00953661576371553,8
2018-08-22,0.012966880937812038,23,0.01280951480339108,20,0.00985614275934472,8
2018-08-23,0.008353609442393087,11,0.012638330441069533,20,0.010071918287886714,9
2018-08-24,0.008229527190006618,10,0.012469840918585851,19,0.009852127442593823,8
2018-08-27,0.009443707392560037,14,0.012477523899014022,19,0.010082244591207299,9
2018-08-28,0.008159812388400243,10,0.011372195938835719,16,0.009928673042319345,9
2018-08-29,0.007255706773714384,7,0.010327588090059686,13,0.009958564198823645,9
2018-08-30,0.007018312387941168,7,0.007294934690707613,4,0.009990827225222003,9
2018-08-31,0.007602008500231758,8,0.007509651930728943,4,0.00989611123447339,8
2018-09-04,0.007829581216232647,9,0.008184149886588197,6,0.009964547611093291,9
2018-09-05,0.007875721319008993,9,0.0076489714475280425,5,0.009908101399046302,9
2018-09-06,0.007811621807254369,9,0.0071468682529831845,4,0.009983495754927784,9
2018-09-07,0.00647484393160204,5,0.006533271403981993,2,0.009843910182713718,8
2018-09-10,0.006275753263686798,5,0.006571923418966852,2,0.009558004954451254,8
2018-09-11,0.00222053284774139,0,0.005569576418544206,1,0.009462932973724318,7
2018-09-12,0.0071671693022217695,7,0.0076329532901914165,5,0.010124414960958956,9
2018-09-13,0.0072100161718429345,7,0.007536833414764118,5,0.009338592602241885,7
2018-09-14,0.00944609247269997,14,0.008013539690851482,6,0.009016446286316504,6
2018-09-17,0.009936514511800556,15,0.008219222968565563,6,0.0075452726934750036,2
2018-09-18,0.010736488190619987,17,0.007340829994946968,4,0.007628082843424518,2
2018-09-19,0.01276421973337251,23,0.011097843532633137,15,0.009257611262490154,7
2018-09-20,0.012014237596935366,21,0.011288920817526199,16,0.009311119512817002,7
2018-09-21,0.014040162757114796,26,0.011795702354388635,17,0.009263236198713547,7
2018-09-24,0.015747035556448574,29,0.012931380409946099,21,0.009750738151238836,8
2018-09-25,0.01573008126277075,29,0.012931343120717356,21,0.00975076399368344,8
2018-09-26,0.011435660980547806,19,0.013016151451898054,21,0.01015087120721549,9
2018-09-27,0.007394536884688111,8,0.01403590401072907,23,0.010718657788855935,11
2018-09-28,0.0091871481953529,13,0.013482070628763275,22,0.01069678636727356,11
2018-10-01,0.008925322740221227,12,0.01328931847595245,22,0.010630128699390543,11
2018-10-02,0.010361661518447056,16,0.013299040101633517,22,0.010614730809923754,11
2018-10-03,0.013816385173203563,25,0.012620154810088971,20,0.01137216887851186,14
2018-10-04,0.009519373699298853,14,0.011930565896130006,18,0.011383529823018736,14
2018-10-05,0.010900616747649826,18,0.011858527632789072,18,0.011428816145028595,14
2018-10-08,0.01112634862584651,19,0.012260434496761083,19,0.011956910948200365,16
2018-10-09,0.012725225939843696,23,0.012416460979703113,19,0.012028278244522806,16
2018-10-10,0.011827719701130232,20,0.012311485883759812,19,0.012526358749356193,17
2018-10-11,0.015047315866395048,28,0.013705167578590577,23,0.013162003299475594,19
2018-10-12,0.015211224165335635,28,0.014177212507891541,24,0.013404629834969737,20
2018-10-15,0.008483134995781313,11,0.014180191686500246,24,0.013126076042139478,19
2018-10-16,0.011941032752783198,20,0.01419313992126306,24,0.01317017588641114,19
2018-10-17,0.013801258647647549,25,0.012218278463676376,18,0.013255928703290227,19
2018-10-18,0.01271443237322616,22,0.013225043908573009,21,0.012492836644691942,17
2018-10-19,0.011846869525331526,20,0.013297113831228394,22,0.0120684485306237,16
2018-10-22,0.018767554816582155,34,0.01389247058613745,23,0.013750865890667022,21
2018-10-23,0.023965850737982148,41,0.018083380727418333,33,0.01516704425560219,25
2018-10-24,0.02650581585343467,43,0.020452924565485055,36,0.016889712465227618,29
2018-10-25,0.03431326084794286,47,0.024427665830375575,41,0.01908186681756228,34
2018-10-26,0.03434556293931424,47,0.024223318905340487,41,0.01883990733000791,34
2018-10-29,0.03101238263938193,46,0.026379503385186565,42,0.02019225677399037,35
2018-10-30,0.02996839413418315,45,0.026483287500729227,42,0.020317326023133346,35
2018-10-31,0.016113243528438428,30,0.026429875628224436,42,0.020319820318949938,35
2018-11-01,0.011839254647505272,20,0.025155749565793667,41,0.019766905078068393,35
2018-11-02,0.010550399269191955,17,0.02514361781594314,41,0.01992861681990054,35
2018-11-05,0.002401914189703294,0,0.020800474565033124,36,0.01997517869224051,35
2018-11-06,0.004330832703943294,1,0.020198465687483718,36,0.020003161835744767,35
2018-11-07,0.00851118092537643,11,0.013266056259679089,21,0.020012053199585614,35
2018-11-08,0.008992540264247032,13,0.010213368168520677,13,0.01964876499156726,35
2018-11-09,0.00879536659228816,12,0.00987349567651254,12,0.018789050092372157,33
2018-11-12,0.0109068835560261,18,0.00817601357697876,6,0.018678598666283845,33
2018-11-13,0.007718935312570109,8,0.008006799835759387,6,0.018620773026662926,33
2018-11-14,0.011737681124547792,20,0.011135176882285025,15,0.019296264806853904,34
2018-11-15,0.015944952777288277,30,0.012558390684537239,19,0.019659726896634738,35
2018-11-16,0.015292151139743013,28,0.012565719447112454,19,0.018992793823548383,34
2018-11-19,0.014731565114261855,27,0.012286710699415863,19,0.0189695182588305,34
2018-11-20,0.015941063074491408,30,0.011960267485776308,18,0.017459339048776345,31
2018-11-21,0.013227880770865726,24,0.011877833914204544,18,0.016793179620055994,29
2018-11-23,0.006442536534666013,5,0.011839719462515661,17,0.013973268694692405,22
2018-11-26,0.013607665327194143,25,0.013746613829429884,23,0.012491419901084136,17
2018-11-27,0.013907264633563732,25,0.01350714526285884,22,0.012664526975811346,18
2018-11-28,0.012288312293967433,21,0.014334536694463468,24,0.011311549574987626,13
2018-11-29,0.011545182238365705,20,0.012370721985624847,19,0.011214065621458687,13
2018-11-30,0.010814228545893924,17,0.01172498249122058,17,0.011542874204264496,14
2018-12-03,0.009361182165620523,13,0.011375639954465324,16,0.011553354253314918,14
2018-12-04,0.03290132009054399,47,0.023941935167126168,40,0.0182947481349928,33
2018-12-06,0.031076040659823532,46,0.023532105447231687,40,0.018161901917572044,32
2018-12-07,0.02994525578640955,45,0.02378764491628852,40,0.0178625429246997,32
2018-12-10,0.02560539214618581,42,0.02497334886587783,41,0.018633464274966274,33
2018-12-11,0.024021806355100137,41,0.02303686457786823,39,0.01864647069605257,33
2018-12-12,0.014403800367060553,27,0.023981757105662967,40,0.018768204766175727,33
2018-12-13,0.015238075516676901,28,0.0231183045244794,40,0.01913497224107869,34
2018-12-14,0.016111850151432728,30,0.022676863307699018,39,0.019467845804076005,35
2018-12-17,0.015715349416976263,29,0.021285162314689233,37,0.019286363869427427,34
2018-12-18,0.01583281180363455,29,0.020737367426559534,36,0.01847117353687484,33
2018-12-19,0.012074851438339442,21,0.01316142022285619,21,0.018923593839777157,34
2018-12-20,0.016415037053063006,31,0.015008544117309291,25,0.019310793507052972,34
2018-12-21,0.014621860161042102,27,0.014995933236283537,25,0.01923928169084199,34
2018-12-24,0.013595687684094164,25,0.013929266934984762,23,0.019300877678359963,34
2018-12-26,0.03157043447509675,46,0.024239967428600684,41,0.023415555436730733,39
2018-12-27,0.02770342395462361,44,0.023733113348260657,40,0.022683078755706694,38
2018-12-28,0.028224132749715927,44,0.022897103252004836,39,0.022682935156773863,38
2018-12-31,0.02665308412896867,43,0.021810081935231942,38,0.022440531427953624,37
2019-01-02,0.024190032662489872,41,0.023664884604538566,40,0.023636567119251668,39
2019-01-03,0.013759046583726358,25,0.023065924042786227,39,0.023224163862814083,38
2019-01-04,0.015494819433307782,29,0.021243716892491573,37,0.024152818753798558,39
2019-01-07,0.01267882346813585,22,0.021247447720413454,37,0.02006023176153268,35
2019-01-08,0.01288960073278888,23,0.019932880211248914,35,0.020111298573374157,35
2019-01-09,0.009914964787277755,15,0.018091110620836827,33,0.019902894489916265,35
2019-01-10,0.010914021299414834,18,0.011711714645506714,17,0.01890552653496516,34
2019-01-11,0.004718750296214871,2,0.011560222449211989,17,0.018761290157862626,33
2019-01-14,0.006492045920952145,5,0.010629921352330523,14,0.018800427648663673,34
2019-01-15,0.006441079459415005,5,0.010730598167352366,14,0.01794717663466764,32
2019-01-16,0.013739347314989367,25,0.011377522920948104,16,0.01788523418264363,32
2019-01-17,0.011496777687105565,20,0.010978169809470672,15,0.017875993570938175,32
2019-01-18,0.011703226030758107,20,0.010736650138072231,14,0.017708813933039472,31
2019-01-22,0.011817130346928849,20,0.011298634336455034,16,0.016185699526743848,28
2019-01-23,0.012755373403180153,23,0.011638606832814646,17,0.01629539536925797,28
2019-01-24,0.010349391720543622,16,0.011476343815472368,16,0.015557262525218597,26
2019-01-25,0.010473224962638346,16,0.010399081428189015,13,0.0144545189353384,23
2019-01-28,0.009323609087894948,13,0.011296187036479595,16,0.011130163776553978,13
2019-01-29,0.005496248363400553,3,0.012742562813585974,20,0.01162477582536389,15
2019-01-30,0.007954952526506623,9,0.014531196830482174,24,0.012152241992577341,16
2019-01-31,0.007098598922592872,7,0.012055476996027978,18,0.012595865271292096,17
2019-02-01,0.006061148684306743,4,0.011991356115466912,18,0.011551555771473666,14
2019-02-04,0.009727862382541865,15,0.010137858293451344,12,0.011518227830836782,14
2019-02-05,0.009751889462822124,15,0.007628129426313147,5,0.011137062852025884,13
2019-02-06,0.008182545828059813,10,0.007648893269335798,5,0.011352458997366567,14
2019-02-07,0.007647376850293167,8,0.00759430083205508,5,0.01134750045157414,14
2019-02-08,0.009333347404580014,13,0.007627877549738904,5,0.01188995046121509,16
2019-02-11,0.008225534190650361,10,0.008492895213198369,7,0.01178355485480051,15
2019-02-12,0.011740643594209272,20,0.010554336361857649,13,0.012172230259870414,16
2019-02-13,0.012677987127985171,22,0.010166370831471878,12,0.012415305309932635,17
2019-02-14,0.013307977365273938,24,0.010267356658415853,13,0.012683455470263724,18
2019-02-15,0.01578835478948065,29,0.013095859077392054,21,0.011950843531487966,16
2019-02-19,0.016097317807827614,30,0.013302777367270969,22,0.012155681263669555,16
2019-02-20,0.015790113652552604,29,0.013378151053119939,22,0.011651918152528501,15
2019-02-21,0.014684593744250482,27,0.013419686497143398,22,0.010926496260367213,12
2019-02-22,0.011960819615811165,21,0.013410262985614386,22,0.01094452482920263,12
2019-02-25,0.009897645546101109,15,0.012456133332193064,19,0.01098624946300323,12
2019-02-26,0.009826626862185703,15,0.01311861216832463,21,0.011095585155269561,13
2019-02-27,0.008841768656325489,12,0.012647989508022994,20,0.011434900424461533,14
2019-02-28,0.009109941136879973,13,0.012333081255127845,19,0.011405050401155614,14
2019-03-01,0.008815682361272243,12,0.011638010120198829,17,0.010912000882577379,12
2019-03-04,0.009094031398423375,13,0.00955095256001202,11,0.010876801075158699,12
2019-03-05,0.008425791552962398,11,0.008629688864671251,8,0.010875122511475457,12
2019-03-06,0.008974040660585544,12,0.009057659826263824,9,0.01171085214330569,15
2019-03-07,0.00896391143573142,12,0.00909824955977392,9,0.011663446130174974,15
2019-03-08,0.00960972879194079,14,0.009044814123740069,9,0.011601608127194346,15
2019-03-11,0.013559558038174196,25,0.010885198828355156,14,0.012051447440843004,16
2019-03-12,0.019670318343427133,36,0.01441318409010042,24,0.013136630249331828,19
2019-03-13,0.01404184690043263,26,0.01392291927280761,23,0.013107783620892956,19
2019-03-14,0.010655211904414477,17,0.01423457665067126,24,0.013005670039173517,19
2019-03-15,0.012295909642898346,21,0.01433680364373403,24,0.012707191802035186,18
2019-03-18,0.01232954514965292,21,0.014375961588582915,24,0.012682336022432737,18
2019-03-19,0.019838959969287924,36,0.018722355381093833,34,0.014106466236073081,22
2019-03-20,0.02900895910718035,44,0.023800129516541854,40,0.01758341665746432,31
2019-03-21,0.026570332679772202,43,0.02637659188045836,42,0.018726757725339913,33
2019-03-22,0.024831101847002972,42,0.027833172253709435,43,0.01980677060913649,35
2019-03-25,0.014866723050946556,27,0.026682686668142844,42,0.019711626968341067,35
2019-03-26,0.028693356895586206,44,0.025720461756086988,42,0.020701394804347687,36
2019-03-27,0.024750278328468232,42,0.025424190381379722,41,0.02069405587539668,36
2019-03-28,0.022676621925551668,40,0.025744795245223332,42,0.020943248338940817,36
2019-03-29,0.014562118514008982,27,0.025644759930001513,42,0.020933041166327424,36
2019-04-01,0.019298469560386916,35,0.029532597636878665,45,0.023112454211808086,38
2019-04-02,0.019730921621348294,36,0.028346474120851946,44,0.023082468559799642,38
2019-04-03,0.019382395085038,35,0.023918490124812945,40,0.023085340233265028,38
2019-04-04,0.019445428963745466,35,0.020738762665322312,36,0.02303064484823738,38
2019-04-05,0.018441309268548232,34,0.016048523814600847,28,0.022966004775093668,38
2019-04-08,0.00853622345816006,11,0.015022094124774722,25,0.023003362873664376,38
2019-04-09,0.012799909075668458,23,0.016267889036022193,28,0.023040935531842638,38
2019-04-10,0.013455135232295754,24,0.016142799569343915,28,0.02217928360935814,37
2019-04-11,0.011316979867972882,19,0.01571062192629893,27,0.02227540188396913,37
2019-04-12,0.015106541773172949,28,0.016051221771166094,28,0.02276854280782661,38
2019-04-15,0.019210924328218592,35,0.014083260906849335,24,0.023108766922164087,38
2019-04-16,0.017614858660649036,33,0.015132610525387826,26,0.023398137541200535,39
2019-04-17,0.01818299642302133,33,0.01521820807424697,26,0.022279146031596395,37
2019-04-18,0.019279728182197666,35,0.014955542756057143,25,0.019377174563492295,35
2019-04-22,0.015140770959523953,28,0.01485258382583192,25,0.01719172911131911,30
2019-04-23,0.015608795625035315,29,0.016892902613974106,30,0.015689516806220685,27
2019-04-24,0.014228974436144666,26,0.015397947752012213,26,0.015466524600435011,26
2019-04-25,0.014227808389799248,26,0.01549690436712312,26,0.015114826732869808,25
2019-04-26,0.012695455647296806,22,0.015444776164723683,26,0.015027639564226683,25
2019-04-29,0.01263817237410404,22,0.014011184075753223,23,0.014855160942518531,24
2019-04-30,0.00579345094917955,4,0.011488653851407717,16,0.014577814429014442,24
2019-05-01,0.008568063321907902,11,0.011147127897124267,15,0.0127469523865586,18
2019-05-02,0.009463008440301646,14,0.011391601066451833,16,0.012792501956818601,18
2019-05-03,0.009469686711505394,14,0.01063667955832753,14,0.012773373647731248,18
2019-05-06,0.00905829991401783,13,0.011225435295973996,16,0.012573726098457265,17
2019-05-07,0.014297050730250175,26,0.011199503012151325,15,0.01400179976294516,22
2019-05-08,0.014409046279187054,27,0.011750832283531026,17,0.014317798469264306,23
2019-05-09,0.012294026946547472,21,0.011859975369874471,18,0.0137124599687717,21
2019-05-10,0.012806535374511378,23,0.01201430895922629,18,0.013620775594270322,21
2019-05-13,0.017668696087967665,33,0.014784427153059568,25,0.015632620647987264,27
2019-05-14,0.0184406506754149,34,0.015556211608430723,27,0.014755933563514503,24
2019-05-15,0.01862973698908501,34,0.01570123301816089,27,0.014461858235788919,23
2019-05-16,0.019427275848984276,35,0.015400463393983307,26,0.013713271523048928,21
2019-05-17,0.018751607425493432,34,0.015154078605201312,26,0.013721891789435984,21
2019-05-20,0.00979579394743235,15,0.015429852839414218,26,0.013652578067593167,21
2019-05-21,0.008477834604820446,11,0.013807503657265333,23,0.013649783656682799,21
2019-05-22,0.004025743644944317,1,0.013373147083989699,22,0.01194710750371179,16
2019-05-23,0.006378231814433381,5,0.013696191822316824,23,0.012177777220821508,16
2019-05-24,0.00763629598822767,8,0.013745096584688348,23,0.012365276318866721,17
2019-05-28,0.0076905690977515815,8,0.008623730562994156,8,0.012305598711123486,17
2019-05-29,0.008668060582337723,12,0.00812347465446476,6,0.012043732764953855,16
2019-05-30,0.01023771129846939,16,0.008002637527623693,6,0.012207412070271257,16
2019-05-31,0.010725101623540397,17,0.00840143048195313,7,0.012338989831715311,17
2019-06-03,0.009514346991800737,14,0.008474261718566294,7,0.011944873205665257,16
2019-06-04,0.0175859532388241,33,0.01300092454637321,21,0.013778587448224702,21
2019-06-05,0.017629701756347427,33,0.01310286720787753,21,0.013774256333945923,21
2019-06-06,0.016323499207775916,30,0.013113698172123125,21,0.01279319379069526,18
2019-06-07,0.015224883987054811,28,0.012865900604520784,20,0.012701777045336099,18
2019-06-10,0.015359014346828634,29,0.012817557392569028,20,0.012800806414652529,18
2019-06-11,0.009894380044895679,15,0.0134750106028099,22,0.01313513798238783,19
2019-06-12,0.010934813011962379,18,0.013830395180026555,23,0.011049302919547924,13
2019-06-13,0.010950442329248357,18,0.013108741734039106,21,0.010797347305203684,12
2019-06-14,0.009333988096273347,13,0.011935580425978918,18,0.010422775902872765,10
2019-06-17,0.0124514060466781,22,0.013330020496740438,22,0.010808457938122856,12
2019-06-18,0.019284924172477305,35,0.01453227127800152,24,0.013134316392132302,19
2019-06-19,0.02160675452471906,38,0.01617526192026778,28,0.013988131447310575,22
2019-06-20,0.021574055924192315,38,0.016129432084306713,28,0.013981979429200191,22
2019-06-21,0.02136816831622474,38,0.015703013537349517,27,0.01398224286741231,22
2019-06-24,0.020123873498254105,36,0.01581224450518443,27,0.013777168281508826,21
2019-06-25,0.009283490385365327,13,0.015078723434640997,25,0.013691493477912625,21
2019-06-26,0.0049591131833919165,2,0.014806806612179486,25,0.013685774674369725,21
2019-06-27,0.004991211832951041,2,0.014770362125873685,25,0.013604137974284492,20
2019-06-28,0.011355201267864474,19,0.016269510496724468,28,0.014062609106493457,22
2019-07-01,0.010414403573473709,16,0.015499119797590992,26,0.013820982750048975,21
2019-07-02,0.016753733018503456,31,0.013884802593567044,23,0.014844359534664528,24
2019-07-03,0.017297289540244697,32,0.012463934012666319,19,0.013853132007822632,21
2019-07-05,0.01707166349585487,32,0.01255530907079634,19,0.013840084166266194,21
2019-07-08,0.01631424541418182,30,0.013328449912162806,22,0.014062804928227528,22
2019-07-09,0.014967255272813526,28,0.012978738174699115,21,0.01385891994798081,21
2019-07-10,0.015109182895524934,28,0.01527514760104146,26,0.014801102819008038,24
2019-07-11,0.015293877394439345,28,0.015765860037095614,27,0.014819243282002539,24
2019-07-12,0.014838081904459155,27,0.015767014976405026,27,0.014575890523588333,24
2019-07-15,0.015473428578003906,29,0.015070144068180474,25,0.014969205728665246,25
2019-07-16,0.014859744078936876,27,0.014122071946705374,24,0.014917164079762917,24
2019-07-17,0.011567483065728586,20,0.012685858262180967,20,0.014658847166949108,24
2019-07-18,0.009635263500988714,14,0.012073796662452172,18,0.012761873524577161,18
2019-07-19,0.009516517198170565,14,0.011760129085971042,17,0.011835760735126807,15
2019-07-22,0.007173879965167281,7,0.011409195719542334,16,0.011895505159127438,16
2019-07-23,0.024173465904464116,41,0.02010437701439782,36,0.016212638687301054,28
2019-07-24,0.02150107950195545,38,0.018143463302879772,33,0.016207507924797745,28
2019-07-25,0.022972093648733517,40,0.018208236407630828,33,0.016208926934761152,28
2019-07-26,0.02256767019524569,40,0.018527459569527633,33,0.01641452004390196,28
2019-07-29,0.023632764381653463,41,0.017992943027110256,32,0.016672634021814577,29
2019-07-30,0.010871176538715997,18,0.017929813459630677,32,0.01615044197861431,28
2019-07-31,0.010119552038977221,15,0.017608665583633592,31,0.016053071254844717,27
2019-08-01,0.022678275672272354,40,0.024070767431973117,40,0.01837183135092791,33
2019-08-02,0.018578760966577994,34,0.024176341179629007,41,0.018188234188627844,32
2019-08-05,0.022947797609483733,40,0.028057140144800638,44,0.0204242013855444,35
2019-08-06,0.02474433326669671,42,0.021499371547902133,37,0.020511823189534602,36
2019-08-07,0.024013034492717994,41,0.020942012716057456,37,0.021129461608994305,36
2019-08-08,0.023892458584069985,41,0.02201134258279391,38,0.02086534375100473,36
2019-08-09,0.0240107299486809,41,0.02026528932062614,36,0.020543290455404758,36
2019-08-12,0.01827939694697044,34,0.020663182773831563,36,0.021040048088535164,36
2019-08-13,0.019120956678606076,35,0.021784793831094766,38,0.021225237572574215,36
2019-08-14,0.021694209795027924,38,0.02284455685437926,39,0.022384523686424466,37
2019-08-15,0.01892286121878931,35,0.02033290769230667,36,0.02240903122920189,37
2019-08-16,0.023298535053744008,40,0.02234309129521069,39,0.022764063590568567,38
2019-08-19,0.022163518390243216,39,0.019378485275582304,35,0.02288216199071705,38
2019-08-20,0.021611663323969216,38,0.019260385892390788,34,0.023159511806888262,38
2019-08-21,0.015484776332434282,29,0.018275278735091823,33,0.01954929649392206,35
2019-08-22,0.014241166220869827,26,0.0180795626104,33,0.019318801864809165,34
2019-08-23,0.01752643030026466,33,0.01951890202952365,35,0.019818425912311522,35
2019-08-26,0.018272413801811077,34,0.019206534190642135,34,0.01964375670997221,35
2019-08-27,0.0161061426995308,30,0.018339865933510634,33,0.019655413496384947,35
2019-08-28,0.018290423355470004,34,0.01599467386443994,28,0.02033686677670825,35
2019-08-29,0.020145694763366452,36,0.016447849306623557,29,0.02122212573592632,36
2019-08-30,0.010344594205572438,16,0.0157702348433456,27,0.019353259584255066,34
2019-09-03,0.01945750207658796,35,0.018128395641031515,33,0.020030832329856144,35
2019-09-04,0.019122470870866454,35,0.016964638072041075,30,0.018018450697019496,32
2019-09-05,0.021850092605050345,39,0.019243821339772975,34,0.019216445019227205,34
2019-09-06,0.020629589494255498,37,0.019226286420804855,34,0.018292734712879774,33
2019-09-09,0.023582851848129163,40,0.017217550994410896,30,0.019181759341050573,34
2019-09-10,0.01314378504715146,24,0.017244306326802537,30,0.01934009348230882,34
2019-09-11,0.016087094223582076,30,0.017273949529492908,30,0.01841812886773505,33
2019-09-12,0.013016285365153807,23,0.016981287709543266,30,0.018303413305348532,33
2019-09-13,0.011989363138649551,21,0.016499468863358072,29,0.01617115630092177,28
2019-09-16,0.007514102374939689,8,0.016513109786005065,29,0.01572169556591883,27
2019-09-17,0.009864008935519978,15,0.013377584915738885,22,0.015920600072638336,27
2019-09-18,0.009160597201567809,13,0.013480865332937483,22,0.015876791410690136,27
2019-09-19,0.010830276681237589,17,0.012454561976176996,19,0.015378842724149416,26
2019-09-20,0.008027783155549341,10,0.012709833901140579,20,0.015500060910118706,26
2019-09-23,0.006550408785258248,5,0.009406048465216902,10,0.0155567849098829,26
2019-09-24,0.006171579634584454,5,0.008615852460895941,8,0.014245859010294504,23
2019-09-25,0.007615012187697403,8,0.009010648710982182,9,0.014126867217395202,22
2019-09-26,0.00710562225901972,7,0.008829722991335382,8,0.014337921538324005,23
2019-09-27,0.007806461422138756,9,0.007500252401283616,4,0.013937122664677403,22
2019-09-30,0.007793159656389382,9,0.006986589662036741,3,0.01338928245638268,20
2019-10-01,0.01602792549603209,30,0.011494662514168455,16,0.015401388659173761,26
2019-10-02,0.014332027511163435,26,0.011651590341561496,17,0.014866342201745937,24
2019-10-03,0.016536108576557136,31,0.01235938489879361,19,0.014807064852727191,24
2019-10-04,0.019727360175987318,36,0.014347974775061268,24,0.013589869212076998,20
2019-10-07,0.0196333967264554,36,0.014377120610078542,24,0.013687794821813643,21
2019-10-08,0.019223684956870418,35,0.0166883365459228,29,0.013551507079438935,20
2019-10-09,0.01881320068213012,34,0.016729359729010174,29,0.013211217600173398,19
2019-10-10,0.021343486358138892,38,0.018845707979430228,34,0.014239990910556008,23
2019-10-11,0.02335467061822177,40,0.02104166326630148,37,0.0153544153580724,26
2019-10-14,0.02256554223551934,40,0.021156402118954788,37,0.015092709748602445,25
2019-10-15,0.008458486975324168,11,0.0183135878048317,33,0.015456347456793477,26
2019-10-16,0.013168151970452895,24,0.01691231248875418,30,0.015356291106873594,26
2019-10-17,0.013410473035005725,24,0.01709029160266667,30,0.015306130544219029,26
2019-10-18,0.008949513831144115,12,0.01667829098265218,29,0.015310854977454297,26
2019-10-21,0.01329301607026329,24,0.01749540622030076,31,0.01631304877300678,28
2019-10-22,0.012887786998508984,23,0.011105103088432175,15,0.016408377147981733,28
2019-10-23,0.0112790911123313,19,0.011706506431128312,17,0.01622959667354864,28
2019-10-24,0.011205471786669917,19,0.01166950837629121,17,0.01619303916442719,28
2019-10-25,0.015098265214312059,28,0.012584550456082403,19,0.017204001228563796,30
2019-10-28,0.013409044154287345,24,0.012651960838668678,20,0.0173555884705638,31
2019-10-29,0.013503058468300565,24,0.01251735724147531,19,0.017289663643241727,31
2019-10-30,0.016160077328680775,30,0.013146710278137737,21,0.015530834008641446,26
2019-10-31,0.0168615042344838,31,0.01352899653974855,22,0.014716491771932953,24
2019-11-01,0.012425496421177271,22,0.01384042306647222,23,0.014908788607928233,24
2019-11-04,0.013358091898296863,24,0.012961811046256965,21,0.014962176933531362,25
2019-11-05,0.0135027478808304,24,0.012941390961898239,21,0.014617332297122403,24
2019-11-06,0.010170675196765209,16,0.012733794485264694,20,0.011663441518515286,15
2019-11-07,0.007228708281732393,7,0.01235492881093667,19,0.011736241101290233,15
2019-11-08,0.006754761526598813,6,0.009573220821890684,11,0.01148105498262128,14
2019-11-11,0.008579692695008679,11,0.010794016525930955,14,0.011610019470001296,15
2019-11-12,0.007118739126356649,7,0.01072941135856165,14,0.011689537611884874,15
2019-11-13,0.0074802142473200306,8,0.01048459894660588,13,0.011951874398087491,16
2019-11-14,0.006811096133079834,6,0.01010398653648372,12,0.011708750854305026,15
2019-11-15,0.009254110031669517,13,0.00924641973164675,10,0.011628653880511005,15
2019-11-18,0.007617585907133263,8,0.007736644389099214,5,0.011889825065387848,16
2019-11-19,0.007692165978163069,8,0.00698716028727137,3,0.010889898700428413,12
2019-11-20,0.006381048625324503,5,0.0068487928278951875,3,0.010866299371253886,12
2019-11-21,0.00638002442194872,5,0.006722181827913994,3,0.010844843935706583,12
2019-11-22,0.006767902332942173,6,0.007851815678227084,5,0.01091335195068302,12
2019-11-25,0.0058484991715048295,4,0.006934025939763835,3,0.009028805621702623,6
2019-11-26,0.006510691545575002,5,0.007040062831766989,3,0.008711327429369918,5
2019-11-27,0.00561532437292894,3,0.006022329163734944,1,0.008633311647221753,5
2019-11-29,0.0063565599977006065,5,0.006175116328491335,2,0.00818575136118262,3
2019-12-02,0.004772070362127972,2,0.005521263809047268,1,0.008022474095838736,3
2019-12-03,0.00868259654638482,12,0.00837388904847452,7,0.008656078428718269,5
2019-12-04,0.010185813842646349,16,0.008678105654117802,8,0.007804800282443116,3
2019-12-05,0.011035006302461703,18,0.00889498867253082,9,0.0076815973033142896,2
2019-12-06,0.012985329694012147,23,0.009713698274076147,11,0.008200391595011004,3
2019-12-09,0.01289621660536797,23,0.009176599406946567,9,0.008174017612166995,3
2019-12-10,0.00475193323186746,2,0.009118738553962476,9,0.008321183522797383,4
2019-12-11,0.006439168227816664,5,0.009118202627576307,9,0.007731228657919372,2
2019-12-12,0.016453542056491702,31,0.014993376528787098,25,0.011254204672157243,13
2019-12-13,0.020309370813082175,36,0.016237975990494126,28,0.01169033589802518,15
2019-12-16,0.020378730621456016,37,0.016203537560791216,28,0.011698603488231695,15
2019-12-17,0.020690945604054507,37,0.014156033024830891,24,0.011811749172593866,15
2019-12-18,0.020716278362033977,37,0.014478416797152656,24,0.011690432065048382,15
2019-12-19,0.010489905772972178,16,0.014907162828992739,25,0.011837125977047903,15
2019-12-20,0.0076084121563325825,8,0.014589090961007032,25,0.011784430369146958,15
2019-12-23,0.008320428098816085,10,0.014862147988321665,25,0.011932373825251556,16
2019-12-24,0.004826145894695509,2,0.014787108046307123,25,0.011761769944737705,15
2019-12-26,0.005729072033100733,4,0.014706000188161436,25,0.011708492878989658,15
2019-12-27,0.005903979533665119,4,0.008128514742764548,6,0.011810876253007668,15
2019-12-30,0.006550056395210076,5,0.007202382775499537,4,0.012114896062772175,16
2019-12-31,0.0076620185755921924,8,0.007585208233379307,5,0.012144562665361241,16
2020-01-02,0.009024242568386985,13,0.006964636384239713,3,0.012241947968409437,16
2020-01-03,0.011776793663818909,20,0.008963965673127352,9,0.012077040896407458,16
2020-01-06,0.011853578909548725,20,0.009070466915733731,9,0.012212224365836065,16
2020-01-07,0.011844385002544373,20,0.009030866575273681,9,0.012411818011753622,17
2020-01-08,0.011063149371822158,18,0.00921671719939103,9,0.012083953628967813,16
2020-01-09,0.0117051669112971,20,0.010253130069645575,13,0.012340464347094491,17
2020-01-10,0.011004213818958846,18,0.010745390512133732,14,0.012726242724576254,18
2020-01-13,0.011232202937427346,19,0.0109621731540805,15,0.012749148588879428,18
2020-01-14,0.010180246303967582,16,0.010610249993688986,14,0.009190671895557792,7
2020-01-15,0.014186197281830295,26,0.011997477769641825,18,0.009860576787835543,8
2020-01-16,0.014603485536761435,27,0.012482601280036932,19,0.01041957997868352,10
2020-01-17,0.013555260611717513,25,0.011710667151479622,17,0.009902450601486758,9
2020-01-21,0.014140977360887392,26,0.012177094838685905,18,0.010228945304224378,9
2020-01-22,0.01603787413716873,30,0.01270376889687857,20,0.01067001014529203,11
2020-01-23,0.010799509791576314,17,0.01265646640708067,20,0.010563861626380802,11
2020-01-24,0.012085003326293177,21,0.012678838458548858,20,0.011036198378161104,13
2020-01-27,0.012021415886441265,21,0.012305289627997337,19,0.011153351387591246,13
2020-01-28,0.013499613843354945,24,0.0132548749004778,21,0.011567167583309189,14
2020-01-29,0.0124386643629126,22,0.013644733257070519,23,0.011750073610558331,15
2020-01-30,0.018902568729014142,34,0.014619026298460479,25,0.013207860055368434,19
2020-01-31,0.02080256593583132,37,0.016050526835344924,28,0.013989224303944428,22
2020-02-03,0.02184555761201265,39,0.01744119943943696,31,0.01456368472473906,24
2020-02-04,0.0224168733264238,39,0.01768386318288819,32,0.014754347220246829,24
2020-02-05,0.021101982189727055,38,0.018847071779845372,34,0.01564029840818977,27
2020-02-06,0.022858147020494584,40,0.019911527875414337,35,0.015908996951290087,27
2020-02-07,0.017814245932084753,33,0.018986531315657067,34,0.015942406360156744,27
2020-02-10,0.016997241186435922,32,0.01845495416088297,33,0.015724873367859445,27
2020-02-11,0.015136235741462823,28,0.018165582584725108,33,0.015374501999105727,26
2020-02-12,0.00878348622545312,12,0.0172863305372169,30,0.015388589792727492,26
2020-02-13,0.005243937133462223,2,0.015679719712978813,27,0.015428750743522032,26
2020-02-14,0.0059241085281955845,4,0.012986402528476857,21,0.01454247323933883,24
2020-02-18,0.008309838789169972,10,0.012793437424639406,20,0.014569705716855869,24
2020-02-19,0.010563995557506554,17,0.012309445163723046,19,0.014867513562802269,24
2020-02-20,0.01078730657582079,17,0.00962666975317509,11,0.014512950145989812,23
2020-02-21,0.012253855523155102,21,0.009131824535996374,9,0.01473047920678013,24
2020-02-24,0.01985253897288317,36,0.014686161859629857,25,0.016824201443085017,29
2020-02-25,0.02547338190317486,42,0.01932239473830147,35,0.0189078448313008,34
2020-02-26,0.02007647187757821,36,0.01897289761467623,34,0.01901321703043822,34
2020-02-27,0.01774020631646879,33,0.022828318249065047,39,0.021735412026102928,37
2020-02-28,0.014617659842590535,27,0.02183042753575426,38,0.02237412859457294,37
2020-03-02,0.0430153154162417,50,0.03198307221792337,46,0.025166796159293674,40
2020-03-03,0.04397255138124191,50,0.03395892658834096,47,0.026640571794299076,42
2020-03-04,0.04934755774812064,51,0.03594179251956687,48,0.02728360014906077,43
2020-03-05,0.05036903403605845,51,0.03741683605307652,48,0.029024055314475106,44
2020-03-06,0.05517012967265307,52,0.0393459562421106,49,0.03009635934482317,45
2020-03-09,0.07333019380066425,53,0.06147623079990438,52,0.04638073365165899,51
2020-03-10,0.09037113322856768,53,0.06814021586034737,52,0.04903982948872557,51
2020-03-11,0.08125656807104219,53,0.06973855969478952,52,0.05082694265093626,51
2020-03-12,0.0824657151045999,53,0.07233463244744176,52,0.053098673780182286,52
2020-03-13,0.1167396225782534,54,0.08685224869651989,53,0.06060117519490797,52
2020-03-16,0.12982131856123275,54,0.0997395592249834,53,0.0735913440459649,52
2020-03-17,0.12303725640682316,54,0.10200442661911342,53,0.07404632542797134,52
2020-03-18,0.1323508990674184,54,0.10359284161528472,53,0.07916346646445492,52
2020-03-19,0.15536244421247705,54,0.11968999838633938,54,0.08585847762579513,53
2020-03-20,0.13703072799062282,54,0.12020439751761462,54,0.08550561325243587,53
2020-03-23,0.10328941686559265,53,0.11153872175713156,53,0.08550073723571489,53
2020-03-24,0.13951003008342228,54,0.1294218469179096,54,0.09832922189431827,53
2020-03-25,0.09889064854333854,53,0.12826817706847207,54,0.09897062514287253,53
2020-03-26,0.10906344939861076,53,0.135246551298644,54,0.10750578437114248,53
2020-03-27,0.10865308128383434,53,0.1314581917901816,54,0.10711451767806772,53
2020-03-30,0.11349049893348599,54,0.11063785850019597,53,0.10791584212183496,53
2020-03-31,0.09823532633732823,53,0.11377603973974063,53,0.10722972442856335,53
2020-04-01,0.10722697944392932,53,0.10353229802524021,53,0.10826588242269729,53
2020-04-02,0.06287012330758666,52,0.09872124632519329,53,0.10923744742580366,53
2020-04-03,0.061520689346258546,52,0.10111713330842771,53,0.10923091586115237,53
2020-04-06,0.1036185869263931,53,0.10727792127754929,53,0.1149487930850505,53
2020-04-07,0.09753869252669907,53,0.0923689811349772,53,0.10872078463441498,53
2020-04-08,0.07537967736963197,53,0.09310932183210421,53,0.10871768160830797,53
2020-04-09,0.07575291650865054,53,0.07909544241086741,53,0.10801069836005449,53
2020-04-13,0.06464770665796533,52,0.07957916940342077,53,0.10556162018237694,53
2020-04-14,0.04016351020973151,49,0.07501678419458065,52,0.10315505110907296,53
2020-04-15,0.061189030183416045,52,0.07728900409050402,52,0.092285476391335,53
2020-04-16,0.057795543873407386,52,0.07302993132043872,52,0.09358440446904297,53
2020-04-17,0.08156886551950165,53,0.08039442989989144,53,0.08842659191489333,53
2020-04-20,0.08132723395385623,53,0.0760771676497022,52,0.08548812609185244,53
2020-04-21,0.08179367736025488,53,0.0627038574929289,52,0.08574057345929728,53
2020-04-22,0.0703263848658326,53,0.062448136689470725,52,0.08411959442721391,53
2020-04-23,0.05756891874344938,52,0.06063443831586154,52,0.07494085882615058,52
2020-04-24,0.018687229689142947,34,0.05651373970789524,52,0.07483507126780371,52
2020-04-27,0.034570860488521135,48,0.06039706968329974,52,0.06711860495592044,52
2020-04-28,0.02515334970758013,42,0.060004683060101704,52,0.06705149448436618,52
2020-04-29,0.02749309795369177,43,0.05200548202637111,52,0.06535092328782736,52
2020-04-30,0.04832077353394085,51,0.05021735389776738,51,0.06464033971351975,52
2020-05-01,0.05809734501335763,52,0.04071371493064544,49,0.06160825235398697,52
2020-05-04,0.04619612606725594,51,0.040967362070572735,50,0.060849214326427314,52
2020-05-05,0.044911449627005856,50,0.04023514825711362,49,0.05903704965348957,52
2020-05-06,0.01961623656888538,36,0.04214315182679594,50,0.05077350149013956,51
2020-05-07,0.031112899766871708,46,0.042838758187998094,50,0.050950014748422645,51
2020-05-08,0.03309759829473393,47,0.04464620299883528,51,0.05060333725353582,51
2020-05-11,0.041268305522998594,50,0.04131815775777404,50,0.049830520061841556,51
2020-05-12,0.04667215617197726,51,0.04318245742816473,50,0.05084301967986507,51
2020-05-13,0.04694858350313577,51,0.03536644198084038,48,0.051350984725702244,51
2020-05-14,0.04879306247424264,51,0.03862948906854651,49,0.04873493157526838,51
2020-05-15,0.038247340185004954,49,0.03646380149083447,48,0.046665618258811506,51
2020-05-18,0.06551216882165029,52,0.0521369630059577,52,0.0445231357049415,51
2020-05-19,0.06428249736415122,52,0.054259628292503526,52,0.045914859888800494,51
2020-05-20,0.059230887851058796,52,0.054215124653094,52,0.04616494886280074,51
2020-05-21,0.06085862645350101,52,0.05373024719928151,52,0.046291250991691936,51
2020-05-22,0.059130043200285066,52,0.05178229874673427,52,0.04612533927108072,51
2020-05-26,0.05220630380670178,51,0.05593494731808864,52,0.04982164685838608,51
2020-05-27,0.04764201340668982,51,0.05608148490848909,52,0.0513754288294078,51
2020-05-28,0.06075063664126334,52,0.05657286667080344,52,0.0523948143143802,51
2020-05-29,0.06530058853523574,52,0.05966496375821741,52,0.05158853635152623,51
2020-06-01,0.06487122140062372,52,0.05861387498129384,52,0.050404769595829145,51
2020-06-02,0.054246547768673235,52,0.050232830462078895,51,0.04899110195402059,51
2020-06-03,0.041762963802088264,50,0.046969623710332586,51,0.05002902737570124,51
2020-06-04,0.03971802525455698,49,0.048406011543562395,51,0.050932166312218176,51
2020-06-05,0.019815623325151896,36,0.04629737323010071,51,0.04988699051911951,51
2020-06-08,0.0180412867724509,33,0.046128615744310354,51,0.0504455256931262,51
2020-06-09,0.037368266957561964,49,0.04579700089790589,51,0.05104751137094561,51
2020-06-10,0.05740433165701817,52,0.047449449196683965,51,0.05246606060521618,51
2020-06-11,0.071737464120822,53,0.06076981754695749,52,0.058285665648813406,52
2020-06-12,0.07604006259455542,53,0.061427322652578005,52,0.057948776681664996,52
2020-06-15,0.07079940304716312,53,0.0617218173983131,52,0.0577926132384894,52
2020-06-16,0.07463033385228784,53,0.061896566333914195,52,0.0574965738041492,52
2020-06-17,0.06894626720937219,53,0.06049639108725603,52,0.054114563124489055,52
2020-06-18,0.02986345057979386,45,0.05669282477780149,52,0.05253116893616561,51
2020-06-19,0.030684594277764578,46,0.05586363762739693,52,0.05323397384305437,52
2020-06-22,0.026568538934119004,43,0.05177208874556536,52,0.052968701702683106,52
2020-06-23,0.021202773983600813,38,0.051837388099736335,52,0.052993088605699776,52
2020-06-24,0.0300311680485418,45,0.050336665312630466,51,0.05157256272359622,51
2020-06-25,0.035889678976962505,48,0.03447267667557823,47,0.04781184173702859,51
2020-06-26,0.048965065795064475,51,0.03988199523005258,49,0.050609656451115585,51
2020-06-29,0.04735575134871526,51,0.037412139603814946,48,0.049982800126047985,51
2020-06-30,0.05193319532995379,51,0.03762739113437082,49,0.05015342850597628,51
2020-07-01,0.0497722595085708,51,0.03875613534629869,49,0.05081267371392651,51
2020-07-02,0.04543346670102989,50,0.038885885402631465,49,0.04900471272035631,51
2020-07-06,0.0275700368282091,44,0.03902154724352834,49,0.0467352186759126,51
2020-07-07,0.033948697808777684,47,0.03962826376195361,49,0.046268901107542726,51
2020-07-08,0.028913618785965996,44,0.03970724326160754,49,0.043935744454070065,50
2020-07-09,0.02823900828261549,44,0.038178211841498666,49,0.04424942793807836,50
2020-07-10,0.042045258456457395,50,0.04228509273549361,50,0.04499845557900382,51
2020-07-13,0.04217306575987603,50,0.03361332348708432,47,0.037532597309126794,48
2020-07-14,0.03933424083341868,49,0.03492429101444638,47,0.03574480315188019,48
2020-07-15,0.0465198420101118,51,0.03859966487649559,49,0.03742841763853594,48
2020-07-16,0.037539974132192615,49,0.035422892131916496,48,0.03673781395783156,48
2020-07-17,0.03425272040968569,47,0.036278747541897256,48,0.03663124187113091,48
2020-07-20,0.03448324974766893,47,0.03632326912668495,48,0.03661370463471639,48
2020-07-21,0.036780270424968266,48,0.03645598631438522,48,0.03787626156482584,48
2020-07-22,0.02788119752162402,44,0.03647112752150542,48,0.03777132218576079,48
2020-07-23,0.027889114513408916,44,0.032480318229548596,46,0.03775113345785503,48
2020-07-24,0.024546867607822806,41,0.028170996883982696,44,0.03576673316697119,48
2020-07-27,0.022240217968797302,39,0.028164398526118614,44,0.03507198857511618,47
2020-07-28,0.006159909205978855,5,0.026008816524938923,42,0.029562431211031723,45
2020-07-29,0.018701863499541657,34,0.0224428733761199,39,0.03058490103093097,45
2020-07-30,0.021054887848087792,38,0.023296624645201873,40,0.030281526309176632,45
2020-07-31,0.021144946067806872,38,0.02175822293533472,38,0.02847049462374967,44
2020-08-03,0.02180839366942252,39,0.02119470435936768,37,0.028643600168507942,44
2020-08-04,0.021798341692419412,39,0.015205819017106117,26,0.02858323646500457,44
2020-08-05,0.014735779562391155,27,0.016327479921481876,29,0.02692288644787127,42
2020-08-06,0.01278952762916747,23,0.016462991601740622,29,0.027005809196129976,42
2020-08-07,0.019796131876987,36,0.019358719575426314,35,0.025590437240363164,41
2020-08-10,0.019122847231901403,35,0.020259890211795983,36,0.023477716160322286,39
2020-08-11,0.014879628903005511,27,0.019807964079951425,35,0.023596876231093574,39
2020-08-12,0.01949264284978393,35,0.018191906605067216,33,0.02237277424760167,37
2020-08-13,0.026001272167710452,42,0.019881207188496817,35,0.020605977327667366,36
2020-08-14,0.022383985918970478,39,0.019926779403784144,35,0.02062818453007079,36
2020-08-17,0.018861981497642472,34,0.0199617340961654,35,0.0201456202787968,35
2020-08-18,0.01641114895398946,31,0.022817651606573633,39,0.021130364429715463,36
2020-08-19,0.0181712394574583,33,0.02210430773752513,38,0.01843977409733367,33
2020-08-20,0.016842123426915698,31,0.022990384258547623,39,0.018993477988268753,34
2020-08-21,0.012711882866255747,22,0.019817385045183582,35,0.019176421742682092,34
2020-08-24,0.030589582552795137,45,0.023964775185547665,40,0.02178291044829806,37
2020-08-25,0.025983047195690823,42,0.022978864312391833,39,0.02175095625499651,37
2020-08-26,0.028505375166270486,44,0.023496032118969997,40,0.022187094680607904,37
2020-08-27,0.02819539635097754,44,0.02455639074324995,41,0.021688455987052,37
2020-08-28,0.025470057070298417,42,0.024463201014220247,41,0.021322473445838663,36
2020-08-31,0.02205208829198007,39,0.025207877990230793,41,0.021956710663293157,37
2020-09-01,0.021955997557624167,39,0.022826172371634812,39,0.021792970172330426,37
2020-09-02,0.019645958645165672,36,0.02344054278713436,40,0.021979108239142415,37
2020-09-03,0.01652907996060712,31,0.022423227622827745,39,0.021861194480727587,37
2020-09-04,0.019507017562001926,35,0.022104742373226537,38,0.022268629306869514,37
2020-09-08,0.022262062401714702,39,0.020909759908090877,37,0.02234001500469576,37
2020-09-09,0.022091904706962456,39,0.020774627697422852,36,0.02150970820733051,36
2020-09-10,0.021858713482995673,39,0.021251796777622088,37,0.02153686657668884,36
2020-09-11,0.02464759383025707,41,0.019815507140724043,35,0.021988018994419843,37
2020-09-14,0.035133707655236844,48,0.026797639877377925,43,0.024502433458260454,40
2020-09-15,0.032456979578040675,47,0.02637581048755706,42,0.024860141431831143,40
2020-09-16,0.032422850713121225,47,0.02636251155916771,42,0.0246832927015265,40
2020-09-17,0.02918775201890672,45,0.02611799353388097,42,0.023579979564442972,39
2020-09-18,0.029714940426232857,45,0.026018837775481658,42,0.02368667607892635,39
2020-09-21,0.01804490225420921,33,0.02816687908223752,44,0.02516861996965592,40
2020-09-22,0.020860386208682077,37,0.02890674716499797,44,0.026392842566053967,42
2020-09-23,0.01589584695045439,30,0.029562203338350253,45,0.0248478697537065,40
2020-09-24,0.01888207839174924,34,0.029137534818646896,45,0.02471566994700268,40
2020-09-25,0.03518825922241038,48,0.03218933552399277,46,0.02633329676707578,41
2020-09-28,0.037505808228786235,49,0.029315035213170977,45,0.02710222777642994,42
2020-09-29,0.032959220474561346,47,0.029270428537037322,45,0.02731877673142384,43
2020-09-30,0.025958203022491997,42,0.02971226109737801,45,0.027062646509043307,42
2020-10-01,0.029119870167286004,44,0.029871622737061496,45,0.02720988149926918,42
2020-10-02,0.028392449559943692,44,0.03295986296381897,47,0.028279912762127882,43
2020-10-05,0.027606383648977394,44,0.03133274570991621,46,0.02932636395287866,44
2020-10-06,0.026018793877875517,42,0.02813895699779416,44,0.029081694084222575,44
2020-10-07,0.027784054875532246,44,0.025352833120792576,41,0.029031293300756017,44
2020-10-08,0.021703790217121294,38,0.024784893936860907,41,0.02912817210282772,44
2020-10-09,0.02493369219944544,42,0.025191568759650083,41,0.02873183006834569,44
2020-10-12,0.02035088487579632,37,0.023107164055897203,40,0.028558654187227493,44
2020-10-13,0.02195755004471701,39,0.023184752223796862,40,0.026343345799765352,41
2020-10-14,0.015316842118181717,28,0.024534707169931117,41,0.026327602993545293,41
2020-10-15,0.020259634322506107,36,0.02435676101258858,41,0.026974698060452156,42
2020-10-16,0.01943212877785693,35,0.022396126004161777,39,0.02693771708239256,42
2020-10-19,0.019279817581936847,35,0.019531644241624707,35,0.027003753995986056,42
2020-10-20,0.022660669379213343,40,0.02103595507722511,37,0.025666199329856854,41
2020-10-21,0.021220679587014603,38,0.018552322912097286,33,0.024136026131119565,39
2020-10-22,0.018961570392927445,35,0.018904879861404666,34,0.022870172320912818,38
2020-10-23,0.01865599848707185,34,0.01883880138063698,34,0.02288508663733144,38
2020-10-26,0.028737607087448474,44,0.023429198941259045,40,0.024075753457575167,39
2020-10-27,0.026171144239889345,43,0.024006335001750295,40,0.023463359699592515,39
2020-10-28,0.026861709508696343,43,0.024286539882249582,41,0.023644629598340385,39
2020-10-29,0.02963307548073619,45,0.024277520805345103,41,0.02418247288037632,39
2020-10-30,0.027150583117941097,43,0.024281150546641223,41,0.02383982070221041,39
2020-11-02,0.028020703767351798,44,0.02678017217115337,43,0.02365255184249279,39
2020-11-03,0.022858926366785635,40,0.02562594243018275,42,0.022491566363705598,37
2020-11-04,0.03788481147413006,49,0.03199357664470155,46,0.026055172592141226,41
2020-11-05,0.03953948345455082,49,0.03391143361735305,47,0.026260309720052732,41
2020-11-06,0.04374039499332762,50,0.034757700954635304,47,0.02707421761264396,42
2020-11-09,0.07845864535203956,53,0.05617873247962014,52,0.04142247865738231,50
2020-11-10,0.07967286767767402,53,0.05528125285201994,52,0.04155786460788718,50
2020-11-11,0.07286969139536693,53,0.05550794958480238,52,0.04175752512098595,50
2020-11-12,0.0761987298802083,53,0.0572330445047439,52,0.04236102367167647,50
2020-11-13,0.07246783855262509,53,0.05734814108376301,52,0.04216318998036296,50
2020-11-16,0.028795303646900108,44,0.0571236765039207,52,0.04255325540164886,50
2020-11-17,0.028750006983030242,44,0.05732303197036721,52,0.04252448072318735,50
2020-11-18,0.027195155248036954,43,0.05332005778649439,52,0.04237162646501732,50
2020-11-19,0.019690874237332786,36,0.05247054630533138,52,0.042231530087628116,50
2020-11-20,0.02209560425745149,39,0.05166960385232678,52,0.042528389681241084,50
2020-11-23,0.020023961161878313,36,0.023382805470276626,40,0.042752053674018756,50
2020-11-24,0.02924894764737395,45,0.027983469494787225,44,0.04257070468293907,50
2020-11-25,0.030944423744045508,46,0.027766405011434667,43,0.042500678731970165,50
2020-11-27,0.03262037314339245,47,0.025524159713030046,42,0.0423386871808083,50
2020-11-30,0.03561240004264442,48,0.027951169731155977,44,0.043101113404141606,50
2020-12-01,0.036737102887283796,48,0.027960135030510945,44,0.04355284931646392,50
2020-12-02,0.028383463484886833,44,0.028169509405106565,44,0.04299667486679479,50
2020-12-03,0.02715227621992649,43,0.02765660565479911,43,0.04293089182261361,50
2020-12-04,0.02650553520511722,43,0.028153203989223007,44,0.040555763405324866,49
2020-12-07,0.013024318084297276,23,0.026451729801031148,42,0.04000624910061207,49
2020-12-08,0.010646987437488816,17,0.025695654630753174,42,0.039055404943485715,49
2020-12-09,0.011071079952853257,18,0.021456079467686018,37,0.023802468677346665,39
2020-12-10,0.011446864789910301,19,0.019866220553521625,35,0.023674736577755685,39
2020-12-11,0.011941481264556839,20,0.019958769711674228,35,0.023313522672114097,38
2020-12-14,0.0166788947116634,31,0.017988468636711122,32,0.022801830551536346,38
2020-12-15,0.019689180131654275,36,0.015674709289525527,27,0.022672399627811833,38
2020-12-16,0.017590906641699305,33,0.015197202105581875,26,0.021584261040328782,37
2020-12-17,0.01735270601679839,32,0.015155560273261507,26,0.021523914186213758,36
2020-12-18,0.017804920810754247,33,0.014509088915399142,24,0.02173138463012767,37
2020-12-21,0.015988996982207574,30,0.016223855656733677,28,0.022069510964050354,37
2020-12-22,0.014716992243136289,27,0.01638771464266729,29,0.021465027244932267,36
2020-12-23,0.020328027047450868,36,0.018300040379337367,33,0.02153935978505443,36
2020-12-24,0.02043249251024216,37,0.0183696616742388,33,0.018990090539778643,34
2020-12-28,0.01705372661676228,32,0.017593440066380923,31,0.018325800354332927,33
2020-12-29,0.016338728814749112,30,0.01533413278778359,26,0.018101330929096323,32
2020-12-30,0.015504566099667067,29,0.01438986553035842,24,0.01592851124198049,27
2020-12-31,0.007442838335397416,8,0.014651609967993846,25,0.014455650343346652,23
2021-01-04,0.008931865668187119,12,0.015196768193837093,26,0.01451246441805255,23
2021-01-05,0.011622080300927432,20,0.01413495845302999,24,0.014683659429009281,24
2021-01-06,0.04280496977078032,50,0.03243403711336876,46,0.02508741948610453,40
2021-01-07,0.041404516531409495,50,0.03267656006374133,46,0.026108571011894156,41
2021-01-08,0.04431233947538156,50,0.03311854953225295,47,0.026206290710787047,41
2021-01-11,0.040959790917960405,50,0.03262480412745259,46,0.026095492926537494,41
2021-01-12,0.04095352882872168,50,0.03218309301874995,46,0.026128333751031758,41
2021-01-13,0.01865361443321057,34,0.03178237519034005,46,0.025735295722083152,41
2021-01-14,0.01395543277931749,26,0.03144354357194946,46,0.024842101588540038,40
2021-01-15,0.017915870535536775,33,0.03376374491905989,47,0.025642261658720484,41
2021-01-19,0.017916384977728614,33,0.03257167761421444,46,0.025640304107549153,41
2021-01-20,0.020478907173205985,37,0.03496697069239491,47,0.02640730676339627,42
2021-01-21,0.022003351657017993,39,0.02095735086855137,37,0.026524321992073024,42
2021-01-22,0.015544884635160471,29,0.016608862744838814,29,0.026356951972645846,42
2021-01-25,0.014890808539942603,27,0.017141405837755683,30,0.026622873504879463,42
2021-01-26,0.012567467378363522,22,0.017794859382664164,32,0.026693261196148683,42
2021-01-27,0.01822261903699148,33,0.02014961454903243,36,0.028612578589350818,44
2021-01-28,0.03219747920716913,46,0.02599936428691927,42,0.029825008281906533,45
2021-01-29,0.03173687212076903,46,0.023596309763167247,40,0.030262740723680806,45
2021-02-01,0.03460874810230792,48,0.02519304343409273,41,0.030453804551951343,45
2021-02-02,0.03601488973935736,48,0.027362746927855012,43,0.030877153690829034,46
2021-02-03,0.024002216652474147,41,0.027942936972918952,44,0.030860403308719447,46
2021-02-04,0.02255585507421651,40,0.028923828181364776,44,0.03140858666900933,46
2021-02-05,0.01291569874672089,23,0.0289471717623985,44,0.024026847655951512,39
2021-02-08,0.01322194738209451,24,0.02817350994504702,44,0.022765589834798563,38
2021-02-09,0.015157337929342811,28,0.026570904517942723,42,0.0226594616349295,38
2021-02-10,0.014887786958303487,27,0.019267034889673785,34,0.022639677333775452,38
2021-02-11,0.009262668725924449,13,0.018183450188846113,33,0.022639064762542793,38
2021-02-12,0.009738844569696908,15,0.014515865452803001,24,0.022664671673044073,38
2021-02-16,0.015099913025169035,28,0.015429695296120807,26,0.022841143530398327,38
2021-02-17,0.014818395191743898,27,0.014762388535840653,25,0.0222613662115962,37
2021-02-18,0.016390464784210225,31,0.015124738091543508,26,0.02239117874284693,37
2021-02-19,0.02017475981523972,36,0.016296637544182667,28,0.023070530841746057,38
2021-02-22,0.020059626157338785,36,0.01609814779894966,28,0.02232328159099071,37
2021-02-23,0.01829775809321815,34,0.015956780483820196,28,0.022322891226021647,37
2021-02-24,0.020279401094886792,36,0.01751096720781175,31,0.022445630429459854,37
2021-02-25,0.026113357461464724,43,0.02105606370859912,37,0.02279054558412383,38
2021-02-26,0.023567166275245403,40,0.021768646309814323,38,0.020325989246292225,35
2021-03-01,0.028870898996316504,44,0.023782130903738524,40,0.02010419609341135,35
2021-03-02,0.02889213539301649,44,0.022862056950396406,39,0.018764535771523014,33
2021-03-03,0.024796489101466687,42,0.02326690626688391,40,0.019029630086747643,34
2021-03-04,0.02160692835923114,38,0.02330658307468578,40,0.0189790534507401,34
2021-03-05,0.02253094505318827,39,0.022472721583515605,39,0.019548547498198367,35
2021-03-08,0.019658096867982856,36,0.023337762026046524,40,0.01910246407867181,34
2021-03-09,0.025931801322809908,42,0.025931430657632152,42,0.02055609286908208,36
2021-03-10,0.02866484717425607,44,0.026243589666306633,42,0.021466799319517716,36
2021-03-11,0.027155712253120953,43,0.023992042094108414,40,0.02144795145116425,36
2021-03-12,0.026205124742840945,43,0.02304232350469964,39,0.021876885470055712,37
2021-03-15,0.027665084971488067,44,0.022827849294251,39,0.022193031375042454,37
2021-03-16,0.024327526349387583,41,0.023765851425167666,40,0.022738134357234423,38
2021-03-17,0.019953492516704172,36,0.023733700374436686,40,0.022328247941471285,37
2021-03-18,0.020126202077654788,36,0.022958647227831797,39,0.02231194837954888,37
2021-03-19,0.01734121426217204,32,0.02268001904832728,39,0.022714890643382776,38
2021-03-22,0.02002950094238344,36,0.02337744263857688,40,0.02268343519941911,38
2021-03-23,0.021386708328332758,38,0.022931405586060445,39,0.023403571741106223,39
2021-03-24,0.01646459344687786,31,0.01901516906656588,34,0.02340351943955783,39
2021-03-25,0.02779081906938629,44,0.02369384637152587,40,0.023888021109036817,39
2021-03-26,0.028799483132410347,44,0.022560523158640097,39,0.023224412314676326,38
2021-03-29,0.029947934972926978,45,0.024248039407520697,41,0.02417206867666767,39
2021-03-30,0.02817371666039584,44,0.025419890740902736,41,0.023431770501649327,39
2021-03-31,0.03060513625498395,45,0.025209079302996044,41,0.023853700798956604,39
2021-04-01,0.025320259403235863,42,0.025409465214365688,41,0.023910633953917883,39
2021-04-05,0.02378229209746325,41,0.024919473150918643,41,0.023742228922647164,39
2021-04-06,0.01585615128738339,29,0.02281632982283517,39,0.02270426033239595,38
2021-04-07,0.011738346488449687,20,0.020824402694430706,37,0.022020068431258047,37
2021-04-08,0.007613802908978492,8,0.02108714195641573,37,0.021127548976686093,36
2021-04-09,0.0057411704557327175,4,0.01731437481320659,30,0.01972645201782137,35
2021-04-12,0.006692306856895097,6,0.016612337894081224,29,0.01984336429925469,35
2021-04-13,0.011027190762994897,18,0.013356392486577903,22,0.019164608205560534,34
2021-04-14,0.011784525166704281,20,0.011094673398400753,15,0.018895761205098588,34
2021-04-15,0.013170150983175652,24,0.010379257301078054,13,0.01887459972535808,34
2021-04-16,0.012709924560209923,22,0.009490393886559537,11,0.018444760195261492,33
2021-04-19,0.011030311172636807,18,0.009646914203155211,11,0.018335358758843113,33
2021-04-20,0.018297793886342097,34,0.014983692765112177,25,0.019696819078010096,35
2021-04-21,0.023225986233295727,40,0.01773659063354816,32,0.019603078506285985,35
2021-04-22,0.023217553098589902,40,0.01803022466843818,32,0.01909618266741824,34
2021-04-23,0.03131650800012765,46,0.02256448994705936,39,0.020914595154457327,36
2021-04-26,0.031039738814196745,46,0.022608586212796395,39,0.019243178906090314,34
2021-04-27,0.01977289773788622,36,0.02211378629120127,38,0.01899542251417732,34
2021-04-28,0.01895620189703887,35,0.02233353320268607,39,0.017500178523626495,31
2021-04-29,0.012091605036341612,21,0.022233730989363414,38,0.017356318785540125,31
2021-04-30,0.009763323609532285,15,0.02251182633944043,39,0.016788296836311424,29
2021-05-03,0.011347007912638889,19,0.02210838797411556,38,0.016661351521785002,29
2021-05-04,0.012652588993289247,22,0.01584675821874977,27,0.017100821720252943,30
2021-05-05,0.012612701350057482,22,0.015337415728541269,26,0.017102318856995993,30
2021-05-06,0.009961634884434311,15,0.01285222577115571,20,0.017127327540402207,30
2021-05-07,0.008251091231736321,10,0.008619877248869728,8,0.016978197730445354,30
2021-05-10,0.008533197954821003,11,0.009465025609097982,10,0.01704746054563146,30
2021-05-11,0.010234380962524105,16,0.01181082675168097,17,0.017478494390349764,31
2021-05-12,0.012577425029202075,22,0.013355308964920464,22,0.017498810451205663,31
2021-05-13,0.017604748982091203,33,0.013793739542915002,23,0.01811999140984942,32
2021-05-14,0.01851497758621804,34,0.01405038516587017,24,0.017810866742907834,32
2021-05-17,0.018441840180141583,34,0.013841084346418694,23,0.0178091799953753,32
2021-05-18,0.020094582690153566,36,0.015035618362277129,25,0.018479645748579066,33
2021-05-19,0.01835040726825244,34,0.015241286471573173,26,0.015985057175534605,27
2021-05-20,0.013837838788920215,25,0.014985548690624127,25,0.015537902078650957,26
2021-05-21,0.011965048093222592,21,0.014916613086441547,25,0.014962648803237751,25
2021-05-24,0.010926184695980475,18,0.014905673171894958,25,0.012849678898836717,18
2021-05-25,0.008818465365626336,12,0.014918718205908251,25,0.0133670275332543,20
2021-05-26,0.010189710088358525,16,0.01413769498945358,24,0.013301230941037379,20
2021-05-27,0.011334961279332603,19,0.0122577229546142,19,0.013259280053789133,19
2021-05-28,0.010921390337740252,18,0.011050338405865149,15,0.012468161339394471,17
2021-06-01,0.010947164393713009,18,0.010974797677114153,15,0.01241170430764097,17
2021-06-02,0.00741472717916434,8,0.008739928520684675,8,0.012469339683384281,17
2021-06-03,0.00677014150173252,6,0.008274661048016302,7,0.01168648594608732,15
2021-06-04,0.003941280581221722,1,0.008287877106902073,7,0.0116898708070006,15
2021-06-07,0.003921291355367182,1,0.007794092216239221,5,0.011538875746089392,14
2021-06-08,0.00328298807991434,0,0.008153971538565145,6,0.011407054603351537,14
2021-06-09,0.0054496403718594395,3,0.00781066309633373,5,0.011701241331863881,15
2021-06-10,0.0068346492418011355,6,0.008754023437619355,8,0.01194238336043177,16
2021-06-11,0.008919135973521819,12,0.007290231947775475,4,0.011470247766905245,14
2021-06-14,0.011208111869804034,19,0.009872908609163076,12,0.011113470843764841,13
2021-06-15,0.016010603764729577,30,0.011163914284468071,15,0.010911728312186834,12
2021-06-16,0.017872413058001038,33,0.012502000910412247,19,0.011242033587193391,13
2021-06-17,0.0323087591637729,47,0.022068110556971093,38,0.016823947733419678,29
2021-06-18,0.031695279735278775,46,0.022738811298916847,39,0.017673542810543615,31
2021-06-21,0.03626749613921313,48,0.025370955568978493,41,0.01880951068735243,34
2021-06-22,0.03513992480879275,48,0.025776361460241676,42,0.018654701513570255,33
2021-06-23,0.033500739260238284,47,0.025862397309591674,42,0.018658534801553266,33
2021-06-24,0.020726934138423577,37,0.026735919973188128,42,0.01911262858729442,34
2021-06-25,0.011355913022004423,19,0.028084314966973983,44,0.019794268720344226,35
2021-06-28,0.017343597243096965,32,0.027697100666999375,43,0.019857561046952178,35
2021-06-29,0.019548353196290585,35,0.027443783452702583,43,0.01999991120500561,35
2021-06-30,0.019554438685450475,35,0.02698738225638692,43,0.019970570878633416,35
2021-07-01,0.018754776816990754,34,0.018670573967317375,34,0.020353897974916282,35
2021-07-02,0.013892869942501811,25,0.015619181152275476,27,0.020337368968227507,35
2021-07-06,0.016480137296153594,31,0.01712143501254301,30,0.02104957341502318,36
2021-07-07,0.01584392228245571,29,0.01709071664042163,30,0.021028263105044097,36
2021-07-08,0.015301976963624257,28,0.017476671095340734,31,0.021104659642082663,36
2021-07-09,0.02670790756890205,43,0.02186206280521645,38,0.02346690711773307,39
2021-07-12,0.02696820784129176,43,0.020421761979021322,36,0.023340159872992813,38
2021-07-13,0.025019611987472365,42,0.02048166426885436,36,0.023655831018454605,39
2021-07-14,0.024894220795799196,42,0.020037392555041444,35,0.02312015168003222,38
2021-07-15,0.023333449394116614,40,0.020350372150879568,36,0.023036117698917516,38
2021-07-16,0.01989588666165828,36,0.022403158949631106,39,0.02389616697114641,39
2021-07-19,0.02364013353812916,41,0.026172671209188977,42,0.022411512734892936,37
2021-07-20,0.035183575249636674,48,0.029242033980594113,45,0.02345765823626201,39
2021-07-21,0.0383948758971002,49,0.030579010025953104,45,0.023552715869468506,39
2021-07-22,0.03860800736465487,49,0.03118465021475379,46,0.024015584863723467,39
2021-07-23,0.03549476050368759,48,0.027304666320697196,43,0.024032446277214577,39
2021-07-26,0.024815984167302862,42,0.02778534966285571,43,0.02393076214088766,39
2021-07-27,0.018991596767093805,35,0.027243929600945786,43,0.023197980770715054,38
2021-07-28,0.014113580659185707,26,0.027271289124211458,43,0.02288770159604988,38
2021-07-29,0.007849862201485897,9,0.027052106912550965,43,0.02275614943460327,38
2021-07-30,0.008825601741872718,12,0.0245738540508696,41,0.02278590156199183,38
2021-08-02,0.006118736119023931,5,0.018020940823220533,32,0.02251308112052294,38
2021-08-03,0.011897763511553168,20,0.01494053650469718,25,0.023088852067744442,38
2021-08-04,0.01376327955804491,25,0.01318035826242294,21,0.022384014735149792,37
2021-08-05,0.01576018446089681,29,0.011764390665821972,17,0.02266876982531199,38
2021-08-06,0.015963866705169808,30,0.01244844186039574,19,0.022833177556096495,38
2021-08-09,0.015697051057897864,29,0.012293011599499365,19,0.020923937408618972,36
2021-08-10,0.014790730204254025,27,0.012882982456247642,20,0.021153224365371332,36
2021-08-11,0.00977229591262766,15,0.013132930013043076,21,0.020774652808674483,36
2021-08-12,0.009909284312040079,15,0.013135437803946739,21,0.02072860072202717,36
2021-08-13,0.011385326329908534,19,0.013234088294586123,21,0.02080421389557137,36
2021-08-16,0.011897912112032899,20,0.013360450336442196,22,0.01908540313460683,34
2021-08-17,0.011425298982265535,19,0.013432734293902111,22,0.015594654804367147,26
2021-08-18,0.00695071892743171,6,0.012665410602570853,20,0.013576666150164141,20
2021-08-19,0.0039276344066204415,1,0.011850970630066644,18,0.012506109065404591,17
2021-08-20,0.007257772082915852,7,0.010051009714972251,12,0.011278214015576115,13
2021-08-23,0.00978821594975868,15,0.010523612897582132,13,0.011254016136376815,13
2021-08-24,0.007785964657562186,9,0.009795362100431314,12,0.011050209479325786,13
2021-08-25,0.009297200296913147,13,0.011255110259272361,16,0.011822377188623247,15
2021-08-26,0.012604563416903747,22,0.012003775654263527,18,0.012338835992332335,17
2021-08-27,0.013246512564113735,24,0.012532270839622982,19,0.012705274968919468,18
2021-08-30,0.018939302200204237,35,0.014374486597934168,24,0.013521023268886209,20
2021-08-31,0.018607395957372822,34,0.013473708271030243,22,0.013378614845442975,20
2021-09-01,0.015319925390505855,28,0.013895796967692846,23,0.013069508408600543,19
2021-09-02,0.014995945208512896,28,0.01373644230122892,23,0.012630640586024136,18
2021-09-03,0.011371779219281616,19,0.013916592780330693,23,0.012326305668567974,17
2021-09-07,0.0069212608677258125,6,0.013573938473139526,22,0.01159323118286159,15
2021-09-08,0.00600814263089536,4,0.013256656787275174,21,0.011573630162022898,14
2021-09-09,0.006167753194580482,5,0.01143211806121662,16,0.011255571615523662,13
2021-09-10,0.0060675092098621515,4,0.010786081555380063,14,0.010883782024654367,12
2021-09-13,0.01159781569637531,20,0.012127102532702962,18,0.012028312356285535,16
2021-09-14,0.014955290139325148,28,0.011071368273255775,15,0.01229915264565511,17
2021-09-15,0.019628312189846932,36,0.015045548132574046,25,0.014035039658754411,22
2021-09-16,0.01982900871797727,36,0.014267405966022766,24,0.01355128572004042,20
2021-09-17,0.020374748095141757,37,0.014748991330758533,25,0.01361619889866186,21
2021-09-20,0.026494773027271667,43,0.02007136618072599,36,0.01646133079638946,28
2021-09-21,0.02600118371633986,42,0.02023439741725539,36,0.016547234855103704,29
2021-09-22,0.02212455802891834,39,0.021350747277318657,37,0.01701199158109314,30
2021-09-23,0.03169229608176818,46,0.02512900099403201,41,0.01930044729900443,34
2021-09-24,0.031896482651939645,46,0.025233120686203276,41,0.01913264770415932,34
2021-09-27,0.02314906058527025,40,0.02835170752862873,44,0.0214028757908064,36
2021-09-28,0.020602866148297466,37,0.02726899109154859,43,0.021286933069474347,36
2021-09-29,0.025238765845369503,42,0.02658824934486674,42,0.020591905039407547,36
2021-09-30,0.027295213314961438,43,0.028076586056834146,44,0.02138523341599791,36
2021-10-01,0.028603356398220967,44,0.028612795392243894,44,0.021745880540068922,37
2021-10-04,0.018009209288051824,33,0.02371845941421993,40,0.021848947576431882,37
2021-10-05,0.01863915638086759,34,0.0226369542917783,39,0.021735968047072125,37
2021-10-06,0.01863450065311844,34,0.023266066282313303,40,0.021861282642142696,37
2021-10-07,0.013816752057396764,25,0.02041665110168837,36,0.02176337340401507,37
2021-10-08,0.0061944033564296005,5,0.020095851074685568,36,0.021768124279883387,37
2021-10-11,0.008065120248993156,10,0.013155609252243633,21,0.021972740328506896,37
2021-10-12,0.005511978666010048,3,0.01323046211567914,21,0.02168487930966219,37
2021-10-13,0.007240398631126678,7,0.013789124503161788,23,0.02160832847582861,37
2021-10-14,0.01170290500654218,20,0.012910142588273568,21,0.020784586858072853,36
2021-10-15,0.011992185017662272,21,0.00912553084744121,9,0.020785486818627026,36
2021-10-18,0.011724409769249872,20,0.009591827162277312,11,0.020679149853342484,36
2021-10-19,0.011463038079604628,19,0.009067146244313495,9,0.01817039706820725,32
2021-10-20,0.015359859272088234,29,0.014757437951842159,25,0.019077629661392616,34
2021-10-21,0.018611914931906722,34,0.015550931180158937,27,0.019305629316064818,34
2021-10-22,0.018539436082173733,34,0.01567070222906509,27,0.017392795931875784,31
2021-10-25,0.018726864789042032,34,0.014908738947716183,25,0.017145702265782246,30
2021-10-26,0.021548232454712705,38,0.01628157355279595,28,0.014229550654362337,23
2021-10-27,0.017087127045620838,32,0.01974456300312455,35,0.016256443377179658,28
2021-10-28,0.021064324905688415,38,0.019865592941623454,35,0.01665045176210342,29
2021-10-29,0.019628143562360333,36,0.020170866649127855,36,0.016125248008119986,28
2021-11-01,0.02379313509202471,41,0.021103861121224376,37,0.015583710942716582,26
2021-11-02,0.023076273578913512,40,0.021407468868921503,37,0.015761752683310717,27
2021-11-03,0.015910056374045006,30,0.01800565660340472,32,0.015971338391658735,27
2021-11-04,0.017319662258690655,32,0.018353862081437213,33,0.016352103568207297,28
2021-11-05,0.016289617308616486,30,0.018006159659994907,32,0.016350619960942944,28
2021-11-08,0.01267087551904477,22,0.018082930347153622,33,0.016365845883150983,28
2021-11-09,0.01170544704731991,20,0.01736621006814869,31,0.016207732014430425,28
2021-11-10,0.007955898838469824,9,0.012925428657765465,21,0.0161693850896618,28
2021-11-11,0.00404448117806055,1,0.01187948396186935,18,0.015862722631292635,27
2021-11-12,0.0042787810761668295,1,0.01127867682793666,16,0.015547762140628436,26
2021-11-15,0.005722385324240605,4,0.009363163609778406,10,0.01563229762539573,26
2021-11-16,0.004894558638866114,2,0.008593528981944787,8,0.01551640425448082,26
2021-11-17,0.009275392338611941,13,0.008388749133366213,7,0.015844039871170303,27
2021-11-18,0.008792304564086502,12,0.006550698754714685,2,0.01333013595992941,20
2021-11-19,0.010516224266937655,17,0.007797472908519955,5,0.013417923622738236,20
2021-11-22,0.012000876247032466,21,0.009069631765992313,9,0.013653629853697476,21
2021-11-23,0.014241017557456189,26,0.0101813966026803,13,0.014121899042115485,22
2021-11-24,0.012500575290239416,22,0.010392301876750906,13,0.013649820952950314,21
2021-11-26,0.025634572479891142,42,0.01840652498052625,33,0.015455323975479798,26
2021-11-29,0.02664208709073016,43,0.01909819828031324,34,0.015184671001601662,25
2021-11-30,0.025718437506654715,42,0.019275886644638383,34,0.015591889136823378,26
2021-12-01,0.021934664246312897,39,0.018963878175635433,34,0.014756438434110378,24
2021-12-02,0.037512733471131564,49,0.026456976373133653,42,0.01897187642751574,34
2021-12-03,0.030670426384536514,46,0.027207078673940198,43,0.019106536531349527,34
2021-12-06,0.030693061461066307,46,0.02724417933162058,43,0.019035110666431345,34
2021-12-07,0.027988850802420407,44,0.027115072241291636,43,0.01920153266163503,34
2021-12-08,0.026954433193853527,43,0.026582988457171147,42,0.019189702208839605,34
2021-12-09,0.013421444307283975,24,0.026574738830605217,42,0.019199792512211596,34
2021-12-10,0.008045874931447277,10,0.021139272174992164,37,0.019198092918316832,34
2021-12-13,0.0156790471586678,29,0.023407348750084447,40,0.02027919717423354,35
2021-12-14,0.01727137602277465,32,0.023063789987019887,39,0.020692739471375104,36
2021-12-15,0.018015209151640194,33,0.022680145919805692,39,0.020641429546350377,36
2021-12-16,0.018064329054461196,33,0.015003100709783878,25,0.020616326161376326,36
2021-12-17,0.02197733624833482,39,0.01647868227958191,29,0.021339214393869398,36
2021-12-20,0.020541249608916793,37,0.01722818476672464,30,0.02195198548247628,37
2021-12-21,0.025341357799600325,42,0.020464161790915442,36,0.023112080600442012,38
2021-12-22,0.025130618655836705,42,0.020617639934025978,36,0.022897299404657227,38
2021-12-23,0.0256182855801935,42,0.020904247536304543,37,0.022697305275237986,38
2021-12-27,0.021018749335032418,38,0.021513435356701787,37,0.02295258263004124,38
2021-12-28,0.012138894659062422,21,0.018528878811969764,33,0.020292008743143186,35
2021-12-29,0.005262882064214565,2,0.01790260820400288,32,0.020155432043993275,35
2021-12-30,0.008033553854246128,10,0.018003976841646372,32,0.019687317856716305,35
2021-12-31,0.007868728199302519,9,0.017996766701830653,32,0.019524593953740906,35
2022-01-03,0.012457292857061854,22,0.016339312874942825,29,0.016720950514371436,29
2022-01-04,0.020808453396615724,37,0.016060662568771793,28,0.0182860823753308,33
2022-01-05,0.021631821845657165,38,0.015072755988206583,25,0.01823958485330282,32
2022-01-06,0.02227411609984022,39,0.01814349264354602,33,0.020039210847307164,35
2022-01-07,0.02010617967575001,36,0.018138090692905662,33,0.019986550975915184,35
2022-01-10,0.02244894129812969,39,0.018551709965735883,33,0.019894586310687315,35
2022-01-11,0.01804718444631437,33,0.01839450394662536,33,0.019859576980660324,35
2022-01-12,0.017085876926835067,32,0.018377837461008656,33,0.018015624861650554,32
2022-01-13,0.003440910463453234,0,0.017329086241431126,31,0.017877466836078316,32
2022-01-14,0.007015161410396219,7,0.01664604033098887,29,0.018055615588957886,32
2022-01-18,0.012585503216659508,22,0.01881226442094611,34,0.01876877217731545,33
2022-01-19,0.020491631456219097,37,0.01981120640753988,35,0.01917218742184953,34
2022-01-20,0.022365814367243303,39,0.02213622144881257,38,0.01939360937278558,35
2022-01-21,0.021856763486879986,39,0.019250832270622454,34,0.02028193165348526,35
2022-01-24,0.018254515864865095,34,0.019332995545786873,35,0.02033465814389856,35
2022-01-25,0.01856908074367582,34,0.01924007137952544,34,0.020566946946398882,36
2022-01-26,0.017960406323668705,33,0.018798489889879845,34,0.02039021589932955,35
2022-01-27,0.016026568070763813,30,0.018343562633303476,33,0.02062023281500086,36
2022-01-28,0.010175896854197175,16,0.0181929489313819,33,0.02064190948109275,36
2022-01-31,0.008561573965989071,11,0.01605462910485967,28,0.02057400761609275,36
2022-02-01,0.015551027686899333,29,0.020564645581180107,36,0.021449523853351936,36
2022-02-02,0.015597770428309768,29,0.019570532131831995,35,0.021026778919729188,36
2022-02-03,0.01486245273387929,27,0.017716463084505047,32,0.01904385539780677,34
2022-02-04,0.016300067033802376,30,0.015107590773824895,26,0.019812168626628077,35
2022-02-07,0.015697985451003416,29,0.015860209929625224,27,0.01810917332417191,32
2022-02-08,0.014786581540903914,27,0.015344606510522179,26,0.01879008492679922,33
2022-02-09,0.017559387512097013,33,0.015708226970495603,27,0.018853793644215255,34
2022-02-10,0.015120260633906866,28,0.014272571658210918,24,0.018828487150555108,34
2022-02-11,0.016387603842357403,31,0.015916833820001006,28,0.018995846044025152,34
2022-02-14,0.014295048056488176,26,0.01658608416718711,29,0.018959087732412276,34
2022-02-15,0.014046071633505219,26,0.015870904495798643,27,0.019275268442664466,34
2022-02-16,0.013677514720607055,25,0.015631043106378206,27,0.018949695581055536,34
2022-02-17,0.018701270925737902,34,0.018161229755475437,33,0.01841733462931433,33
2022-02-18,0.018174014733891346,33,0.016645977169957762,29,0.01722016180040503,30
2022-02-22,0.01795692316311758,33,0.01530774607557191,26,0.015162853535434404,25
2022-02-23,0.014929297431752416,28,0.014400567640951198,24,0.016215845417978252,28
2022-02-24,0.015648232747666566,29,0.016472107366369265,29,0.017395105114111273,31
2022-02-25,0.03188736630887815,46,0.024719942063266886,41,0.0204823059157708,36
2022-02-28,0.031961342692894606,46,0.02451145289179337,41,0.02024733592866076,35
2022-03-01,0.044266980673701134,50,0.032986581697016154,47,0.025966109263738008,41
2022-03-02,0.04936332837781202,51,0.03449442722050861,47,0.027121972046592766,42
2022-03-03,0.047155813334926085,51,0.03457087387423417,47,0.026398951436057944,42
2022-03-04,0.04103055305555291,50,0.035472985344308074,48,0.027434352667239145,43
2022-03-07,0.044617486686389964,50,0.03867396946459403,49,0.029991634035617283,45
2022-03-08,0.037058538274310014,48,0.03857105839411833,49,0.029256040786747012,44
2022-03-09,0.04756320187766937,51,0.045704011511545135,51,0.03276030602812271,47
2022-03-10,0.047243328914773584,51,0.04483381888133901,51,0.03214685794598574,46
2022-03-11,0.04430969639079685,50,0.04081954788373309,49,0.032173848157625716,46
2022-03-14,0.03407196483452931,47,0.043816102372647006,50,0.03376120069768455,47
2022-03-15,0.0341881095322127,47,0.036931372652321,48,0.033697752174827324,47
2022-03-16,0.02529051528119084,42,0.037044136717523914,48,0.03476255024795515,47
2022-03-17,0.027383570367612593,43,0.03754169329729482,49,0.03446943702271566,47
2022-03-18,0.025839349401136094,42,0.034972074729319694,47,0.03445350346594563,47
2022-03-21,0.020179541234811978,36,0.027618175088450346,43,0.03400507243276673,47
2022-03-22,0.021335332550385104,38,0.027475664327259324,43,0.03432430583265244,47
2022-03-23,0.020762669095531153,37,0.024205888835160713,41,0.0352136239684428,47
2022-03-24,0.020674221389264377,37,0.024036180371139294,40,0.03486908499158281,47
2022-03-25,0.023288045449225178,40,0.02399359574901249,40,0.034479171649243384,47
2022-03-28,0.025174391599376914,42,0.02170340618969252,38,0.032856080471638786,47
2022-03-29,0.022805774884827015,40,0.021815688225545495,38,0.03290629010722108,47
2022-03-30,0.02414141731647582,41,0.021245404085955186,37,0.030264644041764724,45
2022-03-31,0.025107215294047285,42,0.022152051847635988,38,0.029687149191276744,45
2022-04-01,0.017928008063007185,33,0.022920142431737622,39,0.030155313898074552,45
2022-04-04,0.01988249075238544,36,0.022972675953358952,39,0.02916989487947838,44
2022-04-05,0.015044554914342206,28,0.020287697373111927,36,0.02641680008164041,42
2022-04-06,0.012250460499920072,21,0.018707057463021107,34,0.0264443569155296,42
2022-04-07,0.009996654736443402,15,0.018016114915602583,32,0.02161402444385863,37
2022-04-08,0.006258712947694394,5,0.015213404922157654,26,0.021669793959874433,37
2022-04-11,0.006487676995241094,5,0.015500753563496967,26,0.021622791434133926,37
2022-04-12,0.009528443899151248,14,0.014065460190795308,24,0.019198403155708622,34
2022-04-13,0.009764351302521745,15,0.011276400058846676,16,0.019177727382588595,34
2022-04-14,0.009687482559974982,14,0.00967768855962898,11,0.01630922101855447,28
2022-04-18,0.009396885702005794,14,0.007559738588880141,5,0.016397517863788423,28
2022-04-19,0.025228757478366205,42,0.017803530477430437,32,0.019969445629468785,35
2022-04-20,0.022210890504333176,39,0.017557512440876815,31,0.01997987222746518,35
2022-04-21,0.026264489285140975,43,0.019164435018990275,34,0.019450594186645923,35
2022-04-22,0.029516394427914813,45,0.02084509363454158,37,0.019043829717125232,34
2022-04-25,0.030020533817403012,45,0.02123614717936029,37,0.019268251998591807,34
2022-04-26,0.01762356000020365,33,0.022381914194458834,39,0.018618017986594917,33
2022-04-27,0.02104777154614613,38,0.022434439905369762,39,0.019026034252838307,34
2022-04-28,0.023631341150079886,41,0.023650744562501436,40,0.019746635560270745,35
2022-04-29,0.02556844576935233,42,0.026051469278490537,42,0.019463631332580722,35
2022-05-02,0.02507160598222258,42,0.02617093345494227,42,0.01908541822966661,34
2022-05-03,0.022907389372105767,40,0.021572854142752382,37,0.018873203985854743,34
2022-05-04,0.026064608034861072,43,0.024545696302321875,41,0.0203442228709993,35
2022-05-05,0.03125522968157233,46,0.026134294609215528,42,0.02175006420817502,37
2022-05-06,0.026567058054862834,43,0.024702850376242223,41,0.02182815843719071,37
2022-05-09,0.02756188237735413,44,0.024841070712577365,41,0.02198486874761896,37
2022-05-10,0.02528861958252364,42,0.023625413130501732,40,0.021928828165033533,37
2022-05-11,0.012083077157956954,21,0.023559910962327006,40,0.022155210094641244,37
2022-05-12,0.007725536346474411,8,0.02179226541445512,38,0.021867819731467574,37
2022-05-13,0.010839665142438264,17,0.019644013796467758,35,0.021973748579655956,37
2022-05-16,0.009117374569485498,13,0.01936682399662612,35,0.021905974572527766,37
2022-05-17,0.02325852723679185,40,0.023821708181514672,40,0.02406504555321257,39
2022-05-18,0.026227690022372824,43,0.022042803046966968,38,0.022354428334863573,37
2022-05-19,0.026821496614282136,43,0.019553324459554954,35,0.0223762619322353,37
2022-05-20,0.0266376068093016,43,0.019498851024211214,35,0.0219475653700173,37
2022-05-23,0.030216975863622143,45,0.022070247186272218,38,0.02259677155513316,38
2022-05-24,0.022982621700430503,40,0.022053842421040932,38,0.022454301435432644,37
2022-05-25,0.019006688059469385,35,0.021856186470982402,38,0.0223592508941288,37
2022-05-26,0.017919877541586124,33,0.02322621464983946,40,0.023267152220375904,38
2022-05-27,0.01571817618426863,29,0.023257841518722726,40,0.023018624877695754,38
2022-05-31,0.014011881031414904,26,0.022541588398785634,39,0.021426488374367277,36
2022-06-01,0.01849957210767629,34,0.021079490193316335,37,0.021852034096422897,37
2022-06-02,0.017638719917374018,33,0.017326852334668894,31,0.021847944063023483,37
2022-06-03,0.014614177202897115,27,0.017210869401655542,30,0.02090650810545493,36
2022-06-06,0.014745288376362011,27,0.016942013342906168,30,0.01921874238018503,34
2022-06-07,0.014355622497115429,27,0.015070734959182996,25,0.0189350251726315,34
2022-06-08,0.014257393768258032,26,0.016561893471952954,29,0.01883922672569708,34
2022-06-09,0.01831319643304073,34,0.01967500861360655,35,0.02041326586702998,35
2022-06-10,0.026023488713615473,42,0.022191463695444606,38,0.022909105990029564,38
2022-06-13,0.020141987798021566,36,0.02240088815090429,39,0.024134750851801112,39
2022-06-14,0.020610819839627228,37,0.02201497307557641,38,0.024118610300311833,39
2022-06-15,0.02482684774640335,42,0.022574894621400214,39,0.024108176730585174,39
2022-06-16,0.02613133789196218,43,0.022662091239752723,39,0.023649753304996256,39
2022-06-17,0.028005211831675616,44,0.025805565474525394,42,0.023633849045964276,39
2022-06-21,0.02489191337963449,42,0.025503395594006967,42,0.023721355635356146,39
2022-06-22,0.024838961672022323,42,0.025491480398106062,41,0.023737047892602326,39
2022-06-23,0.0272816904860808,43,0.02587091728107301,42,0.023039970320976266,38
2022-06-24,0.028677512394054278,44,0.03198702699707941,46,0.025994754233013458,41
2022-06-27,0.029334235863180097,45,0.028123542489122733,44,0.025445690408464134,41
2022-06-28,0.029256038734650464,45,0.025664217902369682,42,0.02421520716590094,40
2022-06-29,0.03075964756164144,46,0.026359783378603632,42,0.024036895188783096,39
2022-06-30,0.02891672946986513,44,0.02681139949705186,43,0.023935352919328814,39
2022-07-01,0.010980747434988636,18,0.0229824498061732,39,0.024015085145022697,39
2022-07-05,0.011019817156236362,18,0.02185130135774388,38,0.023532206546932295,39
2022-07-06,0.010685104233618558,17,0.021726140379359445,38,0.023552683998813523,39
2022-07-07,0.014985362357947478,28,0.02281218984518711,39,0.023830507173510276,39
2022-07-08,0.012078870347504864,21,0.020895679078507846,37,0.023758561906707984,39
2022-07-11,0.012449427876660988,22,0.011538514404915467,17,0.02365422930588986,39
2022-07-12,0.012381109570991698,22,0.011465504394250408,16,0.02284493390591308,38
2022-07-13,0.01290730592898309,23,0.011884047947268462,18,0.020555555054314997,36
2022-07-14,0.0101464150436764,16,0.01289541250925685,20,0.019919831347396152,35
2022-07-15,0.028238148153753116,44,0.020502421975888818,36,0.022744322623408843,38
2022-07-18,0.02778428516989546,44,0.020375733988464175,36,0.02271684930544442,38
2022-07-19,0.029844227702510277,45,0.021950261653834548,38,0.02137517432459798,36
2022-07-20,0.02778849888703885,44,0.021303734712261206,37,0.02086092321662084,36
2022-07-21,0.02416846637772732,41,0.02121873483395151,37,0.02094553458403185,36
2022-07-22,0.017309931801344793,32,0.02208104788967989,38,0.02130295783311596,36
2022-07-25,0.0190993277378317,35,0.02248418116337824,39,0.02074011147482962,36
2022-07-26,0.018440026418723728,34,0.024834930370185686,41,0.018484355301053922,33
2022-07-27,0.021908829246998347,39,0.02495581228230456,41,0.01892832257499985,34
2022-07-28,0.021670577333350864,38,0.023469484219522038,40,0.01900357339086101,34
2022-07-29,0.022564321070239937,40,0.01905600732962269,34,0.019221525606893844,34
2022-08-01,0.021136130355764657,38,0.019058312605429777,34,0.018780382182159983,33
2022-08-02,0.015313647971987138,28,0.017209149579660025,30,0.018956100820274394,34
2022-08-03,0.015458297446418249,29,0.018467012781806874,33,0.019346734964297056,34
2022-08-04,0.016846304625863073,31,0.01865715760311588,34,0.019449308410696125,35
2022-08-05,0.01842002620226447,34,0.019419128737807483,35,0.019823496778146075,35
2022-08-08,0.01880599769784073,34,0.018907978385296773,34,0.01986340028249019,35
2022-08-09,0.016798259418917997,31,0.015226741841418355,26,0.01974784802171472,35
2022-08-10,0.023020650424038117,40,0.018884040762034843,34,0.02154464268271822,36
2022-08-11,0.01825832727493286,34,0.01873804060564087,34,0.021603975498556846,37
2022-08-12,0.01801844511502878,33,0.018408098547362316,33,0.020431563487132688,35
2022-08-15,0.01853777676083983,34,0.018948755019551605,34,0.018453891776839832,33
2022-08-16,0.0181565051895341,33,0.017336187501055946,31,0.018469327177081864,33
2022-08-17,0.01465251630373658,27,0.01836961324152021,33,0.01809398110872423,32
2022-08-18,0.009798487809568423,15,0.016643063452824042,29,0.018084301141047816,32
2022-08-19,0.01191286937731351,20,0.01814733233357888,33,0.01852105292399901,33
2022-08-22,0.015960778391507578,30,0.020936032667477924,37,0.019242136316421018,34
2022-08-23,0.013943348389800332,25,0.020899311303110242,37,0.018955811881382144,34
2022-08-24,0.01476793177961451,27,0.01587317144466971,27,0.01739366186374356,31
2022-08-25,0.018641802422647378,34,0.014508500148518169,24,0.01737783623846589,31
2022-08-26,0.022455872201086694,39,0.017052118367867602,30,0.019205294181107925,34
2022-08-29,0.02016531393925618,36,0.01724004452149996,30,0.019072459772176607,34
2022-08-30,0.019698253632263008,36,0.01621499575461108,28,0.019079289651371168,34
2022-08-31,0.01933735271242703,35,0.016222948161236553,28,0.018903138155952376,34
2022-09-01,0.013212834875668078,24,0.0157884534799622,27,0.01857307001220605,33
2022-09-02,0.0049342775588684966,2,0.015341423926342454,26,0.018302746818464638,33
2022-09-06,0.003869179259758089,1,0.013696756027050406,23,0.01745484325693216,31
2022-09-07,0.01421549311107155,26,0.01641748132187875,29,0.01825761595047504,32
2022-09-08,0.022117083104763957,39,0.02115985206722161,37,0.020024519844180626,35
2022-09-09,0.020224518815064155,36,0.02070410098016712,36,0.017970451626095615,32
2022-09-12,0.0183335992981445,34,0.017872432169061352,32,0.017725950240003542,31
2022-09-13,0.03081634645868815,46,0.022620755785284608,39,0.019677433470147557,35
2022-09-14,0.030165916570043628,45,0.02259698680149061,39,0.019668209023745244,35
2022-09-15,0.026820585122531812,43,0.023274789660582412,40,0.02026284631204282,35
2022-09-16,0.02805775492912517,44,0.024347471703942643,41,0.02060563406163709,36
2022-09-19,0.026050575416103467,43,0.0242537021804318,41,0.020822272755977016,36
2022-09-20,0.017071714199023872,32,0.02400609618961791,40,0.02045056671813354,35
2022-09-21,0.020730718418039428,37,0.024943304401054203,41,0.02023901324148491,35
2022-09-22,0.016856549952028278,31,0.023058761921499527,39,0.02116988490422661,36
2022-09-23,0.016490632732256802,31,0.02224023681235021,38,0.021250285610708092,36
2022-09-26,0.009116977656578094,13,0.019808282709337273,35,0.021018031125917318,36
2022-09-27,0.007203855207844611,7,0.017017102734994634,30,0.020035637469575616,35
2022-09-28,0.023793522228124888,41,0.0212783900662331,37,0.02130190627478704,36
2022-09-29,0.021306748419597246,38,0.0185702123574324,33,0.021476674959011583,36
2022-09-30,0.021124142611201328,38,0.01835189052618208,33,0.02146339494863072,36
2022-10-03,0.02273912707714748,40,0.0207892239245328,36,0.022385547327773838,37
2022-10-04,0.024922258164219512,42,0.026521210242548682,42,0.024498640343709674,40
2022-10-05,0.025238709270352117,42,0.02534458618716154,41,0.024372789508794526,40
2022-10-06,0.025651954925970454,42,0.023820858221141956,40,0.024150418055801978,39
2022-10-07,0.027182160391167404,43,0.02385158773115177,40,0.022638120805766944,38
2022-10-10,0.02494611719220069,42,0.02258380250800193,39,0.022384965022913542,37
2022-10-11,0.006177983531638079,5,0.02265815937402988,39,0.021776193751075527,37
2022-10-12,0.0061060161377618225,5,0.020525115292045603,36,0.020091224779984297,35
2022-10-13,0.03440096013008942,47,0.028686683791664867,44,0.025225552226788062,40
2022-10-14,0.0342130120516161,47,0.02914537727573546,45,0.024736413762542212,40
2022-10-17,0.03446160317684588,47,0.028819089394347092,44,0.02491346282852421,40
2022-10-18,0.031385813058713595,46,0.025404458659959793,41,0.024784787989445868,40
2022-10-19,0.041488126867415445,50,0.029576682021501027,45,0.026661417630554133,42
2022-10-20,0.03539308826606004,48,0.03528180715791457,48,0.029469211607875134,45
2022-10-21,0.050394395590554524,51,0.04095968214595727,49,0.03192724202205354,46
2022-10-24,0.05342333043701567,52,0.042835873667416764,50,0.032976471373466716,47
2022-10-25,0.05508820099041244,52,0.04266227433444294,50,0.032938103175677656,47
2022-10-26,0.04779890579932208,51,0.042358531537025366,50,0.03257532464026519,46
2022-10-27,0.026351993987889444,43,0.03770300569040022,49,0.032149142900543534,46
2022-10-28,0.01817128144463288,33,0.037552901583352456,49,0.03195204083259891,46
2022-10-31,0.015354687815118567,29,0.037333251041462664,48,0.03204490715741575,46
2022-11-01,0.00999712237427188,15,0.03733308591082589,48,0.03166717923633267,46
2022-11-02,0.017618431037617708,33,0.035337293985501964,48,0.031146472298570857,46
2022-11-03,0.019330136972429458,35,0.028159153391456467,44,0.031528544489989874,46
2022-11-04,0.025599138525285194,42,0.023915019902501847,40,0.03215407405627164,46
2022-11-07,0.025526471434401125,42,0.02069826945964141,36,0.03198367005506844,46
2022-11-08,0.02546205248366197,42,0.01852661008187916,33,0.03194717906248687,46
2022-11-09,0.02262545492681177,40,0.019196172732593164,34,0.03197869529150038,46
2022-11-10,0.028999872771893677,44,0.025912452039131152,42,0.03361907607768533,47
2022-11-11,0.02663583545234102,43,0.025770402140954916,42,0.030806221740276807,46
2022-11-14,0.030032410779457317,45,0.026745904769878908,42,0.031142039875545844,46
2022-11-15,0.03000080711650513,45,0.0269239552511684,43,0.030883503097517452,46
2022-11-16,0.030036026751291633,45,0.025511016137973134,42,0.031214974212524626,46
2022-11-17,0.017240340497266915,32,0.024628382158555465,41,0.02947923715113643,45
2022-11-18,0.015335373424801383,28,0.022259055526075384,38,0.025207214924365125,40
2022-11-21,0.013283504303597309,24,0.02222980118170167,38,0.022050419238522308,37
2022-11-22,0.014140960024439275,26,0.022555312818167302,39,0.020550896770304534,36
2022-11-23,0.010336847419469932,16,0.021327132391489773,37,0.019694202259613512,35
2022-11-25,0.005437231008351564,3,0.013529703142024813,22,0.01969132591563203,35
2022-11-28,0.01456489345684864,27,0.014507210207848642,24,0.020456530878610872,35
2022-11-29,0.015404269045640354,29,0.013620238273490534,22,0.020235055637227144,35
2022-11-30,0.014531485761065315,27,0.013524641584877865,22,0.020249343783501694,35
2022-12-01,0.016305099647332223,30,0.013257902516110776,21,0.020589395044256886,36
2022-12-02,0.01640288991004335,31,0.013449016328980547,22,0.019679469742129328,35
2022-12-05,0.03104378584632455,46,0.024147717682501114,41,0.023980805215688513,39
2022-12-06,0.027305889123836847,43,0.024074075494869458,40,0.022864480291760494,38
2022-12-07,0.0312534330885481,46,0.02511444358781403,41,0.023584486478432403,39
2022-12-08,0.031939685728869044,46,0.024966685856267944,41,0.02356354133244606,39
2022-12-09,0.03306532222380803,47,0.024850475629932988,41,0.02333050169770552,38
2022-12-12,0.016694277707413552,31,0.02513845170570254,41,0.020027252976192452,35
2022-12-13,0.012982978287180601,23,0.024339381918042035,41,0.019560214334898254,35
2022-12-14,0.011856775845916587,20,0.023624408995907186,40,0.01948108720455857,35
2022-12-15,0.012278730920594528,21,0.023567060539747615,40,0.019161621256082135,34
2022-12-16,0.011608415199809478,20,0.02353512390677224,40,0.018992549291799634,34
2022-12-19,0.00758743402782567,8,0.013753788488805175,23,0.018983309066269854,34
2022-12-20,0.009084823036457974,13,0.012325002315059458,19,0.01879009190108475,33
2022-12-21,0.008775118931806401,12,0.009906288205712575,12,0.018936913893081084,34
2022-12-22,0.007273438654777413,7,0.010147209366445533,12,0.018534260624408258,33
2022-12-23,0.0038647725183530214,1,0.010651465609340308,14,0.018763593489824575,33
2022-12-27,0.0043011587130551724,1,0.010717246436268948,14,0.019038424752559215,34
2022-12-28,0.005672636318675624,3,0.010307481752826817,13,0.018508188837444463,33
2022-12-29,0.005568114970205268,3,0.007830083325648957,5,0.0182415801537052,32
2022-12-30,0.006032395875593792,4,0.0064875592671422636,2,0.017979740881107382,32
2023-01-03,0.0066124616788829855,6,0.005456036392297503,1,0.017786894896059814,32
2023-01-04,0.012139485568851891,21,0.008742048074168443,8,0.018715274582080943,33
2023-01-05,0.01350838534177922,24,0.009977517563119823,12,0.012154677276658353,16
2023-01-06,0.021683129625687234,38,0.015156943807825164,26,0.013968644855499519,22
2023-01-09,0.02274473281083543,40,0.015861180321570474,27,0.013409015819475449,20
2023-01-10,0.02151052201594044,38,0.015843105632787194,27,0.013370085280672751,20
2023-01-11,0.02069631872870865,37,0.01600851978687991,28,0.013444627478940747,20
2023-01-12,0.01921646161706442,35,0.01622317393011893,28,0.01368084943235655,21
2023-01-13,0.01065477948586559,17,0.01680158967362276,29,0.013580214196470363,20
2023-01-17,0.012641319343531828,22,0.018017557030298816,32,0.013247984576446803,19
2023-01-18,0.0208503650607117,37,0.0228913874760007,39,0.016069277408472332,28
2023-01-19,0.027194034282592323,43,0.023266116794682417,40,0.016850497591214653,29
2023-01-20,0.02984816632505941,45,0.024485540768547507,41,0.017751594926713715,31
2023-01-23,0.03181257159305445,46,0.022483560822851117,39,0.018343024862748303,33
2023-01-24,0.031048164302437342,46,0.022650573281702082,39,0.018632686961300837,33
2023-01-25,0.016401024612895346,31,0.023090158830416953,39,0.018836881188961884,34
2023-01-26,0.01583707527718076,29,0.022930712864842075,39,0.018826345205177182,34
2023-01-27,0.01390225907776285,25,0.022557094476941545,39,0.018770212600644508,33
2023-01-30,0.011365505963325922,19,0.022605582885331,39,0.018925616658900007,34
2023-01-31,0.010095800341324668,15,0.02176556192117685,38,0.01902633989533853,34
2023-02-01,0.009158677263206518,13,0.014116347080165268,24,0.01907756938499564,34
2023-02-02,0.014019030924982115,26,0.014243883469695394,24,0.01956645309682726,35
2023-02-03,0.015458750758749529,29,0.013860381117767707,23,0.019309383146183155,34
2023-02-06,0.016109037662048343,30,0.013561573347759042,22,0.01934107920320307,34
2023-02-07,0.01623858311078357,30,0.012784510825649485,20,0.0177958057218567,32
2023-02-08,0.01660914680910955,31,0.012650297373387673,20,0.01768243598720238,31
2023-02-09,0.010681444577659727,17,0.013636182634319203,23,0.018007094309580342,32
2023-02-10,0.010592843061738574,17,0.013761739267668518,23,0.017974316612037584,32
2023-02-13,0.010200790604117995,16,0.013214836752078529,21,0.017752002391666327,31
2023-02-14,0.006945538620079395,6,0.01324779565349002,21,0.017736676238030172,31
2023-02-15,0.006955214168353082,6,0.012729354406315136,20,0.017269205769437964,31
2023-02-16,0.007166202497559273,7,0.008575369290014526,8,0.014430760788338404,23
2023-02-17,0.008765763061359205,12,0.009192231250044878,9,0.013492329415821801,20
2023-02-21,0.011808079933858904,20,0.011357094830985175,16,0.013673674327498168,21
2023-02-22,0.011939632229183778,20,0.009400209247152548,10,0.012560897382930486,17
2023-02-23,0.012721600442534078,22,0.009761160264951703,12,0.01232504078055352,17
2023-02-24,0.013246439497587142,24,0.010066545924686542,12,0.011853227661581563,15
2023-02-27,0.012116242779141792,21,0.010148133716273811,12,0.011861003774139603,15
2023-02-28,0.006154284184041654,5,0.010021157039394223,12,0.011932034070397432,16
2023-03-01,0.006043118854100471,4,0.009929050833162463,12,0.01179570126614229,15
2023-03-02,0.009562435612830947,14,0.010751438810183313,14,0.011909053733473207,16
2023-03-03,0.012591263675287246,22,0.012208470376724548,18,0.012150688570227214,16
2023-03-06,0.01217950569100035,21,0.01178984524369385,17,0.010060303311976836,9
2023-03-07,0.025578288476587198,42,0.018717462400947908,34,0.014782020936515525,24
2023-03-08,0.025259114258532136,42,0.019125206798715128,34,0.015002920196476834,25
2023-03-09,0.03252140657819829,47,0.02500717546628538,41,0.018498986076765204,33
2023-03-10,0.024059785783573564,41,0.025492887015013833,41,0.019834522273052917,35
2023-03-13,0.044524163441367774,50,0.044785043203286745,51,0.03384727226809796,47
2023-03-14,0.053784447988313014,52,0.044657504623370266,51,0.0340323115944126,47
2023-03-15,0.05153008280274,51,0.04361794608522959,50,0.03389927567518941,47
2023-03-16,0.06631520256801328,52,0.049573292632752196,51,0.0362225708794296,48
2023-03-17,0.06713854531538169,52,0.04756056148348298,51,0.037192285996782495,48
2023-03-20,0.04714183749180755,51,0.054115673512057455,52,0.040085522537444115,49
2023-03-21,0.051292262523546704,51,0.058342408410881084,52,0.041924081219540096,50
2023-03-22,0.05561460942910185,52,0.059282310234119256,52,0.042826863560622826,50
2023-03-23,0.05238907077053632,51,0.05799004368541497,52,0.042773410925651546,50
2023-03-24,0.044467114420515604,50,0.05800037628168227,52,0.04282436820569244,50
2023-03-27,0.040050080432892224,49,0.04123904657133283,50,0.04373895152531147,50
2023-03-28,0.032141506032176186,46,0.04122216283313179,50,0.04387508755232403,50
2023-03-29,0.020902658085155533,37,0.03965603061067154,49,0.0445412490966767,51
2023-03-30,0.022622696331328938,40,0.038892396358884314,49,0.04457085604671188,51
2023-03-31,0.02264875265737602,40,0.03334015229466182,47,0.04493274436464755,51
2023-04-03,0.02004336747100146,36,0.029857214935337384,45,0.044423317241782834,51
2023-04-04,0.024271800343084793,41,0.02687164748059042,43,0.04446361481733574,51
2023-04-05,0.018811460859380066,34,0.021037389667692613,37,0.04388638512720696,50
2023-04-06,0.017984283393567693,33,0.01990968308353257,35,0.04419204702618563,50
2023-04-10,0.017273012495045065,32,0.019960403623279454,35,0.0429454379339183,50
2023-04-11,0.017473200023903037,32,0.01772704164941554,32,0.04237806562799574,50
2023-04-12,0.006663010773153343,6,0.017824071362019692,32,0.030143133904789184,45
2023-04-13,0.006672480505944532,6,0.015616792227023613,27,0.030159101927844642,45
2023-04-14,0.007214886888743401,7,0.013131049109043714,21,0.028952861097592052,44
2023-04-17,0.015686118816677995,29,0.01648093805686543,29,0.028459980818287905,44
2023-04-18,0.01670860588090896,31,0.01624027179137688,28,0.02514848360581048,40
2023-04-19,0.018991828399600858,35,0.01380560289967303,23,0.023693465121417685,39
2023-04-20,0.020770269262360853,37,0.014653874702930763,25,0.02176153165145662,37
2023-04-21,0.02241389410936059,39,0.01593311472440978,28,0.01804725442447645,32
2023-04-24,0.018942640277399943,35,0.01715623080168404,30,0.017664234278320066,31
2023-04-25,0.029540190020183,45,0.024128768623326486,41,0.021338001951999138,36
2023-04-26,0.01953640816870199,35,0.024116429840959682,40,0.0202014561305348,35
2023-04-27,0.02306245728129117,40,0.0242879476239515,41,0.0203329536441675,35
2023-04-28,0.026426547456420806,43,0.024807102112034088,41,0.01968728317876519,35
2023-05-01,0.026383984218132813,43,0.02199084711095782,38,0.019099902198056625,34
2023-05-02,0.025979821185923423,42,0.02625097777179566,42,0.021727040094186367,37
2023-05-03,0.026348017471265545,43,0.02203706460998211,38,0.0220848541546009,37
2023-05-04,0.023613273855446402,40,0.02224432214434208,38,0.022092149904382956,37
2023-05-05,0.04744417059609009,51,0.03620509964936806,48,0.027675386313609333,43
2023-05-08,0.04768858396645571,51,0.03633949849361843,48,0.027804885884883262,43
2023-05-09,0.04226293481438683,50,0.03356369497567835,47,0.027861247056438703,43
2023-05-10,0.04159283587721179,50,0.033852922106298707,47,0.027902269055792094,43
2023-05-11,0.0404510430053739,49,0.033888504584467564,47,0.028242310865183525,43
2023-05-12,0.014599583629427846,27,0.03310236134416251,47,0.028127898194419028,43
2023-05-15,0.020175014423997537,36,0.034836335396950434,47,0.02891122675094691,44
2023-05-16,0.019987375812226003,36,0.031538948552691425,46,0.027771595735068124,43
2023-05-17,0.03565323669186902,48,0.03665181845766533,48,0.031581650040026395,46
2023-05-18,0.03199343694010578,46,0.034681834696537364,47,0.030590817644435185,45
2023-05-19,0.03212079350515848,46,0.026511142437921662,42,0.030590616180416023,45
2023-05-22,0.03138209774127813,46,0.025629704258482464,42,0.030781048819402197,45
2023-05-23,0.027038841044489132,43,0.025956257664828827,42,0.030999053586289883,46
2023-05-24,0.016122713563542106,30,0.026434730406683614,42,0.02922196808790537,44
2023-05-25,0.017053978624260318,32,0.025223600202137614,41,0.02932752088878562,44
2023-05-26,0.017462096637205268,32,0.025082870502429255,41,0.029297416404919095,44
2023-05-30,0.016518861652639962,31,0.024249764737177455,41,0.02917070281990733,44
2023-05-31,0.022769098570711147,40,0.028533229360221516,44,0.030697694484163925,45
2023-06-01,0.026403658948876543,43,0.0207863726497126,36,0.02902142505977494,44
2023-06-02,0.03405920869776401,47,0.025775685665200786,42,0.03014393546529452,45
2023-06-05,0.03585409534264613,48,0.026591462450523785,42,0.029557409695070865,45
2023-06-06,0.04205538205232233,50,0.03065894734393867,45,0.027381422353362873,43
2023-06-07,0.02781778135955241,44,0.03044185581485327,45,0.02686418807315684,42
2023-06-08,0.0306126777465665,45,0.029244711109167147,45,0.026936984718400638,42
2023-06-09,0.029257279966963035,45,0.029996678162303735,45,0.02708270673860422,42
2023-06-12,0.029411762909122063,45,0.030924469785525634,46,0.02682547218224122,42
2023-06-13,0.02082624482856846,37,0.03190079028118524,46,0.027242397556545273,43
2023-06-14,0.02167437820241467,38,0.028736442332498547,44,0.02772062280446352,43
2023-06-15,0.028215174955522986,44,0.02943743846238344,45,0.027871206427154877,43
2023-06-16,0.026554722011737288,43,0.02637629631620054,42,0.02478867929508899,40
2023-06-20,0.02413497758833439,41,0.025396311318398014,41,0.024749684269912545,40
2023-06-21,0.021163310865740095,38,0.019794704123068774,35,0.024819105199064127,40
2023-06-22,0.023204635998096697,40,0.021436260631186466,37,0.025829468927075015,41
2023-06-23,0.01409475940079003,26,0.02144127062776197,37,0.025518187868781208,41
2023-06-26,0.01823506055284844,33,0.021672722954351572,38,0.02526894077716001,41
2023-06-27,0.018658012518625575,34,0.02098490906838196,37,0.025123896002950553,40
2023-06-28,0.01895367848855721,35,0.018940512755238975,34,0.025098972989036537,40
2023-06-29,0.008471770952292443,11,0.016868379226107285,30,0.02509441159107561,40
2023-06-30,0.00791402740336936,9,0.013188461718435181,21,0.022574718394160132,38
2023-07-03,0.00960402014676486,14,0.014792767005582156,25,0.022557797209661612,38
2023-07-05,0.011330284760151191,19,0.01494992053705839,25,0.020419017479156233,35
2023-07-06,0.012126392549866524,21,0.015012286969228891,25,0.020081135647569043,35
2023-07-07,0.013116721654625291,24,0.010445828899122704,13,0.016915691955961924,30
2023-07-10,0.012954832403638246,23,0.010158564278284288,12,0.01666299975061077,29
2023-07-11,0.010976192656606352,18,0.009932087320934884,12,0.01694666651650106,30
2023-07-12,0.009274499183955471,13,0.009823911220734654,12,0.01626268203358209,28
2023-07-13,0.005638343799858168,3,0.0099198244611627,12,0.015653004332720964,27
2023-07-14,0.011563180444314359,20,0.011661245737547,17,0.015066717525937242,25
2023-07-17,0.012244284627943934,21,0.01190229065184394,18,0.013955814454908481,22
2023-07-18,0.014233800283228936,26,0.012180875818743131,18,0.013183270463404692,19
2023-07-19,0.015447107708048332,29,0.012260758893307173,19,0.013535677518009303,20
2023-07-20,0.017174902106905702,32,0.012331135521128939,19,0.014449749445980343,23
2023-07-21,0.025463620270791076,42,0.018989735731432044,34,0.016701557059068606,29
2023-07-24,0.02558325229387218,42,0.019101886318742493,34,0.014746203062633642,24
2023-07-25,0.02773412380948013,44,0.020976640280898087,37,0.01580735596850987,27
2023-07-26,0.027305561109018602,43,0.02145056024155309,37,0.01586256181066718,27
2023-07-27,0.023298988242391,40,0.021441323513581228,37,0.01585183422417143,27
2023-07-28,0.01606278243347989,30,0.020236763741210192,36,0.015895166192124055,27
2023-07-31,0.015207346756655235,28,0.020163862001722186,36,0.015823293481002847,27
2023-08-01,0.010448795847431124,16,0.0199013931197835,35,0.016103144311036422,28
2023-08-02,0.011179235504833084,19,0.019687993418241692,35,0.01620625644246844,28
2023-08-03,0.011369486119070057,19,0.017409136102454575,31,0.016004497724172357,27
2023-08-04,0.00985861093832871,15,0.013105096019445754,21,0.015804929368876966,27
2023-08-07,0.008644885433396933,11,0.012186970751197417,18,0.015679801893653564,27
2023-08-08,0.010811485148670424,17,0.011535804383024635,17,0.016395066617240633,28
2023-08-09,0.011928793974574041,20,0.011222806615492843,16,0.016828942501585436,29
2023-08-10,0.012805207800451118,23,0.011695566404063723,17,0.016873054145671654,29
2023-08-11,0.013200231982180604,24,0.011041550487905066,15,0.016794159058524737,29
2023-08-14,0.01789238141831497,33,0.014098572158704517,24,0.018289541272164922,33
2023-08-15,0.020481715363380542,37,0.01643249645851608,29,0.019524538918613832,35
2023-08-16,0.02090408666364806,37,0.016442053349978305,29,0.01865852294505764,33
2023-08-17,0.019460397074425942,35,0.016216661629658485,28,0.01787053648743748,32
2023-08-18,0.017708029868167195,33,0.015918820615050937,28,0.016369579735044788,28
2023-08-21,0.015346641596741388,28,0.015884418796136182,27,0.015072675496533744,25
2023-08-22,0.013822851304327182,25,0.017049189128792164,30,0.015447645836609363,26
2023-08-23,0.019338588662799774,35,0.019803804052297366,35,0.01622845000565911,28
2023-08-24,0.020310873905247245,36,0.020158869322804904,36,0.015841796891522254,27
2023-08-25,0.020802229911643155,37,0.019869772608009092,35,0.015842435752375712,27
2023-08-28,0.022036150952382448,39,0.018583647656877856,33,0.016127133310874404,28
2023-08-29,0.014529783979691862,27,0.017030765279300402,30,0.01720406597954555,30
2023-08-30,0.014547143037898561,27,0.01693824793579747,30,0.017161377560297442,30
2023-08-31,0.014386113661179237,27,0.016962094932925446,30,0.017093806046353598,30
2023-09-01,0.010802278276006588,17,0.017216676191355855,30,0.017696080751720206,31
2023-09-05,0.01183450810712552,20,0.017278069038488376,30,0.017703683202798106,31
2023-09-06,0.013146802957300738,24,0.014334267104064732,24,0.017941644966383098,32
2023-09-07,0.01610321093466738,30,0.01534455521614336,26,0.01796892157314024,32
2023-09-08,0.017104683949579112,32,0.015401335526040925,26,0.017867381134393814,32
2023-09-11,0.013699119125163462,25,0.014546996557300736,24,0.017779676939515387,32
2023-09-12,0.02302922351448291,40,0.017604635103106104,31,0.019663026170560687,35
2023-09-13,0.02125837091521588,38,0.01678449952357832,29,0.018007238810842312,32
2023-09-14,0.01641023944213519,31,0.016792653496062303,29,0.016120328273854623,28
2023-09-15,0.017449563367905225,32,0.016928674757577124,30,0.016083158844395096,28
2023-09-18,0.019494506762220247,35,0.016560115391476896,29,0.01638799300491066,28
2023-09-19,0.00837864021453469,11,0.016776002808357147,29,0.016422599402572815,28
2023-09-20,0.008090773651377298,10,0.015774082924549494,27,0.016476538158107457,29
2023-09-21,0.005453024873069701,3,0.01535661052766689,26,0.015230658608982173,25
2023-09-22,0.008448352515247433,11,0.01694387386148985,30,0.01578591934046354,27
2023-09-25,0.012791944318618954,23,0.017196406041989472,30,0.01569099111543184,27
2023-09-26,0.014428419816877177,27,0.011943278361108815,18,0.01640656850968069,28
2023-09-27,0.013633288954983096,25,0.012233721143477911,18,0.016401357475005953,28
2023-09-28,0.016663760811074586,31,0.011732839460169597,17,0.015355685553318057,26
2023-09-29,0.016474181831737506,31,0.013462876925833497,22,0.015678640842076312,27
2023-10-02,0.019552279220426162,35,0.01560819803504697,27,0.016939824241089176,30
2023-10-03,0.01931302261969987,35,0.016095248186969523,28,0.016608930196228836,29
2023-10-04,0.019835820428476716,36,0.016621090585969802,29,0.016668724744575758,29
2023-10-05,0.020841200772511996,37,0.017960579628920635,32,0.0168617221938895,29
2023-10-06,0.018463679576257764,34,0.016838605537319844,29,0.016514350062693486,29
2023-10-09,0.013733240945636457,25,0.016735822788315122,29,0.016302681389462892,28
2023-10-10,0.012001115043742103,21,0.018273477480879118,33,0.017558608083165377,31
2023-10-11,0.01245703810203784,22,0.01743224880538109,31,0.015114493874685858,25
2023-10-12,0.017075155756300957,32,0.018371449508862017,33,0.015461448873002735,26
2023-10-13,0.017540854958247518,33,0.017799881748488965,32,0.01510424903840158,25
2023-10-16,0.018974592596598942,35,0.015774161239270182,27,0.015923438675378553,27
2023-10-17,0.01848396386006514,34,0.015028030986941473,25,0.017128015558633934,30
2023-10-18,0.022745013265903804,40,0.018172176242859748,33,0.017846882440967653,32
2023-10-19,0.02111776460225125,38,0.01813284993290702,33,0.018160986376267556,32
2023-10-20,0.0379077363914802,49,0.028210065488179056,44,0.02255429535873976,38
2023-10-23,0.03526850054326211,48,0.02806388421260295,44,0.022130392982215488,37
2023-10-24,0.02951351439924491,45,0.025823081368294743,42,0.021940500774536156,37
2023-10-25,0.03041151317502063,45,0.025907405954300345,42,0.021560784331693655,37
2023-10-26,0.03341343658561747,47,0.027369969269640887,43,0.022222639631101753,37
2023-10-27,0.019744710543490557,36,0.028585168085137596,44,0.02289385474591128,38
2023-10-30,0.021699248323477843,38,0.02897488661222499,44,0.02331112948831507,38
2023-10-31,0.021936436691153145,39,0.027891361141088897,44,0.022606816606665622,38
2023-11-01,0.022265162659764963,39,0.02696541157273843,43,0.022066916372383,37
2023-11-02,0.03266129537331495,47,0.033416393856888674,47,0.0256143633920092,41
2023-11-03,0.027052882550081814,43,0.02830178962001098,44,0.02814831326846382,43
2023-11-06,0.03329443860428377,47,0.028426600218172254,44,0.028318546629086665,44
2023-11-07,0.03457032238018094,48,0.028255669471108275,44,0.02831534180549693,44
2023-11-08,0.03956568082052007,49,0.0307390747020126,45,0.028502191243165633,44
2023-11-09,0.034179601870982367,47,0.032356052098321875,46,0.029133677982814066,44
2023-11-10,0.016080980539588986,30,0.02989430762588934,45,0.02884357386415587,44
2023-11-13,0.016934676577343172,32,0.029664091935716588,45,0.02873602784875196,44
2023-11-14,0.03624325116089718,48,0.03442259739038195,47,0.03150038084594808,46
2023-11-15,0.03252826160759826,47,0.03415499690664139,47,0.0314522366727958,46
2023-11-16,0.027129068488454654,43,0.03087619545904056,46,0.03077810431916513,45
2023-11-17,0.026779376628292034,43,0.02620671518897041,42,0.030839668840991426,46
2023-11-20,0.026466638870650084,43,0.02550795149027487,42,0.02626804407562556,41
2023-11-21,0.014679910286340163,27,0.026071323784999694,42,0.0262532350863133,41
2023-11-22,0.010853959221990854,17,0.024212963629870524,41,0.02635914487079866,42
2023-11-24,0.01039045467704515,16,0.021409818187610338,37,0.026358782956223816,42
2023-11-27,0.006199783590385695,5,0.02173127403041506,38,0.026191263752185202,41
2023-11-28,0.00769760979806708,8,0.021614726607052957,38,0.02479846672177331,40
2023-11-29,0.016647834453207364,31,0.014857447505937439,25,0.025349231302682348,41
2023-11-30,0.015142780149148346,28,0.01432646889017915,24,0.02541499443764442,41
2023-12-01,0.02303081439822167,40,0.020632132954564418,36,0.0271641195556222,42
2023-12-04,0.021750110869768944,39,0.020797868872832602,36,0.025040078901952548,40
2023-12-05,0.028741022122276867,44,0.02267910352535755,39,0.023356056424991414,38
2023-12-06,0.027571012279426776,44,0.021654185085342448,38,0.022940646668246214,38
2023-12-07,0.02752814471232544,44,0.020945545678353456,37,0.0230196347614233,38
2023-12-08,0.014052965999993365,26,0.020614318398528373,36,0.021710033821363245,37
2023-12-11,0.015818483988414737,29,0.02161334093878507,38,0.020692492041752206,36
2023-12-12,0.014026444624864055,26,0.02298450724000453,39,0.021259549566883636,36
2023-12-13,0.029185933710861044,45,0.02676950758801194,43,0.02378900032466227,39
2023-12-14,0.0439102973932595,50,0.03539304488244836,48,0.026675840544029838,42
2023-12-15,0.045857315603563396,50,0.03358391714938081,47,0.02680840510888156,42
2023-12-18,0.04379425548038867,50,0.033668194891041364,47,0.026601412665060987,42
2023-12-19,0.041181887880717194,50,0.03212418730186283,46,0.026688330193203453,42
2023-12-20,0.044345989654680486,50,0.0354267720746743,48,0.028300058973325277,44
2023-12-21,0.016269903351126283,30,0.035366550622642476,48,0.02787021679034369,43
2023-12-22,0.016512229297347324,31,0.03547626436672639,48,0.027668125740336044,43
2023-12-26,0.01830245089596506,34,0.034632736679609734,47,0.02758576900849682,43
2023-12-27,0.018346905407961973,34,0.03376869720495189,47,0.027469766743650644,43
2023-12-28,0.008653925291540165,11,0.030297375287619836,45,0.027816015122415095,43
2023-12-29,0.009396598331362055,14,0.012768033783403817,20,0.027597052703613303,43
