date,daily_return,price
1999-06-04,0.008746,64.875
1999-06-07,0.021195,66.25
1999-06-08,-0.004717,65.9375
1999-06-09,0.004739,66.25
1999-06-10,-0.000943,66.1875
1999-06-11,0.012748,67.03125
1999-06-14,-0.018182,65.8125
1999-06-15,0.022792,67.3125
1999-06-16,0.035283,69.6875
1999-06-17,0.029596,71.75
1999-06-18,0.008711,72.375
1999-06-21,-0.009499,71.6875
1999-06-22,0.000872,71.75
1999-06-23,-0.016551,70.5625
1999-06-24,-0.022144,69.0
1999-06-25,0.019928,70.375
1999-06-28,0.015986,71.5
1999-06-29,0.020979,73.0
1999-06-30,0.004281,73.3125
1999-07-01,0.016198,74.5
1999-07-02,-0.000839,74.4375
1999-07-06,0.009236,75.125
1999-07-07,-0.002496,74.9375
1999-07-08,0.00417,75.25
1999-07-09,-0.009967,74.5
1999-07-12,0.001678,74.625
1999-07-13,-0.010888,73.8125
1999-07-14,0.001693,73.9375
1999-07-15,0.010144,74.6875
1999-07-16,0.010879,75.5
1999-07-19,-0.019868,74.0
1999-07-20,-0.030405,71.75
1999-07-21,-0.033972,69.3125
1999-07-22,0.000902,69.375
1999-07-23,-0.010811,68.625
1999-07-26,0.017304,69.8125
1999-07-27,0.006267,70.25
1999-07-28,-0.003559,70.0
1999-07-29,-0.023214,68.375
1999-07-30,-0.029251,66.375
1999-08-02,-0.012241,65.5625
1999-08-03,-0.014299,64.625
1999-08-04,-0.021277,63.25
1999-08-05,-0.003953,63.0
1999-08-06,-0.045635,60.125
1999-08-09,0.008316,60.625
1999-08-10,-0.006186,60.25
1999-08-11,0.020228,61.46875
1999-08-12,-0.013727,60.625
1999-08-13,0.034021,62.6875
1999-08-16,-0.002991,62.5
1999-08-17,0.034,64.625
1999-08-18,0.009671,65.25
1999-08-19,-0.015326,64.25
1999-08-20,0.015564,65.25
1999-08-23,0.020115,66.5625
1999-08-24,0.004695,66.875
1999-08-25,-0.011215,66.125
1999-08-26,-0.034027,63.875
1999-08-27,-0.001957,63.75
1999-08-30,-0.057843,60.0625
1999-08-31,0.007284,60.5
1999-09-01,-0.003926,59.8125
1999-09-02,-0.012539,59.0625
1999-09-03,0.055027,62.3125
1999-09-07,-0.026078,60.6875
1999-09-08,-0.021627,59.375
1999-09-09,-0.024211,57.9375
1999-09-10,0.023733,59.3125
1999-09-13,-0.002107,59.1875
1999-09-14,-0.045407,56.5
1999-09-15,-0.017699,55.5
1999-09-16,0.003378,55.6875
1999-09-17,0.004489,55.9375
1999-09-20,-0.002235,55.8125
1999-09-21,-0.025756,54.375
1999-09-22,-0.016092,53.5
1999-09-23,0.022196,54.6875
1999-09-24,0.056,57.75
1999-09-27,-0.03355,55.8125
1999-09-28,0.005599,56.125
1999-09-29,-0.03118,54.375
1999-09-30,0.024138,55.6875
1999-10-01,-0.006734,55.3125
1999-10-04,0.037288,57.375
1999-10-05,0.006536,57.75
1999-10-06,0.019481,58.875
1999-10-07,-0.037155,56.6875
1999-10-08,-0.012128,56.0
1999-10-11,-0.033482,54.125
1999-10-12,-0.010393,53.5625
1999-10-13,-0.031505,51.875
1999-10-14,-0.016868,51.0
1999-10-15,-0.055147,48.1875
1999-10-18,0.028534,49.5625
1999-10-19,0.079445,53.5
1999-10-20,0.021028,54.625
1999-10-21,0.005721,54.9375
1999-10-22,0.069397,58.75
1999-10-25,-0.008511,58.25
1999-10-26,0.001073,58.3125
1999-10-27,0.04716,61.0625
1999-10-28,0.048106,64.0
1999-10-29,0.006836,64.4375
1999-11-01,0.00679,64.875
1999-11-02,-0.009634,64.25
1999-11-03,-0.019455,63.0
1999-11-04,0.007937,63.5
1999-11-05,0.024606,65.0625
1999-11-08,0.014409,66.0
1999-11-09,-0.03125,63.9375
1999-11-10,0.000978,64.0
1999-11-11,-0.015625,63.0
1999-11-12,0.055556,66.5
1999-11-15,-0.011278,65.75
1999-11-16,0.026616,67.5
1999-11-17,-0.013889,66.5625
1999-11-18,-0.01784,65.375
1999-11-19,-0.003824,65.125
1999-11-22,-0.017275,64.0
1999-11-23,-0.021484,62.625
1999-11-24,-0.041916,60.0
1999-11-26,0.008333,60.5
1999-11-29,-0.058884,56.9375
1999-11-30,0.027442,58.5
1999-12-01,-0.002137,57.875
1999-12-02,-0.025918,56.375
1999-12-03,0.018847,57.4375
1999-12-06,-0.042437,55.0
1999-12-07,-0.045455,52.5
1999-12-08,-0.038095,50.5
1999-12-09,0.008663,50.9375
1999-12-10,0.052761,53.625
1999-12-13,-0.018648,52.625
1999-12-14,-0.028504,51.125
1999-12-15,-0.025672,49.8125
1999-12-16,0.007528,50.1875
1999-12-17,-0.032379,48.5625
1999-12-20,-0.011583,48.0
1999-12-21,0.027344,49.3125
1999-12-22,-0.016477,48.5
1999-12-23,0.018041,49.375
1999-12-27,-0.007595,49.0
1999-12-28,0.006378,49.3125
1999-12-29,0.011407,49.875
1999-12-30,0.016291,50.6875
1999-12-31,-0.009864,50.1875
2000-01-03,-0.034869,48.4375
2000-01-04,-0.059355,45.5625
2000-01-05,0.010974,46.0625
2000-01-06,0.071913,49.375
2000-01-07,-0.013924,48.6875
2000-01-10,-0.03466,47.0
2000-01-11,-0.021277,46.0
2000-01-12,0.01087,46.5
2000-01-13,0.02285,47.5625
2000-01-14,0.059133,50.375
2000-01-18,-0.047146,48.0
2000-01-19,-0.019531,47.0625
2000-01-20,-0.021248,46.0625
2000-01-21,-0.008141,45.6875
2000-01-24,-0.024624,44.5625
2000-01-25,0.012623,45.125
2000-01-26,0.044321,47.125
2000-01-27,0.02122,48.125
2000-01-28,-0.049351,45.75
2000-01-31,0.058743,48.4375
2000-02-01,0.0,48.4375
2000-02-02,-0.014194,47.75
2000-02-03,-0.027487,46.4375
2000-02-04,-0.02288,45.375
2000-02-07,-0.001377,45.3125
2000-02-08,0.04,47.125
2000-02-09,-0.022546,46.0625
2000-02-10,-0.02578,44.875
2000-02-11,0.006964,45.1875
2000-02-14,-0.020747,44.25
2000-02-15,0.031073,45.625
2000-02-16,-0.009589,45.1875
2000-02-17,-0.012448,44.625
2000-02-18,-0.019608,43.75
2000-02-22,0.022857,44.75
2000-02-23,0.022346,45.75
2000-02-24,-0.020492,44.8125
2000-02-25,-0.015342,44.125
2000-02-28,0.041077,45.9375
2000-02-29,0.001361,46.0
2000-03-01,0.001359,45.5625
2000-03-02,-0.010974,45.0625
2000-03-03,-0.001387,45.0
2000-03-06,0.0,45.0
2000-03-07,-0.022222,44.0
2000-03-08,-0.008523,43.625
2000-03-09,-0.012894,43.0625
2000-03-10,-0.004354,42.875
2000-03-13,0.007289,43.1875
2000-03-14,-0.013025,42.625
2000-03-15,0.076246,45.875
2000-03-16,0.07357,49.25
2000-03-17,0.015228,50.0
2000-03-20,-0.0075,49.625
2000-03-21,0.027708,51.0
2000-03-22,0.008578,51.4375
2000-03-23,0.053463,54.1875
2000-03-24,0.008074,54.625
2000-03-27,-0.009153,54.125
2000-03-28,-0.010393,53.5625
2000-03-29,-0.029172,52.0
2000-03-30,-0.02524,50.6875
2000-03-31,0.034525,52.4375
2000-04-03,0.058403,55.5
2000-04-04,-0.023649,54.1875
2000-04-05,-0.00346,54.0
2000-04-06,-0.010417,53.4375
2000-04-07,-0.021053,52.3125
2000-04-10,0.009558,52.8125
2000-04-11,-0.008876,52.34375
2000-04-12,0.042388,54.5625
2000-04-13,-0.032073,52.8125
2000-04-14,-0.054438,49.9375
2000-04-17,0.007509,50.3125
2000-04-18,0.007453,50.6875
2000-04-19,-0.024661,49.4375
2000-04-20,0.002528,49.5625
2000-04-24,0.039092,51.5
2000-04-25,0.037621,53.4375
2000-04-26,-0.031579,51.75
2000-04-27,-0.009662,51.25
2000-04-28,-0.043902,49.0
2000-05-01,0.020408,50.0
2000-05-02,-0.0075,49.625
2000-05-03,-0.012595,49.0
2000-05-04,-0.020408,48.0
2000-05-05,-0.009115,47.5625
2000-05-08,0.013141,48.1875
2000-05-09,0.0,48.1875
2000-05-10,-0.03502,46.5
2000-05-11,0.018817,47.375
2000-05-12,0.025396,48.57813
2000-05-15,0.042136,50.625
2000-05-16,-0.018519,49.6875
2000-05-17,-0.007547,49.3125
2000-05-18,0.020279,50.3125
2000-05-19,-0.01118,49.75
2000-05-22,0.01005,50.25
2000-05-23,0.04602,52.5625
2000-05-24,0.067777,56.125
2000-05-25,-0.014477,55.3125
2000-05-26,-0.012429,54.625
2000-05-30,0.005721,54.9375
2000-05-31,0.018203,55.4375
2000-06-01,0.024803,56.8125
2000-06-02,0.073707,61.0
2000-06-05,-0.028689,59.25
2000-06-06,-0.042194,56.75
2000-06-07,0.018723,57.8125
2000-06-08,-0.018378,56.75
2000-06-09,-0.013216,56.0
2000-06-12,0.008929,56.5
2000-06-13,-0.014381,55.6875
2000-06-14,-0.006734,55.3125
2000-06-15,-0.061017,51.9375
2000-06-16,-0.086643,47.4375
2000-06-19,0.025033,48.625
2000-06-20,-0.002571,48.5
2000-06-21,-0.030928,47.0
2000-06-22,0.0,47.0
2000-06-23,0.007979,47.375
2000-06-26,0.011873,47.9375
2000-06-27,-0.018253,47.0625
2000-06-28,-0.035857,45.375
2000-06-29,0.001377,45.4375
2000-06-30,-0.053645,43.0
2000-07-03,0.046512,45.0
2000-07-05,0.006944,45.3125
2000-07-06,0.011035,45.8125
2000-07-07,0.035471,47.4375
2000-07-10,0.0,47.4375
2000-07-11,-0.01054,46.9375
2000-07-12,-0.002663,46.8125
2000-07-13,-0.013351,46.1875
2000-07-14,0.024357,47.3125
2000-07-17,-0.003963,47.125
2000-07-18,-0.023873,46.0
2000-07-19,0.002717,46.125
2000-07-20,0.048781,48.375
2000-07-21,-0.018088,47.5
2000-07-24,-0.001316,47.4375
2000-07-25,0.017128,48.25
2000-07-26,-0.024611,47.0625
2000-07-27,-0.00664,46.75
2000-07-28,-0.008021,46.375
2000-07-31,0.021563,47.375
2000-08-01,0.006596,47.6875
2000-08-02,-0.010485,47.1875
2000-08-03,0.039735,49.0625
2000-08-04,0.06879,52.4375
2000-08-07,-0.001192,52.375
2000-08-08,-0.008353,51.9375
2000-08-09,0.021661,53.0625
2000-08-10,0.007067,53.4375
2000-08-11,0.010526,54.0
2000-08-14,0.017361,54.9375
2000-08-15,-0.011377,54.3125
2000-08-16,-0.018412,53.3125
2000-08-17,0.004689,53.5625
2000-08-18,0.003501,53.75
2000-08-21,0.002326,53.875
2000-08-22,0.010441,54.4375
2000-08-23,-0.006889,54.0625
2000-08-24,-0.028902,52.5
2000-08-25,-0.014286,51.75
2000-08-28,0.001208,51.8125
2000-08-29,-0.018094,50.875
2000-08-30,0.009828,50.875
2000-08-31,0.052826,53.5625
2000-09-01,-0.019837,52.5
2000-09-05,0.013095,53.1875
2000-09-06,0.008226,53.625
2000-09-07,0.015152,54.4375
2000-09-08,0.027555,55.9375
2000-09-11,0.011173,56.5625
2000-09-12,0.007735,57.0
2000-09-13,-0.003289,56.8125
2000-09-14,-0.009901,56.25
2000-09-15,-0.027778,54.6875
2000-09-18,-0.018286,53.6875
2000-09-19,0.022119,54.875
2000-09-20,-0.019362,53.8125
2000-09-21,-0.015099,53.0
2000-09-22,0.037736,55.0
2000-09-25,0.0,55.0
2000-09-26,-0.021591,53.8125
2000-09-27,-0.020906,52.6875
2000-09-28,0.024911,54.0
2000-09-29,-0.030093,52.375
2000-10-02,0.013127,53.0625
2000-10-03,0.021201,54.1875
2000-10-04,-0.026528,52.75
2000-10-05,0.021327,53.875
2000-10-06,-0.041763,51.625
2000-10-09,-0.020581,50.5625
2000-10-10,-0.037083,48.6875
2000-10-11,-0.033376,47.0625
2000-10-12,-0.053121,44.5625
2000-10-13,0.044881,46.5625
2000-10-16,-0.02953,45.1875
2000-10-17,-0.053942,42.75
2000-10-18,-0.013158,42.1875
2000-10-19,0.044444,44.0625
2000-10-20,-0.007092,43.75
2000-10-23,0.0,43.75
2000-10-24,0.017143,44.5
2000-10-25,-0.009831,44.0625
2000-10-26,-0.015603,43.375
2000-10-27,0.036023,44.9375
2000-10-30,0.045897,47.0
2000-10-31,0.022606,48.0625
2000-11-01,0.006502,48.375
2000-11-02,0.018088,49.25
2000-11-03,-0.011421,48.6875
2000-11-06,0.048781,51.0625
2000-11-07,-0.007344,50.6875
2000-11-08,-0.038224,48.75
2000-11-09,0.020513,49.75
2000-11-10,-0.027638,48.375
2000-11-13,-0.01938,47.4375
2000-11-14,-0.032938,45.875
2000-11-15,-0.084469,42.0
2000-11-16,-0.002976,41.875
2000-11-17,-0.037313,40.3125
2000-11-20,-0.024806,39.3125
2000-11-21,0.007949,39.625
2000-11-22,-0.026814,38.5625
2000-11-24,0.019449,39.3125
2000-11-27,0.009539,39.6875
2000-11-28,0.020472,40.5
2000-11-29,0.018457,40.6875
2000-11-30,-0.018433,39.9375
2000-12-01,-0.004695,39.75
2000-12-04,-0.018868,39.0
2000-12-05,0.05609,41.1875
2000-12-06,-0.07739,38.0
2000-12-07,0.026316,39.0
2000-12-08,0.048077,40.875
2000-12-11,0.062691,43.4375
2000-12-12,0.0,43.4375
2000-12-13,-0.011511,42.9375
2000-12-14,-0.014556,42.3125
2000-12-15,-0.011817,41.8125
2000-12-18,0.040359,43.5
2000-12-19,0.017241,44.25
2000-12-20,-0.033898,42.75
2000-12-21,0.071637,45.8125
2000-12-22,0.006821,46.125
2000-12-26,0.004065,46.3125
2000-12-27,0.010796,46.8125
2000-12-28,0.0,46.8125
2000-12-29,-0.020027,45.875
2001-01-02,0.019074,46.75
2001-01-03,0.068182,49.9375
2001-01-04,0.031289,51.5
2001-01-05,-0.072816,47.75
2001-01-08,0.010471,48.25
2001-01-09,-0.025907,47.0
2001-01-10,0.033245,48.5625
2001-01-11,0.018018,49.4375
2001-01-12,-0.007585,49.0625
2001-01-16,0.038217,50.9375
2001-01-17,-0.026994,49.5625
2001-01-18,-0.01261,48.9375
2001-01-19,0.005109,49.1875
2001-01-22,0.024142,50.375
2001-01-23,0.0,50.375
2001-01-24,0.013648,51.0625
2001-01-25,0.008568,51.5
2001-01-26,0.032767,53.1875
2001-01-29,0.015652,54.02
2001-01-30,0.026842,55.47
2001-01-31,-0.029746,53.82
2001-02-01,-0.010034,53.28
2001-02-02,0.006006,53.6
2001-02-05,-0.006343,53.26
2001-02-06,-0.043184,50.96
2001-02-07,-0.02865,49.5
2001-02-08,-0.015152,48.75
2001-02-09,0.015385,49.5
2001-02-12,0.011313,50.06
2001-02-13,0.003596,50.24
2001-02-14,0.011146,50.8
2001-02-15,0.001772,50.89
2001-02-16,0.010022,51.4
2001-02-20,-0.044358,49.12
2001-02-21,-0.027891,47.75
2001-02-22,0.010471,48.25
2001-02-23,0.018446,49.14
2001-02-26,0.037444,50.98
2001-02-27,0.008827,51.43
2001-02-28,-0.017888,49.95
2001-03-01,-0.012212,49.34
2001-03-02,-0.005878,49.05
2001-03-05,0.000612,49.08
2001-03-06,0.024042,50.26
2001-03-07,0.049542,52.75
2001-03-08,0.018389,53.72
2001-03-09,-0.02271,52.5
2001-03-12,-0.016762,51.62
2001-03-13,0.050949,54.25
2001-03-14,-0.046083,51.75
2001-03-15,0.009662,52.25
2001-03-16,-0.016268,51.4
2001-03-19,0.030545,52.97
2001-03-20,-0.031716,51.29
2001-03-21,-0.006629,50.95
2001-03-22,-0.025123,49.67
2001-03-23,0.062613,52.78
2001-03-26,-0.005305,52.5
2001-03-27,0.037714,54.48
2001-03-28,-0.001101,54.42
2001-03-29,-0.023153,53.16
2001-03-30,0.02991,54.75
2001-04-02,-0.013516,54.01
2001-04-03,-0.032587,52.25
2001-04-04,-0.037129,50.31
2001-04-05,0.03061,51.85
2001-04-06,-0.043587,49.59
2001-04-09,0.020367,50.6
2001-04-10,0.026087,51.92
2001-04-11,0.012134,52.55
2001-04-12,0.007612,52.95
2001-04-16,-0.009443,52.45
2001-04-17,-0.00858,52.0
2001-04-18,0.061154,55.18
2001-04-19,0.02211,56.4
2001-04-20,-0.024645,55.01
2001-04-23,-0.001454,54.93
2001-04-24,-0.007828,54.5
2001-04-25,0.007339,54.9
2001-04-26,0.004007,55.12
2001-04-27,0.032656,56.92
2001-04-30,-0.016163,56.0
2001-05-01,0.008036,56.45
2001-05-02,-0.006023,56.11
2001-05-03,-0.002852,55.95
2001-05-04,0.007685,56.38
2001-05-07,-0.002661,56.23
2001-05-08,-0.009248,55.71
2001-05-09,-0.005924,55.38
2001-05-10,0.007223,55.78
2001-05-11,-0.040516,53.52
2001-05-14,0.016443,54.4
2001-05-15,0.011949,55.05
2001-05-16,0.027248,56.55
2001-05-17,0.000884,56.6
2001-05-18,0.007067,57.0
2001-05-21,-0.008947,56.49
2001-05-22,0.03806,58.64
2001-05-23,-0.000512,58.61
2001-05-24,0.023546,59.99
2001-05-25,-0.021337,58.71
2001-05-29,0.015159,59.6
2001-05-30,-0.004362,58.78
2001-05-31,0.007996,59.25
2001-06-01,-0.019409,58.1
2001-06-04,0.009122,58.63
2001-06-05,0.022514,59.95
2001-06-06,-0.004337,59.69
2001-06-07,-0.001508,59.6
2001-06-08,-0.009564,59.03
2001-06-11,-0.004913,58.74
2001-06-12,0.006129,59.1
2001-06-13,0.0,59.1
2001-06-14,-0.023689,57.7
2001-06-15,0.005546,58.02
2001-06-18,0.021027,59.24
2001-06-19,0.008103,59.72
2001-06-20,0.007033,60.14
2001-06-21,0.020619,61.38
2001-06-22,0.009123,61.94
2001-06-25,-0.011947,61.2
2001-06-26,-0.013072,60.4
2001-06-27,-0.001325,60.32
2001-06-28,-0.005637,59.98
2001-06-29,0.000834,60.03
2001-07-02,0.007829,60.5
2001-07-03,-0.000165,60.49
2001-07-05,-0.003472,60.28
2001-07-06,-0.031851,58.36
2001-07-09,0.009596,58.92
2001-07-10,-0.032926,56.98
2001-07-11,0.006493,57.35
2001-07-12,0.036269,59.43
2001-07-13,0.013798,60.25
2001-07-16,0.018755,61.38
2001-07-17,0.037797,63.7
2001-07-18,0.005965,64.08
2001-07-19,-0.009051,63.5
2001-07-20,-0.010236,62.85
2001-07-23,-0.007955,62.35
2001-07-24,-0.005453,62.01
2001-07-25,0.006289,62.4
2001-07-26,0.011378,63.11
2001-07-27,0.00618,63.5
2001-07-30,0.000787,63.55
2001-07-31,0.001101,63.62
2001-08-01,-0.009745,63.0
2001-08-02,0.007302,63.46
2001-08-03,-0.001733,63.35
2001-08-06,-0.008998,62.78
2001-08-07,0.004301,63.05
2001-08-08,-0.003806,62.81
2001-08-09,0.007801,63.3
2001-08-10,-0.006319,62.9
2001-08-13,0.0062,63.29
2001-08-14,-0.011534,62.56
2001-08-15,-0.000959,62.5
2001-08-16,0.01408,63.38
2001-08-17,-0.010887,62.69
2001-08-20,0.014037,63.57
2001-08-21,-0.000944,63.51
2001-08-22,0.01795,64.65
2001-08-23,0.005414,65.0
2001-08-24,-0.027077,63.24
2001-08-27,-0.007748,62.75
2001-08-28,-0.014183,61.86
2001-08-29,-0.02926,60.05
2001-08-30,0.002998,60.23
2001-08-31,0.021086,61.5
2001-09-04,0.006667,61.91
2001-09-05,-0.000969,61.29
2001-09-06,-0.024637,59.78
2001-09-07,-0.019906,58.59
2001-09-10,-0.016044,57.65
2001-09-17,-0.057242,54.35
2001-09-18,0.013248,55.07
2001-09-19,-0.001271,55.0
2001-09-20,-0.024909,53.63
2001-09-21,-0.04904,51.0
2001-09-24,0.046078,53.35
2001-09-25,0.032802,55.1
2001-09-26,-0.000907,55.05
2001-09-27,0.033243,56.88
2001-09-28,0.026723,58.4
2001-10-01,0.009418,58.95
2001-10-02,0.008991,59.48
2001-10-03,0.008574,59.99
2001-10-04,-0.018336,58.89
2001-10-05,-0.046867,56.13
2001-10-08,-0.033494,54.25
2001-10-09,-0.03871,52.15
2001-10-10,0.050815,54.8
2001-10-11,-0.00365,54.6
2001-10-12,-0.029121,53.01
2001-10-15,0.047916,55.55
2001-10-16,0.038884,57.71
2001-10-17,-0.01057,57.1
2001-10-18,-0.001751,57.0
2001-10-19,0.000526,57.03
2001-10-22,0.024198,58.41
2001-10-23,0.00856,58.91
2001-10-24,0.017654,59.95
2001-10-25,0.014012,60.79
2001-10-26,-0.002303,60.65
2001-10-29,-0.018961,59.5
2001-10-30,-0.008403,59.0
2001-10-31,-0.000169,58.99
2001-11-01,0.016274,59.95
2001-11-02,0.015346,60.87
2001-11-05,0.002629,61.03
2001-11-06,0.017696,62.11
2001-11-07,0.010304,62.75
2001-11-08,0.005578,63.1
2001-11-09,-0.000792,63.05
2001-11-12,-0.000476,63.02
2001-11-13,0.006982,63.46
2001-11-14,0.00063,63.5
2001-11-15,-0.004094,63.24
2001-11-16,-0.011069,62.54
2001-11-19,0.022546,63.95
2001-11-20,-0.00688,63.51
2001-11-21,0.001102,63.58
2001-11-23,0.022177,64.99
2001-11-26,-0.000923,64.93
2001-11-27,-0.022332,63.48
2001-11-28,-0.027883,61.71
2001-11-29,0.030627,63.6
2001-11-30,-0.034906,61.38
2001-12-03,0.000815,61.43
2001-12-04,0.014814,62.34
2001-12-05,0.005775,62.1
2001-12-06,0.014493,63.0
2001-12-07,0.002857,63.18
2001-12-10,-0.023109,61.72
2001-12-11,0.011828,62.45
2001-12-12,0.006886,62.88
2001-12-13,-0.01972,61.64
2001-12-14,-0.003569,61.42
2001-12-17,0.029795,63.25
2001-12-18,-0.002688,63.08
2001-12-19,0.006817,63.51
2001-12-20,-0.006456,63.1
2001-12-21,-0.023772,61.6
2001-12-24,0.003247,61.8
2001-12-26,0.009062,62.36
2001-12-27,0.009461,62.95
2001-12-28,0.009214,63.53
2001-12-31,-0.00913,62.95
2002-01-02,0.000159,62.96
2002-01-03,-0.001112,62.89
2002-01-04,0.015583,63.87
2002-01-07,-0.011899,63.11
2002-01-08,-0.016004,62.1
2002-01-09,-0.002415,61.95
2002-01-10,0.000807,62.0
2002-01-11,-0.017742,60.9
2002-01-14,-0.002956,60.72
2002-01-15,0.012022,61.45
2002-01-16,-0.010578,60.8
2002-01-17,0.005263,61.12
2002-01-18,-0.005236,60.8
2002-01-22,0.030757,62.67
2002-01-23,0.003032,62.86
2002-01-24,0.018136,64.0
2002-01-25,-0.010156,63.35
2002-01-28,0.004578,63.64
2002-01-29,-0.069767,59.2
2002-01-30,0.041554,61.66
2002-01-31,0.022219,63.03
2002-02-01,-0.026495,61.36
2002-02-04,-0.031943,59.4
2002-02-05,-0.008418,58.9
2002-02-06,-0.000849,58.85
2002-02-07,0.001699,58.95
2002-02-08,0.02799,60.6
2002-02-11,0.010726,61.25
2002-02-12,-0.003102,61.06
2002-02-13,0.01736,62.12
2002-02-14,-0.000966,62.06
2002-02-15,-0.020303,60.8
2002-02-19,-0.020559,59.55
2002-02-20,0.027372,61.18
2002-02-21,-0.001144,61.11
2002-02-22,0.003436,61.32
2002-02-25,0.031474,63.25
2002-02-26,0.006166,63.64
2002-02-27,0.008171,63.56
2002-02-28,0.006136,63.95
2002-03-01,0.013292,64.8
2002-03-04,0.024691,66.4
2002-03-05,-0.020331,65.05
2002-03-06,0.025365,66.7
2002-03-07,0.004198,66.98
2002-03-08,0.01269,67.83
2002-03-11,-0.001179,67.75
2002-03-12,0.00369,68.0
2002-03-13,-0.006618,67.55
2002-03-14,-0.008142,67.0
2002-03-15,0.032537,69.18
2002-03-18,-0.005348,68.81
2002-03-19,0.000727,68.86
2002-03-20,-0.014813,67.84
2002-03-21,0.002359,68.0
2002-03-22,0.009559,68.65
2002-03-25,-0.007283,68.15
2002-03-26,0.014233,69.12
2002-03-27,-0.00463,68.8
2002-03-28,-0.011337,68.02
2002-04-01,0.001911,68.15
2002-04-02,0.008804,68.75
2002-04-03,-0.007127,68.26
2002-04-04,0.006446,68.7
2002-04-05,0.003202,68.92
2002-04-08,0.008125,69.48
2002-04-09,0.003166,69.7
2002-04-10,0.003443,69.94
2002-04-11,-0.019159,68.6
2002-04-12,0.021137,70.05
2002-04-15,-0.012134,69.2
2002-04-16,0.021965,70.72
2002-04-17,0.001131,70.8
2002-04-18,-0.002542,70.62
2002-04-19,0.01416,71.62
2002-04-22,-0.007819,71.06
2002-04-23,0.013228,72.0
2002-04-24,-0.006944,71.5
2002-04-25,-0.009231,70.84
2002-04-26,0.013269,71.78
2002-04-29,-0.007105,71.27
2002-04-30,0.016978,72.48
2002-05-01,-0.003311,72.24
2002-05-02,0.018134,73.55
2002-05-03,0.001767,73.68
2002-05-06,-0.016422,72.47
2002-05-07,0.006761,72.96
2002-05-08,0.014254,74.0
2002-05-09,0.005676,74.42
2002-05-10,-0.007659,73.85
2002-05-13,0.015572,75.0
2002-05-14,0.011733,75.88
2002-05-15,0.000527,75.92
2002-05-16,0.00382,76.21
2002-05-17,0.009054,76.9
2002-05-20,-0.014304,75.8
2002-05-21,-0.010686,74.99
2002-05-22,0.005867,75.43
2002-05-23,0.016174,76.65
2002-05-24,-0.006654,76.14
2002-05-28,-0.005648,75.71
2002-05-29,0.007397,76.27
2002-05-30,-0.004589,75.92
2002-05-31,-0.001449,75.81
2002-06-03,-0.01794,74.45
2002-06-04,-0.000672,74.4
2002-06-05,-0.00793,73.21
2002-06-06,-0.047261,69.75
2002-06-07,0.017491,70.97
2002-06-10,0.002254,71.13
2002-06-11,-0.005905,70.71
2002-06-12,0.006223,71.15
2002-06-13,-0.021785,69.6
2002-06-14,0.021552,71.1
2002-06-17,0.031786,73.36
2002-06-18,0.008724,74.0
2002-06-19,-0.003378,73.75
2002-06-20,-0.022373,72.1
2002-06-21,-0.02552,70.26
2002-06-24,0.001423,70.36
2002-06-25,-0.00469,70.03
2002-06-26,-0.036841,67.45
2002-06-27,0.01705,68.6
2002-06-28,0.025656,70.36
2002-07-01,-0.015776,69.25
2002-07-02,0.003466,69.49
2002-07-03,-0.009929,68.8
2002-07-05,0.02936,70.82
2002-07-08,0.015815,71.94
2002-07-09,-0.023631,70.24
2002-07-10,-0.030467,68.1
2002-07-11,0.015419,69.15
2002-07-12,-0.007809,68.61
2002-07-15,-0.011952,67.79
2002-07-16,-0.02198,66.3
2002-07-17,-0.019608,65.0
2002-07-18,-0.036769,62.61
2002-07-19,-0.017409,61.52
2002-07-22,-0.020319,60.27
2002-07-23,-0.039323,57.9
2002-07-24,0.018998,59.0
2002-07-25,0.016102,59.95
2002-07-26,0.028357,61.65
2002-07-29,0.042985,64.3
2002-07-30,-0.000311,64.28
2002-07-31,0.034536,66.5
2002-08-01,-0.025564,64.8
2002-08-02,-0.019908,63.51
2002-08-05,-0.022831,62.06
2002-08-06,0.026909,63.73
2002-08-07,0.023851,65.25
2002-08-08,0.048123,68.39
2002-08-09,0.006141,68.81
2002-08-12,-0.005232,68.45
2002-08-13,-0.015924,67.36
2002-08-14,0.024347,69.0
2002-08-15,0.005797,69.4
2002-08-16,-0.009942,68.71
2002-08-19,0.02023,70.1
2002-08-20,-0.015549,69.01
2002-08-21,0.00768,69.54
2002-08-22,0.011648,70.35
2002-08-23,-0.013504,69.4
2002-08-26,0.023055,71.0
2002-08-27,0.005634,71.4
2002-08-28,-0.019468,70.01
2002-08-29,0.004999,70.36
2002-08-30,-0.00398,70.08
2002-09-03,-0.042095,67.13
2002-09-04,0.012513,67.37
2002-09-05,-0.000742,67.32
2002-09-06,0.029263,69.29
2002-09-09,-0.000577,69.25
2002-09-10,-0.010397,68.53
2002-09-11,0.003064,68.74
2002-09-12,-0.020512,67.33
2002-09-13,0.014407,68.3
2002-09-16,0.009956,68.98
2002-09-17,-0.013482,68.05
2002-09-18,-0.025716,66.3
2002-09-19,-0.044344,63.36
2002-09-20,-0.004104,63.1
2002-09-23,0.011886,63.85
2002-09-24,-0.028974,62.0
2002-09-25,0.024194,63.5
2002-09-26,0.03811,65.92
2002-09-27,-0.027913,64.08
2002-09-30,-0.00437,63.8
2002-10-01,0.036834,66.15
2002-10-02,-0.02963,64.19
2002-10-03,-0.068391,59.8
2002-10-04,-0.0301,58.0
2002-10-07,-0.041379,55.6
2002-10-08,0.028777,57.2
2002-10-09,-0.053322,54.15
2002-10-10,0.046353,56.66
2002-10-11,0.048359,59.4
2002-10-14,0.022054,60.71
2002-10-15,0.083018,65.75
2002-10-16,0.01673,66.85
2002-10-17,0.025879,68.58
2002-10-18,0.01079,69.32
2002-10-21,0.014859,70.35
2002-10-22,-0.00995,69.65
2002-10-23,0.006461,70.1
2002-10-24,-0.02311,68.48
2002-10-25,0.019568,69.82
2002-10-28,-0.004583,69.5
2002-10-29,-0.000863,69.44
2002-10-30,0.014545,70.45
2002-10-31,-0.009226,69.8
2002-11-01,0.00659,70.26
2002-11-04,0.0,70.26
2002-11-05,0.010817,71.02
2002-11-06,-0.013095,70.09
2002-11-07,-0.037808,67.44
2002-11-08,-0.004893,67.11
2002-11-11,-0.005364,66.75
2002-11-12,0.008989,67.35
2002-11-13,-0.000594,67.31
2002-11-14,0.021394,68.75
2002-11-15,0.000582,68.79
2002-11-18,-0.020061,67.41
2002-11-19,0.012016,68.22
2002-11-20,0.018763,69.5
2002-11-21,0.027626,71.42
2002-11-22,-0.0021,71.27
2002-11-25,-0.000982,71.2
2002-11-26,-0.023034,69.56
2002-11-27,0.020558,70.99
2002-11-29,-0.012819,70.08
2002-12-02,-0.013841,69.11
2002-12-03,0.002749,69.3
2002-12-04,0.002742,68.85
2002-12-05,-0.018155,67.6
2002-12-06,0.009467,68.24
2002-12-09,-0.002784,68.05
2002-12-10,0.019544,69.38
2002-12-11,0.00173,69.5
2002-12-12,0.000576,69.54
2002-12-13,-0.018551,68.25
2002-12-16,0.029744,70.28
2002-12-17,-0.012379,69.41
2002-12-18,-0.013543,68.47
2002-12-19,0.000438,68.5
2002-12-20,0.026277,70.3
2002-12-23,-0.002703,70.11
2002-12-24,-0.005135,69.75
2002-12-26,0.00129,69.84
2002-12-27,-0.009593,69.17
2002-12-30,0.009108,69.8
2002-12-31,-0.003295,69.57
2003-01-02,0.015955,70.68
2003-01-03,-0.006225,70.24
2003-01-06,0.014379,71.25
2003-01-07,0.001544,71.36
2003-01-08,-0.004064,71.07
2003-01-09,0.013086,72.0
2003-01-10,-0.002778,71.8
2003-01-13,0.008078,72.38
2003-01-14,0.001382,72.48
2003-01-15,-0.014211,71.45
2003-01-16,-0.006298,71.0
2003-01-17,0.006761,71.48
2003-01-21,-0.010492,70.73
2003-01-22,0.002403,70.9
2003-01-23,0.009873,71.6
2003-01-24,-0.027654,69.62
2003-01-27,-0.014364,68.62
2003-01-28,0.006995,69.1
2003-01-29,0.007091,69.59
2003-01-30,-0.012646,68.71
2003-01-31,0.019502,70.05
2003-02-03,-0.000286,70.03
2003-02-04,-0.019849,68.64
2003-02-05,-0.00204,68.5
2003-02-06,-0.001168,68.42
2003-02-07,-0.007015,67.94
2003-02-10,0.003974,68.21
2003-02-11,-0.007037,67.73
2003-02-12,-0.007825,67.2
2003-02-13,0.005952,67.6
2003-02-14,0.018787,68.87
2003-02-18,0.013649,69.81
2003-02-19,-0.000859,69.75
2003-02-20,-0.004158,69.46
2003-02-21,0.012957,70.36
2003-02-24,-0.024019,68.67
2003-02-25,0.005825,69.07
2003-02-26,-0.010714,68.33
2003-02-27,0.012732,69.2
2003-02-28,0.000578,69.24
2003-03-03,-0.009532,68.58
2003-03-04,-0.007728,68.05
2003-03-05,0.013666,68.34
2003-03-06,-0.00278,68.15
2003-03-07,0.012326,68.99
2003-03-10,-0.031164,66.84
2003-03-11,-0.018103,65.63
2003-03-12,0.0032,65.84
2003-03-13,0.026732,67.6
2003-03-14,-0.00429,67.31
2003-03-17,0.026891,69.12
2003-03-18,-0.011285,68.34
2003-03-19,0.016974,69.5
2003-03-20,0.000288,69.52
2003-03-21,0.014097,70.5
2003-03-24,-0.024113,68.8
2003-03-25,0.007413,69.31
2003-03-26,-0.010965,68.55
2003-03-27,-0.003793,68.29
2003-03-28,0.004247,68.58
2003-03-31,-0.025372,66.84
2003-04-01,0.017355,68.0
2003-04-02,0.026765,69.82
2003-04-03,-0.009023,69.19
2003-04-04,0.011707,70.0
2003-04-07,-0.008,69.44
2003-04-08,0.020305,70.85
2003-04-09,-0.009739,70.16
2003-04-10,0.014966,71.21
2003-04-11,0.001826,71.34
2003-04-14,0.009252,72.0
2003-04-15,0.009444,72.68
2003-04-16,-0.009494,71.99
2003-04-17,0.012363,72.88
2003-04-21,-0.001098,72.8
2003-04-22,0.01978,74.24
2003-04-23,0.004176,74.55
2003-04-24,-0.01328,73.56
2003-04-25,-0.013322,72.58
2003-04-28,0.015018,73.67
2003-04-29,0.00095,73.74
2003-04-30,0.004204,74.05
2003-05-01,0.002701,74.25
2003-05-02,0.008889,74.91
2003-05-05,-0.010279,74.14
2003-05-06,0.003642,74.41
2003-05-07,-0.002016,74.26
2003-05-08,-0.007676,73.69
2003-05-09,0.004207,74.0
2003-05-12,0.006892,74.51
2003-05-13,-0.00255,74.32
2003-05-14,-0.005113,73.94
2003-05-15,0.006492,74.42
2003-05-16,-0.003494,74.16
2003-05-19,-0.022789,72.47
2003-05-20,0.000552,72.51
2003-05-21,0.007447,73.05
2003-05-22,0.000958,73.12
2003-05-23,0.008616,73.75
2003-05-27,0.016814,74.99
2003-05-28,-0.008668,74.34
2003-05-29,-0.010223,73.58
2003-05-30,0.008426,74.2
2003-06-02,-0.000943,74.13
2003-06-03,0.021314,75.71
2003-06-04,0.021001,76.66
2003-06-05,0.000783,76.72
2003-06-06,0.002607,76.92
2003-06-09,-0.014171,75.83
2003-06-10,0.016748,77.1
2003-06-11,0.016732,78.39
2003-06-12,0.000638,78.44
2003-06-13,0.000637,78.49
2003-06-16,0.017837,79.89
2003-06-17,-0.000626,79.84
2003-06-18,-0.001378,79.73
2003-06-19,-0.016556,78.41
2003-06-20,0.006377,78.91
2003-06-23,-0.012546,77.92
2003-06-24,-0.004748,77.55
2003-06-25,0.014184,78.65
2003-06-26,0.012842,79.66
2003-06-27,-0.000628,79.61
2003-06-30,-0.007286,79.03
2003-07-01,0.012274,80.0
2003-07-02,0.005,80.4
2003-07-03,-0.004851,80.01
2003-07-07,0.011124,80.9
2003-07-08,0.007169,81.48
2003-07-09,0.004541,81.85
2003-07-10,-0.003054,81.6
2003-07-11,0.015686,82.88
2003-07-14,0.006998,83.46
2003-07-15,0.000479,83.5
2003-07-16,-0.008623,82.78
2003-07-17,-0.015221,81.52
2003-07-18,0.019995,83.15
2003-07-21,-0.011666,82.18
2003-07-22,0.01229,83.19
2003-07-23,0.002043,83.36
2003-07-24,-0.016795,81.96
2003-07-25,0.019156,83.53
2003-07-28,-0.00838,82.83
2003-07-29,0.000604,82.88
2003-07-30,-0.001569,82.75
2003-07-31,-0.002175,82.57
2003-08-01,-0.022163,80.74
2003-08-04,0.010652,81.6
2003-08-05,-0.022059,79.8
2003-08-06,0.010025,80.6
2003-08-07,-0.000868,80.53
2003-08-08,0.009438,81.29
2003-08-11,-0.008365,80.61
2003-08-12,0.010172,81.43
2003-08-13,-0.00786,80.79
2003-08-14,0.007798,81.42
2003-08-15,0.000983,81.5
2003-08-18,-0.005276,81.07
2003-08-19,0.001727,81.21
2003-08-20,0.006157,81.71
2003-08-21,-0.008812,80.99
2003-08-22,-0.032226,78.38
2003-08-25,-0.009186,77.66
2003-08-26,0.002962,77.89
2003-08-27,-0.003338,77.63
2003-08-28,0.008631,78.3
2003-08-29,0.012133,79.25
2003-09-02,0.002271,79.43
2003-09-03,-0.007932,78.0
2003-09-04,-0.022564,76.24
2003-09-05,-0.00118,76.15
2003-09-08,0.0109,76.98
2003-09-09,-0.011302,76.11
2003-09-10,-0.016292,74.87
2003-09-11,0.00975,75.6
2003-09-12,0.003042,75.83
2003-09-15,0.015429,77.0
2003-09-16,0.008312,77.64
2003-09-17,0.00425,77.97
2003-09-18,0.02206,79.69
2003-09-19,-0.005898,79.22
2003-09-22,-0.007826,78.6
2003-09-23,0.005725,79.05
2003-09-24,-0.008223,78.4
2003-09-25,0.001275,78.5
2003-09-26,0.003822,78.8
2003-09-29,-0.001015,78.72
2003-09-30,-0.008638,78.04
2003-10-01,0.015121,79.22
2003-10-02,-0.000379,79.19
2003-10-03,0.004546,79.55
2003-10-06,0.011314,80.45
2003-10-07,-0.001243,80.35
2003-10-08,-0.000124,80.34
2003-10-09,0.004108,80.67
2003-10-10,0.005578,81.12
2003-10-13,0.007643,81.74
2003-10-14,0.009298,82.5
2003-10-15,-0.005333,82.06
2003-10-16,-0.001584,81.93
2003-10-17,-0.002807,81.7
2003-10-20,-0.003549,81.41
2003-10-21,-0.004791,81.02
2003-10-22,0.000123,81.03
2003-10-23,0.009256,81.78
2003-10-24,0.000978,81.86
2003-10-27,-0.10127,73.57
2003-10-28,-0.009787,72.85
2003-10-29,0.020728,74.36
2003-10-30,0.010893,75.17
2003-10-31,0.00745,75.73
2003-11-03,0.003433,75.99
2003-11-04,-0.005922,75.54
2003-11-05,0.008737,76.2
2003-11-06,0.008399,76.84
2003-11-07,-0.00898,76.15
2003-11-10,-0.007091,75.61
2003-11-11,-0.001323,75.51
2003-11-12,0.003973,75.81
2003-11-13,-0.005276,75.41
2003-11-14,-0.00915,74.72
2003-11-17,-0.002008,74.57
2003-11-18,-0.008314,73.95
2003-11-19,0.00568,74.37
2003-11-20,-0.004975,74.0
2003-11-21,0.00473,74.35
2003-11-24,0.007397,74.9
2003-11-25,0.002003,75.05
2003-11-26,0.005596,75.47
2003-11-28,-0.00053,75.43
2003-12-01,0.012197,76.35
2003-12-02,0.003405,76.61
2003-12-03,-0.004699,75.45
2003-12-04,0.000398,75.48
2003-12-05,-0.004902,75.11
2003-12-08,0.011849,76.0
2003-12-09,-0.007763,75.41
2003-12-10,0.002387,75.59
2003-12-11,0.003969,75.89
2003-12-12,-0.000527,75.85
2003-12-15,0.007647,76.43
2003-12-16,0.014,77.5
2003-12-17,0.004903,77.88
2003-12-18,0.013097,78.9
2003-12-19,0.001267,79.0
2003-12-22,0.000759,79.06
2003-12-23,0.003162,79.31
2003-12-24,-0.000756,79.25
2003-12-26,0.00429,79.59
2003-12-29,0.008921,80.3
2003-12-30,0.002491,80.5
2003-12-31,-0.00087,80.43
2004-01-02,-0.016661,79.09
2004-01-05,0.002908,79.32
2004-01-06,-0.001639,79.19
2004-01-07,-0.002273,79.01
2004-01-08,0.000506,79.05
2004-01-09,-0.008855,78.35
2004-01-12,0.001915,78.5
2004-01-13,-0.002548,78.3
2004-01-14,0.012133,79.25
2004-01-15,-0.007192,78.68
2004-01-16,0.004321,79.02
2004-01-20,0.013288,80.07
2004-01-21,0.022231,81.85
2004-01-22,-0.001833,81.7
2004-01-23,-0.005263,81.27
2004-01-26,0.011936,82.24
2004-01-27,-0.002918,82.0
2004-01-28,-0.018293,80.5
2004-01-29,0.005217,80.92
2004-01-30,0.006673,81.46
2004-02-02,0.001105,81.55
2004-02-03,-0.000491,81.51
2004-02-04,0.002331,81.7
2004-02-05,0.003672,82.0
2004-02-06,0.009268,82.76
2004-02-09,-0.01305,81.68
2004-02-10,-0.000735,81.62
2004-02-11,0.004533,81.99
2004-02-12,-0.004147,81.65
2004-02-13,-0.00098,81.57
2004-02-17,0.003555,81.86
2004-02-18,-0.003543,81.57
2004-02-19,-0.002452,81.37
2004-02-20,-0.000369,81.34
2004-02-23,0.008114,82.0
2004-02-24,-0.006707,81.45
2004-02-25,0.003192,81.71
2004-02-26,0.003549,82.0
2004-02-27,-0.000976,81.92
2004-03-01,0.002563,82.13
2004-03-02,0.004505,82.5
2004-03-03,0.011152,82.62
2004-03-04,-0.006052,82.12
2004-03-05,0.00755,82.74
2004-03-08,-0.003626,82.44
2004-03-09,-0.008127,81.77
2004-03-10,-0.021768,79.99
2004-03-11,-0.005501,79.55
2004-03-12,0.009679,80.32
2004-03-15,-0.011579,79.39
2004-03-16,0.009069,80.11
2004-03-17,0.004244,80.45
2004-03-18,-0.004599,80.08
2004-03-19,-0.002872,79.85
2004-03-22,-0.014026,78.73
2004-03-23,-0.00254,78.53
2004-03-24,-0.002801,78.31
2004-03-25,0.018261,79.74
2004-03-26,0.004515,80.1
2004-03-29,0.011735,81.04
2004-03-30,0.009008,81.77
2004-03-31,-0.009661,80.98
2004-04-01,0.006051,81.47
2004-04-02,-0.011784,80.51
2004-04-05,0.009191,81.25
2004-04-06,0.009231,82.0
2004-04-07,-0.006707,81.45
2004-04-08,-0.004911,81.05
2004-04-12,0.011351,81.97
2004-04-13,-0.017933,80.5
2004-04-14,-0.005093,80.09
2004-04-15,0.002372,80.28
2004-04-16,0.006228,80.78
2004-04-19,0.004704,81.16
2004-04-20,-0.013307,80.08
2004-04-21,0.006244,80.58
2004-04-22,0.010052,81.39
2004-04-23,0.000737,81.45
2004-04-26,-0.003192,81.19
2004-04-27,0.00739,81.79
2004-04-28,-0.010882,80.9
2004-04-29,-0.00309,80.65
2004-04-30,-0.001984,80.49
2004-05-03,0.006088,80.98
2004-05-04,0.006668,81.52
2004-05-05,0.000613,81.57
2004-05-06,-0.018021,80.1
2004-05-07,-0.019351,78.55
2004-05-10,-0.00802,77.92
2004-05-11,0.006545,78.43
2004-05-12,0.024353,80.34
2004-05-13,-0.001991,80.18
2004-05-14,0.000249,80.2
2004-05-17,-0.004115,79.87
2004-05-18,0.01227,80.85
2004-05-19,-0.002474,80.65
2004-05-20,0.008307,81.32
2004-05-21,0.001845,81.47
2004-05-24,0.000982,81.55
2004-05-25,0.010914,82.44
2004-05-26,0.006065,82.94
2004-05-27,-0.003979,82.61
2004-05-28,0.006295,83.13
2004-06-01,-0.001083,83.04
2004-06-02,0.010718,83.13
2004-06-03,-0.001203,83.03
2004-06-04,0.006865,83.6
2004-06-07,0.012321,84.63
2004-06-08,-0.005672,84.15
2004-06-09,-0.00713,83.55
2004-06-10,0.007899,84.21
2004-06-14,-0.019713,82.55
2004-06-15,0.020351,84.23
2004-06-16,-0.003562,83.93
2004-06-17,-0.003098,83.67
2004-06-18,0.01004,84.51
2004-06-21,0.005088,84.94
2004-06-22,-0.004945,84.52
2004-06-23,0.002958,84.77
2004-06-24,0.007904,85.44
2004-06-25,-0.016854,84.0
2004-06-28,0.008571,84.72
2004-06-29,-0.001771,84.57
2004-06-30,0.000591,84.62
2004-07-01,-0.007563,83.98
2004-07-02,0.002977,84.23
2004-07-06,-0.006767,83.66
2004-07-07,0.006813,84.23
2004-07-08,-0.007361,83.61
2004-07-09,0.003588,83.91
2004-07-12,0.011202,84.85
2004-07-13,0.0033,85.13
2004-07-14,-0.00975,84.3
2004-07-15,-0.005338,83.85
2004-07-16,0.007394,84.47
2004-07-19,0.010773,85.38
2004-07-20,-0.001405,85.26
2004-07-21,-0.015834,83.91
2004-07-22,0.011441,84.87
2004-07-23,-0.000118,84.86
2004-07-26,0.004831,85.27
2004-07-27,-0.003166,85.0
2004-07-28,-0.000824,84.93
2004-07-29,0.000471,84.97
2004-07-30,0.000471,85.01
2004-08-02,0.007764,85.67
2004-08-03,0.001634,85.81
2004-08-04,-0.008274,85.1
2004-08-05,-0.014101,83.9
2004-08-06,0.000119,83.91
2004-08-09,0.000238,83.93
2004-08-10,0.012749,85.0
2004-08-11,0.006235,85.53
2004-08-12,-0.002572,85.31
2004-08-13,-0.004103,84.96
2004-08-16,0.013418,86.1
2004-08-17,0.009059,86.88
2004-08-18,0.006561,87.45
2004-08-19,0.002401,87.66
2004-08-20,0.009582,88.5
2004-08-23,-0.00226,88.3
2004-08-24,0.004417,88.69
2004-08-25,-0.000113,88.68
2004-08-26,-0.005413,88.2
2004-08-27,0.009184,89.01
2004-08-30,0.00146,44.57
2004-08-31,0.009199,44.98
2004-09-01,-0.019564,43.65
2004-09-02,0.004582,43.85
2004-09-03,-0.005473,43.61
2004-09-07,0.015134,44.27
2004-09-08,-0.003614,44.11
2004-09-09,0.005894,44.37
2004-09-10,0.005184,44.6
2004-09-13,-0.002691,44.48
2004-09-14,-0.002923,44.35
2004-09-15,-0.004059,44.17
2004-09-16,0.003849,44.34
2004-09-17,0.007217,44.66
2004-09-20,-0.006494,44.37
2004-09-21,0.006987,44.68
2004-09-22,-0.01701,43.92
2004-09-23,-0.007969,43.57
2004-09-24,0.00941,43.98
2004-09-27,-0.003638,43.82
2004-09-28,-0.003195,43.68
2004-09-29,-0.00206,43.59
2004-09-30,-0.005965,43.33
2004-10-01,0.019155,44.16
2004-10-04,0.004303,44.35
2004-10-05,0.008343,44.72
2004-10-06,0.011852,45.25
2004-10-07,0.003978,45.43
2004-10-08,-0.006383,45.14
2004-10-11,0.005981,45.41
2004-10-12,0.002643,45.53
2004-10-13,-0.011421,45.01
2004-10-14,-0.017996,44.2
2004-10-15,0.017873,44.99
2004-10-18,-0.000222,44.98
2004-10-19,-0.013784,44.36
2004-10-20,-0.014427,43.72
2004-10-21,0.004346,43.91
2004-10-22,-0.002505,43.8
2004-10-25,-0.00411,43.62
2004-10-26,0.005731,43.87
2004-10-27,0.011169,44.36
2004-10-28,0.003607,44.52
2004-10-29,0.006065,44.79
2004-11-01,0.007144,45.11
2004-11-02,0.00133,45.17
2004-11-03,0.010405,45.64
2004-11-04,0.013366,46.25
2004-11-05,-0.006486,45.95
2004-11-08,0.000435,45.97
2004-11-09,-0.00087,45.93
2004-11-10,0.006532,46.23
2004-11-11,0.019035,47.11
2004-11-12,0.007005,47.44
2004-11-15,-0.002319,47.33
2004-11-16,-0.011832,46.77
2004-11-17,-0.003849,46.59
2004-11-18,-0.003864,46.41
2004-11-19,-0.012066,45.85
2004-11-22,0.008942,46.26
2004-11-23,0.003026,46.4
2004-11-24,0.001293,46.46
2004-11-26,0.000215,46.47
2004-11-29,-0.002798,46.34
2004-11-30,-0.001511,46.27
2004-12-01,0.016641,46.59
2004-12-02,-0.003649,46.42
2004-12-03,-0.002154,46.32
2004-12-06,0.003886,46.5
2004-12-07,-0.013979,45.85
2004-12-08,0.005671,46.11
2004-12-09,0.001952,46.2
2004-12-10,-0.006926,45.88
2004-12-13,0.001744,45.96
2004-12-14,-0.002828,45.83
2004-12-15,0.002182,45.93
2004-12-16,0.003484,46.09
2004-12-17,-0.01931,45.2
2004-12-20,0.00708,45.52
2004-12-21,0.017355,46.31
2004-12-22,0.010581,46.8
2004-12-23,-0.002137,46.7
2004-12-27,-0.000857,46.66
2004-12-28,0.006644,46.97
2004-12-29,-0.002342,46.86
2004-12-30,0.002134,46.96
2004-12-31,0.000639,46.99
2005-01-03,-0.011279,46.46
2005-01-04,-0.013775,45.82
2005-01-05,-0.011567,45.29
2005-01-06,-0.001546,45.22
2005-01-07,-0.010836,44.73
2005-01-10,0.01252,45.29
2005-01-11,-0.002429,45.18
2005-01-12,-0.002656,45.06
2005-01-13,-0.012428,44.5
2005-01-14,0.008764,44.89
2005-01-18,0.018712,45.73
2005-01-19,-0.016619,44.97
2005-01-20,0.007561,45.31
2005-01-21,-0.004855,45.09
2005-01-24,0.002883,45.22
2005-01-25,0.008182,45.59
2005-01-26,0.003948,45.77
2005-01-27,-0.005244,45.53
2005-01-28,0.003734,45.7
2005-01-31,0.014661,46.37
2005-02-01,0.006685,46.68
2005-02-02,0.001071,46.73
2005-02-03,-0.007062,46.4
2005-02-04,0.01056,46.89
2005-02-07,-0.005332,46.64
2005-02-08,0.00536,46.89
2005-02-09,-0.009597,46.44
2005-02-10,0.010551,46.93
2005-02-11,-0.002344,46.82
2005-02-14,0.002349,46.93
2005-02-15,0.00277,47.06
2005-02-16,-0.006162,46.77
2005-02-17,-0.008766,46.36
2005-02-18,-0.013374,45.74
2005-02-22,-0.011806,45.2
2005-02-23,0.011726,45.73
2005-02-24,0.010278,46.2
2005-02-25,0.012771,46.79
2005-02-28,-0.002992,46.65
2005-03-01,0.009218,47.08
2005-03-02,-0.001274,46.57
2005-03-03,-0.005153,46.33
2005-03-04,0.009713,46.78
2005-03-07,-0.006627,46.47
2005-03-08,-0.004519,46.26
2005-03-09,-0.012105,45.7
2005-03-10,0.003501,45.86
2005-03-11,-0.001963,45.77
2005-03-14,0.000655,45.8
2005-03-15,-0.005677,45.54
2005-03-16,-0.01625,44.8
2005-03-17,-0.000446,44.78
2005-03-18,0.003573,44.94
2005-03-21,-0.014241,44.3
2005-03-22,-0.014447,43.66
2005-03-23,0.007329,43.98
2005-03-24,-0.00523,43.75
2005-03-28,0.012343,44.29
2005-03-29,-0.009031,43.89
2005-03-30,0.002962,44.02
2005-03-31,0.001817,44.1
2005-04-01,-0.002041,44.01
2005-04-04,0.003408,44.16
2005-04-05,0.003397,44.31
2005-04-06,0.006545,44.6
2005-04-07,0.005157,44.83
2005-04-08,-0.003346,44.68
2005-04-11,0.006714,44.98
2005-04-12,0.012005,45.52
2005-04-13,-0.009007,45.11
2005-04-14,-0.009532,44.68
2005-04-15,-0.008953,44.28
2005-04-18,0.010163,44.73
2005-04-19,0.004471,44.93
2005-04-20,-0.01558,44.23
2005-04-21,0.003617,44.39
2005-04-22,-0.000451,44.37
2005-04-25,0.010367,44.83
2005-04-26,-0.004907,44.61
2005-04-27,0.005828,44.87
2005-04-28,-0.004012,44.69
2005-04-29,0.007832,45.04
2005-05-02,0.006661,45.34
2005-05-03,0.000441,45.36
2005-05-04,0.013448,45.97
2005-05-05,-0.00261,45.85
2005-05-06,-0.007852,45.49
2005-05-09,0.005276,45.73
2005-05-10,-0.007654,45.38
2005-05-11,0.00617,45.66
2005-05-12,-0.007008,45.34
2005-05-13,-0.004632,45.13
2005-05-16,0.015954,45.85
2005-05-17,0.006325,46.14
2005-05-18,0.011053,46.65
2005-05-19,-0.004287,46.45
2005-05-20,0.002583,46.57
2005-05-23,-0.000429,46.55
2005-05-24,0.001289,46.61
2005-05-25,-0.001502,46.54
2005-05-26,0.003653,46.71
2005-05-27,-0.001284,46.65
2005-05-31,-0.007074,46.32
2005-06-01,0.009067,46.29
2005-06-02,-0.002376,46.18
2005-06-03,-0.008662,45.78
2005-06-06,0.002621,45.9
2005-06-07,-0.000871,45.86
2005-06-08,0.00109,45.91
2005-06-09,0.003921,46.09
2005-06-10,-0.001953,46.0
2005-06-13,-0.001739,45.92
2005-06-14,0.001089,45.97
2005-06-15,0.013705,46.6
2005-06-16,-0.003648,46.43
2005-06-17,0.004523,46.64
2005-06-20,0.001501,46.71
2005-06-21,0.007921,47.08
2005-06-22,-0.000212,47.07
2005-06-23,-0.009985,46.6
2005-06-24,0.003219,46.75
2005-06-27,-0.007487,46.4
2005-06-28,0.005819,46.67
2005-06-29,0.005143,46.91
2005-06-30,-0.027713,45.61
2005-07-01,-0.013813,44.98
2005-07-05,0.00289,45.11
2005-07-06,-0.009089,44.7
2005-07-07,-0.000447,44.68
2005-07-08,0.010519,45.15
2005-07-11,0.000443,45.17
2005-07-12,0.003099,45.31
2005-07-13,0.009711,45.75
2005-07-14,0.001312,45.81
2005-07-15,0.003711,45.98
2005-07-18,-0.019574,45.08
2005-07-19,-0.005768,44.82
2005-07-20,0.000892,44.86
2005-07-21,-0.005796,44.6
2005-07-22,0.005605,44.85
2005-07-25,-0.004236,44.66
2005-07-26,-0.002911,44.53
2005-07-27,-0.008534,44.15
2005-07-28,-0.003171,44.01
2005-07-29,-0.009316,43.6
2005-08-01,0.001376,43.66
2005-08-02,0.006413,43.94
2005-08-03,-0.003641,43.78
2005-08-04,-0.001599,43.71
2005-08-05,-0.010524,43.25
2005-08-08,-0.007168,42.94
2005-08-09,-0.000931,42.9
2005-08-10,-0.003497,42.75
2005-08-11,0.000936,42.79
2005-08-12,-0.002337,42.69
2005-08-15,0.011478,43.18
2005-08-16,0.012506,43.72
2005-08-17,0.000229,43.73
2005-08-18,0.001601,43.8
2005-08-19,-0.00411,43.62
2005-08-22,0.002751,43.74
2005-08-23,-0.009145,43.34
2005-08-24,-0.009922,42.91
2005-08-25,0.003729,43.07
2005-08-26,-0.00534,42.84
2005-08-29,0.012138,43.36
2005-08-30,-0.005996,43.1
2005-08-31,0.009977,43.03
2005-09-01,0.001627,43.1
2005-09-02,-0.004408,42.91
2005-09-06,0.010254,43.35
2005-09-07,-0.000923,43.31
2005-09-08,-0.006465,43.03
2005-09-09,-0.001859,42.95
2005-09-12,-0.005821,42.7
2005-09-13,-0.000937,42.66
2005-09-14,-0.000469,42.64
2005-09-15,0.002111,42.73
2005-09-16,0.022233,43.68
2005-09-19,-0.006639,43.39
2005-09-20,-0.008988,43.0
2005-09-21,-0.017209,42.26
2005-09-22,-0.001656,42.19
2005-09-23,0.000948,42.23
2005-09-26,-0.005446,42.0
2005-09-27,-0.001905,41.92
2005-09-28,-0.007634,41.6
2005-09-29,0.012019,42.1
2005-09-30,0.0,42.1
2005-10-03,-0.001188,42.05
2005-10-04,-0.003329,41.91
2005-10-05,0.001193,41.96
2005-10-06,0.006435,42.23
2005-10-07,0.000947,42.27
2005-10-10,-0.004258,42.09
2005-10-11,-0.004989,41.88
2005-10-12,0.000239,41.89
2005-10-13,0.002626,42.0
2005-10-14,0.00119,42.05
2005-10-17,0.0,42.05
2005-10-18,-0.011415,41.57
2005-10-19,0.020929,42.44
2005-10-20,-0.005655,42.2
2005-10-21,0.001422,42.26
2005-10-24,0.026503,43.38
2005-10-25,-0.00461,43.18
2005-10-26,0.000463,43.2
2005-10-27,-0.000463,43.18
2005-10-28,0.018527,43.98
2005-10-31,-0.005457,43.74
2005-11-01,-0.002744,43.62
2005-11-02,0.010546,44.08
2005-11-03,-0.001588,44.01
2005-11-04,0.004999,44.23
2005-11-07,0.0052,44.46
2005-11-08,-0.001574,44.39
2005-11-09,0.003379,44.54
2005-11-10,0.017063,45.3
2005-11-11,0.003532,45.46
2005-11-14,0.00352,45.62
2005-11-15,-0.00811,45.25
2005-11-16,-0.006188,44.97
2005-11-17,0.008228,45.34
2005-11-18,0.004852,45.56
2005-11-21,0.006146,45.84
2005-11-22,0.005672,46.1
2005-11-23,0.013232,46.71
2005-11-25,0.005994,46.99
2005-11-28,-0.009151,46.56
2005-11-29,0.004725,46.78
2005-11-30,-0.008337,45.89
2005-12-01,-0.000218,45.88
2005-12-02,0.005449,46.13
2005-12-05,0.006503,46.43
2005-12-06,-0.002585,46.31
2005-12-07,-0.009717,45.86
2005-12-08,-0.001744,45.78
2005-12-09,0.002621,45.9
2005-12-12,-0.003486,45.74
2005-12-13,0.016616,46.5
2005-12-14,0.006021,46.78
2005-12-15,-0.002138,46.68
2005-12-16,0.006213,46.97
2005-12-19,-0.009368,46.53
2005-12-20,0.003439,46.69
2005-12-21,-0.001071,46.64
2005-12-22,0.006003,46.92
2005-12-23,0.000426,46.94
2005-12-27,-0.008095,46.56
2005-12-28,-0.006229,46.27
2005-12-29,-0.001729,46.19
2005-12-30,-0.000866,46.15
2006-01-03,0.020152,47.08
2006-01-04,-0.01062,46.58
2006-01-05,0.001288,46.64
2006-01-06,-0.001501,46.57
2006-01-09,0.000644,46.6
2006-01-10,-0.008369,46.21
2006-01-11,-0.00238,46.1
2006-01-12,-0.006508,45.8
2006-01-13,0.0,45.8
2006-01-17,-0.010699,45.31
2006-01-18,-0.001104,45.26
2006-01-19,-0.002651,45.14
2006-01-20,-0.021046,44.19
2006-01-23,-0.005205,43.96
2006-01-24,0.006369,44.24
2006-01-25,0.008816,44.63
2006-01-26,0.00605,44.9
2006-01-27,-0.002227,44.8
2006-01-30,-0.007143,44.48
2006-01-31,-0.005621,44.23
2006-02-01,-0.006331,43.95
2006-02-02,-0.011604,43.44
2006-02-03,-0.008057,43.09
2006-02-06,0.006498,43.37
2006-02-07,0.002767,43.49
2006-02-08,0.004139,43.67
2006-02-09,0.003664,43.83
2006-02-10,0.002053,43.92
2006-02-13,-0.005009,43.7
2006-02-14,0.010526,44.16
2006-02-15,0.004529,44.36
2006-02-16,0.007439,44.69
2006-02-17,-0.000671,44.66
2006-02-21,-0.002463,44.55
2006-02-22,0.011897,45.08
2006-02-23,0.006433,45.37
2006-02-24,0.007714,45.72
2006-02-27,0.005687,45.98
2006-02-28,-0.002827,45.85
2006-03-01,0.005453,45.6
2006-03-02,-0.009868,45.15
2006-03-03,0.000886,45.19
2006-03-06,0.000443,45.21
2006-03-07,0.009069,45.62
2006-03-08,0.001973,45.71
2006-03-09,-0.0035,45.55
2006-03-10,0.008782,45.95
2006-03-13,-0.000218,45.94
2006-03-14,0.006966,46.26
2006-03-15,0.003026,46.4
2006-03-16,0.007759,46.76
2006-03-17,0.002994,46.9
2006-03-20,0.0,46.9
2006-03-21,-0.007036,46.57
2006-03-22,0.009019,46.99
2006-03-23,-0.006172,46.7
2006-03-24,0.004283,46.9
2006-03-27,-0.001706,46.82
2006-03-28,-0.016232,46.06
2006-03-29,-0.001954,45.97
2006-03-30,-0.007831,45.61
2006-03-31,-0.001535,45.54
2006-04-03,0.003074,45.68
2006-04-04,0.013354,46.29
2006-04-05,0.005617,46.55
2006-04-06,-0.007519,46.2
2006-04-07,-0.009957,45.74
2006-04-10,-0.001312,45.68
2006-04-11,-0.002627,45.56
2006-04-12,0.003512,45.72
2006-04-13,0.000219,45.73
2006-04-17,-0.005467,45.48
2006-04-18,0.010554,45.96
2006-04-19,0.001958,46.05
2006-04-20,0.004995,46.28
2006-04-21,0.012749,46.87
2006-04-24,0.004267,47.07
2006-04-25,0.000425,47.09
2006-04-26,0.013166,47.71
2006-04-27,0.027877,49.04
2006-04-28,0.017945,49.92
2006-05-01,-0.014824,49.18
2006-05-02,0.005693,49.46
2006-05-03,-0.003235,49.3
2006-05-04,0.012982,49.94
2006-05-05,0.010613,50.47
2006-05-08,-0.007133,50.11
2006-05-09,0.001596,50.19
2006-05-10,-0.000398,50.17
2006-05-11,-0.009567,49.69
2006-05-12,-0.009861,49.2
2006-05-15,0.007114,49.55
2006-05-16,0.001816,49.64
2006-05-17,-0.021757,48.56
2006-05-18,-0.009061,48.12
2006-05-19,0.003117,48.27
2006-05-22,-0.000207,48.26
2006-05-23,-0.000622,48.23
2006-05-24,0.005184,48.48
2006-05-25,0.00887,48.91
2006-05-26,0.00961,49.38
2006-05-30,-0.013771,48.7
2006-05-31,0.004107,48.4
2006-06-01,0.006198,48.7
2006-06-02,0.011499,49.26
2006-06-05,-0.010556,48.74
2006-06-06,-0.004309,48.53
2006-06-07,0.006594,48.85
2006-06-08,0.003685,49.03
2006-06-09,-0.004895,48.79
2006-06-12,-0.007789,48.41
2006-06-13,-0.02768,47.07
2006-06-14,-0.009135,46.64
2006-06-15,0.02723,47.91
2006-06-16,-0.010228,47.42
2006-06-19,-0.005905,47.14
2006-06-20,-0.001273,47.08
2006-06-21,0.004885,47.31
2006-06-22,0.004862,47.54
2006-06-23,-0.002735,47.41
2006-06-26,0.001055,47.46
2006-06-27,-0.003371,47.3
2006-06-28,0.0074,47.65
2006-06-29,0.019937,48.6
2006-06-30,-0.010288,48.1
2006-07-03,0.014761,48.81
2006-07-05,0.001229,48.87
2006-07-06,0.003888,49.06
2006-07-07,-0.0053,48.8
2006-07-10,0.006967,49.14
2006-07-11,0.000204,49.15
2006-07-12,-0.011801,48.57
2006-07-13,-0.012147,47.98
2006-07-14,0.006878,48.31
2006-07-17,-0.001863,48.22
2006-07-18,0.004562,48.44
2006-07-19,0.031173,49.95
2006-07-20,-0.006006,49.65
2006-07-21,0.009869,50.14
2006-07-24,0.008576,50.57
2006-07-25,0.004746,50.81
2006-07-26,0.003543,50.99
2006-07-27,0.000588,51.02
2006-07-28,0.012544,51.66
2006-07-31,-0.002516,51.53
2006-08-01,0.0,51.53
2006-08-02,0.008345,51.96
2006-08-03,0.000192,51.97
2006-08-04,0.006735,52.32
2006-08-07,-0.003058,52.16
2006-08-08,-0.001917,52.06
2006-08-09,-0.009988,51.54
2006-08-10,-0.000388,51.52
2006-08-11,-0.002329,51.4
2006-08-14,-0.005253,51.13
2006-08-15,0.019949,52.15
2006-08-16,0.002876,52.3
2006-08-17,-0.003059,52.14
2006-08-18,0.006713,52.49
2006-08-21,-0.000572,52.46
2006-08-22,0.000763,52.5
2006-08-23,-0.00019,52.49
2006-08-24,0.000381,52.51
2006-08-25,-0.007237,52.13
2006-08-28,0.001151,52.19
2006-08-29,0.001916,52.29
2006-08-30,-0.000574,51.7
2006-08-31,-0.004449,51.47
2006-09-01,0.003691,51.66
2006-09-05,0.001742,51.75
2006-09-06,-0.001932,51.65
2006-09-07,-0.002711,51.51
2006-09-08,0.002912,51.66
2006-09-11,-0.009292,51.18
2006-09-12,0.01016,51.7
2006-09-13,0.003868,51.9
2006-09-14,0.000578,51.93
2006-09-15,-0.009243,51.45
2006-09-18,0.006414,51.78
2006-09-19,0.004828,52.03
2006-09-20,0.008841,52.49
2006-09-21,-0.004763,52.24
2006-09-22,0.003637,52.43
2006-09-25,0.0103,52.97
2006-09-26,0.009628,53.48
2006-09-27,-0.004488,53.24
2006-09-28,0.005259,53.52
2006-09-29,0.000934,53.57
2006-10-02,0.000933,53.62
2006-10-03,0.014733,54.41
2006-10-04,0.007535,54.82
2006-10-05,-0.005472,54.52
2006-10-06,-0.005136,54.24
2006-10-09,0.004978,54.51
2006-10-10,0.002201,54.63
2006-10-11,-0.0108,54.04
2006-10-12,0.004071,54.26
2006-10-13,0.002396,54.39
2006-10-16,-0.012502,53.71
2006-10-17,-0.000559,53.68
2006-10-18,0.002422,53.81
2006-10-19,-0.010221,53.26
2006-10-20,0.006759,53.62
2006-10-23,0.000746,53.66
2006-10-24,-0.004286,53.43
2006-10-25,0.010668,54.0
2006-10-26,0.003333,54.18
2006-10-27,-0.008859,53.7
2006-10-30,0.004097,53.92
2006-10-31,-0.000927,53.87
2006-11-01,-0.005383,53.58
2006-11-02,-0.00056,53.55
2006-11-03,-0.002241,53.43
2006-11-06,0.014599,54.21
2006-11-07,0.003874,54.42
2006-11-08,0.003491,54.61
2006-11-09,-0.001831,54.51
2006-11-10,0.00477,54.77
2006-11-13,-0.00566,54.46
2006-11-14,0.006794,54.83
2006-11-15,-0.006383,54.48
2006-11-16,0.007709,54.9
2006-11-17,-0.000911,54.85
2006-11-20,0.000912,54.9
2006-11-21,-0.003279,54.72
2006-11-22,-0.001645,54.63
2006-11-24,-0.001281,54.56
2006-11-27,-0.01173,53.92
2006-11-28,0.006491,54.27
2006-11-29,0.005712,54.02
2006-11-30,-0.003147,53.85
2006-12-01,-0.0065,53.5
2006-12-04,-0.015888,52.65
2006-12-05,0.002659,52.79
2006-12-06,-0.001894,52.69
2006-12-07,-0.003796,52.49
2006-12-08,-0.015813,51.66
2006-12-11,0.017228,52.55
2006-12-12,0.004757,52.8
2006-12-13,0.005492,53.09
2006-12-14,0.001507,53.17
2006-12-15,0.002821,53.32
2006-12-18,0.005814,53.63
2006-12-19,-0.000932,53.58
2006-12-20,0.001493,53.66
2006-12-21,-0.002795,53.51
2006-12-22,-0.00299,53.35
2006-12-26,0.00656,53.7
2006-12-27,0.001304,53.77
2006-12-28,-0.002232,53.65
2006-12-29,-0.004846,53.39
2007-01-03,-0.001124,53.33
2007-01-04,0.006375,53.67
2007-01-05,-0.008012,53.24
2007-01-08,0.003944,53.45
2007-01-09,0.000935,53.5
2007-01-10,0.001495,53.58
2007-01-11,-0.005972,53.26
2007-01-12,0.002253,53.38
2007-01-16,0.001124,53.44
2007-01-17,-0.002245,53.32
2007-01-18,-0.000563,53.29
2007-01-19,0.00563,53.59
2007-01-22,0.00112,53.65
2007-01-23,-0.006151,53.32
2007-01-24,-0.002251,53.2
2007-01-25,-0.015038,52.4
2007-01-26,-0.00687,52.04
2007-01-29,-0.011145,51.46
2007-01-30,0.012826,52.12
2007-01-31,0.008826,52.58
2007-02-01,0.004945,52.84
2007-02-02,-0.001892,52.74
2007-02-05,0.002655,52.88
2007-02-06,0.006241,53.21
2007-02-07,0.002819,53.36
2007-02-08,-0.00075,53.32
2007-02-09,-0.006189,52.99
2007-02-12,0.000944,53.04
2007-02-13,0.013009,53.73
2007-02-14,0.005956,54.05
2007-02-15,-0.0037,53.85
2007-02-16,0.003714,54.05
2007-02-20,0.0,54.05
2007-02-21,-0.00259,53.91
2007-02-22,-0.003895,53.7
2007-02-23,-0.015643,52.86
2007-02-26,-0.001324,52.79
2007-02-27,-0.037697,50.8
2007-02-28,0.011614,50.83
2007-03-01,-0.008853,50.38
2007-03-02,-0.007344,50.01
2007-03-05,-0.007399,49.64
2007-03-06,0.026189,50.94
2007-03-07,-0.006871,50.59
2007-03-08,0.003558,50.77
2007-03-09,0.003545,50.95
2007-03-12,0.002748,51.09
2007-03-13,-0.031905,49.46
2007-03-14,0.006268,49.77
2007-03-15,0.00663,50.1
2007-03-16,-0.009581,49.62
2007-03-19,0.015115,50.37
2007-03-20,0.007743,50.76
2007-03-21,0.021671,51.86
2007-03-22,-0.004242,51.64
2007-03-23,0.000968,51.69
2007-03-26,-0.002515,51.56
2007-03-27,0.005431,51.84
2007-03-28,-0.02064,50.77
2007-03-29,0.008273,51.19
2007-03-30,-0.003321,51.02
2007-04-02,-0.011564,50.43
2007-04-03,0.008527,50.86
2007-04-04,0.00059,50.89
2007-04-05,-0.000786,50.85
2007-04-09,0.000197,50.86
2007-04-10,0.004129,51.07
2007-04-11,-0.010965,50.51
2007-04-12,-0.004554,50.28
2007-04-13,0.002784,50.42
2007-04-16,0.016065,51.23
2007-04-17,0.001366,51.3
2007-04-18,0.010137,51.82
2007-04-19,-0.017561,50.91
2007-04-20,0.002554,51.04
2007-04-23,-0.010384,50.51
2007-04-24,0.002178,50.62
2007-04-25,0.012051,51.23
2007-04-26,-0.009955,50.72
2007-04-27,0.000986,50.77
2007-04-30,0.002561,50.9
2007-05-01,0.000589,50.93
2007-05-02,0.001571,51.01
2007-05-03,0.004313,51.23
2007-05-04,0.000195,51.24
2007-05-07,0.003513,51.42
2007-05-08,-0.000389,51.4
2007-05-09,0.000973,51.45
2007-05-10,-0.01691,50.58
2007-05-11,0.007315,50.95
2007-05-14,-0.003337,50.78
2007-05-15,0.003151,50.94
2007-05-16,0.003534,51.12
2007-05-17,0.000196,51.13
2007-05-18,0.002934,51.28
2007-05-21,-0.000975,51.23
2007-05-22,0.00527,51.5
2007-05-23,-0.002913,51.35
2007-05-24,-0.005842,51.05
2007-05-25,0.002938,51.2
2007-05-29,-0.000195,51.19
2007-05-30,0.003516,50.81
2007-05-31,-0.001968,50.71
2007-06-01,0.00138,50.78
2007-06-04,0.001378,50.85
2007-06-05,-0.003736,50.66
2007-06-06,-0.006514,50.33
2007-06-07,-0.010729,49.79
2007-06-08,0.00944,50.26
2007-06-11,-0.004178,50.05
2007-06-12,-0.007792,49.66
2007-06-13,0.014096,50.36
2007-06-14,-0.00556,50.08
2007-06-15,0.0,50.08
2007-06-18,-0.003395,49.91
2007-06-19,0.012823,50.55
2007-06-20,-0.011276,49.98
2007-06-21,-0.001801,49.89
2007-06-22,-0.018841,48.95
2007-06-25,-0.002043,48.85
2007-06-26,-0.001024,48.8
2007-06-27,0.007992,49.19
2007-06-28,-0.002033,49.09
2007-06-29,-0.004074,48.89
2007-07-02,0.008795,49.32
2007-07-03,0.004663,49.55
2007-07-05,-0.003633,49.37
2007-07-06,-0.004456,49.15
2007-07-09,-0.006918,48.81
2007-07-10,-0.009219,48.36
2007-07-11,0.003102,48.51
2007-07-12,0.021027,49.53
2007-07-13,-0.000606,49.5
2007-07-16,0.002424,49.62
2007-07-17,0.003628,49.8
2007-07-18,-0.008835,49.36
2007-07-19,-0.001823,49.27
2007-07-20,-0.019485,48.31
2007-07-23,-0.003312,48.15
2007-07-24,-0.020768,47.15
2007-07-25,0.016543,47.93
2007-07-26,-0.014605,47.23
2007-07-27,0.003811,47.41
2007-07-30,0.006117,47.7
2007-07-31,-0.00587,47.42
2007-08-01,0.004429,47.63
2007-08-02,0.003149,47.78
2007-08-03,-0.016325,47.0
2007-08-06,0.024681,48.16
2007-08-07,0.01059,48.67
2007-08-08,0.021163,49.7
2007-08-09,-0.027163,48.35
2007-08-10,0.004964,48.59
2007-08-13,-0.001852,48.5
2007-08-14,-0.013196,47.86
2007-08-15,0.007731,48.23
2007-08-16,0.033589,49.85
2007-08-17,0.038315,51.76
2007-08-20,-0.007921,51.35
2007-08-21,-0.000974,51.3
2007-08-22,0.006823,51.65
2007-08-23,0.003485,51.83
2007-08-24,0.000772,51.87
2007-08-27,-0.019279,50.87
2007-08-28,-0.023786,49.66
2007-08-29,0.017922,50.55
2007-08-30,-0.006726,50.21
2007-08-31,0.009361,50.68
2007-09-04,0.007893,51.08
2007-09-05,-0.009593,49.95
2007-09-06,-0.003203,49.79
2007-09-07,-0.015465,49.02
2007-09-10,-0.001224,48.96
2007-09-11,0.010008,49.45
2007-09-12,-0.001213,49.39
2007-09-13,0.009516,49.86
2007-09-14,0.001805,49.95
2007-09-17,-0.008809,49.51
2007-09-18,0.034337,51.21
2007-09-19,-0.002734,51.07
2007-09-20,-0.005483,50.79
2007-09-21,0.00886,51.24
2007-09-24,-0.012685,50.59
2007-09-25,-0.007314,50.22
2007-09-26,0.003783,50.41
2007-09-27,0.003769,50.6
2007-09-28,-0.006522,50.27
2007-10-01,0.00736,50.64
2007-10-02,0.021327,51.72
2007-10-03,0.00406,51.93
2007-10-04,0.009051,52.4
2007-10-05,0.005916,52.71
2007-10-08,-0.005312,52.43
2007-10-09,0.00267,52.57
2007-10-10,-0.005136,52.3
2007-10-11,0.002294,52.42
2007-10-12,-0.006677,52.07
2007-10-15,-0.012483,51.42
2007-10-16,-0.023726,50.2
2007-10-17,-0.003386,50.03
2007-10-18,-0.023586,48.85
2007-10-19,-0.026203,47.57
2007-10-22,0.004415,47.78
2007-10-23,0.0,47.78
2007-10-24,-0.006279,47.48
2007-10-25,-0.01011,47.0
2007-10-26,0.021915,48.03
2007-10-29,-0.001041,47.98
2007-10-30,0.000208,47.99
2007-10-31,0.006043,48.28
2007-11-01,-0.053231,45.71
2007-11-02,-0.013126,45.11
2007-11-05,-0.014631,44.45
2007-11-06,0.024972,45.56
2007-11-07,-0.049385,43.31
2007-11-08,0.004387,43.5
2007-11-09,0.011035,43.98
2007-11-12,0.0,43.98
2007-11-13,0.052069,46.27
2007-11-14,-0.011671,45.73
2007-11-15,-0.036081,44.08
2007-11-16,0.006579,44.37
2007-11-19,-0.034934,42.82
2007-11-20,-0.001168,42.77
2007-11-21,-0.01473,42.14
2007-11-23,0.023968,43.15
2007-11-26,-0.029432,41.88
2007-11-27,0.02531,42.94
2007-11-28,0.044481,44.85
2007-11-29,-0.004905,44.63
2007-11-30,0.03361,46.13
2007-12-03,-0.014307,45.47
2007-12-04,-0.016714,44.71
2007-12-05,0.025945,45.23
2007-12-06,0.01614,45.96
2007-12-07,-0.012837,45.37
2007-12-10,0.027992,46.64
2007-12-11,-0.042667,44.65
2007-12-12,-0.027324,43.43
2007-12-13,-0.00875,43.05
2007-12-14,-0.020674,42.16
2007-12-17,-0.010911,41.7
2007-12-18,-0.004796,41.5
2007-12-19,0.002169,41.59
2007-12-20,-0.004328,41.41
2007-12-21,0.012316,41.92
2007-12-24,0.008588,42.28
2007-12-26,0.000473,42.3
2007-12-27,-0.019858,41.46
2007-12-28,-0.008683,41.1
2007-12-31,0.003893,41.26
2008-01-02,-0.016966,40.56
2008-01-03,-0.00641,40.3
2008-01-04,-0.011166,39.85
2008-01-07,0.001255,39.9
2008-01-08,-0.037343,38.41
2008-01-09,0.008592,38.74
2008-01-10,0.014455,39.3
2008-01-11,-0.020356,38.5
2008-01-14,0.018701,39.22
2008-01-15,-0.034166,37.88
2008-01-16,0.021383,38.69
2008-01-17,-0.046007,36.91
2008-01-18,-0.025467,35.97
2008-01-22,0.039477,37.39
2008-01-23,0.08505,40.57
2008-01-24,-0.016515,39.9
2008-01-25,-0.010526,39.48
2008-01-28,0.043566,41.2
2008-01-29,0.017961,41.94
2008-01-30,0.006438,42.21
2008-01-31,0.045961,44.15
2008-02-01,0.019932,45.03
2008-02-04,-0.022207,44.03
2008-02-05,-0.037702,42.37
2008-02-06,-0.000944,42.33
2008-02-07,0.024569,43.37
2008-02-08,-0.027899,42.16
2008-02-11,-0.000474,42.14
2008-02-12,0.016137,42.82
2008-02-13,0.01191,43.33
2008-02-14,-0.025156,42.24
2008-02-15,0.01089,42.7
2008-02-19,-0.000703,42.67
2008-02-20,0.007031,42.97
2008-02-21,-0.017687,42.21
2008-02-22,0.00924,42.6
2008-02-25,0.007981,42.94
2008-02-26,-0.005123,42.72
2008-02-27,0.003745,42.88
2008-02-28,-0.034049,41.42
2008-02-29,-0.04056,39.74
2008-03-03,-0.014092,39.18
2008-03-04,-0.010209,38.78
2008-03-05,-0.015214,37.55
2008-03-06,-0.02743,36.52
2008-03-07,0.006024,36.74
2008-03-10,-0.038922,35.31
2008-03-11,0.068253,37.72
2008-03-12,-0.018293,37.03
2008-03-13,0.002971,37.14
2008-03-14,-0.039042,35.69
2008-03-17,0.007565,35.96
2008-03-18,0.082592,38.93
2008-03-19,-0.009504,38.56
2008-03-20,0.085581,41.86
2008-03-24,0.014095,42.45
2008-03-25,-0.034865,40.97
2008-03-26,-0.027581,39.84
2008-03-27,-0.030121,38.64
2008-03-28,-0.014752,38.07
2008-03-31,-0.004203,37.91
2008-04-01,0.077816,40.86
2008-04-02,-0.013705,40.3
2008-04-03,0.001737,40.37
2008-04-04,-0.02378,39.41
2008-04-07,0.002284,39.5
2008-04-08,-0.028354,38.38
2008-04-09,-0.011725,37.93
2008-04-10,-0.006327,37.69
2008-04-11,-0.019899,36.94
2008-04-14,-0.036816,35.58
2008-04-15,0.0,35.58
2008-04-16,0.039348,36.98
2008-04-17,0.013251,37.47
2008-04-18,0.02909,38.56
2008-04-21,-0.024637,37.61
2008-04-22,-0.016219,37.0
2008-04-23,-0.003784,36.86
2008-04-24,0.027401,37.87
2008-04-25,0.011355,38.3
2008-04-28,-0.003133,38.18
2008-04-29,-0.008381,37.86
2008-04-30,-0.008452,37.54
2008-05-01,0.049281,39.39
2008-05-02,0.010155,39.79
2008-05-05,-0.020608,38.97
2008-05-06,0.006928,39.24
2008-05-07,-0.0316,38.0
2008-05-08,-0.017632,37.33
2008-05-09,-0.018216,36.65
2008-05-12,0.021555,37.44
2008-05-13,-0.022169,36.61
2008-05-14,0.00519,36.8
2008-05-15,-0.002446,36.71
2008-05-16,-0.01471,36.17
2008-05-19,-0.001935,36.1
2008-05-20,-0.019668,35.39
2008-05-21,-0.021475,34.63
2008-05-22,0.002888,34.73
2008-05-23,-0.023035,33.93
2008-05-27,0.007073,34.17
2008-05-28,-0.00878,33.87
2008-05-29,0.021553,34.6
2008-05-30,-0.017052,34.01
2008-06-02,-0.012643,33.58
2008-06-03,-0.008041,33.31
2008-06-04,-0.020414,31.99
2008-06-05,0.0,31.99
2008-06-06,-0.046577,30.5
2008-06-09,-0.02918,29.61
2008-06-10,0.000338,29.62
2008-06-11,-0.025996,28.85
2008-06-12,0.020451,29.44
2008-06-13,0.011549,29.78
2008-06-16,0.018133,30.32
2008-06-17,-0.03562,29.24
2008-06-18,-0.029754,28.37
2008-06-19,-0.008107,28.14
2008-06-20,-0.036958,27.1
2008-06-23,-0.045019,25.88
2008-06-24,0.028594,26.62
2008-06-25,-0.000376,26.61
2008-06-26,-0.067644,24.81
2008-06-27,-0.008867,24.59
2008-06-30,-0.02928,23.87
2008-07-01,-0.002514,23.81
2008-07-02,-0.053339,22.54
2008-07-03,-0.006211,22.4
2008-07-07,-0.038839,21.53
2008-07-08,0.093358,23.54
2008-07-09,-0.062872,22.06
2008-07-10,0.013599,22.36
2008-07-11,-0.030859,21.67
2008-07-14,-0.070143,20.15
2008-07-15,-0.080893,18.52
2008-07-16,0.224082,22.67
2008-07-17,0.168946,26.5
2008-07-18,0.037359,27.49
2008-07-21,0.038923,28.56
2008-07-22,0.132703,32.35
2008-07-23,0.033694,33.44
2008-07-24,-0.083732,30.64
2008-07-25,-0.034595,29.58
2008-07-28,-0.051386,28.06
2008-07-29,0.148254,32.22
2008-07-30,0.043141,33.61
2008-07-31,-0.021125,32.9
2008-08-01,0.01307,33.33
2008-08-04,-0.021302,32.62
2008-08-05,0.02943,33.58
2008-08-06,-0.003871,33.45
2008-08-07,-0.057698,31.52
2008-08-08,0.02316,32.25
2008-08-11,0.035039,33.38
2008-08-12,-0.067406,31.13
2008-08-13,-0.07292,28.86
2008-08-14,0.045738,30.18
2008-08-15,0.01723,30.7
2008-08-18,-0.045603,29.3
2008-08-19,-0.041638,28.08
2008-08-20,0.043091,29.29
2008-08-21,-0.008535,29.04
2008-08-22,0.040289,30.21
2008-08-25,-0.041377,28.96
2008-08-26,0.002072,29.02
2008-08-27,0.021709,29.65
2008-08-28,0.060034,31.43
2008-08-29,-0.009227,31.14
2008-09-02,0.047849,32.63
2008-09-03,0.029727,32.96
2008-09-04,-0.071602,30.6
2008-09-05,0.053268,32.23
2008-09-08,0.077568,34.73
2008-09-09,-0.063634,32.52
2008-09-10,-0.00369,32.4
2008-09-11,0.02037,33.06
2008-09-12,0.020569,33.74
2008-09-15,-0.2131,26.55
2008-09-16,0.112994,29.55
2008-09-17,-0.079526,27.2
2008-09-18,0.124265,30.58
2008-09-19,0.225638,37.48
2008-09-22,-0.088847,34.15
2008-09-23,-0.02489,33.3
2008-09-24,-0.006907,33.07
2008-09-25,0.039311,34.37
2008-09-26,0.067792,36.7
2008-09-29,-0.175749,30.25
2008-09-30,0.157025,35.0
2008-10-01,0.089429,38.13
2008-10-02,-0.046158,36.37
2008-10-03,-0.051966,34.48
2008-10-06,-0.065545,32.22
2008-10-07,-0.262259,23.77
2008-10-08,-0.070257,22.1
2008-10-09,-0.111765,19.63
2008-10-10,0.063169,20.87
2008-10-13,0.091998,22.79
2008-10-14,0.164107,26.53
2008-10-15,-0.102149,23.82
2008-10-16,0.018052,24.25
2008-10-17,-0.04165,23.24
2008-10-20,0.049914,24.4
2008-10-21,-0.017623,23.97
2008-10-22,-0.054652,22.66
2008-10-23,0.015004,23.0
2008-10-24,-0.083913,21.07
2008-10-27,-0.025629,20.53
2008-10-28,0.121286,23.02
2008-10-29,-0.030408,22.32
2008-10-30,0.020609,22.78
2008-10-31,0.061018,24.17
2008-11-03,-0.023169,23.61
2008-11-04,0.038967,24.53
2008-11-05,-0.113331,21.75
2008-11-06,-0.074943,20.12
2008-11-07,0.01839,20.49
2008-11-10,-0.049292,19.48
2008-11-11,-0.040554,18.69
2008-11-12,-0.090423,17.0
2008-11-13,0.005882,17.1
2008-11-14,-0.039766,16.42
2008-11-17,-0.084653,15.03
2008-11-18,0.010645,15.19
2008-11-19,-0.140224,13.06
2008-11-20,-0.138591,11.25
2008-11-21,0.019556,11.47
2008-11-24,0.272014,14.59
2008-11-25,0.014393,14.8
2008-11-26,0.042568,15.43
2008-11-28,0.053143,16.25
2008-12-01,-0.209231,12.85
2008-12-02,0.118288,14.37
2008-12-03,0.069589,15.05
2008-12-04,-0.047176,14.34
2008-12-05,0.062762,15.24
2008-12-08,0.170604,17.84
2008-12-09,-0.049888,16.95
2008-12-10,-0.015339,16.69
2008-12-11,-0.106651,14.91
2008-12-12,0.001341,14.93
2008-12-15,-0.054923,14.11
2008-12-16,0.070163,15.1
2008-12-17,-0.031788,14.62
2008-12-18,-0.045144,13.96
2008-12-19,-0.011461,13.8
2008-12-22,-0.019565,13.53
2008-12-23,-0.05765,12.75
2008-12-24,0.061176,13.53
2008-12-26,-0.012565,13.36
2008-12-29,-0.031437,12.94
2008-12-30,0.023184,13.24
2008-12-31,0.063444,14.08
2009-01-02,0.017756,14.33
2009-01-05,-0.024424,13.98
2009-01-06,0.021459,14.28
2009-01-07,-0.039916,13.71
2009-01-08,-0.0124,13.54
2009-01-09,-0.04062,12.99
2009-01-12,-0.120092,11.43
2009-01-13,-0.068242,10.65
2009-01-14,-0.042254,10.2
2009-01-15,-0.184314,8.32
2009-01-16,-0.137019,7.18
2009-01-20,-0.289694,5.1
2009-01-21,0.309804,6.68
2009-01-22,-0.14521,5.71
2009-01-23,0.09282,6.24
2009-01-26,-0.038462,6.0
2009-01-27,0.083333,6.5
2009-01-28,0.136923,7.39
2009-01-29,-0.082544,6.78
2009-01-30,-0.029499,6.58
2009-02-02,-0.088146,6.0
2009-02-03,-0.116667,5.3
2009-02-04,-0.113208,4.7
2009-02-05,0.029787,4.84
2009-02-06,0.266529,6.13
2009-02-09,0.12398,6.89
2009-02-10,-0.193033,5.56
2009-02-11,0.091727,6.07
2009-02-12,-0.032949,5.87
2009-02-13,-0.051107,5.57
2009-02-17,-0.120287,4.9
2009-02-18,-0.067347,4.57
2009-02-19,-0.140044,3.93
2009-02-20,-0.035623,3.79
2009-02-23,0.031662,3.91
2009-02-24,0.209719,4.73
2009-02-25,0.090909,5.16
2009-02-26,0.031008,5.32
2009-02-27,-0.257519,3.95
2009-03-02,-0.081013,3.63
2009-03-03,0.00551,3.65
2009-03-04,-0.013699,3.59
2009-03-05,-0.116992,3.17
2009-03-06,-0.009464,3.14
2009-03-09,0.194267,3.75
2009-03-10,0.277333,4.79
2009-03-11,0.029228,4.93
2009-03-12,0.186613,5.85
2009-03-13,-0.015385,5.76
2009-03-16,0.072917,6.18
2009-03-17,0.014563,6.27
2009-03-18,0.223285,7.67
2009-03-19,-0.09648,6.93
2009-03-20,-0.106782,6.19
2009-03-23,0.260097,7.8
2009-03-24,-0.074359,7.22
2009-03-25,0.066482,7.7
2009-03-26,-0.015584,7.58
2009-03-27,-0.031662,7.34
2009-03-30,-0.178474,6.03
2009-03-31,0.131012,6.82
2009-04-01,0.033724,7.05
2009-04-02,0.02695,7.24
2009-04-03,0.049724,7.6
2009-04-06,-0.01579,7.48
2009-04-07,-0.016043,7.36
2009-04-08,-0.040761,7.06
2009-04-09,0.352691,9.55
2009-04-13,0.153927,11.02
2009-04-14,-0.084392,10.09
2009-04-15,0.034688,10.44
2009-04-16,-0.009578,10.34
2009-04-17,0.025145,10.6
2009-04-20,-0.243396,8.02
2009-04-21,0.092269,8.76
2009-04-22,-0.057078,8.26
2009-04-23,0.067797,8.82
2009-04-24,0.031746,9.1
2009-04-27,-0.01978,8.92
2009-04-28,-0.086323,8.15
2009-04-29,0.065031,8.68
2009-04-30,0.028802,8.93
2009-05-01,-0.025756,8.7
2009-05-04,0.193103,10.38
2009-05-05,0.044316,10.84
2009-05-06,0.170664,12.69
2009-05-07,0.064618,13.51
2009-05-08,0.048853,14.17
2009-05-11,-0.086803,12.94
2009-05-12,-0.05255,12.26
2009-05-13,-0.101958,11.01
2009-05-14,0.027248,11.31
2009-05-15,-0.056587,10.67
2009-05-18,0.099344,11.73
2009-05-19,-0.040921,11.25
2009-05-20,0.021333,11.49
2009-05-21,-0.006963,11.41
2009-05-22,-0.029798,11.07
2009-05-26,-0.00813,10.98
2009-05-27,-0.006375,10.91
2009-05-28,0.035747,11.3
2009-05-29,-0.002655,11.27
2009-06-01,-0.005324,11.21
2009-06-02,0.017841,11.41
2009-06-03,-0.016652,11.21
2009-06-04,0.058876,11.87
2009-06-05,-0.000842,11.86
2009-06-08,0.016864,12.06
2009-06-09,0.0,12.06
2009-06-10,-0.006634,11.98
2009-06-11,0.082638,12.97
2009-06-12,0.057826,13.72
2009-06-15,-0.028426,13.33
2009-06-16,-0.045011,12.73
2009-06-17,-0.033778,12.3
2009-06-18,0.04878,12.9
2009-06-19,0.024806,13.22
2009-06-22,-0.096823,11.94
2009-06-23,0.024288,12.23
2009-06-24,0.009812,12.35
2009-06-25,0.0,12.35
2009-06-26,0.032389,12.75
2009-06-29,0.03451,13.19
2009-06-30,0.000758,13.2
2009-07-01,-0.011364,13.05
2009-07-02,-0.031418,12.64
2009-07-06,-0.038766,12.15
2009-07-07,0.0,12.15
2009-07-08,-0.025514,11.84
2009-07-09,0.01098,11.97
2009-07-10,-0.007519,11.88
2009-07-13,0.093434,12.99
2009-07-14,-0.006159,12.91
2009-07-15,0.039504,13.42
2009-07-16,-0.018629,13.17
2009-07-17,-0.02126,12.89
2009-07-20,-0.050427,12.24
2009-07-21,-0.004085,12.19
2009-07-22,0.003281,12.23
2009-07-23,0.037612,12.69
2009-07-24,-0.014184,12.51
2009-07-27,0.046363,13.09
2009-07-28,0.019099,13.34
2009-07-29,0.013493,13.52
2009-07-30,0.033284,13.97
2009-07-31,0.058697,14.79
2009-08-03,0.035835,15.32
2009-08-04,0.020888,15.64
2009-08-05,0.065217,16.66
2009-08-06,0.002401,16.7
2009-08-07,-0.016767,16.42
2009-08-10,0.015834,16.68
2009-08-11,-0.04976,15.85
2009-08-12,0.005047,15.93
2009-08-13,0.067169,17.0
2009-08-14,0.022941,17.39
2009-08-17,-0.047729,16.56
2009-08-18,0.020531,16.9
2009-08-19,-0.008876,16.75
2009-08-20,0.023284,17.14
2009-08-21,0.01867,17.46
2009-08-24,-0.0063,17.35
2009-08-25,0.023055,17.75
2009-08-26,0.002254,17.79
2009-08-27,0.007307,17.92
2009-08-28,0.003348,17.98
2009-08-31,-0.021691,17.59
2009-09-01,-0.064241,16.46
2009-09-02,-0.010936,16.27
2009-09-03,0.035034,16.84
2009-09-04,0.014846,17.09
2009-09-08,-0.004096,17.02
2009-09-09,0.001175,17.04
2009-09-10,0.010563,17.22
2009-09-11,-0.014518,16.97
2009-09-14,0.001179,16.99
2009-09-15,-0.011772,16.79
2009-09-16,0.027397,17.25
2009-09-17,0.02087,17.61
2009-09-18,0.001136,17.63
2009-09-21,-0.021554,17.25
2009-09-22,0.02087,17.61
2009-09-23,-0.006246,17.5
2009-09-24,-0.029714,16.98
2009-09-25,-0.022379,16.6
2009-09-28,0.037349,17.22
2009-09-29,-0.003484,17.16
2009-09-30,-0.013986,16.92
2009-10-01,-0.041962,16.21
2009-10-02,0.00802,16.34
2009-10-05,0.037944,16.96
2009-10-06,0.002359,17.0
2009-10-07,0.020588,17.35
2009-10-08,-0.001153,17.33
2009-10-09,0.00981,17.5
2009-10-12,0.030286,18.03
2009-10-13,-0.012202,17.81
2009-10-14,0.043796,18.59
2009-10-15,-0.026358,18.1
2009-10-16,-0.046409,17.26
2009-10-19,-0.005794,17.16
2009-10-20,-0.008741,17.01
2009-10-21,-0.029395,16.51
2009-10-22,0.000606,16.52
2009-10-23,-0.01816,16.22
2009-10-26,-0.050555,15.4
2009-10-27,0.003247,15.45
2009-10-28,-0.028479,15.01
2009-10-29,0.047968,15.73
2009-10-30,-0.073109,14.58
2009-11-02,0.003429,14.63
2009-11-03,0.01162,14.8
2009-11-04,-0.006757,14.7
2009-11-05,0.029252,15.13
2009-11-06,-0.005288,15.05
2009-11-09,0.047841,15.77
2009-11-10,0.016487,16.03
2009-11-11,0.024953,16.43
2009-11-12,-0.02252,16.06
2009-11-13,-0.004981,15.98
2009-11-16,-0.006884,15.87
2009-11-17,-0.006301,15.77
2009-11-18,0.036779,16.35
2009-11-19,-0.016514,16.08
2009-11-20,0.000622,16.09
2009-11-23,0.01243,16.29
2009-11-24,-0.011664,16.1
2009-11-25,-0.009317,15.95
2009-11-27,-0.030094,15.47
2009-11-30,0.024564,15.85
2009-12-01,0.003155,15.9
2009-12-02,-0.015094,15.65
2009-12-03,0.007029,15.76
2009-12-04,0.032995,16.28
2009-12-07,-0.023956,15.89
2009-12-08,-0.030208,15.41
2009-12-09,-0.001298,15.39
2009-12-10,-0.011696,15.21
2009-12-11,0.027613,15.63
2009-12-14,0.0,15.63
2009-12-15,-0.028151,15.19
2009-12-16,0.005925,15.28
2009-12-17,-0.027487,14.86
2009-12-18,0.01144,15.03
2009-12-21,0.016633,15.28
2009-12-22,0.003272,15.33
2009-12-23,-0.009132,15.19
2009-12-24,0.00395,15.25
2009-12-28,0.002623,15.29
2009-12-29,-0.011118,15.12
2009-12-30,-0.003307,15.07
2009-12-31,-0.000664,15.06
2010-01-04,0.041833,15.69
2010-01-05,0.032505,16.2
2010-01-06,0.011728,16.39
2010-01-07,0.032947,16.93
2010-01-08,-0.00886,16.78
2010-01-11,0.008939,16.93
2010-01-12,-0.033668,16.36
2010-01-13,0.015892,16.62
2010-01-14,0.012034,16.82
2010-01-15,-0.033294,16.26
2010-01-19,0.00369,16.32
2010-01-20,0.010417,16.49
2010-01-21,-0.061856,15.47
2010-01-22,-0.036846,14.9
2010-01-25,0.005369,14.98
2010-01-26,-0.014019,14.77
2010-01-27,0.028436,15.19
2010-01-28,0.01185,15.37
2010-01-29,-0.012362,15.18
2010-02-01,0.01581,15.42
2010-02-02,0.011673,15.6
2010-02-03,-0.004487,15.53
2010-02-04,-0.050225,14.75
2010-02-05,0.016949,15.0
2010-02-08,-0.034667,14.48
2010-02-09,-0.000691,14.47
2010-02-10,0.013822,14.67
2010-02-11,-0.002727,14.63
2010-02-12,-0.012304,14.45
2010-02-16,0.049135,15.16
2010-02-17,0.032982,15.66
2010-02-18,0.014049,15.88
2010-02-19,0.0,15.88
2010-02-22,0.020781,16.21
2010-02-23,-0.016656,15.94
2010-02-24,0.024467,16.33
2010-02-25,0.013472,16.55
2010-02-26,0.006647,16.66
2010-03-01,0.003001,16.71
2010-03-02,-0.014961,16.46
2010-03-03,-0.00486,16.37
2010-03-04,0.001833,16.4
2010-03-05,0.018293,16.7
2010-03-08,0.002395,16.74
2010-03-09,0.003584,16.8
2010-03-10,0.018453,17.11
2010-03-11,0.000584,17.12
2010-03-12,-0.015771,16.85
2010-03-15,0.0,16.85
2010-03-16,0.010683,17.03
2010-03-17,0.014093,17.27
2010-03-18,-0.011002,17.08
2010-03-19,-0.015223,16.82
2010-03-22,0.008323,16.96
2010-03-23,0.010024,17.13
2010-03-24,0.025686,17.57
2010-03-25,0.009676,17.74
2010-03-26,0.009019,17.9
2010-03-29,0.007821,18.04
2010-03-30,-0.015521,17.76
2010-03-31,0.005068,17.85
2010-04-01,0.010644,18.04
2010-04-05,0.004989,18.13
2010-04-06,0.019857,18.49
2010-04-07,0.007031,18.62
2010-04-08,0.001611,18.65
2010-04-09,-0.003217,18.59
2010-04-12,0.003765,18.66
2010-04-13,0.000536,18.67
2010-04-14,0.0391,19.4
2010-04-15,0.004124,19.48
2010-04-16,-0.054928,18.41
2010-04-19,-0.001086,18.39
2010-04-20,0.011963,18.61
2010-04-21,-0.017732,18.28
2010-04-22,0.014223,18.54
2010-04-23,-0.005933,18.43
2010-04-26,-0.020619,18.05
2010-04-27,-0.032133,17.47
2010-04-28,0.017745,17.78
2010-04-29,0.029246,18.3
2010-04-30,-0.025683,17.83
2010-05-03,0.0129,18.06
2010-05-04,-0.027686,17.56
2010-05-05,-0.001708,17.53
2010-05-06,-0.071306,16.28
2010-05-07,-0.006143,16.18
2010-05-10,0.069221,17.3
2010-05-11,-0.008092,17.16
2010-05-12,-0.005245,17.07
2010-05-13,-0.011716,16.87
2010-05-14,-0.031417,16.34
2010-05-17,0.000612,16.35
2010-05-18,-0.024465,15.95
2010-05-19,0.022571,16.31
2010-05-20,-0.061925,15.3
2010-05-21,0.045098,15.99
2010-05-24,-0.036898,15.4
2010-05-25,0.005844,15.49
2010-05-26,-0.001291,15.47
2010-05-27,0.045895,16.18
2010-05-28,-0.027194,15.74
2010-06-01,-0.01906,15.44
2010-06-02,0.029793,15.89
2010-06-03,-0.005035,15.81
2010-06-04,-0.029096,15.35
2010-06-07,-0.033876,14.83
2010-06-08,0.033715,15.33
2010-06-09,-0.020874,15.01
2010-06-10,0.02998,15.46
2010-06-11,0.009056,15.6
2010-06-14,-0.01218,15.41
2010-06-15,0.025243,15.799
2010-06-16,0.004494,15.87
2010-06-17,-0.003151,15.82
2010-06-18,0.0,15.82
2010-06-21,-0.001896,15.79
2010-06-22,-0.0133,15.58
2010-06-23,-0.009628,15.43
2010-06-24,-0.026572,15.02
2010-06-25,0.026631,15.42
2010-06-28,-0.011673,15.24
2010-06-29,-0.043963,14.57
2010-06-30,-0.013727,14.37
2010-07-01,-0.024356,14.02
2010-07-02,-0.012839,13.84
2010-07-06,0.015896,14.06
2010-07-07,0.04623,14.71
2010-07-08,0.010197,14.86
2010-07-09,0.016824,15.11
2010-07-12,0.006618,15.21
2010-07-13,0.030243,15.67
2010-07-14,0.0,15.67
2010-07-15,-0.017869,15.39
2010-07-16,-0.091618,13.98
2010-07-19,-0.026466,13.61
2010-07-20,0.011756,13.77
2010-07-21,-0.029775,13.36
2010-07-22,0.022455,13.66
2010-07-23,0.005857,13.74
2010-07-26,0.02984,14.15
2010-07-27,0.002827,14.19
2010-07-28,-0.014094,13.99
2010-07-29,0.002859,14.03
2010-07-30,0.000713,14.04
2010-08-02,0.02849,14.44
2010-08-03,-0.006925,14.34
2010-08-04,-0.01046,14.19
2010-08-05,-0.01198,14.02
2010-08-06,-0.00428,13.96
2010-08-09,-0.003582,13.91
2010-08-10,-0.020129,13.63
2010-08-11,-0.032282,13.19
2010-08-12,-0.009666,13.0625
2010-08-13,0.012823,13.23
2010-08-16,-0.003023,13.19
2010-08-17,0.001516,13.21
2010-08-18,0.008327,13.32
2010-08-19,-0.022523,13.02
2010-08-20,-0.011521,12.87
2010-08-23,0.0,12.87
2010-08-24,-0.017871,12.64
2010-08-25,0.001582,12.66
2010-08-26,-0.015008,12.47
2010-08-27,0.013633,12.64
2010-08-30,-0.025317,12.32
2010-08-31,0.011364,12.46
2010-09-01,0.060795,13.2075
2010-09-02,0.005489,13.28
2010-09-03,0.016566,13.5
2010-09-07,-0.021482,13.21
2010-09-08,0.012112,13.37
2010-09-09,0.009723,13.5
2010-09-10,0.003704,13.55
2010-09-13,0.02952,13.95
2010-09-14,-0.019355,13.68
2010-09-15,0.002193,13.71
2010-09-16,-0.01167,13.55
2010-09-17,-0.01107,13.4
2010-09-20,0.025373,13.74
2010-09-21,-0.00655,13.65
2010-09-22,-0.01685,13.42
2010-09-23,-0.018629,13.17
2010-09-24,0.03265,13.6
2010-09-27,-0.026471,13.24
2010-09-28,0.002266,13.27
2010-09-29,-0.012057,13.11
2010-09-30,-0.000572,13.1025
2010-10-01,0.015074,13.3
2010-10-04,-0.011278,13.15
2010-10-05,0.031179,13.56
2010-10-06,-0.012537,13.39
2010-10-07,-0.005975,13.31
2010-10-08,-0.009767,13.18
2010-10-11,-0.002276,13.15
2010-10-12,0.028137,13.52
2010-10-13,-0.017012,13.29
2010-10-14,-0.051919,12.6
2010-10-15,-0.049206,11.98
2010-10-18,0.03005,12.34
2010-10-19,-0.04376,11.8
2010-10-20,-0.004237,11.75
2010-10-21,-0.033192,11.36
2010-10-22,0.007042,11.44
2010-10-25,-0.024476,11.16
2010-10-26,0.012545,11.3
2010-10-27,0.021239,11.54
2010-10-28,-0.000867,11.53
2010-10-29,-0.007025,11.449
2010-11-01,0.004455,11.5
2010-11-02,-0.008696,11.4
2010-11-03,0.010526,11.52
2010-11-04,0.052951,12.13
2010-11-05,0.018961,12.36
2010-11-08,0.019418,12.6
2010-11-09,-0.026191,12.27
2010-11-10,0.02445,12.57
2010-11-11,-0.015911,12.37
2010-11-12,-0.02021,12.12
2010-11-15,-0.00165,12.1
2010-11-16,-0.013223,11.94
2010-11-17,-0.026801,11.62
2010-11-18,0.006885,11.7
2010-11-19,-0.003419,11.66
2010-11-22,-0.030875,11.3
2010-11-23,-0.018584,11.09
2010-11-24,0.017133,11.28
2010-11-26,-0.012411,11.14
2010-11-29,0.01526,11.31
2010-11-30,-0.03183,10.95
2010-12-01,0.031964,11.29
2010-12-02,0.034544,11.68
2010-12-03,0.015411,11.86
2010-12-06,-0.01855,11.64
2010-12-07,-0.006014,11.57
2010-12-08,0.037165,12.0
2010-12-09,0.054167,12.65
2010-12-10,0.011858,12.8
2010-12-13,-0.020313,12.54
2010-12-14,-0.011164,12.4
2010-12-15,-0.008871,12.29
2010-12-16,0.018714,12.52
2010-12-17,0.003994,12.57
2010-12-20,0.003978,12.62
2010-12-21,0.028526,12.98
2010-12-22,0.030817,13.38
2010-12-23,-0.023916,13.06
2010-12-27,0.01608,13.27
2010-12-28,0.005275,13.34
2010-12-29,-0.002249,13.31
2010-12-30,-0.002254,13.28
2010-12-31,0.004518,13.34
2011-01-03,0.063718,14.19
2011-01-04,0.003524,14.24
2011-01-05,0.018258,14.5
2011-01-06,-0.004138,14.44
2011-01-07,-0.013158,14.25
2011-01-10,0.010526,14.4
2011-01-11,0.020139,14.69
2011-01-12,0.020422,14.99
2011-01-13,-0.014676,14.77
2011-01-14,0.032498,15.25
2011-01-18,-0.016393,15.0
2011-01-19,-0.042,14.37
2011-01-20,0.01183,14.54
2011-01-21,-0.019945,14.25
2011-01-24,-0.023158,13.92
2011-01-25,-0.020833,13.63
2011-01-26,-0.005869,13.55
2011-01-27,0.008856,13.67
2011-01-28,-0.005121,13.6
2011-01-31,0.009559,13.73
2011-02-01,0.042243,14.31
2011-02-02,-0.004892,14.24
2011-02-03,0.013343,14.43
2011-02-04,-0.009702,14.29
2011-02-07,0.026592,14.67
2011-02-08,-0.00409,14.61
2011-02-09,0.002053,14.64
2011-02-10,-0.010246,14.49
2011-02-11,0.019324,14.77
2011-02-14,0.008125,14.89
2011-02-15,-0.008059,14.77
2011-02-16,0.004739,14.84
2011-02-17,-0.002022,14.81
2011-02-18,-0.004051,14.75
2011-02-22,-0.038644,14.18
2011-02-23,-0.000705,14.17
2011-02-24,-0.014114,13.97
2011-02-25,0.016464,14.2
2011-02-28,0.006338,14.29
2011-03-01,-0.025192,13.93
2011-03-02,-0.006461,13.83
2011-03-03,0.031815,14.27
2011-03-04,-0.010512,14.12
2011-03-07,-0.006374,14.03
2011-03-08,0.047042,14.69
2011-03-09,-0.006807,14.59
2011-03-10,-0.022618,14.26
2011-03-11,0.008415,14.38
2011-03-14,-0.010431,14.23
2011-03-15,-0.018974,13.96
2011-03-16,-0.019341,13.69
2011-03-17,0.021183,13.98
2011-03-18,0.004292,14.04
2011-03-21,0.000712,14.05
2011-03-22,-0.0121,13.88
2011-03-23,-0.016571,13.65
2011-03-24,-0.012454,13.48
2011-03-25,-0.010386,13.34
2011-03-28,0.002249,13.37
2011-03-29,-0.001496,13.35
2011-03-30,0.007491,13.45
2011-03-31,-0.008922,13.33
2011-04-01,0.003001,13.37
2011-04-04,0.005236,13.44
2011-04-05,0.002232,13.47
2011-04-06,0.01856,13.72
2011-04-07,-0.008018,13.61
2011-04-08,-0.009552,13.48
2011-04-11,0.000742,13.49
2011-04-12,-0.001483,13.47
2011-04-13,-0.014848,13.27
2011-04-14,-0.01055,13.13
2011-04-15,-0.02361,12.82
2011-04-18,-0.031201,12.42
2011-04-19,-0.006441,12.34
2011-04-20,-0.005673,12.27
2011-04-21,0.00326,12.31
2011-04-25,0.010561,12.44
2011-04-26,-0.016881,12.23
2011-04-27,0.008177,12.33
2011-04-28,0.007299,12.42
2011-04-29,-0.011272,12.28
2011-05-02,0.004886,12.34
2011-05-03,0.02107,12.6
2011-05-04,-0.00873,12.49
2011-05-05,-0.015212,12.3
2011-05-06,0.000813,12.31
2011-05-09,-0.010561,12.18
2011-05-10,0.00821,12.28
2011-05-11,-0.002443,12.25
2011-05-12,-0.004082,12.2
2011-05-13,-0.022131,11.93
2011-05-16,-0.005868,11.86
2011-05-17,0.003373,11.9
2011-05-18,-0.009244,11.79
2011-05-19,-0.008482,11.69
2011-05-20,-0.00941,11.58
2011-05-23,-0.013817,11.42
2011-05-24,0.003503,11.46
2011-05-25,-0.006981,11.38
2011-05-26,0.00703,11.46
2011-05-27,0.02007,11.69
2011-05-31,0.005133,11.75
2011-06-01,-0.042553,11.24
2011-06-02,0.004448,11.29
2011-06-03,-0.000886,11.28
2011-06-06,-0.039894,10.83
2011-06-07,-0.016621,10.65
2011-06-08,-0.010329,10.54
2011-06-09,0.010436,10.65
2011-06-10,0.014085,10.8
2011-06-13,0.015741,10.97
2011-06-14,-0.015497,10.8
2011-06-15,-0.027778,10.5
2011-06-16,0.009524,10.6
2011-06-17,0.007547,10.68
2011-06-20,-0.007491,10.6
2011-06-21,0.021698,10.83
2011-06-22,-0.003693,10.79
2011-06-23,-0.007414,10.71
2011-06-24,-0.01774,10.52
2011-06-27,0.031369,10.85
2011-06-28,-0.002765,10.82
2011-06-29,0.029575,11.14
2011-06-30,-0.016158,10.96
2011-07-01,0.011861,11.09
2011-07-05,-0.008115,11.0
2011-07-06,-0.023636,10.74
2011-07-07,0.01676,10.92
2011-07-08,-0.020147,10.7
2011-07-11,-0.03271,10.35
2011-07-12,-0.013527,10.21
2011-07-13,-0.000979,10.2
2011-07-14,-0.012745,10.07
2011-07-15,-0.006951,10.0
2011-07-18,-0.028,9.72
2011-07-19,-0.015432,9.57
2011-07-20,0.029258,9.85
2011-07-21,0.038579,10.23
2011-07-22,-0.009775,10.13
2011-07-25,-0.011846,10.01
2011-07-26,-0.000999,10.0
2011-07-27,-0.032,9.68
2011-07-28,0.011364,9.79
2011-07-29,-0.008172,9.71
2011-08-01,0.010299,9.81
2011-08-02,-0.03262,9.49
2011-08-03,0.005269,9.54
2011-08-04,-0.074424,8.83
2011-08-05,-0.074745,8.17
2011-08-08,-0.203182,6.51
2011-08-09,0.167435,7.6
2011-08-10,-0.109211,6.77
2011-08-11,0.070901,7.25
2011-08-12,-0.008276,7.19
2011-08-15,0.079277,7.76
2011-08-16,-0.046392,7.4
2011-08-17,0.008108,7.46
2011-08-18,-0.060322,7.01
2011-08-19,-0.005706,6.97
2011-08-22,-0.07891,6.42
2011-08-23,-0.018692,6.3
2011-08-24,0.109524,6.99
2011-08-25,0.094421,7.65
2011-08-26,0.014379,7.76
2011-08-29,0.081186,8.39
2011-08-30,-0.032181,8.12
2011-08-31,0.007389,8.17
2011-09-01,-0.031824,7.91
2011-09-02,-0.083439,7.25
2011-09-06,-0.035862,6.99
2011-09-07,0.0701,7.48
2011-09-08,-0.037433,7.2
2011-09-09,-0.030556,6.98
2011-09-12,0.010029,7.05
2011-09-13,-0.007092,7.0
2011-09-14,0.007143,7.05
2011-09-15,0.039716,7.33
2011-09-16,-0.013643,7.23
2011-09-19,-0.033195,6.99
2011-09-20,-0.012876,6.9
2011-09-21,-0.075362,6.38
2011-09-22,-0.050157,6.06
2011-09-23,0.041254,6.31
2011-09-26,0.045959,6.6
2011-09-27,-0.018182,6.48
2011-09-28,-0.049383,6.16
2011-09-29,0.030844,6.35
2011-09-30,-0.036221,6.12
2011-10-03,-0.096405,5.53
2011-10-04,0.041591,5.76
2011-10-05,0.001736,5.77
2011-10-06,0.088388,6.28
2011-10-07,-0.06051,5.9
2011-10-10,0.064407,6.28
2011-10-11,0.014331,6.37
2011-10-12,0.032967,6.58
2011-10-13,-0.054711,6.22
2011-10-14,-0.004823,6.19
2011-10-17,-0.025848,6.03
2011-10-18,0.101161,6.64
2011-10-19,-0.036145,6.4
2011-10-20,0.010938,6.47
2011-10-21,-0.001546,6.46
2011-10-24,0.040248,6.72
2011-10-25,-0.03869,6.46
2011-10-26,0.020124,6.59
2011-10-27,0.095599,7.22
2011-10-28,0.018006,7.35
2011-10-31,-0.070748,6.83
2011-11-01,-0.062958,6.4
2011-11-02,0.05,6.72
2011-11-03,0.028274,6.91
2011-11-04,-0.060782,6.49
2011-11-07,-0.006163,6.45
2011-11-08,0.012403,6.53
2011-11-09,-0.056662,6.16
2011-11-10,-0.021104,6.03
2011-11-11,0.029851,6.21
2011-11-14,-0.025765,6.05
2011-11-15,0.013223,6.13
2011-11-16,-0.03752,5.9
2011-11-17,-0.016949,5.8
2011-11-18,-0.003448,5.78
2011-11-21,-0.050173,5.49
2011-11-22,-0.021858,5.37
2011-11-23,-0.042831,5.14
2011-11-25,0.005837,5.17
2011-11-28,0.015474,5.25
2011-11-29,-0.032381,5.08
2011-11-30,0.072835,5.44
2011-12-01,0.016544,5.53
2011-12-02,0.019891,5.64
2011-12-05,0.026596,5.79
2011-12-06,-0.001727,5.78
2011-12-07,0.019031,5.89
2011-12-08,-0.050934,5.59
2011-12-09,0.023256,5.72
2011-12-12,-0.047203,5.45
2011-12-13,-0.023853,5.32
2011-12-14,-0.016917,5.23
2011-12-15,0.005736,5.26
2011-12-16,-0.011407,5.2
2011-12-19,-0.041346,4.985
2011-12-20,0.037111,5.17
2011-12-21,0.011605,5.23
2011-12-22,0.045889,5.47
2011-12-23,0.023766,5.6
2011-12-27,-0.021429,5.48
2011-12-28,-0.035584,5.285
2011-12-29,0.033113,5.46
2011-12-30,0.018315,5.56
2012-01-03,0.043166,5.8
2012-01-04,0.001724,5.81
2012-01-05,0.086059,6.31
2012-01-06,-0.020602,6.18
2012-01-09,0.014563,6.27
2012-01-10,0.057416,6.63
2012-01-11,0.036199,6.87
2012-01-12,-0.011645,6.79
2012-01-13,-0.02651,6.61
2012-01-17,-0.019667,6.48
2012-01-18,0.049383,6.8
2012-01-19,0.023529,6.96
2012-01-20,0.015805,7.07
2012-01-23,0.02546,7.25
2012-01-24,0.005517,7.29
2012-01-25,0.00823,7.35
2012-01-26,-0.006803,7.3
2012-01-27,-0.00137,7.29
2012-01-30,-0.030178,7.07
2012-01-31,0.008487,7.13
2012-02-01,0.032258,7.36
2012-02-02,0.012228,7.45
2012-02-03,0.052349,7.84
2012-02-06,0.016582,7.97
2012-02-07,-0.015056,7.85
2012-02-08,0.035669,8.13
2012-02-09,0.00615,8.18
2012-02-10,-0.013448,8.07
2012-02-13,0.022305,8.25
2012-02-14,-0.032727,7.98
2012-02-15,-0.025063,7.78
2012-02-16,0.039846,8.09
2012-02-17,-0.008653,8.02
2012-02-21,0.011222,8.11
2012-02-22,-0.019729,7.95
2012-02-23,0.008805,8.02
2012-02-24,-0.017456,7.88
2012-02-27,0.020305,8.04
2012-02-28,0.00995,8.12
2012-02-29,-0.017241,7.97
2012-03-01,0.018821,8.12
2012-03-02,0.001232,8.13
2012-03-05,-0.01968,7.97
2012-03-06,-0.032622,7.71
2012-03-07,0.040208,8.02
2012-03-08,0.004988,8.06
2012-03-09,-0.001241,8.05
2012-03-12,-0.007453,7.99
2012-03-13,0.062578,8.49
2012-03-14,0.041225,8.84
2012-03-15,0.045249,9.24
2012-03-16,0.060606,9.8
2012-03-19,-0.027551,9.53
2012-03-20,0.029381,9.81
2012-03-21,0.001019,9.82
2012-03-22,-0.022403,9.6
2012-03-23,0.026042,9.85
2012-03-26,0.008122,9.93
2012-03-27,-0.033233,9.6
2012-03-28,0.015625,9.75
2012-03-29,-0.022564,9.53
2012-03-30,0.004197,9.57
2012-04-02,0.011494,9.68
2012-04-03,-0.019628,9.49
2012-04-04,-0.030559,9.2
2012-04-05,0.003261,9.23
2012-04-09,-0.032503,8.93
2012-04-10,-0.043673,8.54
2012-04-11,0.037471,8.86
2012-04-12,0.034989,9.17
2012-04-13,-0.053435,8.68
2012-04-16,0.012673,8.79
2012-04-17,0.01479,8.92
2012-04-18,0.0,8.92
2012-04-19,-0.016816,8.77
2012-04-20,-0.04675,8.36
2012-04-23,-0.021531,8.18
2012-04-24,0.003667,8.21
2012-04-25,0.00609,8.26
2012-04-26,0.001211,8.27
2012-04-27,-0.002418,8.25
2012-04-30,-0.01697,8.11
2012-05-01,0.024661,8.31
2012-05-02,-0.018051,8.16
2012-05-03,-0.019608,8.0
2012-05-04,-0.0325,7.74
2012-05-07,0.028424,7.96
2012-05-08,-0.021357,7.79
2012-05-09,-0.007702,7.73
2012-05-10,-0.003881,7.7
2012-05-11,-0.019481,7.55
2012-05-14,-0.02649,7.35
2012-05-15,-0.006803,7.3
2012-05-16,-0.026027,7.11
2012-05-17,-0.018284,6.98
2012-05-18,0.005731,7.02
2012-05-21,-0.027066,6.83
2012-05-22,0.021962,6.98
2012-05-23,0.027221,7.17
2012-05-24,-0.004184,7.14
2012-05-25,0.001401,7.15
2012-05-29,0.040559,7.44
2012-05-30,-0.030914,7.2
2012-05-31,0.020833,7.35
2012-06-01,-0.044898,7.02
2012-06-04,-0.017094,6.9
2012-06-05,0.028986,7.1
2012-06-06,0.076056,7.64
2012-06-07,-0.028796,7.42
2012-06-08,0.018868,7.56
2012-06-11,-0.037037,7.28
2012-06-12,0.028846,7.49
2012-06-13,0.001335,7.5
2012-06-14,0.021333,7.66
2012-06-15,0.031332,7.9
2012-06-18,-0.017722,7.76
2012-06-19,0.045103,8.11
2012-06-20,0.003699,8.14
2012-06-21,-0.039312,7.82
2012-06-22,0.015345,7.94
2012-06-25,-0.042821,7.6
2012-06-26,0.001974,7.615
2012-06-27,0.020355,7.77
2012-06-28,-0.003861,7.74
2012-06-29,0.056848,8.18
2012-07-02,-0.015892,8.05
2012-07-03,0.001242,8.06
2012-07-05,-0.029777,7.82
2012-07-06,-0.02046,7.66
2012-07-09,-0.013055,7.56
2012-07-10,-0.010582,7.48
2012-07-11,0.020054,7.63
2012-07-12,-0.019659,7.48
2012-07-13,0.045455,7.82
2012-07-16,-0.001279,7.81
2012-07-17,0.014085,7.92
2012-07-18,-0.049242,7.53
2012-07-19,-0.035857,7.26
2012-07-20,-0.026171,7.07
2012-07-23,0.002829,7.09
2012-07-24,-0.007052,7.04
2012-07-25,0.004261,7.07
2012-07-26,0.014144,7.17
2012-07-27,0.019526,7.31
2012-07-30,-0.004104,7.28
2012-07-31,0.008242,7.34
2012-08-01,-0.016349,7.22
2012-08-02,-0.00554,7.18
2012-08-03,0.034819,7.43
2012-08-06,0.028264,7.64
2012-08-07,0.003927,7.67
2012-08-08,0.0,7.67
2012-08-09,0.006519,7.72
2012-08-10,0.002591,7.74
2012-08-13,-0.002584,7.72
2012-08-14,0.007772,7.78
2012-08-15,0.011568,7.87
2012-08-16,0.007624,7.93
2012-08-17,0.008827,8.0
2012-08-20,0.01875,8.15
2012-08-21,0.004908,8.19
2012-08-22,0.003663,8.22
2012-08-23,-0.008516,8.15
2012-08-24,0.001227,8.16
2012-08-27,-0.011029,8.07
2012-08-28,-0.013631,7.96
2012-08-29,0.005025,8.0
2012-08-30,-0.01125,7.91
2012-08-31,0.010114,7.99
2012-09-04,0.001252,8.0
2012-09-05,-0.005,7.95
2012-09-06,0.050315,8.35
2012-09-07,0.053892,8.8
2012-09-10,-0.025,8.58
2012-09-11,0.052448,9.03
2012-09-12,-0.006644,8.97
2012-09-13,0.047938,9.4
2012-09-14,0.015958,9.55
2012-09-17,-0.026178,9.3
2012-09-18,-0.007527,9.23
2012-09-19,0.006501,9.29
2012-09-20,-0.010764,9.19
2012-09-21,-0.008705,9.11
2012-09-24,-0.001098,9.1
2012-09-25,-0.019231,8.925
2012-09-26,-0.012325,8.815
2012-09-27,0.017584,8.97
2012-09-28,-0.015608,8.83
2012-10-01,0.014723,8.96
2012-10-02,-0.003348,8.93
2012-10-03,0.020157,9.11
2012-10-04,0.032931,9.41
2012-10-05,-0.009564,9.32
2012-10-08,-0.004292,9.28
2012-10-09,-0.007543,9.21
2012-10-10,0.0,9.21
2012-10-11,0.014115,9.34
2012-10-12,-0.023555,9.12
2012-10-15,0.035088,9.44
2012-10-16,0.002119,9.46
2012-10-17,-0.002114,9.44
2012-10-18,0.003178,9.47
2012-10-19,-0.003168,9.44
2012-10-22,0.011653,9.55
2012-10-23,-0.019895,9.36
2012-10-24,-0.005342,9.31
2012-10-25,-0.007519,9.24
2012-10-26,-0.012987,9.12
2012-10-31,0.02193,9.32
2012-11-01,0.045064,9.74
2012-11-02,0.011294,9.85
2012-11-05,-0.010152,9.75
2012-11-06,0.019487,9.94
2012-11-07,-0.071429,9.23
2012-11-08,0.017335,9.39
2012-11-09,0.00426,9.43
2012-11-12,-0.004242,9.39
2012-11-13,-0.00639,9.33
2012-11-14,-0.036442,8.99
2012-11-15,0.011124,9.09
2012-11-16,0.0033,9.12
2012-11-19,0.04057,9.49
2012-11-20,0.014752,9.63
2012-11-21,0.014538,9.77
2012-11-23,0.013306,9.9
2012-11-26,-0.006566,9.835
2012-11-27,-0.017794,9.66
2012-11-28,0.010352,9.76
2012-11-29,0.007172,9.83
2012-11-30,0.003052,9.86
2012-12-03,-0.006085,9.8
2012-12-04,0.011225,9.91
2012-12-05,0.056509,10.46
2012-12-06,-0.000478,10.455
2012-12-07,0.017217,10.635
2012-12-10,-0.006112,10.57
2012-12-11,-0.005676,10.51
2012-12-12,0.009515,10.61
2012-12-13,-0.006598,10.54
2012-12-14,0.003795,10.58
2012-12-17,0.039698,11.0
2012-12-18,0.032727,11.36
2012-12-19,-0.014965,11.19
2012-12-20,0.029491,11.52
2012-12-21,-0.019965,11.29
2012-12-24,-0.003543,11.25
2012-12-26,0.025778,11.54
2012-12-27,-0.006066,11.47
2012-12-28,-0.00959,11.36
2012-12-31,0.022007,11.61
2013-01-02,0.036176,12.03
2013-01-03,-0.005819,11.96
2013-01-04,0.012542,12.11
2013-01-07,-0.001651,12.09
2013-01-08,-0.009098,11.98
2013-01-09,-0.04591,11.43
2013-01-10,0.030621,11.78
2013-01-11,-0.012733,11.63
2013-01-14,-0.013758,11.47
2013-01-15,0.006975,11.55
2013-01-16,0.019913,11.78
2013-01-17,-0.042445,11.28
2013-01-18,-0.012411,11.14
2013-01-22,0.018851,11.35
2013-01-23,0.006167,11.42
2013-01-24,0.009632,11.53
2013-01-25,0.007806,11.62
2013-01-28,-0.012048,11.48
2013-01-29,0.000871,11.49
2013-01-30,-0.009574,11.38
2013-01-31,-0.005272,11.32
2013-02-01,0.034452,11.71
2013-02-04,-0.019641,11.48
2013-02-05,0.034843,11.88
2013-02-06,0.004209,11.93
2013-02-07,-0.007544,11.84
2013-02-08,-0.006757,11.76
2013-02-11,0.008503,11.86
2013-02-12,0.032462,12.245
2013-02-13,-0.006125,12.17
2013-02-14,-0.003287,12.13
2013-02-15,-0.008244,12.03
2013-02-19,0.0133,12.19
2013-02-20,-0.031993,11.8
2013-02-21,-0.032203,11.42
2013-02-22,0.001751,11.44
2013-02-25,-0.035839,11.03
2013-02-26,0.009066,11.13
2013-02-27,0.016173,11.3
2013-02-28,-0.006195,11.23
2013-03-01,0.009795,11.34
2013-03-04,0.006173,11.41
2013-03-05,0.01227,11.55
2013-03-06,0.032035,11.92
2013-03-07,0.028524,12.26
2013-03-08,-0.015498,12.07
2013-03-11,0.006628,12.15
2013-03-12,-0.011523,12.01
2013-03-13,0.004163,12.06
2013-03-14,0.004146,12.11
2013-03-15,0.037985,12.57
2013-03-18,-0.000795,12.56
2013-03-19,0.011943,12.71
2013-03-20,0.005507,12.78
2013-03-21,-0.016432,12.57
2013-03-22,-0.000795,12.56
2013-03-25,-0.012739,12.4
2013-03-26,-0.009677,12.28
2013-03-27,-0.004072,12.23
2013-03-28,-0.004088,12.18
2013-04-01,-0.002463,12.15
2013-04-02,0.0,12.15
2013-04-03,-0.027984,11.81
2013-04-04,0.011008,11.94
2013-04-05,0.002513,11.97
2013-04-08,0.02005,12.21
2013-04-09,0.003276,12.25
2013-04-10,0.005714,12.32
2013-04-11,-0.004058,12.27
2013-04-12,-0.00815,12.17
2013-04-15,-0.015612,11.98
2013-04-16,0.025042,12.28
2013-04-17,-0.047231,11.7
2013-04-18,-0.022222,11.44
2013-04-19,0.019231,11.66
2013-04-22,0.005146,11.72
2013-04-23,0.029863,12.07
2013-04-24,0.019884,12.31
2013-04-25,0.010561,12.44
2013-04-26,-0.001608,12.42
2013-04-29,-0.003221,12.38
2013-04-30,-0.005654,12.31
2013-05-01,-0.01381,12.14
2013-05-02,0.004119,12.19
2013-05-03,0.004102,12.24
2013-05-06,0.052288,12.88
2013-05-07,0.001553,12.9
2013-05-08,0.009302,13.02
2013-05-09,-0.008449,12.91
2013-05-10,0.008521,13.02
2013-05-13,-0.003072,12.98
2013-05-14,0.027735,13.34
2013-05-15,0.007496,13.44
2013-05-16,-0.005952,13.36
2013-05-17,0.00524,13.43
2013-05-20,0.005957,13.51
2013-05-21,-0.005181,13.44
2013-05-22,-0.009673,13.31
2013-05-23,-0.007513,13.21
2013-05-24,0.002271,13.24
2013-05-28,0.008308,13.35
2013-05-29,0.009738,13.48
2013-05-30,0.025964,13.83
2013-05-31,-0.012292,13.66
2013-06-03,-0.008053,13.55
2013-06-04,-0.014022,13.36
2013-06-05,-0.019461,13.09
2013-06-06,0.008403,13.2
2013-06-07,0.013636,13.38
2013-06-10,-0.005979,13.3
2013-06-11,-0.013534,13.12
2013-06-12,-0.004573,13.06
2013-06-13,0.011485,13.21
2013-06-14,-0.010598,13.07
2013-06-17,0.010712,13.21
2013-06-18,0.004542,13.27
2013-06-19,-0.006029,13.19
2013-06-20,-0.022744,12.89
2013-06-21,-0.015516,12.69
2013-06-24,-0.030733,12.3
2013-06-25,0.030081,12.67
2013-06-26,0.007103,12.76
2013-06-27,0.019593,13.01
2013-06-28,-0.01153,12.86
2013-07-01,0.005443,12.93
2013-07-02,-0.00232,12.9
2013-07-03,-0.005426,12.83
2013-07-05,0.017927,13.06
2013-07-08,0.016845,13.28
2013-07-09,0.018825,13.53
2013-07-10,-0.011826,13.37
2013-07-11,0.010471,13.51
2013-07-12,0.019985,13.78
2013-07-15,0.007257,13.88
2013-07-16,0.002882,13.92
2013-07-17,0.028017,14.31
2013-07-18,0.031447,14.76
2013-07-19,-0.000678,14.75
2013-07-22,0.011525,14.92
2013-07-23,0.00134,14.94
2013-07-24,-0.015395,14.71
2013-07-25,0.008158,14.83
2013-07-26,-0.006743,14.73
2013-07-29,-0.014257,14.52
2013-07-30,0.0,14.52
2013-07-31,0.00551,14.6
2013-08-01,0.023973,14.95
2013-08-02,-0.007358,14.84
2013-08-05,-0.002695,14.8
2013-08-06,-0.010811,14.64
2013-08-07,-0.007514,14.53
2013-08-08,0.005506,14.61
2013-08-09,-0.010951,14.45
2013-08-12,-0.002768,14.41
2013-08-13,0.00694,14.51
2013-08-14,0.006203,14.6
2013-08-15,-0.019178,14.32
2013-08-16,0.006983,14.42
2013-08-19,-0.018724,14.15
2013-08-20,0.009894,14.29
2013-08-21,0.003499,14.34
2013-08-22,0.016039,14.57
2013-08-23,0.0,14.57
2013-08-26,-0.005491,14.49
2013-08-27,-0.026225,14.11
2013-08-28,0.000709,14.12
2013-08-29,0.003541,14.17
2013-08-30,-0.003529,14.12
2013-09-03,0.009207,14.25
2013-09-04,0.005614,14.32
2013-09-05,0.003492,14.37
2013-09-06,-0.000696,14.36
2013-09-09,0.008357,14.48
2013-09-10,0.008978,14.61
2013-09-11,0.002738,14.65
2013-09-12,-0.011604,14.48
2013-09-13,0.000691,14.49
2013-09-16,0.002761,14.53
2013-09-17,0.001376,14.55
2013-09-18,0.01134,14.715
2013-09-19,-0.007136,14.61
2013-09-20,-0.011636,14.44
2013-09-23,-0.020776,14.14
2013-09-24,-0.003536,14.09
2013-09-25,0.003549,14.14
2013-09-26,-0.004243,14.08
2013-09-27,-0.012784,13.9
2013-09-30,-0.007194,13.8
2013-10-01,0.007246,13.9
2013-10-02,0.011511,14.06
2013-10-03,-0.004267,14.0
2013-10-04,0.003571,14.05
2013-10-07,-0.017082,13.81
2013-10-08,-0.008689,13.69
2013-10-09,0.010957,13.84
2013-10-10,0.028179,14.23
2013-10-11,-0.002811,14.19
2013-10-14,0.011276,14.35
2013-10-15,-0.007666,14.24
2013-10-16,0.022472,14.56
2013-10-17,0.006868,14.66
2013-10-18,-0.002046,14.63
2013-10-21,-0.007519,14.52
2013-10-22,0.0,14.52
2013-10-23,-0.02135,14.21
2013-10-24,-0.002815,14.17
2013-10-25,0.006351,14.26
2013-10-28,-0.002104,14.23
2013-10-29,-0.005622,14.15
2013-10-30,0.001413,14.17
2013-10-31,-0.014114,13.97
2013-11-01,0.003579,14.02
2013-11-04,0.001427,14.04
2013-11-05,-0.007835,13.93
2013-11-06,0.002154,13.96
2013-11-07,-0.011461,13.8
2013-11-08,0.037681,14.32
2013-11-11,0.005587,14.4
2013-11-12,-0.005556,14.32
2013-11-13,0.022346,14.64
2013-11-14,0.010587,14.795
2013-11-15,0.008449,14.92
2013-11-18,0.0,14.92
2013-11-19,0.018767,15.2
2013-11-20,-0.003947,15.14
2013-11-21,0.029723,15.59
2013-11-22,0.003207,15.64
2013-11-25,0.01087,15.81
2013-11-26,0.004428,15.88
2013-11-27,-0.003149,15.83
2013-11-29,-0.000632,15.82
2013-12-02,-0.005689,15.73
2013-12-03,-0.012079,15.54
2013-12-04,0.006435,15.63
2013-12-05,-0.012796,15.43
2013-12-06,0.008425,15.56
2013-12-09,0.001285,15.58
2013-12-10,-0.001284,15.56
2013-12-11,-0.019923,15.25
2013-12-12,0.0,15.25
2013-12-13,-0.00459,15.18
2013-12-16,0.003953,15.24
2013-12-17,-0.003937,15.18
2013-12-18,0.033597,15.69
2013-12-19,0.003824,15.75
2013-12-20,-0.009524,15.6
2013-12-23,0.005769,15.69
2013-12-24,0.000637,15.7
2013-12-26,-0.003185,15.65
2013-12-27,0.001278,15.67
2013-12-30,-0.008296,15.54
2013-12-31,0.00193,15.57
2014-01-02,0.03404,16.1
2014-01-03,0.019255,16.41
2014-01-06,0.015235,16.66
2014-01-07,-0.009604,16.5
2014-01-08,0.004848,16.58
2014-01-09,0.015078,16.83
2014-01-10,-0.003565,16.77
2014-01-13,-0.020274,16.43
2014-01-14,0.020694,16.77
2014-01-15,0.02266,17.15
2014-01-16,-0.004082,17.08
2014-01-17,-0.004098,17.01
2014-01-21,0.0,17.01
2014-01-22,0.00823,17.15
2014-01-23,-0.01691,16.86
2014-01-24,-0.024318,16.45
2014-01-27,-0.008511,16.31
2014-01-28,0.025751,16.73
2014-01-29,-0.002989,16.68
2014-01-30,0.014988,16.93
2014-01-31,-0.010632,16.75
2014-02-03,-0.023881,16.35
2014-02-04,0.0,16.35
2014-02-05,0.003058,16.4
2014-02-06,0.017683,16.69
2014-02-07,0.007789,16.82
2014-02-10,-0.005945,16.72
2014-02-11,0.009569,16.88
2014-02-12,-0.007701,16.75
2014-02-13,0.0,16.75
2014-02-14,-0.002985,16.7
2014-02-18,-0.013773,16.47
2014-02-19,-0.016393,16.2
2014-02-20,0.006173,16.3
2014-02-21,-0.000613,16.29
2014-02-24,0.014733,16.53
2014-02-25,-0.011494,16.34
2014-02-26,-0.000612,16.33
2014-02-27,0.009798,16.49
2014-02-28,0.002426,16.53
2014-03-03,-0.013914,16.3
2014-03-04,0.02638,16.73
2014-03-05,0.03168,17.25
2014-03-06,0.005797,17.35
2014-03-07,-0.001153,17.33
2014-03-10,0.008078,17.47
2014-03-11,-0.011448,17.27
2014-03-12,0.000579,17.28
2014-03-13,-0.006944,17.16
2014-03-14,-0.020979,16.8
2014-03-17,0.018453,17.11
2014-03-18,0.004676,17.19
2014-03-19,0.014543,17.44
2014-03-20,0.027523,17.92
2014-03-21,-0.020089,17.56
2014-03-24,-0.01082,17.37
2014-03-25,-0.009211,17.21
2014-03-26,-0.001743,17.18
2014-03-27,-0.009895,17.01
2014-03-28,-0.001764,16.98
2014-03-31,0.012957,17.2
2014-04-01,0.00814,17.34
2014-04-02,-0.006344,17.23
2014-04-03,-0.004643,17.15
2014-04-04,-0.025073,16.72
2014-04-07,-0.020335,16.38
2014-04-08,0.003663,16.44
2014-04-09,0.010949,16.62
2014-04-10,-0.030084,16.12
2014-04-11,-0.021712,15.77
2014-04-14,0.014585,16.0
2014-04-15,0.024375,16.39
2014-04-16,-0.015863,16.13
2014-04-17,0.00124,16.15
2014-04-21,-0.003715,16.09
2014-04-22,0.01243,16.29
2014-04-23,0.004911,16.37
2014-04-24,-0.001833,16.34
2014-04-25,-0.023868,15.95
2014-04-28,-0.062696,14.95
2014-04-29,0.019398,15.24
2014-04-30,-0.006562,15.14
2014-05-01,-0.003303,15.09
2014-05-02,0.010603,15.25
2014-05-05,-0.011148,15.08
2014-05-06,-0.02321,14.73
2014-05-07,0.004752,14.8
2014-05-08,0.008784,14.93
2014-05-09,-0.012726,14.74
2014-05-12,0.022388,15.07
2014-05-13,-0.002654,15.03
2014-05-14,-0.012641,14.84
2014-05-15,-0.019542,14.55
2014-05-16,-0.002749,14.51
2014-05-19,0.011027,14.67
2014-05-20,-0.009543,14.53
2014-05-21,0.005506,14.61
2014-05-22,0.006845,14.71
2014-05-23,0.00068,14.72
2014-05-27,0.033967,15.22
2014-05-28,-0.005256,15.14
2014-05-29,0.00066,15.15
2014-05-30,-0.00066,15.14
2014-06-02,0.007926,15.26
2014-06-03,-0.003277,15.21
2014-06-04,0.0,15.21
2014-06-05,0.014464,15.43
2014-06-06,0.010369,15.59
2014-06-09,0.016036,15.84
2014-06-10,0.005051,15.92
2014-06-11,-0.020729,15.59
2014-06-12,-0.010904,15.42
2014-06-13,0.001297,15.44
2014-06-16,-0.010363,15.28
2014-06-17,0.020288,15.59
2014-06-18,0.003849,15.65
2014-06-19,-0.00639,15.55
2014-06-20,-0.005788,15.45
2014-06-23,0.012298,15.64
2014-06-24,-0.009591,15.49
2014-06-25,-0.001291,15.47
2014-06-26,-0.003879,15.41
2014-06-27,-0.005191,15.33
2014-06-30,0.002609,15.37
2014-07-01,0.014964,15.6
2014-07-02,0.016026,15.85
2014-07-03,0.011357,16.03
2014-07-07,-0.005615,15.94
2014-07-08,-0.022585,15.58
2014-07-09,0.001284,15.6
2014-07-10,-0.010257,15.44
2014-07-11,-0.003886,15.38
2014-07-14,0.012354,15.57
2014-07-15,0.015414,15.81
2014-07-16,-0.018975,15.51
2014-07-17,-0.019987,15.2
2014-07-18,0.019079,15.49
2014-07-21,0.001937,15.52
2014-07-22,0.0,15.52
2014-07-23,0.0,15.52
2014-07-24,0.006443,15.62
2014-07-25,-0.001921,15.59
2014-07-28,-0.005773,15.5
2014-07-29,-0.010323,15.34
2014-07-30,0.015645,15.58
2014-07-31,-0.021181,15.25
2014-08-01,-0.017705,14.98
2014-08-04,0.004673,15.05
2014-08-05,-0.003322,15.0
2014-08-06,0.013333,15.2
2014-08-07,-0.005263,15.12
2014-08-08,0.005291,15.2
2014-08-11,0.001316,15.22
2014-08-12,-0.000657,15.21
2014-08-13,0.00263,15.25
2014-08-14,0.00459,15.32
2014-08-15,-0.006527,15.22
2014-08-18,0.015112,15.45
2014-08-19,0.0,15.45
2014-08-20,0.004531,15.52
2014-08-21,0.041237,16.16
2014-08-22,-0.001856,16.13
2014-08-25,0.00992,16.29
2014-08-26,0.002455,16.33
2014-08-27,-0.007961,16.2
2014-08-28,-0.011728,16.01
2014-08-29,0.004997,16.09
2014-09-02,0.011187,16.27
2014-09-03,-0.007376,16.1
2014-09-04,0.000621,16.11
2014-09-05,-0.005587,16.02
2014-09-08,0.020599,16.35
2014-09-09,-0.012844,16.14
2014-09-10,0.013631,16.36
2014-09-11,0.012836,16.57
2014-09-12,0.013277,16.79
2014-09-15,-0.002978,16.74
2014-09-16,-0.001792,16.71
2014-09-17,0.003591,16.77
2014-09-18,0.0161,17.04
2014-09-19,-0.005282,16.95
2014-09-22,0.00472,17.03
2014-09-23,0.001174,17.05
2014-09-24,0.007625,17.18
2014-09-25,-0.019208,16.85
2014-09-26,0.010683,17.03
2014-09-29,-0.001174,17.01
2014-09-30,0.002352,17.05
2014-10-01,-0.01349,16.82
2014-10-02,0.003567,16.88
2014-10-03,0.024289,17.29
2014-10-06,0.0,17.29
2014-10-07,-0.023713,16.88
2014-10-08,0.014218,17.12
2014-10-09,-0.030958,16.59
2014-10-10,-0.006631,16.48
2014-10-13,-0.004854,16.4
2014-10-14,0.007317,16.52
2014-10-15,-0.046005,15.76
2014-10-16,0.020305,16.08
2014-10-17,0.008085,16.21
2014-10-20,0.003085,16.26
2014-10-21,0.02091,16.6
2014-10-22,-0.012048,16.4
2014-10-23,0.012195,16.6
2014-10-24,0.007229,16.72
2014-10-27,-0.007775,16.59
2014-10-28,0.012658,16.8
2014-10-29,0.01131,16.99
2014-10-30,0.002354,17.03
2014-10-31,0.007634,17.16
2014-11-03,0.00641,17.27
2014-11-04,-0.003474,17.21
2014-11-05,0.007554,17.34
2014-11-06,0.001153,17.36
2014-11-07,0.0,17.36
2014-11-10,0.000576,17.37
2014-11-11,-0.002879,17.32
2014-11-12,-0.001732,17.29
2014-11-13,-0.004049,17.22
2014-11-14,-0.004646,17.14
2014-11-17,-0.002917,17.09
2014-11-18,0.002926,17.14
2014-11-19,-0.004667,17.06
2014-11-20,-0.003517,17.0
2014-11-21,0.007059,17.12
2014-11-24,0.003505,17.18
2014-11-25,-0.004657,17.1
2014-11-26,0.000585,17.11
2014-11-28,-0.004091,17.04
2014-12-01,-0.014671,16.79
2014-12-02,0.021441,17.15
2014-12-03,0.011079,17.29
2014-12-04,-0.004627,17.21
2014-12-05,0.02731,17.68
2014-12-08,-0.001131,17.66
2014-12-09,-0.005663,17.56
2014-12-10,-0.010251,17.38
2014-12-11,0.005178,17.47
2014-12-12,-0.019462,17.13
2014-12-15,-0.016346,16.85
2014-12-16,-0.007715,16.72
2014-12-17,0.032297,17.26
2014-12-18,0.015643,17.53
2014-12-19,0.005134,17.62
2014-12-22,0.005108,17.71
2014-12-23,0.012422,17.93
2014-12-24,0.002789,17.98
2014-12-26,0.0,17.98
2014-12-29,0.00723,18.11
2014-12-30,0.001104,18.13
2014-12-31,-0.013238,17.89
2015-01-02,0.000559,17.9
2015-01-05,-0.02905,17.38
2015-01-06,-0.029919,16.86
2015-01-07,0.004745,16.94
2015-01-08,0.020661,17.29
2015-01-09,-0.01793,16.98
2015-01-12,-0.017668,16.68
2015-01-13,-0.013789,16.45
2015-01-14,-0.024924,16.04
2015-01-15,-0.052369,15.2
2015-01-16,0.011842,15.38
2015-01-20,-0.007802,15.26
2015-01-21,0.00983,15.41
2015-01-22,0.044127,16.09
2015-01-23,-0.022374,15.73
2015-01-26,0.007629,15.85
2015-01-27,-0.01388,15.63
2015-01-28,-0.027511,15.2
2015-01-29,0.015132,15.43
2015-01-30,-0.018147,15.15
2015-02-02,0.020462,15.46
2015-02-03,0.027814,15.89
2015-02-04,-0.006293,15.79
2015-02-05,0.0114,15.97
2015-02-06,0.032561,16.49
2015-02-09,-0.00849,16.35
2015-02-10,0.004281,16.42
2015-02-11,-0.003654,16.36
2015-02-12,0.018949,16.67
2015-02-13,-0.003599,16.61
2015-02-17,0.001204,16.63
2015-02-18,-0.019844,16.3
2015-02-19,-0.005521,16.21
2015-02-20,0.010487,16.38
2015-02-23,-0.010989,16.2
2015-02-24,0.011111,16.38
2015-02-25,0.006716,16.49
2015-02-26,-0.027289,16.04
2015-02-27,-0.014339,15.81
2015-03-02,0.01265,16.01
2015-03-03,0.001874,16.04
2015-03-04,-0.009352,15.84
2015-03-05,0.010101,16.0
2015-03-06,0.01375,16.22
2015-03-09,-0.003083,16.17
2015-03-10,-0.0235,15.79
2015-03-11,0.020266,16.11
2015-03-12,-0.001241,16.09
2015-03-13,0.0,16.09
2015-03-16,0.002486,16.13
2015-03-17,-0.00248,16.09
2015-03-18,-0.006837,15.98
2015-03-19,-0.023154,15.61
2015-03-20,0.014734,15.84
2015-03-23,-0.007576,15.72
2015-03-24,-0.006997,15.61
2015-03-25,-0.012812,15.41
2015-03-26,0.000649,15.42
2015-03-27,-0.007134,15.31
2015-03-30,0.013717,15.52
2015-03-31,-0.008376,15.39
2015-04-01,0.0013,15.41
2015-04-02,0.008436,15.54
2015-04-06,-0.00193,15.51
2015-04-07,-0.003224,15.46
2015-04-08,0.009702,15.61
2015-04-09,0.006406,15.71
2015-04-10,0.000637,15.72
2015-04-13,0.005089,15.8
2015-04-14,0.001266,15.82
2015-04-15,-0.011378,15.64
2015-04-16,0.009591,15.79
2015-04-17,-0.014566,15.56
2015-04-20,0.000643,15.57
2015-04-21,-0.004496,15.5
2015-04-22,0.015484,15.74
2015-04-23,-0.003177,15.69
2015-04-24,-0.003187,15.64
2015-04-27,-0.005115,15.56
2015-04-28,0.005784,15.65
2015-04-29,0.021086,15.98
2015-04-30,-0.003129,15.93
2015-05-01,0.0113,16.11
2015-05-04,0.020484,16.44
2015-05-05,-0.005474,16.35
2015-05-06,-0.00367,16.29
2015-05-07,-0.003069,16.24
2015-05-08,0.012931,16.45
2015-05-11,0.002432,16.49
2015-05-12,-0.003639,16.43
2015-05-13,0.002435,16.47
2015-05-14,0.003036,16.52
2015-05-15,-0.010291,16.35
2015-05-18,0.009786,16.51
2015-05-19,0.015748,16.77
2015-05-20,-0.001789,16.74
2015-05-21,-0.000597,16.73
2015-05-22,0.001195,16.75
2015-05-26,-0.014925,16.5
2015-05-27,0.014545,16.74
2015-05-28,-0.004182,16.67
2015-05-29,-0.010198,16.5
2015-06-01,0.00303,16.55
2015-06-02,0.010272,16.72
2015-06-03,0.01555,16.93
2015-06-04,-0.00886,16.78
2015-06-05,0.024434,17.19
2015-06-08,-0.006399,17.08
2015-06-09,0.013466,17.31
2015-06-10,0.016176,17.59
2015-06-11,-0.005685,17.49
2015-06-12,0.0,17.49
2015-06-15,-0.001144,17.47
2015-06-16,0.004579,17.55
2015-06-17,-0.010256,17.37
2015-06-18,0.000576,17.38
2015-06-19,-0.012083,17.17
2015-06-22,0.017472,17.47
2015-06-23,0.011448,17.67
2015-06-24,-0.010187,17.49
2015-06-25,-0.006861,17.37
2015-06-26,0.002303,17.41
2015-06-29,-0.029868,16.89
2015-06-30,0.007697,17.02
2015-07-01,0.011751,17.22
2015-07-02,-0.011034,17.03
2015-07-06,-0.005285,16.94
2015-07-07,-0.014758,16.69
2015-07-08,-0.026363,16.25
2015-07-09,0.014154,16.48
2015-07-10,0.01335,16.7
2015-07-13,0.019162,17.02
2015-07-14,0.006463,17.13
2015-07-15,0.032108,17.68
2015-07-16,0.015272,17.95
2015-07-17,0.008357,18.1
2015-07-20,0.001105,18.12
2015-07-21,-0.002208,18.08
2015-07-22,0.020465,18.45
2015-07-23,-0.014634,18.18
2015-07-24,-0.015402,17.9
2015-07-27,-0.012849,17.67
2015-07-28,0.011885,17.88
2015-07-29,0.01566,18.16
2015-07-30,-0.001652,18.13
2015-07-31,-0.013789,17.88
2015-08-03,-0.006152,17.77
2015-08-04,0.001688,17.8
2015-08-05,0.003933,17.87
2015-08-06,-0.003358,17.81
2015-08-07,-0.003369,17.75
2015-08-10,0.016338,18.04
2015-08-11,-0.013858,17.79
2015-08-12,-0.015177,17.52
2015-08-13,0.005708,17.62
2015-08-14,0.00454,17.7
2015-08-17,0.003955,17.77
2015-08-18,-0.004502,17.69
2015-08-19,-0.013002,17.46
2015-08-20,-0.042383,16.72
2015-08-21,-0.037081,16.1
2015-08-24,-0.050311,15.29
2015-08-25,-0.001962,15.26
2015-08-26,0.052425,16.06
2015-08-27,0.023661,16.44
2015-08-28,-0.004866,16.36
2015-08-31,-0.001223,16.34
2015-09-01,-0.046512,15.58
2015-09-02,0.020539,15.85
2015-09-03,0.005678,15.94
2015-09-04,-0.018193,15.65
2015-09-08,0.032588,16.16
2015-09-09,-0.016089,15.9
2015-09-10,0.008805,16.04
2015-09-11,0.0,16.04
2015-09-14,-0.004988,15.96
2015-09-15,0.02193,16.31
2015-09-16,0.001226,16.33
2015-09-17,-0.028781,15.86
2015-09-18,-0.018916,15.56
2015-09-21,0.008997,15.7
2015-09-22,-0.00828,15.57
2015-09-23,0.009634,15.72
2015-09-24,-0.010814,15.55
2015-09-25,0.021865,15.89
2015-09-28,-0.026432,15.47
2015-09-29,-0.007757,15.35
2015-09-30,0.014984,15.58
2015-10-01,-0.001926,15.55
2015-10-02,-0.010933,15.38
2015-10-05,0.020156,15.69
2015-10-06,0.0,15.69
2015-10-07,0.003824,15.75
2015-10-08,0.0,15.75
2015-10-09,-0.010794,15.58
2015-10-12,-0.003851,15.52
2015-10-13,0.0,15.52
2015-10-14,0.007732,15.64
2015-10-15,0.035166,16.19
2015-10-16,-0.004324,16.12
2015-10-19,0.001241,16.14
2015-10-20,0.003718,16.2
2015-10-21,-0.018519,15.9
2015-10-22,0.016352,16.16
2015-10-23,0.022277,16.52
2015-10-26,-0.000605,16.51
2015-10-27,-0.006663,16.4
2015-10-28,0.053659,17.28
2015-10-29,-0.010995,17.09
2015-10-30,-0.018139,16.78
2015-11-02,0.016687,17.06
2015-11-03,0.007034,17.18
2015-11-04,-0.009895,17.01
2015-11-05,0.017637,17.31
2015-11-06,0.036973,17.95
2015-11-09,-0.015042,17.68
2015-11-10,0.009615,17.85
2015-11-11,-0.005602,17.75
2015-11-12,-0.021408,17.37
2015-11-13,-0.009787,17.2
2015-11-16,0.013372,17.43
2015-11-17,-0.000574,17.42
2015-11-18,0.02411,17.84
2015-11-19,-0.008408,17.69
2015-11-20,-0.002261,17.65
2015-11-23,-0.010198,17.47
2015-11-24,0.0,17.47
2015-11-25,-0.001717,17.44
2015-11-27,0.002294,17.48
2015-11-30,-0.00286,17.43
2015-12-01,0.021801,17.81
2015-12-02,-0.007861,17.62
2015-12-03,-0.018161,17.3
2015-12-04,0.028902,17.8
2015-12-07,-0.014607,17.54
2015-12-08,-0.019954,17.19
2015-12-09,-0.005236,17.1
2015-12-10,0.005848,17.2
2015-12-11,-0.027326,16.73
2015-12-14,0.004184,16.8
2015-12-15,0.036905,17.42
2015-12-16,0.018944,17.75
2015-12-17,-0.025352,17.3
2015-12-18,-0.031214,16.76
2015-12-21,0.01253,16.97
2015-12-22,0.006482,17.08
2015-12-23,0.015223,17.34
2015-12-24,-0.004037,17.27
2015-12-28,-0.008107,17.13
2015-12-29,0.008757,17.28
2015-12-30,-0.01331,17.05
2015-12-31,-0.012903,16.83
2016-01-04,-0.023767,16.43
2016-01-05,0.0,16.43
2016-01-06,-0.021303,16.08
2016-01-07,-0.03607,15.5
2016-01-08,-0.019355,15.2
2016-01-11,0.007237,15.31
2016-01-12,0.0,15.31
2016-01-13,-0.02678,14.9
2016-01-14,0.00604,14.99
2016-01-15,-0.035357,14.46
2016-01-19,-0.015214,14.24
2016-01-20,-0.038624,13.69
2016-01-21,-0.024105,13.36
2016-01-22,0.01497,13.56
2016-01-25,-0.044248,12.96
2016-01-26,0.027006,13.31
2016-01-27,0.003757,13.36
2016-01-28,0.012725,13.53
2016-01-29,0.045085,14.14
2016-02-01,-0.01273,13.96
2016-02-02,-0.052292,13.23
2016-02-03,-0.015117,13.03
2016-02-04,0.016884,13.25
2016-02-05,-0.022642,12.95
2016-02-08,-0.05251,12.27
2016-02-09,-0.005705,12.2
2016-02-10,-0.018033,11.98
2016-02-11,-0.068447,11.16
2016-02-12,0.070789,11.95
2016-02-16,0.025105,12.25
2016-02-17,0.025306,12.56
2016-02-18,-0.025478,12.24
2016-02-19,-0.008987,12.13
2016-02-22,0.033801,12.54
2016-02-23,-0.030303,12.16
2016-02-24,-0.002467,12.13
2016-02-25,0.015664,12.32
2016-02-26,0.030844,12.7
2016-02-29,-0.014173,12.52
2016-03-01,0.053514,13.19
2016-03-02,0.02047,13.41
2016-03-03,0.006711,13.5
2016-03-04,0.002963,13.54
2016-03-07,-0.000739,13.53
2016-03-08,-0.034738,13.06
2016-03-09,0.006126,13.14
2016-03-10,0.009893,13.27
2016-03-11,0.039186,13.79
2016-03-14,-0.010877,13.64
2016-03-15,-0.005132,13.57
2016-03-16,-0.01916,13.31
2016-03-17,0.006762,13.4
2016-03-18,0.029105,13.79
2016-03-21,0.003626,13.84
2016-03-22,-0.00578,13.76
2016-03-23,-0.010174,13.62
2016-03-24,0.004405,13.68
2016-03-28,-0.004386,13.62
2016-03-29,-0.014684,13.42
2016-03-30,0.004471,13.48
2016-03-31,0.002967,13.52
2016-04-01,0.002959,13.56
2016-04-04,-0.003687,13.51
2016-04-05,-0.023686,13.19
2016-04-06,0.006065,13.27
2016-04-07,-0.03165,12.85
2016-04-08,0.002335,12.88
2016-04-11,0.006988,12.97
2016-04-12,0.02313,13.27
2016-04-13,0.039186,13.79
2016-04-14,0.025381,14.14
2016-04-15,-0.009901,14.0
2016-04-18,0.012143,14.17
2016-04-19,0.01976,14.45
2016-04-20,0.033218,14.93
2016-04-21,-0.002009,14.9
2016-04-22,0.014094,15.11
2016-04-25,-0.009927,14.96
2016-04-26,0.00869,15.09
2016-04-27,-0.004639,15.02
2016-04-28,-0.015313,14.79
2016-04-29,-0.015551,14.56
2016-05-02,0.014423,14.77
2016-05-03,-0.027759,14.36
2016-05-04,-0.016017,14.13
2016-05-05,-0.005662,14.05
2016-05-06,0.00427,14.11
2016-05-09,-0.008505,13.99
2016-05-10,0.022159,14.3
2016-05-11,-0.006993,14.2
2016-05-12,-0.004225,14.14
2016-05-13,-0.018388,13.88
2016-05-16,0.003602,13.93
2016-05-17,0.005743,14.01
2016-05-18,0.048537,14.69
2016-05-19,-0.010892,14.53
2016-05-20,-0.000688,14.52
2016-05-23,-0.003444,14.47
2016-05-24,0.014513,14.68
2016-05-25,0.016349,14.92
2016-05-26,-0.014745,14.7
2016-05-27,0.012245,14.88
2016-05-31,-0.006048,14.79
2016-06-01,0.008114,14.86
2016-06-02,0.005384,14.94
2016-06-03,-0.034806,14.42
2016-06-06,0.006935,14.52
2016-06-07,-0.011708,14.35
2016-06-08,0.005575,14.43
2016-06-09,-0.016632,14.19
2016-06-10,-0.02537,13.83
2016-06-13,-0.016631,13.6
2016-06-14,-0.025,13.26
2016-06-15,0.006033,13.34
2016-06-16,-0.002249,13.31
2016-06-17,0.006762,13.4
2016-06-20,0.010448,13.54
2016-06-21,0.005908,13.62
2016-06-22,-0.000734,13.61
2016-06-23,0.031594,14.04
2016-06-24,-0.074074,13.0
2016-06-27,-0.063077,12.18
2016-06-28,0.042693,12.7
2016-06-29,0.038583,13.19
2016-06-30,0.006065,13.27
2016-07-01,-0.012811,13.1
2016-07-05,-0.027481,12.74
2016-07-06,0.009419,12.86
2016-07-07,0.011664,13.01
2016-07-08,0.012298,13.17
2016-07-11,0.003037,13.21
2016-07-12,0.024981,13.54
2016-07-13,-0.007386,13.44
2016-07-14,0.015625,13.65
2016-07-15,0.000733,13.66
2016-07-18,0.032943,14.11
2016-07-19,0.010631,14.26
2016-07-20,0.009818,14.4
2016-07-21,-0.009028,14.27
2016-07-22,0.007708,14.38
2016-07-25,-0.000695,14.37
2016-07-26,0.011134,14.53
2016-07-27,0.006882,14.63
2016-07-28,0.003418,14.68
2016-07-29,-0.012943,14.49
2016-08-01,-0.011042,14.33
2016-08-02,-0.013957,14.13
2016-08-03,0.02477,14.48
2016-08-04,0.0,14.48
2016-08-05,0.039365,15.05
2016-08-08,0.005316,15.13
2016-08-09,0.003966,15.19
2016-08-10,-0.025016,14.81
2016-08-11,0.004727,14.88
2016-08-12,0.002016,14.91
2016-08-15,0.007378,15.02
2016-08-16,0.009987,15.17
2016-08-17,-0.001318,15.15
2016-08-18,0.00066,15.16
2016-08-19,0.003958,15.22
2016-08-22,-0.002628,15.18
2016-08-23,0.011199,15.35
2016-08-24,0.003257,15.4
2016-08-25,0.008442,15.53
2016-08-26,0.016742,15.79
2016-08-29,0.003167,15.84
2016-08-30,0.022096,16.19
2016-08-31,0.001544,16.14
2016-09-01,-0.009913,15.98
2016-09-02,0.001252,16.0
2016-09-06,-0.01375,15.78
2016-09-07,-0.00507,15.7
2016-09-08,0.010191,15.86
2016-09-09,-0.007566,15.74
2016-09-12,0.010165,15.9
2016-09-13,-0.011321,15.72
2016-09-14,-0.005725,15.63
2016-09-15,0.002559,15.67
2016-09-16,-0.011487,15.49
2016-09-19,0.006456,15.59
2016-09-20,0.000641,15.6
2016-09-21,0.003205,15.65
2016-09-22,-0.003195,15.6
2016-09-23,-0.005128,15.52
2016-09-26,-0.027706,15.09
2016-09-27,0.013254,15.29
2016-09-28,0.005886,15.38
2016-09-29,-0.014304,15.16
2016-09-30,0.032322,15.65
2016-10-03,-0.001278,15.63
2016-10-04,0.010877,15.8
2016-10-05,0.01962,16.11
2016-10-06,0.006828,16.22
2016-10-07,-0.005549,16.13
2016-10-10,0.010539,16.3
2016-10-11,-0.011656,16.11
2016-10-12,-0.004966,16.03
2016-10-13,-0.012477,15.83
2016-10-14,0.010739,16.0
2016-10-17,0.003125,16.05
2016-10-18,0.013084,16.26
2016-10-19,0.012915,16.47
2016-10-20,0.005464,16.56
2016-10-21,0.006643,16.67
2016-10-24,0.005999,16.77
2016-10-25,-0.002982,16.72
2016-10-26,0.008971,16.87
2016-10-27,0.002371,16.91
2016-10-28,-0.013601,16.68
2016-10-31,-0.010791,16.5
2016-11-01,0.006667,16.61
2016-11-02,-0.007827,16.48
2016-11-03,0.0,16.48
2016-11-04,0.004248,16.55
2016-11-07,0.027795,17.01
2016-11-08,-0.000588,17.0
2016-11-09,0.057059,17.97
2016-11-10,0.043962,18.76
2016-11-11,0.013859,19.02
2016-11-14,0.055731,20.08
2016-11-15,0.003984,20.16
2016-11-16,-0.020337,19.75
2016-11-17,0.016709,20.08
2016-11-18,-0.003984,20.0
2016-11-21,0.0165,20.33
2016-11-22,-0.001476,20.3
2016-11-23,0.012808,20.56
2016-11-25,0.014592,20.86
2016-11-28,-0.026846,20.3
2016-11-29,-0.000493,20.29
2016-11-30,0.044603,21.12
2016-12-01,0.017992,21.5
2016-12-02,-0.012558,21.23
2016-12-05,0.028733,21.84
2016-12-06,0.014652,22.16
2016-12-07,0.018502,22.57
2016-12-08,0.016837,22.95
2016-12-09,0.0061,23.09
2016-12-12,-0.020788,22.61
2016-12-13,0.0,22.61
2016-12-14,0.002654,22.67
2016-12-15,0.021615,23.16
2016-12-16,-0.021589,22.66
2016-12-19,-0.007944,22.48
2016-12-20,0.010231,22.71
2016-12-21,-0.003523,22.63
2016-12-22,-0.003977,22.54
2016-12-23,0.002662,22.6
2016-12-27,0.000442,22.61
2016-12-28,-0.012384,22.33
2016-12-29,-0.014778,22.0
2016-12-30,0.004545,22.1
2017-01-03,0.019457,22.53
2017-01-04,0.018642,22.95
2017-01-05,-0.011765,22.68
2017-01-06,0.0,22.68
2017-01-09,-0.005732,22.55
2017-01-10,0.017295,22.94
2017-01-11,0.005667,23.07
2017-01-12,-0.006502,22.92
2017-01-13,0.003927,23.01
2017-01-17,-0.041721,22.05
2017-01-18,0.026304,22.63
2017-01-19,-0.004419,22.53
2017-01-20,0.004882,22.64
2017-01-23,-0.003534,22.56
2017-01-24,0.017287,22.95
2017-01-25,0.018301,23.37
2017-01-26,0.002995,23.44
2017-01-27,-0.003413,23.36
2017-01-30,-0.017551,22.95
2017-01-31,-0.013508,22.64
2017-02-01,0.011042,22.89
2017-02-02,-0.007427,22.72
2017-02-03,0.025088,23.29
2017-02-06,-0.007299,23.12
2017-02-07,-0.009516,22.9
2017-02-08,-0.010044,22.67
2017-02-09,0.01985,23.12
2017-02-10,-0.00173,23.08
2017-02-13,0.013865,23.4
2017-02-14,0.028205,24.06
2017-02-15,0.021613,24.58
2017-02-16,0.0,24.58
2017-02-17,-0.002441,24.52
2017-02-21,0.010604,24.78
2017-02-22,0.000404,24.79
2017-02-23,-0.008471,24.58
2017-02-24,-0.014239,24.23
2017-02-27,0.014032,24.57
2017-02-28,0.004477,24.68
2017-03-01,0.036264,25.5
2017-03-02,-0.010588,25.23
2017-03-03,0.008323,25.44
2017-03-06,-0.007469,25.25
2017-03-07,-0.001584,25.21
2017-03-08,0.001983,25.26
2017-03-09,0.003563,25.35
2017-03-10,-0.001578,25.31
2017-03-13,-0.000395,25.3
2017-03-14,0.000791,25.32
2017-03-15,-0.005529,25.18
2017-03-16,0.001589,25.22
2017-03-17,-0.014274,24.86
2017-03-20,-0.016895,24.44
2017-03-21,-0.058102,23.02
2017-03-22,-0.003475,22.94
2017-03-23,0.005667,23.07
2017-03-24,0.002167,23.12
2017-03-27,-0.003893,23.03
2017-03-28,0.01954,23.48
2017-03-29,-0.005537,23.35
2017-03-30,0.02227,23.87
2017-03-31,-0.01173,23.59
2017-04-03,0.0,23.59
2017-04-04,-0.006359,23.44
2017-04-05,-0.011519,23.17
2017-04-06,0.003884,23.26
2017-04-07,-0.004299,23.16
2017-04-10,-0.006045,23.02
2017-04-11,-0.004344,22.92
2017-04-12,-0.01178,22.65
2017-04-13,-0.013687,22.34
2017-04-17,0.021039,22.81
2017-04-18,-0.004384,22.71
2017-04-19,0.001321,22.74
2017-04-20,0.014512,23.07
2017-04-21,-0.015605,22.71
2017-04-24,0.040511,23.63
2017-04-25,0.014812,23.98
2017-04-26,-0.003753,23.89
2017-04-27,-0.010046,23.65
2017-04-28,-0.013108,23.34
2017-05-01,0.011568,23.61
2017-05-02,-0.003388,23.53
2017-05-03,0.0102,23.77
2017-05-04,0.003366,23.85
2017-05-05,-0.004612,23.74
2017-05-08,0.009267,23.96
2017-05-09,0.000835,23.98
2017-05-10,0.007089,24.15
2017-05-11,-0.003313,24.07
2017-05-12,-0.002908,24.0
2017-05-15,0.0025,24.06
2017-05-16,-0.002909,23.99
2017-05-17,-0.059191,22.57
2017-05-18,0.007532,22.74
2017-05-19,0.013632,23.05
2017-05-22,-0.000434,23.04
2017-05-23,0.015191,23.39
2017-05-24,-0.001283,23.36
2017-05-25,-0.004709,23.25
2017-05-26,-0.00043,23.24
2017-05-30,-0.0142,22.91
2017-05-31,-0.018551,22.41
2017-06-01,0.009817,22.63
2017-06-02,-0.007954,22.45
2017-06-05,-0.001782,22.41
2017-06-06,-0.008032,22.23
2017-06-07,0.016644,22.6
2017-06-08,0.016372,22.97
2017-06-09,0.030475,23.67
2017-06-12,0.004647,23.78
2017-06-13,-0.000421,23.77
2017-06-14,-0.000421,23.76
2017-06-15,-0.009259,23.54
2017-06-16,-0.004673,23.43
2017-06-19,0.020487,23.91
2017-06-20,-0.017566,23.49
2017-06-21,-0.015326,23.13
2017-06-22,-0.008647,22.93
2017-06-23,-0.004797,22.82
2017-06-26,0.003067,22.89
2017-06-27,0.016601,23.27
2017-06-28,0.026214,23.88
2017-06-29,0.018426,24.32
2017-06-30,-0.002467,24.26
2017-07-03,0.017313,24.68
2017-07-05,0.009724,24.92
2017-07-06,-0.008427,24.71
2017-07-07,0.004856,24.83
2017-07-10,0.002416,24.89
2017-07-11,-0.011651,24.6
2017-07-12,-0.010163,24.35
2017-07-13,0.011088,24.62
2017-07-14,-0.016653,24.21
2017-07-17,-0.007848,24.02
2017-07-18,-0.004996,23.9
2017-07-19,0.006695,24.06
2017-07-20,-0.004987,23.94
2017-07-21,-0.005848,23.8
2017-07-24,0.004622,23.91
2017-07-25,0.023839,24.48
2017-07-26,-0.011029,24.21
2017-07-27,-0.00413,24.11
2017-07-28,-0.003318,24.03
2017-07-31,0.003745,24.12
2017-08-01,0.013682,24.45
2017-08-02,0.005726,24.59
2017-08-03,-0.008947,24.37
2017-08-04,0.02462,24.97
2017-08-07,-0.0004,24.96
2017-08-08,-0.002404,24.9
2017-08-09,-0.006426,24.74
2017-08-10,-0.025061,24.12
2017-08-11,-0.010779,23.86
2017-08-14,0.02347,24.42
2017-08-15,0.002047,24.47
2017-08-16,-0.011443,24.19
2017-08-17,-0.022737,23.64
2017-08-18,-0.000846,23.62
2017-08-21,-0.010161,23.38
2017-08-22,0.019247,23.83
2017-08-23,-0.002937,23.76
2017-08-24,0.003367,23.84
2017-08-25,-0.002936,23.77
2017-08-28,-0.002104,23.72
2017-08-29,-0.005902,23.58
2017-08-30,0.017388,23.87
2017-08-31,0.000838,23.89
2017-09-01,0.008372,24.09
2017-09-05,-0.032379,23.31
2017-09-06,0.00429,23.41
2017-09-07,-0.018795,22.97
2017-09-08,-0.003483,22.89
2017-09-11,0.020533,23.36
2017-09-12,0.025257,23.95
2017-09-13,0.015866,24.33
2017-09-14,-0.003699,24.24
2017-09-15,0.005776,24.38
2017-09-18,0.013126,24.7
2017-09-19,0.006478,24.86
2017-09-20,0.008045,25.06
2017-09-21,0.00399,25.16
2017-09-22,-0.005564,25.02
2017-09-25,-0.010392,24.76
2017-09-26,0.002019,24.81
2017-09-27,0.024184,25.41
2017-09-28,0.001574,25.45
2017-09-29,-0.004322,25.34
2017-10-02,0.01105,25.62
2017-10-03,0.009368,25.86
2017-10-04,-0.005801,25.71
2017-10-05,0.016336,26.13
2017-10-06,0.003062,26.21
2017-10-09,-0.013735,25.85
2017-10-10,0.003095,25.93
2017-10-11,-0.003857,25.83
2017-10-12,-0.014712,25.45
2017-10-13,0.014931,25.83
2017-10-16,0.015873,26.24
2017-10-17,-0.001524,26.2
2017-10-18,0.010687,26.48
2017-10-19,0.003776,26.58
2017-10-20,0.022197,27.17
2017-10-23,-0.000368,27.16
2017-10-24,0.019146,27.68
2017-10-25,-0.001806,27.63
2017-10-26,0.003981,27.74
2017-10-27,0.002163,27.8
2017-10-30,-0.007194,27.6
2017-10-31,-0.007609,27.39
2017-11-01,0.005111,27.53
2017-11-02,0.01235,27.87
2017-11-03,-0.001794,27.82
2017-11-06,-0.002516,27.75
2017-11-07,-0.020541,27.18
2017-11-08,-0.014349,26.79
2017-11-09,-0.011198,26.49
2017-11-10,0.000755,26.51
2017-11-13,-0.004149,26.4
2017-11-14,-0.006061,26.24
2017-11-15,0.02096,26.79
2017-11-16,-0.00112,26.76
2017-11-17,-0.005232,26.62
2017-11-20,0.004508,26.74
2017-11-21,-0.000374,26.73
2017-11-22,-0.002619,26.66
2017-11-24,-0.002626,26.59
2017-11-27,0.0,26.59
2017-11-28,0.039489,27.64
2017-11-29,0.023155,28.28
2017-11-30,0.000354,28.17
2017-12-01,-0.002485,28.1
2017-12-04,0.034164,29.06
2017-12-05,-0.004473,28.93
2017-12-06,-0.010024,28.64
2017-12-07,0.004888,28.78
2017-12-08,0.009381,29.05
2017-12-11,-0.003787,28.94
2017-12-12,0.013131,29.32
2017-12-13,-0.016371,28.84
2017-12-14,-0.003814,28.73
2017-12-15,0.01079,29.04
2017-12-18,0.015152,29.48
2017-12-19,-0.001018,29.45
2017-12-20,0.001019,29.48
2017-12-21,0.011533,29.82
2017-12-22,0.002012,29.88
2017-12-26,-0.003347,29.78
2017-12-27,-0.001679,29.73
2017-12-28,0.002355,29.8
2017-12-29,-0.009396,29.52
2018-01-02,0.012873,29.9
2018-01-03,-0.003344,29.8
2018-01-04,0.013087,30.19
2018-01-05,0.004637,30.33
2018-01-08,-0.006924,30.12
2018-01-09,0.00498,30.27
2018-01-10,0.00925,30.55
2018-01-11,0.003601,30.66
2018-01-12,0.017286,31.19
2018-01-16,0.001603,31.24
2018-01-17,-0.001921,31.18
2018-01-18,0.009622,31.48
2018-01-19,0.007624,31.72
2018-01-22,0.006936,31.94
2018-01-23,-0.000626,31.92
2018-01-24,0.005326,32.09
2018-01-25,0.0,32.09
2018-01-26,0.003428,32.2
2018-01-29,0.002484,32.28
2018-01-30,-0.012392,31.88
2018-01-31,0.003764,32.0
2018-02-01,0.015625,32.5
2018-02-02,-0.016923,31.95
2018-02-05,-0.052895,30.26
2018-02-06,0.031064,31.2
2018-02-07,0.001603,31.25
2018-02-08,-0.04832,29.74
2018-02-09,0.019839,30.33
2018-02-12,0.026047,31.12
2018-02-13,0.001928,31.18
2018-02-14,0.026299,32.0
2018-02-15,0.006562,32.21
2018-02-16,-0.007451,31.97
2018-02-20,-0.001251,31.93
2018-02-21,-0.001879,31.87
2018-02-22,-0.005648,31.69
2018-02-23,0.010729,32.03
2018-02-26,0.012176,32.42
2018-02-27,-0.002776,32.33
2018-02-28,-0.007114,32.1
2018-03-01,-0.015576,31.48
2018-03-02,0.004765,31.63
2018-03-05,0.015808,32.13
2018-03-06,-0.000622,32.11
2018-03-07,0.00218,32.18
2018-03-08,0.000622,32.2
2018-03-09,0.016149,32.72
2018-03-12,0.003667,32.84
2018-03-13,-0.014616,32.36
2018-03-14,-0.006799,32.14
2018-03-15,-0.001245,32.1
2018-03-16,0.002181,32.17
2018-03-19,-0.005906,31.98
2018-03-20,0.0,31.98
2018-03-21,-0.00344,31.87
2018-03-22,-0.041418,30.55
2018-03-23,-0.045172,29.17
2018-03-26,0.043538,30.44
2018-03-27,-0.030223,29.52
2018-03-28,-0.004404,29.39
2018-03-29,0.020415,29.99
2018-04-02,-0.022674,29.31
2018-04-03,0.009553,29.59
2018-04-04,0.009801,29.88
2018-04-05,0.014726,30.32
2018-04-06,-0.022757,29.63
2018-04-09,0.0081,29.87
2018-04-10,0.020422,30.48
2018-04-11,-0.019029,29.9
2018-04-12,0.025084,30.65
2018-04-13,-0.027733,29.8
2018-04-16,0.004362,29.93
2018-04-17,0.003675,30.04
2018-04-18,-0.016977,29.53
2018-04-19,0.022012,30.18
2018-04-20,0.002651,30.26
2018-04-23,0.001983,30.32
2018-04-24,-0.004288,30.19
2018-04-25,-0.001656,30.14
2018-04-26,-0.002322,30.07
2018-04-27,0.00266,30.15
2018-04-30,-0.007629,29.92
2018-05-01,0.001003,29.95
2018-05-02,-0.012354,29.58
2018-05-03,-0.012847,29.2
2018-05-04,0.003425,29.3
2018-05-07,0.011604,29.64
2018-05-08,0.009784,29.93
2018-05-09,0.026395,30.72
2018-05-10,0.005534,30.89
2018-05-11,0.000971,30.92
2018-05-14,0.006468,31.12
2018-05-15,0.003213,31.22
2018-05-16,-0.005125,31.06
2018-05-17,-0.008049,30.81
2018-05-18,-0.017851,30.26
2018-05-21,0.009584,30.55
2018-05-22,0.011129,30.89
2018-05-23,-0.014568,30.44
2018-05-24,-0.007556,30.21
2018-05-25,-0.001655,30.16
2018-05-29,-0.039788,28.96
2018-05-30,0.018301,29.49
2018-05-31,-0.01119,29.04
2018-06-01,0.012397,29.4
2018-06-04,0.0,29.4
2018-06-05,-0.009524,29.12
2018-06-06,0.031593,30.04
2018-06-07,0.001664,30.09
2018-06-08,-0.002659,30.01
2018-06-11,0.001666,30.06
2018-06-12,-0.005323,29.9
2018-06-13,-0.002007,29.84
2018-06-14,-0.011394,29.5
2018-06-15,-0.007458,29.28
2018-06-18,0.004098,29.4
2018-06-19,-0.004762,29.26
2018-06-20,-0.000684,29.24
2018-06-21,0.00171,29.29
2018-06-22,-0.010242,28.99
2018-06-25,-0.017592,28.48
2018-06-26,0.002107,28.54
2018-06-27,-0.010512,28.24
2018-06-28,0.015227,28.67
2018-06-29,-0.016742,28.19
2018-07-02,0.003193,28.28
2018-07-03,-0.01768,27.78
2018-07-05,0.00504,27.92
2018-07-06,0.00394,28.03
2018-07-09,0.03639,29.05
2018-07-10,-0.007573,28.83
2018-07-11,-0.005203,28.68
2018-07-12,0.003138,28.77
2018-07-13,-0.007647,28.55
2018-07-16,0.043082,29.78
2018-07-17,0.007723,30.01
2018-07-18,0.003999,30.13
2018-07-19,-0.015267,29.67
2018-07-20,0.015504,30.13
2018-07-23,0.020578,30.75
2018-07-24,0.002602,30.83
2018-07-25,0.007785,31.07
2018-07-26,-0.004184,30.94
2018-07-27,0.003878,31.06
2018-07-30,0.008049,31.31
2018-07-31,-0.013734,30.88
2018-08-01,0.011982,31.25
2018-08-02,0.00096,31.28
2018-08-03,0.007353,31.51
2018-08-06,0.000317,31.52
2018-08-07,-0.000317,31.51
2018-08-08,0.009203,31.8
2018-08-09,-0.006289,31.6
2018-08-10,-0.012975,31.19
2018-08-13,-0.022764,30.48
2018-08-14,0.010171,30.79
2018-08-15,-0.013966,30.36
2018-08-16,0.011858,30.72
2018-08-17,0.000651,30.74
2018-08-20,0.004229,30.87
2018-08-21,0.004859,31.02
2018-08-22,-0.00129,30.98
2018-08-23,-0.004519,30.84
2018-08-24,0.001621,30.89
2018-08-27,0.013597,31.31
2018-08-28,-0.001278,31.27
2018-08-29,-0.004157,31.14
2018-08-30,-0.004175,31.01
2018-08-31,-0.00258,30.93
2018-09-04,0.00679,31.14
2018-09-05,0.001285,31.18
2018-09-06,-0.005773,30.85
2018-09-07,0.000324,30.86
2018-09-10,-0.001296,30.82
2018-09-11,0.000973,30.85
2018-09-12,-0.013614,30.43
2018-09-13,-0.00953,30.14
2018-09-14,0.007631,30.37
2018-09-17,-0.002963,30.28
2018-09-18,-0.002312,30.21
2018-09-19,0.02615,31.0
2018-09-20,0.006129,31.19
2018-09-21,-0.00513,31.03
2018-09-24,-0.009346,30.74
2018-09-25,-0.002277,30.67
2018-09-26,-0.017607,30.13
2018-09-27,-0.006306,29.94
2018-09-28,-0.016032,29.46
2018-10-01,0.006449,29.65
2018-10-02,-0.002361,29.58
2018-10-03,0.014199,30.0
2018-10-04,0.014333,30.43
2018-10-05,-0.006572,30.23
2018-10-08,0.001323,30.27
2018-10-09,-0.00958,29.98
2018-10-10,-0.024683,29.24
2018-10-11,-0.030096,28.36
2018-10-12,0.003526,28.46
2018-10-15,-0.018974,27.92
2018-10-16,0.021848,28.53
2018-10-17,0.012969,28.9
2018-10-18,-0.022491,28.25
2018-10-19,0.002478,28.32
2018-10-22,-0.033192,27.38
2018-10-23,-0.013148,27.02
2018-10-24,-0.030718,26.19
2018-10-25,0.015273,26.59
2018-10-26,-0.007522,26.39
2018-10-29,0.008337,26.61
2018-10-30,0.006389,26.78
2018-10-31,0.026886,27.5
2018-11-01,0.011273,27.81
2018-11-02,0.002877,27.89
2018-11-05,0.006095,28.06
2018-11-06,0.005346,28.21
2018-11-07,0.011698,28.54
2018-11-08,0.011563,28.87
2018-11-09,-0.012123,28.52
2018-11-12,-0.026999,27.75
2018-11-13,0.00036,27.76
2018-11-14,-0.019813,27.21
2018-11-15,0.025358,27.9
2018-11-16,-0.005376,27.75
2018-11-19,0.0,27.75
2018-11-20,-0.013333,27.38
2018-11-21,-0.004017,27.27
2018-11-23,-0.011001,26.97
2018-11-26,0.021876,27.56
2018-11-27,0.006531,27.74
2018-11-28,0.024874,28.43
2018-11-29,-0.013718,28.04
2018-11-30,0.012839,28.4
2018-12-03,0.00493,28.54
2018-12-04,-0.05431,26.99
2018-12-06,-0.020748,26.28
2018-12-07,-0.032344,25.43
2018-12-10,-0.026347,24.76
2018-12-11,-0.00727,24.58
2018-12-12,-0.002441,24.52
2018-12-13,-0.004894,24.4
2018-12-14,0.003279,24.48
2018-12-17,-0.000409,24.47
2018-12-18,0.0,24.47
2018-12-19,-0.011851,24.18
2018-12-20,-0.002895,24.11
2018-12-21,-0.030693,23.37
2018-12-24,-0.027386,22.73
2018-12-26,0.060713,24.11
2018-12-27,0.010784,24.37
2018-12-28,0.000821,24.39
2018-12-31,0.01025,24.64
2019-01-02,0.012987,24.96
2019-01-03,-0.016026,24.56
2019-01-04,0.041531,25.58
2019-01-07,-0.000782,25.56
2019-01-08,-0.001956,25.51
2019-01-09,0.0098,25.76
2019-01-10,-0.001165,25.73
2019-01-11,0.01166,26.03
2019-01-14,0.013062,26.37
2019-01-15,0.006826,26.55
2019-01-16,0.071563,28.45
2019-01-17,0.018981,28.99
2019-01-18,0.010693,29.3
2019-01-22,-0.007167,29.09
2019-01-23,-0.005844,28.92
2019-01-24,0.005533,29.08
2019-01-25,0.017194,29.58
2019-01-28,0.00169,29.63
2019-01-29,-0.0081,29.39
2019-01-30,-0.010888,29.07
2019-01-31,-0.02064,28.47
2019-02-01,-0.003161,28.38
2019-02-04,0.017618,28.88
2019-02-05,-0.003463,28.78
2019-02-06,-0.001737,28.73
2019-02-07,-0.017055,28.24
2019-02-08,0.001771,28.29
2019-02-11,0.004242,28.41
2019-02-12,0.009856,28.69
2019-02-13,0.000349,28.7
2019-02-14,-0.010801,28.39
2019-02-15,0.025361,29.11
2019-02-19,0.000687,29.13
2019-02-20,0.009612,29.41
2019-02-21,-0.00408,29.29
2019-02-22,-0.00717,29.08
2019-02-25,0.006534,29.27
2019-02-26,0.000683,29.29
2019-02-27,0.008194,29.53
2019-02-28,-0.010159,29.08
2019-03-01,0.007909,29.31
2019-03-04,-0.009553,29.03
2019-03-05,0.001722,29.08
2019-03-06,-0.008253,28.84
2019-03-07,-0.010056,28.55
2019-03-08,0.003503,28.65
2019-03-11,0.010122,28.94
2019-03-12,0.0,28.94
2019-03-13,0.012094,29.29
2019-03-14,0.005804,29.46
2019-03-15,-0.005431,29.3
2019-03-18,0.017748,29.82
2019-03-19,-0.005701,29.65
2019-03-20,-0.034064,28.64
2019-03-21,-0.016061,28.18
2019-03-22,-0.041519,27.01
2019-03-25,-0.006294,26.84
2019-03-26,0.013785,27.21
2019-03-27,-0.006615,27.03
2019-03-28,0.011099,27.33
2019-03-29,0.009513,27.59
2019-04-01,0.034433,28.54
2019-04-02,0.011563,28.87
2019-04-03,-0.001039,28.84
2019-04-04,0.010749,29.15
2019-04-05,-0.002401,29.08
2019-04-08,0.003095,29.17
2019-04-09,-0.009599,28.89
2019-04-10,0.006231,29.07
2019-04-11,0.0,29.07
2019-04-12,0.03784,30.17
2019-04-15,-0.010938,29.84
2019-04-16,0.00134,29.88
2019-04-17,0.00502,30.03
2019-04-18,0.0,30.03
2019-04-22,0.000666,30.05
2019-04-23,0.000666,30.07
2019-04-24,-0.001663,30.02
2019-04-25,0.001999,30.08
2019-04-26,0.008976,30.35
2019-04-29,0.013839,30.77
2019-04-30,-0.006175,30.58
2019-05-01,-0.010464,30.26
2019-05-02,0.007931,30.5
2019-05-03,0.006885,30.71
2019-05-06,-0.007815,30.47
2019-05-07,-0.018051,29.92
2019-05-08,-0.004011,29.8
2019-05-09,-0.00302,29.71
2019-05-10,-0.004376,29.58
2019-05-13,-0.044963,28.25
2019-05-14,0.013097,28.62
2019-05-15,-0.01153,28.29
2019-05-16,0.010604,28.59
2019-05-17,-0.006646,28.4
2019-05-20,0.0,28.4
2019-05-21,0.010211,28.69
2019-05-22,-0.006971,28.49
2019-05-23,-0.025623,27.76
2019-05-24,0.01513,28.18
2019-05-28,-0.009936,27.9
2019-05-29,-0.005376,27.75
2019-05-30,-0.021261,27.16
2019-05-31,-0.020619,26.6
2019-06-03,0.003008,26.68
2019-06-04,0.046477,27.92
2019-06-05,-0.000358,27.91
2019-06-06,0.0043,27.88
2019-06-07,-0.012554,27.53
2019-06-10,0.019615,28.07
2019-06-11,0.006056,28.24
2019-06-12,-0.010269,27.95
2019-06-13,-0.000358,27.94
2019-06-14,0.003579,28.04
2019-06-17,-0.003923,27.93
2019-06-18,0.024705,28.62
2019-06-19,-0.010482,28.32
2019-06-20,-0.001766,28.27
2019-06-21,-0.005306,28.12
2019-06-24,-0.004979,27.98
2019-06-25,-0.007863,27.76
2019-06-26,0.005403,27.91
2019-06-27,0.010749,28.21
2019-06-28,0.028004,29.0
2019-07-01,0.014483,29.42
2019-07-02,-0.009177,29.15
2019-07-03,-0.003431,29.05
2019-07-05,0.007229,29.26
2019-07-08,-0.002051,29.2
2019-07-09,0.005137,29.35
2019-07-10,-0.011244,29.02
2019-07-11,0.011716,29.36
2019-07-12,0.003065,29.45
2019-07-15,-0.00781,29.22
2019-07-16,-0.007871,28.99
2019-07-17,0.006899,29.19
2019-07-18,0.009935,29.48
2019-07-19,-0.002714,29.4
2019-07-22,0.005782,29.57
2019-07-23,0.022996,30.25
2019-07-24,0.013884,30.67
2019-07-25,-0.01076,30.34
2019-07-26,0.014173,30.77
2019-07-29,-0.008125,30.52
2019-07-30,0.012123,30.89
2019-07-31,-0.006798,30.68
2019-08-01,-0.038788,29.49
2019-08-02,-0.00373,29.38
2019-08-05,-0.044248,28.08
2019-08-06,0.012108,28.42
2019-08-07,-0.018649,27.89
2019-08-08,0.017569,28.38
2019-08-09,-0.001762,28.33
2019-08-12,-0.024356,27.64
2019-08-13,0.002894,27.72
2019-08-14,-0.046898,26.42
2019-08-15,-0.006435,26.25
2019-08-16,0.029714,27.03
2019-08-19,0.008879,27.27
2019-08-20,-0.020169,26.72
2019-08-21,0.007859,26.93
2019-08-22,0.009655,27.19
2019-08-23,-0.02648,26.47
2019-08-26,0.011711,26.78
2019-08-27,-0.011576,26.47
2019-08-28,0.014356,26.85
2019-08-29,0.017877,27.33
2019-08-30,0.006586,27.51
2019-09-03,-0.016721,27.05
2019-09-04,0.016266,27.49
2019-09-05,0.029465,28.12
2019-09-06,-0.013869,27.73
2019-09-09,0.032456,28.63
2019-09-10,0.025149,29.35
2019-09-11,0.003748,29.46
2019-09-12,0.007128,29.67
2019-09-13,0.016852,30.17
2019-09-16,-0.001326,30.13
2019-09-17,-0.006306,29.94
2019-09-18,0.002004,30.0
2019-09-19,-0.006,29.82
2019-09-20,-0.007713,29.59
2019-09-23,-0.002366,29.52
2019-09-24,-0.019648,28.94
2019-09-25,0.010712,29.25
2019-09-26,-0.004103,29.13
2019-09-27,0.007552,29.35
2019-09-30,-0.006133,29.17
2019-10-01,-0.025026,28.44
2019-10-02,-0.021097,27.84
2019-10-03,-0.001078,27.81
2019-10-04,0.020137,28.37
2019-10-07,-0.002115,28.31
2019-10-08,-0.02402,27.63
2019-10-09,0.00941,27.89
2019-10-10,0.020079,28.45
2019-10-11,0.016169,28.91
2019-10-14,0.007956,29.14
2019-10-15,0.020247,29.73
2019-10-16,0.0148,30.17
2019-10-17,0.002983,30.26
2019-10-18,0.002974,30.35
2019-10-21,0.022076,31.02
2019-10-22,0.005803,31.2
2019-10-23,0.007051,31.42
2019-10-24,-0.00191,31.36
2019-10-25,0.01148,31.72
2019-10-28,0.003783,31.84
2019-10-29,0.007224,32.07
2019-10-30,-0.014032,31.62
2019-10-31,-0.011069,31.27
2019-11-01,0.016949,31.8
2019-11-04,0.018868,32.4
2019-11-05,0.012963,32.82
2019-11-06,-0.000914,32.79
2019-11-07,0.013419,33.23
2019-11-08,0.000903,33.26
2019-11-11,-0.002405,33.18
2019-11-12,-0.002712,33.09
2019-11-13,-0.009066,32.79
2019-11-14,-0.002745,32.7
2019-11-15,0.007034,32.93
2019-11-18,0.000911,32.96
2019-11-19,-0.000607,32.94
2019-11-20,-0.00759,32.69
2019-11-21,0.004589,32.84
2019-11-22,0.010353,33.18
2019-11-25,0.00874,33.47
2019-11-26,-0.003585,33.35
2019-11-27,0.002099,33.42
2019-11-29,-0.002992,33.32
2019-12-02,0.003301,33.43
2019-12-03,-0.017649,32.84
2019-12-04,0.00944,33.15
2019-12-05,0.00362,33.09
2019-12-06,0.017528,33.67
2019-12-09,-0.004752,33.51
2019-12-10,0.000597,33.53
2019-12-11,0.003281,33.64
2019-12-12,0.030916,34.68
2019-12-13,-0.00692,34.44
2019-12-16,0.007549,34.7
2019-12-17,0.009798,35.04
2019-12-18,0.001998,35.11
2019-12-19,-0.004557,34.95
2019-12-20,0.000286,34.96
2019-12-23,0.006007,35.17
2019-12-24,0.001422,35.22
2019-12-26,0.008518,35.52
2019-12-27,-0.004786,35.35
2019-12-30,-0.005658,35.15
2019-12-31,0.001991,35.22
2020-01-02,0.011925,35.64
2020-01-03,-0.020763,34.9
2020-01-06,-0.001433,34.85
2020-01-07,-0.0066,34.62
2020-01-08,0.01011,34.97
2020-01-09,0.001716,35.03
2020-01-10,-0.008279,34.74
2020-01-13,0.009211,35.06
2020-01-14,0.007416,35.32
2020-01-15,-0.018403,34.67
2020-01-16,0.001442,34.72
2020-01-17,-0.000288,34.71
2020-01-21,-0.012965,34.26
2020-01-22,0.002919,34.36
2020-01-23,-0.006985,34.12
2020-01-24,-0.016999,33.54
2020-01-27,-0.020573,32.85
2020-01-28,0.011872,33.24
2020-01-29,-0.006919,33.01
2020-01-30,0.014238,33.48
2020-01-31,-0.019415,32.83
2020-02-03,0.004264,32.97
2020-02-04,0.019715,33.62
2020-02-05,0.032421,34.71
2020-02-06,-0.001152,34.67
2020-02-07,-0.001731,34.61
2020-02-10,0.002311,34.69
2020-02-11,0.002306,34.77
2020-02-12,0.004314,34.92
2020-02-13,-0.000286,34.91
2020-02-14,-0.001719,34.85
2020-02-18,-0.016643,34.27
2020-02-19,0.013131,34.72
2020-02-20,0.003744,34.85
2020-02-21,-0.01406,34.36
2020-02-24,-0.047439,32.73
2020-02-25,-0.050413,31.08
2020-02-26,-0.014479,30.63
2020-02-27,-0.048972,29.13
2020-02-28,-0.021627,28.5
2020-03-02,0.030526,29.37
2020-03-03,-0.055158,27.75
2020-03-04,0.023063,28.39
2020-03-05,-0.05037,26.78
2020-03-06,-0.039955,25.71
2020-03-09,-0.147024,21.93
2020-03-10,0.076607,23.61
2020-03-11,-0.039814,22.67
2020-03-12,-0.09528,20.51
2020-03-13,0.177962,24.16
2020-03-16,-0.153973,20.44
2020-03-17,0.075342,21.98
2020-03-18,-0.05414,20.79
2020-03-19,0.019721,21.2
2020-03-20,-0.07217,19.67
2020-03-23,-0.080834,18.08
2020-03-24,0.163164,21.03
2020-03-25,0.003329,21.1
2020-03-26,0.076777,22.72
2020-03-27,-0.049296,21.6
2020-03-30,0.02037,22.04
2020-03-31,-0.036751,21.23
2020-04-01,-0.068771,19.77
2020-04-02,0.040465,20.57
2020-04-03,-0.026252,20.03
2020-04-06,0.067898,21.39
2020-04-07,0.035063,22.14
2020-04-08,0.059169,23.45
2020-04-09,0.060128,24.86
2020-04-13,-0.037812,23.92
2020-04-14,-0.007943,23.73
2020-04-15,-0.064897,22.19
2020-04-16,-0.0347,21.42
2020-04-17,0.086835,23.28
2020-04-20,-0.033505,22.5
2020-04-21,-0.038222,21.64
2020-04-22,0.007394,21.8
2020-04-23,0.003211,21.87
2020-04-24,0.014175,22.18
2020-04-27,0.058161,23.47
2020-04-28,0.017895,23.89
2020-04-29,0.037254,24.78
2020-04-30,-0.029459,24.05
2020-05-01,-0.040333,23.08
2020-05-04,-0.006499,22.93
2020-05-05,-0.011775,22.66
2020-05-06,-0.013681,22.35
2020-05-07,0.021924,22.84
2020-05-08,0.031962,23.57
2020-05-11,-0.042003,22.58
2020-05-12,-0.031444,21.87
2020-05-13,-0.045725,20.87
2020-05-14,0.040249,21.71
2020-05-15,-0.012437,21.44
2020-05-18,0.069496,22.93
2020-05-19,-0.0314,22.21
2020-05-20,0.031517,22.91
2020-05-21,-0.000437,22.9
2020-05-22,-0.01048,22.66
2020-05-26,0.071492,24.28
2020-05-27,0.070016,25.98
2020-05-28,-0.04311,24.86
2020-05-29,-0.029767,24.12
2020-06-01,0.020315,24.61
2020-06-02,0.009346,24.84
2020-06-03,0.046296,25.99
2020-06-04,0.037322,26.78
2020-06-05,0.049664,28.11
2020-06-08,0.015297,28.54
2020-06-09,-0.011212,28.22
2020-06-10,-0.057406,26.6
2020-06-11,-0.100376,23.93
2020-06-12,0.03552,24.78
2020-06-15,0.014931,25.15
2020-06-16,0.025845,25.8
2020-06-17,-0.031008,25.0
2020-06-18,0.0016,25.04
2020-06-19,0.008387,25.25
2020-06-22,-0.024951,24.62
2020-06-23,0.006905,24.79
2020-06-24,-0.039532,23.81
2020-06-25,0.038219,24.72
2020-06-26,-0.063511,23.15
2020-06-29,0.010367,23.39
2020-06-30,0.015391,23.75
2020-07-01,-0.020632,23.26
2020-07-02,0.00129,23.29
2020-07-06,0.015887,23.66
2020-07-07,-0.027473,23.01
2020-07-08,0.003911,23.1
2020-07-09,-0.014286,22.77
2020-07-10,0.054897,24.02
2020-07-13,0.007077,24.19
2020-07-14,-0.002067,24.14
2020-07-15,0.019056,24.6
2020-07-16,-0.027236,23.93
2020-07-17,-0.02967,23.22
2020-07-20,0.015504,23.58
2020-07-21,0.035623,24.42
2020-07-22,-0.004505,24.31
2020-07-23,0.009461,24.54
2020-07-24,-0.007742,24.35
2020-07-27,-0.008624,24.14
2020-07-28,0.009114,24.36
2020-07-29,0.037356,25.27
2020-07-30,-0.017016,24.84
2020-07-31,0.00161,24.88
2020-08-03,0.004421,24.99
2020-08-04,0.0008,25.01
2020-08-05,0.015194,25.39
2020-08-06,0.003151,25.47
2020-08-07,0.025128,26.11
2020-08-10,0.017235,26.56
2020-08-11,0.013554,26.92
2020-08-12,-0.007058,26.73
2020-08-13,-0.014216,26.35
2020-08-14,0.004554,26.47
2020-08-17,-0.021534,25.9
2020-08-18,-0.014286,25.53
2020-08-19,-0.001175,25.5
2020-08-20,-0.015686,25.1
2020-08-21,-0.004781,24.98
2020-08-24,0.028423,25.69
2020-08-25,0.012067,26.0
2020-08-26,-0.016923,25.56
2020-08-27,0.019171,26.05
2020-08-28,0.009597,26.3
2020-08-31,-0.021293,25.74
2020-09-01,-0.001166,25.71
2020-09-02,0.012058,26.02
2020-09-03,-0.006918,25.66
2020-09-04,0.034295,26.54
2020-09-08,-0.03994,25.48
2020-09-09,0.001177,25.51
2020-09-10,-0.014504,25.14
2020-09-11,0.01432,25.5
2020-09-14,0.009804,25.75
2020-09-15,-0.018252,25.28
2020-09-16,0.012658,25.6
2020-09-17,-0.009766,25.35
2020-09-18,-0.005523,25.21
2020-09-21,-0.029353,24.47
2020-09-22,-0.021659,23.94
2020-09-23,-0.028404,23.26
2020-09-24,0.003439,23.34
2020-09-25,0.006427,23.49
2020-09-28,0.025543,24.09
2020-09-29,-0.013284,23.77
2020-09-30,0.013462,24.09
2020-10-01,0.000415,24.1
2020-10-02,0.004564,24.21
2020-10-05,0.016935,24.62
2020-10-06,-0.010154,24.37
2020-10-07,0.020927,24.88
2020-10-08,0.01447,25.24
2020-10-09,0.004754,25.36
2020-10-12,0.012618,25.68
2020-10-13,-0.028427,24.95
2020-10-14,-0.053307,23.62
2020-10-15,0.022439,24.15
2020-10-16,0.003727,24.24
2020-10-19,-0.021452,23.72
2020-10-20,0.017707,24.14
2020-10-21,-0.003728,24.05
2020-10-22,0.034096,24.87
2020-10-23,0.001206,24.9
2020-10-26,-0.014458,24.54
2020-10-27,-0.028117,23.85
2020-10-28,-0.015933,23.47
2020-10-29,0.002983,23.54
2020-10-30,0.006797,23.7
2020-11-02,0.016034,24.08
2020-11-03,0.025332,24.69
2020-11-04,-0.040907,23.68
2020-11-05,0.039274,24.61
2020-11-06,-0.01219,24.31
2020-11-09,0.141917,27.76
2020-11-10,-0.003602,27.66
2020-11-11,-0.011569,27.34
2020-11-12,-0.023775,26.69
2020-11-13,0.011615,27.0
2020-11-16,0.021482,27.58
2020-11-17,-0.001088,27.55
2020-11-18,-0.02069,26.98
2020-11-19,0.0,26.98
2020-11-20,-0.006301,26.81
2020-11-23,0.021634,27.39
2020-11-24,0.05805,28.98
2020-11-25,0.001725,29.03
2020-11-27,-0.001378,28.99
2020-11-30,-0.028631,28.16
2020-12-01,0.018821,28.69
2020-12-02,0.012896,29.06
2020-12-03,0.001032,28.91
2020-12-04,0.013144,29.29
2020-12-07,-0.006828,29.09
2020-12-08,-0.0055,28.93
2020-12-09,-0.004494,28.8
2020-12-10,0.010764,29.11
2020-12-11,-0.01855,28.57
2020-12-14,-0.012251,28.22
2020-12-15,0.014883,28.64
2020-12-16,0.002793,28.72
2020-12-17,0.00383,28.83
2020-12-18,-0.00555,28.67
2020-12-21,0.037321,29.74
2020-12-22,-0.017821,29.21
2020-12-23,0.028757,30.05
2020-12-24,-0.002995,29.96
2020-12-28,0.005674,30.13
2020-12-29,-0.003983,30.01
2020-12-30,-0.001,29.98
2020-12-31,0.011007,30.31
2021-01-04,-0.009238,30.03
2021-01-05,0.007659,30.26
2021-01-06,0.062459,32.15
2021-01-07,0.022084,32.86
2021-01-08,-0.010043,32.53
2021-01-11,0.0166,33.07
2021-01-12,0.017841,33.66
2021-01-13,-0.005942,33.46
2021-01-14,0.01584,33.99
2021-01-15,-0.028832,33.01
2021-01-19,-0.00727,32.77
2021-01-20,-0.013122,32.34
2021-01-21,-0.017625,31.77
2021-01-22,-0.006925,31.55
2021-01-25,-0.012361,31.16
2021-01-26,-0.00706,30.94
2021-01-27,-0.035876,29.83
2021-01-28,0.016426,30.32
2021-01-29,-0.022098,29.65
2021-02-01,0.010455,29.96
2021-02-02,0.035714,31.03
2021-02-03,0.017725,31.58
2021-02-04,0.029132,32.5
2021-02-05,-0.004,32.37
2021-02-08,0.022243,33.09
2021-02-09,-0.004231,32.95
2021-02-10,0.00091,32.98
2021-02-11,-0.003032,32.88
2021-02-12,0.014903,33.37
2021-02-16,0.02697,34.27
2021-02-17,0.004085,34.41
2021-02-18,-0.006394,34.19
2021-02-19,0.010237,34.54
2021-02-22,0.017661,35.15
2021-02-23,0.010526,35.52
2021-02-24,0.024212,36.38
2021-02-25,-0.01237,35.93
2021-02-26,-0.033955,34.71
2021-03-01,0.031115,35.79
2021-03-02,-0.007265,35.53
2021-03-03,0.025049,36.42
2021-03-04,0.007139,36.5
2021-03-05,0.011781,36.93
2021-03-08,0.005416,37.13
2021-03-09,-0.021815,36.32
2021-03-10,0.02891,37.37
2021-03-11,-0.003479,37.24
2021-03-12,0.018797,37.94
2021-03-15,-0.005008,37.75
2021-03-16,-0.002914,37.64
2021-03-17,0.008236,37.95
2021-03-18,0.026087,38.94
2021-03-19,-0.010529,38.53
2021-03-22,-0.02258,37.66
2021-03-23,-0.020181,36.9
2021-03-24,0.0,36.9
2021-03-25,0.020596,37.66
2021-03-26,0.027085,38.68
2021-03-29,-0.009566,38.31
2021-03-30,0.01775,38.99
2021-03-31,-0.007694,38.69
2021-04-01,0.020677,39.49
2021-04-05,0.00785,39.8
2021-04-06,-0.002764,39.69
2021-04-07,0.00907,40.05
2021-04-08,-0.008739,39.7
2021-04-09,0.007305,39.99
2021-04-12,0.00175,40.06
2021-04-13,-0.018472,39.32
2021-04-14,0.014242,39.88
2021-04-15,-0.028586,38.74
2021-04-16,0.010583,39.15
2021-04-19,0.000511,39.17
2021-04-20,-0.027827,38.08
2021-04-21,0.016807,38.72
2021-04-22,-0.009298,38.36
2021-04-23,0.021376,39.18
2021-04-26,0.00587,39.41
2021-04-27,0.011926,39.88
2021-04-28,0.003761,40.03
2021-04-29,0.02698,41.11
2021-04-30,-0.014109,40.53
2021-05-03,0.00074,40.56
2021-05-04,0.010848,41.0
2021-05-05,0.009512,41.39
2021-05-06,0.014979,42.01
2021-05-07,0.004047,42.18
2021-05-10,-0.003082,42.05
2021-05-11,-0.011415,41.57
2021-05-12,-0.009382,41.18
2021-05-13,0.016027,41.84
2021-05-14,0.012428,42.36
2021-05-17,0.008971,42.74
2021-05-18,-0.013571,42.16
2021-05-19,-0.004507,41.97
2021-05-20,-0.002383,41.87
2021-05-21,0.012658,42.4
2021-05-24,0.005425,42.63
2021-05-25,-0.014544,42.01
2021-05-26,0.000714,42.04
2021-05-27,0.012131,42.55
2021-05-28,-0.00376,42.39
2021-06-01,0.012503,42.92
2021-06-02,0.000466,42.94
2021-06-03,0.011411,43.25
2021-06-04,0.000462,43.27
2021-06-07,-0.003467,43.12
2021-06-08,-0.005566,42.88
2021-06-09,-0.01306,42.32
2021-06-10,-0.014887,41.69
2021-06-11,0.004078,41.86
2021-06-14,-0.011945,41.36
2021-06-15,0.000725,41.39
2021-06-16,0.005557,41.62
2021-06-17,-0.043729,39.8
2021-06-18,-0.025628,38.78
2021-06-21,0.025013,39.75
2021-06-22,0.005535,39.97
2021-06-23,0.005754,40.2
2021-06-24,0.015672,40.83
2021-06-25,0.019348,41.62
2021-06-28,-0.001442,41.56
2021-06-29,-0.016121,40.89
2021-06-30,0.008315,41.23
2021-07-01,0.007519,41.54
2021-07-02,-0.009389,41.15
2021-07-06,-0.026246,40.07
2021-07-07,-0.007986,39.75
2021-07-08,-0.024403,38.78
2021-07-09,0.032491,40.04
2021-07-12,0.014735,40.63
2021-07-13,-0.018952,39.86
2021-07-14,-0.025088,38.86
2021-07-15,-0.000772,38.83
2021-07-16,-0.023436,37.92
2021-07-19,-0.026108,36.93
2021-07-20,0.020579,37.69
2021-07-21,0.02043,38.46
2021-07-22,-0.013001,37.96
2021-07-23,-0.006849,37.7
2021-07-26,0.011406,38.13
2021-07-27,-0.003934,37.98
2021-07-28,0.003949,38.13
2021-07-29,0.014424,38.68
2021-07-30,-0.008273,38.36
2021-08-02,-0.010428,37.96
2021-08-03,0.015543,38.55
2021-08-04,-0.007263,38.27
2021-08-05,0.019598,39.02
2021-08-06,0.02896,40.15
2021-08-09,0.012951,40.67
2021-08-10,0.018687,41.43
2021-08-11,0.012551,41.95
2021-08-12,0.004768,42.15
2021-08-13,-0.012337,41.63
2021-08-16,-0.008167,41.29
2021-08-17,-0.004844,41.09
2021-08-18,-0.007301,40.79
2021-08-19,-0.01471,40.19
2021-08-20,0.004479,40.37
2021-08-23,0.013376,40.91
2021-08-24,0.013933,41.48
2021-08-25,0.016152,42.15
2021-08-26,-0.00261,42.04
2021-08-27,0.010704,42.49
2021-08-30,-0.019534,41.66
2021-08-31,0.00216,41.75
2021-09-01,-0.013413,41.19
2021-09-02,0.000971,41.02
2021-09-03,0.000731,41.05
2021-09-07,0.006577,41.32
2021-09-08,-0.013069,40.78
2021-09-09,0.003678,40.93
2021-09-10,-0.016125,40.27
2021-09-13,0.016638,40.94
2021-09-14,-0.026869,39.84
2021-09-15,0.00753,40.14
2021-09-16,0.007723,40.45
2021-09-17,0.001236,40.5
2021-09-20,-0.034321,39.11
2021-09-21,0.000511,39.13
2021-09-22,0.025811,40.14
2021-09-23,0.038615,41.69
2021-09-24,0.010794,42.14
2021-09-27,0.026578,43.26
2021-09-28,-0.002312,43.16
2021-09-29,-0.002085,43.07
2021-09-30,-0.014395,42.45
2021-10-01,0.014841,43.08
2021-10-04,0.006035,43.34
2021-10-05,0.020305,44.22
2021-10-06,0.000452,44.24
2021-10-07,-0.002713,44.12
2021-10-08,0.004986,44.34
2021-10-11,-0.01263,43.78
2021-10-12,-0.005482,43.54
2021-10-13,-0.009187,43.14
2021-10-14,0.044738,45.07
2021-10-15,0.028844,46.37
2021-10-18,-0.001941,46.28
2021-10-19,0.004322,46.48
2021-10-20,0.013124,47.09
2021-10-21,-0.005521,46.83
2021-10-22,0.015802,47.57
2021-10-25,-0.001261,47.51
2021-10-26,0.009472,47.96
2021-10-27,-0.019183,47.04
2021-10-28,0.015731,47.78
2021-10-29,0.0,47.78
2021-11-01,0.001465,47.85
2021-11-02,0.000627,47.88
2021-11-03,0.010234,48.37
2021-11-04,-0.021501,47.33
2021-11-05,-0.007606,46.97
2021-11-08,0.007877,47.34
2021-11-09,-0.009717,46.88
2021-11-10,0.007466,47.23
2021-11-11,0.005505,47.49
2021-11-12,-0.012213,46.91
2021-11-15,0.002984,47.05
2021-11-16,0.000638,47.08
2021-11-17,-0.012107,46.51
2021-11-18,-0.004085,46.32
2021-11-19,-0.019862,45.4
2021-11-22,0.019383,46.28
2021-11-23,0.026361,47.5
2021-11-24,0.002737,47.63
2021-11-26,-0.039261,45.76
2021-11-29,-0.003715,45.59
2021-11-30,-0.024567,44.47
2021-12-01,-0.014167,43.84
2021-12-02,0.028741,44.89
2021-12-03,-0.022722,43.87
2021-12-06,0.006383,44.15
2021-12-07,0.012684,44.71
2021-12-08,-0.012302,44.16
2021-12-09,0.007473,44.49
2021-12-10,0.000674,44.52
2021-12-13,-0.021114,43.58
2021-12-14,0.01262,44.13
2021-12-15,-0.004306,43.94
2021-12-16,0.024124,45.0
2021-12-17,-0.024889,43.88
2021-12-20,-0.016408,43.16
2021-12-21,0.023865,44.19
2021-12-22,0.002037,44.28
2021-12-23,0.003162,44.42
2021-12-27,0.004953,44.64
2021-12-28,0.001344,44.7
2021-12-29,-0.001566,44.63
2021-12-30,-0.002241,44.53
2021-12-31,-0.000898,44.49
2022-01-03,0.037986,46.18
2022-01-04,0.039195,47.99
2022-01-05,-0.016879,47.18
2022-01-06,0.020136,48.13
2022-01-07,0.021816,49.18
2022-01-10,-0.005083,48.93
2022-01-11,0.005722,49.21
2022-01-12,-0.007112,48.86
2022-01-13,-0.002047,48.76
2022-01-14,-0.017432,47.91
2022-01-18,-0.03444,46.26
2022-01-19,0.003891,46.44
2022-01-20,-0.014858,45.75
2022-01-21,-0.018142,44.92
2022-01-24,-0.008237,44.55
2022-01-25,0.019753,45.43
2022-01-26,0.010346,45.9
2022-01-27,-0.009368,45.47
2022-01-28,0.008797,45.87
2022-01-31,0.005886,46.14
2022-02-01,0.017339,46.94
2022-02-02,-0.001065,46.89
2022-02-03,-0.00981,46.43
2022-02-04,0.039845,48.28
2022-02-07,0.004764,48.51
2022-02-08,0.017935,49.38
2022-02-09,-0.002025,49.28
2022-02-10,-0.004667,49.05
2022-02-11,-0.023038,47.92
2022-02-14,-0.010434,47.42
2022-02-15,0.007803,47.79
2022-02-16,-0.002302,47.68
2022-02-17,-0.033767,46.07
2022-02-18,-0.002388,45.96
2022-02-22,-0.008703,45.56
2022-02-23,-0.01712,44.78
2022-02-24,-0.026351,43.6
2022-02-25,0.032569,45.02
2022-02-28,-0.018214,44.2
2022-03-01,-0.03914,42.47
2022-03-02,0.016247,43.16
2022-03-03,-0.010658,42.49
2022-03-04,-0.036244,40.95
2022-03-07,-0.063736,38.34
2022-03-08,0.006521,38.59
2022-03-09,0.063488,41.04
2022-03-10,-0.009016,40.67
2022-03-11,-0.00836,40.33
2022-03-14,0.021572,41.2
2022-03-15,0.007282,41.5
2022-03-16,0.031325,42.8
2022-03-17,0.005374,43.03
2022-03-18,-0.003021,42.9
2022-03-21,-0.001399,42.84
2022-03-22,0.031279,44.18
2022-03-23,-0.024672,43.09
2022-03-24,-0.000464,43.07
2022-03-25,0.015324,43.73
2022-03-28,-0.004116,43.55
2022-03-29,-0.002526,43.44
2022-03-30,-0.010129,43.0
2022-03-31,-0.041395,41.22
2022-04-01,-0.007763,40.9
2022-04-04,-0.001711,40.83
2022-04-05,-0.016899,40.14
2022-04-06,-0.010962,39.7
2022-04-07,-0.007809,39.39
2022-04-08,0.007108,39.67
2022-04-11,-0.002017,39.59
2022-04-12,-0.010609,39.17
2022-04-13,-0.008935,38.82
2022-04-14,-0.0322,37.57
2022-04-18,0.03407,38.85
2022-04-19,0.018533,39.57
2022-04-20,0.002274,39.66
2022-04-21,-0.018911,38.91
2022-04-22,-0.034695,37.56
2022-04-25,-0.007189,37.29
2022-04-26,-0.022526,36.45
2022-04-27,-0.005487,36.25
2022-04-28,0.015448,36.81
2022-04-29,-0.030698,35.68
2022-05-02,0.012892,36.14
2022-05-03,0.027394,37.13
2022-05-04,0.040129,38.62
2022-05-05,-0.027965,37.54
2022-05-06,-0.002397,37.45
2022-05-09,-0.028839,36.37
2022-05-10,-0.016772,35.76
2022-05-11,-0.005313,35.57
2022-05-12,-0.014057,35.07
2022-05-13,0.002851,35.17
2022-05-16,-0.010236,34.81
2022-05-17,0.033898,35.99
2022-05-18,-0.030842,34.88
2022-05-19,-0.012328,34.45
2022-05-20,-0.017126,33.86
2022-05-23,0.059362,35.87
2022-05-24,-0.006133,35.65
2022-05-25,0.00533,35.84
2022-05-26,0.023158,36.67
2022-05-27,0.009545,37.02
2022-05-31,0.004862,37.2
2022-06-01,-0.014247,36.67
2022-06-02,0.006545,36.7
2022-06-03,-0.013897,36.19
2022-06-06,-0.001105,36.15
2022-06-07,0.005532,36.35
2022-06-08,-0.012655,35.89
2022-06-09,-0.038451,34.51
2022-06-10,-0.038829,33.17
2022-06-13,-0.03467,32.02
2022-06-14,-0.017489,31.46
2022-06-15,0.018754,32.05
2022-06-16,-0.00624,31.85
2022-06-17,0.002198,31.92
2022-06-21,0.029135,32.85
2022-06-22,-0.00761,32.6
2022-06-23,-0.015951,32.08
2022-06-24,0.00717,32.31
2022-06-27,0.001238,32.35
2022-06-28,-0.002782,32.26
2022-06-29,-0.012399,31.86
2022-06-30,-0.022913,31.13
2022-07-01,0.013813,31.56
2022-07-05,-0.010139,31.24
2022-07-06,-0.008323,30.98
2022-07-07,0.028406,31.86
2022-07-08,-0.002197,31.79
2022-07-11,-0.010381,31.46
2022-07-12,-0.003179,31.36
2022-07-13,-0.016582,30.84
2022-07-14,-0.023022,30.13
2022-07-15,0.070362,32.25
2022-07-18,0.00031,32.26
2022-07-19,0.033788,33.35
2022-07-20,0.0003,33.36
2022-07-21,0.008693,33.65
2022-07-22,-0.006538,33.43
2022-07-25,0.008974,33.73
2022-07-26,-0.02016,33.05
2022-07-27,0.016339,33.59
2022-07-28,-0.008038,33.32
2022-07-29,0.014706,33.81
2022-08-01,-0.002958,33.71
2022-08-02,-0.019875,33.04
2022-08-03,0.01816,33.64
2022-08-04,-0.007134,33.4
2022-08-05,0.016766,33.96
2022-08-08,-0.01384,33.49
2022-08-09,0.01284,33.92
2022-08-10,0.033903,35.07
2022-08-11,0.023952,35.91
2022-08-12,0.010861,36.3
2022-08-15,-0.001377,36.25
2022-08-16,0.010759,36.64
2022-08-17,-0.006277,36.41
2022-08-18,-0.00357,36.28
2022-08-19,-0.022051,35.48
2022-08-22,-0.021421,34.72
2022-08-23,-0.008929,34.41
2022-08-24,0.003197,34.52
2022-08-25,0.017961,35.14
2022-08-26,-0.031588,34.03
2022-08-29,-0.00382,33.9
2022-08-30,0.005605,34.09
2022-08-31,-0.01408,33.61
2022-09-01,0.00238,33.47
2022-09-02,-0.001195,33.43
2022-09-06,-0.011068,33.06
2022-09-07,0.015426,33.57
2022-09-08,0.032172,34.65
2022-09-09,0.008369,34.94
2022-09-12,0.009445,35.27
2022-09-13,-0.036008,34.0
2022-09-14,-0.003824,33.87
2022-09-15,0.018896,34.51
2022-09-16,-0.011301,34.12
2022-09-19,0.016706,34.69
2022-09-20,-0.01499,34.17
2022-09-21,-0.029851,33.15
2022-09-22,-0.019608,32.5
2022-09-23,-0.023692,31.73
2022-09-26,-0.022061,31.03
2022-09-27,-0.014824,30.57
2022-09-28,0.016356,31.07
2022-09-29,-0.013196,30.66
2022-09-30,-0.015003,30.2
2022-10-03,0.02947,31.09
2022-10-04,0.041493,32.38
2022-10-05,-0.014206,31.92
2022-10-06,-0.014411,31.46
2022-10-07,-0.022568,30.75
2022-10-10,-0.002927,30.66
2022-10-11,-0.029028,29.77
2022-10-12,0.003023,29.86
2022-10-13,0.061286,31.69
2022-10-14,0.000316,31.7
2022-10-17,0.060568,33.62
2022-10-18,0.037478,34.88
2022-10-19,-0.027523,33.92
2022-10-20,-0.006486,33.7
2022-10-21,0.037092,34.95
2022-10-24,0.003433,35.07
2022-10-25,0.009125,35.39
2022-10-26,0.00876,35.7
2022-10-27,0.004762,35.87
2022-10-28,0.008642,36.18
2022-10-31,-0.00387,36.04
2022-11-01,0.00444,36.2
2022-11-02,-0.003039,36.09
2022-11-03,-0.005542,35.89
2022-11-04,0.025077,36.79
2022-11-07,0.00598,37.01
2022-11-08,0.002702,37.11
2022-11-09,-0.015899,36.52
2022-11-10,0.044086,38.13
2022-11-11,0.007343,38.41
2022-11-14,-0.016923,37.76
2022-11-15,-0.001589,37.7
2022-11-16,-0.009019,37.36
2022-11-17,-0.005086,37.17
2022-11-18,0.000538,37.19
2022-11-21,0.003227,37.31
2022-11-22,0.004824,37.49
2022-11-23,0.003201,37.61
2022-11-25,0.002393,37.7
2022-11-28,-0.022281,36.86
2022-11-29,0.003798,37.0
2022-11-30,0.022973,37.85
2022-12-01,-0.028534,36.55
2022-12-02,-0.012859,36.08
2022-12-05,-0.044623,34.47
2022-12-06,-0.042646,33.0
2022-12-07,-0.007879,32.74
2022-12-08,-0.009163,32.44
2022-12-09,-0.001849,32.38
2022-12-12,0.010809,32.73
2022-12-13,0.000611,32.75
2022-12-14,-0.014351,32.28
2022-12-15,-0.015799,31.77
2022-12-16,-0.002203,31.7
2022-12-19,0.011357,32.06
2022-12-20,0.004055,32.19
2022-12-21,0.015222,32.68
2022-12-22,-0.008874,32.39
2022-12-23,0.00247,32.47
2022-12-27,0.001848,32.53
2022-12-28,0.007378,32.77
2022-12-29,0.011291,33.14
2022-12-30,-0.000604,33.12
2023-01-03,0.011775,33.51
2023-01-04,0.0188,34.14
2023-01-05,-0.00205,34.07
2023-01-06,0.009979,34.41
2023-01-09,-0.015112,33.89
2023-01-10,0.006787,34.12
2023-01-11,0.00762,34.38
2023-01-12,0.002618,34.47
2023-01-13,0.022048,35.23
2023-01-17,-0.020153,34.52
2023-01-18,-0.023175,33.72
2023-01-19,-0.014532,33.23
2023-01-20,0.018658,33.85
2023-01-23,0.013885,34.32
2023-01-24,0.007284,34.57
2023-01-25,0.008678,34.87
2023-01-26,0.013479,35.34
2023-01-27,0.003113,35.45
2023-01-30,-0.004231,35.3
2023-01-31,0.005099,35.48
2023-02-01,0.012401,35.92
2023-02-02,0.005846,36.13
2023-02-03,0.008303,36.43
2023-02-06,-0.001647,36.37
2023-02-07,0.010998,36.77
2023-02-08,-0.007343,36.5
2023-02-09,-0.02137,35.72
2023-02-10,-0.003919,35.58
2023-02-13,0.001967,35.65
2023-02-14,-0.000842,35.62
2023-02-15,-0.001684,35.56
2023-02-16,-0.007874,35.28
2023-02-17,0.001984,35.35
2023-02-21,-0.023479,34.52
2023-02-22,-0.006663,34.29
2023-02-23,-0.000875,34.26
2023-02-24,-0.001459,34.21
2023-02-27,0.0,34.21
2023-02-28,0.002631,34.3
2023-03-01,-0.004665,34.14
2023-03-02,-0.012595,33.49
2023-03-03,0.020006,34.16
2023-03-06,-0.002049,34.09
2023-03-07,-0.031974,33.0
2023-03-08,-0.013333,32.56
2023-03-09,-0.062039,30.54
2023-03-10,-0.008841,30.27
2023-03-13,-0.058143,28.51
2023-03-14,0.008769,28.76
2023-03-15,-0.009388,28.49
2023-03-16,0.016848,28.97
2023-03-17,-0.039696,27.82
2023-03-20,-0.002516,27.75
2023-03-21,0.03027,28.59
2023-03-22,-0.033228,27.64
2023-03-23,-0.02424,26.97
2023-03-24,0.006303,27.14
2023-03-27,0.049742,28.49
2023-03-28,-0.012987,28.12
2023-03-29,0.019559,28.67
2023-03-30,-0.012906,28.3
2023-03-31,0.010601,28.6
2023-04-03,-0.00035,28.59
2023-04-04,-0.021336,27.98
2023-04-05,-0.012152,27.64
2023-04-06,0.007236,27.84
2023-04-10,0.003592,27.94
2023-04-11,0.027559,28.71
2023-04-12,-0.008011,28.48
2023-04-13,0.002809,28.56
2023-04-14,0.033614,29.52
2023-04-17,0.028794,30.37
2023-04-18,0.006256,30.56
2023-04-19,-0.016361,30.06
2023-04-20,-0.005323,29.9
2023-04-21,-0.001003,29.87
2023-04-24,-0.003683,29.76
2023-04-25,-0.030914,28.84
2023-04-26,-0.01387,28.44
2023-04-27,0.015823,28.89
2023-04-28,0.0135,29.28
2023-05-01,-0.008197,29.04
2023-05-02,-0.030303,28.16
2023-05-03,-0.010653,27.86
2023-05-04,-0.031228,26.99
2023-05-05,0.026677,27.71
2023-05-08,-0.000722,27.69
2023-05-09,-0.001083,27.66
2023-05-10,-0.012292,27.32
2023-05-11,0.002562,27.39
2023-05-12,-0.010953,27.09
2023-05-15,0.020672,27.65
2023-05-16,-0.010488,27.36
2023-05-17,0.044225,28.57
2023-05-18,-0.0035,28.47
2023-05-19,-0.012645,28.11
2023-05-22,0.008182,28.34
2023-05-23,0.008469,28.58
2023-05-24,-0.016795,28.1
2023-05-25,0.002491,28.17
2023-05-26,0.00497,28.31
2023-05-30,-0.001766,28.26
2023-05-31,-0.016631,27.79
2023-06-01,0.007557,27.78
2023-06-02,0.033477,28.71
2023-06-05,-0.005921,28.54
2023-06-06,0.024177,29.23
2023-06-07,0.008553,29.48
2023-06-08,-0.00848,29.23
2023-06-09,0.001368,29.27
2023-06-12,-0.004783,29.13
2023-06-13,0.009269,29.4
2023-06-14,-0.009524,29.12
2023-06-15,0.008585,29.37
2023-06-16,-0.006129,29.19
2023-06-20,-0.010963,28.87
2023-06-21,-0.010391,28.57
2023-06-22,-0.021351,27.96
2023-06-23,-0.007511,27.75
2023-06-26,0.012252,28.09
2023-06-27,0.00534,28.24
2023-06-28,-0.00602,28.07
2023-06-29,0.021019,28.66
2023-06-30,0.001047,28.69
2023-07-03,0.017776,29.2
2023-07-05,-0.00411,29.08
2023-07-06,-0.02751,28.28
2023-07-07,0.00884,28.53
2023-07-10,0.004557,28.66
2023-07-11,0.012561,29.02
2023-07-12,0.011716,29.36
2023-07-13,0.010559,29.67
2023-07-14,-0.018874,29.11
2023-07-17,0.009962,29.4
2023-07-18,0.044218,30.7
2023-07-19,0.027036,31.53
2023-07-20,0.005075,31.69
2023-07-21,0.009151,31.98
2023-07-24,0.020951,32.65
2023-07-25,-0.015314,32.15
2023-07-26,0.008087,32.41
2023-07-27,-0.014193,31.95
2023-07-28,-0.001565,31.9
2023-07-31,0.003135,32.0
2023-08-01,-0.011875,31.62
2023-08-02,-0.013599,31.19
2023-08-03,0.007054,31.41
2023-08-04,-0.003502,31.3
2023-08-07,0.01853,31.88
2023-08-08,-0.019134,31.27
2023-08-09,-0.013112,30.86
2023-08-10,0.002592,30.94
2023-08-11,0.011312,31.29
2023-08-14,-0.011505,30.93
2023-08-15,-0.032008,29.94
2023-08-16,-0.02171,29.29
2023-08-17,-0.000341,29.28
2023-08-18,-0.005806,29.11
2023-08-21,0.001374,29.15
2023-08-22,-0.024357,28.44
2023-08-23,0.000352,28.45
2023-08-24,0.005975,28.62
2023-08-25,-0.004193,28.5
2023-08-28,0.009123,28.76
2023-08-29,0.014256,29.17
2023-08-30,-0.004457,29.04
2023-08-31,-0.004477,28.67
2023-09-01,0.010813,28.98
2023-09-05,-0.011387,28.65
2023-09-06,-0.009075,28.39
2023-09-07,-0.009158,28.13
2023-09-08,0.008176,28.36
2023-09-11,0.004231,28.48
2023-09-12,0.017205,28.97
2023-09-13,-0.003107,28.88
2023-09-14,0.01108,29.2
2023-09-15,-0.012329,28.84
2023-09-18,-0.002774,28.76
2023-09-19,-0.003825,28.65
2023-09-20,-0.00349,28.55
2023-09-21,-0.017513,28.05
2023-09-22,-0.014617,27.64
2023-09-25,-0.001447,27.6
2023-09-26,-0.01558,27.17
2023-09-27,0.003681,27.27
2023-09-28,0.010634,27.56
2023-09-29,-0.006531,27.38
2023-10-02,-0.024836,26.7
2023-10-03,-0.029588,25.91
2023-10-04,0.001158,25.94
2023-10-05,0.004626,26.06
2023-10-06,0.000384,26.07
2023-10-09,0.009206,26.31
2023-10-10,0.026606,27.01
2023-10-11,0.00037,27.02
2023-10-12,-0.004441,26.9
2023-10-13,-0.005204,26.76
2023-10-16,0.008595,26.99
2023-10-17,0.023342,27.62
2023-10-18,-0.011224,27.31
2023-10-19,-0.012816,26.96
2023-10-20,-0.02411,26.31
2023-10-23,-0.028126,25.57
2023-10-24,-0.003911,25.47
2023-10-25,0.003141,25.55
2023-10-26,0.022309,26.12
2023-10-27,-0.036371,25.17
2023-10-30,0.02066,25.69
2023-10-31,0.025302,26.34
2023-11-01,0.002278,26.4
2023-11-02,0.046212,27.62
2023-11-03,0.028965,28.42
2023-11-06,-0.003167,28.33
2023-11-07,-0.006001,28.16
2023-11-08,-0.009588,27.89
2023-11-09,-0.012908,27.53
2023-11-10,0.005449,27.68
2023-11-13,0.000723,27.7
2023-11-14,0.054874,29.22
2023-11-15,0.013689,29.62
2023-11-16,-0.002701,29.54
2023-11-17,0.014895,29.98
2023-11-20,0.001001,30.01
2023-11-21,-0.011663,29.66
2023-11-22,-0.001011,29.63
2023-11-24,0.003375,29.73
2023-11-27,-0.005718,29.56
2023-11-28,-0.001015,29.53
2023-11-29,0.026414,30.31
2023-11-30,0.013857,30.49
2023-12-01,0.015415,30.96
2023-12-04,-0.004522,30.82
2023-12-05,-0.007787,30.58
2023-12-06,-0.001635,30.53
2023-12-07,0.004258,30.66
2023-12-08,0.009785,30.96
2023-12-11,-0.003553,30.85
2023-12-12,-0.003566,30.74
2023-12-13,0.04229,32.04
2023-12-14,0.059301,33.94
2023-12-15,-0.010018,33.6
2023-12-18,-0.005059,33.43
2023-12-19,0.002393,33.51
2023-12-20,-0.015816,32.98
2023-12-21,0.006671,33.2
2023-12-22,0.006928,33.43
2023-12-26,0.012863,33.86
2023-12-27,-0.000591,33.84
2023-12-28,0.001182,33.88
2023-12-29,-0.006198,33.67
