date,daily_return,price
1999-06-04,0.003922,32.0
1999-06-07,0.009766,32.3125
1999-06-08,0.001934,32.375
1999-06-09,-0.019305,31.75
1999-06-10,-0.007874,31.5
1999-06-11,0.007937,31.75
1999-06-14,0.005906,31.9375
1999-06-15,0.011742,32.3125
1999-06-16,0.023211,33.0625
1999-06-17,0.018904,33.6875
1999-06-18,0.014842,34.1875
1999-06-21,-0.003656,34.0625
1999-06-22,-0.001835,34.0
1999-06-23,-0.033088,32.875
1999-06-24,-0.026616,32.0
1999-06-25,0.007813,32.25
1999-06-28,0.021318,32.9375
1999-06-29,0.005693,33.125
1999-06-30,0.007547,33.375
1999-07-01,-0.001873,33.3125
1999-07-02,0.020638,34.0
1999-07-06,0.0,34.0
1999-07-07,-0.001838,33.9375
1999-07-08,0.01105,34.3125
1999-07-09,0.005464,34.5
1999-07-12,-0.009058,34.1875
1999-07-13,-0.012797,33.75
1999-07-14,-0.033333,32.625
1999-07-15,0.02682,33.5
1999-07-16,0.014925,34.0
1999-07-19,-0.001838,33.9375
1999-07-20,0.001842,34.0
1999-07-21,-0.007353,33.75
1999-07-22,0.001852,33.8125
1999-07-23,-0.025878,32.9375
1999-07-26,0.009488,33.25
1999-07-27,-0.015038,32.75
1999-07-28,-0.013359,32.3125
1999-07-29,-0.009671,32.0
1999-07-30,-0.027344,31.125
1999-08-02,0.018072,31.6875
1999-08-03,-0.031558,30.6875
1999-08-04,-0.002037,30.625
1999-08-05,0.004082,30.75
1999-08-06,-0.022358,30.0625
1999-08-09,0.018711,30.625
1999-08-10,0.004082,30.75
1999-08-11,0.028455,31.625
1999-08-12,-0.019763,31.0
1999-08-13,0.030242,31.9375
1999-08-16,0.017613,32.5
1999-08-17,0.028846,33.4375
1999-08-18,-0.02243,32.6875
1999-08-19,-0.013384,32.25
1999-08-20,0.011628,32.625
1999-08-23,0.021073,33.3125
1999-08-24,-0.013133,32.875
1999-08-25,0.015209,33.375
1999-08-26,-0.022472,32.625
1999-08-27,-0.001916,32.5625
1999-08-30,-0.051593,30.6875
1999-08-31,0.00611,30.875
1999-09-01,0.01417,31.3125
1999-09-02,-0.011976,30.9375
1999-09-03,0.028283,31.8125
1999-09-07,-0.041257,30.5
1999-09-08,-0.020492,29.875
1999-09-09,-0.004184,29.75
1999-09-10,-0.002101,29.6875
1999-09-13,-0.006316,29.5
1999-09-14,-0.029661,28.625
1999-09-15,0.0,28.625
1999-09-16,0.019651,29.1875
1999-09-17,0.008565,29.4375
1999-09-20,0.0,29.4375
1999-09-21,-0.019108,28.875
1999-09-22,0.017316,29.375
1999-09-23,-0.004255,29.25
1999-09-24,0.008547,29.5
1999-09-27,-0.025424,28.75
1999-09-28,0.043478,30.0
1999-09-29,-0.014583,29.5625
1999-09-30,0.021142,30.1875
1999-10-01,0.010352,30.5
1999-10-04,0.043033,31.8125
1999-10-05,-0.005894,31.625
1999-10-06,0.035573,32.75
1999-10-07,-0.005725,32.5625
1999-10-08,0.028791,33.5
1999-10-11,-0.020522,32.8125
1999-10-12,-0.024762,32.0
1999-10-13,-0.027344,31.125
1999-10-14,0.028113,32.0
1999-10-15,-0.023438,31.25
1999-10-18,0.038,32.4375
1999-10-19,0.021195,33.125
1999-10-20,0.011321,33.5
1999-10-21,-0.018657,32.875
1999-10-22,0.047529,34.4375
1999-10-25,-0.00363,34.3125
1999-10-26,-0.025501,33.4375
1999-10-27,0.031776,34.5
1999-10-28,0.076087,37.125
1999-10-29,-0.001684,37.0625
1999-11-01,-0.011804,36.625
1999-11-02,0.018771,37.3125
1999-11-03,-0.036851,35.9375
1999-11-04,0.008696,36.25
1999-11-05,0.013793,36.75
1999-11-08,0.011905,37.1875
1999-11-09,-0.016807,36.5625
1999-11-10,-0.020513,35.8125
1999-11-11,0.008726,36.125
1999-11-12,0.017301,36.75
1999-11-15,0.022109,37.5625
1999-11-16,0.001664,37.625
1999-11-17,-0.039867,36.125
1999-11-18,-0.017301,35.5
1999-11-19,-0.012324,35.0625
1999-11-22,0.00713,35.3125
1999-11-23,-0.00177,35.25
1999-11-24,-0.008865,34.9375
1999-11-26,0.007156,35.1875
1999-11-29,-0.02643,34.0625
1999-11-30,0.00367,34.1875
1999-12-01,0.003656,34.3125
1999-12-02,-0.005464,34.125
1999-12-03,0.029304,35.125
1999-12-06,-0.27758,25.375
1999-12-07,-0.044335,24.25
1999-12-08,-0.010309,24.0
1999-12-09,-0.026042,23.375
1999-12-10,-0.018717,22.9375
1999-12-13,0.019074,23.375
1999-12-14,-0.018717,22.9375
1999-12-15,0.008174,23.125
1999-12-16,-0.054054,21.875
1999-12-17,0.051429,23.0
1999-12-20,-0.019022,22.5625
1999-12-21,0.019391,23.0
1999-12-22,0.0,23.0
1999-12-23,0.024457,23.5625
1999-12-27,-0.002653,23.5
1999-12-28,-0.005319,23.375
1999-12-29,0.013369,23.6875
1999-12-30,0.0,23.6875
1999-12-31,0.005277,23.8125
2000-01-03,-0.065617,22.25
2000-01-04,-0.033708,21.5
2000-01-05,-0.002907,21.4375
2000-01-06,0.03207,22.125
2000-01-07,0.022599,22.625
2000-01-10,-0.027624,22.0
2000-01-11,0.005682,22.125
2000-01-12,0.008475,22.3125
2000-01-13,0.028011,22.9375
2000-01-14,0.00545,23.0625
2000-01-18,-0.04065,22.125
2000-01-19,-0.014124,21.8125
2000-01-20,-0.020057,21.375
2000-01-21,-0.023392,20.875
2000-01-24,-0.011976,20.625
2000-01-25,0.009091,20.8125
2000-01-26,0.036036,21.5625
2000-01-27,0.026087,22.125
2000-01-28,-0.050848,21.0
2000-01-31,0.056548,22.1875
2000-02-01,0.002817,22.25
2000-02-02,-0.011236,22.0
2000-02-03,-0.002841,21.9375
2000-02-04,-0.02849,21.3125
2000-02-07,0.0,21.3125
2000-02-08,0.017595,21.6875
2000-02-09,-0.054755,20.5
2000-02-10,-0.015244,20.1875
2000-02-11,-0.012384,19.9375
2000-02-14,-0.034483,19.25
2000-02-15,0.003247,19.3125
2000-02-16,-0.012945,19.0625
2000-02-17,0.0,19.0625
2000-02-18,-0.036066,18.375
2000-02-22,-0.010204,18.1875
2000-02-23,-0.020619,17.8125
2000-02-24,-0.003509,17.75
2000-02-25,0.03169,18.3125
2000-02-28,0.015154,18.375
2000-02-29,-0.003401,18.3125
2000-03-01,-0.037543,17.625
2000-03-02,-0.028369,17.125
2000-03-03,0.018248,17.4375
2000-03-06,0.017921,17.75
2000-03-07,-0.007042,17.625
2000-03-08,0.0,17.625
2000-03-09,-0.010638,17.4375
2000-03-10,0.032258,18.0
2000-03-13,-0.024306,17.5625
2000-03-14,0.021352,17.9375
2000-03-15,0.10453,19.8125
2000-03-16,0.091483,21.625
2000-03-17,-0.026012,21.0625
2000-03-20,-0.041543,20.1875
2000-03-21,0.034056,20.875
2000-03-22,0.002994,20.9375
2000-03-23,0.014925,21.25
2000-03-24,0.011765,21.5
2000-03-27,-0.026163,20.9375
2000-03-28,0.01194,21.1875
2000-03-29,-0.017699,20.8125
2000-03-30,-0.009009,20.625
2000-03-31,0.060606,21.875
2000-04-03,0.068571,23.375
2000-04-04,-0.013369,23.0625
2000-04-05,-0.01084,22.8125
2000-04-06,0.005479,22.9375
2000-04-07,-0.024523,22.375
2000-04-10,0.002793,22.4375
2000-04-11,-0.005571,22.3125
2000-04-12,0.044818,23.3125
2000-04-13,-0.02681,22.6875
2000-04-14,-0.060606,21.3125
2000-04-17,-0.014663,21.0
2000-04-18,0.02381,21.5
2000-04-19,-0.008721,21.3125
2000-04-20,0.002933,21.375
2000-04-24,0.026316,21.9375
2000-04-25,0.031339,22.625
2000-04-26,-0.016575,22.25
2000-04-27,-0.036517,21.4375
2000-04-28,-0.052478,20.3125
2000-05-01,0.036923,21.0625
2000-05-02,0.0,21.0625
2000-05-03,0.011869,21.3125
2000-05-04,0.0,21.3125
2000-05-05,-0.014663,21.0
2000-05-08,0.068452,22.4375
2000-05-09,-0.005571,22.3125
2000-05-10,0.033613,23.0625
2000-05-11,-0.01355,22.75
2000-05-12,0.065934,24.25
2000-05-15,-0.023196,23.6875
2000-05-16,0.0,23.6875
2000-05-17,0.023747,24.25
2000-05-18,0.061856,25.75
2000-05-19,-0.048544,24.5
2000-05-22,0.035714,25.375
2000-05-23,-0.012315,25.0625
2000-05-24,0.024938,25.6875
2000-05-25,-0.021898,25.125
2000-05-26,0.022388,25.6875
2000-05-30,0.005937,25.625
2000-05-31,0.014634,26.0
2000-06-01,0.014423,26.375
2000-06-02,0.033175,27.25
2000-06-05,-0.050459,25.875
2000-06-06,-0.038647,24.875
2000-06-07,0.025126,25.5
2000-06-08,-0.026961,24.8125
2000-06-09,-0.04534,23.6875
2000-06-12,0.002639,23.75
2000-06-13,-0.023684,23.1875
2000-06-14,-0.008086,23.0
2000-06-15,-0.059783,21.625
2000-06-16,-0.083815,19.8125
2000-06-19,0.059937,21.0
2000-06-20,0.0,21.0
2000-06-21,-0.041667,20.125
2000-06-22,0.024845,20.625
2000-06-23,0.006061,20.75
2000-06-26,-0.012048,20.5
2000-06-27,0.018293,20.875
2000-06-28,-0.008982,20.6875
2000-06-29,-0.021148,20.25
2000-06-30,-0.049383,19.25
2000-07-03,0.022727,19.6875
2000-07-05,-0.003175,19.625
2000-07-06,0.009554,19.8125
2000-07-07,0.028391,20.375
2000-07-10,-0.015337,20.0625
2000-07-11,-0.009346,19.875
2000-07-12,0.025157,20.375
2000-07-13,-0.021472,19.9375
2000-07-14,0.003135,20.0
2000-07-17,-0.021875,19.5625
2000-07-18,0.0,19.5625
2000-07-19,0.01278,19.8125
2000-07-20,-0.006309,19.6875
2000-07-21,-0.066667,18.375
2000-07-24,0.02381,18.8125
2000-07-25,0.013289,19.0625
2000-07-26,-0.036066,18.375
2000-07-27,0.017007,18.6875
2000-07-28,0.0301,19.25
2000-07-31,-0.003247,19.1875
2000-08-01,-0.022801,18.75
2000-08-02,-0.023333,18.3125
2000-08-03,0.061433,19.4375
2000-08-04,0.099679,21.375
2000-08-07,-0.04386,20.4375
2000-08-08,0.009174,20.625
2000-08-09,-0.00303,20.5625
2000-08-10,0.027356,21.125
2000-08-11,-0.008876,20.9375
2000-08-14,0.008955,21.125
2000-08-15,-0.008876,20.9375
2000-08-16,-0.035821,20.1875
2000-08-17,0.009288,20.375
2000-08-18,-0.006135,20.25
2000-08-21,0.027778,20.8125
2000-08-22,-0.006006,20.6875
2000-08-23,0.039275,21.5
2000-08-24,0.002907,21.5625
2000-08-25,-0.008696,21.375
2000-08-28,-0.005848,21.25
2000-08-29,-0.011765,21.0
2000-08-30,0.004286,20.875
2000-08-31,0.041916,21.75
2000-09-01,-0.008621,21.5625
2000-09-05,0.002899,21.625
2000-09-06,0.017341,22.0
2000-09-07,0.008523,22.1875
2000-09-08,0.03662,23.0
2000-09-11,-0.027174,22.375
2000-09-12,-0.011173,22.125
2000-09-13,0.008475,22.3125
2000-09-14,0.005602,22.4375
2000-09-15,-0.005571,22.3125
2000-09-18,-0.061625,20.9375
2000-09-19,0.032836,21.625
2000-09-20,-0.008671,21.4375
2000-09-21,-0.017493,21.0625
2000-09-22,0.002967,21.125
2000-09-25,0.017752,21.5
2000-09-26,-0.020349,21.0625
2000-09-27,0.005935,21.1875
2000-09-28,0.041298,22.0625
2000-09-29,0.031162,22.75
2000-10-02,0.005495,22.875
2000-10-03,0.013661,23.1875
2000-10-04,0.078167,25.0
2000-10-05,-0.05,23.75
2000-10-06,0.0,23.75
2000-10-09,-0.042105,22.75
2000-10-10,-0.054945,21.5
2000-10-11,-0.023256,21.0
2000-10-12,-0.065476,19.625
2000-10-13,0.101911,21.625
2000-10-16,0.034682,22.375
2000-10-17,-0.039106,21.5
2000-10-18,-0.011628,21.25
2000-10-19,0.032353,21.9375
2000-10-20,0.002849,22.0
2000-10-23,-0.011364,21.75
2000-10-24,0.034483,22.5
2000-10-25,-0.016667,22.125
2000-10-26,-0.019774,21.6875
2000-10-27,0.023055,22.1875
2000-10-30,0.070423,23.75
2000-10-31,0.018421,24.1875
2000-11-01,0.010336,24.4375
2000-11-02,-0.005115,24.3125
2000-11-03,0.002571,24.375
2000-11-06,0.012821,24.6875
2000-11-07,-0.027848,24.0
2000-11-08,-0.005208,23.875
2000-11-09,0.002618,23.9375
2000-11-10,-0.013055,23.625
2000-11-13,-0.002646,23.5625
2000-11-14,-0.002653,23.5
2000-11-15,-0.018617,23.0625
2000-11-16,-0.04065,22.125
2000-11-17,0.019774,22.5625
2000-11-20,-0.00831,22.375
2000-11-21,0.01676,22.75
2000-11-22,-0.016484,22.375
2000-11-24,-0.013967,22.0625
2000-11-27,-0.002833,22.0
2000-11-28,0.053977,23.1875
2000-11-29,0.049704,24.125
2000-11-30,0.002591,24.1875
2000-12-01,0.005168,24.3125
2000-12-04,-0.012854,24.0
2000-12-05,0.052083,25.25
2000-12-06,-0.007426,25.0625
2000-12-07,0.0399,26.0625
2000-12-08,0.014389,26.4375
2000-12-11,0.023641,27.0625
2000-12-12,-0.018476,26.5625
2000-12-13,-0.009412,26.3125
2000-12-14,0.0,26.3125
2000-12-15,0.002375,26.375
2000-12-18,0.085308,28.625
2000-12-19,-0.019651,28.0625
2000-12-20,0.033408,29.0
2000-12-21,0.025862,29.75
2000-12-22,-0.008403,29.5
2000-12-26,0.014831,29.9375
2000-12-27,0.016702,30.4375
2000-12-28,-0.014374,30.0
2000-12-29,-0.027083,29.1875
2001-01-02,-0.008565,28.9375
2001-01-03,0.064795,30.8125
2001-01-04,0.036511,31.9375
2001-01-05,-0.039139,30.6875
2001-01-08,-0.01833,30.125
2001-01-09,0.004149,30.25
2001-01-10,-0.004132,30.125
2001-01-11,-0.002075,30.0625
2001-01-12,-0.035343,29.0
2001-01-16,-0.006466,28.8125
2001-01-17,-0.023861,28.125
2001-01-18,-0.028889,27.3125
2001-01-19,-0.018307,26.8125
2001-01-22,0.032634,27.6875
2001-01-23,0.040632,28.8125
2001-01-24,0.004338,28.9375
2001-01-25,0.0,28.9375
2001-01-26,0.021598,29.5625
2001-01-29,-0.00482,29.42
2001-01-30,0.004419,29.55
2001-01-31,0.0,29.55
2001-02-01,-0.011168,29.22
2001-02-02,0.015743,29.68
2001-02-05,0.016846,30.18
2001-02-06,-0.015905,29.7
2001-02-07,0.006734,29.9
2001-02-08,0.001338,29.94
2001-02-09,0.002672,30.02
2001-02-12,0.013991,30.44
2001-02-13,-0.0023,30.37
2001-02-14,-0.032269,29.39
2001-02-15,0.002042,29.45
2001-02-16,-0.000679,29.43
2001-02-20,-0.015291,28.98
2001-02-21,-0.023465,28.3
2001-02-22,-0.001413,28.26
2001-02-23,0.007785,28.48
2001-02-26,0.035815,29.5
2001-02-27,0.005568,23.45
2001-02-28,-0.010661,23.2
2001-03-01,0.002155,23.25
2001-03-02,0.022796,23.78
2001-03-05,-0.032801,23.0
2001-03-06,-0.019565,22.55
2001-03-07,0.015521,22.9
2001-03-08,-0.00131,22.87
2001-03-09,0.006559,23.02
2001-03-12,-0.061686,21.6
2001-03-13,0.009259,21.8
2001-03-14,-0.050459,20.7
2001-03-15,0.035266,21.43
2001-03-16,-0.022399,20.95
2001-03-19,0.050119,22.0
2001-03-20,-0.046818,20.97
2001-03-21,-0.048641,19.95
2001-03-22,-0.035088,19.25
2001-03-23,0.077403,20.74
2001-03-26,0.045805,21.69
2001-03-27,0.078377,23.39
2001-03-28,-0.006092,23.06
2001-03-29,-0.022984,22.53
2001-03-30,0.029738,23.2
2001-04-02,0.00819,23.39
2001-04-03,-0.019667,22.93
2001-04-04,-0.00785,22.75
2001-04-05,0.021978,23.25
2001-04-06,-0.009032,23.04
2001-04-09,0.004774,23.15
2001-04-10,0.008207,23.34
2001-04-11,-0.014996,22.99
2001-04-12,0.021749,23.49
2001-04-16,-0.004683,23.38
2001-04-17,-0.043199,22.37
2001-04-18,0.005811,22.5
2001-04-19,-0.013333,22.2
2001-04-20,-0.027027,21.6
2001-04-23,-0.015741,21.26
2001-04-24,0.011289,21.5
2001-04-25,-0.005116,21.39
2001-04-26,-0.024778,20.86
2001-04-27,0.029722,21.48
2001-04-30,-0.013966,21.18
2001-05-01,-0.011331,20.94
2001-05-02,0.018147,21.32
2001-05-03,0.036585,22.1
2001-05-04,0.026244,22.68
2001-05-07,-0.063492,21.24
2001-05-08,-0.001883,21.2
2001-05-09,0.007075,21.35
2001-05-10,-0.013115,21.07
2001-05-11,-0.005695,20.95
2001-05-14,0.009546,21.15
2001-05-15,0.016549,21.5
2001-05-16,0.020465,21.94
2001-05-17,-0.012762,21.66
2001-05-18,0.00831,21.84
2001-05-21,0.002747,21.9
2001-05-22,0.015525,22.24
2001-05-23,0.004047,22.33
2001-05-24,0.012539,22.61
2001-05-25,-0.016807,22.23
2001-05-29,-0.004948,22.12
2001-05-30,-0.000904,22.1
2001-05-31,0.00905,22.3
2001-06-01,0.008969,22.5
2001-06-04,0.011111,22.75
2001-06-05,0.003956,22.84
2001-06-06,0.011384,23.1
2001-06-07,-0.004329,23.0
2001-06-08,-0.011304,22.74
2001-06-11,0.0,22.74
2001-06-12,-0.005717,22.61
2001-06-13,-0.004865,22.5
2001-06-14,-0.037778,21.65
2001-06-15,-0.006928,21.5
2001-06-18,0.013954,21.8
2001-06-19,0.022936,22.3
2001-06-20,0.008969,22.5
2001-06-21,0.033333,23.25
2001-06-22,-0.010753,23.0
2001-06-25,-0.008696,22.8
2001-06-26,-0.015351,22.45
2001-06-27,0.00078,22.28
2001-06-28,0.021095,22.75
2001-06-29,0.001758,22.79
2001-07-02,0.022817,23.31
2001-07-03,-0.006864,23.15
2001-07-05,0.006479,23.3
2001-07-06,-0.015021,22.95
2001-07-09,0.023965,23.5
2001-07-10,-0.021702,22.99
2001-07-11,0.00174,23.03
2001-07-12,0.01954,23.48
2001-07-13,0.017888,23.9
2001-07-16,-0.014226,23.56
2001-07-17,0.016554,23.95
2001-07-18,-0.012526,23.65
2001-07-19,-0.035941,22.8
2001-07-20,-0.015351,22.45
2001-07-23,-0.000891,22.43
2001-07-24,-0.015604,22.08
2001-07-25,0.007699,22.25
2001-07-26,0.025618,22.82
2001-07-27,0.029798,23.5
2001-07-30,0.005532,23.63
2001-07-31,0.004655,23.74
2001-08-01,0.002106,23.79
2001-08-02,0.00042,23.8
2001-08-03,0.005882,23.94
2001-08-06,0.020468,24.43
2001-08-07,0.023741,25.01
2001-08-08,-0.0004,25.0
2001-08-09,-0.014,24.65
2001-08-10,-0.000406,24.64
2001-08-13,0.004058,24.74
2001-08-14,0.006467,24.9
2001-08-15,-0.006024,24.75
2001-08-16,0.010909,25.02
2001-08-17,-0.01239,24.71
2001-08-20,0.010117,24.96
2001-08-21,-0.014824,24.59
2001-08-22,0.016267,24.99
2001-08-23,-0.006403,24.83
2001-08-24,0.000805,24.85
2001-08-27,-0.014085,24.5
2001-08-28,-0.009388,24.27
2001-08-29,-0.004944,24.15
2001-08-30,-0.004969,24.03
2001-08-31,0.008739,24.24
2001-09-04,0.011964,24.53
2001-09-05,-0.013453,24.2
2001-09-06,0.0,24.2
2001-09-07,-0.016942,23.79
2001-09-10,-0.002102,23.74
2001-09-17,-0.013901,23.41
2001-09-18,-0.01666,23.02
2001-09-19,-0.065595,21.51
2001-09-20,-0.086471,19.65
2001-09-21,-0.013741,19.38
2001-09-24,0.083591,21.0
2001-09-25,0.016667,21.35
2001-09-26,0.004098,21.25
2001-09-27,0.030118,21.89
2001-09-28,0.013248,22.18
2001-10-01,-0.007214,22.02
2001-10-02,0.02861,22.65
2001-10-03,0.002208,22.7
2001-10-04,-0.03304,21.95
2001-10-05,-0.159909,18.44
2001-10-08,-0.084599,16.88
2001-10-09,0.046209,17.66
2001-10-10,0.011325,17.86
2001-10-11,-0.015678,17.58
2001-10-12,-0.0438,16.81
2001-10-15,0.001785,16.84
2001-10-16,0.033254,17.4
2001-10-17,0.028161,17.89
2001-10-18,-0.007826,17.75
2001-10-19,-0.027606,17.26
2001-10-22,0.006952,17.38
2001-10-23,0.017261,17.68
2001-10-24,0.029412,18.2
2001-10-25,0.037363,18.88
2001-10-26,-0.019068,18.52
2001-10-29,-0.038877,17.8
2001-10-30,-0.002809,17.75
2001-10-31,0.00169,17.78
2001-11-01,0.012373,18.0
2001-11-02,0.0,18.0
2001-11-05,0.02,18.36
2001-11-06,0.015795,18.65
2001-11-07,-0.017158,18.33
2001-11-08,-0.00982,18.15
2001-11-09,-0.002755,18.1
2001-11-12,-0.007182,17.97
2001-11-13,0.012799,18.2
2001-11-14,0.002198,18.24
2001-11-15,-0.006031,18.13
2001-11-16,0.013789,18.38
2001-11-19,0.015234,18.66
2001-11-20,-0.024116,18.21
2001-11-21,-0.006041,18.1
2001-11-23,0.027624,18.6
2001-11-26,-0.019893,18.23
2001-11-27,0.00384,18.3
2001-11-28,0.005465,18.4
2001-11-29,0.005435,18.5
2001-11-30,0.025946,18.98
2001-12-03,-0.009484,18.8
2001-12-04,0.012234,19.03
2001-12-05,0.018917,19.39
2001-12-06,0.028881,19.95
2001-12-07,0.005514,20.06
2001-12-10,0.000997,20.08
2001-12-11,-0.027888,19.52
2001-12-12,0.009221,19.7
2001-12-13,-0.026904,19.17
2001-12-14,-0.009911,18.98
2001-12-17,0.001054,19.0
2001-12-18,0.030526,19.58
2001-12-19,0.034219,20.25
2001-12-20,0.00642,20.38
2001-12-21,0.015702,20.7
2001-12-24,-0.009179,20.51
2001-12-26,0.0,20.51
2001-12-27,0.019868,20.73
2001-12-28,0.011577,20.97
2001-12-31,-0.001907,20.93
2002-01-02,-0.018156,20.55
2002-01-03,0.004866,20.65
2002-01-04,0.018886,21.04
2002-01-07,-0.002376,20.99
2002-01-08,-0.002382,20.94
2002-01-09,-0.009551,20.74
2002-01-10,0.012536,21.0
2002-01-11,-0.03,20.37
2002-01-14,-0.000982,20.35
2002-01-15,0.017199,20.7
2002-01-16,-0.02657,20.15
2002-01-17,0.0134,20.42
2002-01-18,0.0,20.42
2002-01-22,0.002938,20.48
2002-01-23,0.021484,20.92
2002-01-24,0.015774,21.25
2002-01-25,0.008471,21.43
2002-01-28,0.003266,21.5
2002-01-29,-0.055349,20.31
2002-01-30,0.00197,20.35
2002-01-31,0.023096,20.82
2002-02-01,-0.0317,20.16
2002-02-04,-0.016369,19.83
2002-02-05,0.0,19.83
2002-02-06,-0.016641,19.5
2002-02-07,0.002564,19.55
2002-02-08,0.007673,19.7
2002-02-11,0.007614,19.85
2002-02-12,-0.002519,19.8
2002-02-13,0.010101,20.0
2002-02-14,0.002,20.04
2002-02-15,-0.001497,20.01
2002-02-19,-0.042479,19.16
2002-02-20,0.021399,19.57
2002-02-21,-0.014819,19.28
2002-02-22,0.033714,19.93
2002-02-25,0.033116,20.59
2002-02-26,-0.001943,20.55
2002-02-27,0.014599,20.85
2002-02-28,0.0,20.85
2002-03-01,0.01247,21.11
2002-03-04,0.030317,21.75
2002-03-05,-0.025747,21.19
2002-03-06,0.035394,21.94
2002-03-07,-0.013674,21.64
2002-03-08,0.016636,22.0
2002-03-11,0.013182,22.29
2002-03-12,-0.010767,22.05
2002-03-13,-0.001814,22.01
2002-03-14,-0.006361,21.87
2002-03-15,0.028349,22.49
2002-03-18,0.006225,22.63
2002-03-19,0.01635,23.0
2002-03-20,-0.022174,22.49
2002-03-21,-0.009782,22.27
2002-03-22,0.014818,22.6
2002-03-25,0.001327,22.63
2002-03-26,0.020548,22.9
2002-03-27,-0.009607,22.68
2002-03-28,-0.00485,22.57
2002-04-01,0.000443,22.58
2002-04-02,0.010629,22.82
2002-04-03,-0.017967,22.41
2002-04-04,-0.000446,22.4
2002-04-05,-0.001339,22.37
2002-04-08,0.00894,22.57
2002-04-09,0.008861,22.77
2002-04-10,0.007027,22.93
2002-04-11,-0.02355,22.39
2002-04-12,0.015185,22.73
2002-04-15,-0.014518,22.4
2002-04-16,0.026339,22.99
2002-04-17,0.026968,23.61
2002-04-18,-0.000424,23.6
2002-04-19,0.009322,23.82
2002-04-22,-0.029807,23.11
2002-04-23,0.003894,23.2
2002-04-24,0.012069,23.48
2002-04-25,0.006814,23.64
2002-04-26,-0.015228,23.28
2002-04-29,-0.002148,23.23
2002-04-30,0.020233,23.7
2002-05-01,0.0,23.7
2002-05-02,0.012236,23.99
2002-05-03,-0.007503,23.81
2002-05-06,-0.01722,23.4
2002-05-07,0.008974,23.61
2002-05-08,0.012706,23.91
2002-05-09,-0.000418,23.9
2002-05-10,-0.009623,23.67
2002-05-13,0.016054,24.05
2002-05-14,0.012058,24.34
2002-05-15,-0.013558,24.01
2002-05-16,0.001666,24.05
2002-05-17,-0.005821,23.91
2002-05-20,0.0,23.91
2002-05-21,0.008365,24.11
2002-05-22,-0.003733,24.02
2002-05-23,0.017902,24.45
2002-05-24,-0.01636,24.05
2002-05-28,-0.02079,23.55
2002-05-29,-0.001274,23.52
2002-05-30,0.000425,23.53
2002-05-31,0.0051,23.65
2002-06-03,-0.011417,23.38
2002-06-04,-0.008554,23.18
2002-06-05,0.002157,23.23
2002-06-06,-0.024968,22.65
2002-06-07,0.011038,22.9
2002-06-10,0.004804,23.01
2002-06-11,-0.017818,22.6
2002-06-12,0.011947,22.87
2002-06-13,-0.021863,22.37
2002-06-14,0.025481,22.94
2002-06-17,0.03531,23.75
2002-06-18,0.0,23.75
2002-06-19,-0.020211,23.27
2002-06-20,-0.00043,23.26
2002-06-21,-0.024076,22.7
2002-06-24,0.007929,22.88
2002-06-25,-0.010927,22.63
2002-06-26,0.000663,22.45
2002-06-27,0.023608,22.98
2002-06-28,0.016101,23.35
2002-07-01,-0.027837,22.7
2002-07-02,-0.011013,22.45
2002-07-03,-0.030735,21.76
2002-07-05,0.03171,22.45
2002-07-08,0.001336,22.48
2002-07-09,-0.012456,22.2
2002-07-10,-0.025225,21.64
2002-07-11,0.009704,21.85
2002-07-12,-0.030664,21.18
2002-07-15,0.001889,21.22
2002-07-16,-0.045712,20.25
2002-07-17,0.015803,20.57
2002-07-18,-0.052504,19.49
2002-07-19,-0.051308,18.49
2002-07-22,-0.004868,18.4
2002-07-23,0.002717,18.45
2002-07-24,0.010298,18.64
2002-07-25,-0.008047,18.49
2002-07-26,0.063818,19.67
2002-07-29,0.054906,20.75
2002-07-30,-0.008675,20.57
2002-07-31,0.039864,21.39
2002-08-01,-0.040673,20.52
2002-08-02,-0.001462,20.49
2002-08-05,-0.023426,20.01
2002-08-06,0.037981,20.77
2002-08-07,0.006259,20.9
2002-08-08,0.037799,21.69
2002-08-09,0.004149,21.78
2002-08-12,-0.014693,21.46
2002-08-13,-0.009786,21.25
2002-08-14,0.030588,21.9
2002-08-15,0.006849,22.05
2002-08-16,0.000907,22.07
2002-08-19,0.016312,22.43
2002-08-20,-0.016942,22.05
2002-08-21,-0.002268,22.0
2002-08-22,0.001364,22.03
2002-08-23,-0.021335,21.56
2002-08-26,0.006957,21.71
2002-08-27,-0.01474,21.39
2002-08-28,-0.014025,21.09
2002-08-29,0.010906,21.32
2002-08-30,0.007974,21.49
2002-09-03,-0.041415,20.6
2002-09-04,0.019903,21.01
2002-09-05,-0.015707,20.68
2002-09-06,0.02031,21.1
2002-09-09,0.007583,21.26
2002-09-10,-0.015052,20.94
2002-09-11,-0.002388,20.89
2002-09-12,-0.023935,20.39
2002-09-13,0.003433,20.46
2002-09-16,-0.011241,20.23
2002-09-17,-0.015818,19.91
2002-09-18,-0.006529,19.78
2002-09-19,-0.029323,19.2
2002-09-20,0.004167,19.28
2002-09-23,-0.03112,18.68
2002-09-24,-0.035332,18.02
2002-09-25,0.015538,18.3
2002-09-26,0.020492,18.48
2002-09-27,-0.003788,18.41
2002-09-30,0.009234,18.58
2002-10-01,0.047901,19.47
2002-10-02,0.0,19.47
2002-10-03,-0.086287,17.79
2002-10-04,-0.021923,17.4
2002-10-07,-0.051724,16.5
2002-10-08,0.039394,17.15
2002-10-09,-0.052478,16.25
2002-10-10,0.068308,17.36
2002-10-11,0.062212,18.44
2002-10-14,0.008677,18.6
2002-10-15,0.040323,19.35
2002-10-16,0.023256,19.8
2002-10-17,0.023737,20.27
2002-10-18,0.007893,20.43
2002-10-21,0.011258,20.66
2002-10-22,-0.000484,20.65
2002-10-23,0.012107,20.9
2002-10-24,0.0,20.9
2002-10-25,0.00622,21.03
2002-10-28,0.010461,21.25
2002-10-29,-0.017412,20.88
2002-10-30,0.016284,21.22
2002-10-31,-0.006126,21.09
2002-11-01,0.021811,21.55
2002-11-04,-0.016241,21.2
2002-11-05,0.000943,21.22
2002-11-06,0.002828,21.28
2002-11-07,-0.039474,20.44
2002-11-08,-0.013699,20.16
2002-11-11,-0.005456,20.05
2002-11-12,0.028429,20.62
2002-11-13,0.00194,20.66
2002-11-14,0.022749,21.13
2002-11-15,0.026503,21.69
2002-11-18,-0.020747,21.24
2002-11-19,0.007533,21.4
2002-11-20,0.027103,21.98
2002-11-21,0.010009,22.2
2002-11-22,-0.009009,22.0
2002-11-25,-0.006818,21.85
2002-11-26,-0.010526,21.62
2002-11-27,0.024052,22.14
2002-11-29,-0.01084,21.9
2002-12-02,0.006849,22.05
2002-12-03,-0.030839,21.37
2002-12-04,0.005615,21.49
2002-12-05,-0.015356,21.16
2002-12-06,0.006616,21.3
2002-12-09,-0.013615,21.01
2002-12-10,0.021418,21.46
2002-12-11,0.000466,21.47
2002-12-12,-0.008849,21.28
2002-12-13,-0.020207,20.85
2002-12-16,0.03789,21.64
2002-12-17,-0.007856,21.47
2002-12-18,-0.020494,21.03
2002-12-19,-0.002378,20.98
2002-12-20,0.043851,21.9
2002-12-23,-0.008219,21.72
2002-12-24,-0.009668,21.51
2002-12-26,0.001395,21.54
2002-12-27,-0.021588,20.88
2002-12-30,0.015326,21.2
2002-12-31,0.000943,21.22
2003-01-02,0.009896,21.43
2003-01-03,0.002333,21.48
2003-01-06,0.054469,22.65
2003-01-07,-0.007506,22.48
2003-01-08,-0.005783,22.35
2003-01-09,0.022371,22.85
2003-01-10,0.012691,23.14
2003-01-13,-0.007347,22.97
2003-01-14,0.013061,23.27
2003-01-15,-0.015041,22.92
2003-01-16,-0.014834,22.58
2003-01-17,-0.006643,22.43
2003-01-21,-0.014712,22.1
2003-01-22,-0.004977,21.99
2003-01-23,-0.010459,21.76
2003-01-24,-0.029871,21.11
2003-01-27,-0.01279,20.84
2003-01-28,0.002399,20.89
2003-01-29,-0.001436,20.86
2003-01-30,-0.00767,20.7
2003-01-31,0.019324,21.1
2003-02-03,0.001896,21.14
2003-02-04,-0.006622,21.0
2003-02-05,-0.02381,20.5
2003-02-06,-0.000488,20.49
2003-02-07,-0.012201,20.24
2003-02-10,0.012846,20.5
2003-02-11,-0.014146,20.21
2003-02-12,-0.010391,20.0
2003-02-13,0.0075,20.15
2003-02-14,0.011911,20.39
2003-02-18,0.015204,20.7
2003-02-19,-0.002416,20.65
2003-02-20,0.003874,20.73
2003-02-21,0.013989,21.02
2003-02-24,-0.023311,20.53
2003-02-25,0.00341,20.6
2003-02-26,-0.01699,20.25
2003-02-27,0.026667,20.79
2003-02-28,0.006253,20.92
2003-03-03,-0.00956,20.72
2003-03-04,-0.007239,20.57
2003-03-05,0.008751,20.75
2003-03-06,-0.023614,20.26
2003-03-07,0.020731,20.68
2003-03-10,-0.02853,20.09
2003-03-11,-0.043305,19.22
2003-03-12,-0.011446,19.0
2003-03-13,0.026316,19.5
2003-03-14,-0.000513,19.49
2003-03-17,0.02001,19.88
2003-03-18,0.00503,19.98
2003-03-19,0.026026,20.5
2003-03-20,0.008781,20.68
2003-03-21,0.019826,21.09
2003-03-24,-0.035562,20.34
2003-03-25,0.015241,20.65
2003-03-26,-0.014528,20.35
2003-03-27,-0.016953,19.8
2003-03-28,-0.00101,19.78
2003-03-31,-0.040445,18.98
2003-04-01,0.01686,19.3
2003-04-02,0.025907,19.8
2003-04-03,-0.015657,19.49
2003-04-04,0.007183,19.63
2003-04-07,0.003566,19.7
2003-04-08,0.0,19.7
2003-04-09,-0.019797,19.31
2003-04-10,0.015018,19.6
2003-04-11,0.017347,19.94
2003-04-14,0.026078,20.46
2003-04-15,0.031281,21.1
2003-04-16,0.011848,21.35
2003-04-17,0.018735,21.75
2003-04-21,0.005058,21.86
2003-04-22,0.030192,22.52
2003-04-23,0.015098,22.86
2003-04-24,-0.020123,22.4
2003-04-25,-0.009375,22.19
2003-04-28,0.007661,22.36
2003-04-29,-0.007156,22.2
2003-04-30,-0.002252,22.15
2003-05-01,0.013996,22.46
2003-05-02,0.026714,23.06
2003-05-05,-0.025585,22.47
2003-05-06,0.007121,22.63
2003-05-07,0.008838,22.83
2003-05-08,-0.028033,22.19
2003-05-09,-0.002253,22.14
2003-05-12,0.011744,22.4
2003-05-13,0.005357,22.52
2003-05-14,0.00222,22.57
2003-05-15,0.01728,22.96
2003-05-16,0.016115,23.33
2003-05-19,-0.027004,22.7
2003-05-20,-0.003965,22.61
2003-05-21,0.007077,22.77
2003-05-22,0.005709,22.9
2003-05-23,0.013101,23.2
2003-05-27,0.016379,23.58
2003-05-28,-0.00212,23.53
2003-05-29,-0.020825,23.04
2003-05-30,0.028646,23.7
2003-06-02,-0.002532,23.64
2003-06-03,0.002538,23.7
2003-06-04,0.020253,24.18
2003-06-05,-0.002481,24.12
2003-06-06,0.017413,24.54
2003-06-09,-0.012225,24.24
2003-06-10,-0.002475,24.18
2003-06-11,0.018197,24.62
2003-06-12,0.006093,24.77
2003-06-13,-0.005652,24.63
2003-06-16,0.010962,24.9
2003-06-17,0.001205,24.93
2003-06-18,0.001604,24.97
2003-06-19,-0.006808,24.8
2003-06-20,-0.004435,24.69
2003-06-23,-0.019036,24.22
2003-06-24,0.013625,24.55
2003-06-25,0.004073,24.65
2003-06-26,0.017647,24.88
2003-06-27,-0.011656,24.59
2003-06-30,-0.00366,24.5
2003-07-01,0.00898,24.72
2003-07-02,0.002023,24.77
2003-07-03,-0.015341,24.39
2003-07-07,0.01968,24.87
2003-07-08,0.00201,24.92
2003-07-09,-0.002408,24.86
2003-07-10,-0.009654,24.62
2003-07-11,0.009342,24.85
2003-07-14,0.02173,25.39
2003-07-15,-0.014573,25.02
2003-07-16,0.002798,25.09
2003-07-17,-0.01674,24.67
2003-07-18,0.015403,25.05
2003-07-21,-0.013972,24.7
2003-07-22,0.01417,25.05
2003-07-23,-0.004391,24.94
2003-07-24,-0.01243,24.63
2003-07-25,0.019083,25.1
2003-07-28,-0.011952,24.8
2003-07-29,0.003226,24.88
2003-07-30,-0.006431,24.72
2003-07-31,-0.008091,24.52
2003-08-01,-0.019984,24.03
2003-08-04,0.006658,24.19
2003-08-05,-0.032658,23.4
2003-08-06,0.011111,23.66
2003-08-07,0.004227,23.76
2003-08-08,0.006313,23.91
2003-08-11,-0.007946,23.72
2003-08-12,0.022344,24.25
2003-08-13,-0.017732,23.82
2003-08-14,0.007557,24.0
2003-08-15,-0.005417,23.87
2003-08-18,0.006284,24.02
2003-08-19,-0.002914,23.95
2003-08-20,0.004593,24.06
2003-08-21,-0.000416,24.05
2003-08-22,-0.016632,23.65
2003-08-25,-0.000423,23.64
2003-08-26,-0.003384,23.56
2003-08-27,-0.004669,23.45
2003-08-28,0.009808,23.68
2003-08-29,0.009291,23.9
2003-09-02,0.009205,24.12
2003-09-03,-0.000829,24.1
2003-09-04,-0.00166,24.06
2003-09-05,-0.001662,24.02
2003-09-08,0.003331,24.1
2003-09-09,-0.004149,24.0
2003-09-10,-0.014167,23.66
2003-09-11,0.007608,23.84
2003-09-12,0.000419,23.85
2003-09-15,-0.00587,23.71
2003-09-16,0.017714,24.13
2003-09-17,0.000829,24.15
2003-09-18,0.026087,24.78
2003-09-19,-0.001614,24.74
2003-09-22,-0.016977,24.32
2003-09-23,0.009868,24.56
2003-09-24,-0.007329,24.38
2003-09-25,0.0,24.38
2003-09-26,-0.006768,24.01
2003-09-29,0.012078,24.3
2003-09-30,-0.012757,23.99
2003-10-01,0.034181,24.81
2003-10-02,-0.008464,24.6
2003-10-03,0.005285,24.73
2003-10-06,0.006065,24.88
2003-10-07,0.003215,24.96
2003-10-08,0.001202,24.99
2003-10-09,0.015606,25.38
2003-10-10,-0.007092,25.2
2003-10-13,0.005159,25.33
2003-10-14,0.012633,25.65
2003-10-15,0.001559,25.69
2003-10-16,0.003503,25.78
2003-10-17,-0.010861,25.5
2003-10-20,0.001177,25.53
2003-10-21,0.027419,26.23
2003-10-22,-0.016394,25.8
2003-10-23,0.018992,26.29
2003-10-24,0.00038,26.3
2003-10-27,0.014449,26.68
2003-10-28,0.02024,27.22
2003-10-29,0.011389,27.53
2003-10-30,0.000363,27.54
2003-10-31,-0.01162,27.22
2003-11-03,-0.007715,27.01
2003-11-04,-0.007034,26.82
2003-11-05,0.004101,26.93
2003-11-06,0.010026,27.2
2003-11-07,-0.003309,27.11
2003-11-10,-0.001476,27.07
2003-11-11,0.015885,27.5
2003-11-12,0.004364,27.62
2003-11-13,0.002896,27.7
2003-11-14,-0.001805,27.65
2003-11-17,-0.009403,27.39
2003-11-18,-0.012778,27.04
2003-11-19,0.004438,27.16
2003-11-20,-0.000736,27.14
2003-11-21,-0.001842,27.09
2003-11-24,0.014396,27.48
2003-11-25,0.008006,27.7
2003-11-26,0.001083,27.73
2003-11-28,-0.000721,27.71
2003-12-01,0.004691,27.84
2003-12-02,0.001078,27.87
2003-12-03,0.00287,27.95
2003-12-04,0.000358,27.96
2003-12-05,-0.003576,27.86
2003-12-08,0.010409,28.15
2003-12-09,-0.010657,27.85
2003-12-10,-0.002513,27.78
2003-12-11,0.0036,27.88
2003-12-12,0.003587,27.98
2003-12-15,-0.008935,27.73
2003-12-16,0.014064,28.12
2003-12-17,0.008535,28.36
2003-12-18,0.019394,28.91
2003-12-19,0.0,28.91
2003-12-22,-0.003459,28.81
2003-12-23,0.014925,29.24
2003-12-24,0.003762,29.35
2003-12-26,0.003407,29.45
2003-12-29,0.013243,29.6
2003-12-30,0.005743,29.77
2003-12-31,0.000336,29.78
2004-01-02,-0.006716,29.15
2004-01-05,-0.009949,28.86
2004-01-06,-0.0149,28.43
2004-01-07,-0.000703,28.41
2004-01-08,-0.006688,28.22
2004-01-09,-0.013111,27.85
2004-01-12,-0.002154,27.79
2004-01-13,-0.011515,27.47
2004-01-14,0.00364,27.57
2004-01-15,0.033007,28.48
2004-01-16,0.000702,28.5
2004-01-20,-0.010526,28.2
2004-01-21,-0.008865,27.95
2004-01-22,-0.00322,27.86
2004-01-23,0.007179,28.06
2004-01-26,0.004989,28.2
2004-01-27,0.012411,28.55
2004-01-28,-0.001051,28.52
2004-01-29,-0.006311,28.34
2004-01-30,-0.00247,28.27
2004-02-02,0.010612,28.57
2004-02-03,-0.021701,27.95
2004-02-04,-0.000358,27.94
2004-02-05,-0.011453,27.62
2004-02-06,0.008689,27.86
2004-02-09,-0.004307,27.74
2004-02-10,0.003965,27.85
2004-02-11,0.006463,28.03
2004-02-12,-0.007849,27.81
2004-02-13,-0.011147,27.5
2004-02-17,0.010182,27.78
2004-02-18,-0.010079,27.5
2004-02-19,0.005455,27.65
2004-02-20,0.013743,28.03
2004-02-23,-0.006422,27.85
2004-02-24,0.0,27.85
2004-02-25,0.010413,28.14
2004-02-26,0.00924,28.4
2004-02-27,0.004578,28.53
2004-03-01,0.006309,28.71
2004-03-02,-0.002786,28.63
2004-03-03,0.004541,28.76
2004-03-04,0.005911,28.93
2004-03-05,0.014864,29.36
2004-03-08,-0.025886,28.6
2004-03-09,-0.006643,28.41
2004-03-10,-0.01408,28.01
2004-03-11,-0.013567,27.63
2004-03-12,0.021354,28.22
2004-03-15,-0.020198,27.65
2004-03-16,0.009042,27.9
2004-03-17,0.014337,28.3
2004-03-18,-0.00636,28.12
2004-03-19,-0.016359,27.66
2004-03-22,-0.014823,27.25
2004-03-23,0.01211,27.58
2004-03-24,-0.013416,27.21
2004-03-25,0.013598,27.58
2004-03-26,0.000725,27.6
2004-03-29,0.012681,27.71
2004-03-30,0.004691,27.84
2004-03-31,-0.006825,27.65
2004-04-01,-0.001447,27.61
2004-04-02,-0.021731,27.01
2004-04-05,0.003332,27.1
2004-04-06,-0.007011,26.91
2004-04-07,-0.003716,26.81
2004-04-08,-0.007087,26.62
2004-04-12,-0.002254,26.56
2004-04-13,-0.004518,26.44
2004-04-14,-0.024206,25.8
2004-04-15,0.006589,25.97
2004-04-16,0.012707,26.3
2004-04-19,-0.011787,25.99
2004-04-20,-0.006156,25.83
2004-04-21,0.001936,25.88
2004-04-22,0.01391,26.24
2004-04-23,-0.003811,26.14
2004-04-26,-0.005356,26.0
2004-04-27,0.006923,26.18
2004-04-28,-0.016043,25.76
2004-04-29,-0.006599,25.59
2004-04-30,0.001954,25.64
2004-05-03,0.00819,25.85
2004-05-04,0.013153,26.19
2004-05-05,0.011455,26.49
2004-05-06,-0.007927,26.28
2004-05-07,-0.031583,25.45
2004-05-10,-0.012574,25.13
2004-05-11,0.010346,25.39
2004-05-12,0.018117,25.85
2004-05-13,0.017021,26.29
2004-05-14,0.004564,26.41
2004-05-17,-0.016282,25.98
2004-05-18,0.019631,26.49
2004-05-19,0.002265,26.55
2004-05-20,0.00113,26.58
2004-05-21,0.013544,26.94
2004-05-24,0.011136,27.24
2004-05-25,0.016887,27.7
2004-05-26,0.013718,28.08
2004-05-27,0.007123,28.28
2004-05-28,-0.006365,28.1
2004-06-01,0.001423,28.14
2004-06-02,0.013859,28.53
2004-06-03,-0.013319,28.15
2004-06-04,0.007815,28.37
2004-06-07,0.000705,28.39
2004-06-08,0.0,28.39
2004-06-09,-0.015498,27.95
2004-06-10,0.006798,28.14
2004-06-14,-0.00995,27.86
2004-06-15,0.01005,28.14
2004-06-16,-0.001421,28.1
2004-06-17,-0.007117,27.9
2004-06-18,0.015054,28.32
2004-06-21,-0.002472,28.25
2004-06-22,0.010973,28.56
2004-06-23,-0.004202,28.44
2004-06-24,-0.005274,28.29
2004-06-25,-0.017674,27.79
2004-06-28,0.010795,27.85
2004-06-29,-0.014363,27.45
2004-06-30,0.004007,27.56
2004-07-01,0.002177,27.62
2004-07-02,0.017741,28.11
2004-07-06,-0.01174,27.78
2004-07-07,0.00288,27.86
2004-07-08,-0.003948,27.75
2004-07-09,0.003964,27.86
2004-07-12,0.011127,28.17
2004-07-13,0.01278,28.53
2004-07-14,-0.001052,28.5
2004-07-15,-0.007368,28.29
2004-07-16,-0.010605,27.99
2004-07-19,-0.001072,27.96
2004-07-20,0.007511,28.17
2004-07-21,-0.0142,27.77
2004-07-22,0.006482,27.95
2004-07-23,-0.005367,27.8
2004-07-26,0.004317,27.92
2004-07-27,0.015043,28.34
2004-07-28,-0.001764,28.29
2004-07-29,0.013432,28.67
2004-07-30,-0.012906,28.3
2004-08-02,0.00212,28.36
2004-08-03,0.001763,28.41
2004-08-04,0.01408,28.81
2004-08-05,-0.012843,28.44
2004-08-06,-0.010197,28.15
2004-08-09,-0.001776,28.1
2004-08-10,0.01815,28.61
2004-08-11,0.002447,28.68
2004-08-12,-0.009066,28.42
2004-08-13,0.011963,28.76
2004-08-16,0.001391,28.8
2004-08-17,0.001736,28.85
2004-08-18,0.005546,29.01
2004-08-19,-0.009997,28.72
2004-08-20,0.004527,28.85
2004-08-23,0.000347,28.86
2004-08-24,-0.002425,28.79
2004-08-25,0.000347,28.8
2004-08-26,0.010417,29.1
2004-08-27,0.00756,29.32
2004-08-30,-0.00648,29.13
2004-08-31,0.012702,29.5
2004-09-01,-0.002373,29.43
2004-09-02,0.002379,29.5
2004-09-03,0.001356,29.54
2004-09-07,0.015572,30.0
2004-09-08,-0.008,29.76
2004-09-09,-0.014449,29.33
2004-09-10,0.002728,29.41
2004-09-13,0.00442,29.54
2004-09-14,-0.00237,29.47
2004-09-15,-0.015609,29.01
2004-09-16,0.01172,29.35
2004-09-17,-0.003748,29.24
2004-09-20,-0.007524,29.02
2004-09-21,0.007236,29.23
2004-09-22,-0.013,28.85
2004-09-23,-0.008666,28.6
2004-09-24,-0.00035,28.59
2004-09-27,-0.004897,28.45
2004-09-28,0.009842,28.49
2004-09-29,-0.001404,28.45
2004-09-30,0.015817,28.9
2004-10-01,0.012803,29.27
2004-10-04,-0.012641,28.9
2004-10-05,0.006228,29.08
2004-10-06,0.009973,29.37
2004-10-07,-0.004767,29.23
2004-10-08,0.0065,29.42
2004-10-11,0.0017,29.47
2004-10-12,-0.01018,29.17
2004-10-13,-0.002743,29.09
2004-10-14,-0.012032,28.74
2004-10-15,0.021921,29.37
2004-10-18,0.002383,29.44
2004-10-19,-0.033628,28.45
2004-10-20,-0.013357,28.07
2004-10-21,-0.002494,28.0
2004-10-22,-0.005,27.86
2004-10-25,-0.003948,27.75
2004-10-26,0.01946,28.29
2004-10-27,-0.006363,28.11
2004-10-28,0.009961,28.39
2004-10-29,0.007749,28.61
2004-11-01,0.002796,28.69
2004-11-02,-0.002788,28.61
2004-11-03,0.013981,29.01
2004-11-04,0.024474,29.72
2004-11-05,0.001682,29.77
2004-11-08,-0.004031,29.65
2004-11-09,0.002024,29.71
2004-11-10,0.006395,29.9
2004-11-11,0.007692,30.13
2004-11-12,0.011616,30.48
2004-11-15,-0.004593,30.34
2004-11-16,-0.009229,30.06
2004-11-17,-0.000998,30.03
2004-11-18,-0.010323,29.72
2004-11-19,-0.004038,29.6
2004-11-22,0.005405,29.76
2004-11-23,0.007728,29.99
2004-11-24,-0.003001,29.9
2004-11-26,0.001338,29.94
2004-11-29,-0.004342,29.81
2004-11-30,-0.006038,29.63
2004-12-01,0.01755,30.15
2004-12-02,-0.000332,30.14
2004-12-03,-0.015594,29.67
2004-12-06,-0.000337,29.66
2004-12-07,-0.009103,29.39
2004-12-08,0.003403,29.49
2004-12-09,-0.003052,29.4
2004-12-10,0.0,29.4
2004-12-13,0.003401,29.5
2004-12-14,0.00678,29.7
2004-12-15,0.007744,29.93
2004-12-16,0.011694,30.28
2004-12-17,-0.01255,29.9
2004-12-20,-0.001003,29.87
2004-12-21,0.033813,30.88
2004-12-22,0.020725,31.52
2004-12-23,-0.001586,31.47
2004-12-27,-0.006355,31.27
2004-12-28,0.008315,31.53
2004-12-29,-0.00222,31.16
2004-12-30,-0.000321,31.15
2004-12-31,0.005457,31.32
2005-01-03,-0.008621,31.05
2005-01-04,-0.004831,30.9
2005-01-05,0.005178,31.06
2005-01-06,-0.002254,30.99
2005-01-07,-0.017425,30.45
2005-01-10,-0.002956,30.36
2005-01-11,-0.006917,30.15
2005-01-12,0.006634,30.35
2005-01-13,-0.008237,30.1
2005-01-14,0.00299,30.19
2005-01-18,0.027824,31.03
2005-01-19,-0.015147,30.56
2005-01-20,-0.007853,30.32
2005-01-21,-0.011873,29.96
2005-01-24,0.001335,30.0
2005-01-25,0.006667,30.2
2005-01-26,0.000331,30.21
2005-01-27,0.00331,30.31
2005-01-28,-0.016826,29.8
2005-01-31,0.008389,30.05
2005-02-01,0.012646,30.43
2005-02-02,0.006572,30.63
2005-02-03,-0.007182,30.41
2005-02-04,0.001644,30.46
2005-02-07,0.010834,30.79
2005-02-08,-0.005521,30.62
2005-02-09,-0.013717,30.2
2005-02-10,-0.002649,30.12
2005-02-11,0.005976,30.3
2005-02-14,-0.00231,30.23
2005-02-15,0.000662,30.25
2005-02-16,-0.009917,29.95
2005-02-17,-0.008013,29.71
2005-02-18,-0.010098,29.41
2005-02-22,-0.009181,29.14
2005-02-23,0.018531,29.68
2005-02-24,0.004043,29.8
2005-02-25,0.001678,29.85
2005-02-28,-0.00335,29.75
2005-03-01,0.004706,29.89
2005-03-02,-0.005018,29.74
2005-03-03,-0.009751,29.45
2005-03-04,0.006791,29.65
2005-03-07,0.004722,29.79
2005-03-08,0.000671,29.81
2005-03-09,-0.010399,29.5
2005-03-10,0.00339,29.6
2005-03-11,-0.001351,29.56
2005-03-14,0.008796,29.82
2005-03-15,-0.005701,29.65
2005-03-16,-0.009106,29.38
2005-03-17,-0.005446,29.22
2005-03-18,0.002396,29.29
2005-03-21,-0.00956,29.01
2005-03-22,-0.021027,28.4
2005-03-23,0.001056,28.43
2005-03-24,-0.004573,28.3
2005-03-28,0.0053,28.45
2005-03-29,0.005975,28.32
2005-03-30,0.010946,28.63
2005-03-31,0.006636,28.82
2005-04-01,-0.011103,28.5
2005-04-04,0.000351,28.51
2005-04-05,0.002105,28.57
2005-04-06,0.011901,28.91
2005-04-07,-0.003113,28.82
2005-04-08,-0.015267,28.38
2005-04-11,0.001057,28.41
2005-04-12,0.016192,28.87
2005-04-13,-0.009352,28.6
2005-04-14,-0.018532,28.07
2005-04-15,-0.003563,27.97
2005-04-18,0.010726,28.27
2005-04-19,-0.012381,27.92
2005-04-20,-0.027221,27.16
2005-04-21,0.004418,27.28
2005-04-22,-0.002933,27.2
2005-04-25,0.015809,27.63
2005-04-26,-0.00181,27.58
2005-04-27,0.011603,27.9
2005-04-28,-0.015054,27.48
2005-04-29,0.015284,27.9
2005-05-02,0.02043,28.47
2005-05-03,-0.001756,28.42
2005-05-04,0.019704,28.98
2005-05-05,-0.007936,28.75
2005-05-06,-0.011478,28.42
2005-05-09,0.006334,28.6
2005-05-10,-0.007343,28.39
2005-05-11,0.00634,28.57
2005-05-12,-0.00805,28.34
2005-05-13,-0.00247,28.27
2005-05-16,0.020163,28.84
2005-05-17,0.005895,29.01
2005-05-18,0.025853,29.76
2005-05-19,-0.000672,29.74
2005-05-20,0.000336,29.75
2005-05-23,-0.004706,29.61
2005-05-24,-0.008105,29.37
2005-05-25,-0.001021,29.34
2005-05-26,0.003749,29.45
2005-05-27,0.002716,29.53
2005-05-31,-0.006773,29.33
2005-06-01,0.007501,29.55
2005-06-02,-0.003384,29.45
2005-06-03,-0.006112,29.27
2005-06-06,0.002733,29.35
2005-06-07,-0.010903,29.03
2005-06-08,0.004478,29.16
2005-06-09,0.003086,29.25
2005-06-10,-0.005128,29.1
2005-06-13,0.004467,29.23
2005-06-14,-0.000342,29.22
2005-06-15,0.008898,29.48
2005-06-16,0.001357,29.52
2005-06-17,0.0,29.52
2005-06-20,-0.006775,29.32
2005-06-21,-0.00307,29.23
2005-06-22,0.005474,29.39
2005-06-23,-0.016672,28.9
2005-06-24,0.008304,29.14
2005-06-27,0.005491,29.3
2005-06-28,0.008532,29.25
2005-06-29,0.004103,29.37
2005-06-30,-0.005788,29.2
2005-07-01,-0.005137,29.05
2005-07-05,0.00654,29.24
2005-07-06,-0.011628,28.9
2005-07-07,0.002768,28.98
2005-07-08,0.010007,29.27
2005-07-11,0.008541,29.52
2005-07-12,0.004743,29.66
2005-07-13,0.00472,29.8
2005-07-14,0.004362,29.93
2005-07-15,0.023722,30.64
2005-07-18,-0.016645,30.13
2005-07-19,0.008297,30.38
2005-07-20,0.0,30.38
2005-07-21,-0.001646,30.33
2005-07-22,0.008572,30.59
2005-07-25,-0.005884,30.41
2005-07-26,-0.002631,30.33
2005-07-27,-0.000989,30.3
2005-07-28,0.00066,30.32
2005-07-29,-0.008575,30.06
2005-08-01,-0.005323,29.9
2005-08-02,0.003679,30.01
2005-08-03,0.001,30.04
2005-08-04,-0.008655,29.78
2005-08-05,-0.004365,29.65
2005-08-08,0.002698,29.73
2005-08-09,0.010764,30.05
2005-08-10,0.001997,30.11
2005-08-11,-0.001993,30.05
2005-08-12,0.005657,30.22
2005-08-15,0.005295,30.38
2005-08-16,-0.012837,29.99
2005-08-17,-0.005002,29.84
2005-08-18,0.0,29.84
2005-08-19,0.002011,29.9
2005-08-22,0.005351,30.06
2005-08-23,-0.010978,29.73
2005-08-24,-0.013118,29.34
2005-08-25,0.003067,29.43
2005-08-26,-0.010873,29.11
2005-08-29,0.004122,29.23
2005-08-30,-0.008553,28.98
2005-08-31,0.008282,29.22
2005-09-01,0.022587,29.88
2005-09-02,-0.004351,29.75
2005-09-06,0.007395,29.97
2005-09-07,-0.004004,29.85
2005-09-08,-0.009715,29.56
2005-09-09,0.010825,29.88
2005-09-12,-0.002343,29.81
2005-09-13,-0.00369,29.7
2005-09-14,-0.002357,29.63
2005-09-15,-0.000675,29.61
2005-09-16,0.011483,29.95
2005-09-19,-0.015025,29.5
2005-09-20,-0.004746,29.36
2005-09-21,-0.017371,28.85
2005-09-22,0.00312,28.94
2005-09-23,0.005183,29.09
2005-09-26,-0.007906,28.86
2005-09-27,-0.000693,28.84
2005-09-28,-0.008322,28.3
2005-09-29,0.00106,28.33
2005-09-30,-0.008825,28.08
2005-10-03,-0.007479,27.87
2005-10-04,-0.010764,27.57
2005-10-05,0.004715,27.7
2005-10-06,0.005776,27.86
2005-10-07,0.000718,27.88
2005-10-10,-0.00825,27.65
2005-10-11,0.0,27.65
2005-10-12,0.003617,27.75
2005-10-13,0.011171,28.06
2005-10-14,-0.003564,27.96
2005-10-17,-0.010372,27.67
2005-10-18,-0.001807,27.62
2005-10-19,0.039826,28.72
2005-10-20,-0.012187,28.37
2005-10-21,0.019739,28.93
2005-10-24,0.004494,29.06
2005-10-25,-0.002753,28.98
2005-10-26,0.007591,29.2
2005-10-27,-0.010959,28.88
2005-10-28,0.023892,29.57
2005-10-31,0.000338,29.58
2005-11-01,-0.007437,29.36
2005-11-02,-0.007153,29.15
2005-11-03,-0.012007,28.8
2005-11-04,-0.003819,28.69
2005-11-07,0.013942,29.09
2005-11-08,0.003781,29.2
2005-11-09,0.014726,29.63
2005-11-10,0.0189,30.19
2005-11-11,0.005962,30.37
2005-11-14,-0.010537,30.05
2005-11-15,-0.001997,29.99
2005-11-16,-0.007669,29.76
2005-11-17,0.007056,29.97
2005-11-18,0.001001,30.0
2005-11-21,0.01,30.3
2005-11-22,0.010231,30.61
2005-11-23,-0.000327,30.6
2005-11-25,0.003922,30.72
2005-11-28,0.001953,30.78
2005-11-29,0.003574,30.89
2005-11-30,-0.019747,30.28
2005-12-01,0.000991,30.31
2005-12-02,0.005609,30.48
2005-12-05,0.007546,30.71
2005-12-06,-0.005536,30.54
2005-12-07,-0.015062,30.08
2005-12-08,-0.003657,29.97
2005-12-09,0.005672,30.14
2005-12-12,-0.007299,29.92
2005-12-13,0.02139,30.56
2005-12-14,0.003272,30.66
2005-12-15,0.003914,30.78
2005-12-16,0.004548,30.92
2005-12-19,-0.017465,30.38
2005-12-20,0.001317,30.42
2005-12-21,0.004273,30.55
2005-12-22,0.011129,30.89
2005-12-23,0.000324,30.9
2005-12-27,-0.000647,30.88
2005-12-28,-0.007448,30.32
2005-12-29,-0.006267,30.13
2005-12-30,-0.007965,29.89
2006-01-03,0.013048,30.28
2006-01-04,0.003633,30.39
2006-01-05,0.004936,30.54
2006-01-06,0.007859,30.78
2006-01-09,0.000325,30.79
2006-01-10,-0.004547,30.65
2006-01-11,-0.004241,30.52
2006-01-12,-0.00426,30.39
2006-01-13,0.006581,30.59
2006-01-17,-0.018307,30.03
2006-01-18,-0.00333,29.93
2006-01-19,-0.009689,29.64
2006-01-20,-0.02058,29.03
2006-01-23,0.004478,29.16
2006-01-24,0.000686,29.18
2006-01-25,-0.000343,29.17
2006-01-26,0.015084,29.61
2006-01-27,0.005404,29.77
2006-01-30,-0.002687,29.69
2006-01-31,0.00741,29.91
2006-02-01,-0.002675,29.83
2006-02-02,-0.010392,29.52
2006-02-03,-0.007453,29.3
2006-02-06,0.003754,29.41
2006-02-07,-0.00204,29.35
2006-02-08,0.007496,29.57
2006-02-09,0.001691,29.62
2006-02-10,0.011479,29.96
2006-02-13,-0.000668,29.94
2006-02-14,0.008016,30.18
2006-02-15,0.004639,30.32
2006-02-16,0.004288,30.45
2006-02-17,0.000657,30.47
2006-02-21,-0.008205,30.22
2006-02-22,0.018862,30.79
2006-02-23,0.004222,30.92
2006-02-24,0.000323,30.93
2006-02-27,0.006143,31.12
2006-02-28,-0.006748,30.91
2006-03-01,0.004529,31.05
2006-03-02,-0.011272,30.7
2006-03-03,-0.009772,30.4
2006-03-06,-0.002303,30.33
2006-03-07,0.005275,30.49
2006-03-08,0.002296,30.56
2006-03-09,-0.003927,30.44
2006-03-10,0.007884,30.68
2006-03-13,-0.007171,30.46
2006-03-14,0.013132,30.86
2006-03-15,0.005185,31.02
2006-03-16,0.002257,31.09
2006-03-17,0.002252,31.16
2006-03-20,-0.002567,31.08
2006-03-21,0.000644,31.1
2006-03-22,0.002894,31.19
2006-03-23,-0.008015,30.94
2006-03-24,-0.001293,30.9
2006-03-27,0.000324,30.91
2006-03-28,-0.006147,30.72
2006-03-29,0.013021,30.79
2006-03-30,-0.006171,30.6
2006-03-31,-0.003268,30.5
2006-04-03,0.000656,30.52
2006-04-04,0.002621,30.6
2006-04-05,0.006536,30.8
2006-04-06,0.000649,30.82
2006-04-07,-0.010383,30.5
2006-04-10,-0.000984,30.47
2006-04-11,-0.002954,30.38
2006-04-12,-0.001646,30.33
2006-04-13,0.002967,30.42
2006-04-17,-0.001315,30.38
2006-04-18,0.005596,30.55
2006-04-19,-0.001637,30.5
2006-04-20,0.003279,30.6
2006-04-21,-0.002288,30.53
2006-04-24,-0.000983,30.5
2006-04-25,-0.003607,30.39
2006-04-26,0.006581,30.59
2006-04-27,0.012749,30.98
2006-04-28,0.014848,31.44
2006-05-01,-0.015585,30.95
2006-05-02,0.003877,31.07
2006-05-03,-0.000644,31.05
2006-05-04,0.006119,31.24
2006-05-05,0.003841,31.36
2006-05-08,0.0,31.36
2006-05-09,0.006378,31.56
2006-05-10,0.008238,31.82
2006-05-11,-0.003457,31.71
2006-05-12,-0.010722,31.37
2006-05-15,0.004144,31.5
2006-05-16,0.001905,31.56
2006-05-17,-0.011407,31.2
2006-05-18,-0.011218,30.85
2006-05-19,0.008104,31.1
2006-05-22,0.000643,31.12
2006-05-23,-0.002571,31.04
2006-05-24,-0.001933,30.98
2006-05-25,-0.002582,30.9
2006-05-26,0.004207,31.03
2006-05-30,-0.008701,30.76
2006-05-31,0.003576,30.87
2006-06-01,0.014253,31.31
2006-06-02,0.011817,31.68
2006-06-05,-0.013258,31.26
2006-06-06,0.00064,31.28
2006-06-07,0.008951,31.56
2006-06-08,0.000634,31.58
2006-06-09,0.0,31.58
2006-06-12,-0.002217,31.51
2006-06-13,-0.003491,31.4
2006-06-14,-0.009554,31.1
2006-06-15,0.006431,31.3
2006-06-16,-0.000639,31.28
2006-06-19,-0.001918,31.22
2006-06-20,-0.002883,31.13
2006-06-21,0.00257,31.21
2006-06-22,-0.001602,31.16
2006-06-23,-0.004493,31.02
2006-06-26,0.005158,31.18
2006-06-27,-0.005773,31.0
2006-06-28,0.003871,30.79
2006-06-29,0.006171,30.98
2006-06-30,-0.003228,30.88
2006-07-03,0.00842,31.14
2006-07-05,-0.003854,31.02
2006-07-06,0.003546,31.13
2006-07-07,-0.004497,30.99
2006-07-10,0.00484,31.14
2006-07-11,0.000963,31.17
2006-07-12,-0.006096,30.98
2006-07-13,-0.008715,30.71
2006-07-14,0.001954,30.77
2006-07-17,0.008125,31.02
2006-07-18,0.001934,31.08
2006-07-19,0.015122,31.55
2006-07-20,0.006022,31.74
2006-07-21,0.002205,31.81
2006-07-24,0.005659,31.99
2006-07-25,-0.003126,31.89
2006-07-26,-0.000314,31.88
2006-07-27,-0.007215,31.65
2006-07-28,0.011059,32.0
2006-07-31,0.0,32.0
2006-08-01,-0.003125,31.9
2006-08-02,0.000627,31.92
2006-08-03,0.007832,32.17
2006-08-04,0.004352,32.31
2006-08-07,-0.00031,32.3
2006-08-08,-0.001238,32.26
2006-08-09,-0.00434,32.12
2006-08-10,-0.000311,32.11
2006-08-11,-0.00654,31.9
2006-08-14,0.002821,31.99
2006-08-15,0.009378,32.29
2006-08-16,0.003407,32.4
2006-08-17,0.002778,32.49
2006-08-18,0.000308,32.5
2006-08-21,-0.005231,32.33
2006-08-22,0.002784,32.42
2006-08-23,-0.005861,32.23
2006-08-24,0.006205,32.43
2006-08-25,-0.009559,32.12
2006-08-28,-0.000623,32.1
2006-08-29,-0.003115,32.0
2006-08-30,-0.002813,31.91
2006-08-31,0.005014,32.07
2006-09-01,-0.000624,32.05
2006-09-05,0.002184,32.12
2006-09-06,0.003736,32.24
2006-09-07,-0.006514,32.03
2006-09-08,0.004995,32.19
2006-09-11,0.007145,32.42
2006-09-12,0.013263,32.85
2006-09-13,-0.001218,32.81
2006-09-14,0.005791,33.0
2006-09-15,0.007879,33.26
2006-09-18,-0.005111,33.09
2006-09-19,-0.001511,33.04
2006-09-20,0.003329,33.15
2006-09-21,-0.000603,33.13
2006-09-22,0.000302,33.14
2006-09-25,0.003621,33.26
2006-09-26,0.000301,33.27
2006-09-27,0.007214,33.18
2006-09-28,0.003617,33.3
2006-09-29,-0.002402,33.22
2006-10-02,-0.004214,33.08
2006-10-03,0.005744,33.27
2006-10-04,0.004809,33.43
2006-10-05,0.007777,33.69
2006-10-06,-0.000594,33.67
2006-10-09,0.001782,33.73
2006-10-10,-0.005633,33.54
2006-10-11,0.009541,33.86
2006-10-12,0.000295,33.87
2006-10-13,-0.003248,33.76
2006-10-16,-0.005035,33.59
2006-10-17,-0.01042,33.24
2006-10-18,0.000301,33.25
2006-10-19,0.005414,33.43
2006-10-20,0.0,33.43
2006-10-23,0.007179,33.67
2006-10-24,0.003267,33.78
2006-10-25,0.005625,33.97
2006-10-26,0.002649,34.06
2006-10-27,-0.001762,34.0
2006-10-30,0.0,34.0
2006-10-31,-0.004706,33.84
2006-11-01,-0.003842,33.71
2006-11-02,0.000297,33.72
2006-11-03,-0.004448,33.57
2006-11-06,0.00417,33.71
2006-11-07,0.002967,33.81
2006-11-08,0.002366,33.89
2006-11-09,-0.00118,33.85
2006-11-10,-0.005613,33.66
2006-11-13,0.001188,33.7
2006-11-14,0.000593,33.72
2006-11-15,-0.00089,33.69
2006-11-16,0.008311,33.97
2006-11-17,-0.001766,33.91
2006-11-20,0.002949,34.01
2006-11-21,-0.002646,33.92
2006-11-22,-0.003832,33.79
2006-11-24,-0.002072,33.72
2006-11-27,-0.007414,33.47
2006-11-28,-0.00239,33.39
2006-11-29,0.011381,33.77
2006-11-30,-0.00385,33.64
2006-12-01,0.000595,33.66
2006-12-04,0.006536,33.88
2006-12-05,0.003542,34.0
2006-12-06,0.005882,34.2
2006-12-07,-0.003509,34.08
2006-12-08,-0.003521,33.96
2006-12-11,0.001178,34.0
2006-12-12,0.011177,34.38
2006-12-13,0.034904,35.58
2006-12-14,0.00787,35.86
2006-12-15,-0.001952,35.79
2006-12-18,0.004471,35.95
2006-12-19,0.004729,36.12
2006-12-20,0.009413,36.46
2006-12-21,-0.000823,36.43
2006-12-22,0.006039,36.65
2006-12-26,0.001091,36.69
2006-12-27,0.002453,36.38
2006-12-28,-0.001924,36.31
2006-12-29,-0.003305,36.19
2007-01-03,-0.000553,36.17
2007-01-04,0.000829,36.2
2007-01-05,-0.011879,35.77
2007-01-08,-0.003355,35.65
2007-01-09,-0.000561,35.63
2007-01-10,-0.000561,35.61
2007-01-11,-0.002808,35.51
2007-01-12,0.001126,35.55
2007-01-16,0.005626,35.75
2007-01-17,0.00028,35.76
2007-01-18,-0.005313,35.57
2007-01-19,-0.003093,35.46
2007-01-22,-0.004794,35.29
2007-01-23,0.003117,35.4
2007-01-24,0.00339,35.52
2007-01-25,-0.007038,35.27
2007-01-26,0.007655,35.54
2007-01-29,-0.004502,35.38
2007-01-30,-0.001413,35.33
2007-01-31,0.007642,35.6
2007-02-01,-0.000281,35.59
2007-02-02,0.006182,35.81
2007-02-05,-0.002513,35.72
2007-02-06,0.008399,36.02
2007-02-07,-0.000278,36.01
2007-02-08,-0.002222,35.93
2007-02-09,-0.002505,35.84
2007-02-12,0.005022,36.02
2007-02-13,0.006385,36.25
2007-02-14,-0.001379,36.2
2007-02-15,0.004144,36.35
2007-02-16,0.007428,36.62
2007-02-20,0.001638,36.68
2007-02-21,-0.001363,36.63
2007-02-22,0.000273,36.64
2007-02-23,-0.002456,36.55
2007-02-26,-0.00301,36.44
2007-02-27,-0.022777,35.61
2007-02-28,0.001404,35.66
2007-03-01,-0.002524,35.57
2007-03-02,-0.00506,35.39
2007-03-05,-0.007064,35.14
2007-03-06,0.013375,35.61
2007-03-07,-0.003931,35.47
2007-03-08,0.002255,35.55
2007-03-09,-0.000563,35.53
2007-03-12,0.003659,35.66
2007-03-13,-0.018508,35.0
2007-03-14,-0.002857,34.9
2007-03-15,0.008596,35.2
2007-03-16,-0.002841,35.1
2007-03-19,0.009117,35.42
2007-03-20,0.004517,35.58
2007-03-21,0.012648,36.03
2007-03-22,-0.000833,36.0
2007-03-23,-0.0025,35.91
2007-03-26,0.002785,36.01
2007-03-27,-0.011386,35.6
2007-03-28,-0.012079,34.77
2007-03-29,0.006902,35.01
2007-03-30,-0.001142,34.97
2007-04-02,-0.008579,34.67
2007-04-03,0.010384,35.03
2007-04-04,-0.00942,34.7
2007-04-05,0.000576,34.72
2007-04-09,-0.001152,34.68
2007-04-10,0.00346,34.8
2007-04-11,-0.009195,34.48
2007-04-12,-0.00203,34.41
2007-04-13,0.001744,34.47
2007-04-16,0.012475,34.9
2007-04-17,-0.009742,34.56
2007-04-18,-0.00463,34.4
2007-04-19,-0.002035,34.33
2007-04-20,0.006408,34.55
2007-04-23,-0.006078,34.34
2007-04-24,-0.006115,34.13
2007-04-25,0.012892,34.57
2007-04-26,-0.000579,34.55
2007-04-27,0.0,34.55
2007-04-30,-0.005789,34.35
2007-05-01,0.001165,34.39
2007-05-02,0.003199,34.5
2007-05-03,-0.004348,34.35
2007-05-04,0.004076,34.49
2007-05-07,0.003769,34.62
2007-05-08,0.000289,34.63
2007-05-09,0.005198,34.81
2007-05-10,-0.011778,34.4
2007-05-11,0.007558,34.66
2007-05-14,-0.007213,34.41
2007-05-15,0.003778,34.54
2007-05-16,0.001158,34.58
2007-05-17,-0.001157,34.54
2007-05-18,0.006948,34.78
2007-05-21,-0.00575,34.58
2007-05-22,-0.004627,34.42
2007-05-23,-0.001453,34.37
2007-05-24,-0.005528,34.18
2007-05-25,0.006144,34.39
2007-05-29,0.002326,34.47
2007-05-30,0.006963,34.71
2007-05-31,-0.003745,34.58
2007-06-01,0.001446,34.63
2007-06-04,-0.003465,34.51
2007-06-05,-0.00029,34.5
2007-06-06,-0.005507,34.31
2007-06-07,-0.008161,34.03
2007-06-08,0.005289,34.21
2007-06-11,0.002631,34.3
2007-06-12,-0.01312,33.85
2007-06-13,0.008863,34.15
2007-06-14,-0.006149,33.94
2007-06-15,0.005303,34.12
2007-06-18,0.002345,34.2
2007-06-19,0.005556,34.39
2007-06-20,-0.012504,33.96
2007-06-21,-0.004711,33.8
2007-06-22,-0.011243,33.42
2007-06-25,-0.000898,33.39
2007-06-26,0.003294,33.5
2007-06-27,0.008358,33.38
2007-06-28,-0.005392,33.2
2007-06-29,-0.00753,32.95
2007-07-02,0.007284,33.19
2007-07-03,0.00934,33.5
2007-07-05,-0.003582,33.38
2007-07-06,0.0003,33.39
2007-07-09,-0.001198,33.35
2007-07-10,-0.015292,32.84
2007-07-11,-0.00335,32.73
2007-07-12,0.012221,33.13
2007-07-13,0.001509,33.18
2007-07-16,0.000603,33.2
2007-07-17,-0.00994,32.87
2007-07-18,-0.011865,32.48
2007-07-19,-0.004618,32.33
2007-07-20,-0.01361,31.89
2007-07-23,-0.00439,31.75
2007-07-24,-0.026772,30.9
2007-07-25,0.007767,31.14
2007-07-26,-0.021837,30.46
2007-07-27,-0.01543,29.99
2007-07-30,0.019006,30.56
2007-07-31,-0.019961,29.95
2007-08-01,0.017696,30.48
2007-08-02,-0.002625,30.4
2007-08-03,-0.0375,29.26
2007-08-06,0.063568,31.12
2007-08-07,0.003856,31.24
2007-08-08,-0.007682,31.0
2007-08-09,-0.036129,29.88
2007-08-10,0.002677,29.96
2007-08-13,-0.00534,29.8
2007-08-14,-0.008389,29.55
2007-08-15,0.004399,29.68
2007-08-16,0.058962,31.43
2007-08-17,0.043907,32.81
2007-08-20,-0.006096,32.61
2007-08-21,0.002147,32.68
2007-08-22,0.008874,32.97
2007-08-23,-0.004853,32.81
2007-08-24,0.007315,33.05
2007-08-27,-0.006051,32.85
2007-08-28,-0.031963,31.8
2007-08-29,0.016038,32.31
2007-08-30,-0.003714,32.19
2007-08-31,0.00497,32.35
2007-09-04,-0.003091,32.25
2007-09-05,-0.018915,31.64
2007-09-06,0.005689,31.82
2007-09-07,-0.011314,31.46
2007-09-10,-0.004132,31.33
2007-09-11,0.01181,31.7
2007-09-12,0.004416,31.84
2007-09-13,0.011307,32.2
2007-09-14,0.002174,32.27
2007-09-17,0.00062,32.29
2007-09-18,0.041189,33.62
2007-09-19,0.010708,33.98
2007-09-20,-0.017657,33.38
2007-09-21,-0.008388,33.1
2007-09-24,-0.005438,32.92
2007-09-25,-0.001823,32.86
2007-09-26,-0.004261,32.32
2007-09-27,0.012376,32.72
2007-09-28,-0.005807,32.53
2007-10-01,0.0249,33.34
2007-10-02,0.006299,33.55
2007-10-03,-0.001788,33.49
2007-10-04,0.000299,33.5
2007-10-05,0.006269,33.71
2007-10-08,-0.008306,33.43
2007-10-09,0.001197,33.47
2007-10-10,-0.013146,33.03
2007-10-11,-0.006661,32.81
2007-10-12,0.002133,32.88
2007-10-15,-0.011253,32.51
2007-10-16,-0.004922,32.35
2007-10-17,0.007728,32.6
2007-10-18,-0.013497,32.16
2007-10-19,-0.027674,31.27
2007-10-22,0.007355,31.5
2007-10-23,0.006349,31.7
2007-10-24,-0.007571,31.46
2007-10-25,0.002543,31.54
2007-10-26,0.026633,32.38
2007-10-29,0.004015,32.51
2007-10-30,0.005844,32.7
2007-10-31,0.014067,33.16
2007-11-01,-0.044331,31.69
2007-11-02,-0.012307,31.3
2007-11-05,-0.001917,31.24
2007-11-06,0.019206,31.84
2007-11-07,-0.041771,30.51
2007-11-08,0.024254,31.25
2007-11-09,-0.01056,30.92
2007-11-12,0.010349,31.24
2007-11-13,0.038412,32.44
2007-11-14,-0.002774,32.35
2007-11-15,-0.023184,31.6
2007-11-16,-0.00538,31.43
2007-11-19,-0.014954,30.96
2007-11-20,0.000323,30.97
2007-11-21,-0.015499,30.49
2007-11-23,0.023614,31.21
2007-11-26,-0.022749,30.5
2007-11-27,0.018361,31.06
2007-11-28,0.04926,32.59
2007-11-29,0.002148,32.66
2007-11-30,0.013166,33.09
2007-12-03,-0.004835,32.93
2007-12-04,-0.013969,32.47
2007-12-05,0.005236,32.64
2007-12-06,0.015319,33.14
2007-12-07,-0.008449,32.86
2007-12-10,0.021911,33.58
2007-12-11,-0.021739,32.85
2007-12-12,0.010655,33.2
2007-12-13,0.000602,33.22
2007-12-14,-0.016255,32.68
2007-12-17,-0.026622,31.81
2007-12-18,-0.005973,31.62
2007-12-19,-0.000949,31.59
2007-12-20,0.000317,31.6
2007-12-21,0.021519,32.28
2007-12-24,0.008055,32.54
2007-12-26,0.0,32.54
2007-12-27,-0.015827,31.6
2007-12-28,0.006646,31.81
2007-12-31,-0.002201,31.74
2008-01-02,-0.017643,31.18
2008-01-03,-0.027261,30.33
2008-01-04,-0.029344,29.44
2008-01-07,0.009171,29.71
2008-01-08,-0.042747,28.44
2008-01-09,0.020394,29.02
2008-01-10,0.032736,29.97
2008-01-11,-0.004004,29.85
2008-01-14,0.015745,30.32
2008-01-15,0.003298,30.42
2008-01-16,0.020381,31.04
2008-01-17,-0.026418,30.22
2008-01-18,-0.000993,30.19
2008-01-22,0.016562,30.69
2008-01-23,0.065494,32.7
2008-01-24,0.02263,33.44
2008-01-25,-0.014354,32.96
2008-01-28,0.020328,33.63
2008-01-29,0.008623,33.92
2008-01-30,-0.009729,33.59
2008-01-31,0.010718,33.95
2008-02-01,0.001473,34.0
2008-02-04,-0.028529,33.03
2008-02-05,-0.029367,32.06
2008-02-06,0.000936,32.09
2008-02-07,0.016516,32.62
2008-02-08,-0.008584,32.34
2008-02-11,-0.00773,32.09
2008-02-12,0.019009,32.7
2008-02-13,0.007339,32.94
2008-02-14,-0.015179,32.44
2008-02-15,0.007398,32.68
2008-02-19,-0.008262,32.41
2008-02-20,0.008948,32.7
2008-02-21,-0.014679,32.22
2008-02-22,0.021415,32.91
2008-02-25,0.004558,33.06
2008-02-26,0.005747,33.25
2008-02-27,0.006917,33.48
2008-02-28,-0.019713,32.82
2008-02-29,-0.024375,32.02
2008-03-03,-0.002186,31.95
2008-03-04,-0.003756,31.83
2008-03-05,-0.001571,31.78
2008-03-06,-0.021397,31.1
2008-03-07,-0.007074,30.88
2008-03-10,-0.009391,30.59
2008-03-11,0.07388,32.85
2008-03-12,-0.016134,32.32
2008-03-13,0.010829,32.67
2008-03-14,-0.03367,31.57
2008-03-17,0.032309,32.59
2008-03-18,0.032218,33.64
2008-03-19,-0.021106,32.93
2008-03-20,0.048284,34.52
2008-03-24,0.004345,34.67
2008-03-25,0.004038,34.81
2008-03-26,-0.026142,33.9
2008-03-27,-0.011652,33.08
2008-03-28,-0.012697,32.66
2008-03-31,-0.009186,32.36
2008-04-01,0.050989,34.01
2008-04-02,-0.013231,33.56
2008-04-03,0.007449,33.81
2008-04-04,-0.018042,33.2
2008-04-07,0.0,33.2
2008-04-08,-0.012349,32.79
2008-04-09,-0.010369,32.45
2008-04-10,0.015408,32.95
2008-04-11,-0.010015,32.62
2008-04-14,-0.029123,31.67
2008-04-15,0.017051,32.21
2008-04-16,0.027631,33.1
2008-04-17,0.007855,33.36
2008-04-18,0.005995,33.56
2008-04-21,-0.008641,33.27
2008-04-22,0.003907,33.4
2008-04-23,0.000599,33.42
2008-04-24,0.031418,34.47
2008-04-25,0.012185,34.89
2008-04-28,-0.006879,34.65
2008-04-29,-0.010967,34.27
2008-04-30,-0.011088,33.89
2008-05-01,0.030688,34.93
2008-05-02,-0.009448,34.6
2008-05-05,-0.004046,34.46
2008-05-06,-0.003192,34.35
2008-05-07,-0.018923,33.7
2008-05-08,-0.005638,33.51
2008-05-09,0.001194,33.55
2008-05-12,0.019374,34.2
2008-05-13,-0.00614,33.99
2008-05-14,0.00912,34.3
2008-05-15,0.002916,34.4
2008-05-16,-0.014244,33.91
2008-05-19,0.00059,33.93
2008-05-20,-0.018568,33.3
2008-05-21,-0.010811,32.94
2008-05-22,0.009108,33.24
2008-05-23,-0.016847,32.68
2008-05-27,0.007344,32.92
2008-05-28,-0.000911,32.89
2008-05-29,0.011858,33.28
2008-05-30,-0.002704,33.19
2008-06-02,-0.012654,32.77
2008-06-03,0.002136,32.84
2008-06-04,0.0,32.84
2008-06-05,0.020707,33.52
2008-06-06,-0.043258,32.07
2008-06-09,-0.034924,30.95
2008-06-10,0.009047,31.23
2008-06-11,-0.021774,30.55
2008-06-12,0.018658,31.12
2008-06-13,-0.009319,30.83
2008-06-16,0.01784,31.38
2008-06-17,-0.022626,30.67
2008-06-18,-0.021519,30.01
2008-06-19,-0.002999,29.92
2008-06-20,-0.008356,29.67
2008-06-23,-0.025952,28.9
2008-06-24,0.03564,29.93
2008-06-25,0.000334,29.94
2008-06-26,-0.028891,28.65
2008-06-27,-0.011867,28.31
2008-06-30,-0.014836,27.89
2008-07-01,0.018286,28.4
2008-07-02,-0.010563,28.1
2008-07-03,-0.015303,27.67
2008-07-07,-0.027467,26.91
2008-07-08,0.041992,28.04
2008-07-09,-0.055278,26.49
2008-07-10,-0.010193,26.22
2008-07-11,-0.018307,25.74
2008-07-14,-0.093629,23.33
2008-07-15,-0.027004,22.7
2008-07-16,0.177974,26.74
2008-07-17,0.029918,27.54
2008-07-18,0.030864,28.39
2008-07-21,-0.040155,27.25
2008-07-22,0.114862,30.38
2008-07-23,0.007242,30.6
2008-07-24,-0.051307,29.03
2008-07-25,-0.004478,28.9
2008-07-28,-0.036332,27.85
2008-07-29,0.077917,30.02
2008-07-30,0.033644,31.03
2008-07-31,-0.013535,30.61
2008-08-01,0.006207,30.8
2008-08-04,-0.010714,30.47
2008-08-05,0.047916,31.93
2008-08-06,-0.003445,31.82
2008-08-07,-0.043683,30.43
2008-08-08,0.033848,31.46
2008-08-11,0.016529,31.98
2008-08-12,-0.046592,30.49
2008-08-13,-0.014759,30.04
2008-08-14,0.020306,30.65
2008-08-15,0.030343,31.58
2008-08-18,-0.028816,30.67
2008-08-19,-0.040756,29.42
2008-08-20,0.03433,30.43
2008-08-21,-0.008873,30.16
2008-08-22,0.04244,31.44
2008-08-25,-0.038486,30.23
2008-08-26,0.007939,30.47
2008-08-27,0.019363,31.06
2008-08-28,0.034128,32.12
2008-08-29,-0.008095,31.86
2008-09-02,0.016008,32.37
2008-09-03,0.017918,32.95
2008-09-04,-0.039454,31.65
2008-09-05,0.034439,32.74
2008-09-08,0.036652,33.94
2008-09-09,-0.055392,32.06
2008-09-10,-0.00655,31.85
2008-09-11,0.056201,33.64
2008-09-12,0.005648,33.83
2008-09-15,-0.023943,33.02
2008-09-16,0.068141,35.27
2008-09-17,-0.054721,33.34
2008-09-18,0.102879,36.77
2008-09-19,0.033179,37.99
2008-09-22,-0.078705,35.0
2008-09-23,-0.028286,34.01
2008-09-24,-0.004704,33.85
2008-09-25,0.043132,35.31
2008-09-26,0.037242,36.2
2008-09-29,-0.095304,32.75
2008-09-30,0.099847,36.02
2008-10-01,0.018323,36.68
2008-10-02,-0.010087,36.31
2008-10-03,-0.034426,35.06
2008-10-06,-0.007416,34.8
2008-10-07,-0.086207,31.8
2008-10-08,-0.030503,30.83
2008-10-09,-0.061628,28.93
2008-10-10,0.04943,30.36
2008-10-13,0.029315,31.25
2008-10-14,0.00672,31.46
2008-10-15,-0.042276,30.13
2008-10-16,0.02456,30.87
2008-10-17,-0.010366,30.55
2008-10-20,0.018658,31.12
2008-10-21,-0.029563,30.2
2008-10-22,-0.069205,28.11
2008-10-23,0.020278,28.68
2008-10-24,0.026848,29.45
2008-10-27,-0.021392,28.82
2008-10-28,0.069396,30.82
2008-10-29,-0.058079,29.03
2008-10-30,-0.007923,28.8
2008-10-31,0.03507,29.81
2008-11-03,0.016437,30.3
2008-11-04,0.062706,32.2
2008-11-05,-0.076708,29.73
2008-11-06,-0.057181,28.03
2008-11-07,-0.029254,27.21
2008-11-10,0.011025,27.51
2008-11-11,-0.033079,26.6
2008-11-12,-0.053759,25.17
2008-11-13,0.087803,27.38
2008-11-14,-0.039445,26.3
2008-11-17,-0.019011,25.8
2008-11-18,-0.002713,25.73
2008-11-19,-0.082005,23.62
2008-11-20,-0.063506,22.12
2008-11-21,0.018535,22.53
2008-11-24,0.11407,25.1
2008-11-25,0.005179,25.23
2008-11-26,0.048752,26.46
2008-11-28,0.019652,26.98
2008-12-01,-0.121201,23.71
2008-12-02,0.086883,25.77
2008-12-03,0.083042,27.91
2008-12-04,-0.036546,26.89
2008-12-05,0.075121,28.91
2008-12-08,0.020062,29.49
2008-12-09,-0.047135,28.1
2008-12-10,-0.015303,27.67
2008-12-11,-0.101915,24.85
2008-12-12,0.039839,25.84
2008-12-15,-0.073916,23.93
2008-12-16,0.089428,26.07
2008-12-17,-0.033372,25.2
2008-12-18,-0.026587,24.53
2008-12-19,0.013045,24.85
2008-12-22,-0.051509,23.57
2008-12-23,-0.018244,23.14
2008-12-24,0.036733,23.99
2008-12-26,0.010838,24.25
2008-12-29,-0.004742,23.71
2008-12-30,0.016871,24.11
2008-12-31,0.037329,25.01
2009-01-02,0.009596,25.25
2009-01-05,-0.049109,24.01
2009-01-06,-0.010829,23.75
2009-01-07,-0.016,23.37
2009-01-08,-0.008986,23.16
2009-01-09,-0.034974,22.35
2009-01-12,-0.029978,21.68
2009-01-13,0.023524,22.19
2009-01-14,-0.050473,21.07
2009-01-15,-0.097295,19.02
2009-01-16,-0.036803,18.32
2009-01-20,-0.162664,15.34
2009-01-21,0.048892,16.09
2009-01-22,-0.137352,13.88
2009-01-23,0.054755,14.64
2009-01-26,-0.111339,13.01
2009-01-27,0.053036,13.7
2009-01-28,0.116058,15.29
2009-01-29,-0.037279,14.72
2009-01-30,0.008152,14.84
2009-02-02,0.02965,15.28
2009-02-03,-0.076571,14.11
2009-02-04,0.004252,14.17
2009-02-05,0.057869,14.99
2009-02-06,0.080053,16.19
2009-02-09,0.032119,16.71
2009-02-10,-0.138241,14.4
2009-02-11,0.040972,14.99
2009-02-12,-0.088726,13.66
2009-02-13,-0.09224,12.4
2009-02-17,-0.134677,10.73
2009-02-18,0.027027,11.02
2009-02-19,-0.012704,10.88
2009-02-20,-0.027574,10.58
2009-02-23,0.070889,11.33
2009-02-24,0.106796,12.54
2009-02-25,0.017544,12.76
2009-02-26,0.168495,14.91
2009-02-27,-0.040241,14.31
2009-03-02,-0.084556,13.1
2009-03-03,-0.039695,12.58
2009-03-04,-0.124801,11.01
2009-03-05,-0.181653,9.01
2009-03-06,-0.021088,8.82
2009-03-09,0.155329,10.19
2009-03-10,0.118744,11.4
2009-03-11,0.089474,12.42
2009-03-12,0.107891,13.76
2009-03-13,-0.013808,13.57
2009-03-16,0.015475,13.78
2009-03-17,0.053701,14.52
2009-03-18,0.09022,15.83
2009-03-19,-0.099179,14.26
2009-03-20,-0.058906,13.42
2009-03-23,0.191505,15.99
2009-03-24,-0.062539,14.99
2009-03-25,0.06938,16.03
2009-03-26,0.039301,16.66
2009-03-27,-0.058223,15.64
2009-03-30,-0.118926,13.78
2009-03-31,0.060232,14.61
2009-04-01,0.020534,14.91
2009-04-02,0.044936,15.58
2009-04-03,0.025032,15.97
2009-04-06,-0.045711,15.24
2009-04-07,-0.053806,14.42
2009-04-08,-0.004161,14.36
2009-04-09,0.228412,17.64
2009-04-13,0.020975,18.01
2009-04-14,-0.081066,16.55
2009-04-15,0.080967,17.89
2009-04-16,0.009503,18.06
2009-04-17,0.0299,18.6
2009-04-20,-0.143011,15.94
2009-04-21,0.208908,19.27
2009-04-22,-0.084069,17.65
2009-04-23,0.040793,18.37
2009-04-24,0.032662,18.97
2009-04-27,-0.043753,18.14
2009-04-28,-0.025358,17.68
2009-04-29,0.062783,18.79
2009-04-30,-0.030335,18.22
2009-05-01,-0.01427,17.96
2009-05-04,0.132238,20.335
2009-05-05,-0.010573,20.12
2009-05-06,0.058151,21.29
2009-05-07,-0.081259,19.56
2009-05-08,0.050102,20.54
2009-05-11,-0.099318,18.5
2009-05-12,-0.032973,17.89
2009-05-13,-0.02739,17.4
2009-05-14,0.025287,17.84
2009-05-15,-0.009529,17.67
2009-05-18,0.095076,19.35
2009-05-19,-0.025323,18.86
2009-05-20,-0.020149,18.48
2009-05-21,-0.020022,18.11
2009-05-22,-0.015461,17.83
2009-05-26,0.067863,19.04
2009-05-27,-0.056723,17.96
2009-05-28,0.053452,18.92
2009-05-29,0.014799,19.2
2009-06-01,-0.015625,18.9
2009-06-02,-0.04127,18.12
2009-06-03,-0.003863,18.05
2009-06-04,0.038781,18.75
2009-06-05,-0.04,18.0
2009-06-08,0.019445,18.35
2009-06-09,-0.009264,18.18
2009-06-10,-0.0044,18.1
2009-06-11,0.014365,18.36
2009-06-12,0.011983,18.58
2009-06-15,-0.040904,17.82
2009-06-16,0.002245,17.86
2009-06-17,-0.005039,17.77
2009-06-18,0.014631,18.03
2009-06-19,-0.004437,17.95
2009-06-22,-0.048468,17.08
2009-06-23,0.020492,17.43
2009-06-24,0.018933,17.76
2009-06-25,0.001689,17.79
2009-06-26,0.015739,18.02
2009-06-29,0.009434,18.19
2009-06-30,-0.014843,17.92
2009-07-01,-0.018973,17.58
2009-07-02,-0.030717,17.04
2009-07-06,0.002934,17.09
2009-07-07,-0.009947,16.92
2009-07-08,-0.019504,16.59
2009-07-09,0.001808,16.62
2009-07-10,-0.001805,16.59
2009-07-13,0.066305,17.69
2009-07-14,-0.015263,17.42
2009-07-15,0.029851,17.94
2009-07-16,-0.001115,17.92
2009-07-17,0.002232,17.96
2009-07-20,0.018374,18.29
2009-07-21,-0.001094,18.27
2009-07-22,0.037767,18.96
2009-07-23,0.024262,19.42
2009-07-24,0.018023,19.77
2009-07-27,0.015175,20.07
2009-07-28,-0.005979,19.95
2009-07-29,-0.013534,19.68
2009-07-30,0.04065,20.48
2009-07-31,-0.003418,20.41
2009-08-03,0.022538,20.87
2009-08-04,0.03977,21.7
2009-08-05,0.05023,22.79
2009-08-06,-0.017113,22.4
2009-08-07,0.037946,23.25
2009-08-10,-0.009892,23.02
2009-08-11,-0.039965,22.1
2009-08-12,-0.00362,22.02
2009-08-13,0.024069,22.55
2009-08-14,-0.002661,22.49
2009-08-17,-0.048466,21.4
2009-08-18,0.00514,21.51
2009-08-19,0.003254,21.58
2009-08-20,0.022706,22.07
2009-08-21,0.009515,22.28
2009-08-24,-0.025135,21.72
2009-08-25,0.009208,21.92
2009-08-26,0.008668,22.11
2009-08-27,0.006332,22.25
2009-08-28,0.00809,22.43
2009-08-31,0.008471,22.62
2009-09-01,-0.061008,21.24
2009-09-02,-0.027307,20.66
2009-09-03,0.014037,20.95
2009-09-04,0.023866,21.45
2009-09-08,-0.020979,21.0
2009-09-09,0.035714,21.75
2009-09-10,-0.001379,21.72
2009-09-11,0.006446,21.86
2009-09-14,0.005489,21.98
2009-09-15,0.008644,22.17
2009-09-16,0.029319,22.82
2009-09-17,-0.016652,22.44
2009-09-18,0.01426,22.76
2009-09-21,-0.014499,22.43
2009-09-22,-0.004012,22.34
2009-09-23,-0.012086,22.07
2009-09-24,-0.007703,21.9
2009-09-25,0.007306,22.06
2009-09-28,0.009973,22.23
2009-09-29,-0.021592,21.75
2009-09-30,0.005058,21.86
2009-10-01,-0.034309,21.11
2009-10-02,0.005684,21.23
2009-10-05,0.019312,21.64
2009-10-06,0.018484,22.04
2009-10-07,0.006352,22.18
2009-10-08,0.018936,22.6
2009-10-09,0.014602,22.93
2009-10-12,0.003925,23.02
2009-10-13,-0.007385,22.85
2009-10-14,0.047702,23.94
2009-10-15,0.002924,24.01
2009-10-16,-0.02499,23.41
2009-10-19,0.017087,23.81
2009-10-20,-0.00042,23.8
2009-10-21,0.026471,24.43
2009-10-22,0.037659,25.35
2009-10-23,-0.015779,24.95
2009-10-26,-0.032064,24.15
2009-10-27,0.004141,24.25
2009-10-28,-0.029691,23.53
2009-10-29,0.028899,24.21
2009-10-30,-0.040892,23.22
2009-11-02,0.026701,23.84
2009-11-03,-0.013423,23.52
2009-11-04,-0.019133,23.07
2009-11-05,0.039445,23.98
2009-11-06,-0.010425,23.73
2009-11-09,0.03287,24.51
2009-11-10,-0.007344,24.33
2009-11-11,0.002877,24.4
2009-11-12,-0.016393,24.0
2009-11-13,-0.021667,23.48
2009-11-16,-0.004259,23.38
2009-11-17,0.011121,23.64
2009-11-18,-0.001269,23.61
2009-11-19,-0.02033,23.13
2009-11-20,0.006918,23.29
2009-11-23,0.011164,23.55
2009-11-24,0.007643,23.73
2009-11-25,-0.006743,23.57
2009-11-27,-0.026305,22.95
2009-11-30,0.051416,24.13
2009-12-01,0.008703,24.34
2009-12-02,0.003698,24.43
2009-12-03,-0.048301,23.25
2009-12-04,0.010753,23.5
2009-12-07,-0.02,23.03
2009-12-08,-0.002171,22.98
2009-12-09,-0.003481,22.9
2009-12-10,0.005677,23.03
2009-12-11,0.000868,23.05
2009-12-14,-0.000434,23.04
2009-12-15,-0.028212,22.39
2009-12-16,-0.013399,22.09
2009-12-17,-0.014034,21.78
2009-12-18,0.023875,22.3
2009-12-21,0.029596,22.96
2009-12-22,-0.007404,22.79
2009-12-23,-0.019746,22.34
2009-12-24,0.010743,22.58
2009-12-28,-0.004872,22.47
2009-12-29,-0.001335,22.39
2009-12-30,0.00268,22.45
2009-12-31,0.002673,22.51
2010-01-04,0.016437,22.88
2010-01-05,0.02535,23.46
2010-01-06,0.010656,23.71
2010-01-07,0.019401,24.17
2010-01-08,0.001655,24.21
2010-01-11,0.004544,24.32
2010-01-12,-0.000411,24.31
2010-01-13,0.016454,24.71
2010-01-14,0.025091,25.33
2010-01-15,-0.02803,24.62
2010-01-19,-0.00528,24.49
2010-01-20,0.021233,25.01
2010-01-21,0.005198,25.14
2010-01-22,-0.018695,24.67
2010-01-25,0.005675,24.81
2010-01-26,-0.020153,24.31
2010-01-27,0.03332,25.12
2010-01-28,-0.005175,24.99
2010-01-29,0.003601,25.08
2010-02-01,0.003987,25.18
2010-02-02,-0.012311,24.87
2010-02-03,-0.016486,24.46
2010-02-04,-0.033115,23.65
2010-02-05,0.013531,23.97
2010-02-08,-0.020025,23.49
2010-02-09,0.0,23.49
2010-02-10,0.005109,23.61
2010-02-11,-0.005083,23.49
2010-02-12,-0.009791,23.26
2010-02-16,0.025795,23.86
2010-02-17,-0.005448,23.73
2010-02-18,0.007585,23.91
2010-02-19,0.009619,24.14
2010-02-22,0.016984,24.55
2010-02-23,-0.011405,24.27
2010-02-24,0.021014,24.78
2010-02-25,-0.019371,24.3
2010-02-26,0.012757,24.61
2010-03-01,-0.004063,24.51
2010-03-02,0.009384,24.74
2010-03-03,-0.003638,24.65
2010-03-04,0.003651,24.74
2010-03-05,0.018593,25.2
2010-03-08,-0.008333,24.99
2010-03-09,-0.012805,24.67
2010-03-10,0.011755,24.96
2010-03-11,0.020433,25.47
2010-03-12,0.007852,25.67
2010-03-15,0.00896,25.9
2010-03-16,0.008494,26.12
2010-03-17,0.003446,26.21
2010-03-18,-0.008394,25.99
2010-03-19,0.005771,26.14
2010-03-22,0.00306,26.22
2010-03-23,0.001144,26.25
2010-03-24,-0.002286,26.19
2010-03-25,-0.000764,26.17
2010-03-26,-0.004585,26.05
2010-03-29,-0.001536,25.96
2010-03-30,-0.003852,25.86
2010-03-31,0.000773,25.88
2010-04-01,0.01391,26.24
2010-04-05,0.008765,26.47
2010-04-06,0.023045,27.08
2010-04-07,-0.014033,26.7
2010-04-08,0.016105,27.13
2010-04-09,0.001106,27.16
2010-04-12,0.012887,27.51
2010-04-13,0.000727,27.53
2010-04-14,0.026153,28.25
2010-04-15,0.000354,28.26
2010-04-16,-0.028662,27.45
2010-04-19,0.005829,27.61
2010-04-20,0.021731,28.21
2010-04-21,-0.009571,27.94
2010-04-22,-0.020401,27.37
2010-04-23,-0.002558,27.3
2010-04-26,-0.015751,26.87
2010-04-27,-0.023818,26.23
2010-04-28,0.012962,26.57
2010-04-29,0.027098,27.29
2010-04-30,-0.019055,26.77
2010-05-03,0.01681,27.22
2010-05-04,-0.026451,26.5
2010-05-05,-0.003019,26.42
2010-05-06,-0.035579,25.48
2010-05-07,-0.012951,25.15
2010-05-10,0.055268,26.54
2010-05-11,0.005275,26.68
2010-05-12,0.007496,26.88
2010-05-13,-0.018601,26.38
2010-05-14,-0.03298,25.51
2010-05-17,0.00392,25.61
2010-05-18,-0.048809,24.36
2010-05-19,-0.008621,24.15
2010-05-20,-0.038923,23.21
2010-05-21,0.033175,23.98
2010-05-24,-0.016264,23.59
2010-05-25,0.012717,23.89
2010-05-26,-0.010883,23.63
2010-05-27,0.033855,24.43
2010-05-28,-0.019239,23.96
2010-06-01,-0.027963,23.29
2010-06-02,0.030056,23.99
2010-06-03,-0.017507,23.57
2010-06-04,-0.030547,22.85
2010-06-07,-0.017068,22.46
2010-06-08,0.012467,22.74
2010-06-09,-0.007476,22.57
2010-06-10,0.04918,23.68
2010-06-11,-0.015625,23.31
2010-06-14,-0.021021,22.82
2010-06-15,0.016652,23.2
2010-06-16,-0.003448,23.12
2010-06-17,-0.002595,23.06
2010-06-18,0.022116,23.57
2010-06-21,0.004243,23.67
2010-06-22,-0.00507,23.55
2010-06-23,-0.017834,23.13
2010-06-24,-0.022482,22.61
2010-06-25,0.033171,23.36
2010-06-28,-0.008562,23.11
2010-06-29,-0.021203,22.62
2010-06-30,-0.011936,22.35
2010-07-01,-0.000895,22.33
2010-07-02,-0.020152,21.88
2010-07-06,0.007313,22.04
2010-07-07,0.040381,22.93
2010-07-08,0.013519,23.24
2010-07-09,0.02883,23.91
2010-07-12,-0.005855,23.77
2010-07-13,0.027766,24.43
2010-07-14,-0.011871,24.14
2010-07-15,0.010771,24.4
2010-07-16,-0.055635,23.0425
2010-07-19,-0.002278,22.99
2010-07-20,0.00696,23.15
2010-07-21,-0.003456,23.07
2010-07-22,0.025574,23.66
2010-07-23,0.001691,23.7
2010-07-26,0.017722,24.12
2010-07-27,0.007877,24.31
2010-07-28,-0.013986,23.97
2010-07-29,-0.001252,23.94
2010-07-30,-0.001671,23.9
2010-08-02,0.025523,24.51
2010-08-03,-0.011832,24.22
2010-08-04,-0.011974,23.93
2010-08-05,-0.010447,23.68
2010-08-06,-0.019426,23.22
2010-08-09,0.018088,23.64
2010-08-10,-0.00846,23.44
2010-08-11,-0.040956,22.48
2010-08-12,-0.001779,22.44
2010-08-13,-0.009804,22.22
2010-08-16,-0.00405,22.13
2010-08-17,0.008134,22.31
2010-08-18,0.004034,22.4
2010-08-19,-0.030357,21.72
2010-08-20,0.000921,21.74
2010-08-23,-0.00506,21.63
2010-08-24,-0.014794,21.31
2010-08-25,-0.004223,21.22
2010-08-26,-0.011781,20.97
2010-08-27,0.032904,21.66
2010-08-30,-0.04386,20.71
2010-08-31,0.004346,20.8
2010-09-01,0.048558,21.81
2010-09-02,0.014214,22.12
2010-09-03,0.024864,22.67
2010-09-07,-0.019409,22.23
2010-09-08,0.004049,22.32
2010-09-09,0.014785,22.65
2010-09-10,-0.000883,22.63
2010-09-13,0.0327,23.37
2010-09-14,-0.004707,23.26
2010-09-15,-0.025365,22.67
2010-09-16,0.001323,22.7
2010-09-17,0.004846,22.81
2010-09-20,0.020605,23.28
2010-09-21,-0.017612,22.87
2010-09-22,-0.015304,22.52
2010-09-23,-0.031084,21.82
2010-09-24,0.027039,22.41
2010-09-27,-0.024543,21.86
2010-09-28,0.000915,21.83
2010-09-29,-0.007329,21.67
2010-09-30,-0.002307,21.62
2010-10-01,0.004163,21.71
2010-10-04,-0.004145,21.62
2010-10-05,0.033303,22.34
2010-10-06,0.003133,22.41
2010-10-07,-0.002231,22.36
2010-10-08,-0.002236,22.31
2010-10-11,-0.002689,22.25
2010-10-12,0.028315,22.88
2010-10-13,-0.000874,22.86
2010-10-14,-0.012686,22.57
2010-10-15,-0.001329,22.54
2010-10-18,0.027507,23.16
2010-10-19,-0.015112,22.81
2010-10-20,0.000877,22.83
2010-10-21,0.023215,23.36
2010-10-22,0.009846,23.59
2010-10-25,-0.005087,23.47
2010-10-26,0.020026,23.94
2010-10-27,0.016708,24.34
2010-10-28,-0.006574,24.18
2010-10-29,0.000827,24.2
2010-11-01,-0.011157,23.93
2010-11-02,-0.005433,23.8
2010-11-03,0.010504,24.05
2010-11-04,0.046154,25.16
2010-11-05,0.037361,26.1
2010-11-08,-0.015326,25.7
2010-11-09,-0.019066,25.21
2010-11-10,0.0119,25.51
2010-11-11,-0.012936,25.18
2010-11-12,-0.02224,24.62
2010-11-15,0.012998,24.94
2010-11-16,-0.008821,24.72
2010-11-17,0.000405,24.73
2010-11-18,0.011322,25.01
2010-11-19,-0.005598,24.87
2010-11-22,-0.008846,24.65
2010-11-23,-0.023124,24.08
2010-11-24,0.003738,24.17
2010-11-26,-0.008275,23.97
2010-11-29,0.005423,24.1
2010-11-30,-0.013278,23.78
2010-12-01,0.018082,24.21
2010-12-02,0.022718,24.76
2010-12-03,0.0,24.76
2010-12-06,-0.004443,24.65
2010-12-07,-0.011359,24.37
2010-12-08,0.032827,25.17
2010-12-09,0.026619,25.84
2010-12-10,0.023607,26.45
2010-12-13,-0.010208,26.18
2010-12-14,-0.009167,25.94
2010-12-15,-0.005397,25.8
2010-12-16,0.011628,26.1
2010-12-17,0.003831,26.2
2010-12-20,-0.00229,26.14
2010-12-21,0.016067,26.56
2010-12-22,0.014684,26.95
2010-12-23,0.002597,27.02
2010-12-27,0.003701,27.12
2010-12-28,0.002212,27.18
2010-12-29,-0.003679,27.03
2010-12-30,-0.00333,26.94
2010-12-31,0.001114,26.97
2011-01-03,-0.001112,26.94
2011-01-04,-0.006682,26.76
2011-01-05,0.002242,26.82
2011-01-06,-0.019761,26.29
2011-01-07,-0.007607,26.09
2011-01-10,0.006133,26.25
2011-01-11,-0.007619,26.05
2011-01-12,0.024568,26.69
2011-01-13,0.002248,26.75
2011-01-14,0.023178,27.37
2011-01-18,-0.002192,27.31
2011-01-19,-0.028927,26.52
2011-01-20,0.006787,26.7
2011-01-21,0.009738,26.96
2011-01-24,-0.004451,26.84
2011-01-25,-0.002981,26.76
2011-01-26,-0.005979,26.6
2011-01-27,0.013534,26.96
2011-01-28,-0.005935,26.8
2011-01-31,0.007463,27.0
2011-02-01,0.024444,27.66
2011-02-02,-0.009761,27.39
2011-02-03,0.002921,27.47
2011-02-04,-0.00182,27.42
2011-02-07,0.019329,27.95
2011-02-08,0.00966,28.22
2011-02-09,-0.006378,28.04
2011-02-10,-0.006419,27.86
2011-02-11,0.018306,28.37
2011-02-14,0.010927,28.68
2011-02-15,-0.001046,28.65
2011-02-16,0.001745,28.7
2011-02-17,-0.011847,28.36
2011-02-18,0.007052,28.56
2011-02-22,-0.030462,27.69
2011-02-23,-0.006139,27.52
2011-02-24,-0.000727,27.5
2011-02-25,0.000727,27.52
2011-02-28,0.007631,27.73
2011-03-01,-0.021998,27.12
2011-03-02,-0.009956,26.85
2011-03-03,0.025698,27.54
2011-03-04,-0.018155,27.04
2011-03-07,-0.005178,26.9
2011-03-08,0.031599,27.75
2011-03-09,0.001802,27.8
2011-03-10,-0.022302,27.18
2011-03-11,-0.000736,27.16
2011-03-14,-0.010677,26.87
2011-03-15,-0.005955,26.71
2011-03-16,-0.020966,26.15
2011-03-17,0.007648,26.35
2011-03-18,0.011385,26.65
2011-03-21,-0.001876,26.6
2011-03-22,-0.005263,26.46
2011-03-23,-0.000378,26.45
2011-03-24,0.008696,26.68
2011-03-25,0.008995,26.92
2011-03-28,-0.001857,26.87
2011-03-29,-0.003536,26.65
2011-03-30,0.001126,26.68
2011-03-31,-0.00937,26.43
2011-04-01,0.009459,26.68
2011-04-04,-0.002999,26.6
2011-04-05,-0.003383,26.51
2011-04-06,0.014711,26.9
2011-04-07,-0.017472,26.43
2011-04-08,-0.009459,26.18
2011-04-11,-0.003438,26.09
2011-04-12,0.010349,26.36
2011-04-13,-0.014037,25.99
2011-04-14,-0.005771,25.84
2011-04-15,0.003483,25.93
2011-04-18,-0.014269,25.56
2011-04-19,-0.012128,25.25
2011-04-20,-0.016238,24.84
2011-04-21,0.01248,25.15
2011-04-25,-0.003976,25.05
2011-04-26,-0.000399,25.04
2011-04-27,0.020367,25.55
2011-04-28,-0.00274,25.48
2011-04-29,0.013344,25.82
2011-05-02,-0.005422,25.68
2011-05-03,0.005062,25.81
2011-05-04,-0.010461,25.54
2011-05-05,-0.013313,25.2
2011-05-06,-0.000397,25.19
2011-05-09,0.002382,25.25
2011-05-10,0.01703,25.68
2011-05-11,-0.019081,25.19
2011-05-12,0.005558,25.33
2011-05-13,-0.012238,25.02
2011-05-16,0.001199,25.05
2011-05-17,0.021557,25.59
2011-05-18,0.005862,25.74
2011-05-19,0.002719,25.81
2011-05-20,-0.023634,25.2
2011-05-23,-0.010714,24.93
2011-05-24,0.001203,24.96
2011-05-25,-0.002003,24.91
2011-05-26,0.001606,24.95
2011-05-27,0.018838,25.42
2011-05-31,0.007081,25.6
2011-06-01,-0.035156,24.7
2011-06-02,0.001215,24.73
2011-06-03,-0.007279,24.55
2011-06-06,-0.017923,24.11
2011-06-07,-0.010784,23.85
2011-06-08,0.005031,23.97
2011-06-09,0.018356,24.41
2011-06-10,-0.003277,24.33
2011-06-13,-0.000822,24.31
2011-06-14,0.007816,24.5
2011-06-15,-0.020816,23.99
2011-06-16,0.00917,24.21
2011-06-17,0.011566,24.49
2011-06-20,0.000408,24.5
2011-06-21,0.00898,24.72
2011-06-22,-0.010922,24.45
2011-06-23,-0.006544,24.29
2011-06-24,-0.015233,23.92
2011-06-27,0.027174,24.57
2011-06-28,0.017298,24.87
2011-06-29,0.018496,25.33
2011-06-30,0.007106,25.51
2011-07-01,0.02156,26.06
2011-07-05,-0.018035,25.59
2011-07-06,-0.011333,25.3
2011-07-07,0.012648,25.62
2011-07-08,-0.010539,25.35
2011-07-11,-0.018935,24.87
2011-07-12,0.003619,24.96
2011-07-13,0.00641,25.12
2011-07-14,-0.017118,24.69
2011-07-15,0.002025,24.74
2011-07-18,-0.01253,24.43
2011-07-19,0.02456,25.03
2011-07-20,0.044347,26.14
2011-07-21,0.033282,27.01
2011-07-22,-0.003702,26.91
2011-07-25,0.00223,26.97
2011-07-26,-0.008528,26.74
2011-07-27,-0.019447,26.22
2011-07-28,-0.004577,26.1
2011-07-29,-0.001533,26.06
2011-08-01,-0.00307,25.98
2011-08-02,-0.031948,25.15
2011-08-03,0.003181,25.23
2011-08-04,-0.042806,24.15
2011-08-05,-0.017805,23.72
2011-08-08,-0.089798,21.59
2011-08-09,0.082446,23.37
2011-08-10,-0.083012,21.43
2011-08-11,0.04713,22.44
2011-08-12,-0.023619,21.91
2011-08-15,0.037426,22.73
2011-08-16,-0.024197,22.18
2011-08-17,0.011271,22.43
2011-08-18,-0.060633,21.07
2011-08-19,-0.024205,20.56
2011-08-22,-0.01216,20.31
2011-08-23,0.059084,21.51
2011-08-24,0.033938,22.24
2011-08-25,0.004946,22.35
2011-08-26,0.003132,22.42
2011-08-29,0.033452,23.17
2011-08-30,-0.006042,23.03
2011-08-31,0.007816,23.21
2011-09-01,-0.023697,22.66
2011-09-02,-0.046337,21.61
2011-09-06,-0.015734,21.27
2011-09-07,0.066761,22.69
2011-09-08,0.007492,22.86
2011-09-09,-0.03762,22.0
2011-09-12,0.015909,22.35
2011-09-13,0.027293,22.96
2011-09-14,0.023955,23.51
2011-09-15,0.022969,24.05
2011-09-16,0.002495,24.11
2011-09-19,-0.009125,23.89
2011-09-20,0.008372,24.09
2011-09-21,-0.051059,22.86
2011-09-22,0.002187,22.91
2011-09-23,0.013095,23.21
2011-09-26,0.049548,24.36
2011-09-27,-0.011905,24.07
2011-09-28,-0.02472,23.35
2011-09-29,0.036831,24.21
2011-09-30,-0.027674,23.54
2011-10-03,-0.037808,22.65
2011-10-04,0.022517,23.16
2011-10-05,0.012522,23.45
2011-10-06,0.023454,24.0
2011-10-07,-0.027917,23.33
2011-10-10,0.048007,24.45
2011-10-11,-0.023313,23.88
2011-10-12,0.036432,24.75
2011-10-13,-0.01697,24.33
2011-10-14,0.015208,24.7
2011-10-17,-0.04413,23.61
2011-10-18,0.036849,24.48
2011-10-19,-0.014297,24.13
2011-10-20,0.032739,24.92
2011-10-21,0.01886,25.39
2011-10-24,0.007089,25.57
2011-10-25,-0.028549,24.84
2011-10-26,0.026168,25.49
2011-10-27,0.028639,26.22
2011-10-28,-0.007246,26.03
2011-10-31,-0.016904,25.59
2011-11-01,-0.041422,24.53
2011-11-02,0.031798,25.31
2011-11-03,0.011458,25.6
2011-11-04,-0.002734,25.53
2011-11-07,0.014101,25.89
2011-11-08,0.014678,26.27
2011-11-09,-0.044157,25.11
2011-11-10,0.021107,25.64
2011-11-11,0.011701,25.94
2011-11-14,-0.017733,25.48
2011-11-15,0.00157,25.52
2011-11-16,-0.003135,25.44
2011-11-17,-0.012972,25.11
2011-11-18,0.010753,25.38
2011-11-21,-0.029945,24.62
2011-11-22,0.002031,24.67
2011-11-23,-0.035671,23.79
2011-11-25,0.010088,24.03
2011-11-28,0.028714,24.72
2011-11-29,-0.00445,24.61
2011-11-30,0.05323,25.92
2011-12-01,-0.008488,25.7
2011-12-02,0.000778,25.72
2011-12-05,0.008554,25.94
2011-12-06,0.010409,26.21
2011-12-07,0.007631,26.41
2011-12-08,-0.028777,25.65
2011-12-09,0.024951,26.29
2011-12-12,-0.009509,26.04
2011-12-13,-0.011521,25.74
2011-12-14,0.001554,25.78
2011-12-15,0.000776,25.8
2011-12-16,0.007752,26.0
2011-12-19,-0.016923,25.56
2011-12-20,0.036776,26.5
2011-12-21,0.011698,26.81
2011-12-22,0.019769,27.34
2011-12-23,0.005486,27.49
2011-12-27,-0.006548,27.31
2011-12-28,-0.011168,26.88
2011-12-29,0.015625,27.3
2011-12-30,-0.009158,27.05
2012-01-03,0.019593,27.58
2012-01-04,-0.000363,27.57
2012-01-05,0.014871,27.98
2012-01-06,-0.00822,27.75
2012-01-09,0.017658,28.24
2012-01-10,0.000708,28.26
2012-01-11,0.005308,28.41
2012-01-12,0.011616,28.74
2012-01-13,0.010091,29.03
2012-01-17,-0.008956,28.77
2012-01-18,0.010775,29.08
2012-01-19,-0.017882,28.56
2012-01-20,0.006303,28.74
2012-01-23,-0.008699,28.49
2012-01-24,-0.001404,28.45
2012-01-25,0.005272,28.6
2012-01-26,-0.028322,27.79
2012-01-27,0.002519,27.86
2012-01-30,0.005384,28.01
2012-01-31,0.007497,28.22
2012-02-01,0.012048,28.56
2012-02-02,0.00035,28.57
2012-02-03,0.022051,29.2
2012-02-06,-0.00137,29.16
2012-02-07,0.009945,29.45
2012-02-08,0.006112,29.63
2012-02-09,-0.009787,29.34
2012-02-10,-0.011247,29.01
2012-02-13,0.00586,29.18
2012-02-14,-0.006169,29.0
2012-02-15,-0.012759,28.63
2012-02-16,0.015718,29.08
2012-02-17,0.009285,29.35
2012-02-21,-0.007836,29.12
2012-02-22,-0.010646,28.81
2012-02-23,0.006248,28.99
2012-02-24,-0.008969,28.73
2012-02-27,0.01984,29.3
2012-02-28,-0.004437,29.17
2012-02-29,0.007885,29.4
2012-03-01,0.010544,29.71
2012-03-02,-0.01481,29.27
2012-03-05,-0.012641,28.9
2012-03-06,-0.018339,28.37
2012-03-07,0.009517,28.64
2012-03-08,0.018156,29.16
2012-03-09,0.019204,29.72
2012-03-12,-0.001346,29.68
2012-03-13,0.044811,31.01
2012-03-14,0.015156,31.48
2012-03-15,0.006353,31.68
2012-03-16,-0.000947,31.65
2012-03-19,0.006319,31.85
2012-03-20,-0.00471,31.7
2012-03-21,-0.005047,31.54
2012-03-22,-0.00539,31.37
2012-03-23,0.01052,31.7
2012-03-26,0.012934,32.11
2012-03-27,-0.01308,31.69
2012-03-28,0.010256,31.82
2012-03-29,-0.008485,31.55
2012-03-30,0.00412,31.68
2012-04-02,0.000947,31.71
2012-04-03,-0.003784,31.59
2012-04-04,-0.008864,31.31
2012-04-05,0.001278,31.35
2012-04-09,-0.010845,31.01
2012-04-10,-0.021606,30.34
2012-04-11,0.017469,30.87
2012-04-12,0.015225,31.34
2012-04-13,-0.01404,30.9
2012-04-16,0.008414,31.16
2012-04-17,0.012516,31.55
2012-04-18,-0.007924,31.3
2012-04-19,-0.002556,31.22
2012-04-20,0.002242,31.29
2012-04-23,-0.002557,31.21
2012-04-24,0.013137,31.62
2012-04-25,0.001898,31.68
2012-04-26,0.013258,32.1
2012-04-27,0.01028,32.43
2012-04-30,-0.008017,32.17
2012-05-01,0.00373,32.29
2012-05-02,-0.007742,32.04
2012-05-03,-0.003121,31.94
2012-05-04,-0.008453,31.67
2012-05-07,0.005368,31.84
2012-05-08,-0.00848,31.57
2012-05-09,-0.003168,31.47
2012-05-10,0.013982,31.91
2012-05-11,0.009401,32.21
2012-05-14,-0.02018,31.56
2012-05-15,-0.008238,31.3
2012-05-16,-0.007668,31.06
2012-05-17,-0.0132,30.65
2012-05-18,-0.012398,30.27
2012-05-21,0.014866,30.72
2012-05-22,0.009115,31.0
2012-05-23,0.002903,31.09
2012-05-24,0.001287,31.13
2012-05-25,-0.006425,30.93
2012-05-29,0.009053,31.21
2012-05-30,-0.014739,30.75
2012-05-31,0.011707,31.11
2012-06-01,-0.048538,29.6
2012-06-04,-0.027365,28.79
2012-06-05,0.014936,29.22
2012-06-06,0.016427,29.7
2012-06-07,-0.00404,29.58
2012-06-08,0.01758,30.1
2012-06-11,-0.007641,29.87
2012-06-12,0.025444,30.63
2012-06-13,-0.002285,30.56
2012-06-14,0.014725,31.01
2012-06-15,0.018381,31.58
2012-06-18,-0.0019,31.52
2012-06-19,0.007614,31.76
2012-06-20,-0.001259,31.72
2012-06-21,-0.015448,31.23
2012-06-22,0.01569,31.72
2012-06-25,-0.017655,31.16
2012-06-26,0.004653,31.305
2012-06-27,0.010222,31.43
2012-06-28,0.000318,31.44
2012-06-29,0.022901,32.16
2012-07-02,0.008706,32.44
2012-07-03,0.004316,32.58
2012-07-05,-0.008901,32.29
2012-07-06,-0.008672,32.01
2012-07-09,0.000625,32.03
2012-07-10,-0.004059,31.9
2012-07-11,0.011912,32.28
2012-07-12,-0.008364,32.01
2012-07-13,0.021556,32.7
2012-07-16,0.002446,32.78
2012-07-17,0.005186,32.95
2012-07-18,0.016085,33.48
2012-07-19,0.009558,33.8
2012-07-20,-0.005917,33.6
2012-07-23,-0.005357,33.42
2012-07-24,0.001347,33.465
2012-07-25,-0.005229,33.29
2012-07-26,0.009012,33.59
2012-07-27,0.009824,33.92
2012-07-30,-0.005012,33.75
2012-07-31,-0.007407,33.5
2012-08-01,-0.005373,33.32
2012-08-02,-0.012605,32.9
2012-08-03,0.017933,33.49
2012-08-06,-0.014333,33.01
2012-08-07,0.002424,33.09
2012-08-08,-0.002115,33.02
2012-08-09,0.000303,33.03
2012-08-10,0.003936,33.16
2012-08-13,0.000603,33.18
2012-08-14,-0.004822,33.02
2012-08-15,0.004543,33.17
2012-08-16,0.001206,33.21
2012-08-17,-0.003011,33.11
2012-08-20,0.003624,33.23
2012-08-21,-0.006019,33.03
2012-08-22,-0.003936,32.9
2012-08-23,-0.004255,32.76
2012-08-24,0.008242,33.03
2012-08-27,0.004844,33.19
2012-08-28,0.003616,33.31
2012-08-29,0.005704,33.5
2012-08-30,-0.006269,33.29
2012-08-31,0.003605,33.41
2012-09-04,-0.00868,33.12
2012-09-05,-0.001208,33.08
2012-09-06,0.025695,33.93
2012-09-07,0.001474,33.98
2012-09-10,-0.004414,33.83
2012-09-11,0.006207,34.04
2012-09-12,-0.002938,33.94
2012-09-13,0.027401,34.87
2012-09-14,0.001721,34.93
2012-09-17,-0.021185,34.19
2012-09-18,0.0,34.19
2012-09-19,0.004387,34.34
2012-09-20,-0.008736,34.04
2012-09-21,-0.005582,33.85
2012-09-24,0.009749,34.18
2012-09-25,-0.001755,34.12
2012-09-26,0.000733,33.95
2012-09-27,0.006186,34.16
2012-09-28,0.004098,34.3
2012-10-01,-0.006122,34.09
2012-10-02,-0.000293,34.08
2012-10-03,0.008803,34.38
2012-10-04,0.02356,35.19
2012-10-05,-0.007673,34.92
2012-10-08,-0.00315,34.81
2012-10-09,-0.003735,34.68
2012-10-10,-0.002307,34.6
2012-10-11,-0.006069,34.39
2012-10-12,-0.019482,33.72
2012-10-15,-0.002669,33.63
2012-10-16,-0.000595,33.61
2012-10-17,0.017554,34.2
2012-10-18,0.005848,34.4
2012-10-19,-0.004942,34.23
2012-10-22,-0.001753,34.17
2012-10-23,-0.023705,33.36
2012-10-24,-0.006894,33.13
2012-10-25,0.010564,33.48
2012-10-26,-0.009857,33.15
2012-10-31,0.00181,33.21
2012-11-01,0.01355,33.66
2012-11-02,-0.006833,33.43
2012-11-05,-0.008675,33.14
2012-11-06,0.013579,33.59
2012-11-07,-0.035725,32.39
2012-11-08,-0.006792,32.17
2012-11-09,-0.002176,32.1
2012-11-12,-0.001246,32.06
2012-11-13,-0.010917,31.71
2012-11-14,-0.011984,31.33
2012-11-15,-0.00383,31.21
2012-11-16,0.010894,31.55
2012-11-19,0.016799,32.08
2012-11-20,0.005299,32.25
2012-11-21,-0.006202,32.05
2012-11-23,0.016537,32.58
2012-11-26,-0.005985,32.385
2012-11-27,-0.0088,32.1
2012-11-28,0.009034,32.39
2012-11-29,0.000309,32.4
2012-11-30,-0.004321,32.26
2012-12-03,-0.00651,32.05
2012-12-04,-0.019345,31.43
2012-12-05,0.0105,31.76
2012-12-06,0.001574,31.81
2012-12-07,0.006602,32.02
2012-12-10,-0.003748,31.9
2012-12-11,0.002194,31.97
2012-12-12,-0.003128,31.87
2012-12-13,-0.009413,31.57
2012-12-14,-0.005385,31.4
2012-12-17,0.021975,32.09
2012-12-18,0.014958,32.57
2012-12-19,-0.01136,32.2
2012-12-20,0.007453,32.44
2012-12-21,0.001233,32.48
2012-12-24,-0.005234,32.31
2012-12-26,-0.001548,32.26
2012-12-27,-0.001395,32.02
2012-12-28,-0.010618,31.68
2012-12-31,0.008207,31.94
2013-01-02,0.032248,32.97
2013-01-03,-0.013952,32.51
2013-01-04,0.021861,33.2207
2013-01-07,-0.009052,32.92
2013-01-08,0.001519,32.97
2013-01-09,0.009099,33.27
2013-01-10,0.011121,33.64
2013-01-11,-0.004162,33.5
2013-01-14,-0.000895,33.47
2013-01-15,-0.005677,33.28
2013-01-16,-0.003906,33.15
2013-01-17,-0.011765,32.76
2013-01-18,0.003358,32.87
2013-01-22,0.003955,33.0
2013-01-23,0.002727,33.09
2013-01-24,0.000604,33.11
2013-01-25,0.001812,33.17
2013-01-28,0.0,33.17
2013-01-29,0.004824,33.33
2013-01-30,-0.005701,33.14
2013-01-31,-0.001207,33.1
2013-02-01,0.009064,33.4
2013-02-04,-0.013174,32.96
2013-02-05,0.005158,33.13
2013-02-06,0.014488,33.61
2013-02-07,-0.002083,33.54
2013-02-08,0.00328,33.65
2013-02-11,0.013076,34.09
2013-02-12,0.006454,34.31
2013-02-13,-0.011076,33.93
2013-02-14,0.001768,33.99
2013-02-15,-0.002354,33.91
2013-02-19,0.005013,34.08
2013-02-20,-0.006749,33.85
2013-02-21,-0.002363,33.77
2013-02-22,0.003257,33.88
2013-02-25,-0.015939,33.34
2013-02-26,0.013497,33.79
2013-02-27,0.007103,34.03
2013-02-28,-0.001469,33.98
2013-03-01,0.000883,34.01
2013-03-04,0.007939,34.28
2013-03-05,-0.013711,33.81
2013-03-06,-0.00207,33.74
2013-03-07,0.012152,34.15
2013-03-08,0.002343,34.23
2013-03-11,0.005259,34.41
2013-03-12,-0.002034,34.34
2013-03-13,-0.003494,34.22
2013-03-14,-0.004676,34.06
2013-03-15,0.004698,34.22
2013-03-18,-0.00263,34.13
2013-03-19,-0.005274,33.95
2013-03-20,-0.000589,33.93
2013-03-21,-0.0112,33.55
2013-03-22,0.000596,33.57
2013-03-25,0.002979,33.67
2013-03-26,0.006089,33.68
2013-03-27,0.002375,33.76
2013-03-28,0.005036,33.93
2013-04-01,0.001768,33.99
2013-04-02,0.003236,34.1
2013-04-03,-0.01261,33.67
2013-04-04,0.004455,33.82
2013-04-05,-0.013601,33.36
2013-04-08,0.009892,33.69
2013-04-09,0.0,33.69
2013-04-10,0.014841,34.19
2013-04-11,0.000293,34.2
2013-04-12,-0.003509,34.08
2013-04-15,-0.022594,33.31
2013-04-16,-0.017712,32.72
2013-04-17,-0.010391,32.38
2013-04-18,-0.003397,32.27
2013-04-19,0.007437,32.51
2013-04-22,-0.00123,32.47
2013-04-23,0.010779,32.82
2013-04-24,0.010055,33.15
2013-04-25,0.004827,33.31
2013-04-26,-0.005404,33.13
2013-04-29,0.004829,33.29
2013-04-30,-0.0003,33.28
2013-05-01,-0.014123,32.81
2013-05-02,-0.00701,32.58
2013-05-03,0.005832,32.77
2013-05-06,0.003662,32.89
2013-05-07,0.007905,33.15
2013-05-08,0.00543,33.33
2013-05-09,-0.0006,33.31
2013-05-10,0.005404,33.49
2013-05-13,0.000299,33.5
2013-05-14,0.011642,33.89
2013-05-15,0.013278,34.34
2013-05-16,-0.000874,34.31
2013-05-17,0.010493,34.67
2013-05-20,0.013268,35.13
2013-05-21,0.004555,35.29
2013-05-22,0.002267,35.37
2013-05-23,-0.004241,35.22
2013-05-24,0.005395,35.41
2013-05-28,0.003671,35.54
2013-05-29,-0.005909,35.33
2013-05-30,0.005661,35.53
2013-05-31,-0.013228,35.06
2013-06-03,0.00599,35.27
2013-06-04,-0.000284,35.26
2013-06-05,-0.00709,35.01
2013-06-06,0.010569,35.38
2013-06-07,0.01385,35.87
2013-06-10,-0.007806,35.59
2013-06-11,-0.005058,35.41
2013-06-12,-0.000282,35.4
2013-06-13,0.001695,35.46
2013-06-14,-0.01269,35.01
2013-06-17,0.006284,35.23
2013-06-18,0.003406,35.35
2013-06-19,-0.004526,35.19
2013-06-20,-0.003694,35.06
2013-06-21,0.014546,35.57
2013-06-24,-0.00506,35.39
2013-06-25,0.015541,35.94
2013-06-26,0.006121,35.93
2013-06-27,0.005845,36.14
2013-06-28,0.000277,36.15
2013-07-01,0.004426,36.31
2013-07-02,-0.000275,36.3
2013-07-03,0.001377,36.35
2013-07-05,0.011279,36.76
2013-07-08,0.007889,37.05
2013-07-09,0.006478,37.29
2013-07-10,-0.0059,37.07
2013-07-11,0.002158,37.15
2013-07-12,0.013728,37.66
2013-07-15,-0.004249,37.5
2013-07-16,-0.006133,37.27
2013-07-17,-0.014221,36.74
2013-07-18,0.008982,37.07
2013-07-19,0.005125,37.26
2013-07-22,0.002415,37.35
2013-07-23,0.005087,37.54
2013-07-24,0.0,37.54
2013-07-25,-0.002131,37.46
2013-07-26,0.002136,37.54
2013-07-29,-0.001332,37.49
2013-07-30,0.005601,37.7
2013-07-31,-0.01008,37.32
2013-08-01,0.00911,37.66
2013-08-02,0.002921,37.77
2013-08-05,-0.000794,37.74
2013-08-06,-0.003445,37.61
2013-08-07,-0.010636,37.21
2013-08-08,0.003762,37.35
2013-08-09,-0.004819,37.17
2013-08-12,-0.000269,37.16
2013-08-13,-0.001346,37.11
2013-08-14,-0.003773,36.97
2013-08-15,-0.00541,36.77
2013-08-16,0.004079,36.92
2013-08-19,-0.007042,36.66
2013-08-20,0.005456,36.86
2013-08-21,-0.001899,36.79
2013-08-22,0.016581,37.4
2013-08-23,-0.002139,37.32
2013-08-26,-0.010718,36.92
2013-08-27,-0.021939,36.11
2013-08-28,0.0,36.11
2013-08-29,0.0,36.11
2013-08-30,0.000554,36.13
2013-09-03,-0.001937,36.06
2013-09-04,0.001941,36.13
2013-09-05,0.015776,36.7
2013-09-06,-0.006267,36.47
2013-09-09,-0.004113,36.32
2013-09-10,0.010738,36.71
2013-09-11,-0.000817,36.68
2013-09-12,0.00518,36.87
2013-09-13,0.007323,37.14
2013-09-16,0.009962,37.51
2013-09-17,0.000267,37.52
2013-09-18,0.008529,37.84
2013-09-19,-0.003436,37.71
2013-09-20,0.003713,37.85
2013-09-23,-0.012946,37.36
2013-09-24,-0.012313,36.9
2013-09-25,-0.003794,36.76
2013-09-26,0.000272,36.54
2013-09-27,-0.001095,36.5
2013-09-30,0.002192,36.58
2013-10-01,0.003554,36.71
2013-10-02,-0.008717,36.39
2013-10-03,-0.001099,36.35
2013-10-04,0.007428,36.62
2013-10-07,-0.013381,36.13
2013-10-08,-0.011902,35.7
2013-10-09,0.007283,35.96
2013-10-10,0.027253,36.94
2013-10-11,0.002978,37.05
2013-10-14,0.003509,37.18
2013-10-15,-0.008069,36.88
2013-10-16,0.009761,37.24
2013-10-17,0.011815,37.68
2013-10-18,0.006369,37.92
2013-10-21,0.003692,38.06
2013-10-22,0.000263,38.07
2013-10-23,-0.002364,37.98
2013-10-24,-0.004739,37.8
2013-10-25,0.000794,37.83
2013-10-28,-0.00185,37.76
2013-10-29,0.001854,37.83
2013-10-30,-0.00185,37.76
2013-10-31,-0.010593,37.36
2013-11-01,0.000268,37.37
2013-11-04,0.004549,37.54
2013-11-05,0.003463,37.67
2013-11-06,0.006637,37.92
2013-11-07,-0.011867,37.47
2013-11-08,0.01628,38.08
2013-11-11,-0.003677,37.94
2013-11-12,-0.005008,37.75
2013-11-13,0.007152,38.02
2013-11-14,0.006838,38.28
2013-11-15,0.000784,38.31
2013-11-18,0.000522,38.33
2013-11-19,0.008609,38.66
2013-11-20,0.002069,38.74
2013-11-21,0.003098,38.86
2013-11-22,0.002316,38.95
2013-11-25,0.006675,39.21
2013-11-26,0.00153,39.27
2013-11-27,0.002037,39.35
2013-11-29,-0.003304,39.22
2013-12-02,-0.000255,39.21
2013-12-03,-0.017598,38.52
2013-12-04,0.012461,39.0
2013-12-05,-0.01,38.61
2013-12-06,0.027195,39.66
2013-12-09,0.002017,39.74
2013-12-10,-0.008052,39.42
2013-12-11,-0.00964,39.04
2013-12-12,0.004098,39.2
2013-12-13,-0.003571,39.06
2013-12-16,0.008193,39.38
2013-12-17,-0.006602,39.12
2013-12-18,0.025562,40.12
2013-12-19,-0.001994,40.04
2013-12-20,0.00025,40.05
2013-12-23,0.010986,40.49
2013-12-24,0.002717,40.6
2013-12-26,-0.00197,40.52
2013-12-27,0.001974,40.37
2013-12-30,-0.002477,40.27
2013-12-31,0.003228,40.4
2014-01-02,-0.012624,39.89
2014-01-03,0.004262,40.06
2014-01-06,0.01323,40.59
2014-01-07,0.008376,40.93
2014-01-08,0.003909,41.09
2014-01-09,0.006084,41.34
2014-01-10,-0.007741,41.02
2014-01-13,-0.005851,40.78
2014-01-14,0.002697,40.89
2014-01-15,0.014918,41.5
2014-01-16,-0.000964,41.46
2014-01-17,-0.000241,41.45
2014-01-21,0.003136,41.58
2014-01-22,-0.003367,41.44
2014-01-23,-0.017375,40.72
2014-01-24,-0.014244,40.14
2014-01-27,-0.002491,40.04
2014-01-28,0.012488,40.54
2014-01-29,-0.01924,39.76
2014-01-30,0.009054,40.12
2014-01-31,-0.009721,39.73
2014-02-03,-0.023911,38.78
2014-02-04,0.00851,39.11
2014-02-05,0.0,39.11
2014-02-06,0.017898,39.81
2014-02-07,0.004773,40.0
2014-02-10,0.002,40.08
2014-02-11,0.00524,40.29
2014-02-12,0.001489,40.35
2014-02-13,-0.001983,40.27
2014-02-14,0.012913,40.79
2014-02-18,-0.001226,40.74
2014-02-19,-0.019391,39.95
2014-02-20,0.009262,40.32
2014-02-21,0.000496,40.34
2014-02-24,0.011403,40.8
2014-02-25,0.003677,40.95
2014-02-26,0.000488,40.97
2014-02-27,0.004149,41.14
2014-02-28,0.0,41.14
2014-03-03,-0.011911,40.65
2014-03-04,0.018942,41.42
2014-03-05,0.000483,41.44
2014-03-06,0.005068,41.65
2014-03-07,0.012485,42.17
2014-03-10,0.004268,42.35
2014-03-11,-0.009209,41.96
2014-03-12,0.003098,42.09
2014-03-13,-0.009266,41.7
2014-03-14,-0.003837,41.54
2014-03-17,0.010111,41.96
2014-03-18,0.009771,42.37
2014-03-19,-0.000708,42.34
2014-03-20,0.013226,42.9
2014-03-21,0.002797,43.02
2014-03-24,0.006973,43.32
2014-03-25,0.002308,43.42
2014-03-26,-0.011515,42.92
2014-03-27,-0.010019,42.26
2014-03-28,0.000947,42.3
2014-03-31,0.013239,42.86
2014-04-01,0.003033,42.99
2014-04-02,0.001396,43.05
2014-04-03,-0.000697,43.02
2014-04-04,-0.010925,42.55
2014-04-07,-0.012926,42.0
2014-04-08,-0.005,41.79
2014-04-09,0.005264,42.01
2014-04-10,-0.029279,40.78
2014-04-11,-0.006621,40.51
2014-04-14,0.002469,40.61
2014-04-15,0.00985,41.01
2014-04-16,-0.013168,40.47
2014-04-17,-0.005436,40.25
2014-04-21,0.00323,40.38
2014-04-22,0.006439,40.64
2014-04-23,0.007382,40.94
2014-04-24,-0.007083,40.65
2014-04-25,-0.010578,40.22
2014-04-28,-0.001492,40.16
2014-04-29,0.010209,40.57
2014-04-30,0.005176,40.78
2014-05-01,-0.010054,40.37
2014-05-02,0.000495,40.39
2014-05-05,0.001486,40.45
2014-05-06,-0.007417,40.15
2014-05-07,0.007721,40.46
2014-05-08,-0.003213,40.33
2014-05-09,-0.000248,40.32
2014-05-12,0.003224,40.45
2014-05-13,0.001978,40.53
2014-05-14,-0.004194,40.36
2014-05-15,0.005203,40.57
2014-05-16,0.007888,40.89
2014-05-19,0.011494,41.36
2014-05-20,-0.006044,41.11
2014-05-21,0.002432,41.21
2014-05-22,0.003883,41.37
2014-05-23,0.001934,41.45
2014-05-27,0.006996,41.74
2014-05-28,0.006948,42.03
2014-05-29,0.0,42.03
2014-05-30,0.003807,42.19
2014-06-02,-0.000237,42.18
2014-06-03,0.001423,42.24
2014-06-04,0.002841,42.36
2014-06-05,0.003069,42.49
2014-06-06,0.009179,42.88
2014-06-09,0.014925,43.52
2014-06-10,-0.004366,43.33
2014-06-11,-0.008078,42.98
2014-06-12,0.000698,43.01
2014-06-13,0.001163,43.06
2014-06-16,-0.007199,42.75
2014-06-17,0.008889,43.13
2014-06-18,0.004637,43.33
2014-06-19,-0.001154,43.28
2014-06-20,0.010629,43.74
2014-06-23,0.001829,43.82
2014-06-24,-0.011867,43.3
2014-06-25,0.001386,43.36
2014-06-26,-0.001268,43.06
2014-06-27,0.006967,43.36
2014-06-30,-0.000923,43.32
2014-07-01,0.000462,43.34
2014-07-02,-0.002077,43.25
2014-07-03,0.007861,43.59
2014-07-07,-0.002524,43.48
2014-07-08,-0.00667,43.19
2014-07-09,0.004399,43.38
2014-07-10,-0.006455,43.1
2014-07-11,0.001856,43.18
2014-07-14,-0.003011,43.05
2014-07-15,0.005807,43.3
2014-07-16,-0.017783,42.53
2014-07-17,-0.021632,41.61
2014-07-18,0.013458,42.17
2014-07-21,-0.001186,42.12
2014-07-22,0.003086,42.25
2014-07-23,0.00497,42.46
2014-07-24,0.006359,42.73
2014-07-25,0.000468,42.75
2014-07-28,-0.004211,42.57
2014-07-29,0.001644,42.64
2014-07-30,0.006567,42.92
2014-07-31,-0.020736,42.03
2014-08-01,-0.016655,41.33
2014-08-04,0.007501,41.64
2014-08-05,-0.011287,41.17
2014-08-06,-0.002186,41.08
2014-08-07,-0.009737,40.68
2014-08-08,0.012291,41.18
2014-08-11,-0.005342,40.96
2014-08-12,0.004883,41.16
2014-08-13,0.004859,41.36
2014-08-14,0.005803,41.6
2014-08-15,-0.007933,41.27
2014-08-18,0.010904,41.72
2014-08-19,0.002876,41.84
2014-08-20,-0.003107,41.71
2014-08-21,0.011508,42.19
2014-08-22,-0.003792,42.03
2014-08-25,0.005234,42.25
2014-08-26,0.003787,42.41
2014-08-27,-0.004952,42.2
2014-08-28,-0.003318,42.06
2014-08-29,0.005231,42.28
2014-09-02,-0.000236,42.27
2014-09-03,-0.003549,42.12
2014-09-04,0.002849,42.24
2014-09-05,-0.002604,42.13
2014-09-08,-0.002374,42.03
2014-09-09,-0.010231,41.6
2014-09-10,0.005769,41.84
2014-09-11,0.006214,42.1
2014-09-12,0.002375,42.2
2014-09-15,0.004028,42.37
2014-09-16,0.0,42.37
2014-09-17,0.007553,42.69
2014-09-18,0.007964,43.03
2014-09-19,0.004648,43.23
2014-09-22,-0.004858,43.02
2014-09-23,-0.009995,42.59
2014-09-24,-0.00047,42.57
2014-09-25,-0.016444,41.87
2014-09-26,0.005851,41.87
2014-09-29,-0.003344,41.73
2014-09-30,0.002396,41.83
2014-10-01,-0.013627,41.26
2014-10-02,0.000727,41.29
2014-10-03,0.009203,41.67
2014-10-06,-0.00312,41.54
2014-10-07,-0.022629,40.6
2014-10-08,0.017241,41.3
2014-10-09,-0.017433,40.58
2014-10-10,-0.012568,40.07
2014-10-13,-0.005241,39.86
2014-10-14,0.00276,39.97
2014-10-15,-0.025769,38.94
2014-10-16,0.004109,39.1
2014-10-17,0.007673,39.4
2014-10-20,-0.000508,39.38
2014-10-21,0.0226,40.27
2014-10-22,-0.009436,39.89
2014-10-23,0.013036,40.41
2014-10-24,0.012373,40.91
2014-10-27,0.001222,40.96
2014-10-28,0.01416,41.54
2014-10-29,0.007222,41.84
2014-10-30,0.00717,42.14
2014-10-31,0.010916,42.6
2014-11-03,0.007512,42.92
2014-11-04,0.005592,43.16
2014-11-05,0.008341,43.52
2014-11-06,0.009191,43.92
2014-11-07,-0.002504,43.81
2014-11-10,0.002739,43.93
2014-11-11,0.002276,44.03
2014-11-12,-0.002044,43.94
2014-11-13,-0.000228,43.93
2014-11-14,-0.004553,43.73
2014-11-17,0.001601,43.8
2014-11-18,0.00411,43.98
2014-11-19,-0.002046,43.89
2014-11-20,0.000456,43.91
2014-11-21,0.001366,43.97
2014-11-24,0.009097,44.37
2014-11-25,-0.008114,44.01
2014-11-26,0.008407,44.38
2014-11-28,-0.004056,44.2
2014-12-01,-0.013122,43.62
2014-12-02,0.010316,44.07
2014-12-03,0.005673,44.32
2014-12-04,0.004738,44.53
2014-12-05,0.013474,45.13
2014-12-08,0.005318,45.37
2014-12-09,-0.003527,45.21
2014-12-10,-0.012608,44.64
2014-12-11,0.001344,44.7
2014-12-12,-0.018121,43.89
2014-12-15,-0.010025,43.45
2014-12-16,-0.008055,43.1
2014-12-17,0.019026,43.92
2014-12-18,0.032332,45.34
2014-12-19,-0.003088,45.2
2014-12-22,0.009734,45.64
2014-12-23,0.005916,45.91
2014-12-24,-0.003485,45.75
2014-12-26,-0.000219,45.74
2014-12-29,0.003607,45.66
2014-12-30,-0.00219,45.56
2014-12-31,-0.013389,44.95
2015-01-02,-0.00267,44.83
2015-01-05,-0.024091,43.75
2015-01-06,-0.013257,43.17
2015-01-07,0.008802,43.55
2015-01-08,0.007348,43.87
2015-01-09,-0.020743,42.96
2015-01-12,-0.009311,42.56
2015-01-13,-0.010808,42.1
2015-01-14,-0.018052,41.34
2015-01-15,-0.009676,40.94
2015-01-16,0.014167,41.52
2015-01-20,-0.007466,41.21
2015-01-21,0.024023,42.2
2015-01-22,0.029147,43.43
2015-01-23,-0.002533,43.32
2015-01-26,0.004848,43.53
2015-01-27,-0.012635,42.98
2015-01-28,-0.020475,42.1
2015-01-29,0.011164,42.57
2015-01-30,-0.015504,41.91
2015-02-02,0.019566,42.73
2015-02-03,0.012872,43.28
2015-02-04,0.006932,43.58
2015-02-05,0.009637,44.0
2015-02-06,0.009318,44.41
2015-02-09,-0.005404,44.17
2015-02-10,0.007924,44.52
2015-02-11,-0.005615,44.27
2015-02-12,0.0192,45.12
2015-02-13,-0.001108,45.07
2015-02-17,0.0,45.07
2015-02-18,-0.011981,44.53
2015-02-19,-0.004716,44.32
2015-02-20,0.006769,44.62
2015-02-23,-0.003138,44.48
2015-02-24,0.005396,44.72
2015-02-25,0.002683,44.84
2015-02-26,0.002007,44.93
2015-02-27,-0.007122,44.61
2015-03-02,0.006052,44.88
2015-03-03,-0.002897,44.75
2015-03-04,-0.007598,44.41
2015-03-05,0.003828,44.58
2015-03-06,0.002019,44.67
2015-03-09,0.004925,44.89
2015-03-10,-0.026287,43.71
2015-03-11,0.000915,43.75
2015-03-12,0.016457,44.47
2015-03-13,-0.004048,44.29
2015-03-16,0.015353,44.97
2015-03-17,-0.000445,44.95
2015-03-18,-0.002225,44.85
2015-03-19,-0.009142,44.44
2015-03-20,0.009451,44.86
2015-03-23,-0.003344,44.71
2015-03-24,-0.011407,44.2
2015-03-25,-0.017647,43.42
2015-03-26,-0.003915,43.25
2015-03-27,-0.003353,42.86
2015-03-30,0.021699,43.79
2015-03-31,-0.00274,43.67
2015-04-01,-0.004122,43.49
2015-04-02,0.005059,43.71
2015-04-06,-0.008922,43.32
2015-04-07,0.000692,43.35
2015-04-08,0.001845,43.43
2015-04-09,0.003224,43.57
2015-04-10,0.004131,43.75
2015-04-13,0.007771,44.09
2015-04-14,-0.012701,43.53
2015-04-15,-0.002297,43.43
2015-04-16,-0.011283,42.94
2015-04-17,-0.011644,42.44
2015-04-20,0.00754,42.76
2015-04-21,-0.00608,42.5
2015-04-22,0.007765,42.83
2015-04-23,-0.000234,42.82
2015-04-24,-0.001868,42.74
2015-04-27,-0.004212,42.56
2015-04-28,0.007284,42.87
2015-04-29,0.002566,42.98
2015-04-30,-0.002559,42.87
2015-05-01,0.000933,42.91
2015-05-04,0.014682,43.54
2015-05-05,-0.006661,43.25
2015-05-06,-0.003468,43.1
2015-05-07,0.0,43.1
2015-05-08,0.017634,43.86
2015-05-11,-0.002508,43.75
2015-05-12,0.003429,43.9
2015-05-13,0.005467,44.14
2015-05-14,0.005437,44.38
2015-05-15,-0.01014,43.93
2015-05-18,0.006146,44.2
2015-05-19,0.011086,44.69
2015-05-20,-0.013426,44.09
2015-05-21,-0.005217,43.86
2015-05-22,-0.006612,43.57
2015-05-26,-0.00459,43.37
2015-05-27,0.011298,43.86
2015-05-28,-0.003648,43.7
2015-05-29,-0.013501,43.11
2015-06-01,-0.003247,42.97
2015-06-02,0.003724,43.13
2015-06-03,0.019476,43.97
2015-06-04,-0.010917,43.49
2015-06-05,0.011497,43.99
2015-06-08,-0.007502,43.66
2015-06-09,0.009391,44.07
2015-06-10,0.016792,44.81
2015-06-11,0.000893,44.85
2015-06-12,-0.001561,44.78
2015-06-15,-0.008486,44.4
2015-06-16,0.004279,44.59
2015-06-17,0.001121,44.64
2015-06-18,0.003136,44.78
2015-06-19,-0.003126,44.64
2015-06-22,0.007616,44.98
2015-06-23,0.002668,45.1
2015-06-24,-0.007982,44.74
2015-06-25,-0.004023,44.56
2015-06-26,0.0046,44.51
2015-06-29,-0.024714,43.41
2015-06-30,-0.00023,43.4
2015-07-01,0.017281,44.15
2015-07-02,-0.012005,43.62
2015-07-06,-0.000459,43.6
2015-07-07,-0.002982,43.47
2015-07-08,-0.018404,42.67
2015-07-09,0.006796,42.96
2015-07-10,0.011173,43.44
2015-07-13,0.008978,43.83
2015-07-14,0.001141,43.88
2015-07-15,0.037603,45.53
2015-07-16,0.007248,45.86
2015-07-17,-0.000218,45.85
2015-07-20,-0.000218,45.84
2015-07-21,-0.002181,45.74
2015-07-22,0.004591,45.95
2015-07-23,-0.006311,45.66
2015-07-24,-0.008322,45.28
2015-07-27,-0.010601,44.8
2015-07-28,-0.001562,44.73
2015-07-29,0.00626,45.01
2015-07-30,0.001111,45.06
2015-07-31,0.003329,45.21
2015-08-03,-0.002875,45.08
2015-08-04,0.003106,45.22
2015-08-05,0.004644,45.43
2015-08-06,-0.004843,45.21
2015-08-07,-0.002212,45.11
2015-08-10,0.020173,46.02
2015-08-11,-0.013472,45.4
2015-08-12,-0.011234,44.89
2015-08-13,0.00401,45.07
2015-08-14,0.01176,45.6
2015-08-17,0.001097,45.65
2015-08-18,0.002191,45.75
2015-08-19,-0.008525,45.36
2015-08-20,-0.027778,44.1
2015-08-21,-0.029932,42.78
2015-08-24,-0.047452,40.75
2015-08-25,-0.024295,39.76
2015-08-26,0.041499,41.41
2015-08-27,0.028254,42.58
2015-08-28,0.000235,42.59
2015-08-31,-0.005635,42.35
2015-09-01,-0.049115,40.27
2015-09-02,0.018624,41.02
2015-09-03,0.010239,41.44
2015-09-04,-0.021477,40.55
2015-09-08,0.021702,41.43
2015-09-09,-0.013275,40.88
2015-09-10,0.005382,41.1
2015-09-11,-0.000973,41.06
2015-09-14,-0.00341,40.92
2015-09-15,0.026393,42.0
2015-09-16,0.008571,42.36
2015-09-17,-0.016525,41.66
2015-09-18,-0.011762,41.17
2015-09-21,0.008501,41.52
2015-09-22,-0.010116,41.1
2015-09-23,-0.000973,41.06
2015-09-24,-0.007306,40.76
2015-09-25,0.022326,41.67
2015-09-28,-0.023878,40.42
2015-09-29,0.00569,40.65
2015-09-30,0.008856,41.01
2015-10-01,0.002926,41.13
2015-10-02,-0.009239,40.75
2015-10-05,0.019877,41.56
2015-10-06,-0.001684,41.49
2015-10-07,0.007231,41.79
2015-10-08,0.002632,41.9
2015-10-09,-0.007637,41.58
2015-10-12,0.001202,41.63
2015-10-13,-0.004804,41.43
2015-10-14,-0.022448,40.5
2015-10-15,0.012593,41.01
2015-10-16,-0.005852,40.77
2015-10-19,-0.000981,40.73
2015-10-20,0.012767,41.25
2015-10-21,-0.003636,41.1
2015-10-22,0.018005,41.84
2015-10-23,0.018642,42.62
2015-10-26,-0.002346,42.52
2015-10-27,-0.009878,42.1
2015-10-28,0.022803,43.06
2015-10-29,-0.001393,43.0
2015-10-30,-0.01907,42.18
2015-11-02,0.00972,42.59
2015-11-03,0.002583,42.7
2015-11-04,-0.001874,42.62
2015-11-05,0.000235,42.63
2015-11-06,0.025569,43.72
2015-11-09,-0.008692,43.34
2015-11-10,0.000461,43.36
2015-11-11,-0.000692,43.33
2015-11-12,-0.014078,42.72
2015-11-13,-0.007959,42.38
2015-11-16,0.017225,43.11
2015-11-17,-0.002088,43.02
2015-11-18,0.020223,43.89
2015-11-19,0.005924,44.15
2015-11-20,-0.002492,44.04
2015-11-23,-0.005904,43.78
2015-11-24,0.001827,43.86
2015-11-25,-0.002052,43.77
2015-11-27,0.00297,43.9
2015-11-30,-0.000228,43.89
2015-12-01,0.009569,44.31
2015-12-02,-0.012187,43.77
2015-12-03,-0.013023,43.2
2015-12-04,0.026389,44.34
2015-12-07,-0.005187,44.11
2015-12-08,-0.012696,43.55
2015-12-09,-0.0124,43.01
2015-12-10,0.003953,43.18
2015-12-11,-0.022233,42.22
2015-12-14,0.004974,42.43
2015-12-15,0.029225,43.67
2015-12-16,0.0158,44.36
2015-12-17,-0.011948,43.83
2015-12-18,-0.033539,42.36
2015-12-21,0.00543,42.59
2015-12-22,0.002583,42.7
2015-12-23,0.018267,43.48
2015-12-24,-0.00138,43.42
2015-12-28,-0.008521,43.05
2015-12-29,0.016841,43.52
2015-12-30,-0.011719,43.01
2015-12-31,-0.007905,42.67
2016-01-04,-0.027888,41.48
2016-01-05,0.004822,41.68
2016-01-06,-0.015115,41.05
2016-01-07,-0.019001,40.27
2016-01-08,-0.014155,39.7
2016-01-11,0.00403,39.86
2016-01-12,0.019067,40.62
2016-01-13,-0.039636,39.01
2016-01-14,0.023584,39.93
2016-01-15,-0.022039,39.05
2016-01-19,0.002049,39.13
2016-01-20,-0.006645,38.87
2016-01-21,-0.009004,38.52
2016-01-22,0.022066,39.37
2016-01-25,-0.027432,38.29
2016-01-26,0.019065,39.02
2016-01-27,0.0041,39.18
2016-01-28,0.001021,39.22
2016-01-29,0.021418,40.06
2016-02-01,-0.00649,39.8
2016-02-02,-0.026382,38.75
2016-02-03,0.013677,39.28
2016-02-04,0.02113,40.11
2016-02-05,-0.000499,40.09
2016-02-08,-0.013969,39.53
2016-02-09,-0.003289,39.4
2016-02-10,-0.009137,39.04
2016-02-11,-0.040728,37.45
2016-02-12,0.044059,39.1
2016-02-16,0.027877,40.19
2016-02-17,-0.001742,40.12
2016-02-18,-0.015703,39.49
2016-02-19,-0.00076,39.46
2016-02-22,0.019513,40.23
2016-02-23,-0.033806,38.87
2016-02-24,-0.011063,38.44
2016-02-25,0.01821,39.14
2016-02-26,0.003832,39.29
2016-02-29,-0.019598,38.52
2016-03-01,0.035826,39.9
2016-03-02,0.015789,40.53
2016-03-03,0.005922,40.77
2016-03-04,0.006377,41.03
2016-03-07,-0.006337,40.77
2016-03-08,-0.022566,39.85
2016-03-09,-0.002258,39.76
2016-03-10,-0.006288,39.51
2016-03-11,0.024045,40.46
2016-03-14,0.000742,40.49
2016-03-15,0.007409,40.79
2016-03-16,-0.006129,40.54
2016-03-17,0.0037,40.69
2016-03-18,0.015483,41.32
2016-03-21,0.001452,41.38
2016-03-22,-0.00145,41.32
2016-03-23,-0.003146,41.19
2016-03-24,-0.009954,40.78
2016-03-28,-0.002207,40.69
2016-03-29,-0.001106,40.39
2016-03-30,0.014855,40.99
2016-03-31,-0.009759,40.59
2016-04-01,0.00271,40.7
2016-04-04,-0.000491,40.68
2016-04-05,-0.015487,40.05
2016-04-06,0.000999,40.09
2016-04-07,-0.024695,39.1
2016-04-08,0.007161,39.38
2016-04-11,0.003809,39.53
2016-04-12,0.018467,40.26
2016-04-13,0.020864,41.1
2016-04-14,0.00438,41.28
2016-04-15,-0.00436,41.1
2016-04-18,0.002676,41.21
2016-04-19,0.016986,41.91
2016-04-20,0.019566,42.73
2016-04-21,-0.003978,42.56
2016-04-22,0.017387,43.3
2016-04-25,-0.005774,43.05
2016-04-26,0.007433,43.37
2016-04-27,0.003689,43.53
2016-04-28,-0.009189,43.13
2016-04-29,-0.010202,42.69
2016-05-02,0.006559,42.97
2016-05-03,-0.010938,42.5
2016-05-04,-0.018353,41.72
2016-05-05,-0.001678,41.65
2016-05-06,0.003121,41.78
2016-05-09,-0.005744,41.54
2016-05-10,0.012518,42.06
2016-05-11,-0.004517,41.87
2016-05-12,0.001672,41.94
2016-05-13,-0.01216,41.43
2016-05-16,0.006276,41.69
2016-05-17,-0.023267,40.72
2016-05-18,0.022102,41.62
2016-05-19,-0.002403,41.52
2016-05-20,0.005299,41.74
2016-05-23,-0.001917,41.66
2016-05-24,0.014882,42.28
2016-05-25,0.016083,42.96
2016-05-26,-0.00675,42.67
2016-05-27,0.006562,42.95
2016-05-31,-0.003027,42.82
2016-06-01,0.004204,43.0
2016-06-02,0.001395,43.06
2016-06-03,-0.016024,42.37
2016-06-06,0.012037,42.88
2016-06-07,-0.005131,42.66
2016-06-08,0.003516,42.81
2016-06-09,-0.006307,42.54
2016-06-10,-0.013634,41.96
2016-06-13,-0.006673,41.68
2016-06-14,-0.011756,41.19
2016-06-15,-0.004127,41.02
2016-06-16,0.000975,41.06
2016-06-17,0.001218,41.11
2016-06-20,0.002676,41.22
2016-06-21,0.003639,41.37
2016-06-22,-0.000483,41.35
2016-06-23,0.021282,42.23
2016-06-24,-0.056121,39.86
2016-06-27,-0.029353,38.69
2016-06-28,0.016671,39.08
2016-06-29,0.015353,39.68
2016-06-30,0.016381,40.33
2016-07-01,-0.006695,40.06
2016-07-05,-0.024963,39.06
2016-07-06,0.003584,39.2
2016-07-07,0.000765,39.23
2016-07-08,0.021922,40.09
2016-07-11,0.005238,40.3
2016-07-12,0.009181,40.67
2016-07-13,-0.000983,40.63
2016-07-14,0.01526,41.25
2016-07-15,0.015515,41.89
2016-07-18,-0.000239,41.88
2016-07-19,0.002149,41.97
2016-07-20,0.0,41.97
2016-07-21,-0.002144,41.88
2016-07-22,0.007402,42.19
2016-07-25,-0.005214,41.97
2016-07-26,0.0,41.97
2016-07-27,0.000953,42.01
2016-07-28,0.001666,42.08
2016-07-29,0.002139,42.17
2016-08-01,-0.01162,41.68
2016-08-02,-0.005998,41.43
2016-08-03,0.016896,42.13
2016-08-04,-0.002374,42.03
2016-08-05,0.022365,42.97
2016-08-08,-0.000698,42.94
2016-08-09,-0.002562,42.83
2016-08-10,-0.007705,42.5
2016-08-11,0.007529,42.82
2016-08-12,-0.002102,42.73
2016-08-15,0.005851,42.98
2016-08-16,0.000931,43.02
2016-08-17,0.004649,43.22
2016-08-18,0.0,43.22
2016-08-19,0.003008,43.35
2016-08-22,0.000461,43.37
2016-08-23,0.001614,43.44
2016-08-24,-0.004604,43.24
2016-08-25,0.0037,43.4
2016-08-26,0.0,43.4
2016-08-29,0.010138,43.84
2016-08-30,0.005474,44.08
2016-08-31,0.001588,44.15
2016-09-01,-0.002718,44.03
2016-09-02,0.002953,44.16
2016-09-06,-0.006793,43.86
2016-09-07,-0.00456,43.66
2016-09-08,0.004123,43.84
2016-09-09,-0.009808,43.41
2016-09-12,0.008984,43.8
2016-09-13,-0.013014,43.23
2016-09-14,-0.007171,42.92
2016-09-15,0.002563,43.03
2016-09-16,-0.009993,42.6
2016-09-19,0.006103,42.86
2016-09-20,0.003733,43.02
2016-09-21,0.005579,43.26
2016-09-22,-0.00208,43.17
2016-09-23,-0.004864,42.96
2016-09-26,-0.011406,42.47
2016-09-27,0.010125,42.9
2016-09-28,0.004429,42.81
2016-09-29,-0.007709,42.48
2016-09-30,0.009652,42.89
2016-10-03,-0.005363,42.66
2016-10-04,0.004454,42.85
2016-10-05,0.01867,43.65
2016-10-06,0.005498,43.89
2016-10-07,-0.004329,43.7
2016-10-10,0.002288,43.8
2016-10-11,-0.011644,43.29
2016-10-12,0.002541,43.4
2016-10-13,-0.011982,42.88
2016-10-14,-0.0007,42.85
2016-10-17,-0.003034,42.72
2016-10-18,0.006788,43.01
2016-10-19,0.013253,43.58
2016-10-20,0.00849,43.95
2016-10-21,-0.002275,43.85
2016-10-24,0.003877,44.02
2016-10-25,-0.004089,43.84
2016-10-26,0.008896,44.23
2016-10-27,0.010626,44.7
2016-10-28,-0.001342,44.64
2016-10-31,0.002688,44.76
2016-11-01,-0.006702,44.46
2016-11-02,-0.010346,44.0
2016-11-03,0.001136,44.05
2016-11-04,-0.002724,43.93
2016-11-07,0.022536,44.92
2016-11-08,0.001336,44.98
2016-11-09,0.037572,46.67
2016-11-10,0.020142,47.61
2016-11-11,0.006091,47.9
2016-11-14,0.017328,48.73
2016-11-15,-0.000616,48.7
2016-11-16,-0.017043,47.87
2016-11-17,0.016921,48.68
2016-11-18,0.011298,49.23
2016-11-21,0.001016,49.28
2016-11-22,-0.005073,49.03
2016-11-23,0.006527,49.35
2016-11-25,0.001418,49.42
2016-11-28,-0.010522,48.9
2016-11-29,0.00409,49.1
2016-11-30,0.010591,49.62
2016-12-01,0.015518,50.39
2016-12-02,-0.00774,50.0
2016-12-05,0.0072,50.36
2016-12-06,0.007347,50.73
2016-12-07,0.012419,51.36
2016-12-08,0.010514,51.9
2016-12-09,0.002697,52.04
2016-12-12,-0.008839,51.58
2016-12-13,0.002326,51.7
2016-12-14,0.00058,51.73
2016-12-15,0.004833,51.98
2016-12-16,-0.004617,51.74
2016-12-19,0.002513,51.87
2016-12-20,0.012917,52.54
2016-12-21,-0.007042,52.17
2016-12-22,-0.000383,52.15
2016-12-23,0.000959,52.2
2016-12-27,0.002107,52.31
2016-12-28,-0.004779,51.78
2016-12-29,-0.00927,51.3
2016-12-30,0.001365,51.37
2017-01-03,0.001752,51.46
2017-01-04,0.007384,51.84
2017-01-05,-0.016782,50.97
2017-01-06,0.006474,51.3
2017-01-09,-0.004483,51.07
2017-01-10,0.002937,51.22
2017-01-11,0.011129,51.79
2017-01-12,-0.006951,51.43
2017-01-13,0.005055,51.69
2017-01-17,-0.026698,50.31
2017-01-18,0.004969,50.56
2017-01-19,0.003362,50.73
2017-01-20,0.009265,51.2
2017-01-23,-0.004492,50.97
2017-01-24,0.015696,51.77
2017-01-25,0.013135,52.45
2017-01-26,0.009533,52.95
2017-01-27,0.000755,52.99
2017-01-30,-0.002642,52.85
2017-01-31,-0.003784,52.65
2017-02-01,0.007217,53.03
2017-02-02,0.001886,53.13
2017-02-03,0.009976,53.66
2017-02-06,-0.004845,53.4
2017-02-07,-0.003745,53.2
2017-02-08,-0.005827,52.89
2017-02-09,0.01229,53.54
2017-02-10,0.001307,53.61
2017-02-13,0.0097,54.13
2017-02-14,0.007759,54.55
2017-02-15,0.010816,55.14
2017-02-16,-0.002358,55.01
2017-02-17,-0.002363,54.88
2017-02-21,0.005831,55.2
2017-02-22,0.001993,55.31
2017-02-23,0.001627,55.4
2017-02-24,-0.005415,55.1
2017-02-27,0.003448,55.29
2017-02-28,-0.005245,55.0
2017-03-01,0.025636,56.41
2017-03-02,-0.016486,55.48
2017-03-03,0.001262,55.55
2017-03-06,-0.00468,55.29
2017-03-07,-0.004703,55.03
2017-03-08,-0.002908,54.87
2017-03-09,0.001276,54.94
2017-03-10,0.0,54.94
2017-03-13,-0.000364,54.92
2017-03-14,0.001457,55.0
2017-03-15,-0.000727,54.96
2017-03-16,0.001274,55.03
2017-03-17,-0.006178,54.69
2017-03-20,-0.008228,54.24
2017-03-21,-0.028577,52.69
2017-03-22,-0.001708,52.6
2017-03-23,-0.00038,52.58
2017-03-24,-0.00019,52.57
2017-03-27,-0.007038,52.2
2017-03-28,0.00977,52.71
2017-03-29,-0.012901,51.75
2017-03-30,0.00715,52.12
2017-03-31,-0.011896,51.5
2017-04-03,0.000971,51.55
2017-04-04,-0.001746,51.46
2017-04-05,-0.008162,51.04
2017-04-06,0.006074,51.35
2017-04-07,-0.003895,51.15
2017-04-10,-0.007234,50.78
2017-04-11,0.002166,50.89
2017-04-12,-0.003734,50.7
2017-04-13,-0.014201,49.98
2017-04-17,0.011205,50.54
2017-04-18,-0.014642,49.8
2017-04-19,-0.002209,49.69
2017-04-20,0.019924,50.68
2017-04-21,-0.003354,50.51
2017-04-24,0.020788,51.56
2017-04-25,0.011055,52.13
2017-04-26,-0.000192,52.12
2017-04-27,-0.003837,51.92
2017-04-28,-0.012327,51.28
2017-05-01,0.00819,51.7
2017-05-02,-0.002515,51.57
2017-05-03,0.01241,52.21
2017-05-04,0.001915,52.31
2017-05-05,-0.010323,51.77
2017-05-08,0.004443,52.0
2017-05-09,-0.008077,51.58
2017-05-10,0.007561,51.97
2017-05-11,-0.00635,51.64
2017-05-12,-0.004454,51.41
2017-05-15,0.007003,51.77
2017-05-16,0.00367,51.96
2017-05-17,-0.028868,50.46
2017-05-18,0.005549,50.74
2017-05-19,0.007095,51.1
2017-05-22,0.006654,51.44
2017-05-23,0.010109,51.96
2017-05-24,-0.003272,51.79
2017-05-25,-0.000386,51.77
2017-05-26,-0.006374,51.44
2017-05-30,-0.00661,51.1
2017-05-31,-0.00411,50.89
2017-06-01,0.012576,51.53
2017-06-02,-0.004463,51.3
2017-06-05,0.000585,51.33
2017-06-06,-0.008767,50.88
2017-06-07,0.00511,51.14
2017-06-08,0.012515,51.78
2017-06-09,0.021437,52.89
2017-06-12,-0.000756,52.85
2017-06-13,0.001703,52.94
2017-06-14,-0.001889,52.84
2017-06-15,-0.008706,52.38
2017-06-16,-0.0021,52.27
2017-06-19,0.005739,52.57
2017-06-20,-0.004375,52.34
2017-06-21,-0.006496,52.0
2017-06-22,-0.013462,51.3
2017-06-23,-0.010331,50.77
2017-06-26,0.004727,51.01
2017-06-27,0.008038,51.42
2017-06-28,0.016336,51.98
2017-06-29,-0.003848,51.78
2017-06-30,0.002704,51.92
2017-07-03,0.012712,52.58
2017-07-05,0.001521,52.66
2017-07-06,-0.009115,52.18
2017-07-07,0.005366,52.46
2017-07-10,-0.002859,52.31
2017-07-11,-0.010323,51.77
2017-07-12,0.002511,51.9
2017-07-13,0.006166,52.22
2017-07-14,-0.002681,52.08
2017-07-17,-0.00096,52.03
2017-07-18,-0.007688,51.63
2017-07-19,0.008716,52.08
2017-07-20,0.00768,52.48
2017-07-21,-0.00686,52.12
2017-07-24,0.012855,52.79
2017-07-25,0.007198,53.17
2017-07-26,-0.013918,52.43
2017-07-27,0.0,52.43
2017-07-28,0.00267,52.57
2017-07-31,0.003995,52.78
2017-08-01,0.003221,52.95
2017-08-02,0.000755,52.99
2017-08-03,-0.00585,52.68
2017-08-04,0.008352,53.12
2017-08-07,0.0,53.12
2017-08-08,0.001318,53.19
2017-08-09,0.000752,53.23
2017-08-10,-0.015968,52.38
2017-08-11,-0.0063,52.05
2017-08-14,0.014217,52.79
2017-08-15,0.003599,52.98
2017-08-16,-0.002454,52.85
2017-08-17,-0.021381,51.72
2017-08-18,-0.000773,51.68
2017-08-21,-0.000194,51.67
2017-08-22,0.005225,51.94
2017-08-23,-0.002503,51.81
2017-08-24,0.000772,51.85
2017-08-25,0.004243,52.07
2017-08-28,-0.002113,51.96
2017-08-29,-0.008853,51.5
2017-08-30,0.001748,51.59
2017-08-31,-0.00659,51.25
2017-09-01,0.00839,51.68
2017-09-05,-0.015673,50.87
2017-09-06,0.000786,50.91
2017-09-07,-0.020625,49.86
2017-09-08,0.002407,49.98
2017-09-11,0.018007,50.88
2017-09-12,0.013561,51.57
2017-09-13,0.009114,52.04
2017-09-14,-0.007686,51.64
2017-09-15,0.003292,51.81
2017-09-18,0.011002,52.38
2017-09-19,0.014891,53.16
2017-09-20,0.006772,53.52
2017-09-21,0.004111,53.74
2017-09-22,-0.001303,53.67
2017-09-25,-0.001118,53.61
2017-09-26,-0.000187,53.6
2017-09-27,0.010261,54.15
2017-09-28,-0.006833,53.48
2017-09-29,0.002057,53.59
2017-10-02,-0.002799,53.44
2017-10-03,0.000561,53.47
2017-10-04,-0.005985,53.15
2017-10-05,0.011477,53.76
2017-10-06,0.007813,54.18
2017-10-09,-0.006091,53.85
2017-10-10,0.007057,54.23
2017-10-11,0.000553,54.26
2017-10-12,-0.004976,53.99
2017-10-13,0.002593,54.13
2017-10-16,0.002402,54.26
2017-10-17,-0.007003,53.88
2017-10-18,-0.011322,53.27
2017-10-19,0.006007,53.59
2017-10-20,0.00933,54.09
2017-10-23,0.00074,54.13
2017-10-24,0.001478,54.21
2017-10-25,-0.001291,54.14
2017-10-26,0.002955,54.3
2017-10-27,0.002578,54.44
2017-10-30,-0.003306,54.26
2017-10-31,0.002212,54.38
2017-11-01,0.001839,54.48
2017-11-02,0.007342,54.88
2017-11-03,-0.004191,54.65
2017-11-06,0.00366,54.85
2017-11-07,-0.025524,53.45
2017-11-08,-0.014406,52.68
2017-11-09,-0.01082,52.11
2017-11-10,-0.009595,51.61
2017-11-13,0.001356,51.68
2017-11-14,0.002903,51.83
2017-11-15,0.003473,52.01
2017-11-16,-0.003845,51.81
2017-11-17,0.001351,51.88
2017-11-20,0.000964,51.93
2017-11-21,-0.00077,51.89
2017-11-22,0.000385,51.91
2017-11-24,-0.001541,51.83
2017-11-27,-0.002122,51.72
2017-11-28,0.025135,53.02
2017-11-29,0.032818,54.76
2017-11-30,0.007122,55.15
2017-12-01,-0.004533,54.9
2017-12-04,0.013297,55.63
2017-12-05,-0.014561,54.82
2017-12-06,-0.004196,54.59
2017-12-07,0.005679,54.9
2017-12-08,0.008379,55.36
2017-12-11,-0.001626,55.27
2017-12-12,0.004161,55.5
2017-12-13,-0.016216,54.6
2017-12-14,-0.008242,54.15
2017-12-15,0.006464,54.5
2017-12-18,0.005138,54.78
2017-12-19,-0.004016,54.56
2017-12-20,-0.005499,54.26
2017-12-21,0.004976,54.53
2017-12-22,-0.001284,54.46
2017-12-26,-0.008263,54.01
2017-12-27,0.001111,54.07
2017-12-28,0.003329,53.95
2017-12-29,-0.006858,53.58
2018-01-02,0.008399,54.03
2018-01-03,0.009809,54.56
2018-01-04,0.007698,54.98
2018-01-05,0.006184,55.32
2018-01-08,0.001446,55.4
2018-01-09,0.006859,55.78
2018-01-10,0.00753,56.2
2018-01-11,0.008541,56.68
2018-01-12,0.005293,56.98
2018-01-16,0.003334,57.17
2018-01-17,-0.014518,56.34
2018-01-18,-0.003372,56.15
2018-01-19,0.005521,56.46
2018-01-22,0.014169,57.26
2018-01-23,-0.001397,57.18
2018-01-24,0.009969,57.75
2018-01-25,0.003983,57.98
2018-01-26,0.002242,58.11
2018-01-29,-0.002065,57.99
2018-01-30,-0.010174,57.4
2018-01-31,-0.00453,57.14
2018-02-01,0.0056,57.46
2018-02-02,-0.009746,56.9
2018-02-05,-0.04007,54.62
2018-02-06,0.0,54.62
2018-02-07,0.003296,54.8
2018-02-08,-0.039234,52.65
2018-02-09,0.020893,53.75
2018-02-12,0.004093,53.97
2018-02-13,0.00315,54.14
2018-02-14,0.021611,55.31
2018-02-15,-0.003797,55.1
2018-02-16,0.009256,55.61
2018-02-20,-0.012588,54.91
2018-02-21,0.00346,55.1
2018-02-22,-0.015064,54.27
2018-02-23,0.02248,55.49
2018-02-26,0.006307,55.84
2018-02-27,-0.014864,55.01
2018-02-28,-0.011816,54.36
2018-03-01,-0.021891,53.17
2018-03-02,0.004514,53.41
2018-03-05,0.010485,53.97
2018-03-06,0.003706,54.17
2018-03-07,-0.009415,53.66
2018-03-08,0.005218,53.94
2018-03-09,0.024842,55.28
2018-03-12,-0.004884,55.01
2018-03-13,-0.015634,54.15
2018-03-14,-0.016251,53.27
2018-03-15,0.00169,53.36
2018-03-16,-0.001874,53.26
2018-03-19,-0.008637,52.8
2018-03-20,-0.003788,52.6
2018-03-21,-0.000951,52.55
2018-03-22,-0.036156,50.65
2018-03-23,-0.027641,49.25
2018-03-26,0.041421,51.29
2018-03-27,-0.027881,49.86
2018-03-28,0.010229,50.07
2018-03-29,0.008588,50.5
2018-04-02,-0.016238,49.68
2018-04-03,0.011876,50.27
2018-04-04,0.008156,50.68
2018-04-05,0.007893,51.08
2018-04-06,-0.015662,50.28
2018-04-09,0.006166,50.59
2018-04-10,0.009686,51.08
2018-04-11,-0.010376,50.55
2018-04-12,0.01365,51.24
2018-04-13,-0.00566,50.95
2018-04-16,0.009028,51.41
2018-04-17,-0.007586,51.02
2018-04-18,-0.019992,50.0
2018-04-19,0.014,50.7
2018-04-20,-0.005325,50.43
2018-04-23,0.002181,50.54
2018-04-24,-0.002374,50.42
2018-04-25,0.007338,50.79
2018-04-26,-0.000197,50.78
2018-04-27,0.009256,51.25
2018-04-30,-0.01561,50.45
2018-05-01,0.005352,50.72
2018-05-02,-0.016956,49.86
2018-05-03,0.002407,49.98
2018-05-04,0.007203,50.34
2018-05-07,0.000397,50.36
2018-05-08,-0.000596,50.33
2018-05-09,0.009934,50.83
2018-05-10,0.006689,51.17
2018-05-11,0.006449,51.5
2018-05-14,-0.006214,51.18
2018-05-15,-0.001172,51.12
2018-05-16,-0.002543,50.99
2018-05-17,0.003138,51.15
2018-05-18,-0.01173,50.55
2018-05-21,0.002967,50.7
2018-05-22,0.007101,51.06
2018-05-23,-0.00235,50.94
2018-05-24,-0.0053,50.67
2018-05-25,-0.002566,50.54
2018-05-29,-0.033241,48.86
2018-05-30,0.020057,49.84
2018-05-31,0.00301,49.99
2018-06-01,0.015403,50.76
2018-06-04,0.002955,50.91
2018-06-05,0.006089,51.22
2018-06-06,0.010738,51.77
2018-06-07,0.001159,51.83
2018-06-08,0.004245,52.05
2018-06-11,-0.011527,51.45
2018-06-12,-0.004276,51.23
2018-06-13,-0.002928,51.08
2018-06-14,-0.002937,50.93
2018-06-15,0.008836,51.38
2018-06-18,-0.001946,51.28
2018-06-19,0.007215,51.65
2018-06-20,-0.007357,51.27
2018-06-21,-0.005461,50.99
2018-06-22,-0.004511,50.76
2018-06-25,-0.003546,50.58
2018-06-26,-0.007513,50.2
2018-06-27,-0.007371,49.83
2018-06-28,0.001806,49.62
2018-06-29,0.008061,50.02
2018-07-02,0.007797,50.41
2018-07-03,-0.008728,49.97
2018-07-05,-0.0008,49.93
2018-07-06,0.005608,50.21
2018-07-09,0.023103,51.37
2018-07-10,-0.000389,51.35
2018-07-11,-0.001753,51.26
2018-07-12,0.001951,51.36
2018-07-13,-0.008762,50.91
2018-07-16,0.007661,51.3
2018-07-17,0.0,51.3
2018-07-18,-0.011306,50.72
2018-07-19,0.012618,51.36
2018-07-20,-0.005841,51.06
2018-07-23,0.015864,51.87
2018-07-24,-0.004241,51.65
2018-07-25,-0.000581,51.62
2018-07-26,0.014336,52.36
2018-07-27,0.004584,52.6
2018-07-30,0.007224,52.98
2018-07-31,0.000566,53.01
2018-08-01,-0.007546,52.61
2018-08-02,-0.00114,52.55
2018-08-03,0.006851,52.91
2018-08-06,0.000378,52.93
2018-08-07,0.00699,53.3
2018-08-08,0.004128,53.52
2018-08-09,-0.000747,53.48
2018-08-10,-0.007105,53.1
2018-08-13,-0.013748,52.37
2018-08-14,0.015276,53.17
2018-08-15,-0.010908,52.59
2018-08-16,0.010839,53.16
2018-08-17,0.002445,53.29
2018-08-20,0.009946,53.82
2018-08-21,0.006875,54.19
2018-08-22,-0.004613,53.94
2018-08-23,-0.002595,53.8
2018-08-24,0.003903,54.01
2018-08-27,0.008332,54.46
2018-08-28,-0.004774,54.2
2018-08-29,0.002399,54.33
2018-08-30,-0.005338,54.04
2018-08-31,0.001295,54.11
2018-09-04,0.002403,54.24
2018-09-05,0.001659,54.33
2018-09-06,0.0,54.33
2018-09-07,-0.002577,54.19
2018-09-10,-0.001107,54.13
2018-09-11,0.001293,54.2
2018-09-12,-0.011993,53.55
2018-09-13,0.008777,54.02
2018-09-14,0.002221,54.14
2018-09-17,-0.000185,54.13
2018-09-18,0.000369,54.15
2018-09-19,0.01422,54.92
2018-09-20,0.00783,55.35
2018-09-21,-0.003794,55.14
2018-09-24,-0.013058,54.42
2018-09-25,-0.00294,54.26
2018-09-26,-0.011979,53.61
2018-09-27,-0.005783,52.93
2018-09-28,-0.002267,52.81
2018-10-01,0.000379,52.83
2018-10-02,-0.001704,52.74
2018-10-03,0.013083,53.43
2018-10-04,0.004679,53.68
2018-10-05,-0.003726,53.48
2018-10-08,0.008414,53.93
2018-10-09,0.000371,53.95
2018-10-10,-0.011492,53.33
2018-10-11,-0.028314,51.82
2018-10-12,-0.019877,50.79
2018-10-15,-0.005513,50.51
2018-10-16,0.009107,50.97
2018-10-17,0.037865,52.9
2018-10-18,-0.014556,52.13
2018-10-19,0.007098,52.5
2018-10-22,-0.020381,51.43
2018-10-23,-0.001167,51.37
2018-10-24,-0.021219,50.28
2018-10-25,0.01969,51.27
2018-10-26,-0.007022,50.91
2018-10-29,0.012768,51.56
2018-10-30,0.01474,52.32
2018-10-31,-0.000956,52.27
2018-11-01,-0.002678,52.13
2018-11-02,-0.001151,52.07
2018-11-05,0.005185,52.34
2018-11-06,0.005732,52.64
2018-11-07,-0.00114,52.58
2018-11-08,0.006656,52.93
2018-11-09,0.004156,53.15
2018-11-12,-0.004327,52.92
2018-11-13,0.01455,53.69
2018-11-14,0.005774,54.0
2018-11-15,0.012222,54.66
2018-11-16,0.004757,54.92
2018-11-19,0.001457,55.0
2018-11-20,-0.016182,54.11
2018-11-21,-0.007947,53.68
2018-11-23,-0.002981,53.52
2018-11-26,0.011958,54.16
2018-11-27,-0.008124,53.72
2018-11-28,0.010611,54.29
2018-11-29,-0.004605,54.04
2018-11-30,0.007772,54.46
2018-12-03,-0.001102,54.4
2018-12-04,-0.033088,52.6
2018-12-06,-0.004943,52.34
2018-12-07,-0.011081,51.76
2018-12-10,-0.022798,50.58
2018-12-11,-0.009095,50.12
2018-12-12,0.0002,50.13
2018-12-13,-0.018751,49.19
2018-12-14,-0.008945,48.75
2018-12-17,-0.016615,47.94
2018-12-18,-0.014184,47.26
2018-12-19,-0.022006,46.22
2018-12-20,-0.009736,45.77
2018-12-21,-0.025344,44.61
2018-12-24,-0.019054,43.76
2018-12-26,0.037249,45.39
2018-12-27,0.005728,45.65
2018-12-28,-0.001533,45.21
2018-12-31,0.010838,45.7
2019-01-02,0.014223,46.35
2019-01-03,-0.014024,45.7
2019-01-04,0.024727,46.83
2019-01-07,-0.004698,46.61
2019-01-08,0.006436,46.91
2019-01-09,0.010659,47.41
2019-01-10,-0.002109,47.31
2019-01-11,0.002748,47.44
2019-01-14,0.007378,47.79
2019-01-15,0.003766,47.97
2019-01-16,0.023765,49.11
2019-01-17,0.013032,49.75
2019-01-18,0.009447,50.22
2019-01-22,-0.001593,50.14
2019-01-23,0.007778,50.53
2019-01-24,0.007124,50.89
2019-01-25,0.009432,51.37
2019-01-28,-0.001947,51.27
2019-01-29,-0.004291,51.05
2019-01-30,-0.000196,51.04
2019-01-31,0.002351,51.16
2019-02-01,0.002541,51.29
2019-02-04,0.005459,51.57
2019-02-05,-0.001745,51.48
2019-02-06,-0.000777,51.44
2019-02-07,-0.009526,50.95
2019-02-08,-0.007262,50.58
2019-02-11,-0.000593,50.55
2019-02-12,0.013056,51.21
2019-02-13,-0.005858,50.91
2019-02-14,-0.008839,50.46
2019-02-15,0.016845,51.31
2019-02-19,0.0,51.31
2019-02-20,0.005652,51.6
2019-02-21,-0.010659,51.05
2019-02-22,0.004505,51.28
2019-02-25,0.006435,51.61
2019-02-26,-0.006007,51.3
2019-02-27,0.004678,51.54
2019-02-28,0.00291,51.69
2019-03-01,0.00058,51.72
2019-03-04,-0.000967,51.67
2019-03-05,-0.002516,51.54
2019-03-06,-0.008537,51.1
2019-03-07,-0.008219,50.68
2019-03-08,0.003749,50.87
2019-03-11,0.011598,51.46
2019-03-12,-0.007967,51.05
2019-03-13,0.010382,51.58
2019-03-14,0.00252,51.71
2019-03-15,0.006962,52.07
2019-03-18,0.007298,52.45
2019-03-19,-0.009914,51.93
2019-03-20,-0.030041,50.37
2019-03-21,-0.014096,49.66
2019-03-22,-0.027789,48.28
2019-03-25,-0.003728,48.1
2019-03-26,0.008524,48.51
2019-03-27,-0.007833,48.13
2019-03-28,0.005818,48.04
2019-03-29,0.003122,48.19
2019-04-01,0.018261,49.07
2019-04-02,0.001427,49.14
2019-04-03,0.005698,49.42
2019-04-04,0.007487,49.79
2019-04-05,-0.001808,49.7
2019-04-08,0.003622,49.88
2019-04-09,-0.013232,49.22
2019-04-10,0.001625,49.3
2019-04-11,0.006288,49.61
2019-04-12,0.012296,50.22
2019-04-15,-0.006571,49.89
2019-04-16,0.007817,50.28
2019-04-17,0.007757,50.67
2019-04-18,0.010657,51.21
2019-04-22,-0.000195,51.2
2019-04-23,0.00957,51.69
2019-04-24,-0.000193,51.68
2019-04-25,0.003096,51.84
2019-04-26,0.009645,52.34
2019-04-29,0.01261,53.0
2019-04-30,0.006038,53.32
2019-05-01,-0.003938,53.11
2019-05-02,0.001318,53.18
2019-05-03,0.005641,53.48
2019-05-06,-0.002618,53.34
2019-05-07,-0.014623,52.56
2019-05-08,-0.006469,52.22
2019-05-09,-0.001915,52.12
2019-05-10,0.000959,52.17
2019-05-13,-0.026069,50.81
2019-05-14,0.004723,51.05
2019-05-15,-0.005093,50.79
2019-05-16,0.013979,51.5
2019-05-17,0.001165,51.56
2019-05-20,0.003103,51.72
2019-05-21,0.00348,51.9
2019-05-22,-0.000963,51.85
2019-05-23,-0.013115,51.17
2019-05-24,0.003127,51.33
2019-05-28,-0.012858,50.67
2019-05-29,-0.001381,50.6
2019-05-30,-0.003953,50.4
2019-05-31,-0.003968,50.2
2019-06-03,0.010558,50.73
2019-06-04,0.029174,52.21
2019-06-05,0.005746,52.51
2019-06-06,0.004951,52.77
2019-06-07,-0.001895,52.67
2019-06-10,0.004367,52.9
2019-06-11,0.005293,53.18
2019-06-12,-0.009214,52.69
2019-06-13,0.0,52.69
2019-06-14,-0.001329,52.62
2019-06-17,-0.021095,51.51
2019-06-18,0.013201,52.19
2019-06-19,-0.001341,52.12
2019-06-20,0.000767,52.16
2019-06-21,0.001917,52.26
2019-06-24,0.000765,52.3
2019-06-25,-0.004971,52.04
2019-06-26,-0.001153,51.98
2019-06-27,0.007118,51.98
2019-06-28,0.00808,52.4
2019-07-01,0.011641,53.01
2019-07-02,-0.001509,52.93
2019-07-03,0.006046,53.25
2019-07-05,0.008075,53.68
2019-07-08,-0.010805,53.1
2019-07-09,0.00452,53.34
2019-07-10,-0.003,53.18
2019-07-11,0.005453,53.47
2019-07-12,0.002431,53.6
2019-07-15,-0.008955,53.12
2019-07-16,-0.001506,53.04
2019-07-17,0.022247,54.22
2019-07-18,0.01789,55.19
2019-07-19,-0.003443,55.0
2019-07-22,0.006,55.33
2019-07-23,0.012651,56.03
2019-07-24,0.009995,56.59
2019-07-25,-0.00053,56.56
2019-07-26,0.014498,57.38
2019-07-29,-0.005577,57.06
2019-07-30,0.001402,57.14
2019-07-31,0.000175,57.15
2019-08-01,-0.025547,55.69
2019-08-02,-0.004669,55.43
2019-08-05,-0.042937,53.05
2019-08-06,0.009614,53.56
2019-08-07,-0.017737,52.61
2019-08-08,0.006653,52.96
2019-08-09,-0.00321,52.79
2019-08-12,-0.010419,52.24
2019-08-13,0.011294,52.83
2019-08-14,-0.036532,50.9
2019-08-15,0.007466,51.28
2019-08-16,0.019501,52.28
2019-08-19,0.00746,52.67
2019-08-20,-0.019746,51.63
2019-08-21,0.004455,51.86
2019-08-22,0.003664,52.05
2019-08-23,-0.021134,50.95
2019-08-26,0.006673,51.29
2019-08-27,-0.004874,51.04
2019-08-28,0.01058,51.58
2019-08-29,0.015704,52.39
2019-08-30,0.005726,52.69
2019-09-03,-0.012716,52.02
2019-09-04,0.008458,52.46
2019-09-05,0.01544,53.27
2019-09-06,0.002628,53.41
2019-09-09,0.028085,54.91
2019-09-10,0.017301,55.86
2019-09-11,0.001611,55.95
2019-09-12,-0.003932,55.73
2019-09-13,0.00628,56.08
2019-09-16,-0.003923,55.86
2019-09-17,0.000716,55.9
2019-09-18,0.000179,55.91
2019-09-19,-0.001967,55.8
2019-09-20,-0.006452,55.44
2019-09-23,0.004329,55.68
2019-09-24,-0.006286,55.33
2019-09-25,0.00741,55.74
2019-09-26,-0.00305,55.57
2019-09-27,0.005039,55.43
2019-09-30,-0.001624,55.34
2019-10-01,-0.028189,53.78
2019-10-02,-0.016735,52.88
2019-10-03,0.003215,53.05
2019-10-04,0.019604,54.09
2019-10-07,-0.002958,53.93
2019-10-08,-0.028741,52.38
2019-10-09,0.004391,52.61
2019-10-10,0.007793,53.02
2019-10-11,0.008487,53.47
2019-10-14,-0.003927,53.26
2019-10-15,0.009388,53.76
2019-10-16,0.015067,54.57
2019-10-17,0.002566,54.71
2019-10-18,0.00658,55.07
2019-10-21,0.020338,56.19
2019-10-22,0.008187,56.65
2019-10-23,-0.001236,56.58
2019-10-24,-0.004772,56.31
2019-10-25,0.007636,56.74
2019-10-28,0.004935,57.02
2019-10-29,0.005612,57.34
2019-10-30,-0.003837,57.12
2019-10-31,-0.001751,57.02
2019-11-01,0.009821,57.58
2019-11-04,0.009726,58.14
2019-11-05,0.00774,58.59
2019-11-06,0.002901,58.76
2019-11-07,0.005786,59.1
2019-11-08,-0.003384,58.9
2019-11-11,-0.004414,58.64
2019-11-12,-0.002729,58.48
2019-11-13,0.002223,58.61
2019-11-14,-0.000682,58.57
2019-11-15,0.008878,59.09
2019-11-18,0.007954,59.56
2019-11-19,-0.002351,59.42
2019-11-20,-0.005217,59.11
2019-11-21,0.006429,59.49
2019-11-22,0.009413,60.05
2019-11-25,-0.00383,59.82
2019-11-26,0.001672,59.92
2019-11-27,0.004506,60.19
2019-11-29,-0.002658,60.03
2019-12-02,-0.004498,59.76
2019-12-03,-0.013889,58.93
2019-12-04,0.006448,59.31
2019-12-05,0.00489,59.6
2019-12-06,0.00906,60.14
2019-12-09,-0.002328,60.0
2019-12-10,-0.000833,59.95
2019-12-11,-0.011676,59.25
2019-12-12,0.021941,60.55
2019-12-13,-0.004624,60.27
2019-12-16,0.006471,60.66
2019-12-17,0.00033,60.68
2019-12-18,-0.009723,60.09
2019-12-19,-0.001331,60.01
2019-12-20,-0.003999,59.77
2019-12-23,-0.003179,59.58
2019-12-24,0.001511,59.67
2019-12-26,0.008044,60.15
2019-12-27,-0.006983,59.73
2019-12-30,-0.002344,59.17
2019-12-31,0.002028,59.29
2020-01-02,-0.001518,59.2
2020-01-03,-0.011655,58.51
2020-01-06,-0.013673,57.71
2020-01-07,-0.00953,57.16
2020-01-08,-0.002099,57.04
2020-01-09,0.000351,57.06
2020-01-10,-0.006835,56.67
2020-01-13,0.000706,56.71
2020-01-14,-0.002116,56.59
2020-01-15,-0.028627,54.97
2020-01-16,0.004002,55.19
2020-01-17,0.002899,55.35
2020-01-21,-0.016802,54.42
2020-01-22,0.009555,54.94
2020-01-23,-0.001092,54.88
2020-01-24,-0.018951,53.84
2020-01-27,-0.005572,53.54
2020-01-28,0.005977,53.86
2020-01-29,-0.004827,53.6
2020-01-30,0.012127,54.25
2020-01-31,-0.018986,53.22
2020-02-03,0.008831,53.69
2020-02-04,0.009872,54.22
2020-02-05,0.018075,55.2
2020-02-06,-0.007246,54.8
2020-02-07,-0.003285,54.62
2020-02-10,0.000366,54.64
2020-02-11,0.005307,54.93
2020-02-12,-0.002185,54.81
2020-02-13,0.006751,55.18
2020-02-14,-0.001269,55.11
2020-02-18,-0.012521,54.42
2020-02-19,0.006064,54.75
2020-02-20,0.000913,54.8
2020-02-21,-0.004562,54.55
2020-02-24,-0.026948,53.08
2020-02-25,-0.044461,50.72
2020-02-26,-0.020899,49.66
2020-02-27,-0.043093,47.52
2020-02-28,-0.022727,46.44
2020-03-02,0.037037,48.16
2020-03-03,-0.042774,46.1
2020-03-04,0.012148,46.66
2020-03-05,-0.061723,43.78
2020-03-06,-0.030379,42.45
2020-03-09,-0.144405,36.32
2020-03-10,0.063877,38.64
2020-03-11,-0.062888,36.21
2020-03-12,-0.127037,31.61
2020-03-13,0.173679,37.1
2020-03-16,-0.122102,32.57
2020-03-17,0.035309,33.72
2020-03-18,-0.021352,33.0
2020-03-19,0.006364,33.21
2020-03-20,-0.019271,32.57
2020-03-23,-0.111759,28.93
2020-03-24,0.078465,31.2
2020-03-25,0.026603,32.03
2020-03-26,0.129566,36.18
2020-03-27,-0.011332,35.77
2020-03-30,0.014537,35.87
2020-03-31,-0.039587,34.45
2020-04-01,-0.07315,31.93
2020-04-02,0.023176,32.67
2020-04-03,-0.045301,31.19
2020-04-06,0.101956,34.37
2020-04-07,0.002328,34.45
2020-04-08,0.034833,35.65
2020-04-09,0.067321,38.05
2020-04-13,-0.033114,36.79
2020-04-14,-0.02691,35.8
2020-04-15,-0.068994,33.33
2020-04-16,-0.046505,31.78
2020-04-17,0.10321,35.06
2020-04-20,-0.023103,34.25
2020-04-21,-0.04438,32.73
2020-04-22,0.015888,33.25
2020-04-23,0.003609,33.37
2020-04-24,0.018879,34.0
2020-04-27,0.055294,35.88
2020-04-28,0.02146,36.65
2020-04-29,0.049386,38.46
2020-04-30,-0.050962,36.5
2020-05-01,-0.04274,34.94
2020-05-04,-0.013452,34.47
2020-05-05,-0.02698,33.54
2020-05-06,-0.009839,33.21
2020-05-07,0.02981,34.2
2020-05-08,0.016082,34.75
2020-05-11,-0.040288,33.35
2020-05-12,-0.050975,31.65
2020-05-13,-0.06951,29.45
2020-05-14,0.058404,31.17
2020-05-15,-0.01572,30.68
2020-05-18,0.074316,32.96
2020-05-19,-0.02943,31.99
2020-05-20,0.033448,33.06
2020-05-21,-0.004235,32.92
2020-05-22,0.000304,32.93
2020-05-26,0.088066,35.83
2020-05-27,0.049958,37.62
2020-05-28,-0.029506,36.51
2020-05-29,-0.02602,35.56
2020-06-01,0.031777,36.69
2020-06-02,-0.001908,36.62
2020-06-03,0.056254,38.68
2020-06-04,0.035936,40.07
2020-06-05,0.0574,42.37
2020-06-08,0.026906,43.51
2020-06-09,-0.032406,42.1
2020-06-10,-0.066033,39.32
2020-06-11,-0.080875,36.14
2020-06-12,0.037908,37.51
2020-06-15,0.033858,38.78
2020-06-16,0.014441,39.34
2020-06-17,-0.021098,38.51
2020-06-18,0.001558,38.57
2020-06-19,0.007778,38.87
2020-06-22,-0.016722,38.22
2020-06-23,0.009942,38.6
2020-06-24,-0.044819,36.87
2020-06-25,0.032004,38.05
2020-06-26,-0.0523,36.06
2020-06-29,0.019689,36.35
2020-06-30,0.01293,36.82
2020-07-01,-0.022814,35.98
2020-07-02,-0.002501,35.89
2020-07-06,0.026191,36.83
2020-07-07,-0.03394,35.58
2020-07-08,-0.001968,35.51
2020-07-09,-0.036328,34.22
2020-07-10,0.064874,36.44
2020-07-13,0.010703,36.83
2020-07-14,-0.014662,36.29
2020-07-15,0.0372,37.64
2020-07-16,-0.002125,37.56
2020-07-17,-0.040735,36.03
2020-07-20,-0.012767,35.57
2020-07-21,0.028957,36.6
2020-07-22,-0.00929,36.26
2020-07-23,0.014065,36.77
2020-07-24,0.004079,36.92
2020-07-27,-0.020585,36.16
2020-07-28,0.004425,36.32
2020-07-29,0.038271,37.71
2020-07-30,-0.021215,36.91
2020-07-31,-0.001897,36.84
2020-08-03,-0.001086,36.8
2020-08-04,-0.015489,36.23
2020-08-05,0.017389,36.86
2020-08-06,-0.001899,36.79
2020-08-07,0.018211,37.46
2020-08-10,0.000267,37.47
2020-08-11,0.02135,38.27
2020-08-12,-0.01202,37.81
2020-08-13,-0.011637,37.37
2020-08-14,0.010971,37.78
2020-08-17,-0.022499,36.93
2020-08-18,-0.016247,36.33
2020-08-19,-0.004679,36.16
2020-08-20,-0.01521,35.61
2020-08-21,-0.011233,35.21
2020-08-24,0.043738,36.75
2020-08-25,-0.00381,36.61
2020-08-26,-0.010653,36.22
2020-08-27,0.019878,36.94
2020-08-28,0.007039,37.2
2020-08-31,-0.021505,36.4
2020-09-01,0.007967,36.69
2020-09-02,0.025075,37.61
2020-09-03,-0.003988,37.46
2020-09-04,0.022691,38.31
2020-09-08,-0.041504,36.72
2020-09-09,-0.005174,36.53
2020-09-10,-0.020531,35.78
2020-09-11,0.025154,36.68
2020-09-14,0.032443,37.87
2020-09-15,-0.014523,37.32
2020-09-16,0.022508,38.16
2020-09-17,-0.007075,37.89
2020-09-18,-0.007126,37.62
2020-09-21,-0.038809,36.16
2020-09-22,-0.015763,35.59
2020-09-23,-0.030627,34.5
2020-09-24,0.006667,34.73
2020-09-25,0.012381,35.16
2020-09-28,0.026735,36.1
2020-09-29,-0.010526,35.3
2020-09-30,0.015581,35.85
2020-10-01,0.004184,36.0
2020-10-02,0.021389,36.77
2020-10-05,0.026108,37.73
2020-10-06,-0.008216,37.42
2020-10-07,0.036612,38.79
2020-10-08,0.018304,39.5
2020-10-09,-0.008354,39.17
2020-10-12,0.014807,39.75
2020-10-13,-0.033459,38.42
2020-10-14,-0.004425,38.25
2020-10-15,0.023268,39.14
2020-10-16,0.0,39.14
2020-10-19,-0.004343,38.97
2020-10-20,0.006159,39.21
2020-10-21,-0.009946,38.82
2020-10-22,0.042762,40.48
2020-10-23,0.004447,40.66
2020-10-26,-0.017216,39.96
2020-10-27,-0.038789,38.41
2020-10-28,-0.028899,37.3
2020-10-29,0.020643,38.07
2020-10-30,0.023115,38.95
2020-11-02,0.020282,39.74
2020-11-03,0.027177,40.82
2020-11-04,-0.044586,39.0
2020-11-05,0.037436,40.46
2020-11-06,-0.031883,39.17
2020-11-09,0.127393,44.16
2020-11-10,-0.000453,44.14
2020-11-11,-0.008836,43.75
2020-11-12,-0.021486,42.81
2020-11-13,0.01168,43.31
2020-11-16,0.022397,44.28
2020-11-17,-0.005646,44.03
2020-11-18,-0.017488,43.26
2020-11-19,-0.000462,43.24
2020-11-20,-0.013414,42.66
2020-11-23,0.01008,43.09
2020-11-24,0.053609,45.4
2020-11-25,-0.015859,44.68
2020-11-27,-0.010519,44.21
2020-11-30,-0.022619,43.21
2020-12-01,0.024069,44.25
2020-12-02,0.009718,44.68
2020-12-03,0.006491,44.97
2020-12-04,0.008895,45.37
2020-12-07,-0.012563,44.8
2020-12-08,0.004018,44.98
2020-12-09,0.019342,45.85
2020-12-10,0.005889,46.12
2020-12-11,-0.006071,45.84
2020-12-14,-0.022469,44.81
2020-12-15,0.00848,45.19
2020-12-16,0.003541,45.35
2020-12-17,-0.001544,45.28
2020-12-18,-0.009276,44.86
2020-12-21,0.010477,45.33
2020-12-22,0.005736,45.59
2020-12-23,0.025006,46.73
2020-12-24,-0.005136,46.49
2020-12-28,0.003657,46.66
2020-12-29,-0.011359,46.13
2020-12-30,0.009538,46.15
2020-12-31,0.009534,46.59
2021-01-04,-0.010088,46.12
2021-01-05,0.003252,46.27
2021-01-06,0.059218,49.01
2021-01-07,0.019996,49.99
2021-01-08,-0.013403,49.32
2021-01-11,0.000406,49.34
2021-01-12,0.006283,49.65
2021-01-13,-0.00282,49.51
2021-01-14,-0.004646,49.28
2021-01-15,-0.017857,48.4
2021-01-19,-0.006818,48.07
2021-01-20,-0.051799,45.58
2021-01-21,0.001974,45.67
2021-01-22,0.00416,45.86
2021-01-25,-0.002181,45.76
2021-01-26,-0.012456,45.19
2021-01-27,-0.052667,42.81
2021-01-28,0.022425,43.77
2021-01-29,-0.021019,42.85
2021-02-01,-0.002334,42.75
2021-02-02,0.035088,44.25
2021-02-03,0.010847,44.73
2021-02-04,0.035323,46.31
2021-02-05,0.000864,46.35
2021-02-08,0.022654,47.4
2021-02-09,0.00443,47.61
2021-02-10,-0.005461,47.35
2021-02-11,-0.002112,47.25
2021-02-12,0.008254,47.64
2021-02-16,0.021201,48.65
2021-02-17,0.013361,49.3
2021-02-18,-0.004868,49.06
2021-02-19,0.019568,50.02
2021-02-22,0.018393,50.94
2021-02-23,0.013153,51.61
2021-02-24,0.023251,52.81
2021-02-25,-0.022344,51.63
2021-02-26,-0.031571,50.0
2021-03-01,0.0232,51.16
2021-03-02,-0.009969,50.65
2021-03-03,0.010069,51.16
2021-03-04,-0.002737,51.02
2021-03-05,0.02842,52.47
2021-03-08,0.030112,54.05
2021-03-09,-0.021277,52.9
2021-03-10,0.016635,53.78
2021-03-11,-0.007996,53.35
2021-03-12,0.02418,54.64
2021-03-15,-0.012079,53.98
2021-03-16,-0.002594,53.84
2021-03-17,0.012073,54.49
2021-03-18,0.032667,56.27
2021-03-19,-0.018838,55.21
2021-03-22,-0.017569,54.24
2021-03-23,-0.012168,53.58
2021-03-24,-0.002053,53.47
2021-03-25,0.026557,54.89
2021-03-26,0.024048,56.21
2021-03-29,-0.010852,55.6
2021-03-30,0.01241,55.87
2021-03-31,-0.010023,55.31
2021-04-01,0.009402,55.83
2021-04-05,0.009672,56.37
2021-04-06,-0.002484,56.23
2021-04-07,0.010315,56.81
2021-04-08,-0.000528,56.78
2021-04-09,0.008982,57.29
2021-04-12,0.006807,57.68
2021-04-13,-0.018204,56.63
2021-04-14,0.016776,57.58
2021-04-15,-0.021709,56.33
2021-04-16,0.027161,57.86
2021-04-19,-0.00242,57.72
2021-04-20,-0.025988,56.22
2021-04-21,0.013696,56.99
2021-04-22,-0.014564,56.16
2021-04-23,0.019053,57.23
2021-04-26,0.009785,57.79
2021-04-27,0.009171,58.32
2021-04-28,0.011145,58.97
2021-04-29,0.017975,60.03
2021-04-30,-0.011328,59.35
2021-05-03,-0.001011,59.29
2021-05-04,0.022095,60.6
2021-05-05,-0.003465,60.39
2021-05-06,0.017387,61.44
2021-05-07,-0.001139,61.37
2021-05-10,-0.003259,61.17
2021-05-11,-0.016675,60.15
2021-05-12,-0.009809,59.56
2021-05-13,0.025856,61.1
2021-05-14,0.013257,61.91
2021-05-17,0.004846,62.21
2021-05-18,-0.021861,60.85
2021-05-19,-0.012818,60.07
2021-05-20,-0.007325,59.63
2021-05-21,0.01241,60.37
2021-05-24,0.000828,60.42
2021-05-25,-0.012744,59.65
2021-05-26,0.001341,59.73
2021-05-27,0.01691,60.74
2021-05-28,0.000658,60.78
2021-06-01,0.003455,60.99
2021-06-02,-0.005247,60.67
2021-06-03,-0.000494,60.64
2021-06-04,0.002144,60.77
2021-06-07,-0.003785,60.54
2021-06-08,-0.00413,60.29
2021-06-09,-0.01725,59.25
2021-06-10,-0.010802,58.61
2021-06-11,0.009043,59.14
2021-06-14,-0.016571,58.16
2021-06-15,0.006018,58.51
2021-06-16,-0.001196,58.44
2021-06-17,-0.046543,55.72
2021-06-18,-0.017588,54.74
2021-06-21,0.022653,55.98
2021-06-22,-0.000715,55.94
2021-06-23,0.003575,56.14
2021-06-24,0.013181,56.88
2021-06-25,0.017053,57.85
2021-06-28,-0.005359,57.54
2021-06-29,-0.007994,56.66
2021-06-30,0.005471,56.97
2021-07-01,0.010707,57.58
2021-07-02,-0.000174,57.57
2021-07-06,-0.027098,56.01
2021-07-07,-0.000357,55.99
2021-07-08,-0.016967,55.04
2021-07-09,0.035065,56.97
2021-07-12,0.010707,57.58
2021-07-13,-0.011462,56.92
2021-07-14,0.00123,56.99
2021-07-15,0.032111,58.82
2021-07-16,-0.028052,57.17
2021-07-19,-0.046528,54.51
2021-07-20,0.028986,56.09
2021-07-21,0.01979,57.2
2021-07-22,-0.024301,55.81
2021-07-23,-0.001613,55.72
2021-07-26,0.008256,56.18
2021-07-27,-0.000534,56.15
2021-07-28,-0.001959,56.04
2021-07-29,0.007138,56.44
2021-07-30,-0.015946,55.54
2021-08-02,-0.007382,55.13
2021-08-03,0.013786,55.89
2021-08-04,-0.014851,55.06
2021-08-05,0.013622,55.81
2021-08-06,0.021322,57.0
2021-08-09,0.000702,57.04
2021-08-10,0.011045,57.67
2021-08-11,0.019421,58.79
2021-08-12,0.001021,58.85
2021-08-13,-0.010705,58.22
2021-08-16,-0.011165,57.57
2021-08-17,-0.01407,56.76
2021-08-18,-0.012509,56.05
2021-08-19,-0.012667,55.34
2021-08-20,0.006144,55.68
2021-08-23,0.0088,56.17
2021-08-24,0.011394,56.81
2021-08-25,0.01461,57.64
2021-08-26,-0.00694,57.24
2021-08-27,0.018519,58.3
2021-08-30,-0.020926,57.08
2021-08-31,0.005431,57.39
2021-09-01,-0.021258,56.17
2021-09-02,0.004807,56.44
2021-09-03,-0.005138,56.15
2021-09-07,-0.005699,55.83
2021-09-08,-0.008777,55.34
2021-09-09,0.008674,55.82
2021-09-10,-0.006628,55.45
2021-09-13,0.019657,56.54
2021-09-14,-0.011143,55.91
2021-09-15,0.033804,57.8
2021-09-16,-0.012111,57.1
2021-09-17,-0.001576,57.01
2021-09-20,-0.023329,55.68
2021-09-21,0.025503,57.1
2021-09-22,0.014361,57.92
2021-09-23,0.023653,59.29
2021-09-24,0.008433,59.79
2021-09-27,0.02191,61.1
2021-09-28,-0.011129,60.42
2021-09-29,0.004965,60.26
2021-09-30,-0.013608,59.44
2021-10-01,0.022207,60.76
2021-10-04,-0.003785,60.53
2021-10-05,0.012556,61.29
2021-10-06,0.002611,61.45
2021-10-07,0.006998,61.88
2021-10-08,0.007272,62.33
2021-10-11,-0.007701,61.85
2021-10-12,-0.003072,61.66
2021-10-13,-0.003244,61.46
2021-10-14,-0.022454,60.08
2021-10-15,0.002497,60.23
2021-10-18,0.005811,60.58
2021-10-19,0.01271,61.35
2021-10-20,0.020049,62.58
2021-10-21,-0.006392,62.18
2021-10-22,0.009006,62.74
2021-10-25,-0.003507,62.52
2021-10-26,-0.00128,62.44
2021-10-27,-0.034593,60.28
2021-10-28,0.010783,60.93
2021-10-29,-0.009191,60.37
2021-11-01,0.006791,60.78
2021-11-02,0.001316,60.86
2021-11-03,0.015938,61.83
2021-11-04,-0.025069,60.28
2021-11-05,0.006802,60.69
2021-11-08,0.0,60.69
2021-11-09,-0.010216,60.07
2021-11-10,0.006992,60.49
2021-11-11,0.004794,60.78
2021-11-12,-0.004607,60.5
2021-11-15,-0.000661,60.46
2021-11-16,0.000992,60.52
2021-11-17,-0.019828,59.32
2021-11-18,-0.011295,58.65
2021-11-19,-0.018073,57.59
2021-11-22,0.024136,58.98
2021-11-23,0.018481,60.07
2021-11-24,-0.003829,59.84
2021-11-26,-0.039104,57.5
2021-11-29,-0.001739,57.4
2021-11-30,-0.035889,55.34
2021-12-01,-0.008854,54.85
2021-12-02,0.031905,56.6
2021-12-03,-0.017845,55.59
2021-12-06,0.023206,56.88
2021-12-07,0.014241,57.69
2021-12-08,-0.011267,57.04
2021-12-09,0.00298,57.21
2021-12-10,0.009789,57.77
2021-12-13,-0.016445,56.82
2021-12-14,0.008624,57.31
2021-12-15,-0.009946,56.74
2021-12-16,0.012161,57.43
2021-12-17,-0.029601,55.73
2021-12-20,-0.015432,54.87
2021-12-21,0.017678,55.84
2021-12-22,0.004119,56.07
2021-12-23,0.00428,56.31
2021-12-27,0.007636,56.74
2021-12-28,0.000176,56.75
2021-12-29,-0.002643,56.6
2021-12-30,0.000177,56.15
2021-12-31,0.000356,56.17
2022-01-03,0.019583,57.27
2022-01-04,0.026192,58.77
2022-01-05,-0.005275,58.46
2022-01-06,0.027198,60.05
2022-01-07,0.01582,61.0
2022-01-10,0.005902,61.36
2022-01-11,0.012386,62.12
2022-01-12,0.005956,62.49
2022-01-13,0.011202,63.19
2022-01-14,0.00095,63.25
2022-01-18,-0.016759,62.19
2022-01-19,-0.077504,57.37
2022-01-20,-0.007495,56.94
2022-01-21,-0.032315,55.1
2022-01-24,0.031035,56.81
2022-01-25,0.010562,57.41
2022-01-26,0.002613,57.56
2022-01-27,-0.002085,57.44
2022-01-28,0.011142,58.08
2022-01-31,0.001894,58.19
2022-02-01,0.01856,59.27
2022-02-02,0.008436,59.77
2022-02-03,-0.010373,59.15
2022-02-04,0.009298,59.7
2022-02-07,-0.00201,59.58
2022-02-08,0.0,59.58
2022-02-09,0.002853,59.75
2022-02-10,-0.009038,59.21
2022-02-11,-0.011147,58.55
2022-02-14,-0.011614,57.87
2022-02-15,0.012787,58.61
2022-02-16,-0.000171,58.6
2022-02-17,-0.025085,57.13
2022-02-18,-0.000525,57.1
2022-02-22,0.012259,57.8
2022-02-23,-0.019896,56.65
2022-02-24,-0.023301,55.33
2022-02-25,0.036328,57.34
2022-02-28,-0.013952,56.54
2022-03-01,-0.0474,53.86
2022-03-02,0.044003,56.23
2022-03-03,0.001423,56.31
2022-03-04,-0.018824,55.25
2022-03-07,-0.038914,53.1
2022-03-08,0.002825,53.25
2022-03-09,0.023662,54.51
2022-03-10,-0.027885,52.99
2022-03-11,-0.006416,52.65
2022-03-14,0.024691,53.95
2022-03-15,0.008341,54.4
2022-03-16,0.034559,56.28
2022-03-17,0.006574,56.65
2022-03-18,-0.002118,56.53
2022-03-21,-0.006545,56.16
2022-03-22,0.015313,57.02
2022-03-23,-0.020519,55.85
2022-03-24,0.003581,56.05
2022-03-25,0.01909,57.12
2022-03-28,-0.007178,56.71
2022-03-29,0.002821,56.87
2022-03-30,-0.021628,55.18
2022-03-31,-0.036789,53.15
2022-04-01,-0.004704,52.9
2022-04-04,-0.004537,52.66
2022-04-05,0.006457,53.0
2022-04-06,-0.000566,52.97
2022-04-07,-0.007363,52.58
2022-04-08,-0.006276,52.25
2022-04-11,-0.010144,51.72
2022-04-12,-0.017401,50.82
2022-04-13,-0.004132,50.61
2022-04-14,0.041494,52.71
2022-04-18,0.000569,52.74
2022-04-19,0.002655,52.88
2022-04-20,0.003215,53.05
2022-04-21,-0.007729,52.64
2022-04-22,-0.034385,50.83
2022-04-25,0.000197,50.84
2022-04-26,-0.015932,50.03
2022-04-27,-0.007795,49.64
2022-04-28,0.008058,50.04
2022-04-29,-0.029576,48.56
2022-05-02,0.005972,48.85
2022-05-03,0.012692,49.47
2022-05-04,0.021427,50.53
2022-05-05,-0.025529,49.24
2022-05-06,0.001015,49.29
2022-05-09,0.003043,49.44
2022-05-10,-0.001618,49.36
2022-05-11,-0.018233,48.46
2022-05-12,0.002683,48.59
2022-05-13,0.000206,48.6
2022-05-16,-0.00679,48.27
2022-05-17,0.028589,49.65
2022-05-18,-0.011078,49.1
2022-05-19,0.002851,49.24
2022-05-20,-0.000609,49.21
2022-05-23,0.031295,50.75
2022-05-24,0.005714,51.04
2022-05-25,0.002939,51.19
2022-05-26,0.018558,52.14
2022-05-27,0.006905,52.5
2022-05-31,0.010857,53.07
2022-06-01,-0.024873,51.75
2022-06-02,0.008309,52.18
2022-06-03,-0.0046,51.94
2022-06-06,0.005968,52.25
2022-06-07,0.005933,52.56
2022-06-08,-0.013699,51.84
2022-06-09,-0.029128,50.33
2022-06-10,-0.031989,48.72
2022-06-13,-0.034072,47.06
2022-06-14,-0.028474,45.72
2022-06-15,0.013998,46.36
2022-06-16,-0.020492,45.41
2022-06-17,0.0,45.41
2022-06-21,0.02026,46.33
2022-06-22,0.003669,46.5
2022-06-23,-0.016774,45.72
2022-06-24,0.03937,47.52
2022-06-27,-0.005682,47.25
2022-06-28,-0.007619,46.89
2022-06-29,-0.006611,46.12
2022-06-30,-0.002168,46.02
2022-07-01,0.012386,46.59
2022-07-05,-0.00279,46.46
2022-07-06,0.000861,46.5
2022-07-07,0.005591,46.76
2022-07-08,-0.004919,46.53
2022-07-11,-0.003868,46.35
2022-07-12,-0.003236,46.2
2022-07-13,-0.019048,45.32
2022-07-14,-0.02361,44.25
2022-07-15,0.052429,46.57
2022-07-18,0.002362,46.68
2022-07-19,0.01671,47.46
2022-07-20,-0.008639,47.05
2022-07-21,0.011902,47.61
2022-07-22,0.0021,47.71
2022-07-25,0.007126,48.05
2022-07-26,-0.013111,47.42
2022-07-27,0.01666,48.21
2022-07-28,-0.043352,46.12
2022-07-29,0.023417,47.2
2022-08-01,0.006568,47.51
2022-08-02,-0.012208,46.93
2022-08-03,0.015555,47.66
2022-08-04,-0.012379,47.07
2022-08-05,0.006798,47.39
2022-08-08,-0.009285,46.95
2022-08-09,0.004899,47.18
2022-08-10,0.014625,47.87
2022-08-11,0.011907,48.44
2022-08-12,0.006813,48.77
2022-08-15,0.006356,49.08
2022-08-16,0.004482,49.3
2022-08-17,-0.005477,49.03
2022-08-18,-0.000408,49.01
2022-08-19,-0.008162,48.61
2022-08-22,-0.020778,47.6
2022-08-23,-0.003992,47.41
2022-08-24,-0.00464,47.19
2022-08-25,0.012079,47.76
2022-08-26,-0.026591,46.49
2022-08-29,-0.008389,46.1
2022-08-30,-0.004121,45.91
2022-08-31,-0.006535,45.61
2022-09-01,0.0057,45.87
2022-09-02,-0.006976,45.55
2022-09-06,-0.005049,45.32
2022-09-07,0.013019,45.91
2022-09-08,0.024831,47.05
2022-09-09,0.011265,47.58
2022-09-12,-0.00042,47.56
2022-09-13,-0.050042,45.18
2022-09-14,-0.001771,45.1
2022-09-15,0.017073,45.87
2022-09-16,0.0,45.87
2022-09-19,0.006104,46.15
2022-09-20,-0.025135,44.99
2022-09-21,-0.023561,43.93
2022-09-22,-0.020487,43.03
2022-09-23,-0.021148,42.12
2022-09-26,-0.025166,41.06
2022-09-27,-0.002436,40.96
2022-09-28,0.01123,41.42
2022-09-29,-0.00507,40.73
2022-09-30,-0.010066,40.32
2022-10-03,0.031002,41.57
2022-10-04,0.025499,42.63
2022-10-05,-0.010087,42.2
2022-10-06,-0.02654,41.08
2022-10-07,-0.021422,40.2
2022-10-10,-0.009204,39.83
2022-10-11,-0.026111,38.79
2022-10-12,0.00825,39.11
2022-10-13,0.057786,41.37
2022-10-14,0.033599,42.76
2022-10-17,-0.002806,42.64
2022-10-18,0.003752,42.8
2022-10-19,-0.035981,41.26
2022-10-20,-0.030296,40.01
2022-10-21,0.012497,40.51
2022-10-24,0.015305,41.13
2022-10-25,0.021396,42.01
2022-10-26,0.009045,42.39
2022-10-27,-0.007313,42.08
2022-10-28,0.018536,42.86
2022-10-31,-0.009566,42.45
2022-11-01,0.01013,42.88
2022-11-02,-0.026353,41.75
2022-11-03,-0.005988,41.5
2022-11-04,0.032048,42.83
2022-11-07,0.016344,43.53
2022-11-08,0.014703,44.17
2022-11-09,-0.021055,43.24
2022-11-10,0.037697,44.87
2022-11-11,0.001114,44.92
2022-11-14,-0.02382,43.85
2022-11-15,-0.001824,43.77
2022-11-16,-0.019191,42.93
2022-11-17,-0.003727,42.77
2022-11-18,0.014262,43.38
2022-11-21,0.00023,43.39
2022-11-22,0.011984,43.91
2022-11-23,0.004555,44.11
2022-11-25,0.003401,44.26
2022-11-28,-0.011749,43.74
2022-11-29,0.019433,44.59
2022-11-30,0.017941,45.39
2022-12-01,-0.000881,45.35
2022-12-02,0.006395,45.64
2022-12-05,-0.037905,43.91
2022-12-06,-0.022091,42.94
2022-12-07,0.014439,43.56
2022-12-08,0.0,43.56
2022-12-09,-0.010331,43.11
2022-12-12,0.008119,43.46
2022-12-13,0.018178,44.25
2022-12-14,-0.021695,43.29
2022-12-15,-0.010395,42.84
2022-12-16,-0.016106,42.15
2022-12-19,-0.004745,41.95
2022-12-20,-0.000477,41.93
2022-12-21,0.018602,42.71
2022-12-22,0.003278,42.85
2022-12-23,0.008168,43.2
2022-12-27,0.010417,43.65
2022-12-28,-0.006873,43.35
2022-12-29,0.016148,43.57
2022-12-30,0.000918,43.61
2023-01-03,0.023618,44.64
2023-01-04,0.031138,46.03
2023-01-05,-0.007821,45.67
2023-01-06,0.014014,46.31
2023-01-09,0.006478,46.61
2023-01-10,0.001073,46.66
2023-01-11,0.009644,47.11
2023-01-12,0.010189,47.59
2023-01-13,-0.005463,47.33
2023-01-17,0.002324,47.44
2023-01-18,-0.034359,45.81
2023-01-19,-0.003929,45.63
2023-01-20,0.01819,46.46
2023-01-23,0.026044,47.67
2023-01-24,-0.020978,46.67
2023-01-25,0.053139,49.15
2023-01-26,-0.009156,48.7
2023-01-27,0.003285,48.86
2023-01-30,-0.001228,48.8
2023-01-31,0.020492,49.8
2023-02-01,-0.011647,49.22
2023-02-02,-0.001422,49.15
2023-02-03,0.003052,49.3
2023-02-06,-0.007099,48.95
2023-02-07,0.014709,49.67
2023-02-08,-0.01208,49.07
2023-02-09,-0.006114,48.77
2023-02-10,-0.001435,48.7
2023-02-13,0.008008,49.09
2023-02-14,0.000815,49.13
2023-02-15,-0.001018,49.08
2023-02-16,-0.010799,48.55
2023-02-17,0.00103,48.6
2023-02-21,-0.018724,47.69
2023-02-22,-0.003145,47.54
2023-02-23,0.003786,47.72
2023-02-24,-0.001676,47.64
2023-02-27,-0.001259,47.58
2023-02-28,0.003153,47.73
2023-03-01,-0.008799,47.31
2023-03-02,-0.021137,46.31
2023-03-03,0.017275,47.11
2023-03-06,0.000212,47.12
2023-03-07,-0.032258,45.6
2023-03-08,-0.002412,45.49
2023-03-09,-0.070125,42.3
2023-03-10,-0.039716,40.62
2023-03-13,-0.100443,36.54
2023-03-14,0.026546,37.51
2023-03-15,-0.055185,35.44
2023-03-16,0.025959,36.36
2023-03-17,-0.093784,32.95
2023-03-20,0.045524,34.45
2023-03-21,0.089115,37.52
2023-03-22,-0.072761,34.79
2023-03-23,0.007761,35.06
2023-03-24,-0.004564,34.9
2023-03-27,-0.00086,34.87
2023-03-28,0.019788,35.56
2023-03-29,0.01856,36.22
2023-03-30,-0.008007,35.45
2023-03-31,0.016925,36.05
2023-04-03,-0.011373,35.64
2023-04-04,-0.016274,35.06
2023-04-05,0.001426,35.11
2023-04-06,0.018228,35.75
2023-04-10,-0.003916,35.61
2023-04-11,-0.002247,35.53
2023-04-12,-0.003659,35.4
2023-04-13,-0.000565,35.38
2023-04-14,-0.011589,34.97
2023-04-17,0.01773,35.59
2023-04-18,-0.011239,35.19
2023-04-19,0.023302,36.01
2023-04-20,-0.034713,34.76
2023-04-21,-0.035673,33.52
2023-04-24,-0.021778,32.79
2023-04-25,-0.031107,31.77
2023-04-26,-0.007869,31.52
2023-04-27,0.033312,32.57
2023-04-28,0.052502,34.28
2023-05-01,-0.03909,32.94
2023-05-02,-0.070128,30.63
2023-05-03,-0.027098,29.8
2023-05-04,-0.027517,28.98
2023-05-05,0.060732,30.74
2023-05-08,-0.032531,29.74
2023-05-09,0.005716,29.91
2023-05-10,-0.015379,29.45
2023-05-11,-0.017997,28.92
2023-05-12,0.007261,29.13
2023-05-15,0.017851,29.65
2023-05-16,-0.032715,28.68
2023-05-17,0.061716,30.45
2023-05-18,0.001314,30.49
2023-05-19,-0.012463,30.11
2023-05-22,0.026569,30.91
2023-05-23,0.007441,31.14
2023-05-24,-0.010597,30.81
2023-05-25,-0.009737,30.51
2023-05-26,0.005244,30.67
2023-05-30,-0.000326,30.66
2023-05-31,-0.024788,29.9
2023-06-01,0.020736,30.52
2023-06-02,0.039974,31.74
2023-06-05,-0.016383,31.22
2023-06-06,0.045163,32.63
2023-06-07,0.019307,33.26
2023-06-08,-0.006013,33.06
2023-06-09,-0.00605,32.86
2023-06-12,-0.021303,32.16
2023-06-13,0.016791,32.7
2023-06-14,-0.018349,32.1
2023-06-15,0.037072,33.29
2023-06-16,0.004806,33.45
2023-06-20,0.003886,33.58
2023-06-21,-0.004467,33.43
2023-06-22,-0.035896,32.23
2023-06-23,-0.01086,31.88
2023-06-26,0.013802,32.32
2023-06-27,0.007116,32.55
2023-06-28,-0.007066,32.32
2023-06-29,0.028465,32.76
2023-06-30,0.008547,33.04
2023-07-03,0.016344,33.58
2023-07-05,-0.001489,33.53
2023-07-06,-0.016105,32.99
2023-07-07,0.016672,33.54
2023-07-10,0.005963,33.74
2023-07-11,0.034973,34.92
2023-07-12,0.005441,35.11
2023-07-13,0.019937,35.81
2023-07-14,-0.013404,35.33
2023-07-17,-0.001981,35.26
2023-07-18,0.036585,36.55
2023-07-19,0.064569,38.91
2023-07-20,0.005911,39.14
2023-07-21,-0.018396,38.42
2023-07-24,0.021864,39.26
2023-07-25,-0.03566,37.86
2023-07-26,0.027206,38.89
2023-07-27,-0.0018,38.82
2023-07-28,0.018547,39.54
2023-07-31,0.003541,39.68
2023-08-01,-0.024446,38.71
2023-08-02,-0.007233,38.43
2023-08-03,0.026542,39.45
2023-08-04,0.010393,39.86
2023-08-07,0.006523,40.12
2023-08-08,0.002742,40.23
2023-08-09,-0.014417,39.65
2023-08-10,-0.004035,39.49
2023-08-11,-0.00076,39.46
2023-08-14,-0.018753,38.72
2023-08-15,-0.027893,37.64
2023-08-16,-0.015675,37.05
2023-08-17,-0.006478,36.81
2023-08-18,0.000815,36.84
2023-08-21,-0.002172,36.76
2023-08-22,-0.025027,35.84
2023-08-23,0.01144,36.25
2023-08-24,-0.00331,36.13
2023-08-25,-0.01716,35.51
2023-08-28,0.014362,36.02
2023-08-29,0.012771,36.48
2023-08-30,-0.002741,36.38
2023-08-31,0.004123,36.53
2023-09-01,0.014782,37.07
2023-09-05,-0.014837,36.52
2023-09-06,-0.010953,36.12
2023-09-07,-0.013566,35.63
2023-09-08,0.013472,36.11
2023-09-11,0.002492,36.2
2023-09-12,0.022099,37.0
2023-09-13,-0.05,35.15
2023-09-14,0.016216,35.72
2023-09-15,-0.015957,35.15
2023-09-18,-0.01138,34.75
2023-09-19,-0.004604,34.59
2023-09-20,-0.005204,34.41
2023-09-21,-0.027899,33.45
2023-09-22,-0.002093,33.38
2023-09-25,0.006291,33.59
2023-09-26,-0.016969,33.02
2023-09-27,-0.015142,32.52
2023-09-28,0.013223,32.47
2023-09-29,0.018171,33.06
2023-10-02,-0.027828,32.14
2023-10-03,-0.024891,31.34
2023-10-04,-0.003191,31.24
2023-10-05,0.020167,31.87
2023-10-06,-0.000314,31.86
2023-10-09,0.004708,32.01
2023-10-10,0.018119,32.59
2023-10-11,-0.002455,32.51
2023-10-12,-0.00769,32.26
2023-10-13,-0.00279,32.17
2023-10-16,0.013988,32.62
2023-10-17,0.069589,34.89
2023-10-18,-0.043566,33.37
2023-10-19,-0.01858,32.75
2023-10-20,-0.055573,30.93
2023-10-23,0.010669,31.26
2023-10-24,0.004159,31.39
2023-10-25,-0.003186,31.29
2023-10-26,0.01534,31.77
2023-10-27,-0.035568,30.64
2023-10-30,0.021867,31.31
2023-10-31,0.018205,31.88
2023-11-01,-0.000627,31.86
2023-11-02,0.077841,34.34
2023-11-03,0.033489,35.49
2023-11-06,-0.006199,35.27
2023-11-07,-0.013042,34.81
2023-11-08,-0.008618,34.51
2023-11-09,-0.017386,33.91
2023-11-10,0.008552,34.2
2023-11-13,-0.005848,34.0
2023-11-14,0.063235,36.15
2023-11-15,0.028492,37.18
2023-11-16,0.003765,37.32
2023-11-17,0.008574,37.64
2023-11-20,-0.000266,37.63
2023-11-21,-0.016476,37.01
2023-11-22,-0.004863,36.83
2023-11-24,0.010046,37.2
2023-11-27,-0.011022,36.79
2023-11-28,0.006795,37.04
2023-11-29,0.020248,37.79
2023-11-30,0.008732,38.12
2023-12-01,0.033054,39.38
2023-12-04,0.002793,39.49
2023-12-05,-0.002279,39.4
2023-12-06,-0.008122,39.08
2023-12-07,0.016633,39.73
2023-12-08,0.017619,40.43
2023-12-11,0.002473,40.53
2023-12-12,-0.001974,40.45
2023-12-13,0.050433,42.49
2023-12-14,0.066839,45.33
2023-12-15,-0.007059,45.01
2023-12-18,-0.021329,44.05
2023-12-19,0.003632,44.21
2023-12-20,-0.039584,42.46
2023-12-21,0.020019,43.31
2023-12-22,0.004618,43.51
2023-12-26,0.012871,44.07
2023-12-27,-0.00295,43.94
2023-12-28,0.004097,43.63
2023-12-29,-0.008022,43.28
