date,daily_return,price
1999-06-04,0.034024,43.6875
1999-06-07,0.011445,44.1875
1999-06-08,-0.022631,43.1875
1999-06-09,0.002894,43.3125
1999-06-10,-0.024531,42.25
1999-06-11,0.019231,43.0625
1999-06-14,-0.021771,42.125
1999-06-15,0.040059,43.8125
1999-06-16,0.052782,46.125
1999-06-17,0.017615,46.9375
1999-06-18,-0.013316,46.3125
1999-06-21,0.010796,46.8125
1999-06-22,-0.012016,46.25
1999-06-23,-0.012162,45.6875
1999-06-24,-0.04104,43.8125
1999-06-25,0.0,43.8125
1999-06-28,0.049929,46.0
1999-06-29,0.001359,46.0625
1999-06-30,0.031208,47.5
1999-07-01,0.021053,48.5
1999-07-02,0.009021,48.9375
1999-07-06,-0.001277,48.875
1999-07-07,-0.002558,48.75
1999-07-08,-0.010256,48.25
1999-07-09,0.014249,48.9375
1999-07-12,-0.003831,48.75
1999-07-13,-0.021795,47.6875
1999-07-14,-0.005242,47.4375
1999-07-15,0.011858,48.0
1999-07-16,0.020833,49.0
1999-07-19,0.003827,49.1875
1999-07-20,-0.011436,48.625
1999-07-21,-0.021851,47.5625
1999-07-22,0.00657,47.875
1999-07-23,-0.010444,47.375
1999-07-26,-0.005277,47.125
1999-07-27,0.002653,47.25
1999-07-28,0.006614,47.5625
1999-07-29,-0.035164,45.75
1999-07-30,-0.025956,44.5625
1999-08-02,-0.009818,44.125
1999-08-03,0.0,44.125
1999-08-04,-0.004249,43.9375
1999-08-05,0.001422,44.0
1999-08-06,-0.034091,42.5
1999-08-09,0.002941,42.625
1999-08-10,-0.008798,42.25
1999-08-11,0.036982,43.8125
1999-08-12,0.005706,44.0625
1999-08-13,0.042553,45.9375
1999-08-16,0.008163,46.3125
1999-08-17,0.02834,47.625
1999-08-18,-0.017717,46.78125
1999-08-19,-0.024716,45.625
1999-08-20,0.015069,46.3125
1999-08-23,0.048583,48.5625
1999-08-24,0.009009,49.0
1999-08-25,0.0,49.0
1999-08-26,-0.026786,47.6875
1999-08-27,-0.014417,47.0
1999-08-30,-0.047872,44.75
1999-08-31,-0.006983,44.4375
1999-09-01,0.009845,44.875
1999-09-02,-0.020891,43.9375
1999-09-03,0.038407,45.625
1999-09-07,-0.017808,44.8125
1999-09-08,-0.015342,44.125
1999-09-09,-0.008499,43.75
1999-09-10,-0.008571,43.375
1999-09-13,0.0,43.375
1999-09-14,-0.007205,43.0625
1999-09-15,0.0,43.0625
1999-09-16,0.002903,43.1875
1999-09-17,0.011577,43.6875
1999-09-20,0.008584,44.0625
1999-09-21,-0.029787,42.75
1999-09-22,0.002924,42.875
1999-09-23,0.005831,43.125
1999-09-24,0.014493,43.75
1999-09-27,-0.02,42.875
1999-09-28,0.020408,43.75
1999-09-29,-0.024286,42.6875
1999-09-30,0.030747,44.0
1999-10-01,-0.017046,43.25
1999-10-04,0.033237,44.6875
1999-10-05,0.011189,45.1875
1999-10-06,0.026279,46.375
1999-10-07,-0.010782,45.875
1999-10-08,0.014986,46.5625
1999-10-11,-0.014765,45.875
1999-10-12,-0.008174,45.5
1999-10-13,-0.037088,43.8125
1999-10-14,0.002853,43.9375
1999-10-15,-0.041252,42.125
1999-10-18,0.037092,43.6875
1999-10-19,0.028612,44.9375
1999-10-20,0.029207,46.25
1999-10-21,0.014865,46.9375
1999-10-22,0.026631,48.1875
1999-10-25,-0.007782,47.8125
1999-10-26,0.014379,48.5
1999-10-27,0.05799,51.3125
1999-10-28,0.05754,54.125
1999-10-29,0.002309,54.25
1999-11-01,-0.016129,53.375
1999-11-02,0.005855,53.6875
1999-11-03,-0.012806,53.0
1999-11-04,0.011793,53.625
1999-11-05,0.013986,54.375
1999-11-08,-0.008046,53.9375
1999-11-09,-0.020858,52.8125
1999-11-10,-0.00355,52.625
1999-11-11,-0.009501,52.125
1999-11-12,0.052758,54.875
1999-11-15,0.018223,55.875
1999-11-16,0.040269,58.125
1999-11-17,-0.030108,56.375
1999-11-18,-0.002217,56.25
1999-11-19,0.004444,56.5
1999-11-22,-0.00885,56.0
1999-11-23,-0.017857,55.0
1999-11-24,-0.019318,53.9375
1999-11-26,0.008111,54.375
1999-11-29,-0.013793,53.625
1999-11-30,0.004662,53.875
1999-12-01,0.008121,54.3125
1999-12-02,-0.001151,54.25
1999-12-03,0.046083,56.75
1999-12-06,-0.007709,56.3125
1999-12-07,0.015538,57.1875
1999-12-08,-0.028415,55.5625
1999-12-09,-0.007874,55.125
1999-12-10,0.020408,56.25
1999-12-13,-0.015556,55.375
1999-12-14,-0.03386,53.5
1999-12-15,0.018692,54.5
1999-12-16,-0.009174,54.0
1999-12-17,0.009259,54.5
1999-12-20,-0.019495,53.4375
1999-12-21,0.033918,55.25
1999-12-22,-0.004525,55.0
1999-12-23,0.018182,56.0
1999-12-27,-0.026786,54.5
1999-12-28,0.016055,55.375
1999-12-29,-0.009029,54.875
1999-12-30,0.007973,55.3125
1999-12-31,0.00678,55.6875
2000-01-03,-0.050505,52.875
2000-01-04,-0.042553,50.625
2000-01-05,0.003704,50.8125
2000-01-06,0.065191,54.125
2000-01-07,-0.002309,54.0
2000-01-10,-0.001157,53.9375
2000-01-11,-0.015064,53.125
2000-01-12,0.035294,55.0
2000-01-13,0.010227,55.5625
2000-01-14,0.04387,58.0
2000-01-18,0.008621,58.5
2000-01-19,0.021368,59.75
2000-01-20,-0.035565,57.625
2000-01-21,-0.020607,56.4375
2000-01-24,-0.022148,55.1875
2000-01-25,0.012458,55.875
2000-01-26,0.040269,58.125
2000-01-27,0.015054,59.0
2000-01-28,-0.048729,56.125
2000-01-31,0.01559,57.0
2000-02-01,0.02193,58.25
2000-02-02,-0.020386,57.0625
2000-02-03,-0.01034,56.3125
2000-02-04,-0.027747,54.75
2000-02-07,-0.006849,54.375
2000-02-08,0.025287,55.75
2000-02-09,-0.028027,54.1875
2000-02-10,-0.009227,53.6875
2000-02-11,0.005821,54.0
2000-02-14,0.0,54.0
2000-02-15,0.005787,54.3125
2000-02-16,-0.00748,53.90625
2000-02-17,-0.026087,52.5
2000-02-18,-0.020238,51.4375
2000-02-22,0.001215,51.5
2000-02-23,-0.01699,50.625
2000-02-24,-0.022222,49.5
2000-02-25,-0.022727,48.375
2000-02-28,0.020672,49.375
2000-02-29,0.049367,51.8125
2000-03-01,-0.003619,51.625
2000-03-02,-0.002421,51.5
2000-03-03,0.037621,53.4375
2000-03-06,-0.023392,52.1875
2000-03-07,-0.034731,50.375
2000-03-08,-0.007444,50.0
2000-03-09,0.0075,50.375
2000-03-10,-0.027295,49.0
2000-03-13,0.019133,49.9375
2000-03-14,-0.003755,49.75
2000-03-15,0.050251,52.25
2000-03-16,0.090909,57.0
2000-03-17,0.0,57.0
2000-03-20,-0.014254,56.1875
2000-03-21,0.03337,58.0625
2000-03-22,0.00296,58.23438
2000-03-23,0.059297,61.6875
2000-03-24,-0.018237,60.5625
2000-03-27,-0.008256,60.0625
2000-03-28,0.015609,61.0
2000-03-29,-0.004098,60.75
2000-03-30,-0.020576,59.5
2000-03-31,0.006303,59.875
2000-04-03,0.034447,61.9375
2000-04-04,-0.047427,59.0
2000-04-05,-0.007415,58.5625
2000-04-06,0.012807,59.3125
2000-04-07,-0.005269,59.0
2000-04-10,0.055085,62.25
2000-04-11,0.019076,63.4375
2000-04-12,-0.002956,63.25
2000-04-13,-0.01087,62.5625
2000-04-14,-0.072927,58.0
2000-04-17,0.021552,59.25
2000-04-18,0.048523,62.125
2000-04-19,-0.040242,59.625
2000-04-20,0.027254,61.25
2000-04-24,0.009184,61.8125
2000-04-25,0.043478,64.5
2000-04-26,-0.031008,62.5
2000-04-27,-0.01344,61.5
2000-04-28,-0.031504,59.5625
2000-05-01,0.012592,60.3125
2000-05-02,0.013472,61.125
2000-05-03,-0.01636,60.125
2000-05-04,-0.024948,58.625
2000-05-05,0.015992,59.5625
2000-05-08,0.003148,59.75
2000-05-09,-0.007322,59.3125
2000-05-10,-0.048472,56.4375
2000-05-11,0.044297,58.9375
2000-05-12,0.021209,60.1875
2000-05-15,0.044652,62.875
2000-05-16,-0.018887,61.6875
2000-05-17,-0.010132,61.0625
2000-05-18,0.008188,61.5625
2000-05-19,-0.010152,60.9375
2000-05-22,0.006154,61.3125
2000-05-23,0.01631,62.3125
2000-05-24,-0.015045,61.375
2000-05-25,-0.045825,58.5625
2000-05-26,-0.005336,58.25
2000-05-30,0.035408,60.3125
2000-05-31,0.031088,62.1875
2000-06-01,0.018091,63.3125
2000-06-02,0.046397,66.25
2000-06-05,0.00283,66.4375
2000-06-06,-0.024459,64.8125
2000-06-07,0.021215,66.1875
2000-06-08,-0.025496,64.5
2000-06-09,-0.007752,64.0
2000-06-12,0.0,64.0
2000-06-13,0.020508,65.3125
2000-06-14,0.027751,67.125
2000-06-15,-0.03352,64.875
2000-06-16,-0.033719,62.6875
2000-06-19,0.020937,64.0
2000-06-20,0.005859,64.375
2000-06-21,-0.021359,63.0
2000-06-22,-0.013889,62.125
2000-06-23,-0.004024,61.875
2000-06-26,0.035354,64.0625
2000-06-27,-0.004878,63.75
2000-06-28,0.005882,64.125
2000-06-29,-0.020468,62.8125
2000-06-30,-0.040796,60.25
2000-07-03,0.036307,62.4375
2000-07-05,0.013013,63.25
2000-07-06,0.009881,63.875
2000-07-07,0.020548,65.1875
2000-07-10,0.000959,65.25
2000-07-11,0.011494,66.0
2000-07-12,0.017046,67.125
2000-07-13,-0.003724,66.875
2000-07-14,0.015888,67.9375
2000-07-17,-0.022999,66.375
2000-07-18,0.004708,66.6875
2000-07-19,0.017807,67.875
2000-07-20,0.039595,70.5625
2000-07-21,0.0062,71.0
2000-07-24,-0.003521,70.75
2000-07-25,-0.004417,70.4375
2000-07-26,-0.011535,69.625
2000-07-27,0.004488,69.9375
2000-07-28,-0.023235,68.3125
2000-07-31,0.032937,70.5625
2000-08-01,-0.000886,70.5
2000-08-02,0.003546,70.75
2000-08-03,0.009706,71.25
2000-08-04,0.031579,73.5
2000-08-07,0.003401,73.75
2000-08-08,-0.012712,72.8125
2000-08-09,-0.002575,72.625
2000-08-10,-0.019794,71.1875
2000-08-11,0.017559,72.4375
2000-08-14,0.022433,74.0625
2000-08-15,-0.001688,73.9375
2000-08-16,-0.01437,72.875
2000-08-17,0.025729,74.75
2000-08-18,0.0,74.75
2000-08-21,0.028428,76.875
2000-08-22,0.007317,77.4375
2000-08-23,-0.011299,76.5625
2000-08-24,0.001633,76.6875
2000-08-25,-0.00978,75.9375
2000-08-28,0.018379,58.0
2000-08-29,0.002155,58.125
2000-08-30,-0.017204,57.125
2000-08-31,0.021882,58.375
2000-09-01,-0.011777,57.6875
2000-09-05,0.004334,57.9375
2000-09-06,-0.05178,54.9375
2000-09-07,-0.006826,54.5625
2000-09-08,0.026346,56.0
2000-09-11,0.011161,56.625
2000-09-12,-0.004415,56.375
2000-09-13,-0.014412,55.5625
2000-09-14,-0.001125,55.5
2000-09-15,-0.01464,54.6875
2000-09-18,-0.021714,53.5
2000-09-19,0.014019,54.25
2000-09-20,-0.012673,53.5625
2000-09-21,-0.009335,53.0625
2000-09-22,-0.005889,52.75
2000-09-25,0.026066,54.125
2000-09-26,-0.011547,53.5
2000-09-27,-0.021028,52.375
2000-09-28,0.027446,53.8125
2000-09-29,0.004646,54.0625
2000-10-02,0.024278,55.375
2000-10-03,0.027088,56.875
2000-10-04,-0.037363,54.75
2000-10-05,0.025114,56.125
2000-10-06,-0.046771,53.5
2000-10-09,-0.016355,52.625
2000-10-10,-0.030879,51.0
2000-10-11,-0.029412,49.5
2000-10-12,-0.055556,46.75
2000-10-13,0.065508,49.8125
2000-10-16,0.020075,50.8125
2000-10-17,-0.02829,49.375
2000-10-18,0.003797,49.5625
2000-10-19,0.035309,51.3125
2000-10-20,-0.007308,50.9375
2000-10-23,-0.009816,50.4375
2000-10-24,0.024783,51.6875
2000-10-25,-0.020556,50.625
2000-10-26,-0.032099,49.0
2000-10-27,0.02551,50.25
2000-10-30,0.026119,51.5625
2000-10-31,0.020606,52.625
2000-11-01,-0.017815,51.6875
2000-11-02,0.029311,53.0625
2000-11-03,0.01649,53.9375
2000-11-06,0.017381,54.875
2000-11-07,-0.002278,54.75
2000-11-08,-0.030822,53.0625
2000-11-09,-0.007067,52.6875
2000-11-10,-0.022539,51.5
2000-11-13,-0.019418,50.5
2000-11-14,0.00495,50.75
2000-11-15,-0.011084,50.1875
2000-11-16,0.029888,51.6875
2000-11-17,-0.011487,51.09375
2000-11-20,-0.033639,49.375
2000-11-21,-0.005063,49.125
2000-11-22,-0.041985,47.0625
2000-11-24,0.005312,47.3125
2000-11-27,0.002642,47.4375
2000-11-28,0.003953,47.625
2000-11-29,0.038058,49.4375
2000-11-30,0.007585,49.8125
2000-12-01,-0.017566,48.9375
2000-12-04,-0.022989,47.8125
2000-12-05,0.061438,50.75
2000-12-06,-0.019704,49.75
2000-12-07,0.0,49.75
2000-12-08,0.035176,51.5
2000-12-11,0.026699,52.875
2000-12-12,-0.004728,52.625
2000-12-13,0.007126,53.0
2000-12-14,-0.042453,50.75
2000-12-15,-0.052956,48.0625
2000-12-18,0.027308,49.375
2000-12-19,0.017722,50.25
2000-12-20,-0.044776,48.0
2000-12-21,0.015625,48.75
2000-12-22,0.026923,50.0625
2000-12-26,0.017478,50.9375
2000-12-27,-0.001227,50.875
2000-12-28,0.007371,51.25
2000-12-29,-0.003659,51.0625
2001-01-02,-0.011016,50.5
2001-01-03,0.087871,54.9375
2001-01-04,0.013652,55.6875
2001-01-05,-0.035915,53.6875
2001-01-08,-0.005821,53.375
2001-01-09,-0.022248,52.1875
2001-01-10,0.033533,53.9375
2001-01-11,0.019699,55.0
2001-01-12,-0.034091,53.125
2001-01-16,0.029412,54.6875
2001-01-17,-0.016,53.8125
2001-01-18,0.00813,54.25
2001-01-19,0.002304,54.375
2001-01-22,-0.009195,53.875
2001-01-23,0.018562,54.875
2001-01-24,0.017084,55.8125
2001-01-25,-0.008959,55.3125
2001-01-26,-0.00226,55.1875
2001-01-29,0.018347,56.2
2001-01-30,0.0,56.2
2001-01-31,-0.004093,55.97
2001-02-01,0.005003,56.11
2001-02-02,-0.011584,55.46
2001-02-05,0.015146,56.3
2001-02-06,-0.020782,55.13
2001-02-07,-0.013967,54.36
2001-02-08,-0.004783,54.1
2001-02-09,-0.000924,54.05
2001-02-12,0.025902,55.45
2001-02-13,-0.01551,54.59
2001-02-14,-0.017219,53.65
2001-02-15,0.007828,54.07
2001-02-16,-0.001295,54.0
2001-02-20,-0.051852,51.2
2001-02-21,-0.056641,48.3
2001-02-22,0.006211,48.6
2001-02-23,-0.00823,48.2
2001-02-26,0.043568,50.3
2001-02-27,-0.00994,49.8
2001-02-28,-0.01245,49.18
2001-03-01,-0.010777,48.65
2001-03-02,-0.013361,48.0
2001-03-05,0.005208,48.25
2001-03-06,0.007876,48.63
2001-03-07,0.037426,50.45
2001-03-08,0.005946,50.75
2001-03-09,-0.031921,49.13
2001-03-12,-0.041319,47.1
2001-03-13,0.027389,48.39
2001-03-14,-0.072122,44.9
2001-03-15,0.033408,46.4
2001-03-16,-0.019397,45.5
2001-03-19,0.017582,46.3
2001-03-20,-0.043197,44.3
2001-03-21,-0.046275,42.25
2001-03-22,-0.039053,40.6
2001-03-23,0.055419,42.85
2001-03-26,0.031505,44.2
2001-03-27,0.050905,46.45
2001-03-28,-0.029064,45.1
2001-03-29,-0.008869,44.7
2001-03-30,0.006264,44.98
2001-04-02,0.016007,45.7
2001-04-03,-0.043764,43.7
2001-04-04,-0.022883,42.7
2001-04-05,0.053864,45.0
2001-04-06,-0.05,42.75
2001-04-09,0.001871,42.83
2001-04-10,0.060005,45.4
2001-04-11,0.020705,46.34
2001-04-12,0.020716,47.3
2001-04-16,-0.0074,46.95
2001-04-17,0.02066,47.92
2001-04-18,0.044449,50.05
2001-04-19,0.004995,50.3
2001-04-20,-0.017495,49.42
2001-04-23,-0.018818,48.49
2001-04-24,0.004331,48.7
2001-04-25,0.01232,49.3
2001-04-26,0.00426,49.51
2001-04-27,0.028277,50.91
2001-04-30,-0.034571,49.15
2001-05-01,0.025432,50.4
2001-05-02,0.003968,50.6
2001-05-03,0.010672,51.0
2001-05-04,-0.004314,50.78
2001-05-07,-0.00256,50.65
2001-05-08,-0.016782,49.8
2001-05-09,-0.007028,49.45
2001-05-10,0.003033,49.6
2001-05-11,-0.006855,49.26
2001-05-14,0.017052,50.1
2001-05-15,0.008982,50.55
2001-05-16,0.02453,51.79
2001-05-17,-0.02124,50.69
2001-05-18,0.003354,50.86
2001-05-21,0.013763,51.56
2001-05-22,0.019201,52.55
2001-05-23,-0.010276,52.01
2001-05-24,0.010767,52.57
2001-05-25,-0.013506,51.86
2001-05-29,-0.005014,51.6
2001-05-30,-0.015892,50.78
2001-05-31,0.009256,51.25
2001-06-01,0.010732,51.8
2001-06-04,0.009266,52.28
2001-06-05,0.005547,52.57
2001-06-06,-0.013506,51.86
2001-06-07,-0.008292,51.43
2001-06-08,-0.009333,50.95
2001-06-11,-0.010795,50.4
2001-06-12,-0.000397,50.38
2001-06-13,-0.009726,49.89
2001-06-14,-0.025656,48.61
2001-06-15,0.014195,49.3
2001-06-18,0.009939,49.79
2001-06-19,0.019281,50.75
2001-06-20,-0.00197,50.65
2001-06-21,0.057256,53.55
2001-06-22,-0.002801,53.4
2001-06-25,-0.015918,52.55
2001-06-26,-0.007612,52.15
2001-06-27,-0.008629,51.7
2001-06-28,0.017408,52.6
2001-06-29,0.004563,52.84
2001-07-02,0.012112,53.48
2001-07-03,-0.00804,53.05
2001-07-05,-0.014515,52.28
2001-07-06,-0.0285,50.79
2001-07-09,0.000197,50.8
2001-07-10,-0.033071,49.12
2001-07-11,-0.030945,47.6
2001-07-12,0.023109,48.7
2001-07-13,0.003285,48.86
2001-07-16,0.005935,49.15
2001-07-17,0.03174,50.71
2001-07-18,-0.001775,50.62
2001-07-19,-0.009285,50.15
2001-07-20,0.008175,50.56
2001-07-23,-0.006725,50.22
2001-07-24,-0.024891,48.97
2001-07-25,0.00776,49.35
2001-07-26,0.013171,50.0
2001-07-27,0.001,50.05
2001-07-30,-0.008192,49.64
2001-07-31,0.011483,50.21
2001-08-01,0.008564,50.64
2001-08-02,0.011256,51.05
2001-08-03,0.001567,51.13
2001-08-06,-0.014277,50.4
2001-08-07,0.007936,50.8
2001-08-08,-0.023622,49.6
2001-08-09,-0.003831,49.41
2001-08-10,0.004655,49.64
2001-08-13,-0.010274,49.13
2001-08-14,-0.007735,48.75
2001-08-15,-0.003077,48.6
2001-08-16,-0.014815,47.88
2001-08-17,-0.026734,46.6
2001-08-20,0.017167,47.4
2001-08-21,-0.010549,46.9
2001-08-22,0.002132,47.0
2001-08-23,-0.004468,46.79
2001-08-24,0.032272,48.3
2001-08-27,-0.006211,48.0
2001-08-28,-0.019792,47.05
2001-08-29,-0.012752,46.45
2001-08-30,-0.019806,45.53
2001-08-31,0.00593,45.8
2001-09-04,0.00786,46.16
2001-09-05,-0.012565,45.58
2001-09-06,-0.033567,44.05
2001-09-07,-0.014302,43.42
2001-09-10,-0.02234,42.45
2001-09-17,-0.067138,39.6
2001-09-18,-0.006566,39.34
2001-09-19,-0.022623,38.45
2001-09-20,-0.054356,36.36
2001-09-21,0.0,36.36
2001-09-24,0.072607,39.0
2001-09-25,0.001026,39.04
2001-09-26,0.006916,39.31
2001-09-27,0.014246,39.87
2001-09-28,0.015801,40.5
2001-10-01,0.030864,41.75
2001-10-02,0.011976,42.25
2001-10-03,0.029112,43.48
2001-10-04,0.00322,43.62
2001-10-05,-0.011921,43.1
2001-10-08,-0.015777,42.42
2001-10-09,0.006601,42.7
2001-10-10,0.037705,44.31
2001-10-11,0.032498,45.75
2001-10-12,-0.015082,45.06
2001-10-15,-0.00577,44.8
2001-10-16,0.028795,46.09
2001-10-17,0.010198,46.56
2001-10-18,-0.001289,46.5
2001-10-19,-0.013979,45.85
2001-10-22,0.0253,47.01
2001-10-23,0.004893,47.24
2001-10-24,-0.006351,46.94
2001-10-25,0.024712,48.1
2001-10-26,0.009979,48.58
2001-10-29,-0.044874,46.4
2001-10-30,-0.018319,45.55
2001-10-31,-0.000659,45.52
2001-11-01,0.019552,46.25
2001-11-02,0.014703,46.93
2001-11-05,0.007245,47.27
2001-11-06,0.005923,47.55
2001-11-07,0.011567,48.1
2001-11-08,0.008316,48.5
2001-11-09,-0.004124,48.3
2001-11-12,-0.00207,48.2
2001-11-13,0.036307,49.95
2001-11-14,0.01001,50.45
2001-11-15,-0.007136,50.09
2001-11-16,-0.025754,48.8
2001-11-19,0.016393,49.6
2001-11-20,-0.001008,49.55
2001-11-21,-0.013118,48.9
2001-11-23,0.021268,49.94
2001-11-26,0.017421,50.81
2001-11-27,-0.005117,50.55
2001-11-28,-0.054402,47.8
2001-11-29,0.011716,48.36
2001-11-30,-0.009512,47.9
2001-12-03,-0.020668,46.91
2001-12-04,0.019612,47.83
2001-12-05,0.024462,49.0
2001-12-06,0.012245,49.6
2001-12-07,-0.007863,49.21
2001-12-10,-0.026214,47.92
2001-12-11,0.014399,48.61
2001-12-12,-0.009463,48.15
2001-12-13,-0.014538,47.45
2001-12-14,-0.016017,46.69
2001-12-17,0.014564,47.37
2001-12-18,0.015411,48.1
2001-12-19,0.039501,50.0
2001-12-20,-0.0058,49.71
2001-12-21,0.008851,50.15
2001-12-24,-0.003589,49.97
2001-12-26,0.005003,50.22
2001-12-27,0.010354,50.74
2001-12-28,0.008869,51.19
2001-12-31,-0.01387,50.48
2002-01-02,0.010499,51.01
2002-01-03,0.000784,51.05
2002-01-04,0.018609,52.0
2002-01-07,-0.011731,51.39
2002-01-08,-0.036778,49.5
2002-01-09,0.005859,49.79
2002-01-10,0.001205,49.85
2002-01-11,-0.015647,49.07
2002-01-14,-0.003872,48.88
2002-01-15,0.017185,49.72
2002-01-16,-0.017297,48.86
2002-01-17,0.021285,49.9
2002-01-18,0.001202,49.96
2002-01-22,-0.015212,49.2
2002-01-23,0.006098,49.5
2002-01-24,0.008081,49.9
2002-01-25,-0.005611,49.62
2002-01-28,-0.006247,49.31
2002-01-29,-0.052728,46.71
2002-01-30,0.016913,47.5
2002-01-31,0.001263,47.4
2002-02-01,-0.019198,46.49
2002-02-04,-0.047107,44.3
2002-02-05,0.011287,44.8
2002-02-06,-0.017857,44.0
2002-02-07,0.003182,44.14
2002-02-08,0.030585,45.49
2002-02-11,0.007474,45.83
2002-02-12,-0.014837,45.15
2002-02-13,0.00443,45.35
2002-02-14,0.00441,45.55
2002-02-15,-0.031175,44.13
2002-02-19,-0.043281,42.22
2002-02-20,0.030791,43.52
2002-02-21,-0.016544,42.8
2002-02-22,-0.009346,42.4
2002-02-25,0.032783,43.79
2002-02-26,0.000228,43.8
2002-02-27,0.010046,44.24
2002-02-28,0.02283,45.25
2002-03-01,0.012155,45.8
2002-03-04,0.03952,47.61
2002-03-05,0.00189,47.7
2002-03-06,0.020964,48.7
2002-03-07,0.000411,48.72
2002-03-08,0.003079,48.87
2002-03-11,0.000614,48.9
2002-03-12,0.008793,49.33
2002-03-13,-0.019055,48.39
2002-03-14,0.00868,48.81
2002-03-15,0.018029,49.69
2002-03-18,-0.002817,49.55
2002-03-19,0.007064,49.9
2002-03-20,-0.013026,49.25
2002-03-21,0.007107,49.6
2002-03-22,0.004839,49.84
2002-03-25,-0.023876,48.65
2002-03-26,0.010278,49.15
2002-03-27,0.017294,50.0
2002-03-28,-0.0096,49.52
2002-04-01,-0.001414,49.45
2002-04-02,0.0,49.45
2002-04-03,-0.013751,48.77
2002-04-04,-0.002461,48.65
2002-04-05,0.000411,48.67
2002-04-08,-0.001438,48.6
2002-04-09,0.004938,48.84
2002-04-10,-0.0043,48.63
2002-04-11,-0.038454,46.76
2002-04-12,0.007271,47.1
2002-04-15,-0.025053,45.92
2002-04-16,0.047692,48.11
2002-04-17,-0.010185,47.62
2002-04-18,-0.01197,47.05
2002-04-19,-0.011052,46.53
2002-04-22,-0.023211,45.45
2002-04-23,0.0011,45.5
2002-04-24,-0.017582,44.7
2002-04-25,-0.012304,44.15
2002-04-26,-0.024915,43.05
2002-04-29,-0.003949,42.88
2002-04-30,0.009795,43.3
2002-05-01,0.015243,43.96
2002-05-02,0.026615,44.95
2002-05-03,-0.014683,44.29
2002-05-06,-0.041996,42.43
2002-05-07,-0.006599,42.15
2002-05-08,0.062159,44.77
2002-05-09,-0.009828,44.33
2002-05-10,-0.023235,43.3
2002-05-13,0.021709,44.24
2002-05-14,0.026221,45.4
2002-05-15,0.007929,45.76
2002-05-16,0.012893,46.35
2002-05-17,0.009277,46.78
2002-05-20,-0.01988,45.85
2002-05-21,-0.012868,45.26
2002-05-22,-0.005745,45.0
2002-05-23,0.007556,45.34
2002-05-24,-0.011469,44.82
2002-05-28,-0.018742,43.98
2002-05-29,-0.010914,43.5
2002-05-30,-0.003678,43.34
2002-05-31,-0.003692,43.18
2002-06-03,-0.018064,42.4
2002-06-04,-0.00967,41.99
2002-06-05,0.008335,42.34
2002-06-06,-0.00803,42.0
2002-06-07,-0.02381,41.0
2002-06-10,0.017073,41.7
2002-06-11,-0.023741,40.71
2002-06-12,0.012036,41.2
2002-06-13,-0.024757,40.18
2002-06-14,0.000498,40.2
2002-06-17,0.065423,42.83
2002-06-18,0.005604,43.07
2002-06-19,-0.02345,42.06
2002-06-20,-0.037328,40.49
2002-06-21,-0.017041,39.8
2002-06-24,-0.005276,39.59
2002-06-25,-0.011872,39.12
2002-06-26,-0.054192,37.0
2002-06-27,0.058378,39.16
2002-06-28,-0.01047,38.75
2002-07-01,-0.00671,38.49
2002-07-02,-0.026241,37.48
2002-07-03,-0.01254,37.01
2002-07-05,0.06863,39.55
2002-07-08,-0.027307,38.47
2002-07-09,-0.023395,37.57
2002-07-10,-0.027149,36.55
2002-07-11,0.009576,36.9
2002-07-12,-0.014905,36.35
2002-07-15,0.016231,36.94
2002-07-16,-0.020032,36.2
2002-07-17,0.020166,36.93
2002-07-18,-0.000812,36.9
2002-07-19,-0.02439,36.0
2002-07-22,-0.11,32.04
2002-07-23,-0.157303,27.0
2002-07-24,0.095926,29.59
2002-07-25,0.002028,29.65
2002-07-26,0.036762,30.74
2002-07-29,0.083605,33.31
2002-07-30,0.019213,33.95
2002-07-31,-0.012077,33.54
2002-08-01,-0.031604,32.3
2002-08-02,-0.043963,30.88
2002-08-05,-0.072215,28.65
2002-08-06,0.061082,30.4
2002-08-07,0.036842,31.52
2002-08-08,0.075508,33.9
2002-08-09,0.012094,34.31
2002-08-12,-0.006704,34.08
2002-08-13,-0.028756,33.1
2002-08-14,0.064653,35.24
2002-08-15,0.017026,35.84
2002-08-16,-0.026228,34.9
2002-08-19,0.041547,36.35
2002-08-20,-0.015406,35.79
2002-08-21,0.02331,34.35
2002-08-22,0.024163,35.18
2002-08-23,-0.033542,34.0
2002-08-26,0.011765,34.4
2002-08-27,-0.005814,34.2
2002-08-28,-0.030702,33.15
2002-08-29,-0.009955,32.82
2002-08-30,-0.002133,32.75
2002-09-03,-0.102595,29.39
2002-09-04,0.030963,30.3
2002-09-05,-0.033003,29.3
2002-09-06,0.033447,30.28
2002-09-09,0.02609,31.07
2002-09-10,-0.006437,30.87
2002-09-11,-0.023648,30.14
2002-09-12,-0.032847,29.15
2002-09-13,0.00789,29.38
2002-09-16,0.017018,29.88
2002-09-17,-0.002677,29.8
2002-09-18,-0.023154,29.11
2002-09-19,-0.050155,27.65
2002-09-20,-0.029656,26.83
2002-09-23,0.027581,27.57
2002-09-24,-0.01342,27.2
2002-09-25,0.032353,28.08
2002-09-26,0.050926,29.51
2002-09-27,-0.016605,29.02
2002-09-30,0.021709,29.65
2002-10-01,0.045531,31.0
2002-10-02,-0.045161,29.6
2002-10-03,-0.036824,28.51
2002-10-04,-0.01859,27.98
2002-10-07,-0.044675,26.73
2002-10-08,0.041526,27.84
2002-10-09,-0.034124,26.89
2002-10-10,0.062477,28.57
2002-10-11,0.064053,30.4
2002-10-14,-0.002961,30.31
2002-10-15,0.126361,34.14
2002-10-16,-0.008494,33.85
2002-10-17,0.05613,35.75
2002-10-18,-0.021539,34.98
2002-10-21,0.015437,35.52
2002-10-22,0.000281,35.53
2002-10-23,-0.001126,35.49
2002-10-24,-0.023105,34.67
2002-10-25,0.029709,35.7
2002-10-28,0.016807,36.3
2002-10-29,0.00551,36.5
2002-10-30,0.015891,37.08
2002-10-31,0.001348,36.95
2002-11-01,0.018945,37.65
2002-11-04,-0.001328,37.6
2002-11-05,0.010904,38.01
2002-11-06,-0.003157,37.89
2002-11-07,-0.038005,36.45
2002-11-08,0.011523,36.87
2002-11-11,-0.031733,35.7
2002-11-12,0.019328,36.39
2002-11-13,-0.038197,35.0
2002-11-14,0.032571,36.14
2002-11-15,0.021029,36.9
2002-11-18,-0.029268,35.82
2002-11-19,0.017309,36.44
2002-11-20,0.037047,37.79
2002-11-21,0.030431,38.94
2002-11-22,-0.010272,38.54
2002-11-25,0.002854,38.65
2002-11-26,-0.038551,37.16
2002-11-27,0.048708,38.97
2002-11-29,-0.002309,38.88
2002-12-02,-0.009259,38.52
2002-12-03,-0.017394,37.85
2002-12-04,0.0,37.85
2002-12-05,-0.018758,37.14
2002-12-06,0.011309,37.56
2002-12-09,-0.03754,36.15
2002-12-10,0.017704,36.79
2002-12-11,-0.014406,36.26
2002-12-12,0.009928,36.62
2002-12-13,-0.016931,36.0
2002-12-16,0.041111,37.48
2002-12-17,-0.009338,37.13
2002-12-18,0.000539,37.15
2002-12-19,-0.004038,37.0
2002-12-20,0.030811,38.14
2002-12-23,-0.012061,37.68
2002-12-24,-0.031316,36.5
2002-12-26,-0.013151,36.02
2002-12-27,-0.023598,35.17
2002-12-30,0.002275,35.25
2002-12-31,-0.001702,35.19
2003-01-02,0.032964,36.35
2003-01-03,-0.006602,36.11
2003-01-06,0.033232,37.31
2003-01-07,-0.008845,36.98
2003-01-08,-0.007842,36.69
2003-01-09,0.009267,37.03
2003-01-10,0.011612,37.46
2003-01-13,-0.011212,37.04
2003-01-14,0.024028,37.93
2003-01-15,-0.012655,37.45
2003-01-16,-0.009079,37.11
2003-01-17,-0.008354,36.8
2003-01-21,-0.017935,36.14
2003-01-22,-0.006641,35.9
2003-01-23,0.03454,37.14
2003-01-24,-0.036349,35.79
2003-01-27,-0.019559,35.09
2003-01-28,0.010544,35.46
2003-01-29,0.002538,35.55
2003-01-30,-0.032349,34.2
2003-01-31,0.005263,34.38
2003-02-03,0.007853,34.65
2003-02-04,-0.029149,33.64
2003-02-05,0.000297,33.65
2003-02-06,-0.014859,33.15
2003-02-07,-0.00724,32.91
2003-02-10,-0.000608,32.89
2003-02-11,-0.02554,32.05
2003-02-12,-0.019657,31.42
2003-02-13,0.013367,31.84
2003-02-14,0.021985,32.54
2003-02-18,0.021512,33.24
2003-02-19,0.00361,33.36
2003-02-20,-0.014988,32.86
2003-02-21,0.010347,33.2
2003-02-24,-0.023193,32.43
2003-02-25,0.014184,32.89
2003-02-26,-0.019155,32.26
2003-02-27,0.018599,32.86
2003-02-28,0.014607,33.34
2003-03-03,-0.008698,33.05
2003-03-04,-0.020575,32.37
2003-03-05,0.024714,33.17
2003-03-06,-0.011456,32.79
2003-03-07,0.011284,33.16
2003-03-10,-0.028951,32.2
2003-03-11,-0.020186,31.55
2003-03-12,0.003487,31.66
2003-03-13,0.054643,33.39
2003-03-14,0.010782,33.75
2003-03-17,0.013333,34.2
2003-03-18,0.015497,34.73
2003-03-19,0.021019,35.46
2003-03-20,0.010434,35.83
2003-03-21,0.038236,37.2
2003-03-24,-0.040323,35.7
2003-03-25,0.005602,35.9
2003-03-26,-0.000279,35.89
2003-03-27,0.000279,35.9
2003-03-28,-0.013371,35.42
2003-03-31,-0.027386,34.45
2003-04-01,0.033382,35.6
2003-04-02,0.04045,37.04
2003-04-03,-0.014039,36.52
2003-04-04,0.019441,37.23
2003-04-07,-0.000269,37.22
2003-04-08,0.010478,37.61
2003-04-09,-0.015156,37.04
2003-04-10,-0.00243,36.95
2003-04-11,0.010825,37.35
2003-04-14,0.028916,38.43
2003-04-15,0.021338,39.25
2003-04-16,-0.025223,38.26
2003-04-17,0.020387,39.04
2003-04-21,-0.008709,38.7
2003-04-22,0.032041,39.94
2003-04-23,0.008763,40.29
2003-04-24,-0.028295,39.15
2003-04-25,-0.01788,38.45
2003-04-28,0.021066,39.26
2003-04-29,-0.004075,39.1
2003-04-30,0.003836,39.25
2003-05-01,-0.001274,39.0
2003-05-02,0.017949,39.7
2003-05-05,-0.004282,39.53
2003-05-06,0.010625,39.95
2003-05-07,0.001752,40.02
2003-05-08,-0.02024,39.21
2003-05-09,-0.004081,39.05
2003-05-12,0.008707,39.39
2003-05-13,-0.003046,39.27
2003-05-14,-0.009422,38.9
2003-05-15,0.014139,39.45
2003-05-16,-0.007605,39.15
2003-05-19,-0.023499,38.23
2003-05-20,0.007586,38.52
2003-05-21,0.008827,38.86
2003-05-22,-0.003603,38.72
2003-05-23,0.009556,39.09
2003-05-27,0.027884,40.18
2003-05-28,0.023893,41.14
2003-05-29,-0.008994,40.77
2003-05-30,0.006132,41.02
2003-06-02,0.008532,41.37
2003-06-03,0.021272,42.25
2003-06-04,0.018225,43.02
2003-06-05,0.011158,43.5
2003-06-06,0.004368,43.69
2003-06-09,-0.018997,42.86
2003-06-10,0.007933,43.2
2003-06-11,0.020602,44.09
2003-06-12,-0.000454,44.07
2003-06-13,0.000681,44.1
2003-06-16,0.02585,45.24
2003-06-17,0.007073,45.56
2003-06-18,-0.014267,44.91
2003-06-19,-0.024939,43.79
2003-06-20,0.005937,44.05
2003-06-23,-0.021566,43.1
2003-06-24,0.007425,43.42
2003-06-25,-0.008521,43.05
2003-06-26,0.015563,43.72
2003-06-27,-0.01624,43.01
2003-06-30,-0.004883,42.8
2003-07-01,0.023598,43.81
2003-07-02,0.013467,44.4
2003-07-03,-0.011712,43.88
2003-07-07,0.024157,44.94
2003-07-08,0.009568,45.37
2003-07-09,0.013666,45.99
2003-07-10,-0.017178,45.2
2003-07-11,0.021018,46.15
2003-07-14,0.021018,47.12
2003-07-15,-0.006154,46.83
2003-07-16,-0.027974,45.52
2003-07-17,-0.015378,44.82
2003-07-18,0.020527,45.74
2003-07-21,-0.017272,44.95
2003-07-22,0.011124,45.45
2003-07-23,0.00418,45.64
2003-07-24,-0.016871,44.87
2003-07-25,0.019167,45.73
2003-07-28,0.001531,45.8
2003-07-29,-0.00786,45.44
2003-07-30,-0.004621,45.23
2003-07-31,-0.001769,44.8
2003-08-01,-0.030134,43.45
2003-08-04,0.009666,43.87
2003-08-05,-0.018236,43.07
2003-08-06,0.010448,43.52
2003-08-07,0.013327,44.1
2003-08-08,0.006803,44.4
2003-08-11,0.003378,44.55
2003-08-12,0.014366,45.19
2003-08-13,-0.004868,44.97
2003-08-14,0.003558,45.13
2003-08-15,-0.005096,44.9
2003-08-18,-0.005568,44.65
2003-08-19,-0.005375,44.41
2003-08-20,-0.005629,44.16
2003-08-21,-0.005661,43.91
2003-08-22,-0.018447,43.1
2003-08-25,-0.004176,42.92
2003-08-26,0.009087,43.31
2003-08-27,-0.008081,42.96
2003-08-28,0.003026,43.09
2003-08-29,0.006034,43.35
2003-09-02,0.019147,44.18
2003-09-03,0.007243,44.5
2003-09-04,-0.002022,44.41
2003-09-05,-0.001576,44.34
2003-09-08,0.00406,44.52
2003-09-09,-0.005391,44.28
2003-09-10,-0.007453,43.95
2003-09-11,0.005916,44.21
2003-09-12,0.002036,44.3
2003-09-15,-0.00316,44.16
2003-09-16,0.012228,44.7
2003-09-17,0.005369,44.94
2003-09-18,0.038051,46.65
2003-09-19,0.007288,46.99
2003-09-22,-0.012982,46.38
2003-09-23,0.017033,47.17
2003-09-24,-0.013568,46.53
2003-09-25,-0.012035,45.97
2003-09-26,-0.01327,45.36
2003-09-29,0.015653,46.07
2003-09-30,-0.012155,45.51
2003-10-01,0.03274,47.0
2003-10-02,0.005319,47.25
2003-10-03,-0.002963,47.11
2003-10-06,0.004245,47.31
2003-10-07,0.010991,47.83
2003-10-08,-0.005645,47.56
2003-10-09,0.006728,47.88
2003-10-10,0.000418,47.9
2003-10-13,0.021503,48.93
2003-10-14,0.001431,49.0
2003-10-15,-0.002449,48.88
2003-10-16,0.002455,49.0
2003-10-17,-0.012653,48.38
2003-10-20,-0.004961,48.14
2003-10-21,-0.011841,47.57
2003-10-22,-0.007778,47.2
2003-10-23,0.012288,47.78
2003-10-24,-0.003767,47.6
2003-10-27,-0.018908,46.7
2003-10-28,0.018844,47.58
2003-10-29,0.00021,47.59
2003-10-30,0.005884,47.52
2003-10-31,-0.002525,47.4
2003-11-03,0.013502,48.04
2003-11-04,0.005828,48.32
2003-11-05,0.003725,48.5
2003-11-06,0.008041,48.89
2003-11-07,-0.023318,47.75
2003-11-10,0.004189,47.95
2003-11-11,-0.011679,47.39
2003-11-12,0.0,47.39
2003-11-13,-0.006119,47.1
2003-11-14,-0.014225,46.43
2003-11-17,-0.0028,46.3
2003-11-18,-0.015983,45.56
2003-11-19,0.008341,45.94
2003-11-20,-0.0037,45.77
2003-11-21,0.012454,46.34
2003-11-24,0.008632,46.74
2003-11-25,0.003637,46.91
2003-11-26,0.000853,46.95
2003-11-28,0.001704,47.03
2003-12-01,0.01127,47.56
2003-12-02,-0.007149,47.22
2003-12-03,-0.005718,46.95
2003-12-04,0.005112,47.19
2003-12-05,-0.012926,46.58
2003-12-08,0.01696,47.37
2003-12-09,-0.005911,47.09
2003-12-10,0.005734,47.36
2003-12-11,0.004434,47.57
2003-12-12,-0.00042,47.55
2003-12-15,0.004837,47.78
2003-12-16,0.003349,47.94
2003-12-17,-0.009387,47.49
2003-12-18,0.008423,47.89
2003-12-19,0.007935,48.27
2003-12-22,0.004765,48.5
2003-12-23,-0.008866,48.07
2003-12-24,-0.004577,47.85
2003-12-26,0.000209,47.86
2003-12-29,0.010656,48.37
2003-12-30,0.00124,48.43
2003-12-31,0.002271,48.54
2004-01-02,0.009477,49.0
2004-01-05,0.016123,49.79
2004-01-06,0.001004,49.84
2004-01-07,0.001404,49.91
2004-01-08,0.004208,50.12
2004-01-09,-0.004589,49.89
2004-01-12,-0.000802,49.85
2004-01-13,-0.005015,49.6
2004-01-14,0.008065,50.0
2004-01-15,-0.01,49.5
2004-01-16,0.0,49.5
2004-01-20,-0.004242,49.29
2004-01-21,0.021708,50.36
2004-01-22,0.006553,50.69
2004-01-23,-0.007299,50.32
2004-01-26,0.012122,50.93
2004-01-27,-0.016886,50.07
2004-01-28,-0.016777,49.23
2004-01-29,0.013203,49.48
2004-01-30,0.0,49.48
2004-02-02,-0.005053,49.23
2004-02-03,-0.007109,48.88
2004-02-04,-0.006342,48.57
2004-02-05,-0.009471,48.11
2004-02-06,0.024943,49.31
2004-02-09,-0.003245,49.15
2004-02-10,-0.00468,48.92
2004-02-11,0.016762,49.74
2004-02-12,-0.004624,49.51
2004-02-13,-0.000404,49.49
2004-02-17,0.008285,49.9
2004-02-18,-0.006814,49.56
2004-02-19,-0.008878,49.12
2004-02-20,-0.004682,48.89
2004-02-23,0.008795,49.32
2004-02-24,0.002433,49.44
2004-02-25,0.008091,49.84
2004-02-26,0.00321,50.0
2004-02-27,0.0052,50.26
2004-03-01,0.003979,50.46
2004-03-02,-0.013674,49.77
2004-03-03,0.001005,49.82
2004-03-04,-0.008832,49.38
2004-03-05,0.012556,50.0
2004-03-08,-0.0012,49.94
2004-03-09,-0.002002,49.84
2004-03-10,-0.012641,49.21
2004-03-11,-0.011989,48.62
2004-03-12,0.014192,49.31
2004-03-15,-0.003853,49.12
2004-03-16,0.017712,49.99
2004-03-17,0.016603,50.82
2004-03-18,0.009052,51.28
2004-03-19,-0.018331,50.34
2004-03-22,-0.014501,49.61
2004-03-23,0.00383,49.8
2004-03-24,-0.000201,49.79
2004-03-25,0.00944,50.26
2004-03-26,-0.003979,50.06
2004-03-29,0.02517,51.32
2004-03-30,0.012081,51.94
2004-03-31,-0.004621,51.7
2004-04-01,0.011412,52.29
2004-04-02,-0.009371,51.8
2004-04-05,0.008301,52.23
2004-04-06,0.000192,52.24
2004-04-07,-0.010146,51.71
2004-04-08,-0.003481,51.53
2004-04-12,0.010285,52.06
2004-04-13,-0.016519,51.2
2004-04-14,-0.004883,50.95
2004-04-15,-0.020216,49.92
2004-04-16,0.003606,50.1
2004-04-19,-0.002395,49.98
2004-04-20,-0.015406,49.21
2004-04-21,-0.001422,49.14
2004-04-22,0.010582,49.66
2004-04-23,-0.009666,49.18
2004-04-26,-0.003863,48.99
2004-04-27,-0.000612,48.96
2004-04-28,-0.010825,48.43
2004-04-29,0.002891,48.17
2004-04-30,-0.001661,48.09
2004-05-03,0.009773,48.56
2004-05-04,0.005766,48.84
2004-05-05,-0.0043,48.63
2004-05-06,-0.023031,47.51
2004-05-07,-0.016628,46.72
2004-05-10,-0.028039,45.41
2004-05-11,0.006166,45.69
2004-05-12,0.01357,46.31
2004-05-13,-0.007558,45.96
2004-05-14,-0.006745,45.65
2004-05-17,-0.017306,44.86
2004-05-18,0.006465,45.15
2004-05-19,-0.003322,45.0
2004-05-20,0.006222,45.28
2004-05-21,0.001325,45.34
2004-05-24,0.000882,45.38
2004-05-25,0.024681,46.5
2004-05-26,0.00086,46.54
2004-05-27,-0.00043,46.52
2004-05-28,-0.001935,46.43
2004-06-01,0.007323,46.77
2004-06-02,0.005559,47.03
2004-06-03,-0.014246,46.36
2004-06-04,0.004098,46.55
2004-06-07,0.021053,47.53
2004-06-08,0.001473,47.6
2004-06-09,-0.011555,47.05
2004-06-10,0.006376,47.35
2004-06-14,-0.012883,46.74
2004-06-15,0.005991,47.02
2004-06-16,0.0,47.02
2004-06-17,0.001276,47.08
2004-06-18,0.008921,47.5
2004-06-21,-0.006737,47.18
2004-06-22,-0.004027,46.99
2004-06-23,0.00532,47.24
2004-06-24,-0.00254,47.12
2004-06-25,-0.006791,46.8
2004-06-28,-0.005983,46.52
2004-06-29,-0.004084,46.33
2004-06-30,0.003669,46.5
2004-07-01,-0.010108,46.03
2004-07-02,-0.005866,45.76
2004-07-06,-0.006774,45.45
2004-07-07,0.00396,45.63
2004-07-08,-0.010081,45.17
2004-07-09,-0.003099,45.03
2004-07-12,-0.002887,44.9
2004-07-13,0.008909,45.3
2004-07-14,-0.004415,45.1
2004-07-15,-0.019734,44.21
2004-07-16,-0.013345,43.62
2004-07-19,0.008482,43.99
2004-07-20,0.001364,44.05
2004-07-21,-0.002497,43.94
2004-07-22,0.015021,44.6
2004-07-23,-0.006502,44.31
2004-07-26,-0.011284,43.81
2004-07-27,0.002054,43.9
2004-07-28,0.004784,44.11
2004-07-29,0.012922,44.28
2004-07-30,-0.004291,44.09
2004-08-02,0.005217,44.32
2004-08-03,-0.006318,44.04
2004-08-04,0.008174,44.4
2004-08-05,-0.012838,43.83
2004-08-06,-0.014602,43.19
2004-08-09,0.006483,43.47
2004-08-10,0.016333,44.18
2004-08-11,0.003848,44.35
2004-08-12,-0.010147,43.9
2004-08-13,0.002506,44.01
2004-08-16,0.017269,44.77
2004-08-17,0.008711,45.16
2004-08-18,0.010629,45.64
2004-08-19,-0.003944,45.46
2004-08-20,0.010779,45.95
2004-08-23,-0.002829,45.82
2004-08-24,0.002182,45.92
2004-08-25,0.008275,46.3
2004-08-26,0.003456,46.46
2004-08-27,0.005596,46.72
2004-08-30,-0.006635,46.41
2004-08-31,0.003663,46.58
2004-09-01,-0.002791,46.45
2004-09-02,0.011625,46.99
2004-09-03,-0.003192,46.84
2004-09-07,0.007899,47.21
2004-09-08,-0.008261,46.82
2004-09-09,0.002777,46.95
2004-09-10,0.006177,47.24
2004-09-13,-0.00508,47.0
2004-09-14,0.004043,47.19
2004-09-15,-0.00445,46.98
2004-09-16,0.004257,47.18
2004-09-17,-0.004875,46.95
2004-09-20,-0.033014,45.4
2004-09-21,0.005507,45.65
2004-09-22,-0.02782,44.38
2004-09-23,-0.011266,43.88
2004-09-24,0.006153,44.15
2004-09-27,-0.012231,43.61
2004-09-28,0.016051,44.31
2004-09-29,0.008802,44.7
2004-09-30,-0.012975,44.12
2004-10-01,0.016999,44.87
2004-10-04,-0.00312,44.73
2004-10-05,-0.004695,44.52
2004-10-06,0.004942,44.74
2004-10-07,0.000447,44.76
2004-10-08,-0.004468,44.56
2004-10-11,0.006732,44.86
2004-10-12,-0.001338,44.8
2004-10-13,-0.015402,44.11
2004-10-14,-0.009295,43.7
2004-10-15,0.005492,43.94
2004-10-18,0.006372,44.22
2004-10-19,-0.014247,43.59
2004-10-20,-0.006882,43.29
2004-10-21,-0.007854,42.95
2004-10-22,-0.00908,42.56
2004-10-25,0.00047,42.58
2004-10-26,0.017849,43.34
2004-10-27,0.014075,43.95
2004-10-28,0.016155,44.26
2004-10-29,0.002485,44.37
2004-11-01,-0.001352,44.31
2004-11-02,0.013315,44.9
2004-11-03,0.008686,45.29
2004-11-04,0.017664,46.09
2004-11-05,0.000868,46.13
2004-11-08,0.002601,46.25
2004-11-09,-0.000865,46.21
2004-11-10,-0.003462,46.05
2004-11-11,0.00456,46.26
2004-11-12,0.01751,47.07
2004-11-15,-0.008498,46.67
2004-11-16,-0.013285,46.05
2004-11-17,0.002823,46.18
2004-11-18,-0.005847,45.91
2004-11-19,-0.016554,45.15
2004-11-22,0.000443,45.17
2004-11-23,0.000886,45.21
2004-11-24,0.006857,45.52
2004-11-26,-0.002197,45.42
2004-11-29,-0.010128,44.96
2004-11-30,-0.004671,44.75
2004-12-01,0.026592,45.94
2004-12-02,-0.003918,45.76
2004-12-03,-0.002404,45.65
2004-12-06,0.011391,46.17
2004-12-07,-0.003682,46.0
2004-12-08,0.006304,46.29
2004-12-09,0.00324,46.44
2004-12-10,-0.011413,45.91
2004-12-13,0.018732,46.77
2004-12-14,0.002138,46.87
2004-12-15,0.009388,47.31
2004-12-16,-0.005496,47.05
2004-12-17,-0.009139,46.62
2004-12-20,0.001502,46.69
2004-12-21,0.010709,47.19
2004-12-22,0.023734,48.31
2004-12-23,0.009108,48.75
2004-12-27,-0.009026,48.31
2004-12-28,0.000828,48.35
2004-12-29,-0.007032,48.01
2004-12-30,0.000417,48.03
2004-12-31,0.003123,48.18
2005-01-03,0.001868,48.27
2005-01-04,-0.008494,47.86
2005-01-05,0.012537,48.46
2005-01-06,0.009699,48.93
2005-01-07,-0.005722,48.65
2005-01-10,-0.006372,48.34
2005-01-11,-0.002482,48.22
2005-01-12,-0.003111,48.07
2005-01-13,-0.009777,47.6
2005-01-14,-0.001891,47.51
2005-01-18,0.013892,48.17
2005-01-19,-0.002699,48.04
2005-01-20,-0.00562,47.77
2005-01-21,0.003349,47.93
2005-01-24,0.008971,48.36
2005-01-25,0.003102,48.51
2005-01-26,-0.000618,48.48
2005-01-27,0.00165,48.56
2005-01-28,-0.003707,48.38
2005-01-31,0.013849,49.05
2005-02-01,0.008767,49.48
2005-02-02,0.004042,49.68
2005-02-03,-0.001812,49.15
2005-02-04,0.012818,49.78
2005-02-07,-0.001004,49.73
2005-02-08,-0.005027,49.48
2005-02-09,-0.006063,49.18
2005-02-10,-0.004067,48.98
2005-02-11,0.008575,49.4
2005-02-14,-0.003036,49.25
2005-02-15,0.003046,49.4
2005-02-16,-0.004453,49.18
2005-02-17,-0.007727,48.8
2005-02-18,-0.004713,48.57
2005-02-22,-0.012765,47.95
2005-02-23,0.008968,48.38
2005-02-24,-0.001654,48.3
2005-02-25,-0.000414,48.28
2005-02-28,-0.011599,47.72
2005-03-01,0.003353,47.88
2005-03-02,0.005221,48.13
2005-03-03,-0.003324,47.97
2005-03-04,0.008964,48.4
2005-03-07,0.001446,48.47
2005-03-08,0.0,48.47
2005-03-09,-0.012173,47.88
2005-03-10,0.005639,48.15
2005-03-11,-0.007477,47.79
2005-03-14,0.008998,48.22
2005-03-15,-0.00871,47.8
2005-03-16,-0.008996,47.37
2005-03-17,-0.002744,47.24
2005-03-18,-0.008256,46.85
2005-03-21,-0.023266,45.76
2005-03-22,-0.028846,44.44
2005-03-23,0.000225,44.45
2005-03-24,0.001575,44.52
2005-03-28,0.005615,44.77
2005-03-29,-0.009381,44.35
2005-03-30,0.012852,44.92
2005-03-31,0.000445,44.94
2005-04-01,-0.007121,44.62
2005-04-04,-0.000672,44.59
2005-04-05,0.007849,44.94
2005-04-06,0.004673,45.15
2005-04-07,0.006866,45.46
2005-04-08,-0.00132,45.4
2005-04-11,0.004626,45.61
2005-04-12,0.018417,46.45
2005-04-13,-0.013778,45.81
2005-04-14,-0.00895,45.4
2005-04-15,0.007709,45.75
2005-04-18,0.010055,46.21
2005-04-19,0.00303,46.35
2005-04-20,-0.004746,46.13
2005-04-21,0.003035,46.27
2005-04-22,0.001081,46.32
2005-04-25,0.009931,46.78
2005-04-26,-0.00342,46.62
2005-04-27,0.009224,47.05
2005-04-28,-0.008927,46.19
2005-04-29,0.01667,46.96
2005-05-02,-0.009157,46.53
2005-05-03,0.005803,46.8
2005-05-04,0.003633,46.97
2005-05-05,-0.001916,46.88
2005-05-06,-0.006186,46.59
2005-05-09,0.005581,46.85
2005-05-10,-0.010032,46.38
2005-05-11,0.0069,46.7
2005-05-12,-0.00621,46.41
2005-05-13,-0.010774,45.91
2005-05-16,0.019386,46.8
2005-05-17,0.007692,47.16
2005-05-18,0.012299,47.74
2005-05-19,0.002095,47.84
2005-05-20,-0.000836,47.8
2005-05-23,-0.004184,47.6
2005-05-24,0.002311,47.71
2005-05-25,-0.00545,47.45
2005-05-26,-0.001475,47.38
2005-05-27,-0.002111,47.28
2005-05-31,-0.003596,47.11
2005-06-01,0.012948,47.72
2005-06-02,-0.00021,47.71
2005-06-03,-0.003144,47.56
2005-06-06,0.002733,47.69
2005-06-07,-0.000629,47.66
2005-06-08,0.001888,47.75
2005-06-09,-0.001466,47.68
2005-06-10,-0.000839,47.64
2005-06-13,-0.00084,47.6
2005-06-14,-0.003992,47.41
2005-06-15,-0.000211,47.4
2005-06-16,0.002954,47.54
2005-06-17,-0.001683,47.46
2005-06-20,-0.001896,47.37
2005-06-21,-0.001056,47.32
2005-06-22,0.002536,47.44
2005-06-23,-0.011804,46.88
2005-06-24,0.001493,46.95
2005-06-27,-0.003834,46.77
2005-06-28,0.005345,47.02
2005-06-29,-0.005104,46.78
2005-06-30,-0.011757,46.23
2005-07-01,-0.001514,46.16
2005-07-05,0.006499,46.46
2005-07-06,-0.003444,46.3
2005-07-07,-0.000648,46.27
2005-07-08,0.005187,46.51
2005-07-11,-0.0086,46.11
2005-07-12,-0.002386,46.0
2005-07-13,-0.005652,45.74
2005-07-14,0.016616,46.5
2005-07-15,-0.00172,46.42
2005-07-18,-0.03059,45.0
2005-07-19,-0.013333,44.4
2005-07-20,-0.004279,44.21
2005-07-21,-0.001357,44.15
2005-07-22,0.006115,44.42
2005-07-25,0.002476,44.53
2005-07-26,0.001572,44.6
2005-07-27,-0.004709,44.39
2005-07-28,-0.002027,43.86
2005-07-29,-0.008208,43.5
2005-08-01,0.004598,43.7
2005-08-02,0.008467,44.07
2005-08-03,-0.000454,44.05
2005-08-04,-0.002951,43.92
2005-08-05,-0.006603,43.63
2005-08-08,-0.007564,43.3
2005-08-09,0.006928,43.6
2005-08-10,-0.006881,43.3
2005-08-11,0.00485,43.51
2005-08-12,0.002528,43.62
2005-08-15,0.003897,43.79
2005-08-16,0.007993,44.14
2005-08-17,-0.000906,44.1
2005-08-18,0.002494,44.21
2005-08-19,-0.001131,44.16
2005-08-22,0.000906,44.2
2005-08-23,-0.01448,43.56
2005-08-24,-0.011708,43.05
2005-08-25,0.005159,43.2721
2005-08-26,-0.003977,43.1
2005-08-29,0.010209,43.54
2005-08-30,-0.006431,43.26
2005-08-31,0.011789,43.77
2005-09-01,-0.001371,43.71
2005-09-02,0.003889,43.88
2005-09-06,0.009572,44.3
2005-09-07,0.003612,44.46
2005-09-08,-0.00045,44.44
2005-09-09,0.003825,44.61
2005-09-12,0.008967,45.01
2005-09-13,0.002,45.1
2005-09-14,-0.002661,44.98
2005-09-15,0.001112,45.03
2005-09-16,0.009327,45.45
2005-09-19,-0.00198,45.36
2005-09-20,-0.00463,45.15
2005-09-21,-0.007309,44.82
2005-09-22,0.008032,45.18
2005-09-23,0.001328,45.24
2005-09-26,-0.003316,45.09
2005-09-27,0.0,45.09
2005-09-28,0.001996,45.18
2005-09-29,0.010182,45.64
2005-09-30,-0.002629,45.52
2005-10-03,-0.00022,45.51
2005-10-04,-0.003735,45.34
2005-10-05,-0.001544,45.27
2005-10-06,0.003534,45.43
2005-10-07,-0.00044,45.41
2005-10-10,-0.003964,45.23
2005-10-11,-0.009507,44.8
2005-10-12,-0.004464,44.6
2005-10-13,0.002691,44.72
2005-10-14,0.007156,45.04
2005-10-17,-0.005107,44.81
2005-10-18,-0.007811,44.46
2005-10-19,0.009672,44.89
2005-10-20,-0.012252,44.34
2005-10-21,-0.000677,44.31
2005-10-24,0.016701,45.05
2005-10-25,0.002664,45.17
2005-10-26,0.010627,45.65
2005-10-27,-0.005257,45.41
2005-10-28,0.010791,45.9
2005-10-31,-0.002614,45.78
2005-11-01,-0.008301,45.4
2005-11-02,0.003304,45.55
2005-11-03,0.007464,45.45
2005-11-04,0.0033,45.6
2005-11-07,0.018202,46.43
2005-11-08,0.003661,46.6
2005-11-09,0.004721,46.82
2005-11-10,0.019436,47.73
2005-11-11,0.005657,48.0
2005-11-14,0.005,48.24
2005-11-15,-0.012023,47.66
2005-11-16,0.000629,47.69
2005-11-17,0.005242,47.94
2005-11-18,0.009804,48.41
2005-11-21,0.002066,48.51
2005-11-22,0.008452,48.92
2005-11-23,0.008585,49.34
2005-11-25,0.003648,49.52
2005-11-28,-0.004443,49.3
2005-11-29,-0.00426,49.09
2005-11-30,-0.011,48.55
2005-12-01,0.006179,48.85
2005-12-02,-0.001638,48.77
2005-12-05,0.00164,48.85
2005-12-06,0.000819,48.89
2005-12-07,-0.003886,48.7
2005-12-08,-0.004107,48.5
2005-12-09,0.008454,48.91
2005-12-12,-0.004703,48.68
2005-12-13,0.015612,49.44
2005-12-14,0.004045,49.64
2005-12-15,-0.010878,49.1
2005-12-16,0.005499,49.37
2005-12-19,-0.004051,49.17
2005-12-20,0.000814,49.21
2005-12-21,0.001219,49.27
2005-12-22,-0.001624,49.19
2005-12-23,0.001017,49.24
2005-12-27,-0.011982,48.65
2005-12-28,-0.0037,48.47
2005-12-29,0.002269,48.58
2005-12-30,-0.001029,48.53
2006-01-03,0.015661,49.29
2006-01-04,-0.018462,48.38
2006-01-05,0.004961,48.62
2006-01-06,0.0,48.62
2006-01-09,-0.004731,48.39
2006-01-10,0.0031,48.54
2006-01-11,0.009065,48.98
2006-01-12,0.001021,49.03
2006-01-13,-0.002244,48.92
2006-01-17,-0.010016,48.43
2006-01-18,-0.001445,48.36
2006-01-19,-0.008685,47.94
2006-01-20,-0.046934,45.69
2006-01-23,0.006785,46.0
2006-01-24,0.000217,46.01
2006-01-25,0.004782,46.23
2006-01-26,0.016872,47.01
2006-01-27,-0.002978,46.87
2006-01-30,-0.001067,46.82
2006-01-31,-0.005126,46.58
2006-02-01,-0.005367,46.33
2006-02-02,-0.014246,45.18
2006-02-03,-0.002656,45.06
2006-02-06,0.002441,45.17
2006-02-07,-0.002657,45.05
2006-02-08,0.006881,45.36
2006-02-09,0.00948,45.79
2006-02-10,0.003713,45.96
2006-02-13,-0.006092,45.68
2006-02-14,0.009632,46.12
2006-02-15,0.002819,46.25
2006-02-16,0.004108,46.44
2006-02-17,-0.004307,46.24
2006-02-21,-0.001514,46.17
2006-02-22,0.015378,46.88
2006-02-23,-0.001707,46.8
2006-02-24,0.001068,46.85
2006-02-27,-0.001494,46.78
2006-02-28,-0.008764,46.37
2006-03-01,0.003451,46.53
2006-03-02,-0.010316,46.05
2006-03-03,-0.002823,45.92
2006-03-06,0.003702,46.09
2006-03-07,0.006726,46.4
2006-03-08,0.006034,46.68
2006-03-09,-0.00407,46.49
2006-03-10,0.010755,46.99
2006-03-13,-0.003192,46.84
2006-03-14,0.007259,47.18
2006-03-15,-0.003603,47.01
2006-03-16,0.006594,47.32
2006-03-17,0.001902,47.41
2006-03-20,-0.000211,47.4
2006-03-21,-0.003797,47.22
2006-03-22,0.00953,47.67
2006-03-23,0.002098,47.77
2006-03-24,0.000837,47.81
2006-03-27,-0.003556,47.64
2006-03-28,-0.00084,47.6
2006-03-29,0.00063,47.63
2006-03-30,-0.007348,47.28
2006-03-31,-0.001058,47.23
2006-04-03,0.003811,47.41
2006-04-04,0.016874,48.21
2006-04-05,0.001037,48.26
2006-04-06,-0.008496,47.85
2006-04-07,-0.003971,47.66
2006-04-10,0.005665,47.93
2006-04-11,-0.009597,47.47
2006-04-12,0.002739,47.6
2006-04-13,0.009454,48.05
2006-04-17,0.006243,48.35
2006-04-18,0.002689,48.48
2006-04-19,-0.005157,48.23
2006-04-20,0.001451,48.3
2006-04-21,-0.006004,48.01
2006-04-24,-0.000208,48.0
2006-04-25,-0.01125,47.46
2006-04-26,0.00611,47.75
2006-04-27,0.018639,48.15
2006-04-28,0.037383,49.95
2006-05-01,-0.00981,49.46
2006-05-02,0.002831,49.6
2006-05-03,0.00504,49.85
2006-05-04,-0.009428,49.38
2006-05-05,0.020049,50.37
2006-05-08,-0.004169,50.16
2006-05-09,0.003788,50.35
2006-05-10,-0.000993,50.3
2006-05-11,-0.016302,49.48
2006-05-12,-0.009903,48.99
2006-05-15,0.010614,49.51
2006-05-16,0.000606,49.54
2006-05-17,-0.014332,48.83
2006-05-18,-0.002048,48.73
2006-05-19,0.001436,48.8
2006-05-22,0.00082,48.84
2006-05-23,-0.006347,48.53
2006-05-24,0.002679,48.66
2006-05-25,0.008426,49.07
2006-05-26,0.01019,49.57
2006-05-30,-0.011095,49.02
2006-05-31,0.005712,49.3
2006-06-01,0.010751,49.83
2006-06-02,0.006221,50.14
2006-06-05,-0.010371,49.62
2006-06-06,0.002821,49.76
2006-06-07,0.003818,49.95
2006-06-08,0.0,49.95
2006-06-09,-0.003604,49.77
2006-06-12,-0.008841,49.33
2006-06-13,-0.022704,48.21
2006-06-14,-0.008504,47.8
2006-06-15,0.01841,48.68
2006-06-16,-0.006574,48.36
2006-06-19,-0.011166,47.82
2006-06-20,0.003973,48.01
2006-06-21,0.007498,48.37
2006-06-22,-0.004135,48.17
2006-06-23,-0.008927,47.74
2006-06-26,0.01173,48.3
2006-06-27,-0.01118,47.76
2006-06-28,0.001884,47.85
2006-06-29,0.021108,48.86
2006-06-30,-0.012485,48.25
2006-07-03,0.014922,48.97
2006-07-05,0.000817,49.01
2006-07-06,0.005305,49.27
2006-07-07,-0.003856,49.08
2006-07-10,0.005297,49.34
2006-07-11,0.00527,49.6
2006-07-12,-0.015524,48.83
2006-07-13,-0.01966,47.87
2006-07-14,-0.006058,47.58
2006-07-17,-0.0248,46.4
2006-07-18,0.003233,46.55
2006-07-19,0.015038,47.25
2006-07-20,-0.002963,47.11
2006-07-21,-0.003821,46.93
2006-07-24,0.011293,47.46
2006-07-25,-0.000211,47.45
2006-07-26,0.001686,47.53
2006-07-27,-0.004629,47.31
2006-07-28,0.02156,48.33
2006-07-31,-0.000414,48.31
2006-08-01,0.00414,48.51
2006-08-02,0.004329,48.72
2006-08-03,0.004926,48.47
2006-08-04,0.000619,48.5
2006-08-07,-0.005567,48.23
2006-08-08,0.001659,48.31
2006-08-09,-0.009936,47.83
2006-08-10,0.002927,47.97
2006-08-11,-0.006879,47.64
2006-08-14,0.001679,47.72
2006-08-15,0.014459,48.41
2006-08-16,0.002479,48.53
2006-08-17,0.000824,48.57
2006-08-18,0.000618,48.6
2006-08-21,-0.002263,48.49
2006-08-22,-0.001444,48.42
2006-08-23,0.003305,48.58
2006-08-24,0.002882,48.72
2006-08-25,-0.001642,48.64
2006-08-28,0.009868,49.12
2006-08-29,0.00285,49.26
2006-08-30,0.005278,49.52
2006-08-31,-0.003433,49.35
2006-09-01,0.000405,49.37
2006-09-05,0.001013,49.42
2006-09-06,-0.005868,49.13
2006-09-07,-0.011806,48.55
2006-09-08,0.003502,48.72
2006-09-11,0.004105,48.92
2006-09-12,0.001431,48.99
2006-09-13,0.006328,49.3
2006-09-14,-0.000203,49.29
2006-09-15,-0.002029,49.19
2006-09-18,0.008132,49.59
2006-09-19,0.002218,49.7
2006-09-20,0.004024,49.9
2006-09-21,-0.003006,49.75
2006-09-22,-0.005025,49.5
2006-09-25,0.011717,50.08
2006-09-26,0.002995,50.23
2006-09-27,-0.005176,49.97
2006-09-28,-0.0008,49.93
2006-09-29,-0.005207,49.67
2006-10-02,-0.003624,49.49
2006-10-03,0.012124,50.09
2006-10-04,0.018766,51.03
2006-10-05,-0.000784,50.99
2006-10-06,0.001177,51.05
2006-10-09,0.000588,51.08
2006-10-10,-0.00509,50.82
2006-10-11,-0.008658,50.38
2006-10-12,-0.00397,50.18
2006-10-13,0.003986,50.38
2006-10-16,-0.004565,50.15
2006-10-17,-0.001994,50.05
2006-10-18,0.002797,50.19
2006-10-19,-0.006376,49.87
2006-10-20,0.000802,49.91
2006-10-23,0.014226,50.62
2006-10-24,-0.002963,50.47
2006-10-25,0.007925,50.87
2006-10-26,-0.000786,50.83
2006-10-27,-0.009247,50.36
2006-10-30,-0.004766,50.12
2006-10-31,0.000798,50.16
2006-11-01,-0.001396,50.09
2006-11-02,0.002795,49.74
2006-11-03,-0.003016,49.59
2006-11-06,0.012704,50.22
2006-11-07,0.005177,50.48
2006-11-08,0.001783,50.57
2006-11-09,0.000791,50.61
2006-11-10,0.000395,50.63
2006-11-13,0.001185,50.69
2006-11-14,0.001184,50.75
2006-11-15,-0.005517,50.47
2006-11-16,0.003765,50.66
2006-11-17,0.002764,50.8
2006-11-20,-0.001378,50.73
2006-11-21,-0.002365,50.61
2006-11-22,0.003161,50.77
2006-11-24,-0.00906,50.31
2006-11-27,-0.008348,49.89
2006-11-28,-0.006615,49.56
2006-11-29,0.006053,49.86
2006-11-30,-0.005415,49.59
2006-12-01,-0.004235,49.38
2006-12-04,0.012556,50.0
2006-12-05,0.0102,50.51
2006-12-06,0.005345,50.78
2006-12-07,-0.001378,50.71
2006-12-08,0.022481,51.85
2006-12-11,0.019865,52.88
2006-12-12,-0.011914,52.25
2006-12-13,0.00134,52.32
2006-12-14,0.015099,53.11
2006-12-15,0.018076,54.07
2006-12-18,0.025338,55.44
2006-12-19,-0.003788,55.23
2006-12-20,-0.001267,55.16
2006-12-21,-0.007252,54.76
2006-12-22,-0.003835,54.55
2006-12-26,0.010449,55.12
2006-12-27,0.023404,56.41
2006-12-28,-0.009395,55.88
2006-12-29,-0.003221,55.7
2007-01-03,-0.008079,55.25
2007-01-04,-0.003439,55.06
2007-01-05,-0.005267,54.77
2007-01-08,0.005112,55.05
2007-01-09,-0.008719,54.57
2007-01-10,-0.008063,54.13
2007-01-11,0.000739,54.17
2007-01-12,0.003877,54.38
2007-01-16,0.007172,54.77
2007-01-17,-0.006938,54.39
2007-01-18,0.0,54.39
2007-01-19,0.002022,54.5
2007-01-22,0.003303,54.68
2007-01-23,-0.003475,54.49
2007-01-24,0.00624,54.83
2007-01-25,-0.016414,53.93
2007-01-26,0.013722,54.67
2007-01-29,-0.011158,54.06
2007-01-30,0.003885,54.27
2007-01-31,0.015847,55.13
2007-02-01,0.002539,54.73
2007-02-02,-0.001279,54.66
2007-02-05,0.001647,54.75
2007-02-06,0.003653,54.95
2007-02-07,0.0,54.95
2007-02-08,-0.009281,54.44
2007-02-09,-0.019104,53.4
2007-02-12,0.000562,53.43
2007-02-13,0.00524,53.71
2007-02-14,0.008751,54.18
2007-02-15,0.000554,54.21
2007-02-16,-0.002029,54.1
2007-02-20,0.001664,54.19
2007-02-21,-0.00812,53.75
2007-02-22,-0.002977,53.59
2007-02-23,0.003359,53.77
2007-02-26,-0.020272,52.68
2007-02-27,-0.039484,50.6
2007-02-28,-0.004545,50.37
2007-03-01,0.014096,51.08
2007-03-02,-0.021731,49.97
2007-03-05,-0.014409,49.25
2007-03-06,0.027005,50.58
2007-03-07,-0.007117,50.22
2007-03-08,0.005575,50.5
2007-03-09,-0.003366,50.33
2007-03-12,0.000596,50.36
2007-03-13,-0.03197,48.75
2007-03-14,0.006769,49.08
2007-03-15,0.021394,50.13
2007-03-16,-0.011969,49.53
2007-03-19,0.010701,50.06
2007-03-20,0.011586,50.64
2007-03-21,0.027449,52.03
2007-03-22,-0.003652,51.84
2007-03-23,-0.002315,51.72
2007-03-26,-0.00348,51.54
2007-03-27,-0.009313,51.06
2007-03-28,-0.001959,50.96
2007-03-29,0.008634,51.4
2007-03-30,-0.001167,51.34
2007-04-02,-0.005649,51.05
2007-04-03,0.007052,51.41
2007-04-04,-0.000973,51.36
2007-04-05,0.004089,51.57
2007-04-09,0.000194,51.58
2007-04-10,0.015898,52.4
2007-04-11,-0.01145,51.8
2007-04-12,-0.002896,51.65
2007-04-13,-0.000968,51.6
2007-04-16,0.025775,52.93
2007-04-17,-0.007557,52.53
2007-04-18,0.008757,52.99
2007-04-19,0.001887,53.09
2007-04-20,0.006216,53.42
2007-04-23,-0.005803,53.11
2007-04-24,-0.005649,52.81
2007-04-25,0.018746,53.8
2007-04-26,-0.004461,53.56
2007-04-27,-0.003547,53.37
2007-04-30,0.004684,53.62
2007-05-01,0.010817,54.2
2007-05-02,0.001845,54.3
2007-05-03,0.003499,53.95
2007-05-04,0.002595,54.09
2007-05-07,-0.003882,53.88
2007-05-08,-0.00297,53.72
2007-05-09,0.007446,54.12
2007-05-10,-0.016999,53.2
2007-05-11,-0.001692,53.11
2007-05-14,-0.004707,52.86
2007-05-15,-0.001324,52.79
2007-05-16,0.040159,54.91
2007-05-17,-0.002003,54.8
2007-05-18,0.00365,55.0
2007-05-21,-0.002909,54.84
2007-05-22,0.004376,55.08
2007-05-23,-0.001271,55.01
2007-05-24,-0.001454,54.93
2007-05-25,0.003459,55.12
2007-05-29,-0.00381,54.91
2007-05-30,0.005281,55.2
2007-05-31,-0.012862,54.49
2007-06-01,0.000367,54.51
2007-06-04,-0.006604,54.15
2007-06-05,-0.004617,53.9
2007-06-06,-0.010575,53.33
2007-06-07,-0.015189,52.52
2007-06-08,0.015423,53.33
2007-06-11,0.002625,53.47
2007-06-12,-0.016271,52.6
2007-06-13,0.020532,53.68
2007-06-14,-0.000186,53.67
2007-06-15,0.005776,53.98
2007-06-18,-0.000371,53.96
2007-06-19,0.00556,54.26
2007-06-20,-0.015112,53.44
2007-06-21,0.004117,53.66
2007-06-22,-0.023295,52.41
2007-06-25,-0.013738,51.69
2007-06-26,-0.010447,51.15
2007-06-27,0.012903,51.81
2007-06-28,0.0,51.81
2007-06-29,-0.010037,51.29
2007-07-02,0.006824,51.64
2007-07-03,0.00426,51.86
2007-07-05,-0.006942,51.5
2007-07-06,0.003884,51.7
2007-07-09,-0.001934,51.6
2007-07-10,-0.011628,51.0
2007-07-11,0.008039,51.41
2007-07-12,0.027816,52.84
2007-07-13,-0.006056,52.52
2007-07-16,-0.006283,52.19
2007-07-17,0.005173,52.46
2007-07-18,-0.016394,51.6
2007-07-19,-0.009108,51.13
2007-07-20,-0.007823,50.73
2007-07-23,0.002563,50.86
2007-07-24,-0.030476,49.31
2007-07-25,-0.001985,49.2121
2007-07-26,-0.028491,47.81
2007-07-27,-0.01757,46.97
2007-07-30,0.004684,47.19
2007-07-31,-0.013138,46.57
2007-08-01,0.006012,46.85
2007-08-02,0.019851,47.24
2007-08-03,-0.032176,45.72
2007-08-06,0.057524,48.35
2007-08-07,0.004964,48.59
2007-08-08,0.018522,49.49
2007-08-09,-0.052334,46.9
2007-08-10,0.002132,47.0
2007-08-13,-0.009787,46.54
2007-08-14,-0.018909,45.66
2007-08-15,-0.001095,45.61
2007-08-16,0.042535,47.55
2007-08-17,0.026499,48.81
2007-08-20,-0.008605,48.39
2007-08-21,-0.00682,48.06
2007-08-22,0.007699,48.43
2007-08-23,-0.001652,48.35
2007-08-24,0.003102,48.5
2007-08-27,-0.014639,47.79
2007-08-28,-0.034526,46.14
2007-08-29,0.017555,46.95
2007-08-30,-0.015336,46.23
2007-08-31,0.01406,46.88
2007-09-04,0.007039,47.21
2007-09-05,-0.02563,46.0
2007-09-06,-0.007391,45.66
2007-09-07,-0.003942,45.48
2007-09-10,-0.003958,45.3
2007-09-11,0.015673,46.01
2007-09-12,-0.005434,45.76
2007-09-13,0.013112,46.36
2007-09-14,0.00604,46.64
2007-09-17,-0.013079,46.03
2007-09-18,0.050836,48.37
2007-09-19,-0.002067,48.27
2007-09-20,-0.022167,47.2
2007-09-21,0.006568,47.51
2007-09-24,-0.019364,46.59
2007-09-25,-0.00601,46.31
2007-09-26,0.005182,46.55
2007-09-27,0.007089,46.88
2007-09-28,-0.00448,46.67
2007-10-01,0.022499,47.72
2007-10-02,0.002934,47.86
2007-10-03,0.000627,47.89
2007-10-04,-0.005429,47.63
2007-10-05,0.014067,48.3
2007-10-08,-0.010352,47.8
2007-10-09,-0.003766,47.62
2007-10-10,-0.01008,47.14
2007-10-11,0.025032,48.32
2007-10-12,-0.009313,47.87
2007-10-15,-0.034051,46.24
2007-10-16,-0.031358,44.79
2007-10-17,-0.002902,44.66
2007-10-18,-0.018585,43.83
2007-10-19,-0.033539,42.36
2007-10-22,0.005902,42.61
2007-10-23,-0.00399,42.44
2007-10-24,-0.014609,41.82
2007-10-25,-0.014108,41.23
2007-10-26,0.033956,42.63
2007-10-29,0.001407,42.69
2007-10-30,-0.013586,42.11
2007-10-31,-0.004987,41.9
2007-11-01,-0.068019,38.51
2007-11-02,-0.020254,37.73
2007-11-05,-0.048503,35.9
2007-11-06,-0.022841,35.08
2007-11-07,-0.047606,33.41
2007-11-08,-0.015265,32.9
2007-11-09,0.006079,33.1
2007-11-12,0.014199,33.57
2007-11-13,0.069407,35.9
2007-11-14,0.0039,36.04
2007-11-15,-0.040511,34.58
2007-11-16,-0.016773,34.0
2007-11-19,-0.058824,32.0
2007-11-20,-0.01875,31.4
2007-11-21,-0.021338,30.73
2007-11-23,0.031565,31.7
2007-11-26,-0.031546,30.7
2007-11-27,-0.012378,30.32
2007-11-28,0.064974,32.29
2007-11-29,0.0,32.29
2007-11-30,0.031279,33.3
2007-12-03,-0.007207,33.06
2007-12-04,-0.015427,32.55
2007-12-05,0.035023,33.69
2007-12-06,0.01959,34.35
2007-12-07,-0.001164,34.31
2007-12-10,0.013407,34.77
2007-12-11,-0.044291,33.23
2007-12-12,-0.052964,31.47
2007-12-13,-0.014617,31.01
2007-12-14,-0.009997,30.7
2007-12-17,0.00228,30.77
2007-12-18,-0.012675,30.38
2007-12-19,-0.005596,30.21
2007-12-20,-0.010593,29.89
2007-12-21,0.01171,30.24
2007-12-24,0.024471,30.98
2007-12-26,-0.017108,30.45
2007-12-27,-0.029228,29.56
2007-12-28,-0.009134,29.29
2007-12-31,0.005121,29.44
2008-01-02,-0.017663,28.92
2008-01-03,0.000346,28.93
2008-01-04,-0.023851,28.24
2008-01-07,0.000708,28.26
2008-01-08,-0.039632,27.14
2008-01-09,0.012896,27.49
2008-01-10,0.022554,28.11
2008-01-11,0.016009,28.56
2008-01-14,0.017507,29.06
2008-01-15,-0.072953,26.94
2008-01-16,-0.025984,26.24
2008-01-17,-0.048781,24.96
2008-01-18,-0.020433,24.45
2008-01-22,-0.002041,24.4001
2008-01-23,0.080323,26.36
2008-01-24,0.036798,27.33
2008-01-25,-0.025247,26.64
2008-01-28,0.037913,27.65
2008-01-29,0.009403,27.91
2008-01-30,-0.001078,27.8799
2008-01-31,0.021883,28.17
2008-02-01,0.053958,29.69
2008-02-04,-0.01583,29.22
2008-02-05,-0.074264,27.05
2008-02-06,-0.004806,26.92
2008-02-07,-0.008172,26.7
2008-02-08,-0.025094,26.03
2008-02-11,-0.008452,25.81
2008-02-12,0.015498,26.21
2008-02-13,0.00496,26.34
2008-02-14,-0.022779,25.74
2008-02-15,-0.010101,25.48
2008-02-19,-0.006279,25.32
2008-02-20,0.006714,25.49
2008-02-21,-0.017262,25.05
2008-02-22,0.002794,25.12
2008-02-25,-0.015127,24.74
2008-02-26,0.008488,24.95
2008-02-27,0.030862,25.72
2008-02-28,-0.027605,25.01
2008-02-29,-0.051979,23.71
2008-03-03,-0.026149,23.09
2008-03-04,-0.042876,22.1
2008-03-05,0.002262,22.15
2008-03-06,-0.044244,21.17
2008-03-07,-0.012282,20.91
2008-03-10,-0.058345,19.69
2008-03-11,0.091417,21.49
2008-03-12,-0.013029,21.21
2008-03-13,-0.006601,21.07
2008-03-14,-0.061229,19.7799
2008-03-17,-0.05864,18.62
2008-03-18,0.112245,20.71
2008-03-19,-0.014486,20.41
2008-03-20,0.102401,22.5
2008-03-24,0.034222,23.27
2008-03-25,0.006446,23.42
2008-03-26,-0.058497,22.05
2008-03-27,-0.011791,21.79
2008-03-28,-0.044057,20.83
2008-03-31,0.028325,21.42
2008-04-01,0.112979,23.84
2008-04-02,0.00755,24.02
2008-04-03,0.014155,24.36
2008-04-04,-0.011494,24.08
2008-04-07,0.021595,24.6
2008-04-08,-0.034146,23.76
2008-04-09,-0.007576,23.58
2008-04-10,0.005513,23.71
2008-04-11,-0.014762,23.36
2008-04-14,-0.036387,22.51
2008-04-15,0.012883,22.8
2008-04-16,0.02807,23.44
2008-04-17,0.025171,24.03
2008-04-18,0.044944,25.11
2008-04-21,-0.003186,25.03
2008-04-22,0.003596,25.12
2008-04-23,-0.019506,24.63
2008-04-24,0.045879,25.76
2008-04-25,0.032609,26.6
2008-04-28,0.007895,26.81
2008-04-29,-0.018277,26.32
2008-04-30,-0.039894,25.27
2008-05-01,0.041156,25.99
2008-05-02,0.015391,26.39
2008-05-05,-0.024252,25.75
2008-05-06,0.00466,25.87
2008-05-07,-0.05373,24.48
2008-05-08,-0.007353,24.3
2008-05-09,-0.027572,23.63
2008-05-12,0.000423,23.64
2008-05-13,-0.025804,23.03
2008-05-14,0.009553,23.25
2008-05-15,0.020645,23.73
2008-05-16,-0.025706,23.12
2008-05-19,-0.005623,22.99
2008-05-20,-0.038278,22.11
2008-05-21,-0.04749,21.06
2008-05-22,0.031339,21.72
2008-05-23,-0.027624,21.12
2008-05-27,0.025568,21.66
2008-05-28,-0.00277,21.6
2008-05-29,0.02037,22.04
2008-05-30,-0.006806,21.89
2008-06-02,-0.019644,21.46
2008-06-03,-0.001864,21.42
2008-06-04,-0.015873,21.08
2008-06-05,0.006641,21.22
2008-06-06,-0.054665,20.06
2008-06-09,-0.022931,19.6
2008-06-10,0.033674,20.26
2008-06-11,-0.051826,19.21
2008-06-12,0.035398,19.89
2008-06-13,0.029663,20.48
2008-06-16,0.01709,20.83
2008-06-17,-0.017763,20.46
2008-06-18,-0.002933,20.4
2008-06-19,-0.011275,20.17
2008-06-20,-0.043133,19.3
2008-06-23,-0.03886,18.55
2008-06-24,0.016173,18.85
2008-06-25,0.0,18.85
2008-06-26,-0.0626,17.67
2008-06-27,-0.023769,17.25
2008-06-30,-0.028406,16.76
2008-07-01,0.022076,17.13
2008-07-02,-0.016929,16.84
2008-07-03,-0.001188,16.82
2008-07-07,-0.02497,16.4
2008-07-08,0.060366,17.39
2008-07-09,-0.054629,16.44
2008-07-10,-0.009732,16.28
2008-07-11,-0.005528,16.19
2008-07-14,-0.059914,15.22
2008-07-15,-0.043364,14.56
2008-07-16,0.131181,16.47
2008-07-17,0.091075,17.97
2008-07-18,0.076795,19.35
2008-07-21,0.017571,19.69
2008-07-22,0.060945,20.89
2008-07-23,0.01101,21.12
2008-07-24,-0.097538,19.06
2008-07-25,-0.011018,18.85
2008-07-28,-0.075332,17.43
2008-07-29,0.05852,18.45
2008-07-30,0.019512,18.81
2008-07-31,0.010633,18.69
2008-08-01,0.009631,18.87
2008-08-04,-0.00212,18.83
2008-08-05,0.057886,19.92
2008-08-06,-0.011044,19.7
2008-08-07,-0.062437,18.47
2008-08-08,0.049811,19.39
2008-08-11,0.022176,19.82
2008-08-12,-0.064581,18.54
2008-08-13,-0.039374,17.81
2008-08-14,0.01516,18.08
2008-08-15,0.025996,18.55
2008-08-18,-0.050135,17.62
2008-08-19,-0.024404,17.19
2008-08-20,0.017452,17.49
2008-08-21,-0.001144,17.47
2008-08-22,0.038352,18.14
2008-08-25,-0.029217,17.61
2008-08-26,0.013061,17.84
2008-08-27,0.015695,18.12
2008-08-28,0.05298,19.08
2008-08-29,-0.004717,18.99
2008-09-02,0.006319,19.11
2008-09-03,0.026164,19.61
2008-09-04,-0.066803,18.3
2008-09-05,0.042077,19.07
2008-09-08,0.065548,20.32
2008-09-09,-0.070866,18.88
2008-09-10,-0.010593,18.68
2008-09-11,-0.003747,18.61
2008-09-12,-0.034928,17.96
2008-09-15,-0.151448,15.24
2008-09-16,0.033465,15.75
2008-09-17,-0.109206,14.03
2008-09-18,0.186743,16.65
2008-09-19,0.24024,20.65
2008-09-22,-0.030993,20.01
2008-09-23,-0.001,19.99
2008-09-24,-0.051526,18.96
2008-09-25,0.023734,19.41
2008-09-26,0.038125,20.15
2008-09-29,-0.119107,17.75
2008-09-30,0.155493,20.51
2008-10-01,0.121404,23.0
2008-10-02,-0.021739,22.5
2008-10-03,-0.184444,18.35
2008-10-06,-0.051226,17.41
2008-10-07,-0.12981,15.15
2008-10-08,-0.049505,14.4
2008-10-09,-0.102083,12.93
2008-10-10,0.091261,14.11
2008-10-13,0.11623,15.75
2008-10-14,0.182222,18.62
2008-10-15,-0.128357,16.23
2008-10-16,-0.020333,15.9
2008-10-17,-0.064151,14.88
2008-10-20,0.014113,15.09
2008-10-21,-0.060305,14.18
2008-10-22,-0.060649,13.32
2008-10-23,-0.015766,13.11
2008-10-24,-0.073989,12.14
2008-10-27,-0.033773,11.73
2008-10-28,0.143223,13.41
2008-10-29,-0.037286,12.91
2008-10-30,0.027885,13.11
2008-10-31,0.04119,13.65
2008-11-03,0.024908,13.99
2008-11-04,0.049321,14.68
2008-11-05,-0.139646,12.63
2008-11-06,-0.087886,11.52
2008-11-07,0.026042,11.82
2008-11-10,-0.051607,11.21
2008-11-11,-0.036575,10.8
2008-11-12,-0.107407,9.64
2008-11-13,-0.01971,9.45
2008-11-14,0.007407,9.52
2008-11-17,-0.066177,8.89
2008-11-18,-0.059618,8.36
2008-11-19,-0.23445,6.4
2008-11-20,-0.264062,4.71
2008-11-21,-0.199575,3.77
2008-11-24,0.578249,5.95
2008-11-25,0.021849,6.08
2008-11-26,0.15954,7.05
2008-11-28,0.175886,8.29
2008-12-01,-0.221954,6.45
2008-12-02,0.11938,7.22
2008-12-03,0.083103,7.82
2008-12-04,-0.053708,7.4
2008-12-05,0.041892,7.71
2008-12-08,0.098573,8.47
2008-12-09,0.008264,8.54
2008-12-10,-0.028103,8.3
2008-12-11,-0.087952,7.57
2008-12-12,0.017173,7.7
2008-12-15,-0.038961,7.4
2008-12-16,0.112162,8.23
2008-12-17,-0.048603,7.83
2008-12-18,-0.051086,7.43
2008-12-19,-0.055182,7.02
2008-12-22,-0.038462,6.75
2008-12-23,-0.034074,6.52
2008-12-24,0.039877,6.78
2008-12-26,-0.007375,6.73
2008-12-29,-0.023774,6.57
2008-12-30,0.035008,6.8
2008-12-31,-0.013235,6.71
2009-01-02,0.064083,7.14
2009-01-05,-0.008403,7.08
2009-01-06,0.053672,7.46
2009-01-07,-0.041555,7.15
2009-01-08,0.001399,7.16
2009-01-09,-0.057263,6.75
2009-01-12,-0.17037,5.6
2009-01-13,0.053572,5.9
2009-01-14,-0.232203,4.53
2009-01-15,-0.154525,3.83
2009-01-16,-0.086162,3.5
2009-01-20,-0.2,2.8
2009-01-21,0.310714,3.67
2009-01-22,-0.152589,3.11
2009-01-23,0.115756,3.47
2009-01-26,-0.040346,3.33
2009-01-27,0.066066,3.55
2009-01-28,0.185916,4.21
2009-01-29,-0.071259,3.9
2009-01-30,-0.089744,3.55
2009-02-02,0.028169,3.65
2009-02-03,-0.052055,3.46
2009-02-04,0.008671,3.49
2009-02-05,0.011461,3.53
2009-02-06,0.107649,3.91
2009-02-09,0.01023,3.95
2009-02-10,-0.151899,3.35
2009-02-11,0.101493,3.69
2009-02-12,-0.02168,3.61
2009-02-13,-0.033241,3.49
2009-02-17,-0.123209,3.06
2009-02-18,-0.04902,2.91
2009-02-19,-0.137457,2.51
2009-02-20,-0.223108,1.95
2009-02-23,0.097436,2.14
2009-02-24,0.214953,2.6
2009-02-25,-0.030769,2.52
2009-02-26,-0.02381,2.46
2009-02-27,-0.390244,1.5
2009-03-02,-0.2,1.2
2009-03-03,0.016667,1.22
2009-03-04,-0.073771,1.13
2009-03-05,-0.097345,1.02
2009-03-06,0.009804,1.03
2009-03-09,0.019418,1.05
2009-03-10,0.380952,1.45
2009-03-11,0.062069,1.54
2009-03-12,0.084416,1.67
2009-03-13,0.065868,1.78
2009-03-16,0.308989,2.33
2009-03-17,0.077253,2.51
2009-03-18,0.227092,3.08
2009-03-19,-0.155844,2.6
2009-03-20,0.007692,2.62
2009-03-23,0.194657,3.13
2009-03-24,-0.038339,3.01
2009-03-25,-0.019934,2.95
2009-03-26,-0.047458,2.81
2009-03-27,-0.067616,2.62
2009-03-30,-0.118321,2.31
2009-03-31,0.095238,2.53
2009-04-01,0.059289,2.68
2009-04-02,0.022388,2.74
2009-04-03,0.040146,2.85
2009-04-06,-0.045614,2.72
2009-04-07,0.014706,2.76
2009-04-08,-0.021739,2.7
2009-04-09,0.125926,3.04
2009-04-13,0.25,3.8
2009-04-14,0.055263,4.01
2009-04-15,-0.009975,3.97
2009-04-16,0.010076,4.01
2009-04-17,-0.089776,3.65
2009-04-20,-0.194521,2.94
2009-04-21,0.102041,3.24
2009-04-22,0.003086,3.25
2009-04-23,-0.015385,3.2
2009-04-24,-0.003125,3.19
2009-04-27,-0.037618,3.07
2009-04-28,-0.058632,2.89
2009-04-29,0.079585,3.12
2009-04-30,-0.022436,3.05
2009-05-01,-0.02623,2.97
2009-05-04,0.077441,3.2
2009-05-05,0.034375,3.31
2009-05-06,0.166163,3.86
2009-05-07,-0.012953,3.81
2009-05-08,0.055118,4.02
2009-05-11,-0.039801,3.86
2009-05-12,-0.051813,3.66
2009-05-13,-0.068306,3.41
2009-05-14,0.041056,3.55
2009-05-15,-0.019718,3.48
2009-05-18,0.045977,3.64
2009-05-19,0.035714,3.77
2009-05-20,-0.02122,3.69
2009-05-21,0.00813,3.72
2009-05-22,-0.013441,3.67
2009-05-26,0.027248,3.77
2009-05-27,-0.018568,3.7
2009-05-28,-0.008108,3.67
2009-05-29,0.013624,3.72
2009-06-01,-0.008065,3.69
2009-06-02,-0.048781,3.51
2009-06-03,-0.034188,3.39
2009-06-04,0.053097,3.57
2009-06-05,-0.030812,3.46
2009-06-08,-0.011561,3.42
2009-06-09,-0.002924,3.41
2009-06-10,0.020528,3.48
2009-06-11,0.0,3.48
2009-06-12,-0.002874,3.47
2009-06-15,-0.028819,3.37
2009-06-16,-0.035608,3.25
2009-06-17,-0.052308,3.08
2009-06-18,0.016234,3.13
2009-06-19,0.01278,3.17
2009-06-22,-0.053628,3.0
2009-06-23,0.003333,3.01
2009-06-24,0.009967,3.04
2009-06-25,-0.003289,3.03
2009-06-26,0.0,3.03
2009-06-29,-0.0033,3.02
2009-06-30,-0.016556,2.97
2009-07-01,0.0,2.97
2009-07-02,-0.030303,2.88
2009-07-06,-0.03125,2.79
2009-07-07,-0.035842,2.69
2009-07-08,-0.026022,2.62
2009-07-09,0.026718,2.69
2009-07-10,-0.037175,2.59
2009-07-13,0.073359,2.78
2009-07-14,0.05036,2.92
2009-07-15,0.085616,3.17
2009-07-16,-0.044164,3.03
2009-07-17,-0.0033,3.02
2009-07-20,-0.076159,2.79
2009-07-21,-0.050179,2.65
2009-07-22,0.056604,2.8
2009-07-23,-0.010714,2.77
2009-07-24,-0.01444,2.73
2009-07-27,-0.014652,2.69
2009-07-28,0.104089,2.97
2009-07-29,0.084175,3.22
2009-07-30,-0.024845,3.14
2009-07-31,0.009554,3.17
2009-08-03,0.003155,3.18
2009-08-04,0.022013,3.25
2009-08-05,0.101538,3.58
2009-08-06,0.061453,3.8
2009-08-07,0.013158,3.85
2009-08-10,0.023377,3.94
2009-08-11,-0.063452,3.69
2009-08-12,0.078591,3.98
2009-08-13,0.020101,4.06
2009-08-14,-0.004926,4.04
2009-08-17,-0.009901,4.0
2009-08-18,0.035,4.14
2009-08-19,-0.002415,4.13
2009-08-20,0.084746,4.48
2009-08-21,0.049107,4.7
2009-08-24,0.025532,4.82
2009-08-25,-0.014523,4.75
2009-08-26,-0.025263,4.63
2009-08-27,0.090713,5.05
2009-08-28,0.035644,5.23
2009-08-31,-0.043977,5.0
2009-09-01,-0.092,4.54
2009-09-02,0.004405,4.56
2009-09-03,0.046053,4.77
2009-09-04,0.016772,4.85
2009-09-08,-0.035052,4.68
2009-09-09,-0.004274,4.66
2009-09-10,0.019313,4.75
2009-09-11,-0.029474,4.61
2009-09-14,-0.019523,4.52
2009-09-15,-0.088496,4.12
2009-09-16,0.019418,4.2
2009-09-17,0.052381,4.42
2009-09-18,-0.036199,4.26
2009-09-21,0.039906,4.43
2009-09-22,0.049662,4.65
2009-09-23,-0.027957,4.52
2009-09-24,-0.019912,4.43
2009-09-25,-0.011287,4.38
2009-09-28,0.043379,4.57
2009-09-29,0.028446,4.7
2009-09-30,0.029787,4.84
2009-10-01,-0.06405,4.53
2009-10-02,-0.002208,4.52
2009-10-05,0.033186,4.67
2009-10-06,0.0,4.67
2009-10-07,-0.006424,4.64
2009-10-08,0.002155,4.65
2009-10-09,-0.004301,4.63
2009-10-12,0.030238,4.77
2009-10-13,0.012579,4.83
2009-10-14,0.035197,5.0
2009-10-15,-0.05,4.75
2009-10-16,-0.033684,4.59
2009-10-19,-0.010893,4.54
2009-10-20,-0.024229,4.43
2009-10-21,-0.002257,4.42
2009-10-22,0.00905,4.46
2009-10-23,0.0,4.46
2009-10-26,-0.042601,4.27
2009-10-27,0.0,4.27
2009-10-28,-0.044497,4.08
2009-10-29,0.056373,4.31
2009-10-30,-0.051044,4.09
2009-11-02,-0.02445,3.99
2009-11-03,0.012531,4.04
2009-11-04,-0.017327,3.97
2009-11-05,0.02267,4.06
2009-11-06,0.0,4.06
2009-11-09,0.03202,4.19
2009-11-10,-0.002387,4.18
2009-11-11,-0.004785,4.16
2009-11-12,-0.024038,4.06
2009-11-13,-0.002463,4.05
2009-11-16,0.032099,4.18
2009-11-17,0.014354,4.24
2009-11-18,0.011793,4.29
2009-11-19,-0.006993,4.26
2009-11-20,-0.014085,4.2
2009-11-23,0.019048,4.28
2009-11-24,-0.016355,4.21
2009-11-25,-0.009501,4.17
2009-11-27,-0.026379,4.06
2009-11-30,0.012315,4.11
2009-12-01,-0.002433,4.1
2009-12-02,0.0,4.1
2009-12-03,-0.012195,4.05
2009-12-04,0.017284,4.12
2009-12-07,-0.021845,4.03
2009-12-08,-0.029777,3.91
2009-12-09,-0.012788,3.86
2009-12-10,0.002591,3.87
2009-12-11,0.020672,3.95
2009-12-14,-0.063291,3.7
2009-12-15,-0.037838,3.56
2009-12-16,-0.030899,3.45
2009-12-17,-0.072464,3.2
2009-12-18,0.0625,3.4
2009-12-21,0.005882,3.42
2009-12-22,-0.023392,3.34
2009-12-23,-0.01497,3.29
2009-12-24,0.018237,3.35
2009-12-28,0.01194,3.39
2009-12-29,-0.0059,3.37
2009-12-30,-0.014837,3.32
2009-12-31,-0.003012,3.31
2010-01-04,0.02719,3.4
2010-01-05,0.038235,3.53
2010-01-06,0.031162,3.64
2010-01-07,0.002747,3.65
2010-01-08,-0.016438,3.59
2010-01-11,0.011142,3.63
2010-01-12,-0.030303,3.52
2010-01-13,-0.005682,3.5
2010-01-14,0.002857,3.51
2010-01-15,-0.025641,3.42
2010-01-19,0.035088,3.54
2010-01-20,-0.022599,3.46
2010-01-21,-0.054913,3.27
2010-01-22,-0.006116,3.25
2010-01-25,-0.006154,3.23
2010-01-26,-0.024768,3.15
2010-01-27,0.015873,3.2
2010-01-28,0.0125,3.24
2010-01-29,0.024691,3.32
2010-02-01,0.006024,3.34
2010-02-02,0.020958,3.41
2010-02-03,-0.01173,3.37
2010-02-04,-0.05638,3.18
2010-02-05,0.012579,3.22
2010-02-08,-0.021739,3.15
2010-02-09,0.009524,3.18
2010-02-10,0.006289,3.2
2010-02-11,0.003125,3.21
2010-02-12,-0.009346,3.18
2010-02-16,0.040881,3.31
2010-02-17,0.030212,3.41
2010-02-18,0.005865,3.43
2010-02-19,-0.002915,3.42
2010-02-22,0.011696,3.46
2010-02-23,-0.031792,3.35
2010-02-24,0.029851,3.45
2010-02-25,-0.017391,3.39
2010-02-26,0.00295,3.4
2010-03-01,-0.002941,3.39
2010-03-02,0.00295,3.4
2010-03-03,0.0,3.4
2010-03-04,0.008824,3.43
2010-03-05,0.020408,3.5
2010-03-08,0.017143,3.56
2010-03-09,0.073034,3.82
2010-03-10,0.036649,3.96
2010-03-11,0.055556,4.18
2010-03-12,-0.050239,3.97
2010-03-15,-0.020151,3.89
2010-03-16,0.041131,4.05
2010-03-17,0.0,4.05
2010-03-18,-0.007407,4.02
2010-03-19,-0.029851,3.9
2010-03-22,0.035897,4.04
2010-03-23,0.022277,4.13
2010-03-24,0.004843,4.15
2010-03-25,0.028916,4.27
2010-03-26,0.009368,4.31
2010-03-29,-0.030162,4.18
2010-03-30,-0.021531,4.09
2010-03-31,-0.00978,4.05
2010-04-01,0.032099,4.18
2010-04-05,0.019139,4.26
2010-04-06,0.007042,4.29
2010-04-07,0.016317,4.36
2010-04-08,0.025229,4.47
2010-04-09,0.017897,4.55
2010-04-12,0.01978,4.64
2010-04-13,-0.00431,4.62
2010-04-14,0.0671,4.93
2010-04-15,-0.024341,4.81
2010-04-16,-0.051975,4.56
2010-04-19,0.070176,4.88
2010-04-20,0.018443,4.97
2010-04-21,-0.008048,4.93
2010-04-22,-0.01217,4.87
2010-04-23,-0.002053,4.86
2010-04-26,-0.05144,4.61
2010-04-27,-0.058568,4.34
2010-04-28,0.025346,4.45
2010-04-29,0.024719,4.56
2010-04-30,-0.041667,4.37
2010-05-03,0.009153,4.41
2010-05-04,-0.034014,4.26
2010-05-05,-0.018779,4.18
2010-05-06,-0.033493,4.04
2010-05-07,-0.009901,4.0
2010-05-10,0.055,4.22
2010-05-11,-0.011848,4.17
2010-05-12,0.002398,4.18
2010-05-13,-0.021531,4.09
2010-05-14,-0.026895,3.98
2010-05-17,-0.030151,3.86
2010-05-18,-0.033679,3.73
2010-05-19,0.021448,3.81
2010-05-20,-0.047244,3.63
2010-05-21,0.033058,3.75
2010-05-24,0.008,3.78
2010-05-25,0.0,3.78
2010-05-26,0.021164,3.86
2010-05-27,0.041451,4.02
2010-05-28,-0.014925,3.96
2010-06-01,-0.027778,3.85
2010-06-02,0.018182,3.92
2010-06-03,0.010204,3.96
2010-06-04,-0.042929,3.79
2010-06-07,-0.039578,3.64
2010-06-08,0.021978,3.72
2010-06-09,0.040323,3.87
2010-06-10,0.007752,3.9
2010-06-11,-0.005128,3.88
2010-06-14,0.0,3.88
2010-06-15,0.028351,3.99
2010-06-16,0.0,3.99
2010-06-17,-0.007519,3.96
2010-06-18,0.012626,4.01
2010-06-21,0.002494,4.02
2010-06-22,-0.019901,3.94
2010-06-23,-0.01269,3.89
2010-06-24,-0.028278,3.78
2010-06-25,0.042328,3.94
2010-06-28,0.015228,4.0
2010-06-29,-0.0675,3.73
2010-06-30,0.008043,3.76
2010-07-01,0.005319,3.78
2010-07-02,0.002646,3.79
2010-07-06,0.0,3.79
2010-07-07,0.029024,3.9
2010-07-08,0.017949,3.97
2010-07-09,0.017632,4.04
2010-07-12,0.017327,4.11
2010-07-13,0.046229,4.3
2010-07-14,-0.02093,4.21
2010-07-15,-0.011877,4.16
2010-07-16,-0.0625,3.9
2010-07-19,0.020513,3.98
2010-07-20,0.002513,3.99
2010-07-21,-0.012531,3.94
2010-07-22,0.038071,4.09
2010-07-23,-0.017115,4.02
2010-07-26,0.032338,4.15
2010-07-27,0.00241,4.16
2010-07-28,-0.016827,4.09
2010-07-29,0.007335,4.12
2010-07-30,-0.004854,4.1
2010-08-02,0.021951,4.19
2010-08-03,-0.01432,4.13
2010-08-04,0.002421,4.14
2010-08-05,-0.009662,4.1
2010-08-06,-0.009756,4.06
2010-08-09,0.004926,4.08
2010-08-10,-0.019608,4.0
2010-08-11,-0.0375,3.85
2010-08-12,0.005195,3.87
2010-08-13,0.002584,3.88
2010-08-16,-0.002577,3.87
2010-08-17,-0.005168,3.85
2010-08-18,0.002597,3.86
2010-08-19,-0.018135,3.79
2010-08-20,-0.010554,3.75
2010-08-23,0.0,3.75
2010-08-24,-0.010667,3.71
2010-08-25,-0.008086,3.68
2010-08-26,-0.005435,3.66
2010-08-27,0.027322,3.76
2010-08-30,-0.023936,3.67
2010-08-31,0.010627,3.709
2010-09-01,0.037342,3.8475
2010-09-02,0.008447,3.88
2010-09-03,0.007732,3.91
2010-09-07,-0.02046,3.83
2010-09-08,0.002611,3.84
2010-09-09,0.018229,3.91
2010-09-10,0.0,3.91
2010-09-13,0.02046,3.99
2010-09-14,-0.012531,3.94
2010-09-15,-0.005076,3.92
2010-09-16,0.012755,3.97
2010-09-17,-0.005038,3.95
2010-09-20,0.010127,3.99
2010-09-21,-0.012531,3.94
2010-09-22,-0.015228,3.88
2010-09-23,-0.020619,3.8
2010-09-24,0.027368,3.904
2010-09-27,-0.008709,3.87
2010-09-28,0.00323,3.8825
2010-09-29,0.009659,3.92
2010-09-30,-0.002551,3.91
2010-10-01,0.046036,4.09
2010-10-04,-0.01467,4.03
2010-10-05,0.024814,4.13
2010-10-06,-0.007264,4.1
2010-10-07,0.019512,4.18
2010-10-08,0.002392,4.19
2010-10-11,-0.002387,4.18
2010-10-12,0.014354,4.24
2010-10-13,0.002359,4.25
2010-10-14,-0.044706,4.06
2010-10-15,-0.027094,3.95
2010-10-18,0.055696,4.17
2010-10-19,-0.026379,4.06
2010-10-20,0.012315,4.11
2010-10-21,-0.009732,4.07
2010-10-22,0.009828,4.11
2010-10-25,0.024331,4.21
2010-10-26,-0.007126,4.18
2010-10-27,-0.002392,4.17
2010-10-28,0.0,4.17
2010-10-29,0.0,4.17
2010-11-01,-0.004796,4.15
2010-11-02,0.004819,4.17
2010-11-03,0.004796,4.19
2010-11-04,0.033413,4.33
2010-11-05,0.036952,4.49
2010-11-08,-0.011581,4.438
2010-11-09,-0.031095,4.3
2010-11-10,0.027907,4.42
2010-11-11,-0.013575,4.36
2010-11-12,-0.016055,4.29
2010-11-15,0.006993,4.32
2010-11-16,-0.023148,4.22
2010-11-17,-0.007109,4.19
2010-11-18,0.026253,4.3
2010-11-19,-0.007442,4.268
2010-11-22,-0.020619,4.18
2010-11-23,-0.019139,4.1
2010-11-24,0.016585,4.168
2010-11-26,-0.009117,4.13
2010-11-29,0.004843,4.15
2010-11-30,0.012048,4.2
2010-12-01,0.02381,4.3
2010-12-02,0.027907,4.42
2010-12-03,0.006787,4.45
2010-12-06,0.0,4.45
2010-12-07,0.038202,4.62
2010-12-08,0.004329,4.64
2010-12-09,0.010237,4.6875
2010-12-10,0.0176,4.77
2010-12-13,0.008386,4.81
2010-12-14,-0.024948,4.69
2010-12-15,-0.021322,4.59
2010-12-16,-0.000763,4.5865
2010-12-17,0.024747,4.7
2010-12-20,0.002128,4.71
2010-12-21,0.006369,4.74
2010-12-22,-0.00211,4.73
2010-12-23,-0.010571,4.68
2010-12-27,0.019231,4.77
2010-12-28,0.002096,4.78
2010-12-29,-0.002092,4.77
2010-12-30,-0.002096,4.76
2010-12-31,-0.006303,4.73
2011-01-03,0.035941,4.9
2011-01-04,0.0,4.9
2011-01-05,0.014286,4.97
2011-01-06,-0.004024,4.95
2011-01-07,-0.00202,4.94
2011-01-10,-0.006073,4.91
2011-01-11,0.00611,4.94
2011-01-12,0.02834,5.08
2011-01-13,-0.007874,5.04
2011-01-14,0.017857,5.13
2011-01-18,-0.064328,4.8
2011-01-19,-0.008333,4.76
2011-01-20,0.008403,4.8
2011-01-21,0.01875,4.89
2011-01-24,-0.006135,4.86
2011-01-25,-0.00823,4.82
2011-01-26,-0.002075,4.81
2011-01-27,0.004158,4.83
2011-01-28,-0.022774,4.72
2011-01-31,0.021187,4.82
2011-02-01,0.016598,4.9
2011-02-02,-0.010204,4.85
2011-02-03,-0.008247,4.81
2011-02-04,0.002079,4.82
2011-02-07,0.016598,4.9
2011-02-08,-0.002041,4.89
2011-02-09,-0.010225,4.84
2011-02-10,-0.012397,4.78
2011-02-11,0.020921,4.88
2011-02-14,0.006147,4.91
2011-02-15,0.0,4.91
2011-02-16,-0.002037,4.9
2011-02-17,0.008163,4.94
2011-02-18,-0.006073,4.91
2011-02-22,-0.044807,4.69
2011-02-23,0.002132,4.7
2011-02-24,-0.002128,4.69
2011-02-25,0.002132,4.7
2011-02-28,-0.004255,4.68
2011-03-01,-0.023504,4.57
2011-03-02,0.006564,4.6
2011-03-03,0.017391,4.68
2011-03-04,-0.029915,4.54
2011-03-07,-0.004405,4.52
2011-03-08,0.026549,4.64
2011-03-09,0.002155,4.65
2011-03-10,-0.023656,4.54
2011-03-11,0.006608,4.57
2011-03-14,-0.006565,4.54
2011-03-15,-0.022026,4.44
2011-03-16,-0.011261,4.39
2011-03-17,0.013667,4.45
2011-03-18,0.011236,4.5
2011-03-21,-0.015,4.4325
2011-03-22,-0.00282,4.42
2011-03-23,-0.004525,4.4
2011-03-24,0.006818,4.43
2011-03-25,0.006772,4.46
2011-03-28,-0.006727,4.43
2011-03-29,0.004515,4.45
2011-03-30,0.0,4.45
2011-03-31,-0.006742,4.42
2011-04-01,0.006787,4.45
2011-04-04,-0.004494,4.43
2011-04-05,0.009029,4.47
2011-04-06,0.026846,4.59
2011-04-07,-0.002179,4.58
2011-04-08,-0.004367,4.56
2011-04-11,-0.006579,4.53
2011-04-12,0.004415,4.55
2011-04-13,-0.010989,4.5
2011-04-14,-0.015556,4.43
2011-04-15,-0.002257,4.42
2011-04-18,0.0,4.42
2011-04-19,0.024887,4.53
2011-04-20,0.00883,4.57
2011-04-21,-0.004376,4.55
2011-04-25,-0.006593,4.52
2011-04-26,-0.002212,4.51
2011-04-27,0.0,4.51
2011-04-28,0.017738,4.59
2011-04-29,0.0,4.59
2011-05-02,-0.021787,4.49
2011-05-03,0.006682,4.52
2011-05-04,-0.001106,4.515
2011-05-05,-0.007752,4.48
2011-05-06,0.008929,4.52
2011-05-09,-0.023009,44.16
2011-05-10,0.000906,44.2
2011-05-11,-0.028959,42.92
2011-05-12,-0.01165,42.42
2011-05-13,-0.020981,41.53
2011-05-16,-0.008187,41.19
2011-05-17,0.008497,41.54
2011-05-18,-0.007222,41.24
2011-05-19,0.003395,41.38
2011-05-20,-0.0087,41.02
2011-05-23,-0.020965,40.16
2011-05-24,0.008715,40.51
2011-05-25,-0.004196,40.33
2011-05-26,-0.002728,40.22
2011-05-27,0.018647,40.97
2011-05-31,0.004393,41.15
2011-06-01,-0.036452,39.65
2011-06-02,0.009079,40.01
2011-06-03,-0.003999,39.85
2011-06-06,-0.044668,38.07
2011-06-07,-0.012871,37.58
2011-06-08,-0.02049,36.81
2011-06-09,0.02608,37.77
2011-06-10,0.003971,37.92
2011-06-13,0.032964,39.17
2011-06-14,-0.009957,38.78
2011-06-15,-0.020113,38.0
2011-06-16,-0.009737,37.63
2011-06-17,0.017805,38.3
2011-06-20,-0.003655,38.16
2011-06-21,0.030136,39.31
2011-06-22,0.005088,39.51
2011-06-23,-0.002531,39.41
2011-06-24,0.004567,39.59
2011-06-27,0.010104,39.99
2011-06-28,0.004001,40.15
2011-06-29,0.033624,41.5
2011-06-30,0.003373,41.64
2011-07-01,0.029779,42.88
2011-07-05,-0.00723,42.57
2011-07-06,-0.013155,42.01
2011-07-07,0.014759,42.63
2011-07-08,-0.014075,42.03
2011-07-11,-0.053295,39.79
2011-07-12,-0.018095,39.07
2011-07-13,0.010238,39.47
2011-07-14,-0.011401,39.02
2011-07-15,-0.016402,38.38
2011-07-18,-0.016675,37.74
2011-07-19,0.007419,38.02
2011-07-20,0.015781,38.62
2011-07-21,0.044019,40.32
2011-07-22,-0.001488,40.26
2011-07-25,-0.008693,39.91
2011-07-26,-0.004886,39.715
2011-07-27,-0.036384,38.27
2011-07-28,-0.00209,38.18
2011-07-29,0.004191,38.34
2011-08-01,0.003652,38.48
2011-08-02,-0.037422,37.04
2011-08-03,0.005939,37.26
2011-08-04,-0.065754,34.81
2011-08-05,-0.039357,33.44
2011-08-08,-0.164175,27.95
2011-08-09,0.138462,31.82
2011-08-10,-0.104651,28.49
2011-08-11,0.06318,30.29
2011-08-12,-0.014526,29.85
2011-08-15,0.047571,31.27
2011-08-16,-0.042533,29.94
2011-08-17,-0.003006,29.85
2011-08-18,-0.062647,27.98
2011-08-19,-0.043245,26.77
2011-08-22,-0.026522,26.06
2011-08-23,0.04835,27.32
2011-08-24,0.041362,28.45
2011-08-25,0.048506,29.83
2011-08-26,0.000335,29.84
2011-08-29,0.048593,31.29
2011-08-30,-0.011186,30.94
2011-08-31,0.003555,31.05
2011-09-01,-0.033816,30.0
2011-09-02,-0.053333,28.4
2011-09-06,-0.024648,27.7
2011-09-07,0.046209,28.98
2011-09-08,-0.034507,27.98
2011-09-09,-0.044317,26.74
2011-09-12,0.008227,26.96
2011-09-13,0.003338,27.05
2011-09-14,0.012569,27.39
2011-09-15,0.043812,28.59
2011-09-16,0.013991,28.99
2011-09-19,-0.044153,27.71
2011-09-20,-0.028149,26.93
2011-09-21,-0.052358,25.52
2011-09-22,-0.061129,23.96
2011-09-23,0.042571,24.98
2011-09-26,0.069656,26.72
2011-09-27,0.010105,26.99
2011-09-28,-0.039644,25.92
2011-09-29,0.037809,26.9
2011-09-30,-0.04777,25.615
2011-10-03,-0.097794,23.11
2011-10-04,0.055387,24.39
2011-10-05,0.01312,24.71
2011-10-06,0.053015,26.02
2011-10-07,-0.053421,24.63
2011-10-10,0.075518,26.49
2011-10-11,0.050963,27.84
2011-10-12,0.048851,29.2
2011-10-13,-0.053425,27.64
2011-10-14,0.027496,28.4
2011-10-17,-0.016549,27.93
2011-10-18,0.069817,29.88
2011-10-19,-0.016399,29.39
2011-10-20,0.023477,30.08
2011-10-21,0.007314,30.3
2011-10-24,0.042904,31.6
2011-10-25,-0.022152,30.9
2011-10-26,0.008091,31.15
2011-10-27,0.09695,34.17
2011-10-28,-0.000293,34.16
2011-10-31,-0.075234,31.59
2011-11-01,-0.076607,29.17
2011-11-02,0.022626,29.83
2011-11-03,0.032182,30.78
2011-11-04,-0.014295,30.34
2011-11-07,0.006922,30.55
2011-11-08,0.028478,31.42
2011-11-09,-0.081795,28.85
2011-11-10,-0.007626,28.63
2011-11-11,0.02445,29.33
2011-11-14,-0.03239,28.38
2011-11-15,-0.012685,28.02
2011-11-16,-0.041399,26.86
2011-11-17,-0.032018,26.0
2011-11-18,0.010769,26.28
2011-11-21,-0.048706,25.0
2011-11-22,-0.0216,24.46
2011-11-23,-0.038839,23.51
2011-11-25,0.005104,23.63
2011-11-28,0.060093,25.05
2011-11-29,0.007585,25.24
2011-11-30,0.088748,27.48
2011-12-01,-0.017831,26.99
2011-12-02,0.04372,28.17
2011-12-05,0.058928,29.83
2011-12-06,-0.002682,29.75
2011-12-07,0.002689,29.83
2011-12-08,-0.069729,27.75
2011-12-09,0.036757,28.77
2011-12-12,-0.053876,27.22
2011-12-13,-0.011756,26.9
2011-12-14,-0.031599,26.05
2011-12-15,-0.005182,25.915
2011-12-16,0.004438,26.03
2011-12-19,-0.046485,24.82
2011-12-20,0.045528,25.95
2011-12-21,0.00578,26.1
2011-12-22,0.059387,27.65
2011-12-23,-0.006872,27.46
2011-12-27,-0.020393,26.9
2011-12-28,-0.028625,26.13
2011-12-29,0.02411,26.76
2011-12-30,-0.016816,26.31
2012-01-03,0.076777,28.33
2012-01-04,-0.005648,28.17
2012-01-05,0.01207,28.51
2012-01-06,0.001403,28.55
2012-01-09,0.018564,29.08
2012-01-10,0.031637,30.0
2012-01-11,0.042333,31.27
2012-01-12,0.010553,31.6
2012-01-13,-0.027215,30.74
2012-01-17,-0.082141,28.215
2012-01-18,0.028885,29.03
2012-01-19,0.010334,29.33
2012-01-20,0.010569,29.64
2012-01-23,0.007085,29.85
2012-01-24,0.001675,29.9
2012-01-25,0.002007,29.96
2012-01-26,0.014019,30.38
2012-01-27,0.016129,30.87
2012-01-30,-0.020732,30.23
2012-01-31,0.016209,30.72
2012-02-01,0.028646,31.6
2012-02-02,0.012658,31.99
2012-02-03,0.048453,33.54
2012-02-06,-0.007156,33.3
2012-02-07,-0.006907,33.07
2012-02-08,0.035077,34.23
2012-02-09,-0.016652,33.66
2012-02-10,-0.021836,32.925
2012-02-13,-0.001367,32.88
2012-02-14,-0.024331,32.08
2012-02-15,-0.011222,31.72
2012-02-16,0.031211,32.71
2012-02-17,0.00642,32.92
2012-02-21,0.013366,33.36
2012-02-22,-0.029976,32.36
2012-02-23,0.010816,32.71
2012-02-24,-0.011006,32.35
2012-02-27,0.017929,32.93
2012-02-28,0.016702,33.48
2012-02-29,-0.004779,33.32
2012-03-01,0.02431,34.13
2012-03-02,-0.000879,34.1
2012-03-05,-0.012317,33.68
2012-03-06,-0.046318,32.12
2012-03-07,0.034869,33.24
2012-03-08,0.022864,34.0
2012-03-09,0.005882,34.2
2012-03-12,0.002632,34.29
2012-03-13,0.062992,36.45
2012-03-14,-0.034019,35.21
2012-03-15,0.030105,36.27
2012-03-16,0.01158,36.69
2012-03-19,0.013083,37.17
2012-03-20,0.024482,38.08
2012-03-21,-0.007353,37.8
2012-03-22,-0.02381,36.9
2012-03-23,0.006368,37.135
2012-03-26,0.007944,37.43
2012-03-27,-0.017366,36.78
2012-03-28,0.007613,37.06
2012-03-29,-0.014841,36.51
2012-03-30,0.001096,36.55
2012-04-02,0.008755,36.87
2012-04-03,-0.013561,36.37
2012-04-04,-0.036569,35.04
2012-04-05,-0.007135,34.79
2012-04-09,-0.02357,33.97
2012-04-10,-0.032676,32.86
2012-04-11,0.022063,33.585
2012-04-12,0.030966,34.625
2012-04-13,-0.03509,33.41
2012-04-16,0.017659,34.0
2012-04-17,0.031765,35.08
2012-04-18,0.0,35.08
2012-04-19,-0.006557,34.85
2012-04-20,-0.027547,33.89
2012-04-23,-0.018885,33.25
2012-04-24,0.005113,33.42
2012-04-25,0.00778,33.68
2012-04-26,0.005938,33.88
2012-04-27,-0.011216,33.5
2012-04-30,-0.013582,33.045
2012-05-01,0.016795,33.6
2012-05-02,-0.026786,32.7
2012-05-03,-0.006422,32.48
2012-05-04,-0.027094,31.6
2012-05-07,0.002215,31.67
2012-05-08,-0.011052,31.32
2012-05-09,-0.027778,30.45
2012-05-10,0.006568,30.65
2012-05-11,-0.042414,29.35
2012-05-14,-0.041227,28.14
2012-05-15,-0.012438,27.79
2012-05-16,-0.031306,26.92
2012-05-17,-0.018945,26.41
2012-05-18,-0.015146,26.01
2012-05-21,0.009227,26.25
2012-05-22,0.025524,26.92
2012-05-23,0.008544,27.15
2012-05-24,-0.018048,26.66
2012-05-25,-0.007127,26.47
2012-05-29,0.020778,27.02
2012-05-30,-0.03775,26.0
2012-05-31,0.019615,26.51
2012-06-01,-0.042248,25.39
2012-06-04,-0.02245,24.82
2012-06-05,0.03747,25.75
2012-06-06,0.053981,27.14
2012-06-07,-0.008475,26.91
2012-06-08,0.031958,27.77
2012-06-11,-0.046453,26.48
2012-06-12,0.043051,27.62
2012-06-13,0.00181,27.67
2012-06-14,0.008674,27.91
2012-06-15,0.014332,28.31
2012-06-18,-0.026846,27.55
2012-06-19,0.034483,28.5
2012-06-20,0.012632,28.86
2012-06-21,-0.03569,27.83
2012-06-22,0.005749,27.99
2012-06-25,-0.044302,26.75
2012-06-26,-0.000748,26.73
2012-06-27,0.013842,27.1
2012-06-28,-0.026199,26.39
2012-06-29,0.038651,27.41
2012-07-02,0.001824,27.46
2012-07-03,0.006919,27.65
2012-07-05,-0.029295,26.84
2012-07-06,-0.017884,26.36
2012-07-09,-0.009484,26.11
2012-07-10,-0.008809,25.88
2012-07-11,-0.000386,25.87
2012-07-12,-0.022806,25.28
2012-07-13,0.054193,26.65
2012-07-16,0.006004,26.81
2012-07-17,0.021261,27.38
2012-07-18,-0.010226,27.1
2012-07-19,-0.018819,26.59
2012-07-20,-0.027078,25.87
2012-07-23,-0.020487,25.34
2012-07-24,-0.003946,25.24
2012-07-25,0.021791,25.79
2012-07-26,0.019,26.28
2012-07-27,0.038813,27.3
2012-07-30,-0.005861,27.14
2012-07-31,-0.000368,27.13
2012-08-01,-0.012901,26.78
2012-08-02,-0.022031,26.18
2012-08-03,0.0466,27.4
2012-08-06,0.042336,28.56
2012-08-07,0.011555,28.89
2012-08-08,-0.001038,28.86
2012-08-09,0.0,28.86
2012-08-10,0.001386,28.9
2012-08-13,-0.004152,28.78
2012-08-14,-0.000347,28.77
2012-08-15,-0.001043,28.74
2012-08-16,0.002784,28.82
2012-08-17,0.007287,29.03
2012-08-20,0.032725,29.98
2012-08-21,0.025017,30.73
2012-08-22,-0.00781,30.49
2012-08-23,-0.029682,29.585
2012-08-24,0.008281,29.83
2012-08-27,-0.004693,29.69
2012-08-28,-0.011789,29.34
2012-08-29,0.019427,29.91
2012-08-30,-0.008693,29.65
2012-08-31,0.002024,29.71
2012-09-04,-0.000337,29.7
2012-09-05,0.002357,29.77
2012-09-06,0.045348,31.12
2012-09-07,0.030527,32.07
2012-09-10,-0.007484,31.83
2012-09-11,0.026076,32.66
2012-09-12,0.011941,33.05
2012-09-13,0.04236,34.45
2012-09-14,0.009869,34.79
2012-09-17,-0.020983,34.06
2012-09-18,-0.003523,33.94
2012-09-19,0.007071,34.18
2012-09-20,-0.010825,33.81
2012-09-21,-0.004141,33.67
2012-09-24,-0.005346,33.49
2012-09-25,-0.018812,32.86
2012-09-26,-0.010651,32.51
2012-09-27,0.01415,32.97
2012-09-28,-0.007583,32.72
2012-10-01,0.000917,32.75
2012-10-02,0.015573,33.26
2012-10-03,0.024053,34.06
2012-10-04,0.026424,34.96
2012-10-05,-0.005435,34.77
2012-10-08,0.000288,34.78
2012-10-09,-0.005175,34.6
2012-10-10,0.015607,35.14
2012-10-11,0.010814,35.52
2012-10-12,-0.021678,34.75
2012-10-15,0.054964,36.66
2012-10-16,0.016094,37.25
2012-10-17,0.031678,38.43
2012-10-18,-0.00026,38.42
2012-10-19,-0.032795,37.16
2012-10-22,0.01507,37.72
2012-10-23,-0.022004,36.89
2012-10-24,0.011114,37.3
2012-10-25,0.002949,37.41
2012-10-26,-0.021652,36.6
2012-10-31,0.021585,37.39
2012-11-01,0.015245,37.95
2012-11-02,-0.009223,37.6
2012-11-05,-0.007447,37.32
2012-11-06,0.030815,38.47
2012-11-07,-0.062906,36.05
2012-11-08,-0.001387,36.0
2012-11-09,-0.001944,35.93
2012-11-12,0.013638,36.42
2012-11-13,-0.007139,36.16
2012-11-14,-0.031527,35.02
2012-11-15,0.005425,35.21
2012-11-16,-0.006532,34.98
2012-11-19,0.032018,36.1
2012-11-20,-0.00277,36.0
2012-11-21,-0.006389,35.77
2012-11-23,0.007269,36.03
2012-11-26,-0.012767,35.57
2012-11-27,-0.0149,35.04
2012-11-28,0.000856,35.07
2012-11-29,0.003992,35.21
2012-11-30,-0.018177,34.57
2012-12-03,-0.010124,34.22
2012-12-04,0.002046,34.29
2012-12-05,0.063284,36.46
2012-12-06,0.015359,37.02
2012-12-07,0.016748,37.64
2012-12-10,-0.011955,37.19
2012-12-11,-0.005109,37.0
2012-12-12,0.014324,37.53
2012-12-13,-0.006395,37.29
2012-12-14,0.008313,37.6
2012-12-17,0.041224,39.15
2012-12-18,0.007918,39.46
2012-12-19,-0.000253,39.45
2012-12-20,0.018251,40.17
2012-12-21,-0.016928,39.49
2012-12-24,-0.002786,39.38
2012-12-26,0.004317,39.55
2012-12-27,-0.007585,39.25
2012-12-28,-0.006115,39.01
2012-12-31,0.014099,39.56
2013-01-02,0.04272,41.25
2013-01-03,0.003394,41.39
2013-01-04,0.025122,42.4298
2013-01-07,0.000948,42.47
2013-01-08,-0.000236,42.46
2013-01-09,-0.009892,42.04
2013-01-10,0.018792,42.83
2013-01-11,-0.011441,42.34
2013-01-14,-0.002834,42.22
2013-01-15,0.00829,42.57
2013-01-16,-0.002114,42.48
2013-01-17,-0.02919,41.24
2013-01-18,0.010184,41.66
2013-01-22,0.00288,41.78
2013-01-23,0.005744,42.02
2013-01-24,0.018563,42.8
2013-01-25,0.00257,42.91
2013-01-28,-0.013284,42.34
2013-01-29,-0.004251,42.16
2013-01-30,-0.004981,41.95
2013-01-31,0.005244,42.16
2013-02-01,0.020399,43.02
2013-02-04,-0.018829,42.21
2013-02-05,0.016821,42.92
2013-02-06,0.003029,43.05
2013-02-07,-0.004181,42.87
2013-02-08,-0.004432,42.68
2013-02-11,0.011012,43.15
2013-02-12,0.02781,44.35
2013-02-13,-0.007892,44.0
2013-02-14,0.007273,44.32
2013-02-15,-0.01083,43.84
2013-02-19,0.015055,44.5
2013-02-20,-0.028764,43.22
2013-02-21,-0.02013,42.35
2013-02-22,0.01039,42.79
2013-02-25,-0.038327,41.15
2013-02-26,0.003402,41.29
2013-02-27,0.021071,42.16
2013-02-28,-0.004507,41.97
2013-03-01,0.003336,42.11
2013-03-04,0.01971,42.94
2013-03-05,0.01537,43.6
2013-03-06,0.022477,44.58
2013-03-07,0.009421,45.0
2013-03-08,0.037333,46.68
2013-03-11,0.019709,47.6
2013-03-12,-0.013655,46.95
2013-03-13,0.000426,46.97
2013-03-14,0.010432,47.46
2013-03-15,-0.004214,47.26
2013-03-18,-0.021583,46.24
2013-03-19,-0.009732,45.79
2013-03-20,0.006552,46.09
2013-03-21,-0.018659,45.23
2013-03-22,0.0,45.23
2013-03-25,-0.016361,44.49
2013-03-26,0.007642,44.83
2013-03-27,-0.008253,44.46
2013-03-28,-0.004948,44.24
2013-04-01,-0.010172,43.79
2013-04-02,0.007308,44.11
2013-04-03,-0.0365,42.5
2013-04-04,0.006353,42.77
2013-04-05,0.005611,43.01
2013-04-08,0.012788,43.56
2013-04-09,0.007576,43.89
2013-04-10,0.026658,45.06
2013-04-11,-0.004217,44.87
2013-04-12,-0.002006,44.78
2013-04-15,0.00201,44.87
2013-04-16,0.039893,46.66
2013-04-17,-0.019717,45.74
2013-04-18,-0.014211,45.09
2013-04-19,-0.001331,45.03
2013-04-22,0.002665,45.15
2013-04-23,0.029014,46.46
2013-04-24,0.014206,47.12
2013-04-25,-0.000212,47.11
2013-04-26,-0.004033,46.92
2013-04-29,-0.002131,46.82
2013-04-30,-0.003417,46.66
2013-05-01,-0.016931,45.87
2013-05-02,0.014825,46.54
2013-05-03,0.009239,46.97
2013-05-06,0.010858,47.48
2013-05-07,0.013269,48.11
2013-05-08,0.024527,49.29
2013-05-09,-0.013999,48.6
2013-05-10,0.003086,48.75
2013-05-13,0.003487,48.92
2013-05-14,0.023917,50.09
2013-05-15,0.024955,51.34
2013-05-16,-0.014219,50.61
2013-05-17,0.016598,51.45
2013-05-20,0.002915,51.6
2013-05-21,0.001163,51.66
2013-05-22,-0.012776,51.0
2013-05-23,-0.009216,50.53
2013-05-24,-0.000198,50.52
2013-05-28,0.025139,51.79
2013-05-29,0.009461,52.28
2013-05-30,0.018937,53.27
2013-05-31,-0.024029,51.99
2013-06-03,-0.000577,51.96
2013-06-04,-0.014049,51.23
2013-06-05,-0.023424,50.03
2013-06-06,0.015991,50.83
2013-06-07,0.015149,51.6
2013-06-10,0.006395,51.93
2013-06-11,-0.038128,49.95
2013-06-12,-0.01021,49.44
2013-06-13,0.017193,50.29
2013-06-14,-0.021277,49.22
2013-06-17,0.002844,49.36
2013-06-18,0.013169,50.01
2013-06-19,-0.009598,49.53
2013-06-20,-0.032909,47.9
2013-06-21,-0.021503,46.87
2013-06-24,-0.03051,45.44
2013-06-25,0.034331,47.0
2013-06-26,0.012979,47.61
2013-06-27,0.014073,48.28
2013-06-28,-0.006421,47.97
2013-07-01,0.005837,48.25
2013-07-02,-0.002073,48.15
2013-07-03,-0.009969,47.67
2013-07-05,0.018041,48.53
2013-07-08,0.0204,49.52
2013-07-09,0.013934,50.21
2013-07-10,-0.011551,49.63
2013-07-11,0.008261,50.04
2013-07-12,0.015388,50.81
2013-07-15,0.019681,51.81
2013-07-16,0.000386,51.83
2013-07-17,-0.000772,51.79
2013-07-18,0.017378,52.69
2013-07-19,-0.006453,52.35
2013-07-22,0.012417,53.0
2013-07-23,-0.002264,52.88
2013-07-24,-0.013049,52.19
2013-07-25,0.009006,52.66
2013-07-26,-0.008545,52.21
2013-07-29,-0.010917,51.64
2013-07-30,0.002711,51.78
2013-07-31,0.006953,52.14
2013-08-01,0.014001,52.86
2013-08-02,0.002648,53.0
2013-08-05,-0.002453,52.87
2013-08-06,-0.026291,51.48
2013-08-07,0.000389,51.5
2013-08-08,0.005437,51.78
2013-08-09,-0.008884,51.32
2013-08-12,-0.008184,50.9
2013-08-13,0.017092,51.77
2013-08-14,-0.003477,51.59
2013-08-15,-0.01415,50.86
2013-08-16,-0.010028,50.35
2013-08-19,-0.020258,49.33
2013-08-20,0.01196,49.92
2013-08-21,-0.015224,49.16
2013-08-22,0.015256,49.91
2013-08-23,-0.001603,49.83
2013-08-26,-0.004616,49.6
2013-08-27,-0.027419,48.24
2013-08-28,0.001451,48.31
2013-08-29,0.003312,48.47
2013-08-30,-0.002888,48.33
2013-09-03,0.021519,49.37
2013-09-04,0.004659,49.6
2013-09-05,0.005242,49.86
2013-09-06,-0.012836,49.22
2013-09-09,0.017676,50.09
2013-09-10,0.019964,51.09
2013-09-11,-0.007046,50.73
2013-09-12,-0.009265,50.26
2013-09-13,0.004576,50.49
2013-09-16,0.010101,51.0
2013-09-17,0.003922,51.2
2013-09-18,0.019727,52.21
2013-09-19,-0.00498,51.95
2013-09-20,-0.014245,51.21
2013-09-23,-0.032025,49.57
2013-09-24,-0.012306,48.96
2013-09-25,0.006127,49.26
2013-09-26,-0.006699,48.93
2013-09-27,-0.000818,48.89
2013-09-30,-0.007773,48.51
2013-10-01,0.001855,48.6
2013-10-02,0.002263,48.71
2013-10-03,-0.006364,48.4
2013-10-04,0.015289,49.14
2013-10-07,-0.019536,48.18
2013-10-08,-0.010585,47.67
2013-10-09,0.005874,47.95
2013-10-10,0.027529,49.27
2013-10-11,-0.001015,49.22
2013-10-14,0.00772,49.6
2013-10-15,-0.014919,48.86
2013-10-16,0.040524,50.84
2013-10-17,0.005507,51.12
2013-10-18,0.000587,51.15
2013-10-21,-0.002346,51.03
2013-10-22,-0.005291,50.76
2013-10-23,-0.011229,50.19
2013-10-24,-0.000797,50.15
2013-10-25,-0.001795,50.06
2013-10-28,0.001798,50.15
2013-10-29,0.001396,50.22
2013-10-30,-0.006571,49.89
2013-10-31,-0.022049,48.78
2013-11-01,-0.00082,48.74
2013-11-04,-0.002257,48.63
2013-11-05,-0.005141,48.38
2013-11-06,0.004961,48.62
2013-11-07,-0.005553,48.35
2013-11-08,0.032885,49.94
2013-11-11,0.004606,50.17
2013-11-12,-0.012956,49.52
2013-11-13,0.009491,49.99
2013-11-14,0.004401,50.21
2013-11-15,0.003784,50.4
2013-11-18,0.007738,50.79
2013-11-19,0.007482,51.17
2013-11-20,-0.007817,50.77
2013-11-21,0.018909,51.73
2013-11-22,0.013145,52.41
2013-11-25,0.016791,53.29
2013-11-26,-0.005254,53.01
2013-11-27,0.000755,53.05
2013-11-29,-0.002451,52.92
2013-12-02,-0.005669,52.62
2013-12-03,-0.009312,52.13
2013-12-04,-0.001726,52.04
2013-12-05,-0.018832,51.06
2013-12-06,0.008421,51.49
2013-12-09,0.012041,52.11
2013-12-10,-0.0071,51.74
2013-12-11,-0.019907,50.71
2013-12-12,0.003944,50.91
2013-12-13,0.001179,50.97
2013-12-16,-0.001373,50.9
2013-12-17,-0.004126,50.69
2013-12-18,0.025054,51.96
2013-12-19,-0.00154,51.88
2013-12-20,0.006361,52.21
2013-12-23,0.003831,52.41
2013-12-24,0.000382,52.43
2013-12-26,-0.001526,52.35
2013-12-27,-0.001719,52.26
2013-12-30,-0.006506,51.92
2013-12-31,0.00366,52.11
2014-01-02,0.00307,52.27
2014-01-03,0.021619,53.4
2014-01-06,0.007678,53.81
2014-01-07,0.006876,54.18
2014-01-08,0.011628,54.81
2014-01-09,0.007115,55.2
2014-01-10,-0.008696,54.72
2014-01-13,-0.018275,53.72
2014-01-14,0.004281,53.95
2014-01-15,0.019277,54.99
2014-01-16,-0.043463,52.6
2014-01-17,-0.006274,52.27
2014-01-21,-0.008035,51.85
2014-01-22,0.000964,51.9
2014-01-23,-0.022736,50.72
2014-01-24,-0.027405,49.33
2014-01-27,-0.010541,48.81
2014-01-28,0.016185,49.6
2014-01-29,-0.030645,48.08
2014-01-30,0.004784,48.3
2014-01-31,-0.018012,47.43
2014-02-03,-0.022981,46.34
2014-02-04,0.009495,46.78
2014-02-05,0.005986,47.06
2014-02-06,0.025287,48.25
2014-02-07,0.022591,49.34
2014-02-10,-0.000405,49.32
2014-02-11,0.006894,49.66
2014-02-12,0.006041,49.96
2014-02-13,-0.002002,49.86
2014-02-14,-0.006819,49.52
2014-02-18,-0.002827,49.38
2014-02-19,-0.024099,48.19
2014-02-20,-0.001245,48.13
2014-02-21,0.002701,48.26
2014-02-24,0.014919,48.98
2014-02-25,-0.011842,48.4
2014-02-26,-0.001653,48.32
2014-02-27,0.007657,48.69
2014-02-28,-0.001232,48.63
2014-03-03,-0.020975,47.61
2014-03-04,0.025625,48.83
2014-03-05,0.012083,49.42
2014-03-06,0.005868,49.71
2014-03-07,-0.001811,49.62
2014-03-10,-0.001008,49.57
2014-03-11,-0.022998,48.43
2014-03-12,-0.009292,47.98
2014-03-13,-0.013547,47.33
2014-03-14,-0.009508,46.88
2014-03-17,0.018131,47.73
2014-03-18,0.00859,48.14
2014-03-19,0.016618,48.94
2014-03-20,0.026155,50.22
2014-03-21,-0.002788,50.08
2014-03-24,-0.000599,50.05
2014-03-25,0.004995,50.3
2014-03-26,-0.002783,50.16
2014-03-27,-0.054027,47.45
2014-03-28,-0.004215,47.25
2014-03-31,0.007407,47.6
2014-04-01,0.004202,47.8
2014-04-02,0.009205,48.24
2014-04-03,-0.011609,47.68
2014-04-04,-0.011955,47.11
2014-04-07,-0.011887,46.55
2014-04-08,0.001074,46.6
2014-04-09,0.012017,47.16
2014-04-10,-0.01972,46.23
2014-04-11,-0.011897,45.68
2014-04-14,0.043564,47.67
2014-04-15,0.013426,48.31
2014-04-16,-0.002691,48.18
2014-04-17,0.00083,48.22
2014-04-21,-0.007881,47.84
2014-04-22,0.003763,48.02
2014-04-23,0.007913,48.4
2014-04-24,-0.001446,48.33
2014-04-25,-0.012001,47.75
2014-04-28,-0.009424,47.3
2014-04-29,0.018182,48.16
2014-04-30,-0.005191,47.91
2014-05-01,-0.002922,47.76
2014-05-02,-0.000628,47.73
2014-05-05,-0.011523,47.18
2014-05-06,-0.01738,46.36
2014-05-07,0.007334,46.7
2014-05-08,0.009422,47.14
2014-05-09,-0.003182,46.99
2014-05-12,0.005959,47.27
2014-05-13,0.003173,47.42
2014-05-14,-0.006326,47.12
2014-05-15,-0.012733,46.52
2014-05-16,-0.00172,46.44
2014-05-19,0.007106,46.77
2014-05-20,-0.004704,46.55
2014-05-21,0.006445,46.85
2014-05-22,0.00619,47.14
2014-05-23,0.003182,47.29
2014-05-27,0.005921,47.57
2014-05-28,-0.005255,47.32
2014-05-29,-0.000845,47.28
2014-05-30,0.006134,47.57
2014-06-02,0.003994,47.76
2014-06-03,0.009003,48.19
2014-06-04,-0.006433,47.88
2014-06-05,0.015664,48.63
2014-06-06,0.006169,48.93
2014-06-09,0.013284,49.58
2014-06-10,-0.005042,49.33
2014-06-11,-0.010541,48.81
2014-06-12,-0.011063,48.27
2014-06-13,-0.014087,47.59
2014-06-16,0.001051,47.64
2014-06-17,0.003149,47.79
2014-06-18,0.002929,47.93
2014-06-19,-0.00772,47.56
2014-06-20,-0.004626,47.34
2014-06-23,0.015209,48.06
2014-06-24,-0.005202,47.81
2014-06-25,0.000209,47.82
2014-06-26,-0.012338,47.23
2014-06-27,-0.001906,47.14
2014-06-30,-0.000849,47.1
2014-07-01,0.007643,47.46
2014-07-02,0.011589,48.01
2014-07-03,0.004791,48.24
2014-07-07,-0.00539,47.98
2014-07-08,-0.011672,47.42
2014-07-09,-0.000843,47.38
2014-07-10,-0.010131,46.9
2014-07-11,0.002132,47.0
2014-07-14,0.030213,48.42
2014-07-15,0.017968,49.29
2014-07-16,0.010753,49.82
2014-07-17,-0.012846,49.18
2014-07-18,0.007727,49.56
2014-07-21,-0.004237,49.35
2014-07-22,0.005066,49.6
2014-07-23,0.011694,50.18
2014-07-24,-0.001794,50.09
2014-07-25,-0.001198,50.03
2014-07-28,-0.006596,49.7
2014-07-29,-0.005634,49.42
2014-07-30,0.011736,50.0
2014-07-31,-0.0216,48.91
2014-08-01,-0.016561,48.1
2014-08-04,0.00499,48.34
2014-08-05,-0.009309,47.89
2014-08-06,0.00522,48.14
2014-08-07,-0.001662,48.06
2014-08-08,0.008115,48.45
2014-08-11,-0.001238,48.39
2014-08-12,0.001033,48.44
2014-08-13,0.0064,48.75
2014-08-14,0.007795,49.13
2014-08-15,-0.008345,48.72
2014-08-18,0.016215,49.51
2014-08-19,0.003838,49.7
2014-08-20,0.002012,49.8
2014-08-21,0.025502,51.07
2014-08-22,-0.002741,50.93
2014-08-25,0.013744,51.63
2014-08-26,0.009684,52.13
2014-08-27,-0.005179,51.86
2014-08-28,-0.009063,51.39
2014-08-29,0.005059,51.65
2014-09-02,0.006002,51.96
2014-09-03,0.005196,52.23
2014-09-04,0.004595,52.47
2014-09-05,-0.00324,52.3
2014-09-08,-0.00478,52.05
2014-09-09,-0.015178,51.26
2014-09-10,0.01112,51.83
2014-09-11,0.007717,52.23
2014-09-12,0.002872,52.38
2014-09-15,-0.001336,52.31
2014-09-16,0.000956,52.36
2014-09-17,0.000573,52.39
2014-09-18,0.024241,53.66
2014-09-19,-0.003354,53.48
2014-09-22,-0.008227,53.04
2014-09-23,-0.003771,52.84
2014-09-24,0.007948,53.26
2014-09-25,-0.024409,51.96
2014-09-26,0.0102,52.49
2014-09-29,-0.008383,52.05
2014-09-30,-0.004419,51.82
2014-10-01,-0.013894,51.1
2014-10-02,0.002935,51.25
2014-10-03,0.020878,52.32
2014-10-06,-0.000765,52.28
2014-10-07,-0.019319,51.27
2014-10-08,0.024771,52.54
2014-10-09,-0.026646,51.14
2014-10-10,-0.020141,50.11
2014-10-13,-0.004191,49.9
2014-10-14,0.031463,51.47
2014-10-15,-0.034778,49.68
2014-10-16,0.001409,49.75
2014-10-17,0.006432,50.07
2014-10-20,0.009187,50.53
2014-10-21,0.014645,51.27
2014-10-22,-0.011118,50.7
2014-10-23,0.014004,51.41
2014-10-24,0.007586,51.8
2014-10-27,-0.004054,51.59
2014-10-28,0.016476,52.44
2014-10-29,0.004005,52.65
2014-10-30,0.009687,53.15
2014-10-31,0.00715,53.53
2014-11-03,-0.001121,53.47
2014-11-04,-0.005237,53.19
2014-11-05,0.015605,54.02
2014-11-06,-0.000555,53.99
2014-11-07,-0.004445,53.75
2014-11-10,0.002605,53.89
2014-11-11,-0.001484,53.81
2014-11-12,-0.007248,53.42
2014-11-13,0.000374,53.44
2014-11-14,-0.001123,53.38
2014-11-17,0.003559,53.57
2014-11-18,0.00448,53.81
2014-11-19,-0.002788,53.66
2014-11-20,-0.002609,53.52
2014-11-21,0.002616,53.66
2014-11-24,0.013791,54.4
2014-11-25,-0.001287,54.33
2014-11-26,-0.003681,54.13
2014-11-28,-0.002956,53.97
2014-12-01,-0.011488,53.35
2014-12-02,0.018932,54.36
2014-12-03,0.015637,55.21
2014-12-04,-0.000543,55.18
2014-12-05,0.01631,56.08
2014-12-08,0.005171,56.37
2014-12-09,-0.009225,55.85
2014-12-10,-0.024709,54.47
2014-12-11,0.000734,54.51
2014-12-12,-0.020363,53.4
2014-12-15,-0.011423,52.79
2014-12-16,-0.030688,51.17
2014-12-17,0.025015,52.45
2014-12-18,0.031459,54.1
2014-12-19,-0.001664,54.01
2014-12-22,-0.000926,53.96
2014-12-23,0.008525,54.42
2014-12-24,0.002205,54.54
2014-12-26,-0.002017,54.43
2014-12-29,0.005512,54.73
2014-12-30,0.00201,54.84
2014-12-31,-0.013311,54.11
2015-01-02,0.002772,54.26
2015-01-05,-0.031515,52.55
2015-01-06,-0.035205,50.7
2015-01-07,0.00927,51.17
2015-01-08,0.015048,51.94
2015-01-09,-0.022334,50.78
2015-01-12,-0.007877,50.38
2015-01-13,-0.007146,50.02
2015-01-14,-0.019392,49.05
2015-01-15,-0.037105,47.23
2015-01-16,0.008046,47.61
2015-01-20,-0.007351,47.26
2015-01-21,0.010157,47.74
2015-01-22,0.038333,49.57
2015-01-23,-0.019165,48.62
2015-01-26,0.005553,48.89
2015-01-27,-0.011863,48.31
2015-01-28,-0.02484,47.11
2015-01-29,0.011038,47.62
2015-01-30,-0.01407,46.95
2015-02-02,0.0164,47.72
2015-02-03,0.024309,48.88
2015-02-04,-0.00982,48.4
2015-02-05,0.002893,48.54
2015-02-06,0.012361,49.14
2015-02-09,0.001425,49.21
2015-02-10,0.003658,49.39
2015-02-11,0.005872,49.68
2015-02-12,0.024356,50.89
2015-02-13,0.006092,51.2
2015-02-17,0.00957,51.69
2015-02-18,-0.005223,51.42
2015-02-19,-0.005834,51.12
2015-02-20,0.012911,51.78
2015-02-23,-0.008884,51.32
2015-02-24,0.011302,51.9
2015-02-25,0.003661,52.09
2015-02-26,0.006143,52.41
2015-02-27,0.000191,52.42
2015-03-02,0.020412,53.49
2015-03-03,0.004487,53.73
2015-03-04,-0.001117,53.67
2015-03-05,-0.00205,53.56
2015-03-06,-0.009335,53.06
2015-03-09,-0.002073,52.95
2015-03-10,-0.032484,51.23
2015-03-11,0.021472,52.33
2015-03-12,0.033442,54.08
2015-03-13,-0.009985,53.54
2015-03-16,0.002802,53.69
2015-03-17,0.002794,53.84
2015-03-18,-0.002229,53.72
2015-03-19,-0.024944,52.38
2015-03-20,0.011455,52.98
2015-03-23,-0.009438,52.48
2015-03-24,-0.01029,51.94
2015-03-25,-0.010782,51.38
2015-03-26,-0.003698,51.19
2015-03-27,-0.003712,51.0
2015-03-30,0.012549,51.64
2015-03-31,-0.002324,51.52
2015-04-01,0.001941,51.62
2015-04-02,0.004649,51.86
2015-04-06,-0.004628,51.62
2015-04-07,-0.001937,51.52
2015-04-08,0.007182,51.89
2015-04-09,0.004625,52.13
2015-04-10,0.005755,52.43
2015-04-13,0.004387,52.66
2015-04-14,0.001329,52.73
2015-04-15,0.009103,53.21
2015-04-16,0.015223,54.02
2015-04-17,-0.017586,53.07
2015-04-20,0.00245,53.2
2015-04-21,-0.013534,52.48
2015-04-22,0.011814,53.1
2015-04-23,0.00226,53.22
2015-04-24,-0.006013,52.9
2015-04-27,-0.00189,52.8
2015-04-28,0.004167,53.02
2015-04-29,0.013957,53.76
2015-04-30,-0.008185,53.32
2015-05-01,0.008252,53.76
2015-05-04,0.007626,54.17
2015-05-05,-0.015138,53.35
2015-05-06,-0.009934,52.82
2015-05-07,0.010223,53.31
2015-05-08,0.013318,54.02
2015-05-11,-0.000926,53.97
2015-05-12,-0.004262,53.74
2015-05-13,0.00856,54.2
2015-05-14,0.00738,54.6
2015-05-15,-0.006593,54.24
2015-05-18,0.007928,54.67
2015-05-19,0.012073,55.33
2015-05-20,-0.007952,54.89
2015-05-21,-0.000911,54.84
2015-05-22,0.002371,54.97
2015-05-26,-0.01328,54.24
2015-05-27,0.011615,54.87
2015-05-28,-0.005832,54.55
2015-05-29,-0.008616,54.08
2015-06-01,0.006842,54.45
2015-06-02,0.004959,54.72
2015-06-03,0.01663,55.63
2015-06-04,-0.005393,55.33
2015-06-05,0.016447,56.24
2015-06-08,-0.010491,55.65
2015-06-09,0.006289,56.0
2015-06-10,0.018214,57.02
2015-06-11,0.003332,57.21
2015-06-12,-0.001748,57.11
2015-06-15,-0.008055,56.65
2015-06-16,0.007414,57.07
2015-06-17,-0.009287,56.54
2015-06-18,0.003891,56.76
2015-06-19,-0.009338,56.23
2015-06-22,0.012805,56.95
2015-06-23,0.007726,57.39
2015-06-24,-0.01272,56.66
2015-06-25,-0.008295,56.19
2015-06-26,0.00267,56.34
2015-06-29,-0.025914,54.88
2015-06-30,0.00656,55.24
2015-07-01,0.007965,55.68
2015-07-02,-0.005568,55.37
2015-07-06,-0.005237,55.08
2015-07-07,-0.01053,54.5
2015-07-08,-0.031193,52.8
2015-07-09,0.017235,53.71
2015-07-10,0.015826,54.56
2015-07-13,0.017962,55.54
2015-07-14,0.006662,55.91
2015-07-15,0.009837,56.46
2015-07-16,0.037726,58.59
2015-07-17,0.002731,58.75
2015-07-20,0.001702,58.85
2015-07-21,0.004248,59.1
2015-07-22,0.020981,60.34
2015-07-23,-0.007789,59.87
2015-07-24,-0.019542,58.7
2015-07-27,-0.012607,57.96
2015-07-28,0.007074,58.37
2015-07-29,0.009423,58.92
2015-07-30,0.00017,58.88
2015-07-31,-0.007133,58.46
2015-08-03,-0.000342,58.44
2015-08-04,0.000513,58.47
2015-08-05,0.004618,58.74
2015-08-06,-0.010896,58.1
2015-08-07,-0.00327,57.91
2015-08-10,0.014333,58.74
2015-08-11,-0.018727,57.64
2015-08-12,-0.012665,56.91
2015-08-13,0.00738,57.33
2015-08-14,0.004535,57.59
2015-08-17,0.003126,57.77
2015-08-18,-0.003808,57.55
2015-08-19,-0.009557,57.0
2015-08-20,-0.029298,55.33
2015-08-21,-0.031267,53.6
2015-08-24,-0.060821,50.34
2015-08-25,-0.009138,49.88
2015-08-26,0.048115,52.28
2015-08-27,0.022188,53.44
2015-08-28,-0.002994,53.28
2015-08-31,0.003754,53.48
2015-09-01,-0.047494,50.94
2015-09-02,0.015901,51.75
2015-09-03,0.000773,51.79
2015-09-04,-0.023171,50.59
2015-09-08,0.020953,51.65
2015-09-09,-0.014908,50.88
2015-09-10,0.003734,51.07
2015-09-11,0.000587,51.1
2015-09-14,-0.002348,50.98
2015-09-15,0.020008,52.0
2015-09-16,0.011346,52.59
2015-09-17,-0.017874,51.65
2015-09-18,-0.026331,50.29
2015-09-21,0.008352,50.71
2015-09-22,-0.006508,50.38
2015-09-23,-0.005161,50.12
2015-09-24,-0.019753,49.13
2015-09-25,0.028903,50.55
2015-09-28,-0.030069,49.03
2015-09-29,-0.000612,49.0
2015-09-30,0.012449,49.61
2015-10-01,0.005644,49.89
2015-10-02,-0.0002,49.88
2015-10-05,0.025662,51.16
2015-10-06,-0.001955,51.06
2015-10-07,0.005092,51.32
2015-10-08,0.00643,51.65
2015-10-09,-0.005228,51.38
2015-10-12,-0.001946,51.28
2015-10-13,-0.001365,51.21
2015-10-14,-0.009568,50.72
2015-10-15,0.044361,52.97
2015-10-16,-0.005286,52.69
2015-10-19,0.003226,52.86
2015-10-20,-0.000378,52.84
2015-10-21,-0.019493,51.81
2015-10-22,0.013511,52.51
2015-10-23,0.02152,53.64
2015-10-26,-0.009881,53.11
2015-10-27,-0.009414,52.61
2015-10-28,0.040297,54.73
2015-10-29,-0.018637,53.66
2015-10-30,-0.009132,53.17
2015-11-02,0.012413,53.83
2015-11-03,0.00613,54.16
2015-11-04,-0.006093,53.83
2015-11-05,0.005945,54.15
2015-11-06,0.031764,55.87
2015-11-09,-0.002864,55.71
2015-11-10,0.001616,55.8
2015-11-11,-0.016129,54.9
2015-11-12,-0.02623,53.46
2015-11-13,-0.005425,53.17
2015-11-16,0.00978,53.69
2015-11-17,-0.003725,53.49
2015-11-18,0.027856,54.98
2015-11-19,0.001455,55.06
2015-11-20,-0.00563,54.75
2015-11-23,-0.008585,54.28
2015-11-24,-0.001842,54.18
2015-11-25,-0.001846,54.08
2015-11-27,0.002404,54.21
2015-11-30,-0.002214,54.09
2015-12-01,0.014605,54.88
2015-12-02,-0.013484,54.14
2015-12-03,-0.011637,53.51
2015-12-04,0.029527,55.09
2015-12-07,-0.012525,54.4
2015-12-08,-0.018566,53.39
2015-12-09,-0.010863,52.81
2015-12-10,-0.00303,52.65
2015-12-11,-0.02925,51.11
2015-12-14,-0.000196,51.1
2015-12-15,0.027789,52.52
2015-12-16,0.026276,53.9
2015-12-17,-0.019666,52.84
2015-12-18,-0.030848,51.21
2015-12-21,0.011326,51.79
2015-12-22,0.004248,52.01
2015-12-23,0.011921,52.63
2015-12-24,0.00152,52.71
2015-12-28,-0.006261,52.38
2015-12-29,0.011455,52.98
2015-12-30,-0.012835,52.3
2015-12-31,-0.010516,51.75
2016-01-04,-0.011981,51.13
2016-01-05,-0.005281,50.86
2016-01-06,-0.01455,50.12
2016-01-07,-0.051077,47.56
2016-01-08,-0.030067,46.13
2016-01-11,0.015608,46.85
2016-01-12,0.00064,46.88
2016-01-13,-0.03605,45.19
2016-01-14,0.004205,45.38
2016-01-15,-0.064125,42.47
2016-01-19,-0.01248,41.94
2016-01-20,-0.034573,40.49
2016-01-21,-0.008397,40.15
2016-01-22,0.022665,41.06
2016-01-25,-0.036776,39.55
2016-01-26,0.02402,40.5
2016-01-27,0.001482,40.56
2016-01-28,-0.002959,40.39
2016-01-29,0.054221,42.58
2016-02-01,-0.002349,42.48
2016-02-02,-0.048493,40.42
2016-02-03,-0.001484,40.36
2016-02-04,0.010654,40.79
2016-02-05,-0.0228,39.86
2016-02-08,-0.05143,37.81
2016-02-09,-0.007934,37.51
2016-02-10,-0.002666,37.41
2016-02-11,-0.064956,34.98
2016-02-12,0.073185,37.54
2016-02-16,0.035962,38.89
2016-02-17,0.022885,39.78
2016-02-18,-0.021619,38.92
2016-02-19,0.001799,38.99
2016-02-22,0.013593,39.52
2016-02-23,-0.032895,38.22
2016-02-24,-0.003401,38.09
2016-02-25,0.013914,38.62
2016-02-26,0.022786,39.5
2016-02-29,-0.016456,38.85
2016-03-01,0.062291,41.27
2016-03-02,0.023019,42.22
2016-03-03,0.014448,42.83
2016-03-04,0.0,42.83
2016-03-07,-0.005137,42.61
2016-03-08,-0.036611,41.05
2016-03-09,0.002436,41.15
2016-03-10,0.005346,41.37
2016-03-11,0.039159,42.99
2016-03-14,-0.007444,42.67
2016-03-15,-0.001875,42.59
2016-03-16,-0.008453,42.23
2016-03-17,0.014682,42.85
2016-03-18,0.016103,43.54
2016-03-21,0.001378,43.6
2016-03-22,-0.005046,43.38
2016-03-23,-0.023283,42.37
2016-03-24,-0.010149,41.94
2016-03-28,-0.000477,41.92
2016-03-29,-0.004771,41.72
2016-03-30,0.003835,41.88
2016-03-31,-0.003104,41.75
2016-04-01,0.017246,42.47
2016-04-04,-0.009654,42.06
2016-04-05,-0.013077,41.51
2016-04-06,0.008432,41.86
2016-04-07,-0.037984,40.27
2016-04-08,0.004967,40.47
2016-04-11,0.016061,41.12
2016-04-12,0.018969,41.9
2016-04-13,0.056086,44.25
2016-04-14,0.016497,44.98
2016-04-15,-0.001334,44.92
2016-04-18,0.00423,45.11
2016-04-19,0.011527,45.63
2016-04-20,0.024326,46.74
2016-04-21,-0.002995,46.6
2016-04-22,0.00794,46.97
2016-04-25,-0.005961,46.69
2016-04-26,0.008781,47.1
2016-04-27,0.004883,47.33
2016-04-28,-0.011621,46.73
2016-04-29,-0.00963,46.28
2016-05-02,0.008643,46.68
2016-05-03,-0.023779,45.57
2016-05-04,-0.019969,44.66
2016-05-05,-0.009628,44.23
2016-05-06,0.00407,44.41
2016-05-09,-0.011709,43.89
2016-05-10,0.021645,44.84
2016-05-11,-0.008252,44.47
2016-05-12,-0.010569,44.0
2016-05-13,-0.020227,43.11
2016-05-16,0.000928,43.15
2016-05-17,0.012746,43.7
2016-05-18,0.049657,45.87
2016-05-19,-0.017659,45.06
2016-05-20,-0.003551,44.9
2016-05-23,0.004677,45.11
2016-05-24,0.016626,45.86
2016-05-25,0.02355,46.94
2016-05-26,-0.017682,46.11
2016-05-27,0.010193,46.58
2016-05-31,-0.000215,46.57
2016-06-01,0.007945,46.94
2016-06-02,0.000639,46.97
2016-06-03,-0.033639,45.39
2016-06-06,0.007711,45.74
2016-06-07,-0.004373,45.54
2016-06-08,0.000439,45.56
2016-06-09,-0.012072,45.01
2016-06-10,-0.024661,43.9
2016-06-13,-0.016857,43.16
2016-06-14,-0.027804,41.96
2016-06-15,0.001192,42.01
2016-06-16,0.002618,42.12
2016-06-17,0.008547,42.48
2016-06-20,0.007533,42.8
2016-06-21,0.002804,42.92
2016-06-22,-0.005592,42.68
2016-06-23,0.041706,44.46
2016-06-24,-0.093567,40.3
2016-06-27,-0.045161,38.48
2016-06-28,0.050936,40.44
2016-06-29,0.041543,42.12
2016-06-30,0.00641,42.39
2016-07-01,-0.00519,42.17
2016-07-05,-0.032962,40.78
2016-07-06,0.006866,41.06
2016-07-07,0.005602,41.29
2016-07-08,0.016711,41.98
2016-07-11,0.007385,42.29
2016-07-12,0.027193,43.44
2016-07-13,-0.002532,43.33
2016-07-14,0.025848,44.45
2016-07-15,-0.0027,44.33
2016-07-18,0.005414,44.57
2016-07-19,-0.004936,44.35
2016-07-20,0.002706,44.47
2016-07-21,-0.007646,44.13
2016-07-22,0.003852,44.3
2016-07-25,-0.005869,44.04
2016-07-26,0.002498,44.15
2016-07-27,0.003171,44.29
2016-07-28,-0.001129,44.08
2016-07-29,-0.006125,43.81
2016-08-01,-0.008902,43.42
2016-08-02,-0.009903,42.99
2016-08-03,0.020935,43.89
2016-08-04,-0.001139,43.84
2016-08-05,0.042883,45.72
2016-08-08,0.005249,45.96
2016-08-09,-0.001305,45.9
2016-08-10,-0.009804,45.45
2016-08-11,0.006161,45.73
2016-08-12,-0.00328,45.58
2016-08-15,0.017771,46.39
2016-08-16,0.004958,46.62
2016-08-17,0.000215,46.63
2016-08-18,-0.002788,46.5
2016-08-19,0.000645,46.53
2016-08-22,0.002794,46.66
2016-08-23,-0.0015,46.59
2016-08-24,0.001502,46.66
2016-08-25,0.001286,46.72
2016-08-26,0.008348,47.11
2016-08-29,0.003184,47.26
2016-08-30,0.013542,47.9
2016-08-31,-0.00334,47.74
2016-09-01,-0.00796,47.36
2016-09-02,0.003167,47.51
2016-09-06,-0.004631,47.29
2016-09-07,0.004018,47.48
2016-09-08,0.006529,47.79
2016-09-09,-0.012974,47.17
2016-09-12,0.013144,47.79
2016-09-13,-0.018205,46.92
2016-09-14,-0.003623,46.75
2016-09-15,0.007059,47.08
2016-09-16,-0.014231,46.41
2016-09-19,0.003878,46.59
2016-09-20,-0.001073,46.54
2016-09-21,0.007735,46.9
2016-09-22,0.004478,47.11
2016-09-23,0.000849,47.15
2016-09-26,-0.026723,45.89
2016-09-27,0.01046,46.37
2016-09-28,0.010783,46.87
2016-09-29,-0.022829,45.8
2016-09-30,0.031223,47.23
2016-10-03,-0.004235,47.03
2016-10-04,0.015309,47.75
2016-10-05,0.018848,48.65
2016-10-06,0.008633,49.07
2016-10-07,0.00428,49.28
2016-10-10,0.005479,49.55
2016-10-11,-0.011302,48.99
2016-10-12,-0.00592,48.7
2016-10-13,-0.004723,48.47
2016-10-14,0.002888,48.61
2016-10-17,-0.000206,48.6
2016-10-18,0.008025,48.99
2016-10-19,0.010002,49.48
2016-10-20,0.002021,49.58
2016-10-21,-0.000202,49.57
2016-10-24,0.000202,49.58
2016-10-25,0.000202,49.59
2016-10-26,0.008469,50.01
2016-10-27,-0.0016,49.93
2016-10-28,-0.00741,49.56
2016-10-31,-0.008273,49.15
2016-11-01,-0.004273,48.94
2016-11-02,-0.008173,48.54
2016-11-03,-0.003914,48.19
2016-11-04,-0.000415,48.17
2016-11-07,0.034254,49.82
2016-11-08,0.001807,49.91
2016-11-09,0.033661,51.59
2016-11-10,0.039155,53.61
2016-11-11,-0.01455,52.83
2016-11-14,0.035018,54.68
2016-11-15,0.014082,55.45
2016-11-16,-0.014788,54.63
2016-11-17,0.01501,55.45
2016-11-18,0.00018,55.46
2016-11-21,0.001443,55.54
2016-11-22,0.010083,56.1
2016-11-23,0.010517,56.69
2016-11-25,0.001588,56.78
2016-11-28,-0.023072,55.47
2016-11-29,0.000901,55.52
2016-11-30,0.01567,56.39
2016-12-01,0.015606,57.27
2016-12-02,-0.021826,56.02
2016-12-05,0.022492,57.28
2016-12-06,0.011173,57.92
2016-12-07,0.019682,59.06
2016-12-08,0.018456,60.15
2016-12-09,-0.001829,60.04
2016-12-12,-0.008161,59.55
2016-12-13,0.00403,59.79
2016-12-14,-0.005687,59.45
2016-12-15,0.01312,60.23
2016-12-16,-0.007969,59.75
2016-12-19,-0.001506,59.66
2016-12-20,0.019108,60.8
2016-12-21,-0.000822,60.75
2016-12-22,-0.00428,60.49
2016-12-23,0.008266,60.99
2016-12-27,0.00164,61.09
2016-12-28,-0.017188,60.04
2016-12-29,-0.010993,59.38
2016-12-30,0.000842,59.43
2017-01-03,0.019519,60.59
2017-01-04,0.013534,61.41
2017-01-05,-0.017424,60.34
2017-01-06,0.00348,60.55
2017-01-09,-0.00545,60.22
2017-01-10,0.000166,60.23
2017-01-11,-0.004483,59.96
2017-01-12,-0.012175,59.23
2017-01-13,0.006753,59.63
2017-01-17,-0.020963,58.38
2017-01-18,-0.016958,57.39
2017-01-19,-0.01272,56.66
2017-01-20,-0.009707,56.11
2017-01-23,-0.007664,55.68
2017-01-24,0.019037,56.74
2017-01-25,0.016743,57.69
2017-01-26,-0.00572,57.36
2017-01-27,-0.004358,57.11
2017-01-30,-0.008755,56.61
2017-01-31,-0.013779,55.83
2017-02-01,0.00394,56.05
2017-02-02,0.001606,55.98
2017-02-03,0.031797,57.76
2017-02-06,-0.002078,57.64
2017-02-07,-0.007807,57.19
2017-02-08,-0.015212,56.32
2017-02-09,0.01669,57.26
2017-02-10,0.006462,57.63
2017-02-13,0.022905,58.95
2017-02-14,0.014928,59.83
2017-02-15,0.011198,60.5
2017-02-16,-0.001983,60.38
2017-02-17,-0.003478,60.17
2017-02-21,0.006315,60.55
2017-02-22,0.001156,60.62
2017-02-23,0.0,60.62
2017-02-24,-0.017486,59.56
2017-02-27,0.007723,60.02
2017-02-28,-0.003499,59.81
2017-03-01,0.028925,61.54
2017-03-02,-0.014787,60.63
2017-03-03,0.006103,61.0
2017-03-06,-0.011803,60.28
2017-03-07,0.00365,60.5
2017-03-08,0.010083,61.11
2017-03-09,0.0072,61.55
2017-03-10,-0.000975,61.49
2017-03-13,0.00065,61.53
2017-03-14,-0.001463,61.44
2017-03-15,-0.009766,60.84
2017-03-16,0.005095,61.15
2017-03-17,-0.012756,60.37
2017-03-20,-0.01292,59.59
2017-03-21,-0.026011,58.04
2017-03-22,-0.004652,57.77
2017-03-23,0.004847,58.05
2017-03-24,0.000345,58.07
2017-03-27,0.004477,58.33
2017-03-28,0.018687,59.42
2017-03-29,-0.000505,59.39
2017-03-30,0.018858,60.51
2017-03-31,-0.011403,59.82
2017-04-03,-0.00234,59.68
2017-04-04,0.0,59.68
2017-04-05,-0.001508,59.59
2017-04-06,0.005034,59.89
2017-04-07,-0.007681,59.43
2017-04-10,-0.002524,59.28
2017-04-11,-0.004217,59.03
2017-04-12,-0.008809,58.51
2017-04-13,-0.008033,58.04
2017-04-17,0.016368,58.99
2017-04-18,-0.009663,58.42
2017-04-19,-0.011811,57.73
2017-04-20,0.011779,58.41
2017-04-21,-0.011813,57.72
2017-04-24,0.029799,59.44
2017-04-25,0.012954,60.21
2017-04-26,-0.001827,60.1
2017-04-27,-0.009151,59.39
2017-04-28,-0.004546,59.12
2017-05-01,0.005751,59.46
2017-05-02,0.004205,59.71
2017-05-03,0.008876,60.24
2017-05-04,-0.000498,60.21
2017-05-05,0.000498,60.24
2017-05-08,0.004316,60.5
2017-05-09,-0.004463,60.23
2017-05-10,0.002324,60.37
2017-05-11,0.005466,60.7
2017-05-12,0.006096,61.07
2017-05-15,0.005731,61.42
2017-05-16,0.017421,62.49
2017-05-17,-0.040167,59.98
2017-05-18,0.001667,60.08
2017-05-19,0.016977,61.1
2017-05-22,-0.000655,61.06
2017-05-23,0.010645,61.71
2017-05-24,0.009075,62.27
2017-05-25,-0.005139,61.95
2017-05-26,0.001937,62.07
2017-05-30,-0.006928,61.64
2017-05-31,-0.017846,60.54
2017-06-01,0.00892,61.08
2017-06-02,0.000491,61.11
2017-06-05,0.002291,61.25
2017-06-06,-0.003918,61.01
2017-06-07,0.01426,61.88
2017-06-08,0.021493,63.21
2017-06-09,0.019617,64.45
2017-06-12,-0.002017,64.32
2017-06-13,0.005753,64.69
2017-06-14,0.000464,64.72
2017-06-15,-0.00958,64.1
2017-06-16,-0.003276,63.89
2017-06-19,0.009235,64.48
2017-06-20,-0.00884,63.91
2017-06-21,-0.001252,63.83
2017-06-22,-0.00329,63.62
2017-06-23,-0.003301,63.41
2017-06-26,0.005835,63.78
2017-06-27,0.007056,64.23
2017-06-28,0.014791,65.18
2017-06-29,0.027616,66.98
2017-06-30,-0.001493,66.88
2017-07-03,0.020634,68.26
2017-07-05,0.002783,68.45
2017-07-06,-0.01198,67.63
2017-07-07,0.00414,67.91
2017-07-10,-0.003829,67.65
2017-07-11,-0.012269,66.82
2017-07-12,0.001497,66.92
2017-07-13,0.001494,67.02
2017-07-14,-0.004476,66.72
2017-07-17,0.001649,66.83
2017-07-18,0.000898,66.89
2017-07-19,-0.002841,66.7
2017-07-20,-0.005097,66.36
2017-07-21,-0.005425,66.0
2017-07-24,0.001515,66.1
2017-07-25,0.029198,68.03
2017-07-26,-0.000735,67.98
2017-07-27,-0.00559,67.6
2017-07-28,-0.002515,67.43
2017-07-31,0.015127,68.45
2017-08-01,0.016801,69.6
2017-08-02,-0.002586,69.42
2017-08-03,-0.013973,68.13
2017-08-04,0.012476,68.98
2017-08-07,0.00087,69.04
2017-08-08,-0.002318,68.88
2017-08-09,-0.006533,68.43
2017-08-10,-0.017682,67.22
2017-08-11,-0.006248,66.8
2017-08-14,0.016317,67.89
2017-08-15,0.001178,67.97
2017-08-16,-0.003825,67.71
2017-08-17,-0.016394,66.6
2017-08-18,-0.0003,66.58
2017-08-21,-0.009462,65.95
2017-08-22,0.013647,66.85
2017-08-23,0.005684,67.23
2017-08-24,0.006842,67.69
2017-08-25,0.002364,67.85
2017-08-28,-0.00059,67.81
2017-08-29,-0.004866,67.48
2017-08-30,0.007854,68.01
2017-08-31,0.000294,68.03
2017-09-01,0.008085,68.58
2017-09-05,-0.020706,67.16
2017-09-06,0.002382,67.32
2017-09-07,-0.018717,66.06
2017-09-08,0.001665,66.17
2017-09-11,0.023273,67.71
2017-09-12,0.01595,68.79
2017-09-13,0.008722,69.39
2017-09-14,-0.002162,69.24
2017-09-15,-0.002888,69.04
2017-09-18,0.022596,70.6
2017-09-19,0.00779,71.15
2017-09-20,0.004357,71.46
2017-09-21,0.004198,71.76
2017-09-22,-0.005017,71.4
2017-09-25,-0.007843,70.84
2017-09-26,0.001412,70.94
2017-09-27,0.018889,72.28
2017-09-28,0.005119,72.65
2017-09-29,0.001239,72.74
2017-10-02,0.014573,73.8
2017-10-03,0.004471,74.13
2017-10-04,-0.000944,74.06
2017-10-05,0.022414,75.72
2017-10-06,-0.001057,75.64
2017-10-09,-0.003305,75.39
2017-10-10,-0.002786,75.18
2017-10-11,-0.003192,74.94
2017-10-12,-0.034294,72.37
2017-10-13,-0.003593,72.11
2017-10-16,-0.004715,71.77
2017-10-17,0.005852,72.19
2017-10-18,0.012883,73.12
2017-10-19,-0.003282,72.88
2017-10-20,0.008919,73.53
2017-10-23,0.0,73.53
2017-10-24,0.009656,74.24
2017-10-25,-0.008351,73.62
2017-10-26,0.002309,73.79
2017-10-27,0.001084,73.87
2017-10-30,-0.001218,73.78
2017-10-31,-0.003795,73.5
2017-11-01,0.007211,74.03
2017-11-02,0.009591,74.74
2017-11-03,-0.00495,74.05
2017-11-06,-0.003376,73.8
2017-11-07,-0.01477,72.71
2017-11-08,-0.005089,72.34
2017-11-09,0.001244,72.43
2017-11-10,-0.002485,72.25
2017-11-13,-0.003599,71.99
2017-11-14,-0.00639,71.53
2017-11-15,0.002796,71.73
2017-11-16,-0.000837,71.67
2017-11-17,-0.004744,71.33
2017-11-20,0.010094,72.05
2017-11-21,0.00458,72.38
2017-11-22,-0.001658,72.26
2017-11-24,-0.003321,72.02
2017-11-27,-0.008748,71.39
2017-11-28,0.032357,73.7
2017-11-29,0.018182,75.04
2017-11-30,0.00613,75.5
2017-12-01,0.000132,75.51
2017-12-04,0.021057,77.1
2017-12-05,-0.007263,76.54
2017-12-06,-0.014372,75.44
2017-12-07,-0.006098,74.98
2017-12-08,0.009736,75.71
2017-12-11,0.001849,75.85
2017-12-12,0.003955,76.15
2017-12-13,-0.013263,75.14
2017-12-14,-0.016236,73.92
2017-12-15,0.011499,74.77
2017-12-18,0.012037,75.67
2017-12-19,-0.012819,74.7
2017-12-20,-0.000535,74.66
2017-12-21,0.015537,75.82
2017-12-22,-0.004352,75.49
2017-12-26,-0.009405,74.78
2017-12-27,0.001471,74.89
2017-12-28,0.002537,75.08
2017-12-29,-0.008924,74.41
2018-01-02,-0.000672,74.36
2018-01-03,0.003093,74.59
2018-01-04,0.012334,75.51
2018-01-05,-0.001324,75.41
2018-01-08,-0.01167,74.53
2018-01-09,0.010466,75.31
2018-01-10,0.004515,75.65
2018-01-11,-0.00119,75.56
2018-01-12,0.01694,76.84
2018-01-16,0.003514,77.11
2018-01-17,0.004669,77.47
2018-01-18,-0.001033,77.39
2018-01-19,0.011759,78.3
2018-01-22,0.003704,78.59
2018-01-23,-0.000509,78.55
2018-01-24,0.011458,79.45
2018-01-25,-0.000126,79.44
2018-01-26,0.008056,80.08
2018-01-29,-0.001499,79.96
2018-01-30,-0.016758,78.62
2018-01-31,-0.001781,78.48
2018-02-01,0.009174,79.2
2018-02-02,-0.023485,77.02
2018-02-05,-0.048689,73.27
2018-02-06,0.021155,74.82
2018-02-07,0.002272,74.99
2018-02-08,-0.041606,71.87
2018-02-09,0.025184,73.68
2018-02-12,0.014658,74.76
2018-02-13,0.005618,75.18
2018-02-14,0.020351,76.71
2018-02-15,0.004823,77.08
2018-02-16,-0.003373,76.82
2018-02-20,-0.004686,76.46
2018-02-21,0.007063,77.0
2018-02-22,-0.009481,76.27
2018-02-23,0.01062,77.08
2018-02-26,0.007395,77.65
2018-02-27,-0.016356,76.38
2018-02-28,-0.011652,75.49
2018-03-01,-0.024242,73.66
2018-03-02,0.000271,73.68
2018-03-05,0.010043,74.42
2018-03-06,-0.004837,74.06
2018-03-07,-0.00189,73.92
2018-03-08,0.00257,74.11
2018-03-09,0.026987,76.11
2018-03-12,-0.001183,76.02
2018-03-13,-0.014601,74.91
2018-03-14,-0.019223,73.47
2018-03-15,-0.00177,73.34
2018-03-16,0.001773,73.47
2018-03-19,-0.010481,72.7
2018-03-20,0.003026,72.92
2018-03-21,0.005485,73.32
2018-03-22,-0.041053,70.31
2018-03-23,-0.034277,67.9
2018-03-26,0.027688,69.78
2018-03-27,-0.021496,68.28
2018-03-28,-0.000293,68.26
2018-03-29,-0.011134,67.5
2018-04-02,0.003111,67.71
2018-04-03,0.011372,68.48
2018-04-04,0.01212,69.31
2018-04-05,0.01313,70.22
2018-04-06,-0.02307,68.6
2018-04-09,0.012245,69.44
2018-04-10,0.015409,70.51
2018-04-11,-0.008793,69.89
2018-04-12,0.03205,72.13
2018-04-13,-0.015528,71.01
2018-04-16,-0.013238,70.07
2018-04-17,-0.00471,69.74
2018-04-18,-0.010898,68.98
2018-04-19,0.018846,70.28
2018-04-20,-0.003984,70.0
2018-04-23,-0.007429,69.48
2018-04-24,-0.005181,69.12
2018-04-25,0.003472,69.36
2018-04-26,-0.002595,69.18
2018-04-27,-0.002746,68.99
2018-04-30,-0.010436,68.27
2018-05-01,-0.000293,68.25
2018-05-02,-0.00381,67.99
2018-05-03,-0.000735,67.94
2018-05-04,0.00471,67.94
2018-05-07,0.008243,68.5
2018-05-08,0.036496,71.0
2018-05-09,0.01338,71.95
2018-05-10,0.008617,72.57
2018-05-11,0.003996,72.86
2018-05-14,-0.003294,72.62
2018-05-15,0.000826,72.68
2018-05-16,-0.010044,71.95
2018-05-17,-0.00542,71.56
2018-05-18,-0.022359,69.96
2018-05-21,0.006718,70.43
2018-05-22,0.009229,71.08
2018-05-23,-0.011818,70.24
2018-05-24,-0.01324,69.31
2018-05-25,-0.012552,68.44
2018-05-29,-0.039889,65.71
2018-05-30,0.014762,66.68
2018-05-31,0.00015,66.69
2018-06-01,0.008847,67.28
2018-06-04,0.000892,67.34
2018-06-05,-0.008613,66.76
2018-06-06,0.022019,68.23
2018-06-07,0.003224,68.45
2018-06-08,0.000292,68.47
2018-06-11,-0.005258,68.11
2018-06-12,-0.007341,67.61
2018-06-13,-0.004733,67.29
2018-06-14,-0.016793,66.16
2018-06-15,0.002721,66.34
2018-06-18,0.00618,66.75
2018-06-19,0.000449,66.78
2018-06-20,0.008985,67.38
2018-06-21,0.00371,67.63
2018-06-22,-0.006358,67.2
2018-06-25,-0.021577,65.75
2018-06-26,0.008517,66.31
2018-06-27,-0.012819,65.46
2018-06-28,0.021693,66.88
2018-06-29,0.000598,66.92
2018-07-02,0.003586,67.16
2018-07-03,-0.016379,66.06
2018-07-05,0.007569,66.56
2018-07-06,0.008714,67.14
2018-07-09,0.02681,68.94
2018-07-10,-0.010299,68.23
2018-07-11,-0.00469,67.91
2018-07-12,0.008835,68.51
2018-07-13,-0.022041,67.0
2018-07-16,0.036716,69.46
2018-07-17,-0.001584,69.35
2018-07-18,0.00721,69.85
2018-07-19,-0.012312,68.99
2018-07-20,0.003334,69.22
2018-07-23,0.014302,70.21
2018-07-24,0.012249,71.07
2018-07-25,0.009146,71.72
2018-07-26,-0.005298,71.34
2018-07-27,0.004906,71.69
2018-07-30,0.008369,72.29
2018-07-31,-0.005533,71.89
2018-08-01,0.000556,71.93
2018-08-02,-0.001251,71.84
2018-08-03,0.01392,72.39
2018-08-06,0.000138,72.4
2018-08-07,0.000138,72.41
2018-08-08,0.006629,72.89
2018-08-09,-0.012485,71.98
2018-08-10,-0.023896,70.26
2018-08-13,-0.015656,69.16
2018-08-14,0.01229,70.01
2018-08-15,-0.019426,68.65
2018-08-16,0.013256,69.56
2018-08-17,0.001581,69.67
2018-08-20,0.012344,70.53
2018-08-21,0.010067,71.24
2018-08-22,-0.001684,71.12
2018-08-23,-0.004359,70.81
2018-08-24,-0.001977,70.67
2018-08-27,0.024339,72.39
2018-08-28,-0.000138,72.38
2018-08-29,0.002072,72.53
2018-08-30,-0.014753,71.46
2018-08-31,-0.003079,71.24
2018-09-04,0.002246,71.4
2018-09-05,-0.003221,71.17
2018-09-06,-0.014894,70.11
2018-09-07,-0.006704,69.64
2018-09-10,-0.000144,69.63
2018-09-11,-0.002872,69.43
2018-09-12,0.015555,70.51
2018-09-13,-0.005106,70.15
2018-09-14,0.00556,70.54
2018-09-17,0.00482,70.88
2018-09-18,0.006772,71.36
2018-09-19,0.033072,73.72
2018-09-20,0.014514,74.79
2018-09-21,-0.008557,74.15
2018-09-24,-0.004181,73.84
2018-09-25,-0.004469,73.51
2018-09-26,-0.01442,72.45
2018-09-27,0.006901,72.95
2018-09-28,-0.016587,71.74
2018-10-01,0.002648,71.93
2018-10-02,-0.001807,71.8
2018-10-03,0.007799,72.36
2018-10-04,0.003593,72.62
2018-10-05,-0.002754,72.42
2018-10-08,0.002347,72.59
2018-10-09,-0.009643,71.89
2018-10-10,-0.026986,69.95
2018-10-11,-0.022445,68.38
2018-10-12,0.021351,69.84
2018-10-15,-0.009021,69.21
2018-10-16,0.007224,69.71
2018-10-17,0.001865,69.84
2018-10-18,-0.017468,68.62
2018-10-19,0.003497,68.86
2018-10-22,-0.032966,66.59
2018-10-23,-0.012915,65.73
2018-10-24,-0.029363,63.8
2018-10-25,0.018339,64.97
2018-10-26,-0.011698,64.21
2018-10-29,0.00218,64.35
2018-10-30,0.002797,64.53
2018-10-31,0.014412,65.46
2018-11-01,0.005652,65.83
2018-11-02,0.008203,65.92
2018-11-05,0.020935,67.3
2018-11-06,-0.009213,66.68
2018-11-07,0.023695,68.26
2018-11-08,-0.007032,67.78
2018-11-09,-0.029802,65.76
2018-11-12,-0.023571,64.21
2018-11-13,0.008877,64.78
2018-11-14,-0.019759,63.5
2018-11-15,0.017323,64.6
2018-11-16,0.005418,64.95
2018-11-19,-0.005081,64.62
2018-11-20,-0.032343,62.53
2018-11-21,0.005437,62.87
2018-11-23,-0.017815,61.75
2018-11-26,0.032065,63.73
2018-11-27,-0.004237,63.46
2018-11-28,0.033407,65.58
2018-11-29,-0.010369,64.9
2018-11-30,-0.001695,64.79
2018-12-03,0.005711,65.16
2018-12-04,-0.044506,62.26
2018-12-06,-0.035336,60.06
2018-12-07,-0.028472,58.35
2018-12-10,-0.021937,57.07
2018-12-11,-0.014894,56.22
2018-12-12,-0.004269,55.98
2018-12-13,-0.003751,55.77
2018-12-14,-0.013448,55.02
2018-12-17,-0.013995,54.25
2018-12-18,-0.005899,53.93
2018-12-19,-0.020582,52.82
2018-12-20,-0.010413,52.27
2018-12-21,-0.038837,50.24
2018-12-24,-0.019506,49.26
2018-12-26,0.044255,51.44
2018-12-27,0.006415,51.77
2018-12-28,0.001159,51.83
2018-12-31,0.004438,52.06
2019-01-02,0.028237,53.53
2019-01-03,-0.018121,52.56
2019-01-04,0.048897,55.13
2019-01-07,0.008707,55.61
2019-01-08,-0.002697,55.46
2019-01-09,0.016589,56.38
2019-01-10,0.001064,56.44
2019-01-11,0.004429,56.69
2019-01-14,0.039513,58.93
2019-01-15,0.041575,61.38
2019-01-16,0.013196,62.19
2019-01-17,0.004502,62.47
2019-01-18,0.010405,63.12
2019-01-22,-0.02012,61.85
2019-01-23,0.004527,62.13
2019-01-24,0.009335,62.71
2019-01-25,0.02089,64.02
2019-01-28,-0.002655,63.85
2019-01-29,-0.010024,63.21
2019-01-30,0.015979,64.22
2019-01-31,0.003737,64.46
2019-02-01,-0.005275,63.67
2019-02-04,0.006125,64.06
2019-02-05,-0.003903,63.81
2019-02-06,0.001254,63.89
2019-02-07,-0.016904,62.81
2019-02-08,-0.012737,62.01
2019-02-11,-0.006451,61.61
2019-02-12,0.017205,62.67
2019-02-13,0.005904,63.04
2019-02-14,-0.009835,62.42
2019-02-15,0.029638,64.27
2019-02-19,0.001712,64.38
2019-02-20,0.004039,64.64
2019-02-21,-0.00495,64.32
2019-02-22,-0.002799,64.14
2019-02-25,0.00608,64.53
2019-02-26,-0.006354,64.12
2019-02-27,0.004367,64.4
2019-02-28,-0.006522,63.98
2019-03-01,0.007659,64.47
2019-03-04,-0.011168,63.75
2019-03-05,-0.012863,62.93
2019-03-06,-0.006674,62.51
2019-03-07,-0.009758,61.9
2019-03-08,0.002585,62.06
2019-03-11,0.004028,62.31
2019-03-12,0.008024,62.81
2019-03-13,0.013374,63.65
2019-03-14,0.007227,64.11
2019-03-15,0.016846,65.19
2019-03-18,0.011351,65.93
2019-03-19,-0.00455,65.63
2019-03-20,-0.020265,64.3
2019-03-21,-0.006065,63.91
2019-03-22,-0.045846,60.98
2019-03-25,-0.010659,60.33
2019-03-26,0.014752,61.22
2019-03-27,-0.008004,60.73
2019-03-28,0.020583,61.98
2019-03-29,0.003872,62.22
2019-04-01,0.034394,64.36
2019-04-02,0.000932,64.42
2019-04-03,0.009935,65.06
2019-04-04,0.011682,65.82
2019-04-05,-0.004102,65.55
2019-04-08,0.007933,66.07
2019-04-09,-0.013168,65.2
2019-04-10,0.004908,65.52
2019-04-11,0.005952,65.91
2019-04-12,0.02291,67.42
2019-04-15,-0.000593,67.38
2019-04-16,0.028644,69.31
2019-04-17,0.015005,70.35
2019-04-18,-0.009666,69.67
2019-04-22,-0.008325,69.09
2019-04-23,0.001592,69.2
2019-04-24,-0.005347,68.83
2019-04-25,-0.001453,68.73
2019-04-26,0.011349,69.51
2019-04-29,0.021867,71.03
2019-04-30,-0.004646,70.7
2019-05-01,-0.010467,69.96
2019-05-02,0.005718,70.36
2019-05-03,0.010802,70.67
2019-05-06,-0.003679,70.41
2019-05-07,-0.031956,68.16
2019-05-08,0.00088,68.22
2019-05-09,-0.008649,67.63
2019-05-10,0.003992,67.9
2019-05-13,-0.051841,64.38
2019-05-14,0.013669,65.26
2019-05-15,-0.005976,64.87
2019-05-16,0.017111,65.98
2019-05-17,-0.013792,65.07
2019-05-20,-0.001691,64.96
2019-05-21,0.017241,66.08
2019-05-22,-0.021489,64.66
2019-05-23,-0.011754,63.9
2019-05-24,0.007668,64.39
2019-05-28,-0.009318,63.79
2019-05-29,-0.001254,63.71
2019-05-30,-0.00157,63.61
2019-05-31,-0.022952,62.15
2019-06-03,0.007401,62.61
2019-06-04,0.052228,65.88
2019-06-05,-0.001518,65.78
2019-06-06,0.01049,66.47
2019-06-07,-0.011735,65.69
2019-06-10,0.021769,67.12
2019-06-11,0.011323,67.88
2019-06-12,-0.015763,66.81
2019-06-13,0.004041,67.08
2019-06-14,0.005963,67.48
2019-06-17,-0.01393,66.54
2019-06-18,0.021641,67.98
2019-06-19,-0.005737,67.59
2019-06-20,0.007546,68.1
2019-06-21,-0.001909,67.97
2019-06-24,-0.008239,67.41
2019-06-25,-0.012906,66.54
2019-06-26,0.010219,67.22
2019-06-27,0.013835,68.15
2019-06-28,0.027586,70.03
2019-07-01,0.010139,70.74
2019-07-02,-0.004241,70.44
2019-07-03,0.005821,70.85
2019-07-05,0.007763,71.4
2019-07-08,-0.003782,71.13
2019-07-09,0.006045,71.56
2019-07-10,-0.006009,71.13
2019-07-11,0.006748,71.61
2019-07-12,0.002234,71.77
2019-07-15,-0.000836,71.71
2019-07-16,-0.005439,71.32
2019-07-17,-0.007011,70.82
2019-07-18,0.013697,71.79
2019-07-19,-0.012119,70.92
2019-07-22,0.002679,71.11
2019-07-23,0.012375,71.99
2019-07-24,0.014169,73.01
2019-07-25,-0.022189,71.39
2019-07-26,0.010786,72.16
2019-07-29,-0.005543,71.76
2019-07-30,-0.000697,71.71
2019-07-31,-0.00767,71.16
2019-08-01,-0.039489,68.35
2019-08-02,-0.003365,67.61
2019-08-05,-0.035941,65.18
2019-08-06,0.016416,66.25
2019-08-07,-0.016755,65.14
2019-08-08,0.024563,66.74
2019-08-09,-0.010339,66.05
2019-08-12,-0.027404,64.24
2019-08-13,0.009184,64.83
2019-08-14,-0.052753,61.41
2019-08-15,-0.001466,61.32
2019-08-16,0.035225,63.48
2019-08-19,0.013075,64.31
2019-08-20,-0.013839,63.42
2019-08-21,-0.002681,63.25
2019-08-22,0.010435,63.91
2019-08-23,-0.030668,61.95
2019-08-26,0.012429,62.72
2019-08-27,-0.016901,61.66
2019-08-28,0.011353,62.36
2019-08-29,0.024695,63.9
2019-08-30,0.007042,64.35
2019-09-03,-0.014452,63.42
2019-09-04,0.01356,64.28
2019-09-05,0.032047,66.34
2019-09-06,-0.005577,65.97
2019-09-09,0.042747,68.79
2019-09-10,0.002762,68.98
2019-09-11,-0.00116,68.9
2019-09-12,0.005806,69.3
2019-09-13,0.015729,70.39
2019-09-16,-0.007956,69.83
2019-09-17,-0.005012,69.48
2019-09-18,0.008779,70.09
2019-09-19,-0.005136,69.73
2019-09-20,-0.00545,69.35
2019-09-23,0.002884,69.55
2019-09-24,-0.023724,67.9
2019-09-25,0.021797,69.38
2019-09-26,-0.003892,69.11
2019-09-27,0.005064,69.46
2019-09-30,-0.005471,69.08
2019-10-01,-0.013463,68.15
2019-10-02,-0.027733,66.26
2019-10-03,0.00664,66.7
2019-10-04,0.022189,68.18
2019-10-07,-0.00044,68.15
2019-10-08,-0.025679,66.4
2019-10-09,0.015512,67.43
2019-10-10,0.017648,68.62
2019-10-11,0.021568,70.1
2019-10-14,0.001997,70.24
2019-10-15,0.013952,71.22
2019-10-16,-0.024151,69.5
2019-10-17,0.001439,69.6
2019-10-18,0.002011,69.74
2019-10-21,0.029682,71.81
2019-10-22,0.003481,72.06
2019-10-23,0.005412,72.45
2019-10-24,-0.00207,72.3
2019-10-25,0.012033,73.17
2019-10-28,0.00574,73.59
2019-10-29,-0.006794,73.09
2019-10-30,-0.001642,72.97
2019-10-31,-0.015212,71.86
2019-11-01,0.034651,73.84
2019-11-04,0.017741,75.15
2019-11-05,-0.004258,74.83
2019-11-06,-0.005479,74.42
2019-11-07,0.018678,75.81
2019-11-08,0.004089,76.12
2019-11-11,-0.006831,75.6
2019-11-12,-0.007011,75.07
2019-11-13,-0.015452,73.91
2019-11-14,-0.000947,73.84
2019-11-15,0.007584,74.4
2019-11-18,0.0,74.4
2019-11-19,0.005645,74.82
2019-11-20,-0.012163,73.91
2019-11-21,-0.000135,73.9
2019-11-22,0.013126,74.87
2019-11-25,0.010819,75.68
2019-11-26,-0.002907,75.46
2019-11-27,0.003446,75.72
2019-11-29,-0.007924,75.12
2019-12-02,-0.007987,74.52
2019-12-03,-0.015969,73.33
2019-12-04,0.012273,74.23
2019-12-05,0.006466,74.71
2019-12-06,0.014724,75.81
2019-12-09,-0.006332,75.33
2019-12-10,0.005974,75.78
2019-12-11,-0.003035,75.55
2019-12-12,0.019854,77.05
2019-12-13,-0.008566,76.39
2019-12-16,0.006807,76.91
2019-12-17,0.010792,77.74
2019-12-18,0.002315,77.92
2019-12-19,0.003593,78.2
2019-12-20,0.003964,78.51
2019-12-23,0.003184,78.76
2019-12-24,-0.002159,78.59
2019-12-26,0.015778,79.83
2019-12-27,-0.002004,79.67
2019-12-30,-0.002008,79.51
2019-12-31,0.004779,79.89
2020-01-02,0.016773,81.23
2020-01-03,-0.018836,79.7
2020-01-06,-0.003137,79.45
2020-01-07,-0.008685,78.76
2020-01-08,0.007618,79.36
2020-01-09,0.009073,80.08
2020-01-10,-0.010365,79.25
2020-01-13,0.017666,80.65
2020-01-14,0.015623,81.91
2020-01-15,-0.00818,81.24
2020-01-16,-0.002954,81.0
2020-01-17,0.001482,81.12
2020-01-21,-0.01504,79.9
2020-01-22,0.002503,80.1
2020-01-23,-0.003745,79.8
2020-01-24,-0.017293,78.42
2020-01-27,-0.021806,76.71
2020-01-28,0.006909,77.24
2020-01-29,-0.009839,76.48
2020-01-30,0.012422,77.43
2020-01-31,-0.032416,74.41
2020-02-03,0.009676,75.13
2020-02-04,0.018235,76.5
2020-02-05,0.030719,78.85
2020-02-06,0.001522,78.97
2020-02-07,-0.003546,78.69
2020-02-10,-0.002669,78.48
2020-02-11,0.007773,79.09
2020-02-12,0.003035,79.33
2020-02-13,-0.00416,79.0
2020-02-14,-0.002658,78.79
2020-02-18,-0.015357,77.58
2020-02-19,0.006058,78.05
2020-02-20,0.002178,78.22
2020-02-21,-0.022756,76.44
2020-02-24,-0.051151,72.53
2020-02-25,-0.042741,69.43
2020-02-26,-0.018004,68.18
2020-02-27,-0.054708,64.45
2020-02-28,-0.015361,63.46
2020-03-02,0.06508,67.59
2020-03-03,-0.037579,65.05
2020-03-04,0.035972,67.39
2020-03-05,-0.057872,63.49
2020-03-06,-0.034809,61.28
2020-03-09,-0.161717,51.37
2020-03-10,0.081955,55.58
2020-03-11,-0.086182,50.79
2020-03-12,-0.148258,43.26
2020-03-13,0.179843,51.04
2020-03-16,-0.192986,41.19
2020-03-17,-0.022821,40.25
2020-03-18,-0.094907,36.43
2020-03-19,0.088114,39.64
2020-03-20,-0.039859,38.06
2020-03-23,-0.070152,35.39
2020-03-24,0.148912,40.66
2020-03-25,0.029513,41.86
2020-03-26,0.099379,46.02
2020-03-27,-0.04824,43.8
2020-03-30,0.006393,44.08
2020-03-31,-0.044465,42.12
2020-04-01,-0.085708,38.51
2020-04-02,0.018697,39.23
2020-04-03,-0.044354,37.49
2020-04-06,0.096826,41.12
2020-04-07,0.003162,41.25
2020-04-08,0.07297,44.26
2020-04-09,0.07117,47.41
2020-04-13,-0.015398,46.68
2020-04-14,-0.026992,45.42
2020-04-15,-0.056363,42.86
2020-04-16,-0.054596,40.52
2020-04-17,0.121668,45.45
2020-04-20,-0.031683,44.01
2020-04-21,-0.055442,41.57
2020-04-22,0.016117,42.24
2020-04-23,0.005208,42.46
2020-04-24,0.015073,43.1
2020-04-27,0.080279,46.56
2020-04-28,0.01396,47.21
2020-04-29,0.064605,50.26
2020-04-30,-0.033824,48.56
2020-05-01,-0.052101,45.52
2020-05-04,-0.008787,45.12
2020-05-05,-0.025931,43.95
2020-05-06,-0.022753,42.95
2020-05-07,0.039348,44.64
2020-05-08,0.037634,46.32
2020-05-11,-0.048575,44.07
2020-05-12,-0.039029,42.35
2020-05-13,-0.041322,40.6
2020-05-14,0.035961,42.06
2020-05-15,-0.003329,41.92
2020-05-18,0.089456,45.67
2020-05-19,-0.027151,44.43
2020-05-20,0.023408,45.47
2020-05-21,-0.010337,45.0
2020-05-22,-0.02,44.1
2020-05-26,0.09229,48.17
2020-05-27,0.084908,52.26
2020-05-28,-0.059319,49.16
2020-05-29,-0.025427,47.91
2020-06-01,0.032144,49.45
2020-06-02,0.028109,50.84
2020-06-03,0.049174,53.34
2020-06-04,0.043307,55.65
2020-06-05,0.057682,58.86
2020-06-08,0.040435,61.24
2020-06-09,-0.028413,59.5
2020-06-10,-0.061177,55.86
2020-06-11,-0.133727,48.39
2020-06-12,0.079769,52.25
2020-06-15,0.013971,52.98
2020-06-16,0.027746,54.45
2020-06-17,-0.02663,53.0
2020-06-18,0.000755,53.04
2020-06-19,-0.002263,52.92
2020-06-22,-0.016251,52.06
2020-06-23,0.017096,52.95
2020-06-24,-0.040416,50.81
2020-06-25,0.036804,52.68
2020-06-26,-0.058846,49.58
2020-06-29,0.01432,50.29
2020-06-30,0.016107,51.1
2020-07-01,-0.014677,50.35
2020-07-02,0.003972,50.55
2020-07-06,0.028091,51.97
2020-07-07,-0.031749,50.32
2020-07-08,0.011129,50.88
2020-07-09,-0.028105,49.45
2020-07-10,0.064712,52.65
2020-07-13,-0.008547,52.2
2020-07-14,-0.039272,50.15
2020-07-15,0.033699,51.84
2020-07-16,-0.00733,51.46
2020-07-17,-0.024096,50.22
2020-07-20,-0.001593,50.14
2020-07-21,0.031711,51.73
2020-07-22,-0.001353,51.66
2020-07-23,0.00813,52.08
2020-07-24,-0.007873,51.67
2020-07-27,-0.007354,51.29
2020-07-28,-0.00039,51.27
2020-07-29,0.024381,52.52
2020-07-30,-0.031417,50.87
2020-07-31,-0.00688,50.01
2020-08-03,0.007599,50.39
2020-08-04,-0.004961,50.14
2020-08-05,0.01795,51.04
2020-08-06,-0.002939,50.89
2020-08-07,0.02417,52.12
2020-08-10,0.014198,52.86
2020-08-11,0.017026,53.76
2020-08-12,-0.007626,53.35
2020-08-13,-0.008622,52.89
2020-08-14,0.000756,52.93
2020-08-17,-0.028528,51.42
2020-08-18,-0.021004,50.34
2020-08-19,-0.000993,50.29
2020-08-20,-0.014118,49.58
2020-08-21,-0.005647,49.3
2020-08-24,0.0357,51.06
2020-08-25,0.011555,51.65
2020-08-26,-0.015489,50.85
2020-08-27,0.017109,51.72
2020-08-28,0.010828,52.28
2020-08-31,-0.022188,51.12
2020-09-01,0.001565,51.2
2020-09-02,0.014648,51.95
2020-09-03,-0.008662,51.5
2020-09-04,0.019806,52.52
2020-09-08,-0.02818,51.04
2020-09-09,0.007053,51.4
2020-09-10,-0.008755,50.95
2020-09-11,0.000981,51.0
2020-09-14,-0.055882,48.15
2020-09-15,-0.069367,44.81
2020-09-16,0.027003,46.02
2020-09-17,-0.010648,45.53
2020-09-18,-0.014716,44.86
2020-09-21,-0.020731,43.93
2020-09-22,-0.014569,43.29
2020-09-23,-0.033264,41.85
2020-09-24,0.008124,42.19
2020-09-25,-0.004029,42.02
2020-09-28,0.031414,43.34
2020-09-29,-0.021228,42.42
2020-09-30,0.016266,43.11
2020-10-01,0.007655,43.44
2020-10-02,0.005064,43.66
2020-10-05,0.02863,44.91
2020-10-06,-0.011133,44.41
2020-10-07,0.009683,44.84
2020-10-08,-0.002676,44.72
2020-10-09,0.004696,44.93
2020-10-12,0.021144,45.88
2020-10-13,-0.047951,43.68
2020-10-14,-0.014881,43.03
2020-10-15,0.013479,43.61
2020-10-16,-0.009631,43.19
2020-10-19,-0.006714,42.9
2020-10-20,0.014452,43.52
2020-10-21,-0.011719,43.01
2020-10-22,0.021855,43.95
2020-10-23,0.0,43.95
2020-10-26,-0.0157,43.26
2020-10-27,-0.0319,41.88
2020-10-28,-0.017908,41.13
2020-10-29,0.012886,41.66
2020-10-30,0.006481,41.42
2020-11-02,0.019073,42.21
2020-11-03,0.031272,43.53
2020-11-04,-0.03331,42.08
2020-11-05,0.023527,43.07
2020-11-06,-0.008359,42.71
2020-11-09,0.11543,47.64
2020-11-10,0.00021,47.65
2020-11-11,0.026863,48.93
2020-11-12,-0.013284,48.28
2020-11-13,0.007871,48.66
2020-11-16,0.035758,50.4
2020-11-17,0.006548,50.73
2020-11-18,0.006308,51.05
2020-11-19,0.021352,52.14
2020-11-20,-0.009398,51.65
2020-11-23,0.031946,53.3
2020-11-24,0.070544,57.06
2020-11-25,0.0,57.06
2020-11-27,-0.006835,56.67
2020-11-30,-0.028234,55.07
2020-12-01,0.007264,55.47
2020-12-02,0.031188,57.2
2020-12-03,-0.010839,56.58
2020-12-04,0.036055,58.62
2020-12-07,-0.008359,58.13
2020-12-08,0.003957,58.36
2020-12-09,0.01011,58.95
2020-12-10,0.026294,60.5
2020-12-11,-0.02595,58.93
2020-12-14,-0.003224,58.74
2020-12-15,0.015832,59.67
2020-12-16,0.001341,59.75
2020-12-17,0.005021,60.05
2020-12-18,-0.016486,59.06
2020-12-21,0.036742,61.23
2020-12-22,-0.032174,59.26
2020-12-23,0.02565,60.78
2020-12-24,-0.003455,60.57
2020-12-28,0.009246,61.13
2020-12-29,-0.003599,60.91
2020-12-30,-0.000821,60.86
2020-12-31,0.013145,61.66
2021-01-04,-0.024651,60.14
2021-01-05,0.02594,61.7
2021-01-06,0.057537,65.25
2021-01-07,0.011801,66.02
2021-01-08,-0.009845,65.37
2021-01-11,0.016368,66.44
2021-01-12,0.003462,66.67
2021-01-13,0.00285,66.86
2021-01-14,0.032157,69.01
2021-01-15,-0.069265,64.23
2021-01-19,-0.008407,63.69
2021-01-20,-0.006908,63.25
2021-01-21,-0.021818,61.87
2021-01-22,-0.008728,61.33
2021-01-25,-0.012555,60.56
2021-01-26,0.005779,60.91
2021-01-27,-0.024791,59.4
2021-01-28,0.015825,60.34
2021-01-29,-0.030494,57.99
2021-02-01,0.007587,58.43
2021-02-02,0.019682,59.58
2021-02-03,0.025512,61.1
2021-02-04,0.02144,62.41
2021-02-05,0.002724,62.58
2021-02-08,0.017098,63.65
2021-02-09,-0.008327,63.12
2021-02-10,0.007921,63.62
2021-02-11,-0.006602,63.2
2021-02-12,0.006804,63.63
2021-02-16,0.007701,64.12
2021-02-17,0.009981,64.76
2021-02-18,-0.019765,63.48
2021-02-19,0.036232,65.78
2021-02-22,-0.003953,65.52
2021-02-23,0.01862,66.74
2021-02-24,0.027869,68.6
2021-02-25,-0.017347,67.41
2021-02-26,-0.022697,65.88
2021-03-01,0.055556,69.54
2021-03-02,-0.009059,68.91
2021-03-03,0.021332,70.38
2021-03-04,-0.008099,69.81
2021-03-05,0.006016,70.23
2021-03-08,0.028335,72.22
2021-03-09,-0.017031,70.99
2021-03-10,0.038879,73.75
2021-03-11,-0.005966,73.31
2021-03-12,0.025508,75.18
2021-03-15,-0.012769,74.22
2021-03-16,-0.011991,73.33
2021-03-17,0.003682,73.6
2021-03-18,0.003261,73.84
2021-03-19,-0.01124,73.01
2021-03-22,-0.014382,71.96
2021-03-23,-0.014591,70.91
2021-03-24,-0.011705,70.08
2021-03-25,0.023402,71.72
2021-03-26,0.018126,73.02
2021-03-29,-0.019721,71.58
2021-03-30,0.019279,72.96
2021-03-31,-0.002878,72.75
2021-04-01,0.005361,73.14
2021-04-05,-0.005332,72.75
2021-04-06,-0.002062,72.6
2021-04-07,0.00124,72.69
2021-04-08,-0.004953,72.33
2021-04-09,0.001244,72.42
2021-04-12,0.003728,72.69
2021-04-13,-0.008667,72.06
2021-04-14,0.011796,72.91
2021-04-15,-0.005075,72.54
2021-04-16,-0.001241,72.45
2021-04-19,-0.004417,72.13
2021-04-20,-0.032441,69.79
2021-04-21,0.012323,70.65
2021-04-22,-0.01189,69.81
2021-04-23,0.02249,71.38
2021-04-26,0.011488,72.2
2021-04-27,0.010942,72.99
2021-04-28,-0.001096,72.91
2021-04-29,0.012755,73.84
2021-04-30,-0.028304,71.24
2021-05-03,0.006597,71.71
2021-05-04,0.008646,72.33
2021-05-05,0.019079,73.71
2021-05-06,0.014516,74.78
2021-05-07,0.004012,75.08
2021-05-10,0.000666,75.13
2021-05-11,-0.003461,74.87
2021-05-12,-0.008548,74.23
2021-05-13,0.01428,75.29
2021-05-14,0.016868,76.56
2021-05-17,0.011233,77.42
2021-05-18,-0.010333,76.62
2021-05-19,-0.002088,76.46
2021-05-20,-0.003401,76.2
2021-05-21,0.019029,77.65
2021-05-24,0.004894,78.03
2021-05-25,-0.009612,77.28
2021-05-26,0.003106,77.52
2021-05-27,0.015996,78.76
2021-05-28,-0.000635,78.71
2021-06-01,0.01334,79.76
2021-06-02,0.001254,79.86
2021-06-03,-0.00288,79.63
2021-06-04,-0.001758,79.49
2021-06-07,-0.002264,79.31
2021-06-08,-0.0029,79.08
2021-06-09,-0.011887,78.14
2021-06-10,-0.015997,76.89
2021-06-11,-0.005332,76.48
2021-06-14,-0.017259,75.16
2021-06-15,-0.017829,73.82
2021-06-16,-0.03197,71.46
2021-06-17,-0.036384,68.86
2021-06-18,-0.018153,67.61
2021-06-21,0.012424,68.45
2021-06-22,0.007451,68.96
2021-06-23,0.010006,69.65
2021-06-24,0.023977,71.32
2021-06-25,0.003225,71.55
2021-06-28,-0.000559,71.51
2021-06-29,-0.025591,69.68
2021-06-30,0.015356,70.75
2021-07-01,0.003675,71.01
2021-07-02,-0.008449,70.41
2021-07-06,-0.031246,68.21
2021-07-07,-0.004105,67.93
2021-07-08,-0.017665,66.73
2021-07-09,0.025775,68.45
2021-07-12,0.014463,69.44
2021-07-13,-0.015409,68.37
2021-07-14,-0.002925,68.17
2021-07-15,0.004107,68.45
2021-07-16,-0.022644,66.9
2021-07-19,-0.027205,65.08
2021-07-20,0.018593,66.29
2021-07-21,0.024136,67.89
2021-07-22,-0.014141,66.93
2021-07-23,-0.003287,66.71
2021-07-26,0.01589,67.77
2021-07-27,0.003099,67.98
2021-07-28,0.001765,68.1
2021-07-29,0.010426,68.81
2021-07-30,-0.009882,67.62
2021-08-02,0.001627,67.73
2021-08-03,0.016979,68.88
2021-08-04,-0.005226,68.52
2021-08-05,0.017075,69.69
2021-08-06,0.019802,71.07
2021-08-09,0.006332,71.52
2021-08-10,0.020414,72.98
2021-08-11,0.018087,74.3
2021-08-12,-0.002288,74.13
2021-08-13,-0.01376,73.11
2021-08-16,-0.013815,72.1
2021-08-17,-0.006657,71.62
2021-08-18,-0.006981,71.12
2021-08-19,-0.017998,69.84
2021-08-20,0.005871,70.25
2021-08-23,0.00911,70.89
2021-08-24,0.016222,72.04
2021-08-25,0.015825,73.18
2021-08-26,-0.010112,72.44
2021-08-27,0.007592,72.99
2021-08-30,-0.018085,71.67
2021-08-31,0.003349,71.91
2021-09-01,-0.008344,71.31
2021-09-02,0.002664,71.5
2021-09-03,-0.004615,71.17
2021-09-07,-0.004918,70.82
2021-09-08,-0.011014,70.04
2021-09-09,0.005997,70.46
2021-09-10,-0.012631,69.57
2021-09-13,0.013655,70.52
2021-09-14,-0.024674,68.78
2021-09-15,0.02428,70.45
2021-09-16,-0.006387,70.0
2021-09-17,-0.000571,69.96
2021-09-20,-0.038022,67.3
2021-09-21,-0.005349,66.94
2021-09-22,0.01942,68.24
2021-09-23,0.038687,70.88
2021-09-24,0.004233,71.18
2021-09-27,0.015173,72.26
2021-09-28,-0.012317,71.37
2021-09-29,0.002242,71.53
2021-09-30,-0.018873,70.18
2021-10-01,0.014249,71.18
2021-10-04,0.001545,71.29
2021-10-05,0.017394,72.53
2021-10-06,-0.001517,72.42
2021-10-07,-0.003176,72.19
2021-10-08,0.002216,72.35
2021-10-11,-0.009261,71.68
2021-10-12,-0.014509,70.64
2021-10-13,-0.005379,70.26
2021-10-14,0.007686,70.8
2021-10-15,0.021045,72.29
2021-10-18,-0.009407,71.61
2021-10-19,0.002095,71.76
2021-10-20,0.000836,71.82
2021-10-21,-0.01824,70.51
2021-10-22,0.012197,71.37
2021-10-25,-0.007566,70.83
2021-10-26,-0.002541,70.65
2021-10-27,-0.004813,70.31
2021-10-28,0.008107,70.88
2021-10-29,-0.017071,69.16
2021-11-01,0.006507,69.61
2021-11-02,-0.014509,68.6
2021-11-03,0.005831,69.0
2021-11-04,-0.028986,67.0
2021-11-05,-0.000149,66.99
2021-11-08,0.021794,68.45
2021-11-09,-0.00672,67.99
2021-11-10,0.003236,68.21
2021-11-11,0.009676,68.87
2021-11-12,0.004211,69.16
2021-11-15,-0.006073,68.74
2021-11-16,-0.014548,67.74
2021-11-17,-0.013139,66.85
2021-11-18,0.003889,67.11
2021-11-19,-0.011474,66.34
2021-11-22,0.010552,67.04
2021-11-23,0.015364,68.07
2021-11-24,-0.011606,67.28
2021-11-26,-0.026457,65.5
2021-11-29,-0.007023,65.04
2021-11-30,-0.020603,63.7
2021-12-01,-0.018524,62.52
2021-12-02,0.020633,63.81
2021-12-03,-0.016455,62.76
2021-12-06,-0.003824,62.52
2021-12-07,0.006078,62.9
2021-12-08,-0.006995,62.46
2021-12-09,-0.005123,62.14
2021-12-10,-0.023013,60.71
2021-12-13,-0.00873,60.18
2021-12-14,0.007644,60.64
2021-12-15,-0.006596,60.24
2021-12-16,0.013778,61.07
2021-12-17,-0.025053,59.54
2021-12-20,-0.021162,58.28
2021-12-21,0.018874,59.38
2021-12-22,0.003705,59.6
2021-12-23,0.010235,60.21
2021-12-27,0.007308,60.65
2021-12-28,-0.000495,60.62
2021-12-29,-0.00132,60.54
2021-12-30,-0.001817,60.43
2021-12-31,-0.000662,60.39
2022-01-03,0.044875,63.1
2022-01-04,0.007765,63.59
2022-01-05,-0.011637,62.85
2022-01-06,0.032777,64.91
2022-01-07,0.013403,65.78
2022-01-10,0.003801,66.03
2022-01-11,0.016356,67.11
2022-01-12,0.002533,67.28
2022-01-13,0.007432,67.78
2022-01-14,-0.012541,66.93
2022-01-18,-0.024354,65.3
2022-01-19,-0.016233,64.24
2022-01-20,0.003425,64.46
2022-01-21,-0.018461,63.27
2022-01-24,-0.009009,62.7
2022-01-25,0.022488,64.11
2022-01-26,0.009983,64.75
2022-01-27,-0.009266,64.15
2022-01-28,0.008418,64.69
2022-01-31,0.006647,65.12
2022-02-01,0.022113,66.56
2022-02-02,-0.004958,66.23
2022-02-03,-0.014646,65.26
2022-02-04,0.02038,66.08
2022-02-07,0.004237,66.36
2022-02-08,0.011453,67.12
2022-02-09,0.010727,67.84
2022-02-10,-0.005012,67.5
2022-02-11,-0.005185,67.15
2022-02-14,-0.010276,66.46
2022-02-15,0.008125,67.0
2022-02-16,-0.000746,66.95
2022-02-17,-0.033458,64.71
2022-02-18,-0.008809,64.14
2022-02-22,-0.003898,63.89
2022-02-23,-0.010487,63.22
2022-02-24,-0.040335,60.67
2022-02-25,0.021592,61.98
2022-02-28,-0.044369,59.23
2022-03-01,-0.010805,58.59
2022-03-02,0.016556,59.56
2022-03-03,-0.032572,57.62
2022-03-04,-0.017876,56.59
2022-03-07,-0.018378,55.55
2022-03-08,-0.012241,54.87
2022-03-09,0.019683,55.95
2022-03-10,-0.019124,54.88
2022-03-11,-0.01312,54.16
2022-03-14,0.001292,54.23
2022-03-15,0.016227,55.11
2022-03-16,0.030666,56.8
2022-03-17,0.008627,57.29
2022-03-18,0.001047,57.35
2022-03-21,-0.006452,56.98
2022-03-22,0.009126,57.5
2022-03-23,-0.02,56.35
2022-03-24,0.001242,56.42
2022-03-25,0.005672,56.74
2022-03-28,-0.014452,55.92
2022-03-29,0.009836,56.47
2022-03-30,-0.026563,54.97
2022-03-31,-0.028561,53.4
2022-04-01,-0.020037,52.33
2022-04-04,0.008981,52.8
2022-04-05,-0.023106,51.58
2022-04-06,-0.020357,50.53
2022-04-07,-0.009895,50.03
2022-04-08,0.01699,50.88
2022-04-11,-0.006486,50.55
2022-04-12,-0.004154,50.34
2022-04-13,-0.003774,50.15
2022-04-14,0.015553,50.93
2022-04-18,0.027096,52.31
2022-04-19,0.011661,52.92
2022-04-20,0.003401,53.1
2022-04-21,-0.008851,52.63
2022-04-22,-0.026601,51.23
2022-04-25,-0.001952,51.13
2022-04-26,-0.017602,50.23
2022-04-27,-0.012542,49.6
2022-04-28,0.008468,50.02
2022-04-29,-0.02599,48.21
2022-05-02,0.010371,48.71
2022-05-03,0.028536,50.1
2022-05-04,0.042515,52.23
2022-05-05,-0.017614,51.31
2022-05-06,0.006042,51.62
2022-05-09,-0.033514,49.89
2022-05-10,-0.02285,48.75
2022-05-11,-0.022359,47.66
2022-05-12,-0.02308,46.56
2022-05-13,0.023196,47.64
2022-05-16,-0.003778,47.46
2022-05-17,0.075643,51.05
2022-05-18,-0.033888,49.32
2022-05-19,0.009327,49.78
2022-05-20,-0.000603,49.75
2022-05-23,0.060704,52.77
2022-05-24,-0.001706,52.68
2022-05-25,0.00038,52.7
2022-05-26,0.026376,54.09
2022-05-27,-0.008689,53.62
2022-05-31,-0.003916,53.41
2022-06-01,-0.019098,52.39
2022-06-02,0.000764,52.43
2022-06-03,-0.02098,51.33
2022-06-06,0.001364,51.4
2022-06-07,0.013619,52.1
2022-06-08,-0.013244,51.41
2022-06-09,-0.02801,49.97
2022-06-10,-0.045227,47.71
2022-06-13,-0.042339,45.69
2022-06-14,0.005909,45.96
2022-06-15,0.035248,47.58
2022-06-16,-0.014502,46.89
2022-06-17,-0.007891,46.52
2022-06-21,0.030954,47.96
2022-06-22,-0.015847,47.2
2022-06-23,-0.018009,46.35
2022-06-24,0.032578,47.86
2022-06-27,-0.000627,47.83
2022-06-28,-0.012963,47.21
2022-06-29,-0.00233,47.1
2022-06-30,-0.023567,45.99
2022-07-01,0.019135,46.87
2022-07-05,-0.005547,46.61
2022-07-06,-0.009869,46.15
2022-07-07,0.016901,46.93
2022-07-08,-0.002344,46.82
2022-07-11,-0.013456,46.19
2022-07-12,-0.001299,46.13
2022-07-13,-0.013657,45.5
2022-07-14,-0.02989,44.14
2022-07-15,0.132306,49.98
2022-07-18,0.001801,50.07
2022-07-19,0.041142,52.13
2022-07-20,0.006138,52.45
2022-07-21,0.002669,52.59
2022-07-22,-0.01293,51.91
2022-07-25,0.004816,52.16
2022-07-26,-0.014571,51.4
2022-07-27,0.018482,52.35
2022-07-28,-0.002292,52.23
2022-07-29,0.003446,51.9
2022-08-01,0.000385,51.92
2022-08-02,-0.022535,50.75
2022-08-03,0.016946,51.61
2022-08-04,-0.006782,51.26
2022-08-05,0.007803,51.66
2022-08-08,-0.003678,51.47
2022-08-09,0.012046,52.09
2022-08-10,0.021117,53.19
2022-08-11,0.015229,54.0
2022-08-12,0.007037,54.38
2022-08-15,-0.005701,54.07
2022-08-16,0.002034,54.18
2022-08-17,-0.007752,53.76
2022-08-18,-0.003906,53.55
2022-08-19,-0.017554,52.61
2022-08-22,-0.025851,51.25
2022-08-23,-0.005854,50.95
2022-08-24,0.001178,51.01
2022-08-25,0.020584,52.06
2022-08-26,-0.043796,49.78
2022-08-29,-0.008236,49.37
2022-08-30,-0.005874,49.08
2022-08-31,-0.005501,48.81
2022-09-01,-0.001229,48.75
2022-09-02,0.001846,48.84
2022-09-06,-0.012695,48.22
2022-09-07,0.008503,48.63
2022-09-08,0.026116,49.9
2022-09-09,0.015431,50.67
2022-09-12,0.003947,50.87
2022-09-13,-0.03676,49.0
2022-09-14,-0.011633,48.43
2022-09-15,0.000206,48.44
2022-09-16,-0.006813,48.11
2022-09-19,0.002702,48.24
2022-09-20,-0.020522,47.25
2022-09-21,-0.019471,46.33
2022-09-22,-0.016188,45.58
2022-09-23,-0.02896,44.26
2022-09-26,-0.028694,42.99
2022-09-27,-0.009305,42.59
2022-09-28,0.019019,43.4
2022-09-29,-0.023272,42.39
2022-09-30,-0.016985,41.67
2022-10-03,0.021358,42.56
2022-10-04,0.043468,44.41
2022-10-05,-0.012835,43.84
2022-10-06,-0.017792,43.06
2022-10-07,-0.020204,42.19
2022-10-10,-0.013984,41.6
2022-10-11,-0.027644,40.45
2022-10-12,0.009642,40.84
2022-10-13,0.051665,42.95
2022-10-14,0.006519,43.23
2022-10-17,0.008328,43.59
2022-10-18,0.012847,44.15
2022-10-19,-0.018347,43.34
2022-10-20,-0.009691,42.92
2022-10-21,0.031221,44.26
2022-10-24,0.003389,44.41
2022-10-25,0.020491,45.32
2022-10-26,0.001986,45.41
2022-10-27,0.000661,45.44
2022-10-28,0.015185,46.13
2022-10-31,-0.005853,45.86
2022-11-01,0.00785,46.22
2022-11-02,-0.014496,45.55
2022-11-03,-0.021295,44.58
2022-11-04,0.023778,45.13
2022-11-07,0.013295,45.73
2022-11-08,0.008528,46.12
2022-11-09,-0.016479,45.36
2022-11-10,0.06746,48.42
2022-11-11,0.036555,50.19
2022-11-14,-0.023311,49.02
2022-11-15,0.000204,49.03
2022-11-16,-0.013461,48.37
2022-11-17,-0.002481,48.25
2022-11-18,0.008497,48.66
2022-11-21,0.004521,48.88
2022-11-22,0.009206,49.33
2022-11-23,-0.022096,48.24
2022-11-25,0.001036,48.29
2022-11-28,-0.021951,47.23
2022-11-29,0.007199,47.57
2022-11-30,0.017658,48.41
2022-12-01,-0.013014,47.78
2022-12-02,-0.011302,47.24
2022-12-05,-0.03387,45.64
2022-12-06,-0.014461,44.98
2022-12-07,-0.006892,44.67
2022-12-08,0.000448,44.69
2022-12-09,0.003804,44.86
2022-12-12,0.020285,45.77
2022-12-13,0.017916,46.59
2022-12-14,-0.013093,45.98
2022-12-15,-0.029578,44.62
2022-12-16,-0.006051,44.35
2022-12-19,-0.00947,43.93
2022-12-20,-0.002732,43.81
2022-12-21,0.022826,44.81
2022-12-22,-0.0183,43.99
2022-12-23,0.006138,44.26
2022-12-27,0.002937,44.39
2022-12-28,0.005181,44.62
2022-12-29,0.012102,45.16
2022-12-30,0.00155,45.23
2023-01-03,0.01216,45.78
2023-01-04,0.025776,46.96
2023-01-05,-0.004472,46.75
2023-01-06,0.011979,47.31
2023-01-09,0.004862,47.54
2023-01-10,0.013673,48.19
2023-01-11,0.010791,48.71
2023-01-12,0.007801,49.09
2023-01-13,0.016908,49.92
2023-01-17,0.007813,50.31
2023-01-18,-0.017492,49.43
2023-01-19,-0.001214,49.37
2023-01-20,0.034839,51.09
2023-01-23,0.01742,51.98
2023-01-24,-0.010773,51.42
2023-01-25,0.009335,51.9
2023-01-26,0.005588,52.19
2023-01-27,-0.006323,51.86
2023-01-30,-0.002121,51.75
2023-01-31,0.009082,52.22
2023-02-01,-0.00134,52.15
2023-02-02,0.001342,52.22
2023-02-03,-0.014554,50.95
2023-02-06,-0.001766,50.86
2023-02-07,0.005309,51.13
2023-02-08,0.000391,51.15
2023-02-09,-0.022874,49.98
2023-02-10,0.002601,50.11
2023-02-13,0.017761,51.0
2023-02-14,0.011961,51.61
2023-02-15,0.004069,51.82
2023-02-16,-0.006947,51.46
2023-02-17,-0.000777,51.42
2023-02-21,-0.030727,49.84
2023-02-22,0.004013,50.04
2023-02-23,0.006795,50.38
2023-02-24,-0.00397,50.18
2023-02-27,0.005779,50.47
2023-02-28,0.004359,50.69
2023-03-01,0.01598,51.5
2023-03-02,-0.001942,51.4
2023-03-03,0.018482,52.35
2023-03-06,-0.003247,52.18
2023-03-07,-0.021081,51.08
2023-03-08,-0.007831,50.68
2023-03-09,-0.041042,48.6
2023-03-10,-0.00535,48.34
2023-03-13,-0.074473,44.74
2023-03-14,0.059455,47.4
2023-03-15,-0.05443,44.82
2023-03-16,0.017849,45.62
2023-03-17,-0.030031,44.25
2023-03-20,-0.003616,44.09
2023-03-21,0.022227,45.07
2023-03-22,-0.030175,43.71
2023-03-23,-0.005948,43.45
2023-03-24,-0.007825,43.11
2023-03-27,0.038738,44.78
2023-03-28,0.009826,45.22
2023-03-29,0.016143,45.95
2023-03-30,0.002612,46.07
2023-03-31,0.017799,46.89
2023-04-03,-0.003839,46.71
2023-04-04,-0.013273,46.09
2023-04-05,-0.006943,45.77
2023-04-06,0.001966,45.86
2023-04-10,0.014392,46.52
2023-04-11,0.014617,47.2
2023-04-12,-0.005932,46.92
2023-04-13,0.008099,47.3
2023-04-14,0.04778,49.56
2023-04-17,0.002623,49.69
2023-04-18,0.007849,50.08
2023-04-19,0.00639,50.4
2023-04-20,-0.019841,49.4
2023-04-21,-0.00749,49.03
2023-04-24,0.0,49.03
2023-04-25,-0.023047,47.9
2023-04-26,-0.021712,46.86
2023-04-27,0.003628,47.03
2023-04-28,0.011695,47.07
2023-05-01,0.003824,47.25
2023-05-02,-0.026455,46.0
2023-05-03,-0.007174,45.67
2023-05-04,-0.01686,44.9
2023-05-05,0.031626,46.32
2023-05-08,0.000864,46.36
2023-05-09,0.003451,46.52
2023-05-10,-0.003224,46.37
2023-05-11,-0.007332,46.03
2023-05-12,-0.0126,45.45
2023-05-15,0.013201,46.05
2023-05-16,-0.016721,45.28
2023-05-17,0.039753,47.08
2023-05-18,-0.014656,46.39
2023-05-19,-0.014658,45.71
2023-05-22,0.00175,45.79
2023-05-23,0.002621,45.91
2023-05-24,-0.03093,44.49
2023-05-25,-0.005844,44.23
2023-05-26,0.008365,44.6
2023-05-30,0.002242,44.7
2023-05-31,-0.008501,44.32
2023-06-01,0.011733,44.84
2023-06-02,0.033006,46.32
2023-06-05,-0.001727,46.24
2023-06-06,0.021194,47.22
2023-06-07,0.01673,48.01
2023-06-08,0.001875,48.1
2023-06-09,0.004158,48.3
2023-06-12,0.003106,48.45
2023-06-13,0.004954,48.69
2023-06-14,-0.009242,48.24
2023-06-15,0.006633,48.56
2023-06-16,-0.00762,48.19
2023-06-20,-0.012036,47.61
2023-06-21,-0.004201,47.41
2023-06-22,-0.016452,46.63
2023-06-23,-0.013082,46.02
2023-06-26,0.004781,46.24
2023-06-27,0.00346,46.4
2023-06-28,-0.003664,46.23
2023-06-29,0.001298,46.29
2023-06-30,-0.005401,46.04
2023-07-03,0.015204,46.74
2023-07-05,0.001284,46.8
2023-07-06,-0.030342,45.38
2023-07-07,0.007933,45.74
2023-07-10,-0.00153,45.67
2023-07-11,0.018831,46.53
2023-07-12,0.018268,47.38
2023-07-13,0.006332,47.68
2023-07-14,-0.040478,45.75
2023-07-17,0.011148,46.26
2023-07-18,0.016429,47.02
2023-07-19,0.010634,47.52
2023-07-20,-0.002315,47.41
2023-07-21,-0.007593,47.05
2023-07-24,0.012965,47.66
2023-07-25,-0.01196,47.09
2023-07-26,0.008494,47.49
2023-07-27,0.008212,47.88
2023-07-28,-0.009816,47.41
2023-07-31,0.005273,47.66
2023-08-01,-0.012379,47.07
2023-08-02,-0.016146,46.31
2023-08-03,-0.002159,46.21
2023-08-04,0.000649,45.71
2023-08-07,0.002625,45.83
2023-08-08,-0.014619,45.16
2023-08-09,-0.015943,44.44
2023-08-10,-0.00225,44.34
2023-08-11,0.005187,44.57
2023-08-14,-0.010545,44.1
2023-08-15,-0.020181,43.21
2023-08-16,-0.013191,42.64
2023-08-17,-0.004221,42.46
2023-08-18,-0.004946,42.25
2023-08-21,-0.00426,42.07
2023-08-22,-0.024958,41.02
2023-08-23,0.001463,41.08
2023-08-24,0.0,41.08
2023-08-25,0.003895,41.24
2023-08-28,0.00194,41.32
2023-08-29,0.009681,41.72
2023-08-30,-0.008389,41.37
2023-08-31,-0.001934,41.29
2023-09-01,0.007266,41.59
2023-09-05,-0.00553,41.36
2023-09-06,0.000242,41.37
2023-09-07,-0.01547,40.73
2023-09-08,-0.003437,40.59
2023-09-11,0.0,40.59
2023-09-12,0.026854,41.68
2023-09-13,0.016555,42.37
2023-09-14,0.018173,43.14
2023-09-15,-0.009968,42.71
2023-09-18,-0.001639,42.64
2023-09-19,0.000938,42.68
2023-09-20,-0.008903,42.3
2023-09-21,-0.013948,41.71
2023-09-22,-0.01894,40.92
2023-09-25,0.002444,41.02
2023-09-26,-0.019503,40.22
2023-09-27,0.005967,40.46
2023-09-28,0.01829,41.2
2023-09-29,-0.001699,41.13
2023-10-02,-0.015317,40.5
2023-10-03,-0.015803,39.86
2023-10-04,-0.001254,39.81
2023-10-05,0.001758,39.88
2023-10-06,0.017302,40.57
2023-10-09,0.00419,40.74
2023-10-10,0.017182,41.44
2023-10-11,0.002172,41.53
2023-10-12,0.0,41.53
2023-10-13,-0.002408,41.43
2023-10-16,-0.011586,40.95
2023-10-17,0.006105,41.2
2023-10-18,-0.017718,40.47
2023-10-19,-0.010131,40.06
2023-10-20,-0.009486,39.68
2023-10-23,-0.019909,38.89
2023-10-24,0.001029,38.93
2023-10-25,-0.00822,38.61
2023-10-26,0.018907,39.34
2023-10-27,-0.027961,38.24
2023-10-30,0.018044,38.93
2023-10-31,0.014385,39.49
2023-11-01,0.002785,39.6
2023-11-02,0.044192,41.35
2023-11-03,0.034825,42.26
2023-11-06,-0.005206,42.04
2023-11-07,-0.001903,41.96
2023-11-08,-0.003337,41.82
2023-11-09,-0.007652,41.5
2023-11-10,0.013976,42.08
2023-11-13,0.014734,42.7
2023-11-14,0.038876,44.36
2023-11-15,0.011722,44.88
2023-11-16,-0.004679,44.67
2023-11-17,0.015447,45.36
2023-11-20,-0.002205,45.26
2023-11-21,-0.003756,45.09
2023-11-22,-0.001552,45.02
2023-11-24,0.004665,45.23
2023-11-27,-0.003316,45.08
2023-11-28,-0.00488,44.86
2023-11-29,0.01984,45.75
2023-11-30,0.00765,46.1
2023-12-01,0.024512,47.23
2023-12-04,0.002964,47.37
2023-12-05,-0.014144,46.7
2023-12-06,0.024839,47.86
2023-12-07,0.013372,48.5
2023-12-08,0.008041,48.89
2023-12-11,-0.015136,48.15
2023-12-12,-0.001869,48.06
2023-12-13,0.026633,49.34
2023-12-14,0.018241,50.24
2023-12-15,-0.008161,49.83
2023-12-18,-0.003412,49.66
2023-12-19,0.025574,50.93
2023-12-20,-0.016886,50.07
2023-12-21,0.010585,50.6
2023-12-22,0.005138,50.86
2023-12-26,0.009438,51.34
2023-12-27,0.002337,51.46
2023-12-28,0.001166,51.52
2023-12-29,-0.001553,51.44
