date,daily_return,price
1999-06-04,-0.004664,533.5
1999-06-07,0.021556,545.0
1999-06-08,-0.00711,541.125
1999-06-09,0.007161,545.0
1999-06-10,0.01789,554.75
1999-06-11,-0.012168,548.0
1999-06-14,0.004562,550.5
1999-06-15,-0.02089,539.0
1999-06-16,0.003015,540.625
1999-06-17,0.017341,550.0
1999-06-18,-0.01,544.5
1999-06-21,0.010101,550.0
1999-06-22,0.007273,554.0
1999-06-23,-0.00361,552.0
1999-06-24,-0.002717,550.5
1999-06-25,0.000454,550.75
1999-06-28,0.005901,554.0
1999-06-29,0.000903,554.5
1999-06-30,-0.008115,550.0
1999-07-01,0.006364,553.5
1999-07-02,0.009937,559.0
1999-07-06,-0.009839,553.5
1999-07-07,0.011292,559.75
1999-07-08,0.012171,566.5625
1999-07-09,-0.006729,562.75
1999-07-12,-0.017326,553.0
1999-07-13,0.001808,554.0
1999-07-14,-0.01444,546.0
1999-07-15,0.003205,547.75
1999-07-16,-0.002282,546.5
1999-07-19,-0.000915,546.0
1999-07-20,-0.001832,545.0
1999-07-21,0.005046,547.75
1999-07-22,-0.018485,537.625
1999-07-23,0.0,537.625
1999-07-26,-0.00279,536.125
1999-07-27,0.000233,536.25
1999-07-28,-0.004662,533.75
1999-07-29,-0.000468,533.5
1999-07-30,0.011247,539.5
1999-08-02,-0.019463,529.0
1999-08-03,-0.011342,523.0
1999-08-04,-0.00239,521.75
1999-08-05,-0.024916,508.75
1999-08-06,-0.046683,485.0
1999-08-09,0.016495,493.0
1999-08-10,-0.006085,490.0
1999-08-11,-0.004464,487.8125
1999-08-12,0.002947,489.25
1999-08-13,-0.027082,476.0
1999-08-16,0.015756,483.5
1999-08-17,0.016546,491.5
1999-08-18,-0.002035,490.5
1999-08-19,-0.003058,489.0
1999-08-20,-0.010225,484.0
1999-08-23,0.002066,485.0
1999-08-24,0.029897,499.5
1999-08-25,-0.027027,486.0
1999-08-26,-0.011317,480.5
1999-08-27,-0.022373,469.75
1999-08-30,0.008515,472.5
1999-08-31,-0.017989,464.0
1999-09-01,-0.004849,461.75
1999-09-02,0.000541,462.0
1999-09-03,0.004194,463.9375
1999-09-07,-0.008487,460.0
1999-09-08,0.0,460.0
1999-09-09,-0.020109,450.75
1999-09-10,0.004992,453.0
1999-09-13,0.006898,456.125
1999-09-14,-0.006851,453.0
1999-09-15,0.002208,454.0
1999-09-16,-0.008811,450.0
1999-09-17,-0.000278,449.875
1999-09-20,-0.028619,437.0
1999-09-21,-0.017163,429.5
1999-09-22,0.0,429.5
1999-09-23,-0.015134,423.0
1999-09-24,0.040189,440.0
1999-09-27,0.022727,450.0
1999-09-28,-0.016111,442.75
1999-09-29,0.016657,450.125
1999-09-30,0.019717,459.0
1999-10-01,-0.005447,456.5
1999-10-04,0.007119,459.75
1999-10-05,0.013866,466.125
1999-10-06,0.016895,474.0
1999-10-07,-0.010417,469.0625
1999-10-08,-0.008661,465.0
1999-10-11,0.036559,482.0
1999-10-12,-0.00778,478.25
1999-10-13,-0.006796,475.0
1999-10-14,-0.034737,458.5
1999-10-15,-0.014722,451.75
1999-10-18,-0.004981,449.5
1999-10-19,0.007786,453.0
1999-10-20,0.001656,453.75
1999-10-21,0.00854,457.625
1999-10-22,0.00519,460.0
1999-10-25,-0.011957,454.5
1999-10-26,0.020902,464.0
1999-10-27,0.017241,472.0
1999-10-28,0.056144,498.5
1999-10-29,-0.006018,495.5
1999-11-01,-0.001009,495.0
1999-11-02,0.010101,500.0
1999-11-03,-0.003,498.5
1999-11-04,-0.001505,497.75
1999-11-05,-0.01557,490.0
1999-11-08,0.0,490.0
1999-11-09,0.0,490.0
1999-11-10,0.0,490.0
1999-11-11,-0.002041,489.0
1999-11-12,0.009202,493.5
1999-11-15,0.013171,500.0
1999-11-16,-0.007,496.5
1999-11-17,-0.012966,490.0625
1999-11-18,0.008545,494.25
1999-11-19,-0.004805,491.875
1999-11-22,-0.022363,480.875
1999-11-23,-0.024695,469.0
1999-11-24,0.006397,472.0
1999-11-26,-0.001986,471.0625
1999-11-29,-0.016585,462.0
1999-11-30,0.017316,470.0
1999-12-01,-0.004255,468.0
1999-12-02,-0.01015,463.25
1999-12-03,0.001079,463.75
1999-12-06,-0.029111,450.25
1999-12-07,-0.020544,441.0
1999-12-08,-0.029479,428.0
1999-12-09,-0.007009,425.0
1999-12-10,0.028088,436.9375
1999-12-13,-0.006294,434.1875
1999-12-14,-0.009644,430.0
1999-12-15,-0.012645,424.5625
1999-12-16,-0.004858,422.5
1999-12-17,-0.007101,419.5
1999-12-20,0.00149,420.125
1999-12-21,-0.006248,417.5
1999-12-22,0.011976,422.5
1999-12-23,-0.010651,418.0
1999-12-27,-0.008672,414.375
1999-12-28,-0.010558,410.0
1999-12-29,0.007317,413.0
1999-12-30,0.002421,414.0
1999-12-31,0.000604,414.25
2000-01-03,-0.018558,406.5625
2000-01-04,-0.032129,393.5
2000-01-05,0.004447,395.25
2000-01-06,0.011702,399.875
2000-01-07,0.017818,407.0
2000-01-10,0.000614,407.25
2000-01-11,-0.029466,395.25
2000-01-12,0.011702,399.875
2000-01-13,0.025946,410.25
2000-01-14,0.024375,420.25
2000-01-18,-0.000595,420.0
2000-01-19,-0.019048,412.0
2000-01-20,-0.007888,408.75
2000-01-21,0.007492,411.8125
2000-01-24,-0.016543,405.0
2000-01-25,0.0,405.0
2000-01-26,0.035803,419.5
2000-01-27,0.001192,420.0
2000-01-28,-0.032143,406.5
2000-01-31,0.01107,411.0
2000-02-01,-0.023114,401.5
2000-02-02,0.006227,404.0
2000-02-03,-0.009437,400.1875
2000-02-04,0.01265,405.25
2000-02-07,-0.007403,402.25
2000-02-08,0.003108,403.5
2000-02-09,-0.005886,401.125
2000-02-10,-0.000312,401.0
2000-02-11,-0.002494,400.0
2000-02-14,0.0,400.0
2000-02-15,-0.02,392.0
2000-02-16,-0.008929,388.5
2000-02-17,-0.009653,384.75
2000-02-18,-0.022742,376.0
2000-02-22,-0.010638,372.0
2000-02-23,-0.010753,368.0
2000-02-24,0.004076,369.5
2000-02-25,-0.000507,369.3125
2000-02-28,-0.001692,367.4375
2000-02-29,0.004252,369.0
2000-03-01,0.002541,369.9375
2000-03-02,0.000169,370.0
2000-03-03,0.0,370.0
2000-03-06,0.013514,375.0
2000-03-07,-0.018667,368.0
2000-03-08,-0.01087,364.0
2000-03-09,0.012363,368.5
2000-03-10,0.014247,373.75
2000-03-13,0.020401,381.375
2000-03-14,0.0059,383.625
2000-03-15,0.025741,393.5
2000-03-16,0.07878,424.5
2000-03-17,0.05904,449.5625
2000-03-20,-0.025859,437.9375
2000-03-21,-0.002141,437.0
2000-03-22,0.014874,443.5
2000-03-23,-0.011838,438.25
2000-03-24,0.023959,448.75
2000-03-27,-0.008357,445.0
2000-03-28,-0.00618,442.25
2000-03-29,0.017241,449.875
2000-03-30,-0.014171,443.5
2000-03-31,0.006764,446.5
2000-04-03,0.043673,466.0
2000-04-04,-0.008315,462.125
2000-04-05,-0.015418,455.0
2000-04-06,0.002198,456.0
2000-04-07,-0.020833,446.5
2000-04-10,-0.015538,439.5625
2000-04-11,0.041945,458.0
2000-04-12,0.004367,460.0
2000-04-13,0.016712,467.6875
2000-04-14,-0.039957,449.0
2000-04-17,-0.03118,435.0
2000-04-18,0.027586,447.0
2000-04-19,-0.02335,436.5625
2000-04-20,0.01947,445.0625
2000-04-24,0.002949,446.375
2000-04-25,0.011621,451.5625
2000-04-26,-0.036678,435.0
2000-04-27,0.002299,436.0
2000-04-28,0.007454,439.25
2000-05-01,-0.002846,438.0
2000-05-02,-0.003425,436.5
2000-05-03,-0.02205,426.875
2000-05-04,-0.001903,426.0625
2000-05-05,0.032419,439.875
2000-05-08,-0.026286,428.3125
2000-05-09,-0.014884,421.9375
2000-05-10,-0.038661,405.625
2000-05-11,0.007088,408.5
2000-05-12,0.011322,413.125
2000-05-15,0.00938,417.0
2000-05-16,-0.004796,415.0
2000-05-17,-0.033886,400.9375
2000-05-18,0.010912,405.3125
2000-05-19,-0.01249,400.25
2000-05-22,0.024516,410.0625
2000-05-23,0.029111,422.0
2000-05-24,0.033768,436.25
2000-05-25,0.009885,440.5625
2000-05-26,0.003263,442.0
2000-05-30,0.023756,451.25
2000-05-31,-0.041551,432.5
2000-06-01,0.050867,454.5
2000-06-02,0.045105,475.0
2000-06-05,-0.010526,470.0
2000-06-06,-0.019149,461.0
2000-06-07,-0.002169,460.0
2000-06-08,-0.007609,456.5
2000-06-09,-0.027382,444.0
2000-06-12,0.011402,449.0625
2000-06-13,0.00334,450.5625
2000-06-14,0.001526,451.25
2000-06-15,-0.00277,450.0
2000-06-16,-0.02625,438.1875
2000-06-19,0.008415,441.875
2000-06-20,-0.011174,436.9375
2000-06-21,-0.012874,431.3125
2000-06-22,0.005651,433.75
2000-06-23,0.01902,442.0
2000-06-26,0.004525,444.0
2000-06-27,-0.005912,441.375
2000-06-28,0.008213,445.0
2000-06-29,0.012219,450.4375
2000-06-30,-0.000971,450.0
2000-07-03,0.0,450.0
2000-07-05,0.002222,451.0
2000-07-06,-0.00194,450.125
2000-07-07,0.019717,459.0
2000-07-10,-0.007081,455.75
2000-07-11,0.032501,470.5625
2000-07-12,0.007305,474.0
2000-07-13,0.025317,486.0
2000-07-14,-0.016461,478.0
2000-07-17,0.019875,487.5
2000-07-18,0.004744,489.8125
2000-07-19,-0.034835,472.75
2000-07-20,0.022739,483.5
2000-07-21,-0.017322,475.125
2000-07-24,0.002894,476.5
2000-07-25,0.001049,477.0
2000-07-26,-0.004717,474.75
2000-07-27,-0.016324,467.0
2000-07-28,0.006692,470.125
2000-07-31,0.004919,472.4375
2000-08-01,0.007805,476.125
2000-08-02,-0.006563,473.0
2000-08-03,0.033298,488.75
2000-08-04,0.013811,495.5
2000-08-07,-0.005172,492.9375
2000-08-08,-0.009256,488.375
2000-08-09,-0.005503,485.6875
2000-08-10,0.038476,504.375
2000-08-11,-0.005204,501.75
2000-08-14,0.005605,504.5625
2000-08-15,-0.003097,503.0
2000-08-16,-0.020875,492.5
2000-08-17,-0.014467,485.375
2000-08-18,-0.001416,484.6875
2000-08-21,-0.008124,480.75
2000-08-22,0.00312,482.25
2000-08-23,-0.006221,479.25
2000-08-24,-0.009259,474.8125
2000-08-25,0.006713,478.0
2000-08-28,0.007845,481.75
2000-08-29,0.012714,487.875
2000-08-30,-0.008967,482.25
2000-08-31,0.005054,484.6875
2000-09-01,0.003224,486.25
2000-09-05,0.002057,487.25
2000-09-06,0.00372,489.0625
2000-09-07,0.056102,516.5
2000-09-08,-0.006776,513.0
2000-09-11,-0.008041,508.875
2000-09-12,0.001719,509.75
2000-09-13,0.00613,512.875
2000-09-14,0.013892,520.0
2000-09-15,0.004808,522.5
2000-09-18,-0.044976,499.0
2000-09-19,0.012024,505.0
2000-09-20,0.009901,510.0
2000-09-21,-0.029412,495.0
2000-09-22,-0.005808,492.125
2000-09-25,0.004826,494.5
2000-09-26,0.011143,500.01001
2000-09-27,0.0042,502.10999
2000-09-28,0.03563,520.0
2000-09-29,-0.019231,510.0
2000-10-02,0.011745,515.98999
2000-10-03,0.017462,525.0
2000-10-04,-0.012571,518.40002
2000-10-05,0.005015,521.0
2000-10-06,-0.015355,51.3
2000-10-09,-0.002924,51.15
2000-10-10,-0.007625,50.76
2000-10-11,-0.056344,47.9
2000-10-12,-0.006263,47.6
2000-10-13,0.02521,48.8
2000-10-16,-0.006352,48.49
2000-10-17,-0.00495,48.25
2000-10-18,-0.011606,47.69
2000-10-19,0.004404,47.9
2000-10-20,0.005428,48.16
2000-10-23,-0.005399,47.9
2000-10-24,0.01357,48.55
2000-10-25,0.037075,50.35
2000-10-26,-0.016882,49.5
2000-10-27,0.013131,50.15
2000-10-30,-0.002991,50.0
2000-10-31,0.004,50.2
2000-11-01,0.040837,52.25
2000-11-02,-0.000897,52.20313
2000-11-03,-0.002095,52.09375
2000-11-06,-0.0018,52.0
2000-11-07,0.0,52.0
2000-11-08,0.003005,52.15625
2000-11-09,-0.002996,52.0
2000-11-10,-0.000901,51.95313
2000-11-13,-0.022256,50.79688
2000-11-14,-0.000923,50.75
2000-11-15,-0.003079,50.59375
2000-11-16,0.0,50.59375
2000-11-17,-0.02656,49.25
2000-11-20,0.008249,49.65625
2000-11-21,0.005035,49.90625
2000-11-22,-0.006262,49.59375
2000-11-24,-0.001575,49.51563
2000-11-27,-0.00284,49.375
2000-11-28,0.103797,54.5
2000-11-29,0.004874,54.51563
2000-11-30,0.004586,54.76563
2000-12-01,0.015235,55.6
2000-12-04,0.006295,55.95
2000-12-05,0.027882,57.51
2000-12-06,0.018084,58.55
2000-12-07,0.023057,59.9
2000-12-08,0.046745,62.7
2000-12-11,-0.006539,62.29
2000-12-12,-0.028737,60.5
2000-12-13,-0.010744,59.85
2000-12-14,0.001838,59.96
2000-12-15,0.001334,60.04
2000-12-18,0.020986,61.3
2000-12-19,0.034258,63.4
2000-12-20,0.006309,63.8
2000-12-21,0.003135,64.0
2000-12-22,0.007813,64.5
2000-12-26,0.004806,64.81
2000-12-27,0.021447,66.2
2000-12-28,0.02719,68.0
2000-12-29,0.0,68.0
2001-01-02,-0.046471,64.84
2001-01-03,0.010179,65.5
2001-01-04,-0.006107,65.1
2001-01-05,-0.029186,63.2
2001-01-08,0.037975,65.6
2001-01-09,-0.019817,64.3
2001-01-10,0.010109,64.95
2001-01-11,0.016166,66.0
2001-01-12,-0.002273,65.85
2001-01-16,-0.000759,65.8
2001-01-17,-0.01079,65.09
2001-01-18,0.002458,65.25
2001-01-19,-0.009962,64.6
2001-01-22,0.0,64.6
2001-01-23,0.0,64.6
2001-01-24,0.004489,64.89
2001-01-25,0.00524,65.23
2001-01-26,0.031121,67.26
2001-01-29,0.011002,68.0
2001-01-30,0.001618,68.11
2001-01-31,0.00279,68.3
2001-02-01,-0.006003,67.89
2001-02-02,-0.012815,67.02
2001-02-05,0.026559,68.8
2001-02-06,-0.007267,68.3
2001-02-07,0.014788,69.31
2001-02-08,-0.001443,69.21
2001-02-09,0.002023,69.35
2001-02-12,0.002163,69.5
2001-02-13,-0.001439,69.4
2001-02-14,-0.001009,69.33
2001-02-15,0.002452,69.5
2001-02-16,-0.005036,69.15
2001-02-20,-0.012148,68.31
2001-02-21,-0.003513,68.07
2001-02-22,-0.003673,67.82
2001-02-23,-0.003539,67.33
2001-02-26,0.023318,68.9
2001-02-27,-0.007983,68.35
2001-02-28,0.002195,68.5
2001-03-01,-0.014745,67.49
2001-03-02,0.016447,68.6
2001-03-05,-0.009038,67.98
2001-03-06,0.011327,68.75
2001-03-07,0.014691,69.76
2001-03-08,-0.004731,69.43
2001-03-09,-0.014115,68.45
2001-03-12,-0.022498,66.91
2001-03-13,0.013003,67.78
2001-03-14,-0.021983,66.29
2001-03-15,0.025796,68.0
2001-03-16,-0.024118,66.36
2001-03-19,0.00437,66.65
2001-03-20,-0.006752,66.2
2001-03-21,-0.037764,63.7
2001-03-22,-0.040973,61.09
2001-03-23,0.038959,63.47
2001-03-26,0.019537,64.71
2001-03-27,0.048524,67.85
2001-03-28,-0.005158,67.5
2001-03-29,0.003407,67.73
2001-03-30,0.032039,69.9
2001-04-02,-0.005007,69.55
2001-04-03,-0.013659,68.6
2001-04-04,-0.024781,66.9
2001-04-05,0.03139,69.0
2001-04-06,-0.015217,67.95
2001-04-09,0.003679,68.2
2001-04-10,0.014809,69.21
2001-04-11,0.00997,69.9
2001-04-12,0.005007,70.25
2001-04-16,-0.001993,70.11
2001-04-17,0.001284,70.2
2001-04-18,0.016809,71.38
2001-04-19,0.004343,71.69
2001-04-20,-0.015204,70.6
2001-04-23,0.000425,70.63
2001-04-24,0.006654,71.1
2001-04-25,-0.001406,71.0
2001-04-26,0.000141,71.01
2001-04-27,0.009717,71.7
2001-04-30,-0.002092,71.55
2001-05-01,0.002376,71.72
2001-05-02,0.005298,72.1
2001-05-03,-0.004993,71.74
2001-05-04,0.0046,72.07
2001-05-07,-0.000971,72.0
2001-05-08,-0.002917,71.79
2001-05-09,-0.003343,71.55
2001-05-10,0.002236,71.71
2001-05-11,-0.006415,71.25
2001-05-14,0.004211,71.55
2001-05-15,0.002096,71.7
2001-05-16,0.011297,72.51
2001-05-17,-0.003034,72.29
2001-05-18,-0.004012,72.0
2001-05-21,0.017361,73.25
2001-05-22,0.0157,74.4
2001-05-23,-0.00121,74.31
2001-05-24,0.002961,74.53
2001-05-25,0.005233,74.92
2001-05-29,0.001201,75.01
2001-05-30,0.009865,75.5
2001-05-31,0.000662,75.55
2001-06-01,0.008603,76.2
2001-06-04,0.010368,76.99
2001-06-05,0.004027,77.3
2001-06-06,-0.015265,76.12
2001-06-07,-0.001445,76.01
2001-06-08,0.0025,76.2
2001-06-11,-0.004462,75.86
2001-06-12,-0.012655,74.9
2001-06-13,0.001602,75.02
2001-06-14,-0.002266,74.85
2001-06-15,0.005344,75.25
2001-06-18,-0.001462,75.14
2001-06-19,0.007586,75.71
2001-06-20,0.025624,77.65
2001-06-21,0.010303,78.45
2001-06-22,-0.005991,77.98
2001-06-25,-0.022185,76.25
2001-06-26,0.014426,77.35
2001-06-27,0.00724,77.91
2001-06-28,-0.00077,77.85
2001-06-29,-0.030186,75.5
2001-07-02,0.02649,77.5
2001-07-03,0.004516,77.85
2001-07-05,-0.00578,77.4
2001-07-06,-0.011628,76.5
2001-07-09,-0.00183,76.36
2001-07-10,-0.009298,75.65
2001-07-11,0.015863,76.85
2001-07-12,0.02134,78.49
2001-07-13,0.009046,79.2
2001-07-16,-0.014899,78.02
2001-07-17,0.009613,78.77
2001-07-18,0.018662,80.24
2001-07-19,0.008225,80.9
2001-07-20,0.004079,81.23
2001-07-23,-0.018097,79.76
2001-07-24,-0.009403,79.01
2001-07-25,-0.001899,78.86
2001-07-26,0.016865,80.19
2001-07-27,0.000125,80.2
2001-07-30,-0.004987,79.8
2001-07-31,0.008772,80.5
2001-08-01,0.008199,81.16
2001-08-02,-0.001479,81.04
2001-08-03,-0.001111,80.95
2001-08-06,-0.004941,80.55
2001-08-07,-0.005462,80.11
2001-08-08,-0.008239,79.45
2001-08-09,0.003524,79.73
2001-08-10,0.002132,79.9
2001-08-13,0.003129,80.15
2001-08-14,0.001248,80.25
2001-08-15,0.001246,80.35
2001-08-16,0.002489,80.55
2001-08-17,-0.000373,80.52
2001-08-20,-0.00149,80.4
2001-08-21,-0.002114,80.23
2001-08-22,-0.003365,79.96
2001-08-23,0.001751,80.1
2001-08-24,-0.032085,77.53
2001-08-27,-0.022314,75.8
2001-08-28,-0.009235,75.1
2001-08-29,-0.019973,73.6
2001-08-30,-0.004076,73.05
2001-08-31,-0.005476,72.65
2001-09-04,0.006194,73.1
2001-09-05,-0.005472,72.7
2001-09-06,-0.016231,71.52
2001-09-07,-0.032578,69.19
2001-09-10,-0.005781,68.79
2001-09-17,-0.042012,65.9
2001-09-18,0.01912,67.16
2001-09-19,0.017123,68.31
2001-09-20,-0.038208,65.7
2001-09-21,-0.011416,64.95
2001-09-24,0.053734,68.44
2001-09-25,0.02893,70.42
2001-09-26,0.012497,71.3
2001-09-27,0.059607,75.55
2001-09-28,-0.020516,74.0
2001-10-01,-0.011757,73.13
2001-10-02,0.007384,73.67
2001-10-03,-0.014253,72.62
2001-10-04,-0.018728,71.26
2001-10-05,-0.02105,69.76
2001-10-08,-0.023796,68.1
2001-10-09,0.01674,69.24
2001-10-10,-0.010687,68.5
2001-10-11,0.007153,68.99
2001-10-12,-0.007102,68.5
2001-10-15,-0.001168,68.42
2001-10-16,0.001169,68.5
2001-10-17,-0.013139,67.6
2001-10-18,-0.005177,67.25
2001-10-19,0.006691,67.7
2001-10-22,0.0,67.7
2001-10-23,0.01034,68.4
2001-10-24,0.001023,68.47
2001-10-25,-0.001022,68.4
2001-10-26,0.00117,68.48
2001-10-29,-0.030374,66.4
2001-10-30,-0.007831,65.88
2001-10-31,-0.005768,65.5
2001-11-01,0.002137,65.64
2001-11-02,0.00518,65.98
2001-11-05,0.020006,67.3
2001-11-06,0.018574,68.55
2001-11-07,0.000729,68.6
2001-11-08,0.019679,69.95
2001-11-09,-0.004718,69.62
2001-11-12,-0.000144,69.61
2001-11-13,0.014222,70.6
2001-11-14,0.005666,71.0
2001-11-15,-0.001549,70.89
2001-11-16,-0.006912,70.4
2001-11-19,0.006392,70.85
2001-11-20,-0.002117,70.7
2001-11-21,-0.000141,70.69
2001-11-23,0.007073,71.19
2001-11-26,0.011378,72.0
2001-11-27,0.0,72.0
2001-11-28,-0.007639,71.45
2001-11-29,0.012596,72.1
2001-11-30,-0.022191,70.5
2001-12-03,-0.004255,70.2
2001-12-04,0.024786,71.94
2001-12-05,0.009035,72.59
2001-12-06,0.001515,72.7
2001-12-07,0.009078,73.36
2001-12-10,-0.006952,72.85
2001-12-11,0.010295,73.6
2001-12-12,-0.005435,73.2
2001-12-13,-0.026639,71.25
2001-12-14,0.009825,71.95
2001-12-17,0.007644,72.5
2001-12-18,0.017655,73.78
2001-12-19,-0.010572,73.0
2001-12-20,0.00411,73.3
2001-12-21,-0.006821,72.8
2001-12-24,0.003297,73.04
2001-12-26,-0.000548,73.0
2001-12-27,0.008219,73.6
2001-12-28,0.01087,74.4
2001-12-31,-0.020833,72.85
2002-01-02,-0.00604,72.41
2002-01-03,0.009529,73.1
2002-01-04,0.020794,74.62
2002-01-07,0.00201,74.77
2002-01-08,-0.009095,74.09
2002-01-09,-0.00135,73.99
2002-01-10,0.025814,75.9
2002-01-11,-0.017918,74.54
2002-01-14,-0.010062,73.79
2002-01-15,0.02724,75.8
2002-01-16,-0.012533,74.85
2002-01-17,0.005611,75.27
2002-01-18,0.00186,75.41
2002-01-22,0.006896,75.93
2002-01-23,0.006848,76.45
2002-01-24,0.002747,76.66
2002-01-25,0.001043,76.74
2002-01-28,0.007949,77.35
2002-01-29,-0.030381,75.0
2002-01-30,0.006533,75.49
2002-01-31,-0.006491,75.0
2002-02-01,0.010933,75.82
2002-02-04,-0.014772,74.7
2002-02-05,-0.002945,74.48
2002-02-06,-0.017857,73.15
2002-02-07,-0.001367,73.05
2002-02-08,0.014237,74.09
2002-02-11,0.011338,74.93
2002-02-12,0.000267,74.95
2002-02-13,0.007472,75.51
2002-02-14,0.002516,75.7
2002-02-15,-0.001981,75.55
2002-02-19,-0.013633,74.52
2002-02-20,0.004965,74.89
2002-02-21,-0.003338,74.64
2002-02-22,0.003215,74.88
2002-02-25,0.009081,75.56
2002-02-26,0.011117,76.15
2002-02-27,0.000657,76.2
2002-02-28,0.003937,76.5
2002-03-01,0.012026,77.42
2002-03-04,0.010721,78.25
2002-03-05,0.002556,78.45
2002-03-06,0.015934,79.7
2002-03-07,-0.01054,78.86
2002-03-08,0.001775,79.0
2002-03-11,0.008354,79.66
2002-03-12,0.008034,80.3
2002-03-13,-0.001121,80.21
2002-03-14,0.009724,80.99
2002-03-15,0.007285,81.58
2002-03-18,0.002697,81.8
2002-03-19,0.001711,81.94
2002-03-20,-0.007811,81.3
2002-03-21,-0.005043,80.89
2002-03-22,0.004574,81.26
2002-03-25,-0.0032,81.0
2002-03-26,-0.004321,80.65
2002-03-27,0.006448,81.17
2002-03-28,-0.009856,80.37
2002-04-01,0.007714,80.99
2002-04-02,0.005803,81.46
2002-04-03,-0.012767,80.42
2002-04-04,0.001617,80.55
2002-04-05,0.006828,81.1
2002-04-08,0.009864,81.9
2002-04-09,0.009768,82.7
2002-04-10,0.010883,83.6
2002-04-11,-0.016627,82.21
2002-04-12,0.016421,83.56
2002-04-15,-0.001316,83.45
2002-04-16,0.003475,83.74
2002-04-17,0.007165,84.34
2002-04-18,0.002846,84.58
2002-04-19,-0.000355,84.55
2002-04-22,-0.005914,84.05
2002-04-23,-0.000357,84.02
2002-04-24,0.000952,84.1
2002-04-25,0.005351,84.55
2002-04-26,0.0,84.55
2002-04-29,-0.001419,84.43
2002-04-30,0.011252,85.38
2002-05-01,0.009604,86.2
2002-05-02,0.013921,87.4
2002-05-03,-0.002632,87.17
2002-05-06,-0.004474,86.78
2002-05-07,0.005877,87.29
2002-05-08,-0.005843,86.78
2002-05-09,-0.011178,85.81
2002-05-10,-0.006526,85.25
2002-05-13,0.014076,86.45
2002-05-14,0.026027,88.7
2002-05-15,0.001691,88.85
2002-05-16,0.007991,89.56
2002-05-17,0.004243,89.94
2002-05-20,-0.011786,88.88
2002-05-21,0.001575,89.02
2002-05-22,-0.015952,87.6
2002-05-23,0.004566,88.0
2002-05-24,-0.0075,87.34
2002-05-28,-0.006526,86.77
2002-05-29,0.006108,87.3
2002-05-30,0.001718,87.2
2002-05-31,-0.000344,87.17
2002-06-03,-0.015143,85.85
2002-06-04,-0.013046,84.73
2002-06-05,0.003187,85.0
2002-06-06,-0.027529,82.66
2002-06-07,0.004113,83.0
2002-06-10,0.006627,83.55
2002-06-11,-0.004069,83.21
2002-06-12,0.001322,83.32
2002-06-13,-0.016923,81.91
2002-06-14,0.008424,82.6
2002-06-17,0.04431,86.26
2002-06-18,0.000696,86.32
2002-06-19,-0.000811,86.25
2002-06-20,-0.005913,85.74
2002-06-21,-0.000233,85.72
2002-06-24,-0.016099,84.34
2002-06-25,0.003913,84.67
2002-06-26,-0.010748,83.76
2002-06-27,0.01958,85.4
2002-06-28,0.004215,85.76
2002-07-01,-0.011777,84.75
2002-07-02,-0.00885,84.0
2002-07-03,-0.022738,82.09
2002-07-05,0.021805,83.88
2002-07-08,0.010372,84.75
2002-07-09,-0.00413,84.4
2002-07-10,-0.018957,82.8
2002-07-11,0.003019,83.05
2002-07-12,-0.015172,81.79
2002-07-15,-0.014916,80.57
2002-07-16,0.000993,80.65
2002-07-17,0.00806,81.3
2002-07-18,-0.03567,78.4
2002-07-19,-0.014031,77.3
2002-07-22,-0.015136,76.13
2002-07-23,-0.036385,73.36
2002-07-24,0.019766,74.81
2002-07-25,0.026601,76.8
2002-07-26,0.019271,78.28
2002-07-29,0.039857,81.4
2002-07-30,-0.002211,81.22
2002-07-31,0.029303,83.6
2002-08-01,-0.027392,81.31
2002-08-02,-0.006887,80.75
2002-08-05,-0.037152,77.75
2002-08-06,0.036399,80.58
2002-08-07,0.017995,82.03
2002-08-08,0.011215,82.95
2002-08-09,-0.000241,82.93
2002-08-12,-0.004703,82.54
2002-08-13,-0.008238,81.86
2002-08-14,0.031884,84.47
2002-08-15,0.006274,85.0
2002-08-16,-0.002,84.83
2002-08-19,0.0178,86.34
2002-08-20,-0.023627,84.3
2002-08-21,0.007473,84.93
2002-08-22,-0.003297,84.65
2002-08-23,-0.01902,83.04
2002-08-26,0.023964,85.03
2002-08-27,-0.002823,84.79
2002-08-28,-0.007076,84.19
2002-08-29,0.005108,84.37
2002-08-30,0.016949,85.8
2002-09-03,-0.037529,82.58
2002-09-04,0.014774,83.8
2002-09-05,-0.008831,83.06
2002-09-06,0.005418,83.51
2002-09-09,0.012214,84.53
2002-09-10,-0.016089,83.17
2002-09-11,-0.007695,82.53
2002-09-12,-0.043742,78.92
2002-09-13,0.013178,79.96
2002-09-16,-0.016758,78.62
2002-09-17,-0.00407,78.3
2002-09-18,-0.03742,75.37
2002-09-19,-0.031445,73.0
2002-09-20,0.001096,73.08
2002-09-23,0.013547,74.07
2002-09-24,-0.016336,72.86
2002-09-25,0.024979,74.68
2002-09-26,0.07271,80.11
2002-09-27,-0.004369,79.76
2002-09-30,-0.011911,78.81
2002-10-01,0.037559,81.77
2002-10-02,-0.03412,78.98
2002-10-03,-0.056723,74.5
2002-10-04,-0.028725,72.36
2002-10-07,-0.041045,69.39
2002-10-08,0.057789,73.4
2002-10-09,-0.07357,68.0
2002-10-10,0.081471,73.54
2002-10-11,0.024884,75.37
2002-10-14,0.024413,77.21
2002-10-15,0.039632,80.27
2002-10-16,-0.010216,79.45
2002-10-17,0.033228,82.09
2002-10-18,-0.006578,81.55
2002-10-21,0.003066,81.8
2002-10-22,-0.011125,80.89
2002-10-23,0.013722,82.0
2002-10-24,-0.024024,80.03
2002-10-25,0.030988,82.51
2002-10-28,-0.011271,81.58
2002-10-29,-0.002084,81.41
2002-10-30,0.014494,82.59
2002-10-31,-0.008112,81.92
2002-11-01,0.033325,84.65
2002-11-04,-0.031305,82.0
2002-11-05,0.017073,83.4
2002-11-06,-0.017506,81.94
2002-11-07,-0.025873,79.82
2002-11-08,0.002255,80.0
2002-11-11,-0.00875,79.3
2002-11-12,0.01261,80.3
2002-11-13,-0.004981,79.9
2002-11-14,0.013642,80.99
2002-11-15,-0.004198,80.65
2002-11-18,-0.023683,78.74
2002-11-19,0.002159,78.91
2002-11-20,0.016601,80.22
2002-11-21,0.009474,80.98
2002-11-22,-0.002223,80.8
2002-11-25,-0.003837,80.49
2002-11-26,-0.012051,79.52
2002-11-27,0.031816,81.75
2002-11-29,-0.013089,80.68
2002-12-02,0.016361,82.0
2002-12-03,-0.019268,80.42
2002-12-04,0.003109,80.67
2002-12-05,-0.024916,78.66
2002-12-06,0.005594,79.1
2002-12-09,-0.015171,77.9
2002-12-10,0.015918,79.14
2002-12-11,0.007708,79.75
2002-12-12,-0.012665,78.74
2002-12-13,0.001397,78.85
2002-12-16,0.013063,79.88
2002-12-17,-0.005383,79.45
2002-12-18,-0.004783,79.07
2002-12-19,-0.000632,79.02
2002-12-20,0.010504,79.85
2002-12-23,-0.000501,79.81
2002-12-24,-0.005137,79.4
2002-12-26,0.007809,80.02
2002-12-27,-0.012122,79.05
2002-12-30,0.004428,79.4
2002-12-31,-0.00063,79.35
2003-01-02,0.029238,81.67
2003-01-03,-0.014693,80.47
2003-01-06,0.035168,83.3
2003-01-07,-0.015006,82.05
2003-01-08,-0.004509,81.68
2003-01-09,0.017752,83.13
2003-01-10,0.002406,83.33
2003-01-13,0.00192,83.49
2003-01-14,0.011379,84.44
2003-01-15,-0.020014,82.75
2003-01-16,-0.001208,82.65
2003-01-17,0.000968,82.73
2003-01-21,-0.030219,80.23
2003-01-22,-0.00885,79.52
2003-01-23,0.001635,79.65
2003-01-24,-0.026365,77.55
2003-01-27,-0.00619,77.07
2003-01-28,0.012975,78.07
2003-01-29,0.003715,78.36
2003-01-30,-0.011358,77.47
2003-01-31,0.030076,79.8
2003-02-03,-0.005013,79.4
2003-02-04,-0.012091,78.44
2003-02-05,-0.002295,78.26
2003-02-06,-0.001789,78.12
2003-02-07,-0.006016,77.65
2003-02-10,-0.008113,77.02
2003-02-11,-0.010647,76.2
2003-02-12,-0.002362,76.02
2003-02-13,0.014601,77.13
2003-02-14,0.008946,77.82
2003-02-18,0.014906,78.98
2003-02-19,0.006711,79.51
2003-02-20,-0.011697,78.58
2003-02-21,0.007254,79.15
2003-02-24,-0.012634,78.15
2003-02-25,0.015739,79.38
2003-02-26,-0.012724,78.37
2003-02-27,0.017098,79.41
2003-02-28,-0.004911,79.02
2003-03-03,0.004809,79.4
2003-03-04,-0.007431,78.81
2003-03-05,0.000254,78.83
2003-03-06,-0.001522,78.71
2003-03-07,0.008258,79.36
2003-03-10,-0.025328,77.35
2003-03-11,-0.01254,76.38
2003-03-12,-0.009034,75.69
2003-03-13,0.02748,77.77
2003-03-14,-0.014401,76.65
2003-03-17,0.020352,78.21
2003-03-18,0.004092,78.53
2003-03-19,0.010824,79.38
2003-03-20,0.005039,79.78
2003-03-21,0.017548,81.18
2003-03-24,-0.027716,78.93
2003-03-25,0.006588,79.45
2003-03-26,-0.002014,79.29
2003-03-27,0.002018,79.45
2003-03-28,0.003021,79.69
2003-03-31,-0.013929,78.58
2003-04-01,0.039323,81.67
2003-04-02,0.01004,82.49
2003-04-03,-0.006546,81.95
2003-04-04,0.008542,82.65
2003-04-07,-0.010284,81.8
2003-04-08,0.002689,82.02
2003-04-09,-0.017679,80.57
2003-04-10,0.007819,81.2
2003-04-11,0.00234,81.39
2003-04-14,0.00602,81.88
2003-04-15,0.004519,82.25
2003-04-16,-0.007903,81.6
2003-04-17,0.00674,82.15
2003-04-21,0.001826,82.3
2003-04-22,0.018712,83.84
2003-04-23,0.008469,84.55
2003-04-24,-0.009698,83.73
2003-04-25,-0.007644,83.09
2003-04-28,0.008064,83.76
2003-04-29,-0.000239,83.74
2003-04-30,0.008718,84.47
2003-05-01,0.010063,85.32
2003-05-02,0.02473,87.43
2003-05-05,-0.007435,86.78
2003-05-06,0.0,86.78
2003-05-07,-0.007951,86.09
2003-05-08,-0.00755,85.44
2003-05-09,0.001287,85.55
2003-05-12,0.008767,86.3
2003-05-13,-0.001275,86.19
2003-05-14,-0.000116,86.18
2003-05-15,-0.008471,85.45
2003-05-16,-0.006436,84.9
2003-05-19,-0.012956,83.8
2003-05-20,0.001909,83.96
2003-05-21,0.002739,84.19
2003-05-22,-0.004632,83.8
2003-05-23,0.003222,84.07
2003-05-27,0.02153,85.88
2003-05-28,0.000699,85.94
2003-05-29,-0.000582,85.59
2003-05-30,0.040425,89.05
2003-06-02,-0.006513,88.47
2003-06-03,0.018763,90.13
2003-06-04,0.006546,90.72
2003-06-05,-0.008598,89.94
2003-06-06,-0.006671,89.34
2003-06-09,-0.017685,87.76
2003-06-10,0.014243,89.01
2003-06-11,0.010448,89.94
2003-06-12,0.002446,90.16
2003-06-13,-0.017857,88.55
2003-06-16,0.00926,89.37
2003-06-17,-0.008056,88.65
2003-06-18,-0.004625,88.24
2003-06-19,-0.017226,86.72
2003-06-20,0.012454,87.8
2003-06-23,-0.01549,86.44
2003-06-24,-0.010875,85.5
2003-06-25,-0.000702,85.44
2003-06-26,0.008895,86.2
2003-06-27,-0.00406,85.85
2003-06-30,-0.018987,84.22
2003-07-01,0.013417,85.35
2003-07-02,-0.001757,85.2
2003-07-03,-0.007864,84.53
2003-07-07,0.013841,85.7
2003-07-08,0.003501,86.0
2003-07-09,-0.002326,85.8
2003-07-10,-0.011888,84.78
2003-07-11,0.005308,85.23
2003-07-14,0.055966,90.0
2003-07-15,-0.011444,88.97
2003-07-16,0.010565,89.91
2003-07-17,-0.017351,88.35
2003-07-18,0.019355,90.06
2003-07-21,-0.01177,89.0
2003-07-22,0.002921,89.26
2003-07-23,0.002353,89.47
2003-07-24,-0.01263,88.34
2003-07-25,0.012565,89.45
2003-07-28,-0.003913,89.1
2003-07-29,-0.004602,88.69
2003-07-30,0.004172,89.06
2003-07-31,-0.005502,88.57
2003-08-01,-0.023936,86.45
2003-08-04,0.0,86.45
2003-08-05,-0.011105,85.49
2003-08-06,0.006083,86.01
2003-08-07,-0.000581,85.96
2003-08-08,-0.001629,85.82
2003-08-11,-0.000233,85.8
2003-08-12,0.009557,86.62
2003-08-13,-0.003463,86.32
2003-08-14,0.005213,86.77
2003-08-15,0.002881,87.02
2003-08-18,-0.003677,86.7
2003-08-19,-0.002307,86.5
2003-08-20,0.001156,86.6
2003-08-21,0.001155,86.7
2003-08-22,-0.021338,84.85
2003-08-25,-0.002829,84.61
2003-08-26,0.004728,85.01
2003-08-27,-0.005176,84.57
2003-08-28,-0.000709,84.21
2003-08-29,0.000356,84.24
2003-09-02,0.008428,84.95
2003-09-03,0.008005,85.63
2003-09-04,0.00654,86.19
2003-09-05,-0.002785,85.95
2003-09-08,0.005003,86.38
2003-09-09,0.002431,86.59
2003-09-10,-0.020788,84.79
2003-09-11,0.005425,85.25
2003-09-12,-0.004457,84.87
2003-09-15,0.013904,86.05
2003-09-16,0.005927,86.56
2003-09-17,-0.007625,85.9
2003-09-18,0.028289,88.33
2003-09-19,-0.001245,88.22
2003-09-22,-0.011562,87.2
2003-09-23,-0.002523,86.98
2003-09-24,-0.004369,86.6
2003-09-25,-0.000577,86.55
2003-09-26,-0.005315,86.09
2003-09-29,0.019282,87.75
2003-09-30,-0.005128,87.3
2003-10-01,0.020046,89.05
2003-10-02,0.002021,89.23
2003-10-03,0.010871,90.2
2003-10-06,0.00388,90.55
2003-10-07,0.007068,91.19
2003-10-08,0.003509,91.51
2003-10-09,0.00448,91.92
2003-10-10,-0.00446,91.51
2003-10-13,0.019014,93.25
2003-10-14,-0.002895,92.98
2003-10-15,-0.003979,92.61
2003-10-16,-0.001836,92.44
2003-10-17,-0.014496,91.1
2003-10-20,0.001098,91.2
2003-10-21,-0.000548,91.15
2003-10-22,-0.004388,90.75
2003-10-23,0.008154,91.49
2003-10-24,0.003498,91.81
2003-10-27,0.014595,93.15
2003-10-28,0.015244,94.57
2003-10-29,-0.00423,94.17
2003-10-30,-0.002018,93.98
2003-10-31,-0.000851,93.9
2003-11-03,0.016187,95.42
2003-11-04,0.009327,96.31
2003-11-05,-0.002077,96.11
2003-11-06,0.00822,96.9
2003-11-07,-0.007843,96.14
2003-11-10,-0.018099,94.4
2003-11-11,0.0,94.4
2003-11-12,0.011653,95.5
2003-11-13,-0.004189,95.1
2003-11-14,-0.012618,93.9
2003-11-17,-0.001278,93.78
2003-11-18,-0.015249,92.35
2003-11-19,0.000866,92.43
2003-11-20,-0.004003,92.06
2003-11-21,0.002607,92.3
2003-11-24,0.009751,93.2
2003-11-25,0.003219,93.5
2003-11-26,0.008556,94.0
2003-11-28,-0.001383,93.87
2003-12-01,0.009481,94.76
2003-12-02,0.011186,95.82
2003-12-03,-0.001461,95.68
2003-12-04,-0.002926,95.4
2003-12-05,-0.011845,94.27
2003-12-08,0.018882,96.05
2003-12-09,-0.015617,94.55
2003-12-10,-0.005288,94.05
2003-12-11,0.016268,95.58
2003-12-12,0.003139,95.88
2003-12-15,-0.014602,94.48
2003-12-16,0.001905,94.66
2003-12-17,-0.000317,94.63
2003-12-18,0.013632,95.92
2003-12-19,0.000104,95.93
2003-12-22,0.007193,96.62
2003-12-23,0.003726,96.98
2003-12-24,-0.002578,96.73
2003-12-26,0.001964,96.92
2003-12-29,0.012175,98.1
2003-12-30,0.004587,98.55
2003-12-31,-0.002537,98.3
2004-01-02,-0.006104,97.7
2004-01-05,-0.002968,97.41
2004-01-06,-0.003285,97.09
2004-01-07,-0.000927,97.0
2004-01-08,-0.004433,96.57
2004-01-09,-0.017604,94.87
2004-01-12,-0.019817,92.99
2004-01-13,-0.020325,91.1
2004-01-14,0.000988,91.19
2004-01-15,0.018533,92.88
2004-01-16,-0.02261,90.78
2004-01-20,0.010685,91.75
2004-01-21,-0.004033,91.38
2004-01-22,0.003502,91.7
2004-01-23,0.011996,92.8
2004-01-26,0.012716,93.98
2004-01-27,-0.022239,91.89
2004-01-28,-0.015127,90.5
2004-01-29,-0.004751,90.07
2004-01-30,-0.00111,89.97
2004-02-02,-0.00389,89.62
2004-02-03,0.008815,90.41
2004-02-04,-0.006747,89.8
2004-02-05,0.006125,90.35
2004-02-06,0.017266,91.91
2004-02-09,0.003917,92.27
2004-02-10,0.004444,92.68
2004-02-11,0.008632,93.48
2004-02-12,0.005563,94.0
2004-02-13,0.005851,94.55
2004-02-17,-0.005817,94.0
2004-02-18,-0.003723,93.65
2004-02-19,-0.003097,93.36
2004-02-20,-0.006534,92.75
2004-02-23,-0.005175,92.27
2004-02-24,0.03273,95.29
2004-02-25,-0.007241,94.2
2004-02-26,0.019108,96.0
2004-02-27,0.000521,96.05
2004-03-01,0.002603,96.3
2004-03-02,-0.003115,96.0
2004-03-03,-0.001563,95.85
2004-03-04,0.0,95.85
2004-03-05,0.010746,96.88
2004-03-08,-0.011561,95.76
2004-03-09,-0.011069,94.7
2004-03-10,-0.011616,93.6
2004-03-11,-0.01859,91.86
2004-03-12,0.006967,92.5
2004-03-15,-0.013081,91.29
2004-03-16,0.00471,91.72
2004-03-17,0.009376,92.58
2004-03-18,-0.009829,91.67
2004-03-19,-0.01309,90.47
2004-03-22,-0.005858,89.94
2004-03-23,-0.009562,89.08
2004-03-24,0.003031,89.35
2004-03-25,0.003358,89.65
2004-03-26,-0.005466,89.16
2004-03-29,0.007178,89.8
2004-03-30,0.003118,90.08
2004-03-31,-0.002553,89.85
2004-04-01,0.002226,90.05
2004-04-02,-0.009661,89.18
2004-04-05,-0.003588,88.86
2004-04-06,0.003264,89.15
2004-04-07,-0.004263,88.77
2004-04-08,-0.003154,88.49
2004-04-12,-0.005537,88.0
2004-04-13,-0.020568,86.19
2004-04-14,-0.00789,85.51
2004-04-15,0.010174,86.38
2004-04-16,0.015281,87.7
2004-04-19,-0.016078,86.29
2004-04-20,-0.028161,83.86
2004-04-21,-0.005843,83.37
2004-04-22,0.025549,85.5
2004-04-23,-0.010526,84.6
2004-04-26,0.002128,84.78
2004-04-27,0.006487,85.33
2004-04-28,-0.013946,84.14
2004-04-29,0.003684,84.45
2004-04-30,0.006513,85.0
2004-05-03,0.012235,86.04
2004-05-04,0.005114,86.48
2004-05-05,0.023127,88.48
2004-05-06,-0.007798,87.79
2004-05-07,-0.024604,85.63
2004-05-10,-0.014247,84.41
2004-05-11,0.004383,84.78
2004-05-12,0.000944,84.86
2004-05-13,0.008013,85.54
2004-05-14,0.002923,85.79
2004-05-17,-0.008975,85.02
2004-05-18,0.010351,85.9
2004-05-19,-0.000582,85.85
2004-05-20,0.006873,86.44
2004-05-21,0.002661,86.67
2004-05-24,0.003,86.93
2004-05-25,0.01691,88.4
2004-05-26,0.022398,90.38
2004-05-27,0.005532,90.48
2004-05-28,0.000995,90.57
2004-06-01,-0.00011,90.56
2004-06-02,0.003644,90.89
2004-06-03,-0.003191,90.6
2004-06-04,0.01181,91.67
2004-06-07,0.005891,92.21
2004-06-08,0.003362,92.52
2004-06-09,-0.007025,91.87
2004-06-10,0.001959,92.05
2004-06-14,-0.023466,89.89
2004-06-15,-0.013795,88.65
2004-06-16,0.006204,89.2
2004-06-17,-0.00213,89.01
2004-06-18,-0.002921,88.75
2004-06-21,-0.000563,88.7
2004-06-22,0.002368,88.91
2004-06-23,0.0018,89.07
2004-06-24,-0.003256,88.78
2004-06-25,-0.006533,88.2
2004-06-28,0.00034,88.23
2004-06-29,-0.009974,87.35
2004-06-30,-0.000572,87.3
2004-07-01,-0.00252,87.08
2004-07-02,0.01091,88.03
2004-07-06,-0.008065,87.32
2004-07-07,0.008475,88.06
2004-07-08,-0.003747,87.73
2004-07-09,0.001938,87.9
2004-07-12,0.042093,91.6
2004-07-13,0.009607,92.48
2004-07-14,0.012219,93.61
2004-07-15,-0.01079,92.6
2004-07-16,0.010907,93.61
2004-07-19,-0.00438,93.2
2004-07-20,0.009657,94.1
2004-07-21,-0.00797,93.35
2004-07-22,0.001286,93.47
2004-07-23,-0.004814,93.02
2004-07-26,0.002688,93.27
2004-07-27,0.003217,93.57
2004-07-28,-0.009298,92.7
2004-07-29,0.008091,93.45
2004-07-30,-0.002354,93.23
2004-08-02,0.031749,96.19
2004-08-03,-0.015178,94.73
2004-08-04,-0.0019,94.55
2004-08-05,-0.010365,93.57
2004-08-06,-0.010687,92.57
2004-08-09,0.003565,92.9
2004-08-10,0.022605,95.0
2004-08-11,-0.004211,94.6
2004-08-12,0.0,94.6
2004-08-13,-0.002748,94.34
2004-08-16,0.017596,96.0
2004-08-17,0.002292,96.22
2004-08-18,0.022968,98.43
2004-08-19,-0.025399,95.93
2004-08-20,0.004378,96.35
2004-08-23,-0.003633,96.0
2004-08-24,0.006875,96.66
2004-08-25,0.018001,98.4
2004-08-26,-0.004065,98.0
2004-08-27,-0.00449,97.56
2004-08-30,-0.010968,96.49
2004-08-31,-0.011504,94.98
2004-09-01,-0.000211,94.96
2004-09-02,0.010531,95.96
2004-09-03,0.000417,96.0
2004-09-07,0.020625,97.98
2004-09-08,-0.022249,95.8
2004-09-09,-0.004489,95.37
2004-09-10,0.006082,95.95
2004-09-13,0.000104,95.96
2004-09-14,-0.0099,95.01
2004-09-15,0.003473,95.34
2004-09-16,0.005035,95.82
2004-09-17,0.005427,96.34
2004-09-20,-0.014947,94.9
2004-09-21,-0.000527,94.85
2004-09-22,-0.003585,94.51
2004-09-23,-0.009946,93.57
2004-09-24,0.011222,94.62
2004-09-27,-0.006553,94.0
2004-09-28,-0.00234,93.78
2004-09-29,0.005758,94.32
2004-09-30,0.014631,95.7
2004-10-01,0.019749,97.59
2004-10-04,-0.000717,97.52
2004-10-05,0.000923,97.61
2004-10-06,0.010757,98.66
2004-10-07,0.00598,99.25
2004-10-08,-0.001713,99.08
2004-10-11,0.00757,99.83
2004-10-12,0.018732,101.7
2004-10-13,-0.022124,99.45
2004-10-14,-0.004424,99.01
2004-10-15,0.013029,100.3
2004-10-18,0.005284,100.83
2004-10-19,-0.013191,99.5
2004-10-20,-0.007236,98.78
2004-10-21,0.001215,98.9
2004-10-22,-0.01638,97.28
2004-10-25,0.007401,98.0
2004-10-26,0.015306,99.5
2004-10-27,0.015779,101.07
2004-10-28,0.014149,102.5
2004-10-29,0.004878,103.0
2004-11-01,-0.004854,102.5
2004-11-02,0.004976,103.01
2004-11-03,0.005728,103.6
2004-11-04,0.026544,106.35
2004-11-05,-0.008651,105.43
2004-11-08,0.004837,105.94
2004-11-09,-0.00085,105.85
2004-11-10,0.004724,106.35
2004-11-11,0.000846,106.44
2004-11-12,-0.001315,106.3
2004-11-15,-0.006021,105.66
2004-11-16,0.000473,105.71
2004-11-17,0.004446,106.18
2004-11-18,0.000377,106.22
2004-11-19,-0.018546,104.25
2004-11-22,0.01247,105.55
2004-11-23,0.0054,106.12
2004-11-24,0.00066,106.19
2004-11-26,-0.001224,106.06
2004-11-29,-0.003394,105.3
2004-11-30,0.001045,105.41
2004-12-01,0.019827,107.5
2004-12-02,-0.005581,106.9
2004-12-03,-0.009167,105.92
2004-12-06,-0.000189,105.9
2004-12-07,-0.016808,104.12
2004-12-08,-0.000192,104.1
2004-12-09,0.007301,104.86
2004-12-10,-0.009823,103.83
2004-12-13,0.004334,104.28
2004-12-14,0.006617,104.97
2004-12-15,0.000857,105.06
2004-12-16,-0.005045,104.53
2004-12-17,-0.003635,104.15
2004-12-20,0.007393,104.92
2004-12-21,0.015345,106.53
2004-12-22,0.008824,107.47
2004-12-23,0.005025,108.01
2004-12-27,-0.00824,107.12
2004-12-28,0.004574,107.61
2004-12-29,0.001022,107.72
2004-12-30,-0.000743,107.64
2004-12-31,0.001858,107.84
2005-01-03,-0.018175,105.88
2005-01-04,-0.004345,105.42
2005-01-05,-0.001518,105.26
2005-01-06,-0.00342,104.9
2005-01-07,-0.013441,103.49
2005-01-10,0.011885,104.72
2005-01-11,-0.008308,103.85
2005-01-12,-0.012903,102.51
2005-01-13,-0.016974,100.77
2005-01-14,0.0,100.77
2005-01-18,0.010221,101.8
2005-01-19,-0.008743,100.91
2005-01-20,-0.003369,100.57
2005-01-21,0.000298,100.6
2005-01-24,0.003479,100.95
2005-01-25,-0.000198,100.93
2005-01-26,0.007233,101.66
2005-01-27,-0.007476,100.9
2005-01-28,-0.006541,100.24
2005-01-31,0.021149,102.36
2005-02-01,0.009769,103.36
2005-02-02,-0.003967,102.95
2005-02-03,-0.001457,102.8
2005-02-04,0.002237,103.03
2005-02-07,-0.000194,103.01
2005-02-08,-0.004757,102.52
2005-02-09,-0.01151,101.34
2005-02-10,0.005625,101.91
2005-02-11,-0.006476,101.25
2005-02-14,0.000494,101.3
2005-02-15,0.010168,102.33
2005-02-16,-0.011629,101.14
2005-02-17,-0.010184,100.11
2005-02-18,-0.011587,98.95
2005-02-22,-0.020414,96.93
2005-02-23,0.005262,97.44
2005-02-24,0.015702,98.57
2005-02-25,0.016536,100.2
2005-02-28,-0.011876,99.01
2005-03-01,0.023836,101.37
2005-03-02,9.9e-05,101.38
2005-03-03,-0.001677,101.21
2005-03-04,0.034285,104.68
2005-03-07,0.006018,105.31
2005-03-08,-0.007027,104.57
2005-03-09,-0.023142,102.15
2005-03-10,0.005091,102.67
2005-03-11,-0.01422,101.21
2005-03-14,0.008201,102.04
2005-03-15,-0.00882,101.14
2005-03-16,-0.001384,101.0
2005-03-17,0.00099,101.1
2005-03-18,-0.010287,100.06
2005-03-21,0.001499,100.21
2005-03-22,-0.019858,98.22
2005-03-23,0.003462,98.56
2005-03-24,-0.002435,98.32
2005-03-28,0.007018,99.01
2005-03-29,0.001919,99.2
2005-03-30,0.022581,101.44
2005-03-31,0.006112,102.06
2005-04-01,-0.011464,100.89
2005-04-04,0.010507,101.95
2005-04-05,0.008436,102.81
2005-04-06,0.004572,103.28
2005-04-07,0.001162,103.4
2005-04-08,-0.009961,102.37
2005-04-11,0.000586,102.43
2005-04-12,0.026457,105.14
2005-04-13,-0.00894,104.2
2005-04-14,-0.013916,102.75
2005-04-15,-0.014112,101.3
2005-04-18,0.018065,103.13
2005-04-19,-0.0096,102.14
2005-04-20,-0.024672,99.62
2005-04-21,0.009235,100.54
2005-04-22,-0.006366,99.9
2005-04-25,0.013614,101.26
2005-04-26,-0.003654,100.89
2005-04-27,0.028348,103.75
2005-04-28,-0.011084,102.6
2005-04-29,0.008285,103.45
2005-05-02,-0.000387,103.41
2005-05-03,-0.005512,102.84
2005-05-04,0.017114,104.6
2005-05-05,-0.00478,104.1
2005-05-06,-0.007685,103.3
2005-05-09,0.006776,104.0
2005-05-10,-0.016539,102.28
2005-05-11,0.002151,102.5
2005-05-12,-0.013171,101.15
2005-05-13,-0.002175,100.93
2005-05-16,0.024572,103.41
2005-05-17,0.01025,104.47
2005-05-18,0.011774,105.7
2005-05-19,-0.003311,105.35
2005-05-20,-0.007879,104.52
2005-05-23,-0.003731,104.13
2005-05-24,-0.006242,103.48
2005-05-25,-0.006281,102.83
2005-05-26,0.010017,103.86
2005-05-27,-0.003466,103.05
2005-05-31,-0.008831,102.14
2005-06-01,0.015469,103.72
2005-06-02,0.003278,104.06
2005-06-03,-0.008361,103.19
2005-06-06,0.001744,103.37
2005-06-07,-0.007739,102.57
2005-06-08,0.000488,102.62
2005-06-09,0.000195,102.64
2005-06-10,0.001364,102.78
2005-06-13,0.001849,102.97
2005-06-14,0.012237,104.23
2005-06-15,0.008059,105.07
2005-06-16,-0.004188,104.63
2005-06-17,0.018828,106.6
2005-06-20,-0.000844,106.51
2005-06-21,-0.001033,106.4
2005-06-22,0.000376,106.44
2005-06-23,-0.013999,104.95
2005-06-24,-0.004288,104.5
2005-06-27,0.003349,104.85
2005-06-28,0.016404,106.57
2005-06-29,-0.001783,106.38
2005-06-30,-0.011468,105.16
2005-07-01,0.003994,105.58
2005-07-05,0.008051,106.43
2005-07-06,-0.012215,105.13
2005-07-07,0.005802,105.74
2005-07-08,0.006809,106.46
2005-07-11,0.003569,106.84
2005-07-12,0.019936,108.97
2005-07-13,0.0078,109.82
2005-07-14,0.003278,110.18
2005-07-15,-0.000545,110.12
2005-07-18,-0.006175,109.44
2005-07-19,0.005665,110.06
2005-07-20,0.020171,112.28
2005-07-21,-0.016477,110.43
2005-07-22,0.000272,110.46
2005-07-25,-0.00507,109.9
2005-07-26,0.006005,110.56
2005-07-27,-0.007959,109.68
2005-07-28,0.003556,110.07
2005-07-29,-0.014173,108.51
2005-08-01,0.00341,108.88
2005-08-02,0.011389,110.12
2005-08-03,-0.001907,109.91
2005-08-04,-0.015103,108.25
2005-08-05,-0.008407,107.34
2005-08-08,0.002795,107.64
2005-08-09,0.008083,108.51
2005-08-10,-0.008571,107.58
2005-08-11,0.018405,109.56
2005-08-12,-0.00785,108.7
2005-08-15,0.001196,108.83
2005-08-16,-0.014426,107.26
2005-08-17,0.005967,107.9
2005-08-18,-0.00139,107.75
2005-08-19,0.00594,108.39
2005-08-22,0.000646,108.46
2005-08-23,-0.010787,107.29
2005-08-24,-0.008388,106.39
2005-08-25,0.007426,107.18
2005-08-26,-0.013249,105.76
2005-08-29,0.004917,106.28
2005-08-30,-0.004893,105.31
2005-08-31,0.01244,106.62
2005-09-01,0.012005,107.9
2005-09-02,-0.007878,107.05
2005-09-06,0.013358,108.48
2005-09-07,0.00295,108.8
2005-09-08,-0.009926,107.72
2005-09-09,0.006034,108.37
2005-09-12,-0.00609,107.71
2005-09-13,-0.014762,106.12
2005-09-14,-0.002073,105.9
2005-09-15,-0.00661,105.2
2005-09-16,0.015684,106.85
2005-09-19,-0.006551,106.15
2005-09-20,9.4e-05,106.16
2005-09-21,-0.009702,105.13
2005-09-22,0.002093,105.35
2005-09-23,0.002848,105.65
2005-09-26,-0.003124,105.32
2005-09-27,-0.000665,105.25
2005-09-28,-0.003135,104.92
2005-09-29,0.019825,107.0
2005-09-30,-0.012056,105.71
2005-10-03,0.003311,106.06
2005-10-04,-0.017914,104.16
2005-10-05,-0.013153,102.79
2005-10-06,-0.000389,102.75
2005-10-07,-0.00253,102.49
2005-10-10,-0.003415,102.14
2005-10-11,-0.002448,101.89
2005-10-12,0.004417,102.34
2005-10-13,0.008403,103.2
2005-10-14,0.007074,103.93
2005-10-17,-0.011354,102.75
2005-10-18,-0.005547,102.18
2005-10-19,0.016637,103.88
2005-10-20,-0.010685,102.77
2005-10-21,0.007298,103.52
2005-10-24,0.0142,104.99
2005-10-25,-0.005143,104.45
2005-10-26,0.003351,104.8
2005-10-27,-0.006393,104.13
2005-10-28,0.024201,106.65
2005-10-31,0.00872,107.58
2005-11-01,-0.013664,106.11
2005-11-02,0.008576,107.02
2005-11-03,-0.004859,106.5
2005-11-04,0.004131,106.94
2005-11-07,0.003179,107.28
2005-11-08,-0.006618,106.57
2005-11-09,0.014357,108.1
2005-11-10,0.021277,110.4
2005-11-11,0.003623,110.8
2005-11-14,-0.007581,109.96
2005-11-15,-0.006093,109.29
2005-11-16,-0.005033,108.74
2005-11-17,0.004598,109.24
2005-11-18,0.005401,109.83
2005-11-21,-0.000546,109.77
2005-11-22,0.009201,110.78
2005-11-23,-0.004062,110.33
2005-11-25,0.004622,110.84
2005-11-28,0.00406,111.29
2005-11-29,-0.002336,110.58
2005-11-30,-0.021342,108.22
2005-12-01,0.013029,109.63
2005-12-02,0.00228,109.88
2005-12-05,0.001092,110.0
2005-12-06,-0.006091,109.33
2005-12-07,-0.009695,108.27
2005-12-08,-0.001755,108.08
2005-12-09,0.014249,109.62
2005-12-12,-0.004288,109.15
2005-12-13,0.012277,110.49
2005-12-14,0.001629,110.67
2005-12-15,-0.004879,110.13
2005-12-16,0.007264,110.93
2005-12-19,-0.011809,109.62
2005-12-20,0.00301,109.95
2005-12-21,0.001455,110.11
2005-12-22,0.002543,110.39
2005-12-23,-0.000362,110.35
2005-12-27,-0.008156,109.45
2005-12-28,0.001919,109.66
2005-12-29,0.000821,109.75
2005-12-30,-0.006378,109.05
2006-01-03,0.01779,110.99
2006-01-04,0.002523,111.27
2006-01-05,0.003415,111.65
2006-01-06,0.003403,112.03
2006-01-09,0.0133,113.52
2006-01-10,0.003876,113.96
2006-01-11,-0.019217,111.77
2006-01-12,-0.017894,109.77
2006-01-13,0.003189,110.12
2006-01-17,-0.010806,108.93
2006-01-18,0.001561,109.1
2006-01-19,-0.00275,108.8
2006-01-20,-0.02114,106.5
2006-01-23,0.004977,107.03
2006-01-24,0.007942,107.88
2006-01-25,0.003152,108.22
2006-01-26,0.012197,109.54
2006-01-27,-0.002647,109.25
2006-01-30,-0.009062,108.26
2006-01-31,0.000369,108.3
2006-02-01,-0.000646,108.23
2006-02-02,-0.00425,107.77
2006-02-03,-0.008815,106.82
2006-02-06,-0.003464,106.45
2006-02-07,0.000658,106.52
2006-02-08,0.005069,107.06
2006-02-09,0.003082,107.39
2006-02-10,0.007543,108.2
2006-02-13,-0.004713,107.69
2006-02-14,0.016065,109.42
2006-02-15,0.006946,110.18
2006-02-16,0.009711,111.25
2006-02-17,0.005124,111.82
2006-02-21,-0.005008,111.26
2006-02-22,0.018515,113.32
2006-02-23,-0.001235,113.18
2006-02-24,0.005125,113.31
2006-02-27,0.001677,113.5
2006-02-28,-0.009692,112.4
2006-03-01,0.005961,113.07
2006-03-02,-0.006014,112.39
2006-03-03,0.001157,112.52
2006-03-06,-0.009509,111.45
2006-03-07,0.008973,112.45
2006-03-08,-0.001067,112.33
2006-03-09,-0.00819,111.41
2006-03-10,0.008078,112.31
2006-03-13,0.006856,113.08
2006-03-14,0.010258,114.24
2006-03-15,0.01243,115.66
2006-03-16,0.003372,116.05
2006-03-17,0.009823,117.19
2006-03-20,0.000853,117.29
2006-03-21,-0.015432,115.48
2006-03-22,0.003637,115.9
2006-03-23,-0.000949,115.79
2006-03-24,0.001295,115.94
2006-03-27,-0.001553,115.76
2006-03-28,-0.010453,114.55
2006-03-29,-0.001222,114.41
2006-03-30,-0.005856,113.74
2006-03-31,0.003517,114.14
2006-04-03,0.002979,114.48
2006-04-04,0.000175,114.5
2006-04-05,-0.000175,114.48
2006-04-06,-0.002533,114.19
2006-04-07,-0.004291,113.7
2006-04-10,0.004398,114.2
2006-04-11,-0.007531,113.34
2006-04-12,0.000265,113.37
2006-04-13,0.006174,114.07
2006-04-17,0.004822,114.62
2006-04-18,0.007154,115.44
2006-04-19,-0.008143,114.5
2006-04-20,0.004978,115.07
2006-04-21,-0.006692,114.3
2006-04-24,0.001575,114.48
2006-04-25,-0.004542,113.96
2006-04-26,0.004124,114.43
2006-04-27,0.022459,117.0
2006-04-28,0.020513,119.4
2006-05-01,-0.022529,116.71
2006-05-02,8.6e-05,116.72
2006-05-03,-0.001885,116.5
2006-05-04,0.003176,116.87
2006-05-05,0.017541,118.92
2006-05-08,-0.006223,118.18
2006-05-09,0.004992,118.77
2006-05-10,0.001095,118.9
2006-05-11,-0.015812,117.02
2006-05-12,-0.004016,116.55
2006-05-15,0.012441,118.0
2006-05-16,-0.010932,116.71
2006-05-17,-0.018336,114.57
2006-05-18,-0.006023,113.88
2006-05-19,0.012733,115.33
2006-05-22,0.003989,115.79
2006-05-23,-0.010018,114.63
2006-05-24,0.004798,115.18
2006-05-25,0.00955,116.28
2006-05-26,0.001204,116.42
2006-05-30,-0.012197,114.4
2006-05-31,0.006119,115.1
2006-06-01,0.015812,116.92
2006-06-02,-0.000257,116.89
2006-06-05,-0.018479,114.73
2006-06-06,0.003661,115.15
2006-06-07,0.012158,116.55
2006-06-08,0.014843,118.28
2006-06-09,0.000254,118.31
2006-06-12,-0.002874,117.97
2006-06-13,-0.018649,115.77
2006-06-14,-0.012093,114.37
2006-06-15,0.021946,116.88
2006-06-16,-0.005989,116.18
2006-06-19,-0.008607,115.18
2006-06-20,0.000955,115.29
2006-06-21,0.00425,115.78
2006-06-22,0.001814,115.99
2006-06-23,-0.018536,113.84
2006-06-26,0.01344,115.37
2006-06-27,-0.005287,114.76
2006-06-28,0.010195,115.93
2006-06-29,0.014664,117.63
2006-06-30,0.002465,117.92
2006-07-03,0.004664,118.47
2006-07-05,-0.016713,116.49
2006-07-06,0.000858,116.59
2006-07-07,0.003602,117.01
2006-07-10,0.004786,117.57
2006-07-11,0.006634,118.35
2006-07-12,-0.004394,117.83
2006-07-13,-0.002376,117.55
2006-07-14,-0.009868,116.39
2006-07-17,0.002406,116.67
2006-07-18,0.001286,116.82
2006-07-19,0.018747,119.01
2006-07-20,-0.00126,118.86
2006-07-21,0.000841,118.96
2006-07-24,0.017485,121.04
2006-07-25,0.003966,121.52
2006-07-26,-0.002962,121.16
2006-07-27,-0.007263,120.28
2006-07-28,0.020702,122.77
2006-07-31,-0.006924,121.92
2006-08-01,-0.00607,121.18
2006-08-02,-0.000578,121.11
2006-08-03,0.018083,123.3
2006-08-04,0.005353,123.96
2006-08-07,-0.002097,123.7
2006-08-08,-0.011075,122.33
2006-08-09,-0.010218,121.08
2006-08-10,0.00479,121.66
2006-08-11,-0.00074,121.57
2006-08-14,-0.004113,121.07
2006-08-15,0.01685,123.11
2006-08-16,0.008935,124.21
2006-08-17,-0.007407,123.29
2006-08-18,0.006894,124.14
2006-08-21,-0.001611,123.94
2006-08-22,-0.004599,123.37
2006-08-23,-0.001621,123.17
2006-08-24,0.001786,123.39
2006-08-25,-0.007618,122.45
2006-08-28,0.006043,123.19
2006-08-29,-0.004059,122.69
2006-08-30,0.001793,122.31
2006-08-31,0.001226,122.46
2006-09-01,0.000408,122.51
2006-09-05,0.001551,122.7
2006-09-06,-0.016463,120.68
2006-09-07,-0.016573,118.68
2006-09-08,0.000337,118.72
2006-09-11,-0.00497,118.13
2006-09-12,0.009989,119.31
2006-09-13,0.001173,119.45
2006-09-14,0.002428,119.74
2006-09-15,0.009103,120.83
2006-09-18,-0.006869,120.0
2006-09-19,0.003333,120.4
2006-09-20,0.006063,121.13
2006-09-21,-0.01065,119.84
2006-09-22,-0.000501,119.78
2006-09-25,0.010686,121.06
2006-09-26,-0.000496,121.0
2006-09-27,0.000909,121.11
2006-09-28,-0.00256,120.8
2006-09-29,-0.006954,119.96
2006-10-02,-0.010087,118.75
2006-10-03,0.005979,119.46
2006-10-04,0.005023,120.06
2006-10-05,-0.003248,119.67
2006-10-06,-0.005599,119.0
2006-10-09,0.011513,120.37
2006-10-10,-0.004403,119.84
2006-10-11,0.034379,123.96
2006-10-12,-0.008228,122.94
2006-10-13,0.002115,123.2
2006-10-16,-0.006169,122.44
2006-10-17,0.001715,122.65
2006-10-18,-0.002283,122.37
2006-10-19,-0.003024,122.0
2006-10-20,-0.001967,121.76
2006-10-23,0.001068,121.89
2006-10-24,-0.001231,121.74
2006-10-25,-0.006079,121.0
2006-10-26,0.005785,121.7
2006-10-27,-0.004108,121.2
2006-10-30,0.004208,121.71
2006-10-31,0.000822,121.81
2006-11-01,-0.006568,121.01
2006-11-02,-0.004958,120.41
2006-11-03,-0.005647,119.73
2006-11-06,0.008352,120.73
2006-11-07,-0.001242,120.58
2006-11-08,0.002239,120.85
2006-11-09,-0.006206,120.1
2006-11-10,0.003997,120.58
2006-11-13,0.00141,120.75
2006-11-14,0.007867,121.7
2006-11-15,-0.001972,121.46
2006-11-16,0.005928,122.18
2006-11-17,-0.005156,121.55
2006-11-20,8.2e-05,121.56
2006-11-21,-0.008638,120.51
2006-11-22,0.00224,120.78
2006-11-24,-0.004554,120.23
2006-11-27,-0.015138,118.41
2006-11-28,-0.005067,117.81
2006-11-29,0.017316,119.25
2006-11-30,-0.005115,118.64
2006-12-01,0.000169,118.66
2006-12-04,0.011546,120.03
2006-12-05,0.001916,120.26
2006-12-06,-0.001746,120.05
2006-12-07,-0.000167,120.03
2006-12-08,0.00125,120.18
2006-12-11,0.000999,120.3
2006-12-12,0.00532,120.94
2006-12-13,0.005292,121.58
2006-12-14,0.004195,122.09
2006-12-15,0.000164,122.11
2006-12-18,-0.001802,121.89
2006-12-19,0.001887,122.12
2006-12-20,-0.000655,122.04
2006-12-21,-0.001229,121.89
2006-12-22,-0.006645,121.08
2006-12-26,0.007681,122.01
2006-12-27,0.006475,122.8
2006-12-28,-0.002606,122.48
2006-12-29,-0.002613,122.16
2007-01-03,0.004257,122.68
2007-01-04,-0.00106,122.55
2007-01-05,-0.017462,120.41
2007-01-08,0.007059,121.26
2007-01-09,-0.002474,120.96
2007-01-10,0.01422,122.68
2007-01-11,-0.010271,121.42
2007-01-12,-0.009142,120.31
2007-01-16,-0.00374,119.86
2007-01-17,-0.007759,118.93
2007-01-18,0.001177,119.07
2007-01-19,0.0,119.07
2007-01-22,0.002184,119.33
2007-01-23,0.002011,119.57
2007-01-24,0.01313,121.14
2007-01-25,-0.010319,119.89
2007-01-26,-0.003503,119.47
2007-01-29,0.005859,120.17
2007-01-30,0.007323,121.05
2007-01-31,0.002148,121.31
2007-02-01,0.00272,121.64
2007-02-02,0.005837,122.35
2007-02-05,-0.004577,121.79
2007-02-06,0.002874,122.14
2007-02-07,0.006632,122.95
2007-02-08,-0.004148,122.44
2007-02-09,-0.006289,121.67
2007-02-12,0.002712,122.0
2007-02-13,0.009262,123.13
2007-02-14,0.007309,124.03
2007-02-15,0.000806,124.13
2007-02-16,0.002336,124.42
2007-02-20,0.002572,124.74
2007-02-21,-0.001523,124.55
2007-02-22,-0.002489,124.24
2007-02-23,-0.000483,124.18
2007-02-26,-0.003624,123.13
2007-02-27,-0.026314,119.89
2007-02-28,0.00025,119.92
2007-03-01,-0.004169,119.42
2007-03-02,-0.009546,118.28
2007-03-05,-0.014119,116.61
2007-03-06,0.014664,118.32
2007-03-07,-0.010565,117.07
2007-03-08,0.003246,117.45
2007-03-09,-8.5e-05,117.44
2007-03-12,-0.003661,117.01
2007-03-13,-0.028801,113.64
2007-03-14,0.00352,114.04
2007-03-15,0.01061,115.25
2007-03-16,0.006508,116.0
2007-03-19,0.002759,116.32
2007-03-20,0.00662,117.09
2007-03-21,0.022376,119.71
2007-03-22,-0.012029,118.27
2007-03-23,0.002452,118.56
2007-03-26,-0.005398,117.92
2007-03-27,-0.010261,116.71
2007-03-28,-0.009768,115.57
2007-03-29,0.006922,116.37
2007-03-30,-0.00464,115.83
2007-04-02,-0.085298,105.95
2007-04-03,0.00302,106.27
2007-04-04,-0.015715,104.6
2007-04-05,0.013289,105.99
2007-04-09,-0.006793,105.27
2007-04-10,0.007789,106.09
2007-04-11,-0.006881,105.36
2007-04-12,-0.006834,104.64
2007-04-13,0.01185,105.88
2007-04-16,0.015962,107.57
2007-04-17,0.014409,109.12
2007-04-18,0.027309,112.1
2007-04-19,0.004103,112.56
2007-04-20,0.009151,113.59
2007-04-23,-0.013029,112.11
2007-04-24,-8.9e-05,112.1
2007-04-25,0.008653,113.07
2007-04-26,-0.005749,112.42
2007-04-27,-0.007116,111.62
2007-04-30,-0.002509,111.34
2007-05-01,0.005209,111.92
2007-05-02,0.005718,112.56
2007-05-03,0.004353,113.05
2007-05-04,0.005042,113.62
2007-05-07,-0.001232,113.48
2007-05-08,-0.006433,112.75
2007-05-09,0.002927,113.08
2007-05-10,-0.014945,111.39
2007-05-11,0.005925,112.05
2007-05-14,-0.003034,111.71
2007-05-15,-0.005013,111.15
2007-05-16,0.008727,112.12
2007-05-17,0.002587,112.41
2007-05-18,0.00258,112.7
2007-05-21,0.00213,112.94
2007-05-22,0.001505,113.11
2007-05-23,-0.00221,112.86
2007-05-24,-0.016658,110.98
2007-05-25,-0.002072,110.75
2007-05-29,0.001174,110.88
2007-05-30,0.004239,110.75
2007-05-31,-0.002889,110.43
2007-06-01,0.00824,111.34
2007-06-04,-0.007006,110.56
2007-06-05,-0.01402,109.01
2007-06-06,-0.007431,108.2
2007-06-07,-0.00841,107.29
2007-06-08,0.021251,109.57
2007-06-11,-0.000548,109.51
2007-06-12,-0.020911,107.22
2007-06-13,0.021731,109.55
2007-06-14,-0.006664,108.82
2007-06-15,-0.000643,108.75
2007-06-18,-0.000644,108.68
2007-06-19,0.006533,109.39
2007-06-20,-0.015906,107.65
2007-06-21,0.008082,108.52
2007-06-22,-0.01456,106.94
2007-06-25,-0.001496,106.78
2007-06-26,0.004027,107.21
2007-06-27,0.011006,108.39
2007-06-28,-0.000554,108.33
2007-06-29,-0.0132,106.9
2007-07-02,0.015341,108.54
2007-07-03,0.006081,109.2
2007-07-05,-0.010623,108.04
2007-07-06,0.006109,108.7
2007-07-09,-0.006808,107.96
2007-07-10,-0.013153,106.54
2007-07-11,0.01117,107.73
2007-07-12,0.037223,111.74
2007-07-13,-0.000179,111.72
2007-07-16,0.00358,112.12
2007-07-17,0.005084,112.69
2007-07-18,-0.019434,110.5
2007-07-19,0.002172,110.74
2007-07-20,-0.018331,108.71
2007-07-23,-0.003588,108.32
2007-07-24,-0.025572,105.55
2007-07-25,0.014306,107.06
2007-07-26,-0.018868,105.04
2007-07-27,0.003427,105.4
2007-07-30,0.016698,107.16
2007-07-31,-0.008119,106.29
2007-08-01,0.002258,106.53
2007-08-02,-0.010889,105.37
2007-08-03,-0.052387,99.85
2007-08-06,0.070906,106.93
2007-08-07,-0.006172,106.27
2007-08-08,0.010163,107.35
2007-08-09,-0.068933,99.95
2007-08-10,0.024412,102.39
2007-08-13,-0.007716,101.6
2007-08-14,-0.015354,100.04
2007-08-15,0.005098,100.55
2007-08-16,0.078369,108.43
2007-08-17,0.029881,111.67
2007-08-20,-0.035551,107.7
2007-08-21,0.008078,108.57
2007-08-22,-0.002579,108.29
2007-08-23,-0.020316,106.09
2007-08-24,0.018381,108.04
2007-08-27,-0.013976,106.53
2007-08-28,-0.029288,103.41
2007-08-29,0.030848,106.6
2007-08-30,-0.016417,104.15
2007-08-31,0.016611,105.88
2007-09-04,0.005572,106.47
2007-09-05,-0.010707,105.33
2007-09-06,-0.002184,105.1
2007-09-07,-0.018078,103.2
2007-09-10,0.005717,103.79
2007-09-11,0.012525,105.09
2007-09-12,-0.011038,103.93
2007-09-13,0.010873,105.06
2007-09-14,-0.002475,104.8
2007-09-17,-0.003721,104.41
2007-09-18,0.045685,109.18
2007-09-19,0.001465,109.34
2007-09-20,-0.010243,108.22
2007-09-21,-0.005729,107.6
2007-09-24,-0.021004,105.34
2007-09-25,-0.009873,104.3
2007-09-26,0.001438,104.45
2007-09-27,0.005744,105.05
2007-09-28,-0.015231,103.45
2007-10-01,0.018076,105.32
2007-10-02,0.005602,105.91
2007-10-03,0.00406,106.34
2007-10-04,0.007429,107.13
2007-10-05,0.005601,107.73
2007-10-08,-0.01216,106.42
2007-10-09,0.005638,107.02
2007-10-10,-0.015978,105.31
2007-10-11,-0.004463,104.84
2007-10-12,-0.033384,101.34
2007-10-15,-0.014308,99.89
2007-10-16,-0.019521,97.94
2007-10-17,0.021033,100.0
2007-10-18,-0.014,98.6
2007-10-19,-0.012272,97.39
2007-10-22,0.007393,98.11
2007-10-23,-0.001529,97.96
2007-10-24,-0.008167,97.16
2007-10-25,0.004323,97.58
2007-10-26,0.027465,100.26
2007-10-29,-0.00758,99.5
2007-10-30,-0.008543,98.65
2007-10-31,0.008414,99.48
2007-11-01,-0.060716,93.44
2007-11-02,-0.021083,91.47
2007-11-05,-0.007653,90.77
2007-11-06,0.018288,92.43
2007-11-07,-0.04782,88.01
2007-11-08,0.034314,91.03
2007-11-09,0.013732,92.28
2007-11-12,0.009211,93.13
2007-11-13,0.048534,97.65
2007-11-14,-0.031439,94.58
2007-11-15,-0.037852,91.0
2007-11-16,-0.017582,89.4
2007-11-19,-0.012528,88.28
2007-11-20,-0.007929,87.58
2007-11-21,-0.002398,87.37
2007-11-23,0.029759,89.97
2007-11-26,-0.055463,84.98
2007-11-27,0.034126,87.88
2007-11-28,0.0363,91.07
2007-11-29,-0.017789,89.45
2007-11-30,0.016881,90.96
2007-12-03,-0.002529,90.73
2007-12-04,-0.02006,88.91
2007-12-05,0.012934,90.06
2007-12-06,0.007995,90.78
2007-12-07,-0.02104,88.87
2007-12-10,0.036683,92.13
2007-12-11,-0.063823,86.25
2007-12-12,-0.005449,85.78
2007-12-13,0.002798,85.32
2007-12-14,-0.023558,83.31
2007-12-17,-0.028808,80.91
2007-12-18,0.000494,80.95
2007-12-19,-0.013836,79.83
2007-12-20,-0.006514,79.31
2007-12-21,0.035431,82.12
2007-12-24,0.004627,82.5
2007-12-26,-0.002909,82.26
2007-12-27,-0.014466,81.07
2007-12-28,0.004441,81.43
2007-12-31,0.001719,81.57
2008-01-02,-0.019492,79.98
2008-01-03,-0.014754,78.8
2008-01-04,-0.037437,75.85
2008-01-07,0.00857,76.5
2008-01-08,-0.049935,72.68
2008-01-09,0.015823,73.83
2008-01-10,0.016254,75.03
2008-01-11,-0.01706,73.75
2008-01-14,-0.018034,72.42
2008-01-15,-0.011461,71.59
2008-01-16,0.034502,74.06
2008-01-17,-0.02687,72.07
2008-01-18,0.022478,73.69
2008-01-22,0.035012,76.27
2008-01-23,0.109873,84.65
2008-01-24,0.000473,84.69
2008-01-25,-0.009919,83.85
2008-01-28,0.038163,87.05
2008-01-29,0.010109,87.93
2008-01-30,-0.003184,87.65
2008-01-31,0.041415,91.28
2008-02-01,0.030127,94.03
2008-02-04,-0.042221,90.06
2008-02-05,-0.016878,88.54
2008-02-06,-0.001129,88.44
2008-02-07,0.013342,89.62
2008-02-08,-0.008146,88.89
2008-02-11,-0.017325,87.35
2008-02-12,0.007785,88.03
2008-02-13,0.002045,88.21
2008-02-14,-0.020293,86.42
2008-02-15,0.022911,88.4
2008-02-19,-0.029412,85.8
2008-02-20,0.019464,87.47
2008-02-21,-0.029153,84.92
2008-02-22,0.023198,86.89
2008-02-25,0.005409,87.36
2008-02-26,0.001946,87.53
2008-02-27,0.003427,87.13
2008-02-28,-0.033169,84.24
2008-02-29,-0.025641,82.08
2008-03-03,-0.023392,80.16
2008-03-04,-0.009481,79.4
2008-03-05,-0.00995,78.61
2008-03-06,-0.03422,75.92
2008-03-07,0.018045,77.29
2008-03-10,-0.005046,76.9
2008-03-11,0.091287,83.92
2008-03-12,-0.032174,81.22
2008-03-13,0.013051,82.28
2008-03-14,-0.028196,79.96
2008-03-17,0.002126,80.13
2008-03-18,0.028329,82.4
2008-03-19,-0.023665,80.45
2008-03-20,0.074581,86.45
2008-03-24,-0.00347,86.15
2008-03-25,0.004643,86.55
2008-03-26,-0.027383,84.18
2008-03-27,-0.011285,83.23
2008-03-28,-0.017181,81.8
2008-03-31,-0.016137,80.48
2008-04-01,0.058524,85.19
2008-04-02,-0.00047,85.15
2008-04-03,0.000352,85.18
2008-04-04,-0.025475,83.01
2008-04-07,0.034574,85.88
2008-04-08,-0.001514,85.75
2008-04-09,-0.018892,84.13
2008-04-10,0.009153,84.9
2008-04-11,-0.015077,83.62
2008-04-14,-0.034322,80.75
2008-04-15,0.063282,85.86
2008-04-16,0.046471,89.85
2008-04-17,0.017474,91.42
2008-04-18,-0.010063,90.5
2008-04-21,-0.028177,87.95
2008-04-22,0.012394,89.04
2008-04-23,-0.011456,88.02
2008-04-24,0.04249,91.76
2008-04-25,0.027463,94.28
2008-04-28,0.007531,94.99
2008-04-29,-0.014423,93.62
2008-04-30,-0.004166,93.23
2008-05-01,0.040867,97.04
2008-05-02,-0.017828,95.31
2008-05-05,-0.013535,94.02
2008-05-06,0.006063,94.59
2008-05-07,-0.02495,92.23
2008-05-08,-0.008132,91.48
2008-05-09,-0.00481,91.04
2008-05-12,0.025264,93.34
2008-05-13,-0.020034,91.47
2008-05-14,0.019679,93.27
2008-05-15,0.009006,94.11
2008-05-16,-0.026246,91.64
2008-05-19,-0.000437,91.6
2008-05-20,-0.030459,88.81
2008-05-21,-0.002365,88.6
2008-05-22,0.01456,89.89
2008-05-23,-0.017021,88.36
2008-05-27,0.016071,89.78
2008-05-28,-0.03464,86.67
2008-05-29,0.018576,87.58
2008-05-30,-0.010505,86.66
2008-06-02,-0.012116,85.61
2008-06-03,-0.006541,85.05
2008-06-04,-0.013404,83.91
2008-06-05,0.010011,84.75
2008-06-06,-0.042124,81.18
2008-06-09,-0.004804,80.79
2008-06-10,0.002971,81.03
2008-06-11,-0.040973,77.71
2008-06-12,0.000643,77.76
2008-06-13,0.001543,77.88
2008-06-16,0.012455,78.85
2008-06-17,-0.022575,77.07
2008-06-18,-0.015311,75.89
2008-06-19,0.000922,75.96
2008-06-20,-0.034755,73.32
2008-06-23,-0.015412,72.19
2008-06-24,0.015792,73.33
2008-06-25,0.002455,73.51
2008-06-26,-0.021766,71.91
2008-06-27,-0.004728,71.57
2008-06-30,-0.014392,70.54
2008-07-01,0.037993,73.22
2008-07-02,0.008741,73.86
2008-07-03,-0.032223,71.48
2008-07-07,-0.02798,69.48
2008-07-08,0.061744,73.77
2008-07-09,-0.059103,69.41
2008-07-10,-0.002882,69.21
2008-07-11,0.00708,69.7
2008-07-14,-0.156098,58.82
2008-07-15,-0.031962,56.94
2008-07-16,0.126273,64.13
2008-07-17,0.042258,66.84
2008-07-18,0.02678,68.63
2008-07-21,0.006411,69.07
2008-07-22,0.052411,72.69
2008-07-23,-0.017472,71.42
2008-07-24,-0.040745,68.51
2008-07-25,-0.005985,68.1
2008-07-28,-0.019824,66.75
2008-07-29,0.051386,70.18
2008-07-30,0.018239,71.46
2008-07-31,-0.015113,70.38
2008-08-01,0.016908,71.57
2008-08-04,0.008523,72.18
2008-08-05,0.035605,74.75
2008-08-06,0.002141,74.91
2008-08-07,-0.027633,72.84
2008-08-08,0.044344,76.07
2008-08-11,0.040226,79.13
2008-08-12,-0.057627,74.57
2008-08-13,-0.030441,72.3
2008-08-14,0.026971,74.25
2008-08-15,0.003636,74.52
2008-08-18,-0.038245,71.67
2008-08-19,-0.025255,69.86
2008-08-20,-0.009591,69.19
2008-08-21,-0.013586,68.25
2008-08-22,0.028718,70.21
2008-08-25,-0.035323,67.73
2008-08-26,0.01004,68.41
2008-08-27,0.003508,68.65
2008-08-28,0.040641,70.74
2008-08-29,0.008482,71.34
2008-09-02,0.023269,73.0
2008-09-03,0.009178,73.67
2008-09-04,-0.014524,72.6
2008-09-05,0.018044,73.91
2008-09-08,0.028278,76.0
2008-09-09,-0.018947,74.56
2008-09-10,0.002548,74.75
2008-09-11,0.004816,75.11
2008-09-12,0.04074,78.17
2008-09-15,-0.029935,75.83
2008-09-16,0.067915,80.98
2008-09-17,-0.042356,77.55
2008-09-18,0.161831,90.1
2008-09-19,0.037736,93.5
2008-09-22,-0.041818,89.59
2008-09-23,-0.060944,84.13
2008-09-24,0.050755,88.4
2008-09-25,-0.010294,87.49
2008-09-26,0.045834,91.5
2008-09-29,-0.125683,80.0
2008-09-30,0.115625,89.25
2008-10-01,0.069468,95.45
2008-10-02,-0.096386,86.25
2008-10-03,0.016464,87.67
2008-10-06,-0.02806,85.21
2008-10-07,-0.072879,79.0
2008-10-08,-0.069114,73.54
2008-10-09,-0.119799,64.73
2008-10-10,0.123899,72.75
2008-10-13,-0.043299,69.6
2008-10-14,0.149425,80.0
2008-10-15,-0.0265,77.88
2008-10-16,0.020801,79.5
2008-10-17,-0.006289,79.0
2008-10-20,0.026329,81.08
2008-10-21,0.033794,83.82
2008-10-22,-0.066929,78.21
2008-10-23,-0.053318,74.04
2008-10-24,0.016343,75.25
2008-10-27,0.00093,75.32
2008-10-28,0.069437,80.55
2008-10-29,-0.021477,78.82
2008-10-30,-0.010403,78.0
2008-10-31,0.039744,81.1
2008-11-03,0.010851,81.98
2008-11-04,0.062576,87.11
2008-11-05,-0.10171,78.25
2008-11-06,-0.051118,74.25
2008-11-07,-0.00633,73.78
2008-11-10,-0.039035,70.9
2008-11-11,-0.031876,68.64
2008-11-12,-0.055798,64.81
2008-11-13,0.038266,67.29
2008-11-14,-0.021697,65.83
2008-11-17,-0.057573,62.04
2008-11-18,-0.015152,61.1
2008-11-19,-0.081178,56.14
2008-11-20,-0.020306,55.0
2008-11-21,0.058364,58.21
2008-11-24,0.08057,62.9
2008-11-25,0.023529,64.38
2008-11-26,0.021901,65.09
2008-11-28,-0.012905,64.25
2008-12-01,-0.124825,56.23
2008-12-02,0.064201,59.84
2008-12-03,0.040274,62.25
2008-12-04,-0.001285,62.17
2008-12-05,0.091845,67.88
2008-12-08,0.023571,69.48
2008-12-09,-0.054836,65.67
2008-12-10,-0.012944,64.82
2008-12-11,-0.090559,58.95
2008-12-12,0.002036,59.07
2008-12-15,-0.031657,57.2
2008-12-16,0.06958,61.18
2008-12-17,0.003269,61.38
2008-12-18,-0.027045,59.72
2008-12-19,-0.062961,55.96
2008-12-22,-0.012688,55.25
2008-12-23,-0.024434,53.9
2008-12-24,0.037662,55.93
2008-12-26,-0.009655,55.39
2008-12-29,-0.031775,53.63
2008-12-30,0.029648,55.22
2008-12-31,0.03966,57.41
2009-01-02,-0.001568,57.32
2009-01-05,-0.058618,53.96
2009-01-06,-0.01149,53.34
2009-01-07,-0.070116,49.6
2009-01-08,-0.006048,49.3
2009-01-09,-0.024341,48.1
2009-01-12,-0.054886,45.46
2009-01-13,0.033876,47.0
2009-01-14,-0.038723,45.18
2009-01-15,-0.057326,42.59
2009-01-16,-0.062456,39.93
2009-01-20,-0.10844,35.6
2009-01-21,0.064607,37.9
2009-01-22,-0.0438,36.24
2009-01-23,0.031457,37.38
2009-01-26,-0.018192,36.7
2009-01-27,0.030245,37.81
2009-01-28,0.114255,42.13
2009-01-29,-0.051033,39.98
2009-01-30,-0.026763,38.91
2009-02-02,0.000771,38.94
2009-02-03,-0.043914,37.23
2009-02-04,0.027397,38.25
2009-02-05,0.000523,38.27
2009-02-06,0.073948,41.1
2009-02-09,0.008029,41.43
2009-02-10,-0.085445,37.89
2009-02-11,0.00607,38.12
2009-02-12,0.011805,38.57
2009-02-13,-0.043039,36.91
2009-02-17,-0.051748,35.0
2009-02-18,0.029429,36.03
2009-02-19,-0.07577,33.3
2009-02-20,0.054054,35.1
2009-02-23,0.006268,35.32
2009-02-24,0.102775,38.95
2009-02-25,0.004621,38.43
2009-02-26,0.034348,39.75
2009-02-27,-0.079245,36.6
2009-03-02,-0.045082,34.95
2009-03-03,-0.036052,33.69
2009-03-04,-0.005046,33.52
2009-03-05,-0.090096,30.5
2009-03-06,0.044262,31.85
2009-03-09,0.015071,32.33
2009-03-10,0.106712,35.78
2009-03-11,-0.003354,35.66
2009-03-12,0.078239,38.45
2009-03-13,0.023147,39.34
2009-03-16,-0.031266,38.11
2009-03-17,0.043296,39.76
2009-03-18,0.054326,41.92
2009-03-19,-0.042462,40.14
2009-03-20,0.003239,40.27
2009-03-23,0.210579,48.75
2009-03-24,-0.064615,45.6
2009-03-25,-0.001096,45.55
2009-03-26,0.033809,47.09
2009-03-27,0.013803,47.74
2009-03-30,-0.078341,44.0
2009-03-31,0.028182,45.24
2009-04-01,0.06366,48.12
2009-04-02,-0.023275,47.0
2009-04-03,0.006596,47.31
2009-04-06,0.002325,47.42
2009-04-07,-0.02151,46.4
2009-04-08,0.018319,47.25
2009-04-09,0.154709,54.56
2009-04-13,0.020345,55.67
2009-04-14,-0.075085,51.49
2009-04-15,0.070111,55.1
2009-04-16,0.031216,56.82
2009-04-17,0.055438,59.97
2009-04-20,-0.124396,52.51
2009-04-21,-0.014473,51.75
2009-04-22,-0.041546,49.6
2009-04-23,0.039113,51.54
2009-04-24,0.039193,53.56
2009-04-27,-0.057319,50.49
2009-04-28,-0.018618,49.55
2009-04-29,0.061554,52.6
2009-04-30,-0.002852,52.45
2009-05-01,-0.058341,49.39
2009-05-04,0.139704,56.29
2009-05-05,-0.03553,54.29
2009-05-06,0.049917,57.0
2009-05-07,-0.07193,52.9
2009-05-08,0.041399,55.09
2009-05-11,-0.06916,51.28
2009-05-12,-0.022036,50.15
2009-05-13,-0.072383,46.52
2009-05-14,0.031599,47.99
2009-05-15,-0.038133,46.16
2009-05-18,0.054593,48.68
2009-05-19,0.051561,51.19
2009-05-20,-0.067591,47.73
2009-05-21,-0.024094,46.58
2009-05-22,0.00322,46.73
2009-05-26,0.048577,49.0
2009-05-27,-0.004694,48.77
2009-05-28,0.010047,48.56
2009-05-29,0.035832,50.3
2009-06-01,0.00994,50.8
2009-06-02,-0.036221,48.96
2009-06-03,0.000817,49.0
2009-06-04,0.013673,49.67
2009-06-05,-0.024763,48.44
2009-06-08,0.011974,49.02
2009-06-09,0.003876,49.21
2009-06-10,-0.028246,47.82
2009-06-11,0.017148,48.64
2009-06-12,0.004523,48.86
2009-06-15,-0.032542,47.27
2009-06-16,-0.030463,45.83
2009-06-17,-0.023565,44.75
2009-06-18,0.010279,45.21
2009-06-19,0.035169,46.8
2009-06-22,-0.055128,44.22
2009-06-23,0.016282,44.94
2009-06-24,0.022252,45.94
2009-06-25,0.081193,49.67
2009-06-26,-0.010469,49.15
2009-06-29,0.044761,51.35
2009-06-30,-0.008179,50.93
2009-07-01,0.004516,51.16
2009-07-02,0.024238,52.4
2009-07-06,0.021374,53.52
2009-07-07,-0.014574,52.74
2009-07-08,-0.032613,51.02
2009-07-09,0.003724,51.21
2009-07-10,0.002929,51.36
2009-07-13,0.063279,54.61
2009-07-14,-0.020509,53.49
2009-07-15,0.039447,55.6
2009-07-16,0.001978,55.71
2009-07-17,-0.022797,54.44
2009-07-20,0.049045,57.11
2009-07-21,-0.039047,54.88
2009-07-22,0.001093,54.94
2009-07-23,0.04059,57.17
2009-07-24,0.006122,57.52
2009-07-27,0.034944,59.53
2009-07-28,-0.018982,58.4
2009-07-29,-0.019692,57.25
2009-07-30,0.033013,59.14
2009-07-31,-0.013865,58.32
2009-08-03,-0.003086,58.14
2009-08-04,0.01462,58.99
2009-08-05,0.018647,60.09
2009-08-06,-0.017474,59.04
2009-08-07,0.036416,61.19
2009-08-10,0.007027,61.62
2009-08-11,-0.032457,59.62
2009-08-12,0.000335,59.64
2009-08-13,0.010563,60.27
2009-08-14,-0.004148,60.02
2009-08-17,-0.037821,57.75
2009-08-18,0.005887,58.09
2009-08-19,0.006025,58.44
2009-08-20,0.019678,59.59
2009-08-21,0.014264,60.44
2009-08-24,0.006784,60.85
2009-08-25,0.007888,61.33
2009-08-26,0.00212,61.46
2009-08-27,-0.00358,61.24
2009-08-28,0.017962,61.64
2009-08-31,0.001947,61.76
2009-09-01,-0.050842,58.62
2009-09-02,-0.029171,56.91
2009-09-03,0.02583,58.38
2009-09-04,0.00137,58.46
2009-09-08,0.004276,58.71
2009-09-09,0.00494,59.0
2009-09-10,0.013898,59.82
2009-09-11,-0.008191,59.33
2009-09-14,-0.000169,59.32
2009-09-15,0.05091,62.34
2009-09-16,0.071704,66.81
2009-09-17,-0.024098,65.2
2009-09-18,0.012884,66.04
2009-09-21,-0.008631,65.47
2009-09-22,-0.00443,65.18
2009-09-23,-0.021326,63.79
2009-09-24,-0.009876,63.16
2009-09-25,-0.010925,62.47
2009-09-28,0.012166,63.23
2009-09-29,-0.01202,62.47
2009-09-30,-0.002401,62.32
2009-10-01,-0.034499,60.17
2009-10-02,-0.000499,60.14
2009-10-05,0.004988,60.44
2009-10-06,0.03094,62.31
2009-10-07,0.002407,62.46
2009-10-08,0.011047,63.15
2009-10-09,0.045447,66.02
2009-10-12,0.003029,66.22
2009-10-13,-0.004983,65.89
2009-10-14,0.020944,67.27
2009-10-15,-0.001189,67.19
2009-10-16,-0.009823,66.53
2009-10-19,-0.003908,66.27
2009-10-20,0.015844,67.32
2009-10-21,-0.015597,66.27
2009-10-22,0.040592,68.96
2009-10-23,-0.002755,68.77
2009-10-26,-0.012215,67.93
2009-10-27,-0.018401,66.68
2009-10-28,-0.027445,64.85
2009-10-29,0.012645,65.67
2009-10-30,-0.042942,62.85
2009-11-02,0.006842,63.28
2009-11-03,-0.008375,62.75
2009-11-04,-0.028685,60.95
2009-11-05,0.026579,62.57
2009-11-06,0.004155,62.83
2009-11-09,0.02849,64.62
2009-11-10,-0.016713,63.54
2009-11-11,0.011017,64.24
2009-11-12,-0.019303,63.0
2009-11-13,-0.007937,62.5
2009-11-16,0.0144,63.4
2009-11-17,0.001735,63.51
2009-11-18,0.021414,64.87
2009-11-19,0.007091,65.33
2009-11-20,0.00796,65.85
2009-11-23,0.011541,66.61
2009-11-24,-0.002852,66.42
2009-11-25,-0.000753,66.37
2009-11-27,-0.027422,63.85
2009-11-30,0.027095,65.58
2009-12-01,0.001067,65.65
2009-12-02,-0.003199,65.44
2009-12-03,-0.039884,62.83
2009-12-04,0.009709,63.44
2009-12-07,-0.031684,61.43
2009-12-08,0.037767,63.75
2009-12-09,0.003294,63.96
2009-12-10,-0.005785,63.59
2009-12-11,0.013367,64.44
2009-12-14,0.006362,64.85
2009-12-15,-0.031303,62.82
2009-12-16,0.003343,63.03
2009-12-17,0.00587,63.4
2009-12-18,0.023186,64.87
2009-12-21,0.013874,65.77
2009-12-22,0.016573,66.86
2009-12-23,-0.008974,66.26
2009-12-24,0.008452,66.82
2009-12-28,0.000449,66.85
2009-12-29,-0.000299,66.83
2009-12-30,0.003741,67.08
2009-12-31,-0.002832,66.89
2010-01-04,0.001794,67.01
2010-01-05,0.017908,68.21
2010-01-06,0.033426,70.49
2010-01-07,0.03731,73.12
2010-01-08,0.009847,73.84
2010-01-11,-0.00948,73.14
2010-01-12,-0.019825,71.69
2010-01-13,0.026922,73.62
2010-01-14,0.023363,75.34
2010-01-15,-0.028935,73.16
2010-01-19,0.02105,74.7
2010-01-20,0.040027,77.69
2010-01-21,0.011584,78.59
2010-01-22,-0.038173,75.59
2010-01-25,-0.007805,75.0
2010-01-26,-0.016933,73.73
2010-01-27,0.034857,76.3
2010-01-28,-0.007602,75.72
2010-01-29,-0.026017,73.75
2010-02-01,0.015593,74.9
2010-02-02,0.001335,75.0
2010-02-03,-0.037733,72.17
2010-02-04,-0.0212,70.64
2010-02-05,0.028737,72.67
2010-02-08,-0.01899,71.29
2010-02-09,0.009819,71.99
2010-02-10,0.009446,72.67
2010-02-11,-0.003715,72.4
2010-02-12,-0.004558,72.07
2010-02-16,0.04232,75.12
2010-02-17,-0.008387,74.49
2010-02-18,0.012619,75.43
2010-02-19,0.015511,76.6
2010-02-22,0.019452,78.09
2010-02-23,-0.011141,77.22
2010-02-24,0.021756,78.2
2010-02-25,-0.020716,76.58
2010-02-26,0.0111,77.43
2010-03-01,0.004779,77.8
2010-03-02,0.008483,78.46
2010-03-03,-0.023706,76.6
2010-03-04,-0.005744,76.16
2010-03-05,0.031381,78.55
2010-03-08,0.002292,78.73
2010-03-09,0.000762,78.79
2010-03-10,0.009773,79.56
2010-03-11,0.009301,80.3
2010-03-12,-0.003736,80.0
2010-03-15,0.003875,80.31
2010-03-16,0.014195,81.45
2010-03-17,0.016452,82.79
2010-03-18,0.014615,84.0
2010-03-19,-0.008571,83.28
2010-03-22,-0.00036,83.25
2010-03-23,-0.00048,83.21
2010-03-24,-0.002043,83.04
2010-03-25,-0.007105,82.45
2010-03-26,-0.019891,80.81
2010-03-29,0.001732,80.95
2010-03-30,-0.0147,79.76
2010-03-31,-0.004764,79.38
2010-04-01,0.002394,79.57
2010-04-05,0.025638,81.61
2010-04-06,0.034922,84.46
2010-04-07,-0.013142,83.35
2010-04-08,0.009358,84.13
2010-04-09,0.014383,85.34
2010-04-12,-0.000352,85.31
2010-04-13,-0.004572,84.92
2010-04-14,0.022021,86.79
2010-04-15,-0.007489,86.14
2010-04-16,-0.021941,84.25
2010-04-19,-0.00178,84.1
2010-04-20,0.010702,85.0
2010-04-21,0.015059,86.28
2010-04-22,0.017849,87.82
2010-04-23,0.007629,88.49
2010-04-26,-0.034354,85.45
2010-04-27,-0.015916,84.09
2010-04-28,0.015935,85.43
2010-04-29,0.046939,89.44
2010-04-30,-0.023368,87.35
2010-05-03,0.020607,89.15
2010-05-04,-0.022771,87.12
2010-05-05,0.003329,87.41
2010-05-06,-0.035923,84.27
2010-05-07,-0.002373,84.07
2010-05-10,0.052218,88.46
2010-05-11,0.003504,88.77
2010-05-12,0.021629,90.69
2010-05-13,-0.005183,90.22
2010-05-14,-0.03292,87.25
2010-05-17,0.006762,87.84
2010-05-18,-0.048156,83.61
2010-05-19,-0.002631,83.39
2010-05-20,-0.04425,79.7
2010-05-21,0.053952,84.0
2010-05-24,-0.030952,81.4
2010-05-25,-0.007248,80.81
2010-05-26,-0.006064,80.32
2010-05-27,0.023157,81.48
2010-05-28,-0.027492,79.24
2010-06-01,-0.02158,77.53
2010-06-02,0.027602,79.67
2010-06-03,-0.008912,78.96
2010-06-04,-0.045593,75.36
2010-06-07,-0.014862,74.24
2010-06-08,0.031654,76.59
2010-06-09,-0.004309,76.26
2010-06-10,0.031209,78.64
2010-06-11,-0.003179,78.39
2010-06-14,-0.010971,77.53
2010-06-15,0.023604,79.36
2010-06-16,0.032384,81.93
2010-06-17,0.090443,89.34
2010-06-18,0.015335,90.71
2010-06-21,0.04123,94.45
2010-06-22,-0.007835,93.71
2010-06-23,-0.028706,91.02
2010-06-24,-0.047572,86.69
2010-06-25,0.019379,88.37
2010-06-28,0.009845,89.24
2010-06-29,-0.033057,86.29
2010-06-30,-0.015529,84.95
2010-07-01,0.026486,87.2
2010-07-02,-0.026491,84.89
2010-07-06,0.012605,85.96
2010-07-07,0.038041,89.23
2010-07-08,-0.006836,88.62
2010-07-09,0.018168,90.23
2010-07-12,-0.012302,89.12
2010-07-13,0.026818,91.51
2010-07-14,-0.017157,89.94
2010-07-15,-0.012898,88.78
2010-07-16,-0.034355,85.73
2010-07-19,0.004083,86.08
2010-07-20,-0.011617,85.08
2010-07-21,-0.018571,83.5
2010-07-22,0.038084,86.68
2010-07-23,0.033226,89.56
2010-07-26,0.031487,92.38
2010-07-27,-0.027387,89.85
2010-07-28,-0.022482,87.83
2010-07-29,-0.00945,87.0
2010-07-30,0.003908,87.34
2010-08-02,0.025418,89.56
2010-08-03,-0.01753,87.99
2010-08-04,0.006933,88.6
2010-08-05,-0.010497,87.67
2010-08-06,-0.009011,86.88
2010-08-09,0.012316,87.95
2010-08-10,-0.000455,87.91
2010-08-11,-0.040041,84.39
2010-08-12,0.00948,85.19
2010-08-13,0.001878,85.35
2010-08-16,0.001172,85.45
2010-08-17,0.05828,90.43
2010-08-18,-0.004202,90.05
2010-08-19,-0.008218,89.31
2010-08-20,0.005039,89.76
2010-08-23,-0.010918,88.78
2010-08-24,-0.015882,87.37
2010-08-25,-0.00641,86.81
2010-08-26,-0.001843,86.65
2010-08-27,0.013041,87.78
2010-08-30,-0.024265,84.95
2010-08-31,0.008122,85.64
2010-09-01,0.021602,87.49
2010-09-02,-0.0024,87.28
2010-09-03,0.018905,88.93
2010-09-07,-0.047566,84.7
2010-09-08,0.008973,85.46
2010-09-09,0.020477,87.21
2010-09-10,-0.007339,86.57
2010-09-13,0.021023,88.39
2010-09-14,-0.005544,87.9
2010-09-15,-0.005688,87.4
2010-09-16,-0.005492,86.92
2010-09-17,-0.002531,86.7
2010-09-20,0.049596,91.0
2010-09-21,-0.025385,88.69
2010-09-22,0.002819,88.94
2010-09-23,-0.008658,88.17
2010-09-24,0.027787,90.62
2010-09-27,-0.070404,84.24
2010-09-28,-0.020655,82.5
2010-09-29,-0.008364,81.81
2010-09-30,0.0,81.81
2010-10-01,0.001222,81.91
2010-10-04,0.00293,82.15
2010-10-05,0.011442,83.09
2010-10-06,-0.050307,78.91
2010-10-07,-0.025852,76.87
2010-10-08,-0.00039,76.84
2010-10-11,0.004945,77.22
2010-10-12,0.004274,77.55
2010-10-13,-0.009929,76.78
2010-10-14,-0.014587,75.66
2010-10-15,-0.005816,75.22
2010-10-18,0.020872,76.79
2010-10-19,-0.013804,75.73
2010-10-20,-0.02192,74.07
2010-10-21,-0.014986,72.96
2010-10-22,0.020285,74.44
2010-10-25,0.001881,74.58
2010-10-26,0.007911,75.17
2010-10-27,-0.002927,74.95
2010-10-28,-0.003869,74.66
2010-10-29,0.001205,74.75
2010-11-01,0.036388,77.47
2010-11-02,0.002323,77.65
2010-11-03,0.039021,80.68
2010-11-04,0.022434,82.49
2010-11-05,0.002546,82.7
2010-11-08,-0.005804,82.22
2010-11-09,-0.023109,80.32
2010-11-10,0.024153,82.26
2010-11-11,-0.002067,82.09
2010-11-12,-0.013522,80.98
2010-11-15,0.003828,81.29
2010-11-16,-0.018822,79.76
2010-11-17,-0.002758,79.54
2010-11-18,-0.022127,77.78
2010-11-19,0.000257,77.8
2010-11-22,-0.012082,76.86
2010-11-23,0.003253,77.11
2010-11-24,0.002723,77.32
2010-11-26,-0.011252,76.45
2010-11-29,0.01622,76.99
2010-11-30,-0.00039,76.96
2010-12-01,0.02001,78.5
2010-12-02,0.027261,80.64
2010-12-03,0.002728,80.86
2010-12-06,-0.015088,79.64
2010-12-07,-0.002135,79.47
2010-12-08,0.023531,81.34
2010-12-09,0.023359,83.24
2010-12-10,0.021384,85.02
2010-12-13,0.003646,85.33
2010-12-14,-0.017227,83.86
2010-12-15,-0.02063,82.13
2010-12-16,0.004383,82.49
2010-12-17,0.003152,82.75
2010-12-20,0.019456,84.36
2010-12-21,0.016358,85.74
2010-12-22,0.004899,86.16
2010-12-23,-0.011722,85.15
2010-12-27,0.010804,86.07
2010-12-28,0.008249,86.78
2010-12-29,0.006914,87.38
2010-12-30,-0.010872,86.43
2010-12-31,0.007173,87.05
2011-01-03,0.009764,87.9
2011-01-04,-0.010239,87.0
2011-01-05,0.011839,88.03
2011-01-06,-0.005566,87.54
2011-01-07,-0.008225,86.82
2011-01-10,-0.008293,86.1
2011-01-11,0.007201,86.72
2011-01-12,0.00738,87.36
2011-01-13,-0.012592,86.26
2011-01-14,0.001391,86.38
2011-01-18,-0.002084,86.2
2011-01-19,0.003364,86.49
2011-01-20,-0.008787,85.73
2011-01-21,0.012131,86.77
2011-01-24,-0.00461,86.37
2011-01-25,0.007063,86.98
2011-01-26,-0.010347,86.08
2011-01-27,0.009758,86.92
2011-01-28,-0.006558,86.35
2011-01-31,0.00139,86.47
2011-02-01,0.009252,87.27
2011-02-02,-0.006302,86.72
2011-02-03,-0.000231,86.7
2011-02-04,0.009112,87.49
2011-02-07,0.005715,87.99
2011-02-08,0.012842,89.12
2011-02-09,-0.003927,88.77
2011-02-10,-0.007435,88.11
2011-02-11,0.019862,89.86
2011-02-14,-0.007233,89.21
2011-02-15,0.002578,89.44
2011-02-16,0.006261,90.0
2011-02-17,-0.000111,89.99
2011-02-18,0.011335,91.01
2011-02-22,-0.015493,89.6
2011-02-23,-0.005692,89.09
2011-02-24,-0.008531,87.63
2011-02-25,0.010613,88.56
2011-02-28,-0.005759,88.05
2011-03-01,-0.021011,86.2
2011-03-02,-0.005684,85.71
2011-03-03,0.019951,87.42
2011-03-04,0.006749,88.01
2011-03-07,-0.010567,87.08
2011-03-08,0.031121,89.79
2011-03-09,-0.003341,89.49
2011-03-10,-0.020449,87.66
2011-03-11,0.000456,87.7
2011-03-14,-0.001368,87.58
2011-03-15,-0.011989,86.53
2011-03-16,-0.017797,84.99
2011-03-17,0.02765,87.34
2011-03-18,0.002633,87.57
2011-03-21,-0.008565,86.82
2011-03-22,-0.005414,86.35
2011-03-23,0.001158,86.45
2011-03-24,0.006131,86.98
2011-03-25,0.006438,87.54
2011-03-28,-0.003655,87.22
2011-03-29,0.00344,87.52
2011-03-30,0.011312,88.51
2011-03-31,-0.000452,88.47
2011-04-01,0.01379,89.69
2011-04-04,-0.004125,89.32
2011-04-05,-0.007053,88.69
2011-04-06,0.012403,89.79
2011-04-07,-0.017151,88.25
2011-04-08,-0.006232,87.7
2011-04-11,0.00057,87.75
2011-04-12,-0.006724,87.16
2011-04-13,-0.013997,85.94
2011-04-14,-0.008611,85.2
2011-04-15,0.001761,85.35
2011-04-18,0.021793,87.21
2011-04-19,-0.020525,85.42
2011-04-20,0.004683,85.82
2011-04-21,0.000117,85.83
2011-04-25,0.003379,86.12
2011-04-26,0.012773,87.22
2011-04-27,0.027861,89.65
2011-04-28,-0.008254,88.91
2011-04-29,-0.006074,88.37
2011-05-02,-0.007129,87.74
2011-05-03,0.008662,88.5
2011-05-04,-0.017288,86.97
2011-05-05,-0.009429,86.15
2011-05-06,0.00325,86.43
2011-05-09,0.000694,86.49
2011-05-10,0.014799,87.77
2011-05-11,-0.004785,87.35
2011-05-12,0.004236,87.72
2011-05-13,-0.015162,86.39
2011-05-16,0.000232,86.41
2011-05-17,0.018053,87.97
2011-05-18,0.016028,89.38
2011-05-19,-0.00235,89.17
2011-05-20,-0.012672,88.04
2011-05-23,-0.008519,87.29
2011-05-24,0.001375,87.41
2011-05-25,-0.005377,86.94
2011-05-26,-0.00092,86.86
2011-05-27,0.016809,87.62
2011-05-31,0.007761,88.3
2011-06-01,-0.027407,85.88
2011-06-02,0.006404,86.43
2011-06-03,-0.007405,85.79
2011-06-06,-0.011773,84.78
2011-06-07,0.007549,85.42
2011-06-08,-0.0048,85.01
2011-06-09,0.004941,85.43
2011-06-10,-0.01194,84.41
2011-06-13,0.009004,85.17
2011-06-14,0.020195,86.89
2011-06-15,-0.009782,86.04
2011-06-16,0.018596,87.64
2011-06-17,0.004336,88.02
2011-06-20,-0.002499,87.8
2011-06-21,0.003417,88.1
2011-06-22,-0.008854,87.32
2011-06-23,-0.01191,86.28
2011-06-24,-0.011127,85.32
2011-06-27,0.016409,86.72
2011-06-28,-0.003459,86.42
2011-06-29,0.013886,87.62
2011-06-30,0.003766,87.95
2011-07-01,0.01228,89.03
2011-07-05,-0.011569,88.0
2011-07-06,0.005,88.44
2011-07-07,0.009046,89.24
2011-07-08,-0.018826,87.56
2011-07-11,-0.015875,86.17
2011-07-12,0.014854,87.45
2011-07-13,-0.004231,87.08
2011-07-14,-0.012402,86.0
2011-07-15,-0.005116,85.56
2011-07-18,-0.008298,84.85
2011-07-19,0.022982,86.8
2011-07-20,0.003917,87.14
2011-07-21,0.01641,88.57
2011-07-22,0.005758,89.08
2011-07-25,-0.00595,88.55
2011-07-26,-0.003388,88.25
2011-07-27,-0.012578,87.14
2011-07-28,-0.00941,86.32
2011-07-29,-0.000927,86.24
2011-08-01,0.01461,87.5
2011-08-02,-0.0216,85.61
2011-08-03,-0.015068,84.32
2011-08-04,-0.038425,81.08
2011-08-05,-0.02997,78.65
2011-08-08,-0.077432,72.56
2011-08-09,0.040656,75.51
2011-08-10,-0.067806,70.39
2011-08-11,0.058673,74.52
2011-08-12,-0.01986,73.04
2011-08-15,0.024096,74.8
2011-08-16,-0.015374,73.65
2011-08-17,0.009233,74.33
2011-08-18,-0.037266,71.56
2011-08-19,-0.023756,69.86
2011-08-22,0.001575,69.97
2011-08-23,0.037302,72.58
2011-08-24,0.021907,74.17
2011-08-25,-0.013617,73.16
2011-08-26,0.016812,74.39
2011-08-29,0.0328,76.83
2011-08-30,-0.0082,75.5
2011-08-31,0.00755,76.07
2011-09-01,-0.022348,74.37
2011-09-02,-0.027968,72.29
2011-09-06,-0.009407,71.61
2011-09-07,0.055579,75.59
2011-09-08,-0.030692,73.27
2011-09-09,-0.037805,70.5
2011-09-12,0.026241,72.35
2011-09-13,0.004699,72.69
2011-09-14,0.003439,72.94
2011-09-15,0.02317,74.63
2011-09-16,-0.006432,74.15
2011-09-19,-0.028726,72.02
2011-09-20,-0.002638,71.83
2011-09-21,-0.049283,68.29
2011-09-22,-0.005711,67.9
2011-09-23,0.016348,69.01
2011-09-26,0.063469,73.39
2011-09-27,-0.008721,72.75
2011-09-28,-0.033952,70.28
2011-09-29,0.025185,72.05
2011-09-30,-0.02984,69.9
2011-10-03,-0.019743,68.52
2011-10-04,0.019264,69.84
2011-10-05,0.003293,70.07
2011-10-06,0.040103,72.88
2011-10-07,-0.028266,70.82
2011-10-10,0.044197,73.95
2011-10-11,-0.000541,73.91
2011-10-12,0.026925,75.9
2011-10-13,-0.000132,75.89
2011-10-14,-0.00224,75.72
2011-10-17,-0.026017,73.75
2011-10-18,0.045017,77.07
2011-10-19,-0.055534,72.79
2011-10-20,0.009479,73.48
2011-10-21,0.019869,74.94
2011-10-24,0.020683,76.49
2011-10-25,-0.020003,74.96
2011-10-26,0.020945,76.53
2011-10-27,0.035411,79.24
2011-10-28,-0.011863,78.3
2011-10-31,-0.027969,76.11
2011-11-01,-0.049928,72.31
2011-11-02,0.01134,73.13
2011-11-03,0.0,73.13
2011-11-04,-0.014085,72.1
2011-11-07,-0.004854,71.75
2011-11-08,0.02899,73.83
2011-11-09,-0.044156,70.57
2011-11-10,0.025507,72.37
2011-11-11,0.02128,73.91
2011-11-14,-0.025707,72.01
2011-11-15,0.010415,72.76
2011-11-16,-0.01127,71.94
2011-11-17,-0.011954,71.08
2011-11-18,0.009567,71.76
2011-11-21,-0.023272,70.09
2011-11-22,-0.007276,69.58
2011-11-23,-0.0309,67.43
2011-11-25,0.004004,67.7
2011-11-28,0.017135,68.86
2011-11-29,0.002759,68.35
2011-11-30,0.06774,72.98
2011-12-01,-0.000959,72.91
2011-12-02,0.013304,73.88
2011-12-05,0.022469,75.54
2011-12-06,-0.005957,75.09
2011-12-07,-0.005993,74.64
2011-12-08,-0.035906,71.96
2011-12-09,0.014592,73.01
2011-12-12,-0.015888,71.85
2011-12-13,-0.012248,70.97
2011-12-14,0.003523,71.22
2011-12-15,0.007301,71.74
2011-12-16,0.014079,72.75
2011-12-19,-0.019931,71.3
2011-12-20,0.053296,75.1
2011-12-21,0.00972,75.83
2011-12-22,0.009363,76.54
2011-12-23,0.004573,76.89
2011-12-27,-0.003902,76.59
2011-12-28,-0.010315,75.8
2011-12-29,0.01504,76.94
2011-12-30,-0.007798,76.34
2012-01-03,0.022269,78.04
2012-01-04,-0.000128,78.03
2012-01-05,0.015379,79.23
2012-01-06,0.002777,79.45
2012-01-09,0.002266,79.63
2012-01-10,0.006405,80.14
2012-01-11,0.005865,80.61
2012-01-12,0.010421,81.45
2012-01-13,0.010927,82.34
2012-01-17,-0.015788,81.04
2012-01-18,0.008391,81.72
2012-01-19,0.000857,81.79
2012-01-20,-0.000856,81.72
2012-01-23,0.003793,82.03
2012-01-24,-0.004145,81.69
2012-01-25,0.003795,82.0
2012-01-26,-0.022683,80.14
2012-01-27,-0.000374,80.11
2012-01-30,-0.002871,79.88
2012-01-31,-0.001753,79.74
2012-02-01,0.005894,80.21
2012-02-02,0.004239,80.55
2012-02-03,0.023588,82.45
2012-02-06,-0.017708,80.99
2012-02-07,0.004692,81.37
2012-02-08,0.004178,81.71
2012-02-09,-0.011015,80.81
2012-02-10,-0.012498,79.8
2012-02-13,0.010777,80.66
2012-02-14,0.004587,81.03
2012-02-15,-0.000617,80.98
2012-02-16,0.01099,81.87
2012-02-17,0.012825,82.92
2012-02-21,-0.003256,82.65
2012-02-22,-0.021658,80.86
2012-02-23,0.015459,82.11
2012-02-24,-0.004141,81.77
2012-02-27,0.006849,82.33
2012-02-28,-0.00583,81.85
2012-02-29,-0.00281,81.62
2012-03-01,0.003798,81.23
2012-03-02,-0.007879,80.59
2012-03-05,-0.005832,80.12
2012-03-06,-0.017474,78.72
2012-03-07,0.014228,79.84
2012-03-08,0.010396,80.67
2012-03-09,0.008429,81.35
2012-03-12,-0.002458,81.15
2012-03-13,0.032039,83.75
2012-03-14,-0.007045,83.16
2012-03-15,0.021525,84.95
2012-03-16,0.008711,85.69
2012-03-19,0.01097,86.63
2012-03-20,-0.004271,86.26
2012-03-21,-0.009042,85.48
2012-03-22,-0.005732,84.99
2012-03-23,0.010237,85.86
2012-03-26,0.008852,86.62
2012-03-27,-0.007504,85.97
2012-03-28,0.015122,87.27
2012-03-29,-0.008021,86.57
2012-03-30,0.003581,86.88
2012-04-02,0.001381,87.0
2012-04-03,0.000345,87.03
2012-04-04,-0.008043,86.33
2012-04-05,0.006371,86.88
2012-04-09,-0.018301,85.29
2012-04-10,-0.015711,83.95
2012-04-11,0.013699,85.1
2012-04-12,0.014454,86.33
2012-04-13,-0.022009,84.43
2012-04-16,0.014095,85.62
2012-04-17,0.019972,87.33
2012-04-18,-0.002748,87.09
2012-04-19,-0.001608,86.95
2012-04-20,0.00506,87.39
2012-04-23,-0.018309,85.79
2012-04-24,0.009558,86.61
2012-04-25,0.005773,87.11
2012-04-26,0.00287,87.36
2012-04-27,0.000229,87.38
2012-04-30,-0.012703,86.27
2012-05-01,0.006723,86.85
2012-05-02,-0.002303,86.65
2012-05-03,-0.007732,85.98
2012-05-04,-0.004885,85.56
2012-05-07,0.011688,86.56
2012-05-08,-0.003466,86.26
2012-05-09,-0.01994,84.54
2012-05-10,0.008162,85.23
2012-05-11,-0.005045,84.8
2012-05-14,-0.011321,83.84
2012-05-15,-0.009781,83.02
2012-05-16,-0.005902,82.53
2012-05-17,-0.015752,81.23
2012-05-18,-0.006402,80.71
2012-05-21,0.010284,81.54
2012-05-22,0.000736,81.6
2012-05-23,-0.001348,81.49
2012-05-24,-0.002945,81.25
2012-05-25,0.007015,81.82
2012-05-29,0.0132,82.9
2012-05-30,-0.01544,80.92
2012-05-31,0.004943,81.32
2012-06-01,-0.033817,78.57
2012-06-04,-0.015528,77.35
2012-06-05,-0.004783,76.98
2012-06-06,0.018576,78.41
2012-06-07,0.0088,79.1
2012-06-08,0.010493,79.93
2012-06-11,-0.021644,78.2
2012-06-12,0.015985,79.45
2012-06-13,-0.006419,78.94
2012-06-14,0.016848,80.27
2012-06-15,0.009593,81.04
2012-06-18,-0.003455,80.76
2012-06-19,0.008172,81.42
2012-06-20,0.003562,81.71
2012-06-21,-0.02105,79.99
2012-06-22,0.012127,80.96
2012-06-25,-0.018157,79.49
2012-06-26,0.004026,79.81
2012-06-27,0.014409,80.96
2012-06-28,-0.001482,80.84
2012-06-29,0.0214,82.57
2012-07-02,0.010537,83.44
2012-07-03,0.011505,84.4
2012-07-05,-0.006754,83.83
2012-07-06,0.000596,83.88
2012-07-09,-0.002384,83.68
2012-07-10,-0.012548,82.63
2012-07-11,0.012707,83.68
2012-07-12,-0.015655,82.37
2012-07-13,0.019546,83.98
2012-07-16,-0.00512,83.55
2012-07-17,0.026092,85.73
2012-07-18,0.013881,86.92
2012-07-19,-0.003451,86.62
2012-07-20,-0.019049,84.97
2012-07-23,-0.00918,84.19
2012-07-24,0.003207,84.46
2012-07-25,-0.00071,84.4
2012-07-26,0.014455,85.62
2012-07-27,0.009694,86.45
2012-07-30,-0.003239,86.17
2012-07-31,-0.00383,85.84
2012-08-01,-0.003961,85.5
2012-08-02,-0.011579,84.51
2012-08-03,0.034434,87.42
2012-08-06,-0.008579,86.67
2012-08-07,0.0045,87.06
2012-08-08,-0.003446,86.76
2012-08-09,0.000461,86.8
2012-08-10,-0.001613,86.66
2012-08-13,-0.003462,86.36
2012-08-14,-0.001737,86.21
2012-08-15,0.005336,86.67
2012-08-16,0.001961,86.84
2012-08-17,0.005067,87.28
2012-08-20,0.004698,87.69
2012-08-21,-0.007527,87.03
2012-08-22,-0.004596,86.63
2012-08-23,-0.013044,85.5
2012-08-24,0.004328,85.87
2012-08-27,0.046,89.82
2012-08-28,-0.015587,88.42
2012-08-29,0.001131,88.52
2012-08-30,-0.009263,87.0
2012-08-31,-0.001149,86.9
2012-09-04,0.006214,87.44
2012-09-05,0.010407,88.35
2012-09-06,0.016978,89.85
2012-09-07,0.009905,90.74
2012-09-10,-0.003306,90.44
2012-09-11,0.014595,91.76
2012-09-12,0.003814,92.11
2012-09-13,0.017479,93.72
2012-09-14,0.011524,94.8
2012-09-17,-0.007595,94.08
2012-09-18,-0.001701,93.92
2012-09-19,0.003727,94.27
2012-09-20,0.000743,94.34
2012-09-21,0.00689,94.99
2012-09-24,0.003579,95.33
2012-09-25,-0.007028,94.66
2012-09-26,-0.006655,94.03
2012-09-27,0.004254,94.43
2012-09-28,0.007731,95.16
2012-10-01,0.005149,95.65
2012-10-02,-0.000209,95.63
2012-10-03,0.01328,96.9
2012-10-04,0.012178,98.08
2012-10-05,0.004384,98.51
2012-10-08,-0.00538,97.98
2012-10-09,-0.010206,96.98
2012-10-10,0.017014,98.63
2012-10-11,-0.002433,98.39
2012-10-12,-0.021039,96.32
2012-10-15,0.012043,97.48
2012-10-16,-0.000923,97.39
2012-10-17,0.058322,103.07
2012-10-18,0.017561,104.88
2012-10-19,-0.011251,103.7
2012-10-22,0.00839,104.57
2012-10-23,-0.006503,103.89
2012-10-24,0.004717,104.38
2012-10-25,-0.001629,104.21
2012-10-26,-0.007389,103.44
2012-10-31,0.00638,104.1
2012-11-01,0.003939,104.51
2012-11-02,-0.009186,103.55
2012-11-05,-0.003187,103.22
2012-11-06,0.014338,104.7
2012-11-07,-0.035626,100.97
2012-11-08,-0.007824,100.18
2012-11-09,-0.010881,99.09
2012-11-12,0.00878,99.96
2012-11-13,-0.018407,98.12
2012-11-14,-0.019976,96.16
2012-11-15,0.0026,96.41
2012-11-16,0.007157,97.1
2012-11-19,0.011123,98.18
2012-11-20,0.003056,98.48
2012-11-21,-0.001929,98.29
2012-11-23,0.01404,99.67
2012-11-26,-0.007625,98.91
2012-11-27,-0.002629,98.65
2012-11-28,-0.003751,98.28
2012-11-29,-0.003256,97.26
2012-11-30,0.004832,97.73
2012-12-03,-0.005628,97.18
2012-12-04,-0.010599,96.15
2012-12-05,0.001768,96.32
2012-12-06,0.01059,97.34
2012-12-07,0.003082,97.64
2012-12-10,0.003585,97.99
2012-12-11,-0.001939,97.8
2012-12-12,0.00317,98.11
2012-12-13,0.001427,98.25
2012-12-14,-0.003461,97.91
2012-12-17,0.020223,99.89
2012-12-18,0.013415,101.23
2012-12-19,-0.006026,100.62
2012-12-20,0.005069,101.13
2012-12-21,-0.012558,99.86
2012-12-24,-0.00711,99.15
2012-12-26,-0.002824,98.87
2012-12-27,-0.00617,98.26
2012-12-28,-0.007226,97.55
2012-12-31,0.009431,98.47
2013-01-02,0.025998,101.03
2013-01-03,0.00099,101.13
2013-01-04,0.016514,102.8
2013-01-07,-0.003307,102.46
2013-01-08,-0.001074,102.35
2013-01-09,0.004397,102.8
2013-01-10,0.007198,103.54
2013-01-11,-0.002897,103.24
2013-01-14,-0.004359,102.79
2013-01-15,0.006421,103.45
2013-01-16,-0.005317,102.9
2013-01-17,0.004179,103.33
2013-01-18,-0.000387,103.29
2013-01-22,0.014232,104.76
2013-01-23,-0.006205,104.11
2013-01-24,-0.000865,104.02
2013-01-25,-0.000288,103.99
2013-01-28,-0.00827,103.13
2013-01-29,0.002812,103.42
2013-01-30,-0.001064,103.31
2013-01-31,-0.006001,102.69
2013-02-01,0.011978,103.92
2013-02-04,-0.01174,102.7
2013-02-05,0.017137,104.46
2013-02-06,-0.003925,104.05
2013-02-07,-0.002499,103.79
2013-02-08,0.005781,104.39
2013-02-11,-0.001437,104.24
2013-02-12,0.011608,105.45
2013-02-13,-0.007397,104.67
2013-02-14,-0.000669,104.6
2013-02-15,0.002199,104.83
2013-02-19,0.009062,105.78
2013-02-20,-0.010683,104.65
2013-02-21,-0.014907,103.09
2013-02-22,0.015909,104.73
2013-02-25,-0.027404,101.86
2013-02-26,0.001865,102.05
2013-02-27,0.005879,102.65
2013-02-28,0.001364,102.09
2013-03-01,0.005583,102.66
2013-03-04,0.005942,103.27
2013-03-05,0.003777,103.66
2013-03-06,0.00164,103.83
2013-03-07,0.001252,103.96
2013-03-08,0.0,103.96
2013-03-11,0.002116,104.18
2013-03-12,-0.000864,104.09
2013-03-13,0.001249,104.22
2013-03-14,0.004318,104.67
2013-03-15,-0.003057,104.35
2013-03-18,-0.009966,103.31
2013-03-19,-0.004453,102.85
2013-03-20,0.004278,103.29
2013-03-21,-0.005906,102.68
2013-03-22,0.004285,103.12
2013-03-25,-0.003103,102.8
2013-03-26,-0.002237,102.57
2013-03-27,0.005557,103.14
2013-03-28,0.000194,103.16
2013-04-01,-0.006398,102.5
2013-04-02,-0.004098,102.08
2013-04-03,-0.012343,100.82
2013-04-04,0.007836,101.61
2013-04-05,-0.004035,101.2
2013-04-08,-0.001087,101.09
2013-04-09,0.016817,102.79
2013-04-10,0.016539,104.49
2013-04-11,0.004115,104.92
2013-04-12,-0.044605,100.24
2013-04-15,-0.018755,98.36
2013-04-16,0.00122,98.48
2013-04-17,-0.019598,96.55
2013-04-18,0.010564,97.57
2013-04-19,0.012094,98.75
2013-04-22,-0.000709,98.68
2013-04-23,0.008918,99.56
2013-04-24,0.003616,99.92
2013-04-25,0.001701,100.09
2013-04-26,-0.002698,99.82
2013-04-29,-0.0001,99.81
2013-04-30,0.003907,100.2
2013-05-01,-0.006587,99.54
2013-05-02,0.008841,100.42
2013-05-03,0.003485,100.77
2013-05-06,0.004565,101.23
2013-05-07,0.01057,102.3
2013-05-08,0.0087,103.19
2013-05-09,-0.001163,103.07
2013-05-10,0.004366,103.52
2013-05-13,-0.001739,103.34
2013-05-14,0.00629,103.99
2013-05-15,0.013271,105.37
2013-05-16,-0.006453,104.69
2013-05-17,0.01194,105.94
2013-05-20,0.00085,106.03
2013-05-21,0.002075,106.25
2013-05-22,-0.014871,104.67
2013-05-23,-0.003917,104.26
2013-05-24,0.004316,104.71
2013-05-28,0.013084,106.08
2013-05-29,-0.000848,105.99
2013-05-30,0.006793,106.01
2013-05-31,-0.010471,104.9
2013-06-03,0.006673,105.6
2013-06-04,-0.012405,104.29
2013-06-05,-0.014383,102.79
2013-06-06,-0.00107,102.68
2013-06-07,0.010323,103.74
2013-06-10,0.00241,103.99
2013-06-11,-0.010482,102.9
2013-06-12,-0.008163,102.06
2013-06-13,0.014697,103.56
2013-06-14,-0.010139,102.51
2013-06-17,0.00517,103.04
2013-06-18,0.010578,104.13
2013-06-19,-0.005954,103.51
2013-06-20,0.007632,104.3
2013-06-21,0.018696,106.25
2013-06-24,-0.010165,105.17
2013-06-25,0.019587,107.23
2013-06-26,0.023128,109.71
2013-06-27,0.016316,111.5
2013-06-28,0.002242,111.75
2013-07-01,0.010291,112.9
2013-07-02,0.007352,113.73
2013-07-03,-0.001583,113.55
2013-07-05,0.025099,116.4
2013-07-08,0.004124,116.88
2013-07-09,0.005904,117.57
2013-07-10,-0.000425,117.52
2013-07-11,-0.005701,116.85
2013-07-12,0.007959,117.78
2013-07-15,0.002123,118.03
2013-07-16,-0.003728,117.59
2013-07-17,0.002977,117.94
2013-07-18,0.011531,119.3
2013-07-19,-0.008969,118.23
2013-07-22,0.008627,119.25
2013-07-23,-0.004612,118.7
2013-07-24,-0.002275,118.43
2013-07-25,-0.005995,117.72
2013-07-26,-0.003993,117.25
2013-07-29,-0.009382,116.15
2013-07-30,0.00551,116.79
2013-07-31,0.000599,116.86
2013-08-01,0.019339,119.12
2013-08-02,0.0,119.12
2013-08-05,-0.002267,118.85
2013-08-06,-0.004964,118.26
2013-08-07,-0.007526,117.37
2013-08-08,0.005368,118.0
2013-08-09,-0.002797,117.67
2013-08-12,0.001275,117.82
2013-08-13,-0.003735,117.38
2013-08-14,0.000341,117.42
2013-08-15,-0.005791,116.74
2013-08-16,0.000257,116.77
2013-08-19,-0.00608,116.06
2013-08-20,0.005601,116.71
2013-08-21,-0.004113,116.23
2013-08-22,0.021681,118.75
2013-08-23,-0.004126,118.26
2013-08-26,0.002368,118.54
2013-08-27,-0.034841,114.41
2013-08-28,0.000699,114.49
2013-08-29,0.000175,113.81
2013-08-30,-0.00413,113.34
2013-09-03,0.007323,114.17
2013-09-04,0.011825,115.52
2013-09-05,0.003376,115.91
2013-09-06,-0.008023,114.98
2013-09-09,-0.016003,113.14
2013-09-10,8.8e-05,113.15
2013-09-11,-0.004419,112.65
2013-09-12,-0.008344,111.71
2013-09-13,0.001969,111.93
2013-09-16,0.003216,112.29
2013-09-17,0.011132,113.54
2013-09-18,-0.000617,113.47
2013-09-19,-0.007667,112.6
2013-09-20,-0.009503,111.53
2013-09-23,-0.007173,110.73
2013-09-24,-0.002167,110.49
2013-09-25,0.005068,111.05
2013-09-26,0.008915,112.04
2013-09-27,0.000357,112.08
2013-09-30,-0.001428,111.92
2013-10-01,0.002681,112.22
2013-10-02,-0.00704,111.43
2013-10-03,-0.002872,111.11
2013-10-04,0.01548,112.83
2013-10-07,-0.019764,110.6
2013-10-08,-0.006239,109.91
2013-10-09,0.006551,110.63
2013-10-10,0.021604,113.02
2013-10-11,0.012653,114.45
2013-10-14,0.003757,114.88
2013-10-15,-0.01001,113.73
2013-10-16,0.020487,116.06
2013-10-17,-0.02964,112.62
2013-10-18,0.019357,114.8
2013-10-21,-0.006969,114.0
2013-10-22,-0.00693,113.21
2013-10-23,-0.003003,112.87
2013-10-24,-0.004696,112.34
2013-10-25,0.001869,112.55
2013-10-28,-0.004531,112.04
2013-10-29,0.005802,112.69
2013-10-30,0.014376,114.31
2013-10-31,-0.015572,112.53
2013-11-01,-0.005598,111.9
2013-11-04,-0.002324,111.64
2013-11-05,-0.001881,111.43
2013-11-06,0.006282,112.13
2013-11-07,-0.008829,111.14
2013-11-08,0.024564,113.87
2013-11-11,-0.003162,113.51
2013-11-12,-0.018677,111.39
2013-11-13,0.002514,111.67
2013-11-14,0.007522,112.51
2013-11-15,0.006399,113.23
2013-11-18,0.004592,113.75
2013-11-19,-0.001934,113.53
2013-11-20,0.003876,113.97
2013-11-21,0.012284,115.37
2013-11-22,0.006501,116.12
2013-11-25,0.003014,116.47
2013-11-26,-0.002662,116.16
2013-11-27,0.004218,115.95
2013-11-29,-0.005088,115.36
2013-12-02,-0.005981,114.67
2013-12-03,-0.004796,114.12
2013-12-04,-0.006222,113.41
2013-12-05,-0.005996,112.73
2013-12-06,0.013927,114.3
2013-12-09,0.004549,114.82
2013-12-10,-0.004964,114.25
2013-12-11,-0.003851,113.81
2013-12-12,0.001669,114.0
2013-12-13,-0.002193,113.75
2013-12-16,0.012396,115.16
2013-12-17,-0.012418,113.73
2013-12-18,0.003605,114.14
2013-12-19,-0.003592,113.73
2013-12-20,0.005364,114.34
2013-12-23,0.008658,115.33
2013-12-24,0.003555,115.74
2013-12-26,0.001555,115.92
2013-12-27,0.001294,116.07
2013-12-30,0.00224,116.33
2013-12-31,0.000774,116.42
2014-01-02,-0.011682,115.06
2014-01-03,0.001304,115.21
2014-01-06,-0.003125,114.85
2014-01-07,0.005485,115.48
2014-01-08,0.002771,115.8
2014-01-09,0.006218,116.52
2014-01-10,-0.004463,116.0
2014-01-13,-0.014224,114.35
2014-01-14,0.003935,114.8
2014-01-15,0.001916,115.02
2014-01-16,-0.003043,114.67
2014-01-17,-0.023371,111.99
2014-01-21,-0.001964,111.77
2014-01-22,0.007426,112.6
2014-01-23,-0.006661,111.85
2014-01-24,-0.005186,111.27
2014-01-27,-0.005482,110.66
2014-01-28,0.005332,111.25
2014-01-29,0.003955,111.69
2014-01-30,0.009938,112.8
2014-01-31,-0.011436,111.51
2014-02-03,-0.019819,109.3
2014-02-04,0.01409,110.84
2014-02-05,0.004601,111.35
2014-02-06,0.009609,112.42
2014-02-07,0.005159,113.0
2014-02-10,-0.000531,112.94
2014-02-11,0.009297,113.99
2014-02-12,-0.007018,113.19
2014-02-13,0.001502,113.36
2014-02-14,0.006175,114.06
2014-02-18,-0.002893,113.73
2014-02-19,-0.013101,112.24
2014-02-20,0.001693,112.43
2014-02-21,0.009606,113.51
2014-02-24,0.012246,114.9
2014-02-25,-0.003568,114.49
2014-02-26,0.010743,115.72
2014-02-27,0.005703,115.68
2014-02-28,0.007866,116.59
2014-03-03,-0.007805,115.68
2014-03-04,0.018672,117.84
2014-03-05,-0.004073,117.36
2014-03-06,0.013207,118.91
2014-03-07,0.003953,119.38
2014-03-10,-0.000251,119.35
2014-03-11,-0.009719,118.19
2014-03-12,0.001438,118.36
2014-03-13,-0.008956,117.3
2014-03-14,0.001108,117.43
2014-03-17,0.002384,117.71
2014-03-18,0.002634,118.02
2014-03-19,0.002118,118.27
2014-03-20,0.022745,120.96
2014-03-21,0.001405,121.13
2014-03-24,-0.00066,121.05
2014-03-25,0.000991,121.17
2014-03-26,-0.001568,120.98
2014-03-27,-0.011738,119.56
2014-03-28,0.00736,120.44
2014-03-31,0.00714,121.3
2014-04-01,0.003875,121.77
2014-04-02,-0.004352,121.24
2014-04-03,0.004949,121.84
2014-04-04,-0.010588,120.55
2014-04-07,-0.005392,119.9
2014-04-08,0.008924,120.97
2014-04-09,0.003141,121.35
2014-04-10,-0.023815,118.46
2014-04-11,-0.002026,118.22
2014-04-14,0.022247,120.85
2014-04-15,-0.003806,120.39
2014-04-16,0.010383,121.64
2014-04-17,-0.000822,121.54
2014-04-21,-0.003044,121.17
2014-04-22,0.006437,121.95
2014-04-23,0.008528,122.99
2014-04-24,-0.00065,122.91
2014-04-25,-0.005451,122.24
2014-04-28,-0.002863,121.89
2014-04-29,-0.002297,121.61
2014-04-30,0.003289,122.01
2014-05-01,-0.004262,121.49
2014-05-02,0.002552,121.8
2014-05-05,-0.002874,121.45
2014-05-06,-0.016797,119.41
2014-05-07,0.012562,120.91
2014-05-08,8.3e-05,120.92
2014-05-09,0.003722,121.37
2014-05-12,0.013842,123.05
2014-05-13,-0.008777,121.97
2014-05-14,-0.017791,119.8
2014-05-15,-0.009015,118.72
2014-05-16,-0.001348,118.56
2014-05-19,0.013074,120.11
2014-05-20,-0.005995,119.39
2014-05-21,0.005528,120.05
2014-05-22,0.005997,120.77
2014-05-23,0.003312,121.17
2014-05-27,0.002311,121.45
2014-05-28,0.005434,122.11
2014-05-29,-0.006306,120.64
2014-05-30,0.006051,121.37
2014-06-02,0.000659,121.45
2014-06-03,0.006916,122.29
2014-06-04,-0.00229,122.01
2014-06-05,0.010081,123.24
2014-06-06,0.003976,123.73
2014-06-09,0.015194,125.61
2014-06-10,-0.007324,124.69
2014-06-11,-0.008581,123.62
2014-06-12,-0.005824,122.9
2014-06-13,-0.001871,122.67
2014-06-16,-0.005951,121.94
2014-06-17,0.014269,123.68
2014-06-18,0.001698,123.89
2014-06-19,-0.002179,123.62
2014-06-20,0.008979,124.73
2014-06-23,-0.004009,124.23
2014-06-24,-0.005635,123.53
2014-06-25,0.005181,124.17
2014-06-26,-0.002819,123.82
2014-06-27,0.002423,124.12
2014-06-30,-0.000564,124.05
2014-07-01,0.007416,124.97
2014-07-02,-0.009122,123.83
2014-07-03,0.008964,124.94
2014-07-07,-0.002321,124.65
2014-07-08,-0.010991,123.28
2014-07-09,-0.003731,122.82
2014-07-10,-0.0092,121.69
2014-07-11,0.00263,122.01
2014-07-14,-0.003115,121.63
2014-07-15,0.012661,123.17
2014-07-16,-0.007388,122.26
2014-07-17,-0.002863,121.91
2014-07-18,0.00123,122.06
2014-07-21,0.003195,122.45
2014-07-22,-0.001143,122.31
2014-07-23,0.001308,122.47
2014-07-24,0.008982,123.57
2014-07-25,0.005098,124.2
2014-07-28,-0.012238,122.68
2014-07-29,-0.003668,122.23
2014-07-30,0.003927,122.71
2014-07-31,-0.009861,121.5
2014-08-01,-0.013086,119.91
2014-08-04,0.001835,120.13
2014-08-05,-0.00283,119.79
2014-08-06,0.002003,120.03
2014-08-07,-0.010081,118.82
2014-08-08,0.009089,119.9
2014-08-11,-0.002669,119.58
2014-08-12,-0.000669,119.5
2014-08-13,0.006109,120.23
2014-08-14,-0.001081,120.1
2014-08-15,-0.001166,119.96
2014-08-18,0.009253,121.07
2014-08-19,0.002726,121.4
2014-08-20,0.0,121.4
2014-08-21,0.015568,123.29
2014-08-22,-0.005029,122.67
2014-08-25,0.009212,123.8
2014-08-26,0.003069,124.18
2014-08-27,-0.003221,123.78
2014-08-28,-0.003393,122.66
2014-08-29,0.007908,123.63
2014-09-02,0.006309,124.41
2014-09-03,-0.006591,123.59
2014-09-04,0.004046,124.09
2014-09-05,0.003143,124.48
2014-09-08,0.000884,124.59
2014-09-09,-0.006341,123.8
2014-09-10,0.009935,125.03
2014-09-11,0.005679,125.74
2014-09-12,0.001591,125.94
2014-09-15,-0.002064,125.68
2014-09-16,0.000159,125.7
2014-09-17,0.004694,126.29
2014-09-18,0.006731,127.14
2014-09-19,0.004247,127.68
2014-09-22,-0.00838,126.61
2014-09-23,-0.009873,125.36
2014-09-24,0.002553,125.68
2014-09-25,-0.012253,124.14
2014-09-26,0.005558,124.83
2014-09-29,-0.004005,124.33
2014-09-30,-0.008365,123.29
2014-10-01,-0.008192,122.28
2014-10-02,-0.000572,122.21
2014-10-03,0.009328,123.35
2014-10-06,-0.003891,122.87
2014-10-07,-0.015301,120.99
2014-10-08,0.020663,123.49
2014-10-09,-0.020083,121.01
2014-10-10,-0.008677,119.96
2014-10-13,-0.008503,118.94
2014-10-14,0.008071,119.9
2014-10-15,-0.033611,115.87
2014-10-16,0.002503,116.16
2014-10-17,-0.028409,112.86
2014-10-20,0.002038,113.09
2014-10-21,0.017597,115.08
2014-10-22,-0.00139,114.92
2014-10-23,0.005569,115.56
2014-10-24,0.007009,116.37
2014-10-27,0.005929,117.06
2014-10-28,0.012131,118.48
2014-10-29,0.008018,119.43
2014-10-30,0.001423,119.6
2014-10-31,0.021572,122.18
2014-11-03,-0.003929,121.7
2014-11-04,-0.003533,121.27
2014-11-05,0.012864,122.83
2014-11-06,0.013026,124.43
2014-11-07,0.000884,124.54
2014-11-10,0.000964,124.66
2014-11-11,0.001524,124.85
2014-11-12,0.006167,125.62
2014-11-13,-0.00207,125.36
2014-11-14,-0.00335,124.94
2014-11-17,-0.001841,124.71
2014-11-18,0.000401,124.76
2014-11-19,-0.001122,124.62
2014-11-20,0.001525,124.81
2014-11-21,-0.001042,124.68
2014-11-24,0.010988,126.05
2014-11-25,0.001349,126.22
2014-11-26,0.006655,126.36
2014-11-28,-0.002691,126.02
2014-12-01,-0.014442,124.2
2014-12-02,0.012238,125.72
2014-12-03,0.010181,127.0
2014-12-04,0.002992,127.38
2014-12-05,0.005103,128.03
2014-12-08,-0.001328,127.86
2014-12-09,-0.000469,127.8
2014-12-10,-0.035446,123.27
2014-12-11,0.00576,123.98
2014-12-12,-0.01718,121.85
2014-12-15,-0.005416,121.19
2014-12-16,-0.012212,119.71
2014-12-17,0.01796,121.86
2014-12-18,0.020351,124.34
2014-12-19,0.006193,125.11
2014-12-22,0.005515,125.8
2014-12-23,0.011924,127.3
2014-12-24,-0.005342,126.62
2014-12-26,0.000948,126.74
2014-12-29,0.006154,127.52
2014-12-30,-0.00149,127.33
2014-12-31,-0.01343,125.62
2015-01-02,-0.001831,125.39
2015-01-05,-0.03222,121.35
2015-01-06,-0.022415,118.63
2015-01-07,0.002107,118.88
2015-01-08,0.020273,121.29
2015-01-09,-0.020117,118.85
2015-01-12,-0.006563,118.07
2015-01-13,0.006606,118.85
2015-01-14,-0.029786,115.31
2015-01-15,-0.008065,114.38
2015-01-16,0.005683,115.03
2015-01-20,-0.018865,112.86
2015-01-21,-0.005139,112.28
2015-01-22,0.043196,117.13
2015-01-23,-0.016307,115.22
2015-01-26,0.014581,116.9
2015-01-27,-0.006416,116.15
2015-01-28,-0.020921,113.72
2015-01-29,0.014773,115.4
2015-01-30,-0.019411,113.16
2015-02-02,0.021121,115.55
2015-02-03,0.023713,118.29
2015-02-04,0.002536,118.59
2015-02-05,0.007336,119.46
2015-02-06,0.018333,121.65
2015-02-09,-0.008631,120.6
2015-02-10,0.004561,121.15
2015-02-11,-0.005118,120.53
2015-02-12,0.023646,123.38
2015-02-13,0.004215,123.9
2015-02-17,0.001049,124.03
2015-02-18,-0.018786,121.7
2015-02-19,-0.004026,121.21
2015-02-20,0.001073,121.34
2015-02-23,-0.001154,121.2
2015-02-24,0.003135,121.58
2015-02-25,-0.000165,121.56
2015-02-26,0.004031,121.35
2015-02-27,-0.002884,121.0
2015-03-02,0.014628,122.77
2015-03-03,-0.000326,122.73
2015-03-04,-0.002281,122.45
2015-03-05,0.006288,123.22
2015-03-06,0.00982,124.43
2015-03-09,0.000321,124.47
2015-03-10,-0.025548,121.29
2015-03-11,0.003051,121.66
2015-03-12,0.032714,125.64
2015-03-13,-0.003343,125.22
2015-03-16,0.006229,126.0
2015-03-17,0.005556,126.7
2015-03-18,0.00292,127.07
2015-03-19,-0.004801,126.46
2015-03-20,0.012178,128.0
2015-03-23,-0.005234,127.33
2015-03-24,-0.01021,126.03
2015-03-25,-0.021503,123.32
2015-03-26,0.006406,124.11
2015-03-27,0.006929,124.97
2015-03-30,0.015284,126.88
2015-03-31,0.000946,127.0
2015-04-01,-0.005827,126.26
2015-04-02,0.007524,127.21
2015-04-06,-0.027121,123.76
2015-04-07,0.006303,124.54
2015-04-08,-0.002329,124.25
2015-04-09,0.003622,124.7
2015-04-10,-0.002486,124.39
2015-04-13,-0.001447,124.21
2015-04-14,-0.007648,123.26
2015-04-15,0.005841,123.98
2015-04-16,-0.006211,123.21
2015-04-17,-0.019479,120.81
2015-04-20,-0.013244,119.21
2015-04-21,0.002349,119.49
2015-04-22,0.008453,120.5
2015-04-23,-0.002573,120.19
2015-04-24,-0.004826,119.61
2015-04-27,-0.010367,118.37
2015-04-28,0.017403,120.43
2015-04-29,-0.002159,120.17
2015-04-30,-0.004161,119.67
2015-05-01,-0.003175,119.29
2015-05-04,0.020371,121.72
2015-05-05,-0.011666,120.3
2015-05-06,0.004323,120.82
2015-05-07,-0.005297,120.18
2015-05-08,0.010984,121.5
2015-05-11,-0.002058,121.25
2015-05-12,0.000412,121.3
2015-05-13,0.005936,122.02
2015-05-14,0.006392,122.8
2015-05-15,-0.013029,121.2
2015-05-18,0.010809,122.51
2015-05-19,0.01257,124.05
2015-05-20,-0.003789,123.58
2015-05-21,0.000243,123.61
2015-05-22,-0.00364,123.16
2015-05-26,-0.008688,122.09
2015-05-27,0.001474,122.27
2015-05-28,0.001799,121.79
2015-05-29,-0.007472,120.88
2015-06-01,-0.008521,119.85
2015-06-02,0.009762,121.02
2015-06-03,0.013386,122.64
2015-06-04,-0.005219,122.0
2015-06-05,0.015246,123.86
2015-06-08,0.000888,123.97
2015-06-09,0.007018,124.84
2015-06-10,0.012736,126.43
2015-06-11,-0.00174,126.21
2015-06-12,-0.000634,126.13
2015-06-15,-0.003013,125.75
2015-06-16,0.004612,126.33
2015-06-17,-0.008153,125.3
2015-06-18,0.010136,126.57
2015-06-19,-0.007427,125.63
2015-06-22,0.011064,127.02
2015-06-23,0.008975,128.16
2015-06-24,-0.005072,127.51
2015-06-25,-0.001647,127.3
2015-06-26,0.005185,127.96
2015-06-29,-0.025789,124.66
2015-06-30,0.002166,124.93
2015-07-01,0.018891,127.29
2015-07-02,-0.010841,125.91
2015-07-06,-0.002144,125.64
2015-07-07,-0.004855,125.03
2015-07-08,-0.016156,123.01
2015-07-09,0.009593,124.19
2015-07-10,0.016265,126.21
2015-07-13,0.008716,127.31
2015-07-14,-0.001021,127.18
2015-07-15,0.00629,127.98
2015-07-16,0.022113,130.81
2015-07-17,0.003134,131.22
2015-07-20,0.005944,132.0
2015-07-21,-0.001061,131.86
2015-07-22,0.010162,133.2
2015-07-23,-0.006982,132.27
2015-07-24,-0.00499,131.61
2015-07-27,-0.006686,130.73
2015-07-28,0.008261,131.81
2015-07-29,0.002655,132.16
2015-07-30,0.000454,132.22
2015-07-31,-0.008093,131.14999
2015-08-03,-0.003812,130.64999
2015-08-04,0.003062,131.05
2015-08-05,0.009081,132.24001
2015-08-06,-0.004689,131.62
2015-08-07,-0.006458,130.77
2015-08-10,0.015065,132.74001
2015-08-11,-0.013259,130.98
2015-08-12,-0.015499,128.95
2015-08-13,0.00442,129.52
2015-08-14,0.007335,130.47
2015-08-17,0.003372,130.91
2015-08-18,0.001986,131.17
2015-08-19,-0.009606,129.91
2015-08-20,-0.034408,125.44
2015-08-21,-0.025112,122.29
2015-08-24,-0.050536,116.11
2015-08-25,-0.02713,112.96
2015-08-26,0.041873,117.69
2015-08-27,0.025321,120.67
2015-08-28,-0.007873,119.02
2015-08-31,-0.006554,118.24
2015-09-01,-0.047277,112.65
2015-09-02,0.023258,115.27
2015-09-03,0.025939,118.26
2015-09-04,-0.010147,117.06
2015-09-08,0.026311,120.14
2015-09-09,0.002247,120.41
2015-09-10,-8.3e-05,120.4
2015-09-11,0.005233,121.03
2015-09-14,0.006114,121.77
2015-09-15,0.008459,122.8
2015-09-16,-0.005863,122.08
2015-09-17,-0.013925,120.38
2015-09-18,-0.017029,118.33
2015-09-21,0.01462,120.06
2015-09-22,-0.017241,117.99
2015-09-23,0.0,117.99
2015-09-24,0.008984,119.05
2015-09-25,0.018144,121.21
2015-09-28,-0.010643,119.92
2015-09-29,0.001501,120.1
2015-09-30,0.015404,121.95
2015-10-01,-0.03936,117.15
2015-10-02,-0.004183,116.66
2015-10-05,0.013887,118.28
2015-10-06,-0.007186,117.43
2015-10-07,0.018649,119.62
2015-10-08,0.004849,120.2
2015-10-09,-0.005158,119.58
2015-10-12,0.004934,120.17
2015-10-13,-0.007656,119.25
2015-10-14,-0.026331,116.11
2015-10-15,0.02756,119.31
2015-10-16,-0.019361,117.0
2015-10-19,-0.030598,113.42
2015-10-20,0.018339,115.5
2015-10-21,-0.002857,115.17
2015-10-22,0.031519,118.8
2015-10-23,0.031987,122.6
2015-10-26,0.005057,123.22
2015-10-27,-0.000487,123.16
2015-10-28,0.025171,125.56
2015-10-29,-0.020229,123.02
2015-10-30,-0.025768,119.85
2015-11-02,0.003504,120.27
2015-11-03,-0.001081,120.14
2015-11-04,-0.004828,119.56
2015-11-05,0.008699,120.6
2015-11-06,0.025373,123.66
2015-11-09,-0.000243,123.63
2015-11-10,-0.001052,123.5
2015-11-11,0.008583,124.56
2015-11-12,-0.004094,124.05
2015-11-13,-0.012817,122.46
2015-11-16,0.008329,123.48
2015-11-17,0.006398,124.27
2015-11-18,0.008288,125.3
2015-11-19,0.001037,125.43
2015-11-20,-0.00279,125.08
2015-11-23,0.0,125.08
2015-11-24,-0.003918,124.59
2015-11-25,0.002809,124.94
2015-11-27,0.004082,125.45
2015-11-30,-0.000957,125.33
2015-12-01,0.006543,126.15
2015-12-02,-0.008561,125.07
2015-12-03,-0.01823,122.79
2015-12-04,0.026631,126.06
2015-12-07,-0.003728,125.59
2015-12-08,-0.016164,123.56
2015-12-09,-0.020881,120.98
2015-12-10,0.013804,122.65
2015-12-11,-0.018263,120.41
2015-12-14,0.00382,120.87
2015-12-15,0.028047,124.26
2015-12-16,0.017383,126.42
2015-12-17,-0.013289,124.74
2015-12-18,-0.037759,120.03
2015-12-21,0.005082,120.64
2015-12-22,0.009367,121.77
2015-12-23,0.012154,123.25
2015-12-24,0.000649,123.33
2015-12-28,-0.005433,122.66
2015-12-29,0.010925,124.0
2015-12-30,-0.010968,122.64
2015-12-31,-0.011905,121.18
2016-01-04,-0.030533,117.48
2016-01-05,0.005533,118.13
2016-01-06,-0.020232,115.74
2016-01-07,-0.028167,112.48
2016-01-08,-0.020537,110.17
2016-01-11,-0.00944,109.13
2016-01-12,0.012462,110.49
2016-01-13,-0.034121,106.72
2016-01-14,0.004591,107.21
2016-01-15,-0.025371,104.49
2016-01-19,0.017801,106.35
2016-01-20,-0.015233,104.73
2016-01-21,-0.023776,102.24
2016-01-22,0.022887,104.58
2016-01-25,-0.026678,101.79
2016-01-26,0.038216,105.68
2016-01-27,0.017695,107.55
2016-01-28,0.006044,108.2
2016-01-29,0.0183,110.18
2016-02-01,-0.018334,108.16
2016-02-02,-0.024039,105.56
2016-02-03,0.005779,106.17
2016-02-04,0.019026,108.19
2016-02-05,-0.003605,107.8
2016-02-08,-0.017625,105.9
2016-02-09,0.015297,107.52
2016-02-10,-0.019066,105.47
2016-02-11,-0.044468,100.78
2016-02-12,0.051101,105.93
2016-02-16,0.027849,108.88
2016-02-17,-0.003215,108.53
2016-02-18,-0.021837,106.16
2016-02-19,0.008384,107.05
2016-02-22,0.022326,109.44
2016-02-23,-0.031707,105.97
2016-02-24,-0.010569,104.85
2016-02-25,0.004196,105.29
2016-02-26,0.015766,106.25
2016-02-29,-0.034824,102.55
2016-03-01,0.025841,105.2
2016-03-02,0.034981,108.88
2016-03-03,0.008909,109.85
2016-03-04,0.003459,110.23
2016-03-07,-0.004717,109.71
2016-03-08,-0.017227,107.82
2016-03-09,0.001669,108.0
2016-03-10,-0.001944,107.79
2016-03-11,0.032749,111.32
2016-03-14,0.002246,111.57
2016-03-15,-0.001703,111.38
2016-03-16,-0.006464,110.66
2016-03-17,0.003795,111.08
2016-03-18,0.013774,112.61
2016-03-21,-0.000799,112.52
2016-03-22,-0.000711,112.44
2016-03-23,-0.00418,111.97
2016-03-24,-0.00643,111.25
2016-03-28,0.000719,111.33
2016-03-29,-0.001617,111.15
2016-03-30,0.007377,111.97
2016-03-31,-0.008663,111.0
2016-04-01,0.012793,112.42
2016-04-04,-0.002135,112.18
2016-04-05,-0.019611,109.98
2016-04-06,0.008092,110.87
2016-04-07,-0.0276,107.81
2016-04-08,0.009739,108.86
2016-04-11,0.008359,109.77
2016-04-12,0.015305,111.45
2016-04-13,0.036608,115.53
2016-04-14,0.005973,116.22
2016-04-15,-0.012132,114.81
2016-04-18,0.00871,115.81
2016-04-19,0.017615,117.85
2016-04-20,0.02045,120.26
2016-04-21,-0.016298,118.3
2016-04-22,0.006255,119.04
2016-04-25,-0.00126,118.89
2016-04-26,0.006224,119.63
2016-04-27,0.006687,120.43
2016-04-28,-0.010712,119.14
2016-04-29,-0.006883,118.32
2016-05-02,0.005325,118.95
2016-05-03,-0.019,116.69
2016-05-04,-0.022024,114.12
2016-05-05,0.000876,114.22
2016-05-06,0.004115,114.69
2016-05-09,-0.006975,113.89
2016-05-10,0.016683,115.79
2016-05-11,-0.002764,115.47
2016-05-12,-0.003118,115.11
2016-05-13,-0.016332,113.23
2016-05-16,0.007242,114.05
2016-05-17,-0.007716,113.17
2016-05-18,0.031546,116.74
2016-05-19,-0.007881,115.82
2016-05-20,0.004921,116.39
2016-05-23,-0.004811,115.83
2016-05-24,0.017008,117.8
2016-05-25,0.010187,119.0
2016-05-26,-0.004454,118.47
2016-05-27,0.013506,119.37
2016-05-31,0.001089,119.5
2016-06-01,-0.001925,119.27
2016-06-02,0.006791,120.08
2016-06-03,-0.014907,118.29
2016-06-06,0.014287,119.98
2016-06-07,-0.012419,118.49
2016-06-08,0.004557,119.03
2016-06-09,-0.005545,118.37
2016-06-10,-0.006927,117.55
2016-06-13,0.001191,117.69
2016-06-14,-0.018438,115.52
2016-06-15,0.006319,116.25
2016-06-16,-0.00129,116.1
2016-06-17,0.009561,117.21
2016-06-20,0.001621,117.4
2016-06-21,0.004003,117.87
2016-06-22,-0.004581,117.33
2016-06-23,0.026336,120.42
2016-06-24,-0.064607,112.64
2016-06-27,-0.034269,108.78
2016-06-28,0.025464,111.55
2016-06-29,0.017302,113.48
2016-06-30,0.041858,118.23
2016-07-01,-0.009981,117.05
2016-07-05,-0.035711,112.87
2016-07-06,0.004873,113.42
2016-07-07,0.006877,114.2
2016-07-08,0.015237,115.94
2016-07-11,0.005089,116.53
2016-07-12,0.013473,118.1
2016-07-13,-0.001185,117.96
2016-07-14,0.012716,119.46
2016-07-15,-0.003348,119.06
2016-07-18,-0.004452,118.53
2016-07-19,0.001687,118.73
2016-07-20,-0.041439,113.81
2016-07-21,-0.009489,112.73
2016-07-22,0.015524,114.48
2016-07-25,-0.009783,113.36
2016-07-26,0.009615,114.45
2016-07-27,0.004194,114.93
2016-07-28,-0.00087,114.83
2016-07-29,-0.002351,114.56
2016-08-01,-0.015538,112.78
2016-08-02,-0.006916,112.0
2016-08-03,0.016964,113.9
2016-08-04,0.000615,113.97
2016-08-05,0.028341,117.2
2016-08-08,0.004522,117.73
2016-08-09,-0.001444,117.56
2016-08-10,-0.008421,116.57
2016-08-11,0.001887,116.79
2016-08-12,-0.00411,116.31
2016-08-15,0.01539,118.1
2016-08-16,-0.006181,117.37
2016-08-17,0.000852,117.47
2016-08-18,0.003661,117.9
2016-08-19,-0.002036,117.66
2016-08-22,0.00187,117.88
2016-08-23,0.001103,118.01
2016-08-24,-0.006864,117.2
2016-08-25,0.002133,117.45
2016-08-26,0.002129,117.7
2016-08-29,0.004333,118.21
2016-08-30,0.003722,117.95
2016-08-31,0.003222,118.33
2016-09-01,-0.008535,117.32
2016-09-02,0.00017,117.34
2016-09-06,-0.013124,115.8
2016-09-07,0.001727,116.0
2016-09-08,0.00181,116.21
2016-09-09,0.007572,117.09
2016-09-12,0.008882,118.13
2016-09-13,-0.016846,116.14
2016-09-14,-0.004908,115.57
2016-09-15,0.000692,115.65
2016-09-16,-0.007263,114.81
2016-09-19,0.001916,115.03
2016-09-20,0.002608,115.33
2016-09-21,0.003208,115.7
2016-09-22,0.007347,116.55
2016-09-23,0.004891,117.12
2016-09-26,-0.025273,114.16
2016-09-27,0.012001,115.53
2016-09-28,0.001558,115.71
2016-09-29,-0.010112,114.54
2016-09-30,0.01362,116.1
2016-10-03,-0.007752,115.2
2016-10-04,0.011111,116.48
2016-10-05,0.013565,118.06
2016-10-06,0.002372,118.34
2016-10-07,-0.00431,117.83
2016-10-10,0.000509,117.89
2016-10-11,-0.015523,116.06
2016-10-12,0.006893,116.86
2016-10-13,-0.031576,113.17
2016-10-14,0.006185,113.87
2016-10-17,0.001142,114.0
2016-10-18,0.01114,115.27
2016-10-19,0.019346,117.5
2016-10-20,0.011489,118.85
2016-10-21,0.000505,118.91
2016-10-24,8.4e-05,118.92
2016-10-25,0.001093,119.05
2016-10-26,0.009576,120.19
2016-10-27,0.014893,121.98
2016-10-28,0.000738,122.07
2016-10-31,0.005407,122.73
2016-11-01,0.001304,122.89
2016-11-02,-0.008788,121.81
2016-11-03,-0.003284,121.41
2016-11-04,0.003295,121.81
2016-11-07,0.025203,124.88
2016-11-08,0.002002,125.13
2016-11-09,0.051227,131.53999
2016-11-10,0.016497,133.71001
2016-11-11,0.017127,136.0
2016-11-14,0.029044,139.95
2016-11-15,-0.00786,138.85001
2016-11-16,-0.015196,136.74001
2016-11-17,0.023183,139.91
2016-11-18,0.009649,141.25999
2016-11-21,-0.001416,141.06
2016-11-22,0.00872,142.28999
2016-11-23,0.008996,143.57001
2016-11-25,0.000975,143.71001
2016-11-28,-0.020806,140.72
2016-11-29,0.000497,140.78999
2016-11-30,0.027346,143.94
2016-12-01,0.021884,147.09
2016-12-02,-0.006323,146.16
2016-12-05,0.008073,147.34
2016-12-06,0.010656,148.91
2016-12-07,0.015983,151.28999
2016-12-08,0.014608,153.5
2016-12-09,0.004365,154.17
2016-12-12,-0.008886,152.8
2016-12-13,0.002749,153.22
2016-12-14,-0.00235,152.86
2016-12-15,0.006477,153.85001
2016-12-16,-0.00884,152.49001
2016-12-19,0.011083,154.17999
2016-12-20,0.01842,157.02
2016-12-21,-0.007069,155.91
2016-12-22,0.00077,156.03
2016-12-23,0.006858,157.10001
2016-12-27,0.006365,158.10001
2016-12-28,-0.009171,156.64999
2016-12-29,-0.006511,155.63
2016-12-30,0.00514,156.42999
2017-01-03,0.001982,156.74001
2017-01-04,0.006125,157.7
2017-01-05,-0.014711,155.38
2017-01-06,0.007594,156.56
2017-01-09,-0.003832,155.96001
2017-01-10,0.004745,156.7
2017-01-11,0.001978,157.00999
2017-01-12,-0.010573,155.35001
2017-01-13,0.004635,156.07001
2017-01-17,-0.021721,152.67999
2017-01-18,0.012837,154.64
2017-01-19,0.004591,155.35001
2017-01-20,0.010814,157.03
2017-01-23,-0.006941,155.94
2017-01-24,0.023406,159.59
2017-01-25,0.016354,162.2
2017-01-26,0.008816,163.63
2017-01-27,0.002506,164.03999
2017-01-30,-0.004816,163.25
2017-01-31,-0.004165,162.57001
2017-02-01,0.000923,162.72
2017-02-02,-0.003749,162.11
2017-02-03,0.01098,163.89
2017-02-06,-0.002685,163.45
2017-02-07,-0.005812,162.5
2017-02-08,0.001846,162.8
2017-02-09,0.010319,164.48
2017-02-10,0.005046,165.31
2017-02-13,0.009013,166.8
2017-02-14,0.008513,168.22
2017-02-15,0.00541,169.13
2017-02-16,-0.009165,167.58
2017-02-17,0.001969,167.91
2017-02-21,0.000119,167.92999
2017-02-22,0.000596,168.03
2017-02-23,0.010415,169.78
2017-02-24,-0.006538,168.67
2017-02-27,-0.004269,167.95
2017-02-28,-0.005835,166.97
2017-03-01,0.031383,172.21001
2017-03-02,-0.025202,167.12
2017-03-03,0.005326,168.00999
2017-03-06,-0.00619,166.97
2017-03-07,-0.001437,166.73
2017-03-08,-0.00042,166.66
2017-03-09,-0.00078,166.53
2017-03-10,-0.002042,166.19
2017-03-13,-0.004272,165.48
2017-03-14,0.002901,165.96001
2017-03-15,-0.013317,163.75
2017-03-16,0.004519,164.49001
2017-03-17,-0.014591,162.09
2017-03-20,-0.007095,160.94
2017-03-21,-0.036598,155.05
2017-03-22,-0.00187,154.75999
2017-03-23,0.001357,154.97
2017-03-24,0.0,154.97
2017-03-27,-0.005162,154.17
2017-03-28,0.012259,156.06
2017-03-29,-0.010445,154.42999
2017-03-30,0.014311,156.64
2017-03-31,-0.012194,154.73
2017-04-03,-0.001551,154.49001
2017-04-04,-0.001942,154.19
2017-04-05,-0.011739,152.38
2017-04-06,0.006497,153.37
2017-04-07,-0.002282,153.02
2017-04-10,-0.009607,151.55
2017-04-11,-0.000462,151.48
2017-04-12,-0.010959,149.82001
2017-04-13,-0.012615,147.92999
2017-04-17,0.039073,153.71001
2017-04-18,-0.012101,151.85001
2017-04-19,-0.002437,151.48
2017-04-20,0.018484,154.28
2017-04-21,-0.002398,153.91
2017-04-24,0.019882,156.97
2017-04-25,0.004842,157.73
2017-04-26,0.006086,158.69
2017-04-27,-0.010965,156.95
2017-04-28,-0.009812,155.41
2017-05-01,0.009974,156.96001
2017-05-02,-0.001019,156.8
2017-05-03,0.015944,159.3
2017-05-04,-0.001318,159.09
2017-05-05,-0.001006,158.92999
2017-05-08,0.006103,159.89999
2017-05-09,-0.00369,159.31
2017-05-10,-6.3e-05,159.3
2017-05-11,-0.005461,158.42999
2017-05-12,-0.003913,157.81
2017-05-15,0.017299,160.53999
2017-05-16,0.011399,162.37
2017-05-17,-0.035967,156.53
2017-05-18,0.003514,157.08
2017-05-19,0.001401,157.3
2017-05-22,0.009218,158.75
2017-05-23,0.016063,161.3
2017-05-24,-0.005518,160.41
2017-05-25,0.004925,161.2
2017-05-26,-0.006203,160.2
2017-05-30,-0.008614,158.07001
2017-05-31,-0.010122,156.47
2017-06-01,0.014252,158.7
2017-06-02,-0.006994,157.59
2017-06-05,-0.002602,157.17999
2017-06-06,-0.008334,155.87
2017-06-07,0.005453,156.72
2017-06-08,0.015059,159.08
2017-06-09,0.026905,163.36
2017-06-12,-0.005632,162.44
2017-06-13,0.001477,162.67999
2017-06-14,-0.000799,162.55
2017-06-15,-0.006398,161.50999
2017-06-16,0.000991,161.67
2017-06-19,0.006124,162.66
2017-06-20,-0.005287,161.8
2017-06-21,-0.004759,161.03
2017-06-22,-0.009563,159.49001
2017-06-23,-0.010346,157.84
2017-06-26,0.006145,158.81
2017-06-27,0.002204,159.16
2017-06-28,0.015645,161.64999
2017-06-29,-0.002908,161.17999
2017-06-30,0.004777,161.95
2017-07-03,0.014572,164.31
2017-07-05,0.000791,164.44
2017-07-06,-0.005169,163.59
2017-07-07,0.009292,165.11
2017-07-10,-0.004542,164.36
2017-07-11,0.004928,165.17
2017-07-12,0.000424,165.24001
2017-07-13,0.007867,166.53999
2017-07-14,-0.004623,165.77
2017-07-17,0.001327,165.99001
2017-07-18,-0.003073,165.48
2017-07-19,-0.018129,162.48
2017-07-20,-0.013171,160.34
2017-07-21,-0.013908,158.11
2017-07-24,0.014104,160.34
2017-07-25,0.007235,161.5
2017-07-26,-0.021796,157.98
2017-07-27,0.00652,159.00999
2017-07-28,0.009936,160.59
2017-07-31,0.015941,163.14999
2017-08-01,0.009255,164.66
2017-08-02,0.001579,164.92
2017-08-03,-0.006852,163.78999
2017-08-04,-0.001282,163.58
2017-08-07,0.000244,163.62
2017-08-08,0.004584,164.37
2017-08-09,-0.008335,163.0
2017-08-10,-0.026258,158.72
2017-08-11,-0.013357,156.60001
2017-08-14,0.0159,159.09
2017-08-15,-0.003709,158.5
2017-08-16,0.000631,158.60001
2017-08-17,-0.029824,153.87
2017-08-18,-0.00286,153.42999
2017-08-21,-0.006126,152.49001
2017-08-22,0.007279,153.60001
2017-08-23,-0.002539,153.21001
2017-08-24,-0.00248,152.83
2017-08-25,0.006347,153.8
2017-08-28,-0.011704,152.0
2017-08-29,-0.012303,150.13
2017-08-30,-0.0006,149.28999
2017-08-31,-0.009579,147.86
2017-09-01,0.00771,149.0
2017-09-05,-0.023826,145.45
2017-09-06,-0.001994,145.16
2017-09-07,-0.018531,142.47
2017-09-08,0.011231,144.07001
2017-09-11,0.017006,146.52
2017-09-12,0.017063,149.02
2017-09-13,0.009932,150.5
2017-09-14,-0.003854,149.92
2017-09-15,0.000467,149.99001
2017-09-18,0.011201,151.67
2017-09-19,0.006857,152.71001
2017-09-20,0.012114,154.56
2017-09-21,-0.000906,154.42
2017-09-22,-0.003885,153.82001
2017-09-25,0.005786,154.71001
2017-09-26,0.004718,155.44
2017-09-27,0.01589,157.91
2017-09-28,0.008296,159.22
2017-09-29,0.011431,161.03999
2017-10-02,0.002173,161.39
2017-10-03,-0.000496,161.31
2017-10-04,-0.003844,160.69
2017-10-05,0.005476,161.57001
2017-10-06,0.003156,162.08
2017-10-09,-0.005615,161.17
2017-10-10,0.012347,163.16
2017-10-11,-6.1e-05,163.14999
2017-10-12,-0.001961,162.83
2017-10-13,0.002334,163.21001
2017-10-16,0.006188,164.22
2017-10-17,-0.000487,164.14
2017-10-18,-0.021445,160.62
2017-10-19,0.01021,162.25999
2017-10-20,0.018119,165.2
2017-10-23,-0.001574,164.94
2017-10-24,0.004911,165.75
2017-10-25,0.000302,165.8
2017-10-26,0.010857,167.60001
2017-10-27,0.001313,167.82001
2017-10-30,-0.005482,166.89999
2017-10-31,-0.000779,166.77
2017-11-01,0.003058,167.28
2017-11-02,0.010462,169.03
2017-11-03,-0.001597,168.75999
2017-11-06,-0.000296,168.71001
2017-11-07,-0.034556,162.88
2017-11-08,-0.010253,161.21001
2017-11-09,-0.016128,158.61
2017-11-10,-0.00952,157.10001
2017-11-13,0.014895,159.44
2017-11-14,0.007965,160.71001
2017-11-15,0.003173,161.22
2017-11-16,-0.008374,159.87
2017-11-17,0.004379,160.57001
2017-11-20,0.006477,161.61
2017-11-21,-0.008787,160.19
2017-11-22,-0.001686,159.92
2017-11-24,-0.004877,159.14
2017-11-27,0.002262,159.5
2017-11-28,0.030345,164.34
2017-11-29,0.029025,169.11
2017-11-30,0.003489,168.95
2017-12-01,0.003078,169.47
2017-12-04,0.016404,172.25
2017-12-05,-0.010566,170.42999
2017-12-06,-0.005398,169.50999
2017-12-07,0.009203,171.07001
2017-12-08,0.0038,171.72
2017-12-11,-0.007046,170.50999
2017-12-12,0.011612,172.49001
2017-12-13,-0.008522,171.02
2017-12-14,-0.011578,169.03999
2017-12-15,0.011003,170.89999
2017-12-18,0.01732,173.86
2017-12-19,0.00023,173.89999
2017-12-20,-0.007878,172.53
2017-12-21,0.006144,173.59
2017-12-22,-0.002996,173.07001
2017-12-26,-0.00624,171.99001
2017-12-27,-0.002442,171.57001
2017-12-28,0.004196,172.28999
2017-12-29,-0.007545,170.99001
2018-01-02,0.00117,171.19
2018-01-03,0.011216,173.11
2018-01-04,0.001906,173.44
2018-01-05,-0.003575,172.82001
2018-01-08,-0.002315,172.42
2018-01-09,0.014442,174.91
2018-01-10,0.01052,176.75
2018-01-11,0.007016,177.99001
2018-01-12,0.002978,178.52
2018-01-16,-0.004145,177.78
2018-01-17,0.008044,179.21001
2018-01-18,0.038725,186.14999
2018-01-19,0.014128,188.78
2018-01-22,-0.000106,188.75999
2018-01-23,0.000371,188.83
2018-01-24,0.003336,189.46001
2018-01-25,-0.009501,187.66
2018-01-26,0.009112,189.37
2018-01-29,0.002218,189.78999
2018-01-30,0.00411,190.57001
2018-01-31,0.001102,190.78
2018-02-01,0.01085,192.85001
2018-02-02,-0.018927,189.2
2018-02-05,-0.04963,179.81
2018-02-06,0.029198,185.06
2018-02-07,-0.000486,184.97
2018-02-08,-0.03579,178.35001
2018-02-09,0.023942,182.62
2018-02-12,0.011664,184.75
2018-02-13,0.007578,186.14999
2018-02-14,0.031319,191.98
2018-02-15,-0.004584,191.10001
2018-02-16,0.002826,191.64
2018-02-20,-0.005218,190.64
2018-02-21,0.011435,192.82001
2018-02-22,-0.017218,189.5
2018-02-23,0.021161,193.50999
2018-02-26,0.009354,195.32001
2018-02-27,-0.016025,192.19
2018-02-28,-0.012228,189.84
2018-03-01,-0.005215,188.85001
2018-03-02,0.01525,190.98
2018-03-05,0.014504,193.75
2018-03-06,0.008206,195.34
2018-03-07,-0.000768,195.19
2018-03-08,-0.002562,194.69
2018-03-09,0.010889,196.81
2018-03-12,-0.009654,194.91
2018-03-13,-0.009543,193.05
2018-03-14,-0.014193,190.31
2018-03-15,0.000105,190.33
2018-03-16,0.00021,190.37
2018-03-19,-0.005673,189.28999
2018-03-20,-0.00317,188.69
2018-03-21,0.005088,189.64999
2018-03-22,-0.037965,182.45
2018-03-23,-0.027076,177.50999
2018-03-26,0.037913,184.24001
2018-03-27,-0.021222,180.33
2018-03-28,0.001442,180.59
2018-03-29,0.020876,184.36
2018-04-02,-0.024246,179.89
2018-04-03,0.0174,183.02
2018-04-04,0.016173,185.98
2018-04-05,0.003119,186.56
2018-04-06,-0.026104,181.69
2018-04-09,0.006329,182.84
2018-04-10,0.019689,186.44
2018-04-11,-0.008099,184.92999
2018-04-12,0.011951,187.14
2018-04-13,-0.021268,183.16
2018-04-16,-0.008681,181.57001
2018-04-17,-0.022801,177.42999
2018-04-18,0.003494,178.05
2018-04-19,0.0123,180.24001
2018-04-20,0.007157,181.53
2018-04-23,0.002479,181.98
2018-04-24,0.001868,182.32001
2018-04-25,0.001097,182.52
2018-04-26,-0.000329,182.46001
2018-04-27,0.011181,184.5
2018-04-30,-0.012087,182.27
2018-05-01,0.002798,182.78
2018-05-02,-0.017453,179.59
2018-05-03,0.0,179.59
2018-05-04,0.004789,180.45
2018-05-07,0.002605,180.92
2018-05-08,0.000774,181.06
2018-05-09,0.016845,184.11
2018-05-10,0.008799,185.73
2018-05-11,-0.000485,185.64
2018-05-14,-0.007164,184.31
2018-05-15,0.000434,184.39
2018-05-16,-0.000705,184.25999
2018-05-17,-5.4e-05,184.25
2018-05-18,-0.013134,181.83
2018-05-21,0.00121,182.05
2018-05-22,0.010107,183.89
2018-05-23,-0.017021,180.75999
2018-05-24,-0.004813,179.89
2018-05-25,-0.004503,179.08
2018-05-29,-0.040987,171.74001
2018-05-30,0.013916,174.13
2018-05-31,-0.007179,172.08
2018-06-01,0.015109,174.67999
2018-06-04,0.00229,175.08
2018-06-05,-0.004227,174.34
2018-06-06,0.023632,178.46001
2018-06-07,-0.004427,177.67
2018-06-08,-0.003152,177.11
2018-06-11,-0.007509,175.78
2018-06-12,-0.003527,175.16
2018-06-13,-0.004339,174.39999
2018-06-14,0.001778,174.71001
2018-06-15,0.000172,174.74001
2018-06-18,-0.003834,174.07001
2018-06-19,0.001723,174.37
2018-06-20,-0.00172,174.07001
2018-06-21,0.002643,174.53
2018-06-22,-0.008881,172.98
2018-06-25,-0.00659,171.84
2018-06-26,-0.00966,170.17999
2018-06-27,-0.010048,168.47
2018-06-28,0.001246,168.67999
2018-06-29,0.008715,170.14999
2018-07-02,-0.000353,170.09
2018-07-03,-0.006056,169.06
2018-07-05,0.000118,169.08
2018-07-06,-0.00071,168.96001
2018-07-09,0.021544,172.60001
2018-07-10,-0.004056,171.89999
2018-07-11,-0.006225,170.83
2018-07-12,-0.011649,168.84
2018-07-13,-0.014155,166.45
2018-07-16,0.010033,168.12
2018-07-17,0.00226,168.5
2018-07-18,0.03549,174.48
2018-07-19,-0.009801,172.77
2018-07-20,0.001331,173.0
2018-07-23,0.009422,174.63
2018-07-24,-0.008074,173.22
2018-07-25,-0.005831,172.21001
2018-07-26,0.004355,172.96001
2018-07-27,0.015264,175.60001
2018-07-30,0.000285,175.64999
2018-07-31,-0.013094,173.35001
2018-08-01,0.001211,173.56
2018-08-02,0.00628,174.64999
2018-08-03,-0.00126,174.42999
2018-08-06,0.0043,175.17999
2018-08-07,0.002283,175.58
2018-08-08,0.008942,177.14999
2018-08-09,-0.00683,175.94
2018-08-10,-0.011254,173.96001
2018-08-13,-0.005346,173.03
2018-08-14,0.011732,175.06
2018-08-15,-0.008054,173.64999
2018-08-16,0.018889,176.92999
2018-08-17,-0.00243,176.5
2018-08-20,-0.005439,175.53999
2018-08-21,0.008773,177.08
2018-08-22,-0.000395,177.00999
2018-08-23,-0.002486,176.57001
2018-08-24,-0.001473,176.31
2018-08-27,0.005502,177.28
2018-08-28,0.003102,177.83
2018-08-29,-0.00135,177.59
2018-08-30,-0.006926,176.36
2018-08-31,0.01015,177.14999
2018-09-04,0.012419,179.35001
2018-09-05,0.002119,179.73
2018-09-06,-0.006065,178.64
2018-09-07,0.000952,178.81
2018-09-10,-0.001678,178.50999
2018-09-11,0.002129,178.89
2018-09-12,-0.02482,174.45
2018-09-13,-0.019719,171.00999
2018-09-14,0.001228,171.22
2018-09-17,-0.008761,169.72
2018-09-18,-0.003594,169.11
2018-09-19,0.017208,172.02
2018-09-20,0.004999,172.88
2018-09-21,0.000694,173.0
2018-09-24,-0.016474,170.14999
2018-09-25,-0.009168,168.59
2018-09-26,-0.007118,167.39
2018-09-27,-0.010694,165.60001
2018-09-28,-0.006401,164.53999
2018-10-01,0.000912,164.69
2018-10-02,0.0017,164.97
2018-10-03,0.013275,167.16
2018-10-04,0.011905,169.14999
2018-10-05,-0.004966,168.31
2018-10-08,0.010576,170.09
2018-10-09,-0.004468,169.33
2018-10-10,-0.020729,165.82001
2018-10-11,-0.032385,160.45
2018-10-12,-0.012029,158.52
2018-10-15,0.003091,159.00999
2018-10-16,-0.001761,158.73
2018-10-17,0.019971,161.89999
2018-10-18,-0.00698,160.77
2018-10-19,0.011569,162.63
2018-10-22,-0.02847,158.0
2018-10-23,0.005,158.78999
2018-10-24,-0.026072,154.64999
2018-10-25,0.02399,158.36
2018-10-26,0.001073,158.53
2018-10-29,0.01905,161.55
2018-10-30,0.010214,163.2
2018-10-31,0.013542,165.41
2018-11-01,-0.008524,164.0
2018-11-02,0.001098,164.17999
2018-11-05,0.003167,164.7
2018-11-06,-0.003097,164.19
2018-11-07,0.007674,165.45
2018-11-08,0.011605,167.37
2018-11-09,-0.003884,166.72
2018-11-12,-0.009537,165.13
2018-11-13,0.014352,167.5
2018-11-14,-0.013194,165.28999
2018-11-15,0.01815,168.28999
2018-11-16,0.004457,169.03999
2018-11-19,-0.002721,168.58
2018-11-20,-0.001839,168.27
2018-11-21,-0.002615,167.83
2018-11-23,-0.003456,167.25
2018-11-26,0.016861,170.07001
2018-11-27,-0.015464,167.44
2018-11-28,0.006032,168.45
2018-11-29,0.001425,168.69
2018-11-30,0.007825,169.00999
2018-12-03,-0.002663,168.56
2018-12-04,-0.044317,161.09
2018-12-06,0.001304,161.3
2018-12-07,-0.021265,157.87
2018-12-10,-0.015962,155.35001
2018-12-11,-0.011522,153.56
2018-12-12,0.004884,154.31
2018-12-13,-0.030005,149.67999
2018-12-14,-0.012493,147.81
2018-12-17,-0.009877,146.35001
2018-12-18,-0.015374,144.10001
2018-12-19,-0.017696,141.55
2018-12-20,-0.003179,141.10001
2018-12-21,-0.016868,138.72
2018-12-24,-0.021482,135.74001
2018-12-26,0.03934,141.08
2018-12-27,-0.003048,140.64999
2018-12-28,0.004124,141.23
2018-12-31,0.013453,143.13
2019-01-02,0.012297,144.89
2019-01-03,-0.007109,143.86
2019-01-04,0.030724,148.28
2019-01-07,0.012274,150.10001
2019-01-08,0.00433,150.75
2019-01-09,0.010614,152.35001
2019-01-10,-0.012537,150.44
2019-01-11,0.002459,150.81
2019-01-14,0.001525,151.03999
2019-01-15,0.002715,151.45
2019-01-16,0.01961,154.42
2019-01-17,0.056923,163.21001
2019-01-18,0.014582,165.59
2019-01-22,0.006583,166.67999
2019-01-23,0.00522,167.55
2019-01-24,0.005192,168.42
2019-01-25,-0.000653,168.31
2019-01-28,-0.003803,167.67
2019-01-29,0.001968,168.0
2019-01-30,-0.010833,166.17999
2019-01-31,-0.009869,164.53999
2019-02-01,-0.003282,164.0
2019-02-04,-0.001159,163.81
2019-02-05,-0.008546,162.41
2019-02-06,-0.004618,161.66
2019-02-07,0.031115,166.69
2019-02-08,-0.007739,165.39999
2019-02-11,0.017836,168.35001
2019-02-12,0.009801,170.0
2019-02-13,0.003647,170.62
2019-02-14,-0.008674,169.14
2019-02-15,0.018505,172.27
2019-02-19,0.007024,173.48
2019-02-20,0.014526,176.0
2019-02-21,-0.016591,173.08
2019-02-22,-0.003524,172.47
2019-02-25,0.0,172.47
2019-02-26,-0.011364,170.50999
2019-02-27,0.011847,172.53
2019-02-28,0.003072,173.06
2019-03-01,0.003063,172.59
2019-03-04,0.001449,172.84
2019-03-05,-0.000984,172.67
2019-03-06,-0.016042,169.89999
2019-03-07,-0.013302,167.64
2019-03-08,0.001193,167.84
2019-03-11,0.007448,169.09
2019-03-12,0.007511,170.36
2019-03-13,0.010625,172.17
2019-03-14,0.006738,173.33
2019-03-15,-0.004673,172.52
2019-03-18,0.01281,174.73
2019-03-19,-0.019344,171.35001
2019-03-20,-0.04412,163.78999
2019-03-21,-0.021186,160.32001
2019-03-22,-0.040731,153.78999
2019-03-25,-0.003251,153.28999
2019-03-26,0.014939,155.58
2019-03-27,-0.001735,155.31
2019-03-28,0.013457,157.39999
2019-03-29,-0.002414,157.02
2019-04-01,0.029996,161.73
2019-04-02,6.2e-05,161.74001
2019-04-03,0.000866,161.88
2019-04-04,0.00871,163.28999
2019-04-05,-0.000429,163.22
2019-04-08,0.005146,164.06
2019-04-09,-0.011764,162.13
2019-04-10,0.005674,163.05
2019-04-11,0.008893,164.5
2019-04-12,0.019818,167.75999
2019-04-15,-0.024082,163.72
2019-04-16,0.027852,168.28
2019-04-17,0.001188,168.48
2019-04-18,-0.012702,166.34
2019-04-22,0.000902,166.49001
2019-04-23,0.003964,167.14999
2019-04-24,-0.00353,166.56
2019-04-25,0.007325,167.78
2019-04-26,0.007033,168.96001
2019-04-29,0.009943,170.64
2019-04-30,-0.00334,170.07001
2019-05-01,-0.012936,167.87
2019-05-02,0.009114,169.39999
2019-05-03,0.005667,170.36
2019-05-06,-0.003405,169.78
2019-05-07,-0.013135,167.55
2019-05-08,-0.002149,167.19
2019-05-09,-0.00646,166.11
2019-05-10,0.007706,167.39
2019-05-13,-0.034172,161.67
2019-05-14,0.006309,162.69
2019-05-15,-0.008482,161.31
2019-05-16,0.016056,163.89999
2019-05-17,-0.000732,163.78
2019-05-20,0.010929,165.57001
2019-05-21,0.004409,166.3
2019-05-22,-0.003969,165.64
2019-05-23,-0.017448,162.75
2019-05-24,0.013333,164.92
2019-05-28,-0.016311,162.23
2019-05-29,0.015534,164.75
2019-05-30,-0.015599,162.17999
2019-05-31,-0.009742,159.60001
2019-06-03,0.01698,162.31
2019-06-04,0.030497,167.25999
2019-06-05,-0.005381,166.36
2019-06-06,0.003186,166.89
2019-06-07,-0.006771,165.75999
2019-06-10,0.011101,167.60001
2019-06-11,0.000955,167.75999
2019-06-12,-0.01377,165.45
2019-06-13,0.007253,166.64999
2019-06-14,0.007501,167.89999
2019-06-17,-0.01763,164.94
2019-06-18,0.012429,166.99001
2019-06-19,-0.006767,165.86
2019-06-20,-0.000181,165.83
2019-06-21,-0.00193,165.50999
2019-06-24,-0.000363,165.45
2019-06-25,0.000181,165.48
2019-06-26,0.003263,166.02
2019-06-27,0.016263,168.72
2019-06-28,0.008001,170.07001
2019-07-01,0.004351,170.81
2019-07-02,-0.004274,170.08
2019-07-03,0.008643,171.55
2019-07-05,0.01434,174.00999
2019-07-08,-0.005632,173.03
2019-07-09,0.006993,174.24001
2019-07-10,-0.016873,171.3
2019-07-11,0.014419,173.77
2019-07-12,0.001726,174.07001
2019-07-15,-0.009996,172.33
2019-07-16,-0.007079,171.11
2019-07-17,-0.003916,170.44
2019-07-18,-0.04506,162.75999
2019-07-19,0.000676,162.87
2019-07-22,-0.008227,161.53
2019-07-23,0.006686,162.61
2019-07-24,0.006826,163.72
2019-07-25,-0.002443,163.32001
2019-07-26,0.00998,164.95
2019-07-29,-0.007578,163.7
2019-07-30,0.004704,164.47
2019-07-31,-0.001338,164.25
2019-08-01,-0.05169,155.75999
2019-08-02,0.011942,157.62
2019-08-05,-0.02322,153.96001
2019-08-06,0.005196,154.75999
2019-08-07,-0.02688,150.60001
2019-08-08,0.015073,152.87
2019-08-09,0.00085,153.0
2019-08-12,-0.020523,149.86
2019-08-13,0.009742,151.32001
2019-08-14,-0.043352,144.75999
2019-08-15,-0.000622,144.67
2019-08-16,0.0197,147.52
2019-08-19,0.011321,149.19
2019-08-20,-0.018969,146.36
2019-08-21,0.006969,147.38
2019-08-22,0.00631,148.31
2019-08-23,-0.029735,143.89999
2019-08-26,0.011953,145.62
2019-08-27,-0.012086,143.86
2019-08-28,0.010288,145.34
2019-08-29,0.013348,147.28
2019-08-30,-0.000475,146.21001
2019-09-03,-0.022023,142.99001
2019-09-04,0.006923,143.98
2019-09-05,0.02167,147.10001
2019-09-06,-0.004487,146.44
2019-09-09,0.05265,154.14999
2019-09-10,0.006098,155.09
2019-09-11,-0.000516,155.00999
2019-09-12,0.011483,156.78999
2019-09-13,0.010524,158.44
2019-09-16,0.007384,159.61
2019-09-17,-0.009335,158.12
2019-09-18,0.008348,159.44
2019-09-19,-0.015554,156.96001
2019-09-20,-0.004205,156.3
2019-09-23,-0.00096,156.14999
2019-09-24,-0.004675,155.42
2019-09-25,0.01171,157.24001
2019-09-26,-0.002226,156.89
2019-09-27,0.008286,158.19
2019-09-30,-0.001391,157.97
2019-10-01,-0.026904,153.72
2019-10-02,-0.025826,149.75
2019-10-03,0.008748,151.06
2019-10-04,0.019794,154.05
2019-10-07,-0.000195,154.02
2019-10-08,-0.022854,150.5
2019-10-09,0.012758,152.42
2019-10-10,0.016599,154.95
2019-10-11,0.009874,156.48
2019-10-14,0.000575,156.57001
2019-10-15,0.014371,158.82001
2019-10-16,0.000693,158.92999
2019-10-17,-0.042912,152.11
2019-10-18,0.000789,152.23
2019-10-21,0.01189,154.03999
2019-10-22,0.014931,156.34
2019-10-23,0.009339,157.8
2019-10-24,-0.009632,156.28
2019-10-25,0.00192,156.58
2019-10-28,0.013284,158.66
2019-10-29,-0.004349,157.97
2019-10-30,-0.007027,156.86
2019-10-31,-0.002104,156.53
2019-11-01,0.026832,160.73
2019-11-04,0.020656,164.05
2019-11-05,0.012984,166.17999
2019-11-06,0.000421,166.25
2019-11-07,0.003489,166.83
2019-11-08,0.004556,167.59
2019-11-11,-0.005549,166.66
2019-11-12,-0.00708,165.48
2019-11-13,-0.013899,163.17999
2019-11-14,-0.000429,163.11
2019-11-15,0.005273,163.97
2019-11-18,-0.006099,162.97
2019-11-19,-0.000552,162.88
2019-11-20,0.000553,162.97
2019-11-21,0.000429,163.03999
2019-11-22,0.01147,164.91
2019-11-25,0.006731,166.02
2019-11-26,-0.001687,165.74001
2019-11-27,0.006275,166.78
2019-11-29,-0.005636,164.74001
2019-12-02,-0.000789,164.61
2019-12-03,-0.017253,161.77
2019-12-04,0.013785,164.0
2019-12-05,0.006463,165.06
2019-12-06,0.007088,166.23
2019-12-09,0.003068,166.74001
2019-12-10,0.001799,167.03999
2019-12-11,-0.003592,166.44
2019-12-12,0.033285,171.98
2019-12-13,-0.010931,170.10001
2019-12-16,-0.000412,170.03
2019-12-17,-0.00147,169.78
2019-12-18,-0.009601,168.14999
2019-12-19,0.001487,168.39999
2019-12-20,0.006591,169.50999
2019-12-23,-0.004778,168.7
2019-12-24,0.003794,169.34
2019-12-26,0.002953,169.84
2019-12-27,-0.001707,169.55
2019-12-30,-0.000767,169.42
2019-12-31,0.001948,169.75
2020-01-02,0.007776,171.07001
2020-01-03,-0.01023,169.32001
2020-01-06,-0.008268,167.92
2020-01-07,-0.012089,165.89
2020-01-08,0.005064,166.73
2020-01-09,0.003179,167.25999
2020-01-10,-0.007593,165.99001
2020-01-13,0.005181,166.85001
2020-01-14,-0.001618,166.58
2020-01-15,-0.023772,162.62
2020-01-16,0.008179,163.95
2020-01-17,-0.005611,163.03
2020-01-21,-0.012636,160.97
2020-01-22,0.005591,161.87
2020-01-23,0.052511,170.37
2020-01-24,0.006574,171.49001
2020-01-27,-0.020176,168.03
2020-01-28,0.016069,170.73
2020-01-29,-0.009547,169.10001
2020-01-30,0.009403,170.69
2020-01-31,-0.012713,168.52
2020-02-03,0.003382,169.09
2020-02-04,0.008516,170.53
2020-02-05,0.014719,173.03999
2020-02-06,-0.01098,171.14
2020-02-07,-0.006953,169.95
2020-02-10,-0.006708,168.81
2020-02-11,0.003258,169.36
2020-02-12,0.001358,169.59
2020-02-13,0.005897,170.59
2020-02-14,-0.004748,169.78
2020-02-18,-0.017552,166.8
2020-02-19,0.008753,168.25999
2020-02-20,0.007548,169.53
2020-02-21,-0.005663,168.57001
2020-02-24,-0.027941,163.86
2020-02-25,-0.048273,155.95
2020-02-26,-0.015967,153.46001
2020-02-27,-0.057279,144.67
2020-02-28,-0.02205,140.38
2020-03-02,0.050791,147.50999
2020-03-03,-0.056132,139.23
2020-03-04,0.027724,143.09
2020-03-05,-0.080369,131.59
2020-03-06,-0.049092,125.13
2020-03-09,-0.132103,108.6
2020-03-10,0.075875,116.84
2020-03-11,-0.048442,111.18
2020-03-12,-0.08005,102.28
2020-03-13,0.102366,112.75
2020-03-16,-0.117251,99.53
2020-03-17,0.102783,109.76
2020-03-18,-0.018313,107.75
2020-03-19,-0.027007,104.84
2020-03-20,-0.057993,98.76
2020-03-23,-0.107938,88.1
2020-03-24,0.121112,98.77
2020-03-25,0.063076,105.0
2020-03-26,0.054381,110.71
2020-03-27,-0.030892,107.29
2020-03-30,-0.003635,106.9
2020-03-31,-0.03246,103.43
2020-04-01,-0.07319,95.86
2020-04-02,-0.001252,95.74
2020-04-03,-0.042511,91.67
2020-04-06,0.121305,102.79
2020-04-07,0.008075,103.62
2020-04-08,0.038796,107.64
2020-04-09,0.066054,114.75
2020-04-13,-0.034771,110.76
2020-04-14,-0.012459,109.38
2020-04-15,-0.077071,100.95
2020-04-16,-0.046161,96.29
2020-04-17,0.095441,105.48
2020-04-20,0.001138,105.6
2020-04-21,-0.009186,104.63
2020-04-22,-0.005448,104.06
2020-04-23,-0.004805,103.56
2020-04-24,0.014484,105.06
2020-04-27,0.050067,110.32
2020-04-28,0.013325,111.79
2020-04-29,0.06056,118.56
2020-04-30,-0.054656,112.08
2020-05-01,-0.04354,107.2
2020-05-04,-0.026119,104.4
2020-05-05,-0.016858,102.64
2020-05-06,-0.024552,100.12
2020-05-07,0.014982,101.62
2020-05-08,0.031982,104.87
2020-05-11,-0.052732,99.34
2020-05-12,-0.040568,95.31
2020-05-13,-0.061169,89.48
2020-05-14,0.032409,92.38
2020-05-15,-0.035289,89.12
2020-05-18,0.083371,96.55
2020-05-19,-0.05189,91.54
2020-05-20,0.050033,96.12
2020-05-21,0.006762,96.77
2020-05-22,0.013021,98.03
2020-05-26,0.100275,107.86
2020-05-27,0.046727,112.9
2020-05-28,-0.033924,109.07
2020-05-29,-0.021179,105.66
2020-06-01,0.027163,108.53
2020-06-02,-0.023312,106.0
2020-06-03,0.073396,113.78
2020-06-04,0.03621,117.9
2020-06-05,0.045802,123.3
2020-06-08,0.033252,127.4
2020-06-09,-0.027551,123.89
2020-06-10,-0.057632,116.75
2020-06-11,-0.089679,106.28
2020-06-12,0.025216,108.96
2020-06-15,0.016153,110.72
2020-06-16,0.022941,113.26
2020-06-17,-0.028165,110.07
2020-06-18,0.003452,110.45
2020-06-19,0.005432,111.05
2020-06-22,-0.022873,108.51
2020-06-23,-0.000369,108.47
2020-06-24,-0.051166,102.92
2020-06-25,0.02157,105.14
2020-06-26,-0.044512,100.46
2020-06-29,0.018515,102.32
2020-06-30,0.016126,103.97
2020-07-01,-0.025584,101.31
2020-07-02,-0.007107,100.59
2020-07-06,0.013321,101.93
2020-07-07,-0.033258,98.54
2020-07-08,0.004465,98.98
2020-07-09,-0.038089,95.21
2020-07-10,0.054196,100.37
2020-07-13,0.012653,101.64
2020-07-14,-0.032566,98.33
2020-07-15,0.045154,102.77
2020-07-16,-0.002433,102.52
2020-07-17,-0.031213,99.32
2020-07-20,-0.005336,98.79
2020-07-21,0.052131,103.94
2020-07-22,-0.00481,103.44
2020-07-23,0.015081,105.0
2020-07-24,0.001238,105.13
2020-07-27,-0.021212,102.9
2020-07-28,-0.000583,102.84
2020-07-29,0.038701,106.82
2020-07-30,-0.009736,105.78
2020-07-31,0.001607,105.95
2020-08-03,-0.008683,105.03
2020-08-04,-0.009235,104.06
2020-08-05,0.005189,104.6
2020-08-06,-0.009847,103.57
2020-08-07,0.039007,107.61
2020-08-10,0.013568,109.07
2020-08-11,0.020904,111.35
2020-08-12,-0.008981,110.35
2020-08-13,-0.022836,107.83
2020-08-14,0.012798,109.21
2020-08-17,-0.024265,106.56
2020-08-18,-0.019332,104.5
2020-08-19,-0.00067,104.43
2020-08-20,-0.026429,101.67
2020-08-21,0.00777,102.46
2020-08-24,0.032891,105.83
2020-08-25,0.001134,105.95
2020-08-26,-0.020859,103.74
2020-08-27,0.020532,105.87
2020-08-28,0.005006,106.4
2020-08-31,-0.019173,103.26
2020-09-01,0.002905,103.56
2020-09-02,0.005408,104.12
2020-09-03,-0.003746,103.73
2020-09-04,0.02092,105.9
2020-09-08,-0.034372,102.26
2020-09-09,-0.010757,101.16
2020-09-10,-0.020858,99.05
2020-09-11,0.02635,101.66
2020-09-14,0.025379,104.24
2020-09-15,-0.004605,103.76
2020-09-16,-0.004819,103.26
2020-09-17,-0.008135,102.42
2020-09-18,-0.006249,101.78
2020-09-21,-0.050698,96.62
2020-09-22,-0.036328,93.11
2020-09-23,-0.024165,90.86
2020-09-24,-0.008805,90.06
2020-09-25,0.013769,91.3
2020-09-28,0.031983,94.22
2020-09-29,-0.032796,91.13
2020-09-30,0.010534,92.09
2020-10-01,0.001303,92.21
2020-10-02,0.014315,93.53
2020-10-05,0.043409,97.59
2020-10-06,0.008812,98.45
2020-10-07,0.032504,101.65
2020-10-08,0.001279,101.78
2020-10-09,-0.004028,101.37
2020-10-12,0.019039,103.3
2020-10-13,-0.034269,99.76
2020-10-14,-0.019647,97.8
2020-10-15,0.032924,101.02
2020-10-16,-0.009008,100.11
2020-10-19,-0.021476,97.96
2020-10-20,0.014904,99.42
2020-10-21,-0.003923,99.03
2020-10-22,0.057053,104.68
2020-10-23,0.013756,106.12
2020-10-26,-0.026856,103.27
2020-10-27,-0.038443,99.3
2020-10-28,-0.025378,96.78
2020-10-29,0.028518,99.54
2020-10-30,0.040587,103.58
2020-11-02,0.02375,106.04
2020-11-03,0.037439,110.01
2020-11-04,-0.105263,98.43
2020-11-05,0.052118,103.56
2020-11-06,-0.043453,99.06
2020-11-09,0.250959,123.92
2020-11-10,0.0,123.92
2020-11-11,-0.045352,118.3
2020-11-12,-0.026796,115.13
2020-11-13,0.032138,118.83
2020-11-16,0.06808,126.92
2020-11-17,-0.015364,124.97
2020-11-18,-0.024646,121.89
2020-11-19,-0.011732,120.46
2020-11-20,-0.019675,118.09
2020-11-23,0.006351,118.84
2020-11-24,0.040643,123.67
2020-11-25,-0.011078,122.3
2020-11-27,-0.010793,120.98
2020-11-30,-0.028021,116.49
2020-12-01,0.037772,120.89
2020-12-02,0.017537,123.01
2020-12-03,0.014796,124.83
2020-12-04,0.025555,128.02
2020-12-07,-0.006405,127.2
2020-12-08,-0.008255,126.15
2020-12-09,0.015775,128.14
2020-12-10,-0.001249,127.98
2020-12-11,-0.016721,125.84
2020-12-14,-0.008582,124.76
2020-12-15,0.015229,126.66
2020-12-16,0.002605,126.99
2020-12-17,-0.009135,125.83
2020-12-18,-0.016689,123.73
2020-12-21,0.002505,124.04
2020-12-22,-0.02338,121.14
2020-12-23,0.0369,125.61
2020-12-24,-0.005175,124.96
2020-12-28,0.005922,125.7
2020-12-29,-0.015036,123.81
2020-12-30,0.014781,125.64
2020-12-31,0.013212,127.3
2021-01-04,-0.003771,126.82
2021-01-05,0.013168,128.49001
2021-01-06,0.0881,139.81
2021-01-07,0.055361,147.55
2021-01-08,-0.022433,144.24001
2021-01-11,0.017055,146.7
2021-01-12,0.020109,149.64999
2021-01-13,-0.019646,146.71001
2021-01-14,0.018063,149.36
2021-01-15,-0.030731,144.77
2021-01-19,0.009878,146.2
2021-01-20,-0.016895,143.73
2021-01-21,0.005427,144.50999
2021-01-22,-0.009342,143.16
2021-01-25,-0.021794,140.03999
2021-01-26,-0.019994,137.24001
2021-01-27,-0.032134,132.83
2021-01-28,0.034029,137.35001
2021-01-29,-0.03553,132.47
2021-02-01,0.003623,132.95
2021-02-02,0.023543,136.08
2021-02-03,0.009553,137.38
2021-02-04,0.02635,141.0
2021-02-05,-0.004255,140.39999
2021-02-08,0.017806,142.89999
2021-02-09,0.00112,143.06
2021-02-10,0.002097,143.36
2021-02-11,-0.008022,142.21001
2021-02-12,0.000141,142.23
2021-02-16,0.045279,148.67
2021-02-17,-0.003161,148.2
2021-02-18,-0.009851,146.74001
2021-02-19,0.022012,149.97
2021-02-22,0.03534,155.27
2021-02-23,0.02647,159.38
2021-02-24,0.017254,162.13
2021-02-25,-0.033492,156.7
2021-02-26,-0.029738,150.94
2021-03-01,0.021797,154.23
2021-03-02,0.002464,154.61
2021-03-03,0.007891,155.83
2021-03-04,-0.018225,152.99001
2021-03-05,0.021962,156.35001
2021-03-08,0.018036,159.17
2021-03-09,-0.038575,153.03
2021-03-10,0.023394,156.61
2021-03-11,-0.006641,155.57001
2021-03-12,0.012792,157.56
2021-03-15,-0.014344,155.3
2021-03-16,-0.017128,152.64
2021-03-17,0.00131,152.84
2021-03-18,0.016619,155.38
2021-03-19,-0.021303,152.07001
2021-03-22,-0.017426,149.42
2021-03-23,-0.019074,146.57001
2021-03-24,0.008187,147.77
2021-03-25,0.032483,152.57001
2021-03-26,0.016845,155.14
2021-03-29,-0.029715,150.53
2021-03-30,0.022188,153.87
2021-03-31,-0.014688,151.61
2021-04-01,0.01029,153.17
2021-04-05,0.000261,153.21001
2021-04-06,-0.00124,153.02
2021-04-07,0.007646,154.19
2021-04-08,-0.008626,152.86
2021-04-09,0.005037,153.63
2021-04-12,0.016859,156.22
2021-04-13,-0.010882,154.52
2021-04-14,0.006795,155.57001
2021-04-15,-0.010799,153.89
2021-04-16,-0.000195,153.86
2021-04-19,0.007279,154.98
2021-04-20,-0.034263,149.67
2021-04-21,0.022182,152.99001
2021-04-22,-0.025492,149.09
2021-04-23,0.027031,153.12
2021-04-26,0.016523,155.64999
2021-04-27,0.00726,156.78
2021-04-28,-0.00236,156.41
2021-04-29,0.024359,160.22
2021-04-30,-0.015791,157.69
2021-05-03,-0.001205,157.5
2021-05-04,0.015238,159.89999
2021-05-05,0.005253,160.74001
2021-05-06,0.011198,162.53999
2021-05-07,0.003753,163.14999
2021-05-10,-0.001716,162.87
2021-05-11,-0.005342,162.0
2021-05-12,-0.023951,158.12
2021-05-13,0.041488,164.67999
2021-05-14,0.012995,166.82001
2021-05-17,0.002698,167.27
2021-05-18,-0.018114,164.24001
2021-05-19,-0.012421,162.2
2021-05-20,-0.009063,160.73
2021-05-21,0.010701,162.45
2021-05-24,-0.005355,161.58
2021-05-25,-0.026674,157.27
2021-05-26,0.002734,157.7
2021-05-27,0.01636,160.28
2021-05-28,0.009421,160.69
2021-06-01,0.008588,162.07001
2021-06-02,0.002653,162.5
2021-06-03,0.003138,163.00999
2021-06-04,-0.010674,161.27
2021-06-07,-0.009611,159.72
2021-06-08,0.004508,160.44
2021-06-09,-0.017327,157.66
2021-06-10,-0.023912,153.89
2021-06-11,0.008123,155.14
2021-06-14,-0.01663,152.56
2021-06-15,0.011602,154.33
2021-06-16,0.008164,155.59
2021-06-17,-0.045826,148.46001
2021-06-18,-0.036912,142.98
2021-06-21,0.032662,147.64999
2021-06-22,-0.003522,147.13
2021-06-23,-0.003466,146.62
2021-06-24,0.008389,147.85001
2021-06-25,0.023537,151.33
2021-06-28,-0.028547,147.00999
2021-06-29,-0.007891,145.85001
2021-06-30,-0.003702,145.31
2021-07-01,0.013557,147.28
2021-07-02,-0.009166,145.92999
2021-07-06,-0.02974,141.59
2021-07-07,-0.000636,141.5
2021-07-08,-0.027915,137.55
2021-07-09,0.034751,142.33
2021-07-12,0.005972,143.17999
2021-07-13,-0.014038,141.17
2021-07-14,-0.007934,140.05
2021-07-15,0.00814,141.19
2021-07-16,-0.030951,136.82001
2021-07-19,-0.041076,131.2
2021-07-20,0.029268,135.03999
2021-07-21,-0.014736,133.05
2021-07-22,-0.030515,128.99001
2021-07-23,0.002636,129.33
2021-07-26,0.022578,132.25
2021-07-27,0.01293,133.96001
2021-07-28,0.003732,134.46001
2021-07-29,0.005727,135.23
2021-07-30,-0.010205,133.85001
2021-08-02,-0.003661,133.36
2021-08-03,0.021596,136.24001
2021-08-04,-0.023561,133.03
2021-08-05,0.010148,134.38
2021-08-06,0.02679,137.98
2021-08-09,0.003696,138.49001
2021-08-10,0.010975,140.00999
2021-08-11,0.018856,142.64999
2021-08-12,-0.00715,141.63
2021-08-13,-0.011933,139.94
2021-08-16,-0.006145,139.08
2021-08-17,-0.007046,138.10001
2021-08-18,-0.009558,136.78
2021-08-19,-0.015499,134.66
2021-08-20,0.007723,135.7
2021-08-23,0.00899,136.92
2021-08-24,0.013658,138.78999
2021-08-25,0.020391,141.62
2021-08-26,-0.013134,139.75999
2021-08-27,0.017315,142.17999
2021-08-30,-0.022577,138.97
2021-08-31,0.015399,140.00999
2021-09-01,-0.005642,139.22
2021-09-02,0.000431,139.28
2021-09-03,-0.002297,138.96001
2021-09-07,-0.003886,138.42
2021-09-08,-0.00838,137.25999
2021-09-09,0.005027,137.95
2021-09-10,-0.015875,135.75999
2021-09-13,0.012449,137.45
2021-09-14,-0.027501,133.67
2021-09-15,0.026857,137.25999
2021-09-16,0.001821,137.50999
2021-09-17,0.000291,137.55
2021-09-20,-0.026245,133.94
2021-09-21,-0.004106,133.39
2021-09-22,0.023315,136.5
2021-09-23,0.039927,141.95
2021-09-24,0.009229,143.25999
2021-09-27,0.055633,151.23
2021-09-28,-0.000661,151.13
2021-09-29,0.012307,152.99001
2021-09-30,-0.023858,149.34
2021-10-01,0.023169,152.8
2021-10-04,0.005563,153.64999
2021-10-05,0.001041,153.81
2021-10-06,-0.010207,152.24001
2021-10-07,0.009524,153.69
2021-10-08,0.000325,153.74001
2021-10-11,-0.0147,151.48
2021-10-12,-0.005215,150.69
2021-10-13,-0.009689,149.23
2021-10-14,0.011995,151.02
2021-10-15,0.000728,151.13
2021-10-18,-0.001919,150.84
2021-10-19,0.005304,151.64
2021-10-20,0.057834,160.41
2021-10-21,-0.004052,159.75999
2021-10-22,0.000751,159.88
2021-10-25,-0.005504,159.0
2021-10-26,-0.022767,155.38
2021-10-27,-0.040353,149.11
2021-10-28,-0.006975,148.07001
2021-10-29,-0.006416,147.12
2021-11-01,0.037996,152.71001
2021-11-02,0.007269,153.82001
2021-11-03,0.035821,159.33
2021-11-04,-0.032386,154.17
2021-11-05,0.005967,155.09
2021-11-08,0.009672,156.59
2021-11-09,-0.012645,154.61
2021-11-10,0.011513,156.39
2021-11-11,0.018096,159.22
2021-11-12,0.004082,159.87
2021-11-15,0.002127,160.21001
2021-11-16,0.001311,160.42
2021-11-17,0.004675,161.17
2021-11-18,-0.010858,159.42
2021-11-19,-0.012859,157.37
2021-11-22,0.025418,161.37
2021-11-23,0.002975,161.85001
2021-11-24,-0.002348,161.47
2021-11-26,-0.046324,153.99001
2021-11-29,-0.004091,152.16
2021-11-30,-0.036475,146.61
2021-12-01,-0.01753,144.03999
2021-12-02,0.046376,150.72
2021-12-03,-0.024947,146.96001
2021-12-06,0.032118,151.67999
2021-12-07,0.006791,152.71001
2021-12-08,-0.004977,151.95
2021-12-09,0.001909,152.24001
2021-12-10,-0.000197,152.21001
2021-12-13,-0.03009,147.63
2021-12-14,0.012125,149.42
2021-12-15,0.008031,150.62
2021-12-16,0.016996,153.17999
2021-12-17,-0.039365,147.14999
2021-12-20,-0.01665,144.7
2021-12-21,0.030062,149.05
2021-12-22,0.009795,150.50999
2021-12-23,0.002923,150.95
2021-12-27,0.016761,153.48
2021-12-28,0.004626,154.19
2021-12-29,-0.000584,154.10001
2021-12-30,-0.00597,153.17999
2021-12-31,0.002611,153.58
2022-01-03,0.030408,158.25
2022-01-04,0.036335,164.0
2022-01-05,0.007866,165.28999
2022-01-06,0.040172,171.92999
2022-01-07,0.029082,176.92999
2022-01-10,0.003165,177.49001
2022-01-11,0.004,178.2
2022-01-12,0.007464,179.53
2022-01-13,0.020498,183.21001
2022-01-14,0.011626,185.34
2022-01-18,-0.015917,182.39
2022-01-19,-0.035473,175.92
2022-01-20,-0.0544,166.35001
2022-01-21,-0.037511,160.11
2022-01-24,0.040722,166.63
2022-01-25,-0.012243,164.59
2022-01-26,0.01926,167.75999
2022-01-27,0.006557,168.86
2022-01-28,0.01901,172.07001
2022-01-31,-0.015633,169.38
2022-02-01,0.020487,172.85001
2022-02-02,0.017183,175.82001
2022-02-03,-0.00364,175.17999
2022-02-04,0.025003,179.56
2022-02-07,0.005124,180.48
2022-02-08,0.02111,184.28999
2022-02-09,-0.006728,183.05
2022-02-10,0.000328,183.11
2022-02-11,-0.004424,182.3
2022-02-14,-0.010368,180.41
2022-02-15,0.019511,183.92999
2022-02-16,0.011798,186.10001
2022-02-17,-0.018485,182.66
2022-02-18,-0.001697,182.35001
2022-02-22,0.001316,182.59
2022-02-23,-0.009749,180.81
2022-02-24,-0.035064,174.47
2022-02-25,0.055941,183.03
2022-02-28,-0.004371,182.23
2022-03-01,-0.067936,169.85001
2022-03-02,0.052752,178.81
2022-03-03,0.01029,180.64999
2022-03-04,-0.024523,176.22
2022-03-07,-0.032516,170.49001
2022-03-08,-0.013843,168.13
2022-03-09,0.030215,173.21001
2022-03-10,0.003984,173.89999
2022-03-11,-0.009661,172.22
2022-03-14,0.017303,175.2
2022-03-15,-0.001084,175.00999
2022-03-16,0.036569,181.41
2022-03-17,-0.012899,179.07001
2022-03-18,0.001228,179.28999
2022-03-21,0.007195,180.58
2022-03-22,0.021653,184.49001
2022-03-23,-0.030246,178.91
2022-03-24,0.00436,179.69
2022-03-25,0.021593,183.57001
2022-03-28,-0.022771,179.39
2022-03-29,0.014717,182.03
2022-03-30,-0.053673,172.25999
2022-03-31,-0.016022,169.5
2022-04-01,-0.028555,164.66
2022-04-04,0.005527,165.57001
2022-04-05,-0.010811,163.78
2022-04-06,-0.007693,162.52
2022-04-07,-0.008061,161.21001
2022-04-08,0.011538,163.07001
2022-04-11,0.002821,163.53
2022-04-12,-0.018651,160.48
2022-04-13,-0.004798,159.71001
2022-04-14,-0.000939,159.56
2022-04-18,-0.002507,159.16
2022-04-19,0.018095,162.03999
2022-04-20,0.08825,176.34
2022-04-21,0.008166,177.78
2022-04-22,-0.030206,172.41
2022-04-25,0.009222,174.0
2022-04-26,-0.027529,169.21001
2022-04-27,0.012056,171.25
2022-04-28,0.00035,171.31
2022-04-29,-0.027261,166.64
2022-05-02,0.009542,168.23
2022-05-03,0.011889,170.23
2022-05-04,0.034424,176.09
2022-05-05,-0.022432,172.14
2022-05-06,-0.009643,170.48
2022-05-09,-0.014371,168.03
2022-05-10,-0.013093,165.83
2022-05-11,-0.007719,164.55
2022-05-12,0.007171,165.73
2022-05-13,0.005129,166.58
2022-05-16,-0.016269,163.87
2022-05-17,0.041924,170.74001
2022-05-18,-0.029519,165.7
2022-05-19,-0.016958,162.89
2022-05-20,-0.000982,162.73
2022-05-23,0.034167,168.28999
2022-05-24,0.004575,169.06
2022-05-25,0.027209,173.66
2022-05-26,0.023552,177.75
2022-05-27,0.017159,180.8
2022-05-31,0.002046,179.97
2022-06-01,-0.012113,177.78999
2022-06-02,0.014568,180.38
2022-06-03,-0.013361,177.97
2022-06-06,-0.000618,177.86
2022-06-07,0.015462,180.61
2022-06-08,-0.01506,177.89
2022-06-09,-0.036708,171.36
2022-06-10,-0.032213,165.84
2022-06-13,-0.020803,162.39
2022-06-14,0.015457,164.89999
2022-06-15,0.003578,165.49001
2022-06-16,-0.029307,160.64
2022-06-17,0.010583,162.34
2022-06-21,0.017987,165.25999
2022-06-22,-0.003268,164.72
2022-06-23,-0.03084,159.64
2022-06-24,0.043849,166.64
2022-06-27,-0.013322,164.42
2022-06-28,-0.007907,163.12
2022-06-29,-0.004843,162.33
2022-06-30,-0.018111,159.39
2022-07-01,0.002008,159.71001
2022-07-05,-0.006762,158.63
2022-07-06,-0.009897,157.06
2022-07-07,0.011397,158.85001
2022-07-08,0.000441,158.92
2022-07-11,-0.001447,158.69
2022-07-12,-0.005041,157.89
2022-07-13,-0.023814,154.13
2022-07-14,-0.023097,150.57001
2022-07-15,0.037458,156.21001
2022-07-18,0.011267,157.97
2022-07-19,0.042666,164.71001
2022-07-20,0.005039,165.53999
2022-07-21,0.02223,169.22
2022-07-22,-0.001536,168.96001
2022-07-25,0.020597,172.44
2022-07-26,-0.01531,169.8
2022-07-27,0.018728,172.98
2022-07-28,0.005261,173.89
2022-07-29,0.020473,177.45
2022-08-01,-0.007664,176.09
2022-08-02,-0.012948,173.81
2022-08-03,0.015534,176.50999
2022-08-04,-0.006062,175.44
2022-08-05,0.018981,178.77
2022-08-08,0.002741,179.25999
2022-08-09,0.003682,179.92
2022-08-10,0.027234,184.82001
2022-08-11,0.011092,186.87
2022-08-12,0.015786,189.82001
2022-08-15,0.002265,190.25
2022-08-16,0.006097,191.41
2022-08-17,-0.003605,190.72
2022-08-18,0.002412,191.17999
2022-08-19,-0.012344,188.82001
2022-08-22,-0.025103,184.08
2022-08-23,0.001195,184.3
2022-08-24,0.000217,184.34
2022-08-25,0.01839,187.73
2022-08-26,-0.019762,184.02
2022-08-29,-0.0025,183.56
2022-08-30,-0.004249,182.78
2022-08-31,0.001094,181.78
2022-09-01,-0.005336,180.81
2022-09-02,-0.000332,180.75
2022-09-06,-0.009571,179.02
2022-09-07,0.021171,182.81
2022-09-08,0.027843,187.89999
2022-09-09,-0.001543,187.61
2022-09-12,0.015671,190.55
2022-09-13,-0.022409,186.28
2022-09-14,-0.016266,183.25
2022-09-15,0.017735,186.5
2022-09-16,-0.019571,182.85001
2022-09-19,0.024282,187.28999
2022-09-20,-0.000587,187.17999
2022-09-21,-0.008227,185.64
2022-09-22,-0.013144,183.2
2022-09-23,-0.023417,178.91
2022-09-26,-0.010005,177.12
2022-09-27,0.001016,177.3
2022-09-28,0.010434,179.14999
2022-09-29,-0.024058,174.84
2022-09-30,0.008465,176.32001
2022-10-03,0.026656,181.02
2022-10-04,0.034858,187.33
2022-10-05,-0.008114,185.81
2022-10-06,-0.009149,184.11
2022-10-07,-0.011135,182.06
2022-10-10,-0.004284,181.28
2022-10-11,-0.012081,179.09
2022-10-12,-0.001508,178.82001
2022-10-13,0.047086,187.24001
2022-10-14,-0.008972,185.56
2022-10-17,0.012611,187.89999
2022-10-18,0.00777,189.36
2022-10-19,-0.138889,163.06
2022-10-20,-0.01018,161.39999
2022-10-21,0.002293,161.77
2022-10-24,0.008469,163.14
2022-10-25,0.002207,163.5
2022-10-26,0.009174,165.0
2022-10-27,0.012546,167.07001
2022-10-28,0.006644,168.17999
2022-10-31,0.00113,168.37
2022-11-01,-0.001604,168.10001
2022-11-02,-0.026115,163.71001
2022-11-03,0.002932,164.19
2022-11-04,0.017236,167.02
2022-11-07,0.011675,168.97
2022-11-08,0.008936,170.48
2022-11-09,-0.026631,165.94
2022-11-10,0.025612,170.19
2022-11-11,-0.023444,166.2
2022-11-14,-0.002106,165.85001
2022-11-15,0.02454,169.92
2022-11-16,-0.007239,168.69
2022-11-17,-0.004742,167.89
2022-11-18,0.016201,170.61
2022-11-21,-0.006389,169.52
2022-11-22,0.012683,171.67
2022-11-23,0.001165,171.87
2022-11-25,0.001571,172.14
2022-11-28,-0.01522,169.52
2022-11-29,0.008259,170.92
2022-11-30,0.001755,170.02
2022-12-01,-0.009999,168.32001
2022-12-02,0.004634,169.10001
2022-12-05,-0.046068,161.31
2022-12-06,-0.005951,160.35001
2022-12-07,-0.077206,147.97
2022-12-08,0.01453,150.12
2022-12-09,0.008393,151.38
2022-12-12,0.001057,151.53999
2022-12-13,-0.035568,146.14999
2022-12-14,-0.016148,143.78999
2022-12-15,-0.019334,141.00999
2022-12-16,-0.006808,140.05
2022-12-19,0.004284,140.64999
2022-12-20,-0.002417,140.31
2022-12-21,0.019243,143.00999
2022-12-22,0.012237,144.75999
2022-12-23,-0.001382,144.56
2022-12-27,0.008993,145.86
2022-12-28,-0.0157,143.57001
2022-12-29,0.013234,145.47
2022-12-30,-0.002818,145.06
2023-01-03,-0.00062,144.97
2023-01-04,0.011175,146.59
2023-01-05,-0.002388,146.24001
2023-01-06,0.02701,150.19
2023-01-09,-0.01092,148.55
2023-01-10,-0.003702,148.0
2023-01-11,0.009122,149.35001
2023-01-12,0.001942,149.64
2023-01-13,-0.000601,149.55
2023-01-17,0.00662,150.53999
2023-01-18,-0.031487,145.8
2023-01-19,0.054938,153.81
2023-01-20,-0.00078,153.69
2023-01-23,0.006962,154.75999
2023-01-24,0.001163,154.94
2023-01-25,0.006131,155.89
2023-01-26,-0.005645,155.00999
2023-01-27,-0.000194,154.98
2023-01-30,-0.009614,153.49001
2023-01-31,0.016353,156.0
2023-02-01,-0.010256,154.39999
2023-02-02,0.010492,156.02
2023-02-03,0.019228,159.02
2023-02-06,-0.007798,157.78
2023-02-07,0.014704,160.10001
2023-02-08,-0.007558,158.89
2023-02-09,-0.006923,157.78999
2023-02-10,0.007795,159.02
2023-02-13,0.014527,161.33
2023-02-14,-0.004401,160.62
2023-02-15,-0.002304,160.25
2023-02-16,-0.003557,159.67999
2023-02-17,0.001503,159.92
2023-02-21,-0.027952,155.45
2023-02-22,-0.008041,154.2
2023-02-23,0.003372,154.72
2023-02-24,0.009113,156.13
2023-02-27,-0.006789,155.07001
2023-02-28,0.001419,155.28999
2023-03-01,-0.007148,154.17999
2023-03-02,-0.01855,151.32001
2023-03-03,0.016653,152.53999
2023-03-06,-0.002753,152.12
2023-03-07,-0.052064,144.2
2023-03-08,-0.026491,140.38
2023-03-09,-0.048013,133.64
2023-03-10,-0.014367,131.72
2023-03-13,-0.034999,127.11
2023-03-14,0.002518,127.43
2023-03-15,-0.019933,124.89
2023-03-16,0.021379,127.56
2023-03-17,-0.039668,122.5
2023-03-20,-0.006449,121.71
2023-03-21,0.047983,127.55
2023-03-22,-0.077538,117.66
2023-03-23,-0.04496,112.37
2023-03-24,0.022782,114.93
2023-03-27,0.026103,117.93
2023-03-28,0.011448,119.28
2023-03-29,0.026157,122.4
2023-03-30,-0.022958,119.59
2023-03-31,-0.000167,119.57
2023-04-03,-0.006942,118.74
2023-04-04,-0.013138,117.18
2023-04-05,0.001963,117.41
2023-04-06,0.001363,117.57
2023-04-10,-0.001021,117.45
2023-04-11,0.006301,118.19
2023-04-12,-0.015653,116.34
2023-04-13,0.001805,116.55
2023-04-14,0.000343,116.59
2023-04-17,0.077794,125.66
2023-04-18,0.000557,125.73
2023-04-19,0.03086,129.61
2023-04-20,-0.037034,124.81
2023-04-21,-0.005769,124.09
2023-04-24,0.003304,124.5
2023-04-25,-0.036064,120.01
2023-04-26,0.005166,120.63
2023-04-27,0.028683,124.09
2023-04-28,0.01378,125.8
2023-05-01,-0.032671,121.69
2023-05-02,-0.035254,117.4
2023-05-03,-0.022061,114.81
2023-05-04,-0.009842,113.68
2023-05-05,0.043104,118.58
2023-05-08,-0.019818,116.23
2023-05-09,0.004302,116.73
2023-05-10,-0.01602,114.86
2023-05-11,-0.014017,113.25
2023-05-12,-0.016071,111.43
2023-05-15,0.031051,114.89
2023-05-16,-0.016886,112.95
2023-05-17,0.06224,119.98
2023-05-18,0.02142,122.55
2023-05-19,-0.00767,121.61
2023-05-22,0.01365,123.27
2023-05-23,0.005841,123.99
2023-05-24,-0.020163,121.49
2023-05-25,-0.003292,121.09
2023-05-26,0.020728,123.6
2023-05-30,0.013188,125.23
2023-05-31,-0.03809,119.16
2023-06-01,0.017959,121.3
2023-06-02,0.035367,125.59
2023-06-05,-0.027869,122.09
2023-06-06,0.041035,127.1
2023-06-07,0.022581,129.97
2023-06-08,-0.010464,128.61
2023-06-09,-0.013141,126.92
2023-06-12,-0.01237,125.35
2023-06-13,0.01077,126.7
2023-06-14,-0.037885,121.9
2023-06-15,0.023544,124.77
2023-06-16,-0.012904,123.16
2023-06-20,-0.007795,122.2
2023-06-21,-0.000409,122.15
2023-06-22,-0.037331,117.59
2023-06-23,-0.014627,115.87
2023-06-26,0.02848,119.17
2023-06-27,0.022237,121.82
2023-06-28,-0.001806,121.6
2023-06-29,0.021464,124.21
2023-06-30,-0.003623,123.76
2023-07-03,0.029816,127.45
2023-07-05,-0.015143,125.52
2023-07-06,-0.001673,125.31
2023-07-07,0.025936,128.56
2023-07-10,0.007078,129.47
2023-07-11,0.015293,131.45
2023-07-12,0.000304,131.49001
2023-07-13,0.013689,133.28999
2023-07-14,-0.018756,130.78999
2023-07-17,0.004282,131.35001
2023-07-18,0.025961,134.75999
2023-07-19,0.024785,138.10001
2023-07-20,0.003186,138.53999
2023-07-21,-0.004908,137.86
2023-07-24,0.014,139.78999
2023-07-25,-0.013735,137.87
2023-07-26,0.018641,140.44
2023-07-27,-0.015808,138.22
2023-07-28,0.01324,140.05
2023-07-31,-0.001357,139.86
2023-08-01,-0.008294,138.7
2023-08-02,-0.001947,138.42999
2023-08-03,0.010041,139.82001
2023-08-04,0.000358,139.87
2023-08-07,0.012011,141.55
2023-08-08,-0.014553,139.49001
2023-08-09,-0.031472,135.10001
2023-08-10,0.0,135.10001
2023-08-11,0.005921,135.89999
2023-08-14,-0.022296,132.87
2023-08-15,-0.042749,127.19
2023-08-16,0.00857,128.28
2023-08-17,0.003586,128.74001
2023-08-18,-0.008234,127.68
2023-08-21,0.005561,128.39
2023-08-22,-0.020952,125.7
2023-08-23,0.006603,126.53
2023-08-24,-0.001739,126.31
2023-08-25,-0.005779,125.58
2023-08-28,0.012104,127.1
2023-08-29,0.008576,128.19
2023-08-30,-0.01373,126.43
2023-08-31,-0.000633,125.05
2023-09-01,0.005678,125.76
2023-09-05,-0.015506,123.81
2023-09-06,-0.016315,121.79
2023-09-07,-0.020199,119.33
2023-09-08,0.020531,121.78
2023-09-11,0.035967,126.16
2023-09-12,0.027346,129.61
2023-09-13,-0.026541,126.17
2023-09-14,0.021955,128.94
2023-09-15,0.002792,129.3
2023-09-18,-0.020186,126.69
2023-09-19,-0.002289,126.4
2023-09-20,0.001741,126.62
2023-09-21,-0.002764,126.27
2023-09-22,-0.015839,124.27
2023-09-25,0.010622,125.59
2023-09-26,-0.018473,123.27
2023-09-27,0.010303,124.54
2023-09-28,0.015417,126.46
2023-09-29,-7.9e-05,126.45
2023-10-02,-0.034401,122.1
2023-10-03,-0.011876,120.65
2023-10-04,0.014588,122.41
2023-10-05,0.007761,123.36
2023-10-06,0.011835,124.82
2023-10-09,0.003846,125.3
2023-10-10,0.013009,126.93
2023-10-11,-0.009612,125.71
2023-10-12,-0.016148,123.68
2023-10-13,-0.028218,120.19
2023-10-16,0.020551,122.66
2023-10-17,0.014104,124.39
2023-10-18,-0.0246,121.33
2023-10-19,-0.014176,119.61
2023-10-20,-0.048825,113.77
2023-10-23,-0.019777,111.52
2023-10-24,-0.003587,111.12
2023-10-25,0.00486,111.66
2023-10-26,0.012538,113.06
2023-10-27,-0.036441,108.94
2023-10-30,0.028456,112.04
2023-10-31,0.006337,112.75
2023-11-01,-0.005499,112.13
2023-11-02,0.056363,118.45
2023-11-03,0.034614,122.55
2023-11-06,-0.010118,121.31
2023-11-07,-0.001896,121.08
2023-11-08,-0.014371,119.34
2023-11-09,-0.016675,117.35
2023-11-10,0.008522,118.35
2023-11-13,-0.01259,116.86
2023-11-14,0.055109,123.3
2023-11-15,0.01614,125.29
2023-11-16,-0.014526,123.47
2023-11-17,0.026403,126.73
2023-11-20,0.001657,126.94
2023-11-21,-0.011738,125.45
2023-11-22,-0.003029,125.07
2023-11-24,0.004398,125.62
2023-11-27,-0.007085,124.73
2023-11-28,0.004169,125.25
2023-11-29,0.0198,127.73
2023-11-30,0.013622,128.17
2023-12-01,0.035422,132.71001
2023-12-04,0.012659,134.39
2023-12-05,-0.016966,132.11
2023-12-06,-0.009689,130.83
2023-12-07,0.014905,132.78
2023-12-08,-0.000979,132.64999
2023-12-11,0.005805,133.42
2023-12-12,-0.012442,131.75999
2023-12-13,0.05123,138.50999
2023-12-14,0.047289,145.06
2023-12-15,-0.015856,142.75999
2023-12-18,-0.039437,137.13
2023-12-19,0.016262,139.36
2023-12-20,-0.038749,133.96001
2023-12-21,0.016796,136.21001
2023-12-22,0.002276,136.52
2023-12-26,0.01714,138.86
2023-12-27,-0.007057,137.88
2023-12-28,0.003699,138.39
2023-12-29,-0.009466,137.08
