date,daily_return,price
1999-06-04,-0.002749,68.03125
1999-06-07,0.016077,69.125
1999-06-08,-0.01085,68.375
1999-06-09,-0.011426,67.59375
1999-06-10,-0.017568,66.40625
1999-06-11,-0.020235,65.0625
1999-06-14,0.033622,67.25
1999-06-15,0.005576,67.625
1999-06-16,-0.041128,64.84375
1999-06-17,0.015904,65.875
1999-06-18,-0.009488,65.25
1999-06-21,-0.012452,64.4375
1999-06-22,-0.00679,64.0
1999-06-23,-0.008789,63.4375
1999-06-24,-0.018719,62.25
1999-06-25,0.02008,63.5
1999-06-28,0.027756,65.0625
1999-06-29,0.013449,65.9375
1999-06-30,0.009479,66.5625
1999-07-01,-0.01831,65.34375
1999-07-02,0.000478,65.375
1999-07-06,0.021989,66.8125
1999-07-07,0.0,66.8125
1999-07-08,-0.019177,65.53125
1999-07-09,0.021936,66.96875
1999-07-12,-0.006066,66.5625
1999-07-13,-0.019249,65.28125
1999-07-14,0.005266,65.625
1999-07-15,0.031429,67.6875
1999-07-16,0.000923,67.75
1999-07-19,0.01476,68.75
1999-07-20,0.007273,69.25
1999-07-21,0.00361,69.5
1999-07-22,0.000899,69.5625
1999-07-23,0.001797,69.6875
1999-07-26,-0.004933,69.34375
1999-07-27,-0.002253,69.1875
1999-07-28,-0.01897,67.875
1999-07-29,-0.020258,66.5
1999-07-30,-0.021617,65.0625
1999-08-02,0.002402,65.21875
1999-08-03,0.005271,65.5625
1999-08-04,-0.009533,64.9375
1999-08-05,-0.025024,63.3125
1999-08-06,-0.01382,62.4375
1999-08-09,0.003003,62.625
1999-08-10,-0.016966,61.5625
1999-08-11,0.007107,62.0
1999-08-12,0.018145,63.125
1999-08-13,0.04901,66.21875
1999-08-16,-0.016517,65.125
1999-08-17,0.047985,68.25
1999-08-18,-0.032967,66.0
1999-08-19,-0.014678,65.03125
1999-08-20,0.016819,66.125
1999-08-23,0.033081,68.3125
1999-08-24,0.002745,68.5
1999-08-25,0.001825,68.625
1999-08-26,-0.008197,68.0625
1999-08-27,-0.001837,67.9375
1999-08-30,-0.045078,64.875
1999-08-31,0.021195,66.25
1999-09-01,0.009434,66.875
1999-09-02,-0.046729,63.75
1999-09-03,0.028431,65.5625
1999-09-07,-0.034318,63.3125
1999-09-08,-0.000494,63.28125
1999-09-09,-0.00642,62.875
1999-09-10,0.012923,63.6875
1999-09-13,-0.007851,63.1875
1999-09-14,-0.023244,61.71875
1999-09-15,0.017722,62.8125
1999-09-16,-0.01393,61.9375
1999-09-17,-0.007064,61.5
1999-09-20,0.009654,62.09375
1999-09-21,-0.031706,60.125
1999-09-22,-0.006237,59.75
1999-09-23,-0.006276,59.375
1999-09-24,0.041053,61.8125
1999-09-27,-0.034378,59.6875
1999-09-28,0.007162,59.875
1999-09-29,-0.012526,59.125
1999-09-30,0.02907,60.84375
1999-10-01,-0.01284,60.0625
1999-10-04,0.044745,62.75
1999-10-05,-0.013446,61.90625
1999-10-06,0.033821,64.0
1999-10-07,-0.024414,62.4375
1999-10-08,0.057057,66.0
1999-10-11,-0.000947,65.9375
1999-10-12,0.0,65.9375
1999-10-13,-0.030332,63.9375
1999-10-14,-0.017595,62.8125
1999-10-15,-0.038806,60.375
1999-10-18,-0.015528,59.4375
1999-10-19,0.037855,61.6875
1999-10-20,0.031915,63.65625
1999-10-21,0.008346,64.1875
1999-10-22,0.014606,65.125
1999-10-25,-0.001919,65.0
1999-10-26,-0.021154,63.625
1999-10-27,0.03831,66.0625
1999-10-28,0.059603,70.0
1999-10-29,0.054464,73.8125
1999-11-01,-0.003387,73.5625
1999-11-02,-0.034834,71.0
1999-11-03,-0.013204,70.0625
1999-11-04,0.018733,71.375
1999-11-05,0.011384,72.1875
1999-11-08,-0.001299,72.09375
1999-11-09,-0.027308,70.125
1999-11-10,0.009804,70.8125
1999-11-11,-0.015887,69.6875
1999-11-12,0.032287,71.9375
1999-11-15,0.026933,73.875
1999-11-16,0.014382,74.9375
1999-11-17,-0.015847,73.75
1999-11-18,-0.005932,73.3125
1999-11-19,0.0,73.3125
1999-11-22,-0.028133,71.25
1999-11-23,-0.01579,70.125
1999-11-24,-0.008913,69.5
1999-11-26,-0.004496,69.1875
1999-11-29,-0.01355,68.25
1999-11-30,0.025641,70.0
1999-12-01,-0.032143,67.75
1999-12-02,0.012915,68.625
1999-12-03,0.045537,71.75
1999-12-06,-0.047038,68.375
1999-12-07,-0.017368,67.1875
1999-12-08,-0.027907,65.3125
1999-12-09,0.008134,65.84375
1999-12-10,-0.01851,64.625
1999-12-13,0.018375,65.8125
1999-12-14,0.007597,66.3125
1999-12-15,-0.014138,65.375
1999-12-16,-0.002868,65.1875
1999-12-17,0.011505,65.9375
1999-12-20,0.027488,67.75
1999-12-21,0.039668,70.4375
1999-12-22,0.00976,71.125
1999-12-23,0.020211,72.5625
1999-12-27,0.002584,72.75
1999-12-28,-0.015464,71.625
1999-12-29,0.019058,72.75
1999-12-30,0.012457,73.65625
1999-12-31,-0.003818,73.375
2000-01-03,-0.0477,69.875
2000-01-04,-0.042039,66.9375
2000-01-05,-0.014939,65.9375
2000-01-06,0.035071,68.25
2000-01-07,-0.00641,67.8125
2000-01-10,-0.026267,66.03125
2000-01-11,-0.029815,64.0625
2000-01-12,-0.005854,63.6875
2000-01-13,0.028459,65.5
2000-01-14,0.013359,66.375
2000-01-18,-0.020716,65.0
2000-01-19,-0.049039,61.8125
2000-01-20,-0.029323,60.0
2000-01-21,0.002083,60.125
2000-01-24,-0.040021,57.71875
2000-01-25,0.049269,60.5625
2000-01-26,0.043344,63.1875
2000-01-27,0.011869,63.9375
2000-01-28,-0.01564,62.9375
2000-01-31,0.054618,66.375
2000-02-01,-0.02919,64.4375
2000-02-02,-0.030068,62.5
2000-02-03,0.047,65.4375
2000-02-04,-0.048711,62.25
2000-02-07,-0.006024,61.875
2000-02-08,0.00101,61.9375
2000-02-09,-0.0222,60.5625
2000-02-10,-0.00516,60.25
2000-02-11,-0.003631,60.03125
2000-02-14,-0.033837,58.0
2000-02-15,0.012931,58.75
2000-02-16,0.007979,59.21875
2000-02-17,-0.031135,57.375
2000-02-18,-0.033769,55.4375
2000-02-22,-0.018038,54.4375
2000-02-23,-0.028703,52.875
2000-02-24,-0.008274,52.4375
2000-02-25,-0.0441,50.125
2000-02-28,0.052369,52.75
2000-02-29,-0.013033,52.0625
2000-03-01,-0.038415,50.0625
2000-03-02,-0.012484,49.4375
2000-03-03,-0.005057,49.1875
2000-03-06,-0.049555,46.75
2000-03-07,-0.013369,46.125
2000-03-08,-0.02439,45.0
2000-03-09,0.050347,47.26563
2000-03-10,-0.029422,45.875
2000-03-13,0.002725,46.0
2000-03-14,0.052989,48.4375
2000-03-15,0.094194,53.0
2000-03-16,0.112028,58.9375
2000-03-17,0.022269,60.25
2000-03-20,-0.056017,56.875
2000-03-21,0.049451,59.6875
2000-03-22,0.009424,60.25
2000-03-23,0.046681,63.0625
2000-03-24,0.005946,63.4375
2000-03-27,-0.019704,62.1875
2000-03-28,0.021106,63.5
2000-03-29,-0.010984,62.5625
2000-03-30,-0.016983,61.5
2000-03-31,0.02439,63.0
2000-04-03,0.065476,67.125
2000-04-04,-0.030261,65.09375
2000-04-05,-0.028325,63.25
2000-04-06,0.019022,64.45313
2000-04-07,-0.037091,62.0625
2000-04-10,0.036254,64.3125
2000-04-11,0.0,64.3125
2000-04-12,0.0,64.3125
2000-04-13,-0.015549,63.3125
2000-04-14,-0.067127,59.0625
2000-04-17,0.048677,61.9375
2000-04-18,0.049445,65.0
2000-04-19,-0.030769,63.0
2000-04-20,0.009921,63.625
2000-04-24,0.01498,64.57813
2000-04-25,0.052988,68.0
2000-04-26,-0.036765,65.5
2000-04-27,-0.031489,63.4375
2000-04-28,-0.004926,63.125
2000-05-01,0.00099,63.1875
2000-05-02,0.002967,63.375
2000-05-03,-0.037475,61.0
2000-05-04,-0.036885,58.75
2000-05-05,0.006383,59.125
2000-05-08,0.030655,60.9375
2000-05-09,0.019487,62.125
2000-05-10,-0.00503,61.8125
2000-05-11,0.039434,64.25
2000-05-12,0.029183,66.125
2000-05-15,0.011342,66.875
2000-05-16,-0.009346,66.25
2000-05-17,-0.011321,65.5
2000-05-18,0.021947,66.9375
2000-05-19,-0.018674,65.6875
2000-05-22,0.026641,67.4375
2000-05-23,-0.007414,66.9375
2000-05-24,0.011205,67.6875
2000-05-25,-0.004617,67.375
2000-05-26,0.011132,68.125
2000-05-30,0.006422,68.5625
2000-05-31,-0.008204,68.0
2000-06-01,0.029412,70.0
2000-06-02,0.022321,71.5625
2000-06-05,-0.020961,70.0625
2000-06-06,-0.000892,70.0
2000-06-07,0.013393,70.9375
2000-06-08,-0.030837,68.75
2000-06-09,-0.023636,67.125
2000-06-12,0.012104,67.9375
2000-06-13,-0.00276,67.75
2000-06-14,-0.004613,67.4375
2000-06-15,-0.050046,64.0625
2000-06-16,-0.062439,60.0625
2000-06-19,0.059053,63.60938
2000-06-20,-0.025301,62.0
2000-06-21,-0.020161,60.75
2000-06-22,0.018519,61.875
2000-06-23,-0.005051,61.5625
2000-06-26,0.019289,62.75
2000-06-27,0.020916,64.0625
2000-06-28,0.00519,64.125
2000-06-29,-0.021443,62.75
2000-06-30,0.007968,63.25
2000-07-03,0.030632,65.1875
2000-07-05,0.021093,66.5625
2000-07-06,0.024413,68.1875
2000-07-07,0.035747,70.625
2000-07-10,-0.023894,68.9375
2000-07-11,-0.012693,68.0625
2000-07-12,0.0,68.0625
2000-07-13,-0.011019,67.3125
2000-07-14,0.034355,69.625
2000-07-17,-0.0386,44.625
2000-07-18,-0.029412,43.3125
2000-07-19,-0.002886,43.1875
2000-07-20,0.024602,44.25
2000-07-21,-0.028249,43.0
2000-07-24,-0.011628,42.5
2000-07-25,-0.004412,42.3125
2000-07-26,-0.025111,41.25
2000-07-27,0.034849,42.6875
2000-07-28,-0.007321,42.375
2000-07-31,-0.025074,41.3125
2000-08-01,0.016642,42.0
2000-08-02,-0.00744,41.6875
2000-08-03,0.043478,43.5
2000-08-04,0.030172,44.8125
2000-08-07,0.001395,44.875
2000-08-08,-0.013928,44.25
2000-08-09,-0.002825,44.125
2000-08-10,0.033994,45.625
2000-08-11,0.011301,46.14063
2000-08-14,-0.007111,45.8125
2000-08-15,-0.015007,45.125
2000-08-16,-0.01108,44.625
2000-08-17,0.009804,45.0625
2000-08-18,-0.01387,44.4375
2000-08-21,-0.015471,43.75
2000-08-22,0.024286,44.8125
2000-08-23,-0.008368,44.4375
2000-08-24,0.004219,44.625
2000-08-25,-0.002801,44.5
2000-08-28,0.008427,44.875
2000-08-29,-0.02507,43.75
2000-08-30,0.014286,44.375
2000-08-31,0.040845,46.1875
2000-09-01,-0.016238,45.4375
2000-09-05,0.006878,45.75
2000-09-06,0.030055,47.125
2000-09-07,0.009284,47.5625
2000-09-08,0.024967,48.75
2000-09-11,0.014103,49.4375
2000-09-12,-0.001264,49.375
2000-09-13,-0.010127,48.875
2000-09-14,-0.003836,48.6875
2000-09-15,-0.020539,47.6875
2000-09-18,-0.027523,46.375
2000-09-19,0.033693,47.9375
2000-09-20,-0.007823,47.5625
2000-09-21,0.0,47.5625
2000-09-22,0.019711,48.5
2000-09-25,0.014175,49.1875
2000-09-26,0.027954,50.5625
2000-09-27,0.051768,53.0
2000-09-28,0.003538,53.1875
2000-09-29,0.012926,53.875
2000-10-02,0.062645,57.25
2000-10-03,-0.0131,56.5
2000-10-04,0.00885,57.0
2000-10-05,0.006579,57.375
2000-10-06,-0.025055,55.9375
2000-10-09,-0.020112,54.8125
2000-10-10,-0.036203,52.82813
2000-10-11,-0.00976,52.3125
2000-10-12,-0.060932,49.125
2000-10-13,0.075064,52.8125
2000-10-16,0.022485,54.0
2000-10-17,-0.024306,52.6875
2000-10-18,-0.013049,52.0
2000-10-19,0.028846,53.5
2000-10-20,-0.026869,52.0625
2000-10-23,-0.019208,51.0625
2000-10-24,0.007344,51.4375
2000-10-25,-0.001215,51.375
2000-10-26,-0.008516,50.9375
2000-10-27,0.023313,52.125
2000-10-30,-0.002398,52.0
2000-10-31,-0.012019,51.375
2000-11-01,0.001217,51.4375
2000-11-02,0.010936,52.0
2000-11-03,-0.001202,51.9375
2000-11-06,-0.002407,51.8125
2000-11-07,-0.010857,51.25
2000-11-08,-0.02561,49.9375
2000-11-09,0.021277,51.0
2000-11-10,-0.001225,50.9375
2000-11-13,-0.025767,49.625
2000-11-14,0.026448,50.9375
2000-11-15,-0.004908,50.6875
2000-11-16,-0.009864,50.1875
2000-11-17,-0.042341,48.0625
2000-11-20,-0.035111,46.375
2000-11-21,0.002695,46.5
2000-11-22,0.009409,46.9375
2000-11-24,0.002663,47.0625
2000-11-27,0.037185,48.8125
2000-11-28,0.020487,49.8125
2000-11-29,0.061481,52.875
2000-11-30,0.014184,53.625
2000-12-01,-0.02331,52.375
2000-12-04,0.011933,53.0
2000-12-05,0.053066,55.8125
2000-12-06,-0.010078,55.25
2000-12-07,0.029412,56.875
2000-12-08,-0.012088,56.1875
2000-12-11,0.014461,57.0
2000-12-12,0.0,57.0
2000-12-13,-0.015351,56.125
2000-12-14,-0.011136,55.5
2000-12-15,-0.027027,54.0
2000-12-18,0.052083,56.8125
2000-12-19,-0.012101,56.125
2000-12-20,0.025613,57.5625
2000-12-21,0.027144,59.125
2000-12-22,0.012685,59.875
2000-12-26,0.009395,60.4375
2000-12-27,0.004012,60.5
2000-12-28,-0.004132,60.25
2000-12-29,-0.008299,59.75
2001-01-02,-0.042103,57.23438
2001-01-03,0.043134,59.70313
2001-01-04,0.001832,59.8125
2001-01-05,-0.010449,59.1875
2001-01-08,-0.021119,57.9375
2001-01-09,-0.014024,57.125
2001-01-10,-0.003282,56.9375
2001-01-11,-0.010977,56.3125
2001-01-12,-0.021088,55.125
2001-01-16,0.023526,56.42188
2001-01-17,0.020216,57.5625
2001-01-18,-0.017372,56.5625
2001-01-19,-0.029834,54.875
2001-01-22,0.020501,56.0
2001-01-23,0.020089,57.125
2001-01-24,0.0,57.125
2001-01-25,-0.013129,56.375
2001-01-26,0.015521,57.25
2001-01-29,0.007642,57.6875
2001-01-30,0.018418,58.75
2001-01-31,0.008511,59.25
2001-02-01,-0.013713,58.4375
2001-02-02,-0.002139,58.3125
2001-02-05,-0.006431,57.9375
2001-02-06,-0.011866,57.25
2001-02-07,0.021834,58.5
2001-02-08,-0.007479,58.0625
2001-02-09,-0.006459,57.6875
2001-02-12,0.022752,59.0
2001-02-13,0.002119,59.125
2001-02-14,-0.012685,58.375
2001-02-15,-0.010707,57.75
2001-02-16,0.016234,58.6875
2001-02-20,-0.017039,57.6875
2001-02-21,-0.031419,55.875
2001-02-22,-0.027964,54.3125
2001-02-23,-0.002302,54.1875
2001-02-26,0.00692,54.5625
2001-02-27,0.010309,55.125
2001-02-28,-0.02381,53.8125
2001-03-01,0.015099,54.625
2001-03-02,0.009153,55.125
2001-03-05,-0.00907,54.625
2001-03-06,-0.005721,54.3125
2001-03-07,0.019563,55.375
2001-03-08,0.009029,55.875
2001-03-09,-0.021253,54.6875
2001-03-12,-0.050286,51.9375
2001-03-13,0.037305,53.875
2001-03-14,-0.039443,51.75
2001-03-15,0.025362,53.0625
2001-03-16,-0.002356,52.9375
2001-03-19,-0.011806,52.3125
2001-03-20,-0.041816,50.125
2001-03-21,-0.044888,47.875
2001-03-22,-0.01436,47.1875
2001-03-23,0.050331,49.5625
2001-03-26,0.013871,50.25
2001-03-27,0.041045,52.3125
2001-03-28,0.009797,52.625
2001-03-29,-0.013064,51.9375
2001-03-30,0.028881,53.4375
2001-04-02,0.003509,53.625
2001-04-03,-0.029138,52.0625
2001-04-04,-0.028812,50.5625
2001-04-05,0.004944,50.8125
2001-04-06,-0.01476,50.0625
2001-04-09,0.010737,50.6
2001-04-10,0.018972,51.56
2001-04-11,-0.003491,51.38
2001-04-12,0.003114,51.54
2001-04-16,-0.009895,51.03
2001-04-17,-0.000588,51.0
2001-04-18,0.030392,52.55
2001-04-19,0.014843,53.33
2001-04-20,-0.006375,52.99
2001-04-23,-0.023212,51.76
2001-04-24,0.008501,52.2
2001-04-25,-0.000575,52.17
2001-04-26,0.005942,52.48
2001-04-27,0.027439,53.92
2001-04-30,-0.002967,53.76
2001-05-01,0.002604,53.9
2001-05-02,0.000928,53.95
2001-05-03,-0.00519,53.67
2001-05-04,0.008385,54.12
2001-05-07,-0.010717,53.54
2001-05-08,0.002055,53.65
2001-05-09,0.002982,53.81
2001-05-10,0.017283,54.74
2001-05-11,-0.001827,54.64
2001-05-14,0.025073,56.01
2001-05-15,0.008391,56.48
2001-05-16,0.031162,58.24
2001-05-17,-0.010474,57.63
2001-05-18,0.002776,57.79
2001-05-21,0.002249,57.92
2001-05-22,0.012258,58.63
2001-05-23,0.003582,58.84
2001-05-24,-0.00153,58.75
2001-05-25,-0.002553,58.6
2001-05-29,0.003072,58.78
2001-05-30,-0.003062,58.6
2001-05-31,0.004608,58.87
2001-06-01,0.010022,59.46
2001-06-04,0.018836,60.58
2001-06-05,0.006603,60.98
2001-06-06,-0.011315,60.29
2001-06-07,-0.001161,60.22
2001-06-08,-0.004816,59.93
2001-06-11,-0.005506,59.6
2001-06-12,-0.000168,59.59
2001-06-13,0.003188,59.78
2001-06-14,-0.006357,59.4
2001-06-15,0.000842,59.45
2001-06-18,-0.007065,59.03
2001-06-19,0.006946,59.44
2001-06-20,0.013459,60.24
2001-06-21,0.040007,62.65
2001-06-22,-0.010854,61.97
2001-06-25,-0.00355,61.75
2001-06-26,0.000648,61.79
2001-06-27,-0.001457,61.5
2001-06-28,0.001789,61.61
2001-06-29,-0.025321,60.05
2001-07-02,0.018485,61.16
2001-07-03,-0.000654,61.12
2001-07-05,0.001473,61.21
2001-07-06,-0.018298,60.09
2001-07-09,0.00416,60.34
2001-07-10,-0.01939,59.17
2001-07-11,0.007436,59.61
2001-07-12,0.02919,61.35
2001-07-13,0.024287,62.84
2001-07-16,-0.038511,60.42
2001-07-17,0.03906,62.78
2001-07-18,-0.000637,62.74
2001-07-19,0.0,62.74
2001-07-20,-0.002231,62.6
2001-07-23,-0.001118,62.53
2001-07-24,-0.022229,61.14
2001-07-25,0.003598,61.36
2001-07-26,0.011897,62.09
2001-07-27,0.002094,62.22
2001-07-30,-0.001607,62.12
2001-07-31,0.014488,63.02
2001-08-01,0.000635,63.06
2001-08-02,0.00777,63.55
2001-08-03,-0.003147,63.35
2001-08-06,-0.01247,62.56
2001-08-07,0.009271,63.14
2001-08-08,-0.002851,62.96
2001-08-09,0.002541,63.12
2001-08-10,-0.003485,62.9
2001-08-13,0.016375,63.93
2001-08-14,-0.003128,63.73
2001-08-15,0.008944,64.3
2001-08-16,0.000933,64.36
2001-08-17,-0.011964,63.59
2001-08-20,0.005819,63.96
2001-08-21,-0.007974,63.45
2001-08-22,0.015445,64.43
2001-08-23,-0.024368,62.86
2001-08-24,-0.027522,61.13
2001-08-27,-0.031572,59.2
2001-08-28,0.001689,59.3
2001-08-29,-0.018381,58.21
2001-08-30,-0.001718,58.11
2001-08-31,0.00327,58.3
2001-09-04,-0.012007,57.6
2001-09-05,-0.004167,57.36
2001-09-06,-0.025105,55.92
2001-09-07,-0.020029,54.8
2001-09-10,0.001095,54.86
2001-09-17,-0.02479,53.5
2001-09-18,0.038879,55.58
2001-09-19,0.00054,55.61
2001-09-20,-0.024456,54.25
2001-09-21,-0.007558,53.84
2001-09-24,0.049591,56.51
2001-09-25,0.017165,57.48
2001-09-26,0.024182,58.67
2001-09-27,0.016363,59.63
2001-09-28,0.031025,61.48
2001-10-01,0.003578,61.7
2001-10-02,0.01799,62.81
2001-10-03,-0.009234,62.23
2001-10-04,-0.03712,59.92
2001-10-05,-0.036215,57.75
2001-10-08,-0.054892,54.58
2001-10-09,0.026933,56.05
2001-10-10,0.017484,57.03
2001-10-11,-0.01543,56.15
2001-10-12,-0.00837,55.68
2001-10-15,0.00449,55.93
2001-10-16,-0.018058,54.92
2001-10-17,-0.022396,53.69
2001-10-18,0.014155,54.45
2001-10-19,0.004775,54.71
2001-10-22,0.033815,56.56
2001-10-23,-0.006542,56.19
2001-10-24,0.000712,56.23
2001-10-25,0.010848,56.84
2001-10-26,0.01689,57.8
2001-10-29,-0.021107,56.58
2001-10-30,0.003712,56.79
2001-10-31,-0.006515,56.42
2001-11-01,0.022155,57.67
2001-11-02,-0.007456,57.24
2001-11-05,0.037212,59.37
2001-11-06,0.013812,60.19
2001-11-07,-0.015119,59.28
2001-11-08,0.01417,60.12
2001-11-09,0.001663,60.22
2001-11-12,0.00083,60.27
2001-11-13,0.009955,60.87
2001-11-14,-0.004929,60.57
2001-11-15,0.000495,60.6
2001-11-16,-0.009901,60.0
2001-11-19,0.0,60.0
2001-11-20,-0.002833,59.83
2001-11-21,-0.007856,59.36
2001-11-23,0.010782,60.0
2001-11-26,0.01,60.6
2001-11-27,-0.017327,59.55
2001-11-28,-0.003862,59.32
2001-11-29,0.017532,60.36
2001-11-30,-0.004473,60.09
2001-12-03,-0.013813,59.26
2001-12-04,0.015694,60.19
2001-12-05,0.003987,60.43
2001-12-06,-0.003806,60.2
2001-12-07,-0.001827,60.09
2001-12-10,-0.010651,59.45
2001-12-11,0.001682,59.55
2001-12-12,0.002855,59.72
2001-12-13,-0.01574,58.78
2001-12-14,-0.003743,58.56
2001-12-17,0.006831,58.96
2001-12-18,0.01747,59.99
2001-12-19,0.007335,60.43
2001-12-20,0.013404,61.24
2001-12-21,0.019432,62.43
2001-12-24,-0.006888,62.0
2001-12-26,0.006129,62.38
2001-12-27,-0.006092,61.77
2001-12-28,0.003238,61.97
2001-12-31,-0.010328,61.33
2002-01-02,-0.000163,61.32
2002-01-03,0.002772,61.49
2002-01-04,0.008131,61.99
2002-01-07,0.000807,62.04
2002-01-08,-0.005158,61.72
2002-01-09,-0.01199,60.98
2002-01-10,0.00164,61.08
2002-01-11,-0.006876,60.66
2002-01-14,-0.008902,60.12
2002-01-15,0.030439,61.95
2002-01-16,-0.003874,61.71
2002-01-17,0.006968,62.14
2002-01-18,0.001287,62.22
2002-01-22,0.002893,62.4
2002-01-23,0.000961,62.46
2002-01-24,0.005604,62.81
2002-01-25,0.008438,63.34
2002-01-28,-0.006789,62.91
2002-01-29,-0.02432,61.38
2002-01-30,0.022483,62.76
2002-01-31,0.007808,63.25
2002-02-01,0.003162,63.45
2002-02-04,-0.022695,62.01
2002-02-05,0.000645,62.05
2002-02-06,-0.009831,61.44
2002-02-07,-0.004557,61.16
2002-02-08,0.01586,62.13
2002-02-11,0.000644,62.17
2002-02-12,0.003217,62.37
2002-02-13,0.012666,63.16
2002-02-14,0.005383,63.5
2002-02-15,-0.011024,62.8
2002-02-19,-0.023726,61.31
2002-02-20,-0.000489,61.28
2002-02-21,-0.001795,61.17
2002-02-22,0.002779,61.34
2002-02-25,0.023965,62.81
2002-02-26,0.008757,63.36
2002-02-27,0.002367,63.51
2002-02-28,0.003936,63.76
2002-03-01,0.019919,65.03
2002-03-04,0.019991,66.33
2002-03-05,0.007387,66.82
2002-03-06,0.012422,67.65
2002-03-07,-0.012269,66.82
2002-03-08,-0.004939,66.49
2002-03-11,0.016394,67.58
2002-03-12,0.006215,68.0
2002-03-13,-0.001471,67.9
2002-03-14,0.001031,67.97
2002-03-15,0.017066,69.13
2002-03-18,-0.005352,68.76
2002-03-19,0.009308,69.4
2002-03-20,-0.007925,68.85
2002-03-21,-0.011619,68.05
2002-03-22,0.000147,68.06
2002-03-25,-0.00911,67.44
2002-03-26,0.003114,67.42
2002-03-27,0.009641,68.07
2002-03-28,-0.008667,67.48
2002-04-01,-0.008595,66.9
2002-04-02,0.001644,67.01
2002-04-03,-0.013132,66.13
2002-04-04,0.002117,66.27
2002-04-05,0.007243,66.75
2002-04-08,0.001648,66.86
2002-04-09,0.01376,67.78
2002-04-10,0.021098,69.21
2002-04-11,-0.007224,68.71
2002-04-12,0.009315,69.35
2002-04-15,-0.010094,68.65
2002-04-16,-0.000291,68.63
2002-04-17,0.003934,68.9
2002-04-18,-0.004935,68.56
2002-04-19,-0.001604,68.45
2002-04-22,-0.006428,68.01
2002-04-23,-0.003088,67.8
2002-04-24,0.009882,68.47
2002-04-25,-0.007449,67.96
2002-04-26,-0.005591,67.58
2002-04-29,0.0,67.58
2002-04-30,0.014945,68.59
2002-05-01,0.000146,68.6
2002-05-02,0.005394,68.97
2002-05-03,-0.000435,68.94
2002-05-06,-0.018712,67.65
2002-05-07,0.0,67.65
2002-05-08,0.008278,68.21
2002-05-09,-0.017446,67.02
2002-05-10,-0.011787,66.23
2002-05-13,0.013136,67.1
2002-05-14,0.010432,67.8
2002-05-15,-0.00177,67.68
2002-05-16,-0.000739,67.63
2002-05-17,-0.003105,67.42
2002-05-20,-0.028627,65.49
2002-05-21,0.00565,65.86
2002-05-22,0.004555,66.16
2002-05-23,-0.001965,66.03
2002-05-24,-0.006664,65.59
2002-05-28,-0.010825,64.88
2002-05-29,-0.002774,64.7
2002-05-30,0.004637,65.0
2002-05-31,0.002615,65.17
2002-06-03,-0.015498,64.16
2002-06-04,-0.003117,63.96
2002-06-05,0.01157,64.7
2002-06-06,-0.017465,63.57
2002-06-07,0.008809,64.13
2002-06-10,0.00078,64.18
2002-06-11,-0.005765,63.81
2002-06-12,-0.002351,63.66
2002-06-13,-0.010053,63.02
2002-06-14,0.010156,63.66
2002-06-17,0.038172,66.09
2002-06-18,0.00575,66.47
2002-06-19,-0.017151,65.33
2002-06-20,-0.006276,64.92
2002-06-21,-0.00077,64.87
2002-06-24,-0.005858,64.49
2002-06-25,0.006358,64.9
2002-06-26,-0.003544,64.44
2002-06-27,0.024209,66.0
2002-06-28,0.009849,66.65
2002-07-01,-0.0015,66.55
2002-07-02,-0.010669,65.84
2002-07-03,-0.004556,65.54
2002-07-05,0.026396,67.27
2002-07-08,0.01219,68.09
2002-07-09,-0.019533,66.76
2002-07-10,-0.005093,66.42
2002-07-11,-0.014002,65.49
2002-07-12,-0.028401,63.63
2002-07-15,-0.012101,62.86
2002-07-16,0.020045,64.12
2002-07-17,0.017623,65.25
2002-07-18,-0.047969,62.12
2002-07-19,-0.032679,60.09
2002-07-22,0.013147,60.88
2002-07-23,-0.036137,58.68
2002-07-24,0.060668,62.24
2002-07-25,-0.002249,62.1
2002-07-26,0.012399,62.87
2002-07-29,0.046445,65.79
2002-07-30,-0.018696,64.56
2002-07-31,0.023389,66.07
2002-08-01,-0.027395,64.26
2002-08-02,-0.021164,62.9
2002-08-05,-0.032274,60.87
2002-08-06,0.033678,62.92
2002-08-07,0.01939,64.14
2002-08-08,0.023542,65.65
2002-08-09,0.001676,65.76
2002-08-12,-0.00882,65.18
2002-08-13,-0.022706,63.7
2002-08-14,0.037991,66.12
2002-08-15,0.00605,66.52
2002-08-16,0.006164,66.93
2002-08-19,0.011953,67.73
2002-08-20,-0.014174,66.77
2002-08-21,0.004044,67.04
2002-08-22,0.006265,67.46
2002-08-23,-0.025793,65.72
2002-08-26,0.024194,67.31
2002-08-27,-0.004011,67.04
2002-08-28,-0.014917,66.04
2002-08-29,0.009237,66.65
2002-08-30,0.005551,67.02
2002-09-03,-0.03387,64.75
2002-09-04,0.0139,65.65
2002-09-05,0.018279,66.85
2002-09-06,-0.003141,66.64
2002-09-09,0.007503,67.14
2002-09-10,-0.021597,65.69
2002-09-11,-0.040037,63.06
2002-09-12,-0.026483,61.39
2002-09-13,0.008145,61.89
2002-09-16,0.008564,62.42
2002-09-17,0.007049,62.86
2002-09-18,-0.007954,62.36
2002-09-19,-0.021809,61.0
2002-09-20,0.008689,61.53
2002-09-23,-0.003738,61.3
2002-09-24,-0.019413,60.11
2002-09-25,0.02745,61.76
2002-09-26,0.021373,62.82
2002-09-27,-0.014327,61.92
2002-09-30,-0.011143,61.23
2002-10-01,0.046872,64.1
2002-10-02,-0.037442,61.7
2002-10-03,-0.042139,59.1
2002-10-04,-0.02758,57.47
2002-10-07,-0.028015,55.86
2002-10-08,0.03797,57.981
2002-10-09,-0.022783,56.66
2002-10-10,0.041123,58.99
2002-10-11,0.041346,61.429
2002-10-14,0.013365,62.25
2002-10-15,0.044016,64.99
2002-10-16,-0.010309,64.32
2002-10-17,0.023476,65.83
2002-10-18,-0.001519,65.73
2002-10-21,0.005325,66.08
2002-10-22,-0.016949,64.96
2002-10-23,0.005419,65.312
2002-10-24,-0.020548,63.97
2002-10-25,0.027357,65.72
2002-10-28,-0.019325,64.45
2002-10-29,-0.015516,63.45
2002-10-30,0.012293,64.23
2002-10-31,-0.011366,63.5
2002-11-01,0.032598,65.57
2002-11-04,-0.030044,63.6
2002-11-05,0.013365,64.45
2002-11-06,-0.016292,63.4
2002-11-07,-0.025868,61.76
2002-11-08,-0.018782,60.6
2002-11-11,-0.008911,60.06
2002-11-12,0.012488,60.81
2002-11-13,0.004769,61.1
2002-11-14,0.023404,62.53
2002-11-15,-0.081721,57.42
2002-11-18,-0.012191,56.72
2002-11-19,0.013223,57.47
2002-11-20,0.003132,57.65
2002-11-21,0.008846,58.16
2002-11-22,-0.01771,57.13
2002-11-25,0.010502,57.73
2002-11-26,-0.024771,56.3
2002-11-27,0.008703,56.79
2002-11-29,-0.013911,56.0
2002-12-02,0.031964,57.79
2002-12-03,-0.022322,56.5
2002-12-04,0.024779,57.9
2002-12-05,-0.009672,57.34
2002-12-06,0.016568,58.29
2002-12-09,-0.0187,57.2
2002-12-10,0.043706,59.7
2002-12-11,0.012563,60.45
2002-12-12,-0.012407,59.7
2002-12-13,-0.001508,59.61
2002-12-16,0.004194,59.86
2002-12-17,-0.011193,59.19
2002-12-18,-0.013347,58.4
2002-12-19,-0.003938,58.17
2002-12-20,0.002751,58.33
2002-12-23,0.011315,58.99
2002-12-24,-0.001017,58.93
2002-12-26,0.008145,59.41
2002-12-27,-0.012119,58.43
2002-12-30,0.005648,58.76
2002-12-31,-0.003574,58.55
2003-01-02,0.032451,60.45
2003-01-03,-0.004467,60.18
2003-01-06,0.025424,61.71
2003-01-07,-0.011019,61.03
2003-01-08,-0.002458,60.88
2003-01-09,0.014947,61.79
2003-01-10,-0.015537,60.83
2003-01-13,0.004274,61.09
2003-01-14,0.011786,61.81
2003-01-15,-0.038667,59.42
2003-01-16,-0.026254,57.86
2003-01-17,0.005185,58.16
2003-01-21,-0.018226,57.1
2003-01-22,-0.010683,56.49
2003-01-23,0.002301,56.62
2003-01-24,-0.019428,55.52
2003-01-27,-0.018012,54.52
2003-01-28,0.01394,55.28
2003-01-29,-0.008502,54.81
2003-01-30,-0.017515,53.85
2003-01-31,-0.009285,53.35
2003-02-03,-0.021368,52.21
2003-02-04,0.004214,52.43
2003-02-05,-0.006676,52.08
2003-02-06,0.013057,52.76
2003-02-07,-0.003033,52.6
2003-02-10,0.006464,52.94
2003-02-11,-0.008311,52.5
2003-02-12,-0.00381,52.3
2003-02-13,0.005354,52.58
2003-02-14,0.016356,53.44
2003-02-18,0.00524,53.72
2003-02-19,-0.002978,53.56
2003-02-20,-0.002987,53.4
2003-02-21,0.021161,54.53
2003-02-24,-0.015771,53.67
2003-02-25,-0.002609,53.53
2003-02-26,-0.018494,52.54
2003-02-27,0.016178,53.39
2003-02-28,-0.005244,53.11
2003-03-03,-0.003578,52.92
2003-03-04,-0.000378,52.9
2003-03-05,-0.006994,52.53
2003-03-06,-0.030078,50.95
2003-03-07,0.02002,51.97
2003-03-10,-0.024437,50.7
2003-03-11,0.000197,50.71
2003-03-12,-0.041018,48.63
2003-03-13,0.024059,49.8
2003-03-14,0.007631,50.18
2003-03-17,0.028298,51.6
2003-03-18,0.005814,51.9
2003-03-19,0.028709,53.39
2003-03-20,-0.006368,53.05
2003-03-21,0.024128,54.33
2003-03-24,-0.043991,51.94
2003-03-25,0.012515,52.59
2003-03-26,-0.015022,51.8
2003-03-27,0.029537,53.07
2003-03-28,-0.030337,51.46
2003-03-31,-0.023883,50.231
2003-04-01,-0.006211,49.919
2003-04-02,0.008454,50.341
2003-04-03,-0.025645,49.05
2003-04-04,0.012029,49.64
2003-04-07,-0.004835,49.4
2003-04-08,-0.007895,49.01
2003-04-09,-0.024872,47.791
2003-04-10,0.017137,48.61
2003-04-11,0.001234,48.67
2003-04-14,0.026094,49.94
2003-04-15,0.001001,49.99
2003-04-16,-0.024805,48.75
2003-04-17,0.014154,49.44
2003-04-21,-0.00445,49.22
2003-04-22,0.000609,49.25
2003-04-23,-0.009746,48.77
2003-04-24,-0.021325,47.73
2003-04-25,0.019694,48.67
2003-04-28,0.02219,49.75
2003-04-29,-0.003397,49.581
2003-04-30,-0.007281,49.22
2003-05-01,-0.009752,48.74
2003-05-02,0.036931,50.54
2003-05-05,-0.010091,50.03
2003-05-06,0.03298,51.68
2003-05-07,-0.011997,51.06
2003-05-08,-0.007051,50.7
2003-05-09,0.00355,50.88
2003-05-12,0.007272,51.25
2003-05-13,0.004878,51.5
2003-05-14,0.002136,51.61
2003-05-15,0.003681,51.8
2003-05-16,0.012934,52.47
2003-05-19,-0.008958,52.0
2003-05-20,0.001731,52.09
2003-05-21,0.002688,52.23
2003-05-22,-0.015317,51.43
2003-05-23,0.013027,52.1
2003-05-27,0.032054,53.77
2003-05-28,0.028083,55.28
2003-05-29,0.010854,55.88
2003-05-30,0.027201,57.4
2003-06-02,0.000174,57.41
2003-06-03,0.007316,57.83
2003-06-04,0.01954,58.96
2003-06-05,0.003392,59.16
2003-06-06,-0.018594,58.06
2003-06-09,0.002067,58.18
2003-06-10,0.003438,58.38
2003-06-11,0.019185,59.5
2003-06-12,-0.003866,59.27
2003-06-13,-0.012148,58.55
2003-06-16,0.024594,59.99
2003-06-17,0.003167,60.18
2003-06-18,-0.000498,60.15
2003-06-19,-0.017955,59.07
2003-06-20,0.008465,59.57
2003-06-23,-0.009736,58.99
2003-06-24,-0.00356,58.78
2003-06-25,-0.011228,58.12
2003-06-26,0.009463,58.38
2003-06-27,-0.006509,58.0
2003-06-30,-0.01,57.42
2003-07-01,0.006966,57.82
2003-07-02,-0.001729,57.72
2003-07-03,-0.002599,57.57
2003-07-07,0.019802,58.71
2003-07-08,-0.010731,58.08
2003-07-09,-0.018251,57.02
2003-07-10,-0.004034,56.79
2003-07-11,-0.00405,56.56
2003-07-14,0.019095,57.64
2003-07-15,0.00694,58.04
2003-07-16,-0.031013,56.24
2003-07-17,-0.017425,55.26
2003-07-18,0.01122,55.88
2003-07-21,-0.021833,54.66
2003-07-22,0.017014,55.59
2003-07-23,0.004677,55.85
2003-07-24,-0.015398,54.99
2003-07-25,0.02746,56.5
2003-07-28,-0.012389,55.8
2003-07-29,-0.010215,55.23
2003-07-30,0.000181,55.24
2003-07-31,-0.004164,55.01
2003-08-01,-0.014725,54.2
2003-08-04,-0.004428,53.96
2003-08-05,-0.022053,52.77
2003-08-06,0.005685,53.07
2003-08-07,0.015074,53.87
2003-08-08,0.004455,54.11
2003-08-11,-0.019775,53.04
2003-08-12,0.025453,54.39
2003-08-13,0.011215,55.0
2003-08-14,0.017091,55.94
2003-08-15,0.000715,55.98
2003-08-18,0.003215,56.16
2003-08-19,0.005698,56.48
2003-08-20,0.001771,56.58
2003-08-21,0.017497,57.57
2003-08-22,-0.009206,57.04
2003-08-25,0.012272,57.74
2003-08-26,0.013162,58.5
2003-08-27,-0.006325,58.13
2003-08-28,0.003957,58.36
2003-08-29,0.004112,58.6
2003-09-02,0.010751,59.23
2003-09-03,-0.006753,58.83
2003-09-04,-0.0017,58.73
2003-09-05,-0.003405,58.53
2003-09-08,-0.000171,58.52
2003-09-09,0.005297,58.83
2003-09-10,-0.010029,58.24
2003-09-11,0.00807,58.71
2003-09-12,0.002725,58.87
2003-09-15,-0.010532,58.25
2003-09-16,0.0,58.25
2003-09-17,-0.012361,57.53
2003-09-18,0.010256,58.12
2003-09-19,0.003957,58.35
2003-09-22,-0.009597,57.79
2003-09-23,-0.001038,57.73
2003-09-24,-0.020094,56.57
2003-09-25,0.001591,56.66
2003-09-26,0.003,56.54
2003-09-29,0.001592,56.63
2003-09-30,-0.019248,55.54
2003-10-01,0.03475,57.47
2003-10-02,-0.001566,57.38
2003-10-03,0.015685,58.28
2003-10-06,0.006177,58.64
2003-10-07,0.008015,59.11
2003-10-08,-0.009812,58.53
2003-10-09,0.010422,59.14
2003-10-10,0.001015,59.2
2003-10-13,0.013514,60.0
2003-10-14,-0.029,58.26
2003-10-15,-0.021112,57.03
2003-10-16,-0.002981,56.86
2003-10-17,-0.014246,56.05
2003-10-20,0.001071,56.11
2003-10-21,-0.000356,56.09
2003-10-22,-0.003922,55.87
2003-10-23,0.009307,56.39
2003-10-24,0.005852,56.72
2003-10-27,0.010755,57.33
2003-10-28,0.005756,57.66
2003-10-29,-0.008325,57.18
2003-10-30,0.013117,57.93
2003-10-31,0.004143,58.17
2003-11-03,0.001547,58.26
2003-11-04,0.007896,58.72
2003-11-05,-0.005109,58.42
2003-11-06,0.007874,58.88
2003-11-07,-0.003736,58.66
2003-11-10,-0.000511,58.63
2003-11-11,-0.011087,57.98
2003-11-12,0.00138,58.06
2003-11-13,0.000344,58.08
2003-11-14,-0.000344,58.06
2003-11-17,-0.000172,58.05
2003-11-18,-0.014126,57.23
2003-11-19,0.004194,57.47
2003-11-20,-0.00087,57.42
2003-11-21,0.001916,57.53
2003-11-24,0.01547,58.42
2003-11-25,0.003595,58.63
2003-11-26,0.00614,58.99
2003-11-28,-0.014579,58.13
2003-12-01,0.006537,58.51
2003-12-02,-0.000342,58.49
2003-12-03,0.000342,58.51
2003-12-04,0.001025,58.57
2003-12-05,-0.014683,57.71
2003-12-08,0.008664,58.21
2003-12-09,0.0067,58.6
2003-12-10,-0.002218,58.47
2003-12-11,0.003934,58.7
2003-12-12,0.003407,58.9
2003-12-15,-0.02292,57.55
2003-12-16,-0.00417,57.31
2003-12-17,-0.002443,57.17
2003-12-18,0.012069,57.86
2003-12-19,0.00242,58.0
2003-12-22,0.003793,58.22
2003-12-23,0.002233,58.35
2003-12-24,-0.005998,58.0
2003-12-26,0.003276,58.19
2003-12-29,0.012717,58.64
2003-12-30,0.00324,58.83
2003-12-31,0.004589,59.1
2004-01-02,-0.010491,58.48
2004-01-05,0.021033,59.71
2004-01-06,0.003182,59.9
2004-01-07,-0.001002,59.84
2004-01-08,-0.005849,59.49
2004-01-09,-0.002017,59.37
2004-01-12,0.004885,59.66
2004-01-13,-0.004526,59.39
2004-01-14,-0.017006,58.38
2004-01-15,-0.007194,57.96
2004-01-16,-0.017426,56.95
2004-01-20,-0.002985,56.78
2004-01-21,0.004931,57.06
2004-01-22,0.007536,57.49
2004-01-23,0.001913,57.6
2004-01-26,0.011285,58.25
2004-01-27,-0.002232,58.12
2004-01-28,-0.013937,57.31
2004-01-29,0.013785,58.1
2004-01-30,-0.006196,57.74
2004-02-02,0.007101,58.15
2004-02-03,0.002923,58.32
2004-02-04,0.002915,58.49
2004-02-05,-0.000171,58.48
2004-02-06,0.001539,58.57
2004-02-09,-0.015708,57.65
2004-02-10,0.005898,57.99
2004-02-11,0.000172,58.0
2004-02-12,-0.003103,57.82
2004-02-13,-0.000692,57.78
2004-02-17,0.010903,58.41
2004-02-18,-0.007191,57.99
2004-02-19,-0.004139,57.75
2004-02-20,-0.007619,57.31
2004-02-23,-0.000698,57.27
2004-02-24,-0.004191,57.03
2004-02-25,-0.005962,56.69
2004-02-26,-0.004939,56.41
2004-02-27,-0.006914,56.02
2004-03-01,-0.001785,55.92
2004-03-02,-0.001252,55.85
2004-03-03,0.010743,56.45
2004-03-04,0.004074,56.68
2004-03-05,0.00247,56.82
2004-03-08,-0.017247,55.84
2004-03-09,-0.000716,55.8
2004-03-10,-0.013082,55.07
2004-03-11,-0.005084,54.79
2004-03-12,0.009126,55.29
2004-03-15,-0.018629,54.26
2004-03-16,0.02101,55.4
2004-03-17,0.01787,56.39
2004-03-18,0.001951,56.5
2004-03-19,-0.013274,55.75
2004-03-22,0.003229,55.93
2004-03-23,-0.00143,55.85
2004-03-24,0.0,55.85
2004-03-25,0.005372,56.15
2004-03-26,-0.009973,55.59
2004-03-29,0.002339,55.4
2004-03-30,-0.00343,55.21
2004-03-31,0.002898,55.37
2004-04-01,-0.003612,55.17
2004-04-02,-0.012144,54.5
2004-04-05,-0.006789,54.13
2004-04-06,0.008313,54.58
2004-04-07,0.016673,55.49
2004-04-08,0.014777,56.31
2004-04-12,0.010655,56.91
2004-04-13,-0.03321,55.02
2004-04-14,-0.011996,54.36
2004-04-15,-0.016372,53.47
2004-04-16,0.022817,54.69
2004-04-19,-0.005303,54.4
2004-04-20,-0.001471,54.32
2004-04-21,0.007362,54.7199
2004-04-22,0.00786,55.15
2004-04-23,0.000363,55.17
2004-04-26,-0.003081,55.0
2004-04-27,-0.001091,54.94
2004-04-28,-0.013651,54.19
2004-04-29,-0.004244,53.96
2004-04-30,-0.004448,53.72
2004-05-03,-0.004095,53.5
2004-05-04,0.0,53.5
2004-05-05,0.005047,53.77
2004-05-06,-0.013204,53.06
2004-05-07,-0.028647,51.54
2004-05-10,-0.000776,51.5
2004-05-11,0.00466,51.74
2004-05-12,0.019714,52.76
2004-05-13,0.012131,53.4
2004-05-14,-0.005431,53.11
2004-05-17,-0.005272,52.83
2004-05-18,0.000946,52.88
2004-05-19,0.000189,52.89
2004-05-20,-0.005105,52.62
2004-05-21,0.014823,53.4
2004-05-24,0.00412,53.62
2004-05-25,0.009884,54.15
2004-05-26,0.00868,54.62
2004-05-27,0.005492,54.92
2004-05-28,-0.011471,54.29
2004-06-01,-0.00571,53.98
2004-06-02,0.000926,54.03
2004-06-03,-0.001296,53.96
2004-06-04,0.005374,54.25
2004-06-07,0.018249,55.24
2004-06-08,-0.003983,55.02
2004-06-09,0.009088,55.52
2004-06-10,0.0,55.52
2004-06-14,-0.019813,54.42
2004-06-15,0.005696,54.73
2004-06-16,-0.003289,54.55
2004-06-17,-0.008799,54.07
2004-06-18,0.002404,54.2
2004-06-21,-0.008487,53.74
2004-06-22,-0.004466,53.5
2004-06-23,0.002991,53.66
2004-06-24,-0.002423,53.53
2004-06-25,0.00056,53.56
2004-06-28,0.009149,53.73
2004-06-29,-0.001303,53.66
2004-06-30,0.002236,53.78
2004-07-01,-0.013946,53.03
2004-07-02,0.006411,53.37
2004-07-06,-0.008432,52.92
2004-07-07,0.000756,52.96
2004-07-08,0.0,52.96
2004-07-09,-0.008497,52.51
2004-07-12,0.013712,53.23
2004-07-13,0.002067,53.34
2004-07-14,0.011999,53.98
2004-07-15,-0.064468,50.5
2004-07-16,-0.006337,50.18
2004-07-19,0.006776,50.52
2004-07-20,0.003761,50.71
2004-07-21,-0.001775,50.62
2004-07-22,0.00079,50.66
2004-07-23,-0.013028,50.0
2004-07-26,-0.0028,49.86
2004-07-27,0.007421,50.23
2004-07-28,-0.007366,49.86
2004-07-29,0.000802,49.9
2004-07-30,-0.010822,49.36
2004-08-02,-0.004052,49.16
2004-08-03,-0.00712,48.81
2004-08-04,-0.003073,48.66
2004-08-05,-0.006371,48.35
2004-08-06,-0.010134,47.86
2004-08-09,-0.008776,47.44
2004-08-10,0.004427,47.65
2004-08-11,0.006716,47.97
2004-08-12,-0.012091,47.39
2004-08-13,-0.011184,46.86
2004-08-16,0.018993,47.75
2004-08-17,0.007749,48.12
2004-08-18,0.02182,49.17
2004-08-19,0.003864,49.36
2004-08-20,0.010332,49.87
2004-08-23,-0.002607,49.74
2004-08-24,0.002614,49.87
2004-08-25,0.009425,50.34
2004-08-26,0.004172,50.55
2004-08-27,-0.002374,50.43
2004-08-30,-0.00932,49.96
2004-08-31,-0.003002,49.81
2004-09-01,-0.018872,48.87
2004-09-02,0.004297,49.08
2004-09-03,0.012429,49.69
2004-09-07,-0.007245,49.33
2004-09-08,-0.02088,48.3
2004-09-09,-0.007868,47.92
2004-09-10,0.012104,48.5
2004-09-13,0.0,48.5
2004-09-14,0.007216,48.85
2004-09-15,0.001433,48.92
2004-09-16,0.022077,50.0
2004-09-17,-0.0056,49.72
2004-09-20,-0.014682,48.99
2004-09-21,-0.008165,48.59
2004-09-22,0.016259,49.38
2004-09-23,-0.012353,48.77
2004-09-24,0.011483,49.33
2004-09-27,-0.005473,49.06
2004-09-28,0.005503,49.01
2004-09-29,0.012038,49.6
2004-09-30,-0.007661,49.22
2004-10-01,0.012393,49.83
2004-10-04,0.004889,50.0736
2004-10-05,-0.011056,49.52
2004-10-06,0.012318,50.13
2004-10-07,-0.000798,50.09
2004-10-08,-0.009782,49.6
2004-10-11,0.010686,50.13
2004-10-12,-0.000997,50.08
2004-10-13,-0.006789,49.74
2004-10-14,-0.016687,48.91
2004-10-15,-0.003067,48.76
2004-10-18,0.020509,49.76
2004-10-19,-0.000804,49.72
2004-10-20,-0.014079,49.02
2004-10-21,-0.006324,48.71
2004-10-22,-0.018271,47.82
2004-10-25,-0.002509,47.7
2004-10-26,0.018868,48.6
2004-10-27,0.015638,49.36
2004-10-28,-0.003444,49.19
2004-10-29,0.0,49.19
2004-11-01,0.002033,49.29
2004-11-02,0.002637,49.42
2004-11-03,0.011736,50.0
2004-11-04,0.0264,51.32
2004-11-05,-0.005651,51.03
2004-11-08,-0.020576,49.98
2004-11-09,-0.004002,49.78
2004-11-10,0.004018,49.98
2004-11-11,0.016407,50.8
2004-11-12,0.013189,51.47
2004-11-15,0.003109,51.63
2004-11-16,0.004455,51.86
2004-11-17,0.007135,52.23
2004-11-18,-0.005361,51.95
2004-11-19,-0.018094,51.01
2004-11-22,0.004313,51.23
2004-11-23,0.002342,51.35
2004-11-24,-0.003311,51.18
2004-11-26,-0.001368,51.11
2004-11-29,-0.006457,50.78
2004-11-30,-0.008271,50.36
2004-12-01,0.02363,51.55
2004-12-02,0.002134,51.66
2004-12-03,-0.071041,47.99
2004-12-06,-0.020629,47.0
2004-12-07,-0.021489,45.99
2004-12-08,-0.004566,45.78
2004-12-09,0.011796,46.32
2004-12-10,0.006908,46.64
2004-12-13,0.012007,47.2
2004-12-14,0.006356,47.5
2004-12-15,0.012632,48.1
2004-12-16,-0.006861,47.77
2004-12-17,-0.013607,47.12
2004-12-20,0.003396,47.28
2004-12-21,0.009518,47.73
2004-12-22,-0.003562,47.56
2004-12-23,0.002733,47.69
2004-12-27,-0.001258,47.63
2004-12-28,0.003779,47.81
2004-12-29,-0.015896,47.05
2004-12-30,0.009139,47.13
2004-12-31,0.003607,47.3
2005-01-03,0.005285,47.55
2005-01-04,-0.00715,47.21
2005-01-05,-0.016098,46.45
2005-01-06,-0.00409,46.26
2005-01-07,-0.006701,45.95
2005-01-10,0.001741,46.03
2005-01-11,-0.007821,45.67
2005-01-12,-0.009196,45.25
2005-01-13,-0.016133,44.52
2005-01-14,-0.000225,44.51
2005-01-18,0.059762,47.17
2005-01-19,-0.010388,46.68
2005-01-20,-0.008355,46.29
2005-01-21,-0.006049,46.01
2005-01-24,0.013041,46.61
2005-01-25,-0.007724,46.25
2005-01-26,0.008216,46.63
2005-01-27,-0.004289,46.43
2005-01-28,-0.013569,45.8
2005-01-31,0.014629,46.47
2005-02-01,0.010329,46.95
2005-02-02,0.009372,47.39
2005-02-03,-0.000633,47.36
2005-02-04,0.015414,48.09
2005-02-07,-0.002703,47.96
2005-02-08,-0.007089,47.62
2005-02-09,-0.00168,47.54
2005-02-10,0.003786,47.72
2005-02-11,-0.002724,47.59
2005-02-14,-0.002942,47.45
2005-02-15,-0.009062,47.02
2005-02-16,-0.004679,46.8
2005-02-17,-0.009829,46.34
2005-02-18,-0.013811,45.7
2005-02-22,-0.018818,44.84
2005-02-23,0.001115,44.89
2005-02-24,0.008465,45.27
2005-02-25,0.000663,45.3
2005-02-28,-0.0117,44.77
2005-03-01,0.001564,44.84
2005-03-02,0.003122,44.98
2005-03-03,-0.00289,44.85
2005-03-04,0.022966,45.88
2005-03-07,0.010898,46.38
2005-03-08,-0.014662,45.7
2005-03-09,-0.022101,44.69
2005-03-10,0.008056,45.05
2005-03-11,-0.0202,44.14
2005-03-14,-0.002945,44.01
2005-03-15,-0.017269,43.25
2005-03-16,-0.008324,42.89
2005-03-17,0.003497,43.04
2005-03-18,-0.015567,42.37
2005-03-21,0.00472,42.57
2005-03-22,-0.008222,42.22
2005-03-23,0.00379,42.38
2005-03-24,-0.007787,42.05
2005-03-28,0.010939,42.51
2005-03-29,0.005175,42.38
2005-03-30,0.014158,42.98
2005-03-31,0.0,42.98
2005-04-01,-0.003025,42.85
2005-04-04,-0.008635,42.48
2005-04-05,0.009181,42.87
2005-04-06,0.006765,43.16
2005-04-07,0.003012,43.29
2005-04-08,-0.009009,42.9
2005-04-11,0.002564,43.01
2005-04-12,0.009765,43.43
2005-04-13,-0.007829,43.09
2005-04-14,-0.046182,41.1
2005-04-15,-0.003406,40.96
2005-04-18,0.019043,41.74
2005-04-19,-0.007427,41.43
2005-04-20,-0.022448,40.5
2005-04-21,0.024938,41.51
2005-04-22,0.006986,41.8
2005-04-25,0.017703,42.54
2005-04-26,-0.009873,42.12
2005-04-27,0.01567,42.78
2005-04-28,-0.011921,42.27
2005-04-29,0.029099,43.5
2005-05-02,0.002759,43.62
2005-05-03,-0.001605,43.55
2005-05-04,0.007807,43.89
2005-05-05,-0.002051,43.8
2005-05-06,-0.006621,43.51
2005-05-09,0.006665,43.8
2005-05-10,-0.014612,43.16
2005-05-11,0.003475,43.31
2005-05-12,0.009697,43.73
2005-05-13,-0.00686,43.43
2005-05-16,0.01773,44.2
2005-05-17,0.00362,44.36
2005-05-18,0.000902,44.4
2005-05-19,-0.011036,43.91
2005-05-20,-0.012981,43.34
2005-05-23,0.000231,43.35
2005-05-24,-0.01361,42.76
2005-05-25,-0.003742,42.6
2005-05-26,0.009155,42.99
2005-05-27,0.005583,43.23
2005-05-31,-0.012954,42.67
2005-06-01,0.013358,43.24
2005-06-02,-0.00902,42.85
2005-06-03,-0.020537,41.97
2005-06-06,0.007148,42.27
2005-06-07,-0.0097,41.86
2005-06-08,0.004061,42.03
2005-06-09,0.002141,42.12
2005-06-10,-0.002849,42.0
2005-06-13,-0.017857,41.25
2005-06-14,0.001697,41.32
2005-06-15,-0.002662,41.21
2005-06-16,0.001456,41.27
2005-06-17,0.007269,41.57
2005-06-20,-0.003368,41.43
2005-06-21,0.014965,42.05
2005-06-22,0.004518,42.24
2005-06-23,-0.014205,41.64
2005-06-24,0.004323,41.82
2005-06-27,-0.005022,41.61
2005-06-28,0.010094,41.68
2005-06-29,0.001919,41.76
2005-06-30,-0.014128,41.17
2005-07-01,-0.002672,41.06
2005-07-05,0.003653,41.21
2005-07-06,0.000243,41.22
2005-07-07,0.002669,41.33
2005-07-08,0.021776,42.23
2005-07-11,0.012314,42.75
2005-07-12,0.006316,43.02
2005-07-13,0.009763,43.44
2005-07-14,-0.026243,42.3
2005-07-15,-0.001891,42.22
2005-07-18,-0.01658,41.52
2005-07-19,0.004094,41.69
2005-07-20,0.013193,42.24
2005-07-21,-0.008286,41.89
2005-07-22,0.011459,42.37
2005-07-25,0.00118,42.42
2005-07-26,0.010137,42.85
2005-07-27,0.002801,42.97
2005-07-28,0.006051,43.23
2005-07-29,-0.003007,43.1
2005-08-01,-0.001624,43.03
2005-08-02,0.009993,43.46
2005-08-03,0.00046,43.48
2005-08-04,-0.00506,43.26
2005-08-05,-0.009478,42.85
2005-08-08,0.003267,42.99
2005-08-09,0.0,42.99
2005-08-10,0.004652,43.19
2005-08-11,0.004168,43.37
2005-08-12,-0.002536,43.26
2005-08-15,0.003236,43.4
2005-08-16,-0.008525,43.03
2005-08-17,0.002789,43.15
2005-08-18,-0.002086,43.06
2005-08-19,-0.001161,43.01
2005-08-22,0.005115,43.23
2005-08-23,-0.00347,43.08
2005-08-24,-0.009517,42.67
2005-08-25,-0.01992,41.82
2005-08-26,-0.011,41.36
2005-08-29,0.003868,41.52
2005-08-30,-0.006021,41.27
2005-08-31,0.003392,41.41
2005-09-01,-0.000966,41.37
2005-09-02,-0.001934,41.29
2005-09-06,0.008477,41.64
2005-09-07,-0.007445,41.33
2005-09-08,-0.002662,41.22
2005-09-09,0.003639,41.37
2005-09-12,0.009911,41.78
2005-09-13,-0.010053,41.36
2005-09-14,-0.02031,40.52
2005-09-15,-0.051086,38.45
2005-09-16,0.028349,39.54
2005-09-19,-0.017198,38.86
2005-09-20,-0.018271,38.15
2005-09-21,-0.014417,37.6
2005-09-22,-0.002925,37.49
2005-09-23,0.002134,37.57
2005-09-26,-0.002928,37.46
2005-09-27,-0.011746,37.02
2005-09-28,0.004322,36.8
2005-09-29,-0.000543,36.78
2005-09-30,-0.000816,36.75
2005-10-03,-0.007075,36.49
2005-10-04,-0.00877,36.17
2005-10-05,-0.012994,35.7
2005-10-06,0.00056,35.72
2005-10-07,0.0028,35.82
2005-10-10,-0.004188,35.67
2005-10-11,-0.012335,35.23
2005-10-12,0.004825,35.4
2005-10-13,0.017797,36.03
2005-10-14,0.013877,36.53
2005-10-17,0.015877,37.11
2005-10-18,0.045271,38.79
2005-10-19,-0.012632,38.3
2005-10-20,-0.004178,38.14
2005-10-21,-0.003409,38.01
2005-10-24,0.011839,38.46
2005-10-25,-0.014041,37.92
2005-10-26,0.027163,38.95
2005-10-27,0.005648,39.17
2005-10-28,0.032933,40.46
2005-10-31,-0.008403,40.12
2005-11-01,-0.002991,40.0
2005-11-02,0.00575,40.23
2005-11-03,-0.013671,39.68
2005-11-04,0.018145,40.4
2005-11-07,0.008911,40.76
2005-11-08,-0.015702,40.12
2005-11-09,0.007727,40.43
2005-11-10,0.020282,41.25
2005-11-11,0.001697,41.32
2005-11-14,-0.008954,40.95
2005-11-15,-0.016606,40.27
2005-11-16,-0.007946,39.95
2005-11-17,0.011765,40.42
2005-11-18,0.00099,40.46
2005-11-21,0.018784,41.22
2005-11-22,0.017467,41.94
2005-11-23,0.004292,42.12
2005-11-25,0.002374,42.22
2005-11-28,-0.001658,42.15
2005-11-29,-0.020403,41.29
2005-11-30,-0.024703,40.27
2005-12-01,0.006953,40.55
2005-12-02,-0.006412,40.29
2005-12-05,-0.007198,40.0
2005-12-06,-0.00375,39.85
2005-12-07,-0.010791,39.42
2005-12-08,-0.00964,39.04
2005-12-09,0.026896,40.09
2005-12-12,-0.014966,39.49
2005-12-13,-0.001013,39.45
2005-12-14,0.000507,39.47
2005-12-15,-0.004307,39.3
2005-12-16,0.003562,39.44
2005-12-19,-0.013945,38.89
2005-12-20,-0.001286,38.84
2005-12-21,-0.002317,38.75
2005-12-22,0.004645,38.93
2005-12-23,-0.000257,38.92
2005-12-27,-0.011305,38.48
2005-12-28,-0.001559,38.42
2005-12-29,-0.002863,37.93
2005-12-30,-0.005536,37.72
2006-01-03,0.003977,37.87
2006-01-04,0.012411,38.34
2006-01-05,0.013563,38.86
2006-01-06,-0.000515,38.84
2006-01-09,0.004119,39.0
2006-01-10,0.0,39.0
2006-01-11,-0.004103,38.84
2006-01-12,-0.00103,38.8
2006-01-13,0.003351,38.93
2006-01-17,-0.012587,38.44
2006-01-18,-0.004683,38.26
2006-01-19,-0.010716,37.85
2006-01-20,-0.03144,36.66
2006-01-23,0.025096,37.58
2006-01-24,-0.010644,37.18
2006-01-25,0.00511,37.37
2006-01-26,0.021675,38.18
2006-01-27,0.002881,38.29
2006-01-30,-0.004701,38.11
2006-01-31,-0.01417,37.57
2006-02-01,-0.002396,37.48
2006-02-02,-0.01841,36.79
2006-02-03,-0.003262,36.67
2006-02-06,-0.003818,36.53
2006-02-07,-0.001916,36.46
2006-02-08,0.025233,37.38
2006-02-09,-0.001873,37.31
2006-02-10,0.008845,37.64
2006-02-13,-0.007439,37.36
2006-02-14,0.018469,38.05
2006-02-15,0.002891,38.16
2006-02-16,0.009172,38.51
2006-02-17,0.00026,38.52
2006-02-21,-0.011423,38.08
2006-02-22,0.038603,39.55
2006-02-23,0.001011,39.59
2006-02-24,-0.010609,39.17
2006-02-27,-0.009957,38.78
2006-02-28,-0.003352,38.65
2006-03-01,0.007503,38.94
2006-03-02,-0.013611,38.41
2006-03-03,-0.000521,38.39
2006-03-06,-0.01094,37.97
2006-03-07,-0.00158,37.91
2006-03-08,0.000528,37.93
2006-03-09,-0.016082,37.32
2006-03-10,0.012058,37.77
2006-03-13,0.0,37.77
2006-03-14,0.025417,38.73
2006-03-15,0.013426,39.25
2006-03-16,-0.002038,39.17
2006-03-17,0.001021,39.21
2006-03-20,0.020658,40.02
2006-03-21,-0.001749,39.95
2006-03-22,0.020275,40.76
2006-03-23,0.002453,40.86
2006-03-24,-0.003916,40.7
2006-03-27,0.015479,41.33
2006-03-28,-0.019357,40.53
2006-03-29,-0.008142,40.2
2006-03-30,-0.010697,39.39
2006-03-31,-0.000762,39.36
2006-04-03,-0.004573,39.18
2006-04-04,0.012762,39.68
2006-04-05,0.000252,39.69
2006-04-06,-0.003527,39.55
2006-04-07,-0.004804,39.36
2006-04-10,-0.001524,39.3
2006-04-11,-0.001018,39.26
2006-04-12,-0.011971,38.79
2006-04-13,0.014952,39.37
2006-04-17,-0.00127,39.32
2006-04-18,0.041709,40.96
2006-04-19,-0.01416,40.38
2006-04-20,-0.020555,39.55
2006-04-21,-0.008091,39.23
2006-04-24,0.0,39.23
2006-04-25,-0.005863,39.0
2006-04-26,0.008205,39.32
2006-04-27,0.024669,40.29
2006-04-28,0.003227,40.42
2006-05-01,-0.02004,39.61
2006-05-02,0.000252,39.62
2006-05-03,-0.000757,39.59
2006-05-04,0.001263,39.64
2006-05-05,0.007316,39.93
2006-05-08,0.004758,40.12
2006-05-09,-0.010469,39.7
2006-05-10,0.003778,39.85
2006-05-11,-0.01857,39.11
2006-05-12,-0.007159,38.83
2006-05-15,0.014422,39.39
2006-05-16,-0.006093,39.15
2006-05-17,-0.019157,38.4
2006-05-18,-0.0125,37.92
2006-05-19,0.007911,38.22
2006-05-22,-0.00157,38.16
2006-05-23,-0.006027,37.93
2006-05-24,0.006327,38.17
2006-05-25,-0.001572,38.11
2006-05-26,0.002886,38.22
2006-05-30,-0.007849,37.92
2006-05-31,0.00211,38.0
2006-06-01,0.018421,38.7
2006-06-02,0.002842,38.81
2006-06-05,-0.017521,38.13
2006-06-06,-0.000787,38.1
2006-06-07,0.008137,38.41
2006-06-08,0.010674,38.82
2006-06-09,0.002061,38.9
2006-06-12,-0.013882,38.36
2006-06-13,-0.005996,38.13
2006-06-14,-0.033045,36.87
2006-06-15,0.030106,37.98
2006-06-16,-0.011585,37.54
2006-06-19,-0.011455,37.11
2006-06-20,0.004042,37.26
2006-06-21,-0.009393,36.91
2006-06-22,-0.004877,36.73
2006-06-23,-0.010346,36.35
2006-06-26,0.01238,36.8
2006-06-27,-0.00788,36.51
2006-06-28,0.004656,36.28
2006-06-29,0.024531,37.17
2006-06-30,-0.005919,36.95
2006-07-03,0.004059,37.1
2006-07-05,-0.016981,36.47
2006-07-06,0.017823,37.12
2006-07-07,-0.007274,36.85
2006-07-10,0.005699,37.06
2006-07-11,0.010793,37.46
2006-07-12,-0.022157,36.63
2006-07-13,-0.003549,36.5
2006-07-14,-0.006849,36.25
2006-07-17,0.015724,36.82
2006-07-18,-0.002988,36.71
2006-07-19,0.026696,37.69
2006-07-20,0.002653,37.79
2006-07-21,0.002646,37.89
2006-07-24,0.012932,38.38
2006-07-25,-0.011725,37.93
2006-07-26,0.001582,37.99
2006-07-27,-0.009739,37.62
2006-07-28,0.023392,38.5
2006-07-31,-0.009351,38.14
2006-08-01,0.002098,38.22
2006-08-02,-0.003663,38.08
2006-08-03,0.00709,38.35
2006-08-04,0.01721,39.01
2006-08-07,0.005127,39.21
2006-08-08,0.004846,39.4
2006-08-09,-0.001777,39.33
2006-08-10,-0.00356,39.19
2006-08-11,-0.000765,39.16
2006-08-14,-0.000766,39.13
2006-08-15,0.014056,39.68
2006-08-16,0.010837,40.11
2006-08-17,-0.004488,39.93
2006-08-18,0.0,39.93
2006-08-21,-0.002755,39.82
2006-08-22,-0.008036,39.5
2006-08-23,-0.003038,39.38
2006-08-24,0.003301,39.51
2006-08-25,-0.001519,39.45
2006-08-28,0.00076,39.48
2006-08-29,-0.004053,39.32
2006-08-30,-0.000509,39.3
2006-08-31,0.001018,39.34
2006-09-01,0.003305,39.47
2006-09-05,-0.0038,39.32
2006-09-06,-0.003561,39.18
2006-09-07,-0.009699,38.8
2006-09-08,0.006443,39.05
2006-09-11,-0.006658,38.79
2006-09-12,0.007476,39.08
2006-09-13,-0.00128,39.03
2006-09-14,-0.005637,38.81
2006-09-15,-0.002577,38.71
2006-09-18,-0.01085,38.29
2006-09-19,-0.005746,38.07
2006-09-20,0.014184,38.61
2006-09-21,-0.011396,38.17
2006-09-22,0.009955,38.55
2006-09-25,0.009339,38.91
2006-09-26,0.011822,39.37
2006-09-27,-0.011938,38.5
2006-09-28,0.000779,38.53
2006-09-29,-0.011679,38.08
2006-10-02,0.000525,38.1
2006-10-03,-0.00105,38.06
2006-10-04,0.016027,38.67
2006-10-05,-0.006982,38.4
2006-10-06,-0.011198,37.97
2006-10-09,0.017646,38.64
2006-10-10,-0.004658,38.46
2006-10-11,0.00338,38.59
2006-10-12,0.005442,38.8
2006-10-13,0.006701,39.06
2006-10-16,-0.00128,39.01
2006-10-17,0.005127,39.21
2006-10-18,0.001785,39.28
2006-10-19,-0.002291,39.19
2006-10-20,0.004593,39.37
2006-10-23,0.00381,39.52
2006-10-24,-0.002024,39.44
2006-10-25,0.000507,39.46
2006-10-26,0.008363,39.79
2006-10-27,-0.006534,39.53
2006-10-30,0.004807,39.72
2006-10-31,0.003273,39.85
2006-11-01,-0.006775,39.58
2006-11-02,-0.00859,39.24
2006-11-03,0.006881,39.51
2006-11-06,0.005568,39.73
2006-11-07,0.0,39.73
2006-11-08,0.01334,40.26
2006-11-09,0.002732,40.37
2006-11-10,-0.004211,40.2
2006-11-13,0.006468,40.46
2006-11-14,0.002966,40.58
2006-11-15,-0.001232,40.53
2006-11-16,0.009376,40.91
2006-11-17,-0.002933,40.79
2006-11-20,0.001716,40.86
2006-11-21,-0.014684,40.26
2006-11-22,-0.006458,40.0
2006-11-24,-0.00175,39.93
2006-11-27,-0.014275,39.36
2006-11-28,-0.006098,39.12
2006-11-29,0.007669,39.42
2006-11-30,0.000254,39.43
2006-12-01,-0.002536,39.33
2006-12-04,0.01551,39.94
2006-12-05,0.001502,40.0
2006-12-06,-0.002,39.92
2006-12-07,-0.007264,39.63
2006-12-08,0.002019,39.71
2006-12-11,0.00554,39.93
2006-12-12,0.005259,40.14
2006-12-13,0.006477,40.4
2006-12-14,0.005693,40.63
2006-12-15,0.005907,40.87
2006-12-18,0.001713,40.94
2006-12-19,0.000244,40.95
2006-12-20,0.000733,40.98
2006-12-21,0.005124,41.19
2006-12-22,-0.00704,40.9
2006-12-26,0.00709,41.19
2006-12-27,0.015781,41.44
2006-12-28,-0.001448,41.38
2006-12-29,-0.010875,40.93
2007-01-03,0.001222,40.98
2007-01-04,0.000244,40.99
2007-01-05,-0.019761,40.18
2007-01-08,-0.006471,39.92
2007-01-09,0.002004,40.0
2007-01-10,-0.0025,39.9
2007-01-11,0.000752,39.93
2007-01-12,0.002504,40.03
2007-01-16,0.007994,40.35
2007-01-17,-0.017596,39.64
2007-01-18,0.006559,39.9
2007-01-19,-0.007769,39.59
2007-01-22,-0.009851,39.2
2007-01-23,-0.002806,39.09
2007-01-24,0.007419,39.38
2007-01-25,-0.011935,38.91
2007-01-26,0.00514,39.11
2007-01-29,-0.000511,39.09
2007-01-30,0.005372,39.3
2007-01-31,0.015267,39.9
2007-02-01,0.008521,40.24
2007-02-02,0.002237,40.33
2007-02-05,0.0,40.33
2007-02-06,0.004959,40.53
2007-02-07,0.009376,40.91
2007-02-08,-0.012711,40.39
2007-02-09,0.001733,40.46
2007-02-12,0.007168,40.75
2007-02-13,0.007362,41.05
2007-02-14,0.001462,41.11
2007-02-15,-0.003405,40.97
2007-02-16,0.000244,40.98
2007-02-20,0.005369,41.2
2007-02-21,-0.009709,40.8
2007-02-22,-0.002941,40.68
2007-02-23,-0.002458,40.58
2007-02-26,0.001725,40.65
2007-02-27,-0.022878,39.72
2007-02-28,0.014099,40.28
2007-03-01,-0.00422,40.11
2007-03-02,-0.002992,39.99
2007-03-05,-0.015004,39.39
2007-03-06,0.019294,40.15
2007-03-07,-0.013948,39.59
2007-03-08,0.012377,40.08
2007-03-09,-0.002994,39.96
2007-03-12,0.006507,40.22
2007-03-13,-0.038787,38.66
2007-03-14,0.00776,38.96
2007-03-15,0.011037,39.39
2007-03-16,-0.001016,39.35
2007-03-19,0.003304,39.48
2007-03-20,0.003293,39.61
2007-03-21,0.021207,40.45
2007-03-22,-0.007911,40.13
2007-03-23,0.0,40.13
2007-03-26,-0.001495,40.07
2007-03-27,-0.007737,39.76
2007-03-28,-0.015845,38.71
2007-03-29,0.007233,38.99
2007-03-30,-0.007694,38.69
2007-04-02,-0.015249,38.1
2007-04-03,0.013123,38.6
2007-04-04,0.001295,38.65
2007-04-05,0.003881,38.8
2007-04-09,-0.01366,38.27
2007-04-10,0.008623,38.6
2007-04-11,-0.004922,38.41
2007-04-12,-0.003905,38.26
2007-04-13,0.004443,38.43
2007-04-16,0.023419,39.33
2007-04-17,-0.005594,39.11
2007-04-18,0.013296,39.63
2007-04-19,0.010346,40.04
2007-04-20,0.002997,40.16
2007-04-23,-0.001494,40.1
2007-04-24,-0.005237,39.89
2007-04-25,0.013036,40.41
2007-04-26,0.006434,40.67
2007-04-27,0.00418,40.84
2007-04-30,-0.006121,40.59
2007-05-01,0.004927,40.79
2007-05-02,0.002942,40.91
2007-05-03,0.009044,41.28
2007-05-04,-0.003876,41.12
2007-05-07,0.010457,41.55
2007-05-08,-0.00698,41.26
2007-05-09,0.004847,41.46
2007-05-10,-0.014954,40.84
2007-05-11,0.006856,41.12
2007-05-14,-0.005837,40.88
2007-05-15,-0.002202,40.79
2007-05-16,0.014464,41.38
2007-05-17,-0.008942,41.01
2007-05-18,0.003658,41.16
2007-05-21,0.005345,41.38
2007-05-22,0.00145,41.44
2007-05-23,0.033543,42.83
2007-05-24,-0.005604,42.59
2007-05-25,0.007983,42.93
2007-05-29,-0.012346,42.4
2007-05-30,0.008962,42.78
2007-05-31,-0.009818,42.36
2007-06-01,0.009915,42.78
2007-06-04,-0.002805,42.66
2007-06-05,-0.012424,42.13
2007-06-06,-0.008308,41.78
2007-06-07,-0.005744,41.54
2007-06-08,0.020462,42.39
2007-06-11,0.005426,42.62
2007-06-12,-0.007743,42.29
2007-06-13,0.015607,42.95
2007-06-14,-0.009313,42.55
2007-06-15,0.0047,42.75
2007-06-18,0.000468,42.77
2007-06-19,0.00678,43.06
2007-06-20,-0.016024,42.37
2007-06-21,-0.002124,42.28
2007-06-22,-0.021996,41.35
2007-06-25,-0.007739,41.03
2007-06-26,-0.004387,40.85
2007-06-27,0.003917,40.59
2007-06-28,-0.007884,40.27
2007-06-29,-0.012416,39.77
2007-07-02,0.015087,40.37
2007-07-03,0.007184,40.66
2007-07-05,-0.009346,40.28
2007-07-06,-0.004965,40.08
2007-07-09,-0.007984,39.76
2007-07-10,-0.025402,38.75
2007-07-11,0.006194,38.99
2007-07-12,0.037958,40.47
2007-07-13,0.007907,40.79
2007-07-16,-0.00711,40.5
2007-07-17,0.003704,40.65
2007-07-18,-0.013284,40.11
2007-07-19,-0.013962,39.55
2007-07-20,-0.021745,38.69
2007-07-23,0.002326,38.78
2007-07-24,-0.031975,37.54
2007-07-25,0.01838,38.23
2007-07-26,-0.027465,37.18
2007-07-27,-0.010759,36.78
2007-07-30,0.035073,38.07
2007-07-31,-0.030996,36.89
2007-08-01,0.008132,37.19
2007-08-02,0.007798,37.48
2007-08-03,-0.037086,36.09
2007-08-06,0.075644,38.82
2007-08-07,0.01829,39.53
2007-08-08,0.014419,40.1
2007-08-09,-0.037157,38.61
2007-08-10,0.015799,39.22
2007-08-13,-0.041051,37.61
2007-08-14,-0.005052,37.42
2007-08-15,-0.001069,37.38
2007-08-16,-0.026485,36.39
2007-08-17,0.045067,38.03
2007-08-20,-0.02945,36.91
2007-08-21,0.007857,37.2
2007-08-22,-0.001344,37.15
2007-08-23,-0.003769,37.01
2007-08-24,0.0,37.01
2007-08-27,-0.016482,36.4
2007-08-28,-0.028572,35.36
2007-08-29,0.025735,36.27
2007-08-30,-0.023435,35.42
2007-08-31,0.007623,35.69
2007-09-04,0.0,35.69
2007-09-05,-0.026898,34.73
2007-09-06,0.014973,35.25
2007-09-07,-0.01305,34.79
2007-09-10,0.007761,35.06
2007-09-11,-0.007416,34.8
2007-09-12,-0.01092,34.42
2007-09-13,-0.00029,34.41
2007-09-14,0.010462,34.77
2007-09-17,-0.001438,34.72
2007-09-18,0.0553,36.64
2007-09-19,-0.003821,36.5
2007-09-20,-0.029863,35.41
2007-09-21,-0.005083,35.23
2007-09-24,-0.017599,34.61
2007-09-25,0.006643,34.8399
2007-09-26,-0.006025,34.21
2007-09-27,0.000292,34.22
2007-09-28,-0.009936,33.88
2007-10-01,0.012692,34.31
2007-10-02,0.006995,34.55
2007-10-03,0.003763,34.68
2007-10-04,0.006055,34.89
2007-10-05,0.005446,35.08
2007-10-08,-0.003706,34.95
2007-10-09,0.003147,35.06
2007-10-10,-0.02567,34.16
2007-10-11,-0.014052,33.68
2007-10-12,-0.019005,33.0399
2007-10-15,-0.012104,32.64
2007-10-16,-0.046262,31.13
2007-10-17,-0.004176,31.0
2007-10-18,-0.016774,30.48
2007-10-19,-0.016732,29.97
2007-10-22,-0.002336,29.9
2007-10-23,0.002676,29.98
2007-10-24,-0.023682,29.27
2007-10-25,-0.0041,29.15
2007-10-26,0.016124,29.62
2007-10-29,0.002701,29.7
2007-10-30,0.032323,30.66
2007-10-31,0.020222,31.28
2007-11-01,-0.043478,29.92
2007-11-02,-0.002674,29.84
2007-11-05,-0.008378,29.59
2007-11-06,0.004731,29.73
2007-11-07,-0.06559,27.78
2007-11-08,0.024478,28.46
2007-11-09,0.013001,28.83
2007-11-12,0.00555,28.99
2007-11-13,0.031735,29.91
2007-11-14,-0.02541,29.15
2007-11-15,-0.033276,28.18
2007-11-16,-0.01313,27.81
2007-11-19,-0.010788,27.51
2007-11-20,-0.005816,27.35
2007-11-21,-0.006947,27.16
2007-11-23,0.032401,28.04
2007-11-26,-0.064551,26.23
2007-11-27,0.043081,27.36
2007-11-28,0.0625,29.07
2007-11-29,-0.014792,28.64
2007-11-30,0.044344,29.91
2007-12-03,0.00234,29.98
2007-12-04,-0.044363,28.65
2007-12-05,0.011867,28.99
2007-12-06,0.034495,29.99
2007-12-07,-0.007002,29.78
2007-12-10,0.041303,31.01
2007-12-11,-0.072235,28.77
2007-12-12,-0.06048,27.03
2007-12-13,0.020718,27.59
2007-12-14,-0.035883,26.6
2007-12-17,-0.000376,26.59
2007-12-18,-0.001128,26.56
2007-12-19,-0.03878,25.53
2007-12-20,0.007834,25.73
2007-12-21,0.051691,27.06
2007-12-24,-0.001478,27.02
2007-12-26,-0.016284,26.58
2007-12-27,-0.035741,25.19
2007-12-28,0.001985,25.24
2007-12-31,-0.004358,25.13
2008-01-02,-0.028651,24.41
2008-01-03,0.006555,24.57
2008-01-04,-0.032153,23.78
2008-01-07,-0.023129,23.23
2008-01-08,-0.028842,22.56
2008-01-09,0.026596,23.16
2008-01-10,0.022884,23.69
2008-01-11,0.028282,24.36
2008-01-14,-0.022168,23.82
2008-01-15,-0.038203,22.91
2008-01-16,0.050196,24.06
2008-01-17,-0.040316,23.09
2008-01-18,-0.021221,22.6
2008-01-22,0.041151,23.53
2008-01-23,0.069273,25.16
2008-01-24,0.001987,25.21
2008-01-25,-0.02856,24.49
2008-01-28,0.05145,25.75
2008-01-29,0.027961,26.47
2008-01-30,-0.015489,26.06
2008-01-31,0.039908,27.1
2008-02-01,0.035424,28.06
2008-02-04,-0.034569,27.09
2008-02-05,-0.049465,25.75
2008-02-06,0.011651,26.05
2008-02-07,0.012668,26.38
2008-02-08,-0.026914,25.67
2008-02-11,-0.02649,24.99
2008-02-12,0.042417,26.05
2008-02-13,-0.001919,26.0
2008-02-14,-0.033077,25.14
2008-02-15,0.019093,25.62
2008-02-19,-0.039422,24.61
2008-02-20,0.008533,24.82
2008-02-21,-0.022562,24.26
2008-02-22,0.018961,24.72
2008-02-25,0.0089,24.94
2008-02-26,0.005613,25.08
2008-02-27,-0.005582,24.94
2008-02-28,-0.035686,24.05
2008-02-29,-0.047817,22.9
2008-03-03,0.000873,22.92
2008-03-04,-0.000873,22.9
2008-03-05,-0.023581,22.36
2008-03-06,-0.028623,21.72
2008-03-07,0.012891,22.0
2008-03-10,0.0,22.0
2008-03-11,0.096364,24.12
2008-03-12,-0.043947,23.06
2008-03-13,-0.010408,22.82
2008-03-14,-0.042945,21.84
2008-03-17,-0.032967,21.12
2008-03-18,0.055398,22.29
2008-03-19,-0.021086,21.82
2008-03-20,0.070119,23.35
2008-03-24,0.014133,23.68
2008-03-25,-0.018159,23.25
2008-03-26,-0.037419,22.38
2008-03-27,-0.027256,21.33
2008-03-28,-0.02391,20.82
2008-03-31,0.004803,20.92
2008-04-01,0.075048,22.49
2008-04-02,0.006225,22.63
2008-04-03,-0.003535,22.55
2008-04-04,0.007095,22.71
2008-04-07,0.018054,23.12
2008-04-08,-0.043685,22.11
2008-04-09,-0.021257,21.64
2008-04-10,-0.012939,21.36
2008-04-11,-0.023408,20.86
2008-04-14,-0.088207,19.02
2008-04-15,0.012618,19.26
2008-04-16,0.043614,20.1
2008-04-17,0.021891,20.54
2008-04-18,0.019961,20.95
2008-04-21,-0.07494,19.38
2008-04-22,0.079979,20.93
2008-04-23,-0.049212,19.9
2008-04-24,0.067839,21.25
2008-04-25,0.024941,21.78
2008-04-28,0.01056,22.01
2008-04-29,-0.013176,21.72
2008-04-30,-0.013352,21.43
2008-05-01,0.055063,22.61
2008-05-02,0.001769,22.65
2008-05-05,-0.020309,22.19
2008-05-06,0.012168,22.46
2008-05-07,-0.027159,21.85
2008-05-08,-0.043478,20.9
2008-05-09,-0.00622,20.77
2008-05-12,0.023592,21.26
2008-05-13,-0.02493,20.73
2008-05-14,0.010613,20.95
2008-05-15,0.007637,21.11
2008-05-16,-0.029844,20.48
2008-05-19,-0.000488,20.47
2008-05-20,-0.023449,19.99
2008-05-21,-0.013507,19.72
2008-05-22,0.008114,19.88
2008-05-23,-0.031187,19.26
2008-05-27,0.015057,19.55
2008-05-28,-0.035806,18.85
2008-05-29,0.019629,19.22
2008-05-30,-0.027055,18.7
2008-06-02,-0.037968,17.99
2008-06-03,-0.035575,17.35
2008-06-04,0.004035,17.42
2008-06-05,0.008037,17.56
2008-06-06,-0.046697,16.74
2008-06-09,0.00239,16.78
2008-06-10,-0.020858,16.43
2008-06-11,-0.066342,15.34
2008-06-12,-0.042373,14.69
2008-06-13,-0.103472,13.17
2008-06-16,0.029613,13.56
2008-06-17,-0.06121,12.73
2008-06-18,-0.272584,9.26
2008-06-19,0.052916,9.75
2008-06-20,0.036923,10.11
2008-06-23,-0.005935,10.05
2008-06-24,0.010945,10.16
2008-06-25,0.01378,10.3
2008-06-26,0.015534,10.31
2008-06-27,-0.00776,10.23
2008-06-30,-0.004888,10.18
2008-07-01,0.04224,10.61
2008-07-02,0.00377,10.65
2008-07-03,-0.008451,10.56
2008-07-07,-0.023674,10.31
2008-07-08,0.126091,11.61
2008-07-09,-0.043928,11.1
2008-07-10,0.066667,11.84
2008-07-11,0.054054,12.48
2008-07-14,-0.105769,11.16
2008-07-15,-0.064516,10.44
2008-07-16,0.162835,12.14
2008-07-17,0.133443,13.76
2008-07-18,-0.016715,13.53
2008-07-21,-0.010347,13.39
2008-07-22,0.116505,14.95
2008-07-23,-0.020067,14.65
2008-07-24,-0.072355,13.59
2008-07-25,0.009566,13.72
2008-07-28,-0.056851,12.94
2008-07-29,0.095827,14.18
2008-07-30,0.004231,14.24
2008-07-31,-0.018961,13.97
2008-08-01,0.001432,13.99
2008-08-04,-0.00143,13.97
2008-08-05,0.072298,14.98
2008-08-06,0.004673,15.05
2008-08-07,-0.003322,15.0
2008-08-08,0.045333,15.68
2008-08-11,0.026786,16.1
2008-08-12,-0.080745,14.8
2008-08-13,-0.048649,14.08
2008-08-14,0.047585,14.75
2008-08-15,0.021695,15.07
2008-08-18,-0.049104,14.33
2008-08-19,-0.042568,13.72
2008-08-20,0.018222,13.97
2008-08-21,0.010737,14.12
2008-08-22,0.036119,14.63
2008-08-25,-0.031442,14.17
2008-08-26,0.007057,14.27
2008-08-27,0.058164,15.1
2008-08-28,0.016556,15.35
2008-08-29,0.028013,15.78
2008-09-02,0.030418,16.26
2008-09-03,0.009225,16.41
2008-09-04,-0.074345,15.19
2008-09-05,0.063858,16.16
2008-09-08,0.045792,16.9
2008-09-09,-0.057396,15.93
2008-09-10,-0.067797,14.85
2008-09-11,0.012121,15.03
2008-09-12,0.01863,15.31
2008-09-15,-0.07838,14.11
2008-09-16,0.094968,15.45
2008-09-17,-0.074434,14.3
2008-09-18,0.116084,15.96
2008-09-19,0.182957,18.88
2008-09-22,-0.099576,17.0
2008-09-23,-0.034706,16.41
2008-09-24,0.007313,16.53
2008-09-25,0.007864,16.66
2008-09-26,-0.021008,16.16
2008-09-29,-0.436262,9.11
2008-09-30,0.306257,11.9
2008-10-01,0.161345,13.82
2008-10-02,-0.034009,13.35
2008-10-03,-0.009738,13.22
2008-10-06,-0.080182,12.16
2008-10-07,-0.087171,11.1
2008-10-08,0.081982,12.01
2008-10-09,-0.189842,9.73
2008-10-10,0.068859,10.4
2008-10-13,0.045192,10.87
2008-10-14,0.215271,13.21
2008-10-15,-0.041635,12.66
2008-10-16,0.015798,12.86
2008-10-17,-0.048212,12.24
2008-10-20,-0.000817,12.23
2008-10-21,0.001635,12.25
2008-10-22,-0.035918,11.81
2008-10-23,-0.04149,11.32
2008-10-24,-0.287102,8.07
2008-10-27,0.049566,8.47
2008-10-28,0.270366,10.76
2008-10-29,0.000929,10.77
2008-10-30,-0.056639,10.16
2008-10-31,0.067913,10.85
2008-11-03,0.059908,11.5
2008-11-04,0.073913,12.35
2008-11-05,-0.103644,11.07
2008-11-06,-0.086721,10.11
2008-11-07,0.057369,10.69
2008-11-10,-0.057998,10.07
2008-11-11,-0.006951,10.0
2008-11-12,-0.091,9.09
2008-11-13,0.149615,10.45
2008-11-14,-0.087081,9.54
2008-11-17,-0.041929,9.14
2008-11-18,0.019694,9.32
2008-11-19,-0.09764,8.41
2008-11-20,-0.083234,7.71
2008-11-21,-0.028534,7.49
2008-11-24,0.158879,8.68
2008-11-25,0.051843,9.13
2008-11-26,0.016429,9.28
2008-11-28,0.030173,9.56
2008-12-01,-0.15272,8.1
2008-12-02,0.055556,8.55
2008-12-03,-0.076023,7.9
2008-12-04,-0.036709,7.61
2008-12-05,0.085414,8.26
2008-12-08,0.008475,8.33
2008-12-09,-0.069628,7.75
2008-12-10,-0.002581,7.73
2008-12-11,-0.021992,7.56
2008-12-12,0.034392,7.82
2008-12-15,-0.065217,7.31
2008-12-16,0.093023,7.99
2008-12-17,-0.060075,7.51
2008-12-18,0.013316,7.61
2008-12-19,0.005256,7.65
2008-12-22,0.0,7.65
2008-12-23,-0.005229,7.61
2008-12-24,0.027595,7.82
2008-12-26,-0.006394,7.77
2008-12-29,-0.003861,7.73
2008-12-30,0.031048,7.97
2008-12-31,0.036387,8.26
2009-01-02,0.039952,8.59
2009-01-05,-0.022119,8.4
2009-01-06,0.005952,8.45
2009-01-07,-0.061539,7.93
2009-01-08,0.016394,8.06
2009-01-09,-0.07072,7.49
2009-01-12,-0.082777,6.87
2009-01-13,-0.011645,6.79
2009-01-14,-0.076583,6.27
2009-01-15,-0.141946,5.38
2009-01-16,0.009294,5.43
2009-01-20,-0.222836,4.22
2009-01-21,-0.054502,3.99
2009-01-22,-0.285714,2.85
2009-01-23,0.021053,2.91
2009-01-26,-0.075601,2.69
2009-01-27,-0.02974,2.61
2009-01-28,0.363985,3.56
2009-01-29,-0.143258,3.05
2009-01-30,-0.216393,2.39
2009-02-02,-0.125523,2.09
2009-02-03,-0.143541,1.79
2009-02-04,-0.139665,1.54
2009-02-05,0.064935,1.64
2009-02-06,0.603659,2.63
2009-02-09,0.098859,2.89
2009-02-10,-0.242215,2.19
2009-02-11,0.027397,2.25
2009-02-12,-0.022222,2.2
2009-02-13,-0.090909,2.0
2009-02-17,-0.165,1.67
2009-02-18,-0.11976,1.47
2009-02-19,-0.176871,1.21
2009-02-20,-0.14876,1.03
2009-02-23,0.203884,1.24
2009-02-24,0.169355,1.45
2009-02-25,0.337931,1.94
2009-02-26,0.180412,2.29
2009-02-27,-0.078603,2.11
2009-03-02,-0.161137,1.77
2009-03-03,-0.056497,1.67
2009-03-04,0.02994,1.72
2009-03-05,-0.203488,1.37
2009-03-06,-0.058394,1.29
2009-03-09,0.077519,1.39
2009-03-10,0.18705,1.65
2009-03-11,-0.066667,1.54
2009-03-12,0.090909,1.68
2009-03-13,0.041667,1.75
2009-03-16,0.045714,1.83
2009-03-17,0.065574,1.95
2009-03-18,0.138462,2.22
2009-03-19,-0.045045,2.12
2009-03-20,0.004717,2.13
2009-03-23,0.117371,2.38
2009-03-24,-0.105042,2.13
2009-03-25,0.070423,2.28
2009-03-26,0.052632,2.4
2009-03-27,-0.016667,2.35
2009-03-30,0.055319,2.48
2009-03-31,0.177419,2.92
2009-04-01,0.05137,3.07
2009-04-02,0.032573,3.17
2009-04-03,0.0347,3.28
2009-04-06,-0.064024,3.07
2009-04-07,-0.071661,2.85
2009-04-08,-0.073684,2.64
2009-04-09,0.356061,3.58
2009-04-13,0.212291,4.34
2009-04-14,-0.170507,3.6
2009-04-15,0.122222,4.04
2009-04-16,0.069307,4.32
2009-04-17,0.118055,4.83
2009-04-20,-0.244306,3.65
2009-04-21,0.084932,3.96
2009-04-22,-0.068182,3.69
2009-04-23,0.03523,3.82
2009-04-24,-0.028796,3.71
2009-04-27,-0.024259,3.62
2009-04-28,0.0221,3.7
2009-04-29,0.116216,4.13
2009-04-30,-0.007264,4.1
2009-05-01,-0.060976,3.85
2009-05-04,0.254545,4.83
2009-05-05,-0.05383,4.57
2009-05-06,0.154923,5.278
2009-05-07,0.012884,5.346
2009-05-08,0.588103,8.49
2009-05-11,-0.01649,8.35
2009-05-12,-0.014371,8.23
2009-05-13,-0.147023,7.02
2009-05-14,0.071225,7.52
2009-05-15,-0.055851,7.1
2009-05-18,0.125352,7.99
2009-05-19,-0.022528,7.81
2009-05-20,-0.012804,7.71
2009-05-21,-0.098573,6.95
2009-05-22,-0.008633,6.89
2009-05-26,0.017417,7.01
2009-05-27,-0.039943,6.73
2009-05-28,0.001486,6.74
2009-05-29,0.023739,6.9
2009-06-01,0.014493,7.0
2009-06-02,-0.04,6.72
2009-06-03,-0.029762,6.52
2009-06-04,0.07362,7.0
2009-06-05,0.018571,7.13
2009-06-08,0.01683,7.25
2009-06-09,-0.011035,7.17
2009-06-10,0.02371,7.34
2009-06-11,0.058583,7.77
2009-06-12,0.033462,8.03
2009-06-15,-0.057285,7.57
2009-06-16,-0.051519,7.18
2009-06-17,-0.051532,6.81
2009-06-18,0.063142,7.24
2009-06-19,0.013812,7.34
2009-06-22,-0.080382,6.75
2009-06-23,-0.002963,6.73
2009-06-24,0.007429,6.78
2009-06-25,0.026549,6.96
2009-06-26,0.0,6.95
2009-06-29,0.017266,7.07
2009-06-30,0.004243,7.1
2009-07-01,0.008451,7.16
2009-07-02,-0.039106,6.88
2009-07-06,-0.008721,6.82
2009-07-07,-0.001466,6.81
2009-07-08,-0.033774,6.58
2009-07-09,0.027356,6.76
2009-07-10,-0.032544,6.54
2009-07-13,0.094801,7.16
2009-07-14,-0.013967,7.06
2009-07-15,0.056657,7.46
2009-07-16,-0.012064,7.37
2009-07-17,-0.048847,7.01
2009-07-20,0.019971,7.15
2009-07-21,-0.053147,6.77
2009-07-22,0.035451,7.01
2009-07-23,0.142653,8.01
2009-07-24,0.059988,8.4905
2009-07-27,0.022319,8.68
2009-07-28,-0.013825,8.56
2009-07-29,0.03972,8.9
2009-07-30,0.05618,9.4
2009-07-31,0.010638,9.5
2009-08-03,0.013684,9.63
2009-08-04,0.040602,10.021
2009-08-05,-0.003094,9.99
2009-08-06,-0.058058,9.41
2009-08-07,0.031881,9.71
2009-08-10,0.00206,9.73
2009-08-11,0.006167,9.79
2009-08-12,0.045965,10.24
2009-08-13,0.058594,10.84
2009-08-14,-0.028598,10.53
2009-08-17,-0.073124,9.76
2009-08-18,0.044057,10.19
2009-08-19,-0.007851,10.11
2009-08-20,0.029674,10.41
2009-08-21,0.047935,10.909
2009-08-24,-0.035659,10.52
2009-08-25,0.020913,10.74
2009-08-26,0.0,10.74
2009-08-27,-0.014898,10.58
2009-08-28,0.022684,10.82
2009-08-31,0.011091,10.94
2009-09-01,-0.062157,10.26
2009-09-02,-0.033333,9.918
2009-09-03,0.046582,10.38
2009-09-04,0.013488,10.52
2009-09-08,0.000951,10.53
2009-09-09,0.001899,10.55
2009-09-10,-0.011374,10.43
2009-09-11,-0.06232,9.78
2009-09-14,0.007158,9.85
2009-09-15,0.045685,10.3
2009-09-16,0.005825,10.36
2009-09-17,-0.02027,10.15
2009-09-18,0.008867,10.24
2009-09-21,-0.005859,10.18
2009-09-22,0.001965,10.2
2009-09-23,-0.034314,9.85
2009-09-24,-0.031472,9.54
2009-09-25,0.005241,9.59
2009-09-28,0.026069,9.83
2009-09-29,0.01119,9.94
2009-09-30,0.019115,10.13
2009-10-01,-0.067878,9.4424
2009-10-02,-0.008727,9.36
2009-10-05,0.012821,9.48
2009-10-06,0.041139,9.87
2009-10-07,0.028369,10.15
2009-10-08,-0.00197,10.13
2009-10-09,0.010859,10.24
2009-10-12,-0.004883,10.19
2009-10-13,-0.002944,10.16
2009-10-14,0.018701,10.35
2009-10-15,0.019324,10.55
2009-10-16,-0.054029,9.98
2009-10-19,0.016032,10.14
2009-10-20,0.043393,10.58
2009-10-21,-0.044424,10.11
2009-10-22,0.068249,10.8
2009-10-23,-0.042593,10.34
2009-10-26,-0.079304,9.52
2009-10-27,-0.036765,9.17
2009-10-28,-0.035987,8.84
2009-10-29,0.048643,9.27
2009-10-30,-0.035599,8.94
2009-11-02,0.03132,9.22
2009-11-03,-0.016269,9.07
2009-11-04,-0.022051,8.87
2009-11-05,0.039459,9.22
2009-11-06,-0.005423,9.17
2009-11-09,0.061069,9.73
2009-11-10,-0.03186,9.42
2009-11-11,0.032909,9.73
2009-11-12,-0.019527,9.54
2009-11-13,0.020964,9.74
2009-11-16,0.002053,9.76
2009-11-17,0.014344,9.9
2009-11-18,0.026263,10.16
2009-11-19,-0.010827,10.05
2009-11-20,-0.00796,9.97
2009-11-23,0.02006,10.17
2009-11-24,-0.015733,10.01
2009-11-25,-0.006993,9.94
2009-11-27,-0.037223,9.57
2009-11-30,0.053292,10.08
2009-12-01,0.009921,10.18
2009-12-02,0.032417,10.51
2009-12-03,-0.018078,10.32
2009-12-04,0.011628,10.44
2009-12-07,-0.01341,10.3
2009-12-08,-0.01068,10.19
2009-12-09,0.009814,10.29
2009-12-10,-0.020408,10.08
2009-12-11,0.009921,10.18
2009-12-14,0.014735,10.33
2009-12-15,-0.051307,9.8
2009-12-16,-0.018367,9.62
2009-12-17,-0.007276,9.55
2009-12-18,0.028272,9.82
2009-12-21,0.03666,10.18
2009-12-22,0.001965,10.2
2009-12-23,-0.026471,9.93
2009-12-24,0.030211,10.23
2009-12-28,-0.025415,9.97
2009-12-29,-0.004012,9.92
2009-12-30,-0.013105,9.79
2009-12-31,-0.004086,9.75
2010-01-04,0.037949,10.12
2010-01-05,0.02668,10.39
2010-01-06,0.005775,10.45
2010-01-07,0.060287,11.08
2010-01-08,0.000903,11.09
2010-01-11,0.009919,11.2
2010-01-12,-0.01875,10.99
2010-01-13,0.048226,11.52
2010-01-14,0.021701,11.77
2010-01-15,-0.034834,11.36
2010-01-19,0.002641,11.39
2010-01-20,-0.007024,11.31
2010-01-21,0.062776,12.02
2010-01-22,0.006656,12.1
2010-01-25,0.032231,12.49
2010-01-26,-0.06245,11.71
2010-01-27,0.040137,12.18
2010-01-28,0.006568,12.26
2010-01-29,0.014682,12.44
2010-02-01,0.004823,12.5
2010-02-02,-0.0016,12.48
2010-02-03,-0.038462,12.0
2010-02-04,-0.065,11.22
2010-02-05,0.003565,11.26
2010-02-08,0.011545,11.39
2010-02-09,0.007024,11.47
2010-02-10,0.01918,11.69
2010-02-11,0.015398,11.87
2010-02-12,-0.021904,11.61
2010-02-16,0.040482,12.08
2010-02-17,-0.002483,12.05
2010-02-18,-0.010788,11.92
2010-02-19,0.026007,12.23
2010-02-22,0.026165,12.55
2010-02-23,-0.022311,12.27
2010-02-24,0.03423,12.69
2010-02-25,-0.038613,12.2
2010-02-26,0.00082,12.21
2010-03-01,0.002457,12.24
2010-03-02,0.034314,12.66
2010-03-03,-0.009479,12.54
2010-03-04,-0.016746,12.33
2010-03-05,0.032441,12.73
2010-03-08,-0.009427,12.61
2010-03-09,0.000793,12.62
2010-03-10,0.026941,12.96
2010-03-11,0.024691,13.28
2010-03-12,-0.009789,13.15
2010-03-15,0.017491,13.38
2010-03-16,0.005232,13.45
2010-03-17,0.018587,13.7
2010-03-18,-0.018978,13.44
2010-03-19,-0.010417,13.3
2010-03-22,0.009774,13.43
2010-03-23,0.002234,13.46
2010-03-24,0.008915,13.58
2010-03-25,-0.012518,13.41
2010-03-26,-0.01566,13.2
2010-03-29,0.009091,13.31
2010-03-30,-0.003381,13.265
2010-03-31,0.022239,13.56
2010-04-01,0.002212,13.59
2010-04-05,0.02649,13.95
2010-04-06,0.028674,14.35
2010-04-07,-0.003484,14.3
2010-04-08,-0.002098,14.27
2010-04-09,-0.011913,14.1
2010-04-12,0.01844,14.36
2010-04-13,-0.002089,14.33
2010-04-14,0.042568,14.94
2010-04-15,-0.002677,14.9
2010-04-16,-0.04698,14.2
2010-04-19,0.002817,14.24
2010-04-20,0.039326,14.8
2010-04-21,0.023649,15.15
2010-04-22,-0.012541,14.96
2010-04-23,0.010695,15.12
2010-04-26,-0.040013,14.515
2010-04-27,-0.032036,14.05
2010-04-28,0.027758,14.44
2010-04-29,0.029778,14.87
2010-04-30,0.003026,14.915
2010-05-03,0.029836,15.36
2010-05-04,-0.052083,14.56
2010-05-05,0.00206,14.59
2010-05-06,-0.067169,13.61
2010-05-07,-0.022043,13.31
2010-05-10,0.080391,14.38
2010-05-11,0.015994,14.61
2010-05-12,0.026694,15.0
2010-05-13,-0.013333,14.8
2010-05-14,-0.048649,14.08
2010-05-17,-0.007102,13.98
2010-05-18,-0.039342,13.43
2010-05-19,-0.00968,13.3
2010-05-20,-0.059399,12.51
2010-05-21,0.054357,13.19
2010-05-24,-0.047005,12.57
2010-05-25,0.020684,12.83
2010-05-26,-0.024942,12.51
2010-05-27,0.059952,13.26
2010-05-28,-0.019608,13.0
2010-06-01,-0.046154,12.4
2010-06-02,0.052419,13.05
2010-06-03,0.00613,13.13
2010-06-04,-0.047791,12.5025
2010-06-07,-0.014597,12.32
2010-06-08,0.028409,12.67
2010-06-09,0.0,12.67
2010-06-10,0.055249,13.37
2010-06-11,-0.000748,13.36
2010-06-14,0.012725,13.53
2010-06-15,0.034738,14.0
2010-06-16,0.003571,14.05
2010-06-17,-0.030605,13.62
2010-06-18,-0.002937,13.58
2010-06-21,-0.003682,13.53
2010-06-22,-0.001478,13.51
2010-06-23,0.0,13.51
2010-06-24,-0.022946,13.2
2010-06-25,0.012879,13.37
2010-06-28,0.011219,13.51
2010-06-29,-0.041451,12.95
2010-06-30,-0.050965,12.29
2010-07-01,-0.010578,12.16
2010-07-02,-0.027961,11.82
2010-07-06,0.018613,12.04
2010-07-07,0.07309,12.92
2010-07-08,0.013158,13.09
2010-07-09,0.029794,13.48
2010-07-12,-0.015579,13.27
2010-07-13,0.03165,13.69
2010-07-14,-0.025566,13.34
2010-07-15,-0.006747,13.25
2010-07-16,-0.081509,12.17
2010-07-19,-0.022186,11.9
2010-07-20,-0.010084,11.78
2010-07-21,-0.042445,11.28
2010-07-22,0.103723,12.45
2010-07-23,-0.012851,12.29
2010-07-26,0.043125,12.82
2010-07-27,0.024961,13.14
2010-07-28,-0.028919,12.76
2010-07-29,0.004702,12.82
2010-07-30,-0.00858,12.71
2010-08-02,0.055862,13.42
2010-08-03,-0.008942,13.3
2010-08-04,-0.000752,13.29
2010-08-05,-0.017306,13.06
2010-08-06,-0.028331,12.69
2010-08-09,0.026005,13.02
2010-08-10,-0.001344,13.0025
2010-08-11,-0.047875,12.38
2010-08-12,-0.017771,12.16
2010-08-13,-0.002467,12.13
2010-08-16,0.004946,12.19
2010-08-17,-0.009844,12.07
2010-08-18,0.003314,12.11
2010-08-19,-0.035508,11.68
2010-08-20,-0.010274,11.56
2010-08-23,0.00346,11.6
2010-08-24,-0.048707,11.035
2010-08-25,-0.004984,10.98
2010-08-26,-0.002732,10.95
2010-08-27,0.021005,11.18
2010-08-30,-0.029517,10.85
2010-08-31,0.017512,11.04
2010-09-01,0.056159,11.66
2010-09-02,0.005146,11.72
2010-09-03,0.017918,11.93
2010-09-07,-0.046102,11.38
2010-09-08,0.019332,11.6
2010-09-09,0.031035,11.96
2010-09-10,0.01087,12.09
2010-09-13,0.03474,12.51
2010-09-14,-0.001998,12.485
2010-09-15,-0.001201,12.47
2010-09-16,-0.020048,12.22
2010-09-17,0.000818,12.23
2010-09-20,0.013083,12.39
2010-09-21,-0.009282,12.275
2010-09-22,-0.019145,12.04
2010-09-23,-0.026578,11.72
2010-09-24,0.044155,12.2375
2010-09-27,-0.026966,11.9075
2010-09-28,0.009868,12.015
2010-09-29,-0.009363,11.9025
2010-09-30,0.010712,12.03
2010-10-01,-0.010806,11.9
2010-10-04,0.0,11.9
2010-10-05,0.051261,12.51
2010-10-06,-0.018385,12.28
2010-10-07,0.019544,12.52
2010-10-08,-0.011182,12.38
2010-10-11,-0.008078,12.28
2010-10-12,0.038681,12.755
2010-10-13,-0.004312,12.7
2010-10-14,-0.028346,12.34
2010-10-15,-0.017018,12.13
2010-10-18,0.033801,12.54
2010-10-19,-0.013158,12.375
2010-10-20,0.00202,12.4
2010-10-21,0.032258,12.8
2010-10-22,0.004687,12.86
2010-10-25,-0.018663,12.62
2010-10-26,0.013075,12.785
2010-10-27,0.006648,12.87
2010-10-28,-0.011655,12.72
2010-10-29,-0.012579,12.56
2010-11-01,-0.014331,12.38
2010-11-02,0.004846,12.44
2010-11-03,0.049035,13.05
2010-11-04,0.02682,13.4
2010-11-05,-0.027612,13.03
2010-11-08,0.001535,13.05
2010-11-09,-0.013793,12.87
2010-11-10,0.028361,13.235
2010-11-11,0.0,13.235
2010-11-12,-0.027578,12.87
2010-11-15,0.011655,13.02
2010-11-16,-0.026114,12.68
2010-11-17,-0.022871,12.39
2010-11-18,-0.02502,12.08
2010-11-19,0.014901,12.26
2010-11-22,-0.011419,12.12
2010-11-23,-0.028053,11.78
2010-11-24,0.023769,12.06
2010-11-26,-0.016584,11.86
2010-11-29,0.014334,12.03
2010-11-30,-0.00665,11.95
2010-12-01,0.02636,12.265
2010-12-02,0.064003,13.05
2010-12-03,0.01705,13.2725
2010-12-06,-0.019024,13.02
2010-12-07,0.004608,13.08
2010-12-08,0.064985,13.93
2010-12-09,0.022254,14.24
2010-12-10,0.023174,14.57
2010-12-13,-0.005491,14.49
2010-12-14,-0.015183,14.27
2010-12-15,-0.007709,14.16
2010-12-16,-0.016949,13.92
2010-12-17,0.010776,14.07
2010-12-20,0.006397,14.16
2010-12-21,0.009887,14.3
2010-12-22,0.028671,14.71
2010-12-23,-0.021754,14.39
2010-12-27,0.024322,14.74
2010-12-28,0.020353,15.04
2010-12-29,-0.017287,14.77
2010-12-30,-0.008802,14.64
2010-12-31,0.002732,14.68
2011-01-03,0.006812,14.78
2011-01-04,-0.003383,14.73
2011-01-05,0.015614,14.96
2011-01-06,-0.022727,14.62
2011-01-07,0.003762,14.675
2011-01-10,-0.016525,14.4325
2011-01-11,0.008141,14.55
2011-01-12,0.014433,14.76
2011-01-13,-0.009485,14.62
2011-01-14,0.022572,14.95
2011-01-18,-0.00602,14.86
2011-01-19,-0.016824,14.61
2011-01-20,-0.026694,14.22
2011-01-21,0.026723,14.6
2011-01-24,-0.017808,14.34
2011-01-25,0.00645,14.4325
2011-01-26,0.009527,14.57
2011-01-27,0.0151,14.79
2011-01-28,-0.010142,14.64
2011-01-31,0.01571,14.87
2011-02-01,0.043712,15.52
2011-02-02,-0.004188,15.455
2011-02-03,-0.003397,15.4025
2011-02-04,-0.000812,15.39
2011-02-07,-0.001949,15.36
2011-02-08,0.001953,15.39
2011-02-09,-0.020793,15.07
2011-02-10,0.007299,15.18
2011-02-11,0.018445,15.46
2011-02-14,0.003234,15.51
2011-02-15,-0.003869,15.45
2011-02-16,-0.004531,15.38
2011-02-17,-0.018856,15.09
2011-02-18,-0.006461,14.9925
2011-02-22,-0.033183,14.495
2011-02-23,-0.003105,14.45
2011-02-24,-0.010381,14.3
2011-02-25,0.020979,14.6
2011-02-28,0.0,14.6
2011-03-01,-0.044521,13.95
2011-03-02,-0.005735,13.87
2011-03-03,0.015862,14.09
2011-03-04,-0.013485,13.9
2011-03-07,-0.021583,13.6
2011-03-08,0.007353,13.7
2011-03-09,0.012409,13.87
2011-03-10,-0.012978,13.69
2011-03-11,0.014609,13.89
2011-03-14,0.00072,13.9
2011-03-15,-0.023741,13.57
2011-03-16,-0.012528,13.4
2011-03-17,0.030597,13.81
2011-03-18,0.01593,14.03
2011-03-21,-0.000891,14.0175
2011-03-22,-0.011949,13.85
2011-03-23,-0.00361,13.8
2011-03-24,-0.001449,13.78
2011-03-25,0.00508,13.85
2011-03-28,-0.005054,13.78
2011-03-29,0.010885,13.93
2011-03-30,-0.004307,13.81
2011-03-31,0.005431,13.885
2011-04-01,0.007562,13.99
2011-04-04,-0.00143,13.97
2011-04-05,-0.005727,13.89
2011-04-06,0.012959,14.07
2011-04-07,-0.01457,13.865
2011-04-08,-0.011901,13.7
2011-04-11,0.00219,13.73
2011-04-12,-0.005098,13.66
2011-04-13,-0.004392,13.6
2011-04-14,0.003309,13.645
2011-04-15,0.01136,13.8
2011-04-18,-0.019565,13.53
2011-04-19,-0.012565,13.36
2011-04-20,-0.002994,13.32
2011-04-21,-0.012012,13.16
2011-04-25,-0.018237,12.92
2011-04-26,0.009288,13.04
2011-04-27,0.021472,13.32
2011-04-28,0.008258,13.43
2011-04-29,-0.011914,13.27
2011-05-02,-0.016579,13.05
2011-05-03,0.02682,13.4
2011-05-04,-0.018657,13.15
2011-05-05,-0.025095,12.82
2011-05-06,0.013261,12.99
2011-05-09,-0.014627,12.8
2011-05-10,0.014062,12.98
2011-05-11,-0.012327,12.82
2011-05-12,-0.00858,12.71
2011-05-13,-0.017309,12.49
2011-05-16,-0.001601,12.47
2011-05-17,0.025662,12.79
2011-05-18,0.0086,12.9
2011-05-19,0.007752,13.0
2011-05-20,-0.021538,12.72
2011-05-23,-0.025943,12.39
2011-05-24,0.007264,12.48
2011-05-25,0.010417,12.61
2011-05-26,0.009516,12.73
2011-05-27,0.015711,12.93
2011-05-31,0.010054,13.06
2011-06-01,-0.05513,12.34
2011-06-02,0.002431,12.37
2011-06-03,0.001617,12.39
2011-06-06,-0.020178,12.14
2011-06-07,0.01318,12.3
2011-06-08,-0.000813,12.29
2011-06-09,0.003255,12.33
2011-06-10,-0.006894,12.245
2011-06-13,0.002858,12.28
2011-06-14,0.015065,12.465
2011-06-15,-0.011633,12.32
2011-06-16,-0.003247,12.28
2011-06-17,0.021987,12.55
2011-06-20,-0.000398,12.545
2011-06-21,0.009964,12.67
2011-06-22,-0.020916,12.405
2011-06-23,-0.025393,12.09
2011-06-24,0.007444,12.18
2011-06-27,0.00821,12.28
2011-06-28,0.010994,12.415
2011-06-29,0.028594,12.71
2011-06-30,0.003147,12.75
2011-07-01,0.017255,12.97
2011-07-05,-0.004626,12.91
2011-07-06,-0.020139,12.65
2011-07-07,0.019763,12.9
2011-07-08,-0.026357,12.56
2011-07-11,-0.031051,12.17
2011-07-12,-0.012325,12.02
2011-07-13,0.012479,12.17
2011-07-14,-0.012325,12.02
2011-07-15,0.002496,12.05
2011-07-18,-0.004979,11.99
2011-07-19,0.017515,12.2
2011-07-20,0.010656,12.33
2011-07-21,0.034874,12.76
2011-07-22,0.003919,12.81
2011-07-25,0.014832,13.0
2011-07-26,-0.006154,12.92
2011-07-27,-0.017028,12.7
2011-07-28,-0.002362,12.67
2011-07-29,-0.001579,12.65
2011-08-01,-0.010672,12.515
2011-08-02,-0.048342,11.91
2011-08-03,0.018472,12.13
2011-08-04,-0.063479,11.36
2011-08-05,-0.008803,11.26
2011-08-08,-0.113677,9.98
2011-08-09,0.057114,10.55
2011-08-10,-0.107109,9.42
2011-08-11,0.046709,9.86
2011-08-12,-0.03144,9.55
2011-08-15,0.062827,10.15
2011-08-16,-0.005911,10.09
2011-08-17,0.015857,10.25
2011-08-18,-0.063415,9.6
2011-08-19,-0.033333,9.28
2011-08-22,-0.003233,9.25
2011-08-23,0.055135,9.76
2011-08-24,0.034836,10.1
2011-08-25,-0.036139,9.735
2011-08-26,0.032358,10.05
2011-08-29,0.045771,10.51
2011-08-30,-0.004757,10.46
2011-08-31,0.015296,10.62
2011-09-01,-0.041431,10.18
2011-09-02,-0.05501,9.62
2011-09-06,0.013514,9.75
2011-09-07,0.071795,10.45
2011-09-08,-0.031579,10.12
2011-09-09,-0.030632,9.81
2011-09-12,0.012232,9.93
2011-09-13,0.042296,10.35
2011-09-14,0.015459,10.51
2011-09-15,0.018078,10.7
2011-09-16,-0.002804,10.67
2011-09-19,-0.018744,10.47
2011-09-20,-0.008596,10.38
2011-09-21,-0.058767,9.77
2011-09-22,-0.0174,9.6
2011-09-23,0.025,9.84
2011-09-26,0.069106,10.52
2011-09-27,-0.006654,10.45
2011-09-28,-0.026794,10.09
2011-09-29,0.03667,10.46
2011-09-30,-0.034417,10.1
2011-10-03,-0.029703,9.8
2011-10-04,0.085714,10.64
2011-10-05,-0.00141,10.625
2011-10-06,0.045647,11.11
2011-10-07,-0.047705,10.58
2011-10-10,0.036862,10.97
2011-10-11,-0.00547,10.91
2011-10-12,0.054996,11.51
2011-10-13,-0.024327,11.23
2011-10-14,0.009795,11.34
2011-10-17,-0.063492,10.62
2011-10-18,0.055556,11.21
2011-10-19,-0.049063,10.66
2011-10-20,0.090994,11.63
2011-10-21,0.00258,11.66
2011-10-24,0.030017,12.01
2011-10-25,-0.026645,11.69
2011-10-26,0.026518,12.0
2011-10-27,0.040833,12.49
2011-10-28,-0.014412,12.31
2011-10-31,-0.02437,12.01
2011-11-01,-0.051624,11.39
2011-11-02,0.03863,11.83
2011-11-03,0.015216,12.01
2011-11-04,0.0,12.01
2011-11-07,0.019983,12.25
2011-11-08,0.019592,12.49
2011-11-09,-0.060849,11.73
2011-11-10,0.023871,12.01
2011-11-11,0.014155,12.18
2011-11-14,-0.025452,11.87
2011-11-15,0.007582,11.96
2011-11-16,0.001672,11.98
2011-11-17,-0.01419,11.81
2011-11-18,0.006774,11.89
2011-11-21,-0.031119,11.52
2011-11-22,-0.014757,11.35
2011-11-23,-0.036123,10.94
2011-11-25,0.002742,10.97
2011-11-28,0.035551,11.36
2011-11-29,-0.012324,11.22
2011-11-30,0.07754,12.09
2011-12-01,-0.01158,11.95
2011-12-02,0.014226,12.12
2011-12-05,0.036304,12.56
2011-12-06,-0.019108,12.32
2011-12-07,0.005682,12.39
2011-12-08,-0.033898,11.97
2011-12-09,0.045113,12.51
2011-12-12,-0.022382,12.23
2011-12-13,-0.026165,11.91
2011-12-14,-0.009236,11.8
2011-12-15,0.014407,11.97
2011-12-16,0.008354,12.07
2011-12-19,-0.019056,11.84
2011-12-20,0.029561,12.19
2011-12-21,0.02461,12.49
2011-12-22,0.034027,12.915
2011-12-23,-0.005807,12.84
2011-12-27,-0.007009,12.75
2011-12-28,-0.007451,12.575
2011-12-29,0.02664,12.91
2011-12-30,-0.014717,12.72
2012-01-03,0.028302,13.08
2012-01-04,0.000765,13.09
2012-01-05,0.02903,13.47
2012-01-06,0.001485,13.49
2012-01-09,-0.00556,13.415
2012-01-10,0.032426,13.85
2012-01-11,-0.00722,13.75
2012-01-12,0.005818,13.83
2012-01-13,0.014461,14.03
2012-01-17,-0.021026,13.735
2012-01-18,0.001092,13.75
2012-01-19,-0.013818,13.56
2012-01-20,-0.028761,13.17
2012-01-23,0.017464,13.4
2012-01-24,0.002239,13.43
2012-01-25,0.004468,13.49
2012-01-26,-0.030393,13.08
2012-01-27,0.011468,13.23
2012-01-30,-0.018141,12.99
2012-01-31,0.001155,13.005
2012-02-01,0.010381,13.14
2012-02-02,0.006849,13.23
2012-02-03,0.027211,13.59
2012-02-06,-0.007358,13.49
2012-02-07,0.002965,13.53
2012-02-08,0.005913,13.61
2012-02-09,-0.006613,13.52
2012-02-10,-0.012944,13.345
2012-02-13,0.011615,13.5
2012-02-14,-0.014815,13.3
2012-02-15,0.004511,13.36
2012-02-16,0.02021,13.63
2012-02-17,0.012473,13.8
2012-02-21,0.007971,13.91
2012-02-22,-0.023005,13.59
2012-02-23,0.016188,13.81
2012-02-24,-0.015206,13.6
2012-02-27,-0.001471,13.58
2012-02-28,0.002946,13.62
2012-02-29,-0.000734,13.61
2012-03-01,0.008082,13.72
2012-03-02,-0.008018,13.61
2012-03-05,-0.022043,13.31
2012-03-06,-0.028174,12.935
2012-03-07,0.028218,13.3
2012-03-08,0.013158,13.475
2012-03-09,0.02115,13.76
2012-03-12,-0.013081,13.58
2012-03-13,0.04271,14.16
2012-03-14,0.008475,14.28
2012-03-15,0.013305,14.47
2012-03-16,-0.009675,14.33
2012-03-19,0.011863,14.5
2012-03-20,0.0,14.5
2012-03-21,-0.017931,14.24
2012-03-22,-0.010885,14.085
2012-03-23,0.00355,14.135
2012-03-26,0.011673,14.3
2012-03-27,-0.020979,14.0
2012-03-28,0.012857,14.1
2012-03-29,-0.004965,14.03
2012-03-30,0.001069,14.045
2012-04-02,0.028124,14.44
2012-04-03,0.009695,14.58
2012-04-04,-0.007202,14.475
2012-04-05,0.010017,14.62
2012-04-09,-0.021204,14.31
2012-04-10,-0.028651,13.9
2012-04-11,0.02554,14.255
2012-04-12,0.015433,14.475
2012-04-13,-0.031434,14.02
2012-04-16,0.006419,14.11
2012-04-17,0.017718,14.36
2012-04-18,-0.013928,14.16
2012-04-19,-0.03072,13.725
2012-04-20,0.016393,13.95
2012-04-23,-0.010036,13.81
2012-04-24,0.010138,13.95
2012-04-25,0.025807,14.31
2012-04-26,0.004193,14.37
2012-04-27,0.001392,14.39
2012-04-30,-0.011466,14.225
2012-05-01,0.012302,14.4
2012-05-02,0.0,14.4
2012-05-03,0.003472,14.45
2012-05-04,-0.031834,13.99
2012-05-07,0.028592,14.39
2012-05-08,-0.012509,14.21
2012-05-09,-0.015482,13.99
2012-05-10,0.014296,14.19
2012-05-11,-0.008457,14.07
2012-05-14,-0.022033,13.76
2012-05-15,-0.013081,13.58
2012-05-16,-0.002209,13.55
2012-05-17,-0.019188,13.29
2012-05-18,0.004138,13.345
2012-05-21,0.002623,13.38
2012-05-22,0.005232,13.45
2012-05-23,0.010409,13.59
2012-05-24,-0.001472,13.57
2012-05-25,-0.003685,13.52
2012-05-29,0.0,13.52
2012-05-30,-0.02145,13.23
2012-05-31,0.00907,13.35
2012-06-01,-0.062172,12.52
2012-06-04,-0.034345,12.09
2012-06-05,0.01158,12.23
2012-06-06,0.035568,12.665
2012-06-07,0.005922,12.74
2012-06-08,0.014914,12.93
2012-06-11,-0.017015,12.71
2012-06-12,0.011802,12.86
2012-06-13,-0.00661,12.775
2012-06-14,0.020744,13.04
2012-06-15,0.010736,13.18
2012-06-18,-0.017451,12.95
2012-06-19,0.0139,13.13
2012-06-20,-0.000762,13.12
2012-06-21,-0.006098,13.04
2012-06-22,0.017255,13.265
2012-06-25,-0.041086,12.72
2012-06-26,0.011792,12.87
2012-06-27,0.014763,12.98
2012-06-28,0.003082,13.02
2012-06-29,0.029186,13.4
2012-07-02,0.00709,13.495
2012-07-03,0.000371,13.5
2012-07-05,-0.005926,13.42
2012-07-06,-0.002981,13.38
2012-07-09,-0.005232,13.31
2012-07-10,-0.015026,13.11
2012-07-11,0.022883,13.41
2012-07-12,-0.00522,13.34
2012-07-13,0.026237,13.69
2012-07-16,-0.003287,13.645
2012-07-17,0.020154,13.92
2012-07-18,-0.010776,13.77
2012-07-19,0.002179,13.8
2012-07-20,-0.011594,13.64
2012-07-23,-0.009531,13.51
2012-07-24,0.013323,13.69
2012-07-25,0.004383,13.75
2012-07-26,0.028364,14.14
2012-07-27,0.006718,14.235
2012-07-30,-0.015104,14.02
2012-07-31,-0.014265,13.82
2012-08-01,-0.002171,13.79
2012-08-02,-0.008702,13.67
2012-08-03,0.029261,14.07
2012-08-06,-0.006397,13.98
2012-08-07,0.017883,14.23
2012-08-08,0.004919,14.3
2012-08-09,0.001399,14.32
2012-08-10,-0.002095,14.29
2012-08-13,0.002099,14.32
2012-08-14,-0.005237,14.245
2012-08-15,0.003159,14.29
2012-08-16,0.002799,14.33
2012-08-17,0.004885,14.4
2012-08-20,-0.002083,14.37
2012-08-21,0.001392,14.39
2012-08-22,0.029187,14.81
2012-08-23,-0.012154,14.63
2012-08-24,0.012304,14.81
2012-08-27,0.006752,14.91
2012-08-28,0.001341,14.93
2012-08-29,0.012726,15.12
2012-08-30,-0.002646,15.08
2012-08-31,0.003979,15.14
2012-09-04,-0.005945,15.05
2012-09-05,-0.008638,14.92
2012-09-06,0.009048,15.055
2012-09-07,0.016938,15.31
2012-09-10,-0.007511,15.195
2012-09-11,-0.000987,15.18
2012-09-12,0.005929,15.27
2012-09-13,0.022266,15.61
2012-09-14,0.010891,15.78
2012-09-17,-0.002535,15.74
2012-09-18,-0.006036,15.645
2012-09-19,-0.002876,15.6
2012-09-20,-0.000641,15.59
2012-09-21,-0.000962,15.575
2012-09-24,0.005779,15.665
2012-09-25,-0.007022,15.555
2012-09-26,-0.006107,15.36
2012-09-27,0.008138,15.485
2012-09-28,0.001292,15.505
2012-10-01,-0.00129,15.485
2012-10-02,-0.001614,15.46
2012-10-03,0.015847,15.705
2012-10-04,0.017829,15.985
2012-10-05,0.000313,15.99
2012-10-08,-0.000625,15.98
2012-10-09,-0.007509,15.86
2012-10-10,-0.002522,15.82
2012-10-11,0.004425,15.89
2012-10-12,-0.039018,15.27
2012-10-15,0.006549,15.37
2012-10-16,-0.024073,15.0
2012-10-17,0.008667,15.13
2012-10-18,-0.000661,15.12
2012-10-19,-0.00662,15.0199
2012-10-22,0.001338,15.04
2012-10-23,-0.023271,14.69
2012-10-24,-0.008169,14.57
2012-10-25,0.004804,14.64
2012-10-26,-0.010246,14.49
2012-10-31,0.002415,14.525
2012-11-01,0.002065,14.555
2012-11-02,-0.012023,14.38
2012-11-05,-0.004172,14.32
2012-11-06,0.018855,14.59
2012-11-07,-0.032214,14.12
2012-11-08,-0.005666,14.04
2012-11-09,0.008547,14.16
2012-11-12,0.00459,14.225
2012-11-13,-0.015817,14.0
2012-11-14,-0.013929,13.805
2012-11-15,0.014125,14.0
2012-11-16,0.007143,14.1
2012-11-19,0.026596,14.475
2012-11-20,0.008636,14.6
2012-11-21,-0.00137,14.58
2012-11-23,0.021262,14.89
2012-11-26,-0.011081,14.725
2012-11-27,-0.012224,14.545
2012-11-28,0.008594,14.67
2012-11-29,-0.000682,14.66
2012-11-30,-0.001364,14.64
2012-12-03,-0.01571,14.41
2012-12-04,-0.018737,14.14
2012-12-05,0.015559,14.36
2012-12-06,-0.001741,14.335
2012-12-07,0.013952,14.535
2012-12-10,0.001376,14.555
2012-12-11,-0.001718,14.53
2012-12-12,0.006194,14.62
2012-12-13,-0.007524,14.51
2012-12-14,-0.010338,14.36
2012-12-17,0.02124,14.665
2012-12-18,0.028299,15.08
2012-12-19,-0.008621,14.95
2012-12-20,0.012709,15.14
2012-12-21,-0.001321,15.12
2012-12-24,-0.005291,15.04
2012-12-26,0.006317,15.135
2012-12-27,0.002973,15.08
2012-12-28,-0.005968,14.99
2012-12-31,0.014009,15.2
2013-01-02,0.0375,15.77
2013-01-03,-0.008878,15.63
2013-01-04,0.003839,15.69
2013-01-07,-0.007011,15.58
2013-01-08,-0.008986,15.44
2013-01-09,-0.001943,15.41
2013-01-10,0.018819,15.7
2013-01-11,-0.01465,15.47
2013-01-14,-0.007757,15.35
2013-01-15,0.003909,15.41
2013-01-16,0.009085,15.55
2013-01-17,0.047589,16.29
2013-01-18,0.005463,16.379
2013-01-22,0.007388,16.5
2013-01-23,-0.007879,16.37
2013-01-24,0.001222,16.39
2013-01-25,-0.00122,16.37
2013-01-28,-0.011607,16.18
2013-01-29,0.005562,16.27
2013-01-30,0.003688,16.33
2013-01-31,-0.002449,16.29
2013-02-01,0.012277,16.49
2013-02-04,-0.017586,16.2
2013-02-05,0.019136,16.51
2013-02-06,0.004846,16.59
2013-02-07,-0.007233,16.47
2013-02-08,0.0085,16.61
2013-02-11,-0.006623,16.5
2013-02-12,0.003636,16.56
2013-02-13,-0.027174,16.11
2013-02-14,0.001241,16.13
2013-02-15,-0.00527,16.045
2013-02-19,-0.005298,15.96
2013-02-20,-0.008145,15.83
2013-02-21,-0.014529,15.6
2013-02-22,0.012821,15.8
2013-02-25,-0.017089,15.53
2013-02-26,0.001932,15.56
2013-02-27,0.010283,15.72
2013-02-28,0.007634,15.84
2013-03-01,-0.000947,15.825
2013-03-04,0.012322,16.02
2013-03-05,0.0,16.02
2013-03-06,0.000624,16.03
2013-03-07,0.012477,16.23
2013-03-08,0.006778,16.34
2013-03-11,0.000612,16.35
2013-03-12,-0.006116,16.25
2013-03-13,0.008615,16.39
2013-03-14,-0.00122,16.37
2013-03-15,0.014661,16.61
2013-03-18,-0.007827,16.48
2013-03-19,0.00182,16.51
2013-03-20,0.000606,16.52
2013-03-21,-0.00908,16.37
2013-03-22,-0.004887,16.29
2013-03-25,0.003683,16.35
2013-03-26,0.010398,16.41
2013-03-27,-0.002437,16.37
2013-03-28,-0.003665,16.31
2013-04-01,-0.010423,16.14
2013-04-02,0.001239,16.16
2013-04-03,-0.01052,15.99
2013-04-04,-0.002502,15.95
2013-04-05,0.004389,16.02
2013-04-08,0.012484,16.22
2013-04-09,0.010481,16.39
2013-04-10,0.014643,16.63
2013-04-11,0.013831,16.86
2013-04-12,-0.021946,16.49
2013-04-15,-0.024864,16.08
2013-04-16,0.004353,16.15
2013-04-17,-0.021672,15.8
2013-04-18,0.007595,15.92
2013-04-19,0.030151,16.4
2013-04-22,-0.009451,16.245
2013-04-23,0.01385,16.47
2013-04-24,0.015179,16.72
2013-04-25,0.006579,16.83
2013-04-26,-0.004159,16.76
2013-04-29,0.004177,16.83
2013-04-30,0.011884,17.03
2013-05-01,-0.016442,16.75
2013-05-02,0.006567,16.86
2013-05-03,0.014235,17.1
2013-05-06,0.011696,17.3
2013-05-07,0.012139,17.51
2013-05-08,0.006282,17.62
2013-05-09,-0.002838,17.57
2013-05-10,0.007968,17.71
2013-05-13,-0.000565,17.7
2013-05-14,0.011864,17.91
2013-05-15,0.009492,18.08
2013-05-16,-0.003319,18.02
2013-05-17,0.012764,18.25
2013-05-20,0.007671,18.39
2013-05-21,-0.004894,18.3
2013-05-22,-0.016393,18.0
2013-05-23,0.005556,18.1
2013-05-24,0.008287,18.25
2013-05-28,0.009863,18.43
2013-05-29,0.00217,18.47
2013-05-30,0.003249,18.53
2013-05-31,-0.017809,18.2
2013-06-03,0.0,18.2
2013-06-04,-0.015385,17.92
2013-06-05,-0.011719,17.71
2013-06-06,0.020328,18.07
2013-06-07,0.019369,18.42
2013-06-10,0.009772,18.6
2013-06-11,-0.013979,18.34
2013-06-12,-0.001091,18.32
2013-06-13,0.007096,18.45
2013-06-14,-0.007588,18.31
2013-06-17,-0.001092,18.29
2013-06-18,0.006014,18.4
2013-06-19,-0.016304,18.1
2013-06-20,-0.01768,17.78
2013-06-21,-0.004499,17.7
2013-06-24,-0.013559,17.46
2013-06-25,0.024055,17.88
2013-06-26,0.009228,17.925
2013-06-27,0.009763,18.1
2013-06-28,-0.002762,18.05
2013-07-01,0.012743,18.28
2013-07-02,0.010941,18.48
2013-07-03,-0.005952,18.37
2013-07-05,0.016331,18.67
2013-07-08,-0.004821,18.58
2013-07-09,0.011841,18.8
2013-07-10,-0.000532,18.79
2013-07-11,0.001064,18.81
2013-07-12,0.009091,18.981
2013-07-15,0.000474,18.99
2013-07-16,-0.006846,18.86
2013-07-17,0.006893,18.99
2013-07-18,-0.00237,18.945
2013-07-19,0.003695,19.015
2013-07-22,0.017092,19.34
2013-07-23,0.004137,19.42
2013-07-24,0.008754,19.59
2013-07-25,-0.01123,19.37
2013-07-26,0.0,19.37
2013-07-29,-0.00826,19.21
2013-07-30,0.002603,19.26
2013-07-31,-0.001038,19.24
2013-08-01,0.018711,19.6
2013-08-02,0.004592,19.69
2013-08-05,-0.005587,19.58
2013-08-06,-0.011236,19.36
2013-08-07,-0.007231,19.22
2013-08-08,0.00026,19.225
2013-08-09,0.003901,19.3
2013-08-12,-0.001554,19.27
2013-08-13,-0.009341,19.09
2013-08-14,0.002619,19.14
2013-08-15,-0.005225,19.04
2013-08-16,0.006302,19.16
2013-08-19,-0.007829,19.01
2013-08-20,0.00263,19.06
2013-08-21,-0.006821,18.93
2013-08-22,0.013207,19.18
2013-08-23,0.001043,19.2
2013-08-26,-0.010938,18.99
2013-08-27,-0.029489,18.43
2013-08-28,-0.004341,18.35
2013-08-29,0.00218,18.39
2013-08-30,-0.005438,18.29
2013-09-03,0.001093,18.31
2013-09-04,0.002731,18.36
2013-09-05,0.009259,18.53
2013-09-06,-0.003238,18.47
2013-09-09,-0.004873,18.38
2013-09-10,0.006529,18.5
2013-09-11,0.004324,18.58
2013-09-12,-0.004844,18.49
2013-09-13,-0.005949,18.38
2013-09-16,0.005985,18.49
2013-09-17,0.003245,18.55
2013-09-18,0.003774,18.62
2013-09-19,-0.004834,18.53
2013-09-20,-0.007501,18.391
2013-09-23,-0.013104,18.15
2013-09-24,-0.006336,18.035
2013-09-25,0.014195,18.291
2013-09-26,-0.004975,18.08
2013-09-27,0.0,18.08
2013-09-30,-0.001659,18.05
2013-10-01,0.011634,18.26
2013-10-02,-0.011501,18.05
2013-10-03,-0.003047,17.995
2013-10-04,0.010836,18.19
2013-10-07,-0.022815,17.775
2013-10-08,-0.015471,17.5
2013-10-09,0.014571,17.755
2013-10-10,0.021684,18.14
2013-10-11,0.003308,18.2
2013-10-14,0.006044,18.31
2013-10-15,-0.009831,18.13
2013-10-16,0.014893,18.4
2013-10-17,0.030707,18.965
2013-10-18,0.01661,19.28
2013-10-21,-0.003112,19.22
2013-10-22,0.006244,19.34
2013-10-23,-0.005946,19.225
2013-10-24,-0.005462,19.12
2013-10-25,-0.002092,19.08
2013-10-28,0.005241,19.18
2013-10-29,0.001564,19.21
2013-10-30,0.001562,19.24
2013-10-31,-0.010655,19.035
2013-11-01,-0.002627,18.985
2013-11-04,-0.00769,18.839
2013-11-05,0.015977,19.14
2013-11-06,-0.000784,19.125
2013-11-07,-0.002353,19.08
2013-11-08,0.048742,20.01
2013-11-11,-0.011994,19.77
2013-11-12,-0.010622,19.56
2013-11-13,0.017894,19.91
2013-11-14,0.005776,20.025
2013-11-15,-0.004245,19.94
2013-11-18,0.003009,20.0
2013-11-19,-0.0045,19.91
2013-11-20,0.000502,19.92
2013-11-21,0.021084,20.34
2013-11-22,0.011799,20.58
2013-11-25,-0.000486,20.57
2013-11-26,-0.011181,20.34
2013-11-27,0.005408,20.45
2013-11-29,-0.006357,20.32
2013-12-02,-0.005905,20.2
2013-12-03,-0.010396,19.99
2013-12-04,-0.005503,19.88
2013-12-05,-0.003018,19.82
2013-12-06,0.026236,20.34
2013-12-09,-0.004916,20.24
2013-12-10,0.003458,20.31
2013-12-11,-0.007386,20.16
2013-12-12,0.004464,20.25
2013-12-13,-0.007901,20.09
2013-12-16,0.012942,20.35
2013-12-17,-0.009828,20.15
2013-12-18,0.014888,20.45
2013-12-19,0.010758,20.67
2013-12-20,0.006773,20.81
2013-12-23,0.006728,20.95
2013-12-24,0.001432,20.98
2013-12-26,0.00286,21.04
2013-12-27,0.0,20.92
2013-12-30,0.0,20.92
2013-12-31,0.005258,21.03
2014-01-02,-0.007608,20.87
2014-01-03,0.002396,20.92
2014-01-06,0.001434,20.95
2014-01-07,0.00358,21.025
2014-01-08,0.004994,21.13
2014-01-09,0.008992,21.32
2014-01-10,0.00985,21.53
2014-01-13,-0.013005,21.25
2014-01-14,0.005177,21.36
2014-01-15,0.009831,21.57
2014-01-16,-0.009272,21.37
2014-01-17,0.008423,21.55
2014-01-21,0.012529,21.82
2014-01-22,0.004583,21.92
2014-01-23,-0.018248,21.52
2014-01-24,-0.009294,21.32
2014-01-27,-0.008912,21.13
2014-01-28,0.008045,21.3
2014-01-29,-0.016432,20.95
2014-01-30,0.013842,21.24
2014-01-31,-0.010358,21.02
2014-02-03,-0.024738,20.5
2014-02-04,0.00439,20.59
2014-02-05,0.002914,20.65
2014-02-06,0.020823,21.08
2014-02-07,0.000949,21.1
2014-02-10,0.008057,21.27
2014-02-11,0.004701,21.37
2014-02-12,-0.000468,21.36
2014-02-13,0.008427,21.54
2014-02-14,0.004178,21.63
2014-02-18,0.001387,21.66
2014-02-19,-0.016159,21.31
2014-02-20,0.001408,21.34
2014-02-21,0.004686,21.44
2014-02-24,0.007929,21.61
2014-02-25,0.0,21.61
2014-02-26,0.002314,21.66
2014-02-27,0.00277,21.72
2014-02-28,-0.001151,21.695
2014-03-03,-0.008066,21.52
2014-03-04,0.020446,21.96
2014-03-05,0.010929,22.2
2014-03-06,0.004504,22.3
2014-03-07,0.014798,22.63
2014-03-10,0.003093,22.7
2014-03-11,-0.00837,22.51
2014-03-12,0.000889,22.53
2014-03-13,-0.004439,22.43
2014-03-14,-0.004012,22.34
2014-03-17,0.011638,22.6
2014-03-18,0.007965,22.78
2014-03-19,0.002195,22.83
2014-03-20,0.023215,23.36
2014-03-21,0.001284,23.39
2014-03-24,-0.000428,23.38
2014-03-25,-0.001711,23.34
2014-03-26,-0.003428,23.26
2014-03-27,-0.025366,22.55
2014-03-28,0.007539,22.72
2014-03-31,0.010343,22.955
2014-04-01,0.005445,23.08
2014-04-02,-0.000867,23.06
2014-04-03,0.005638,23.19
2014-04-04,-0.011643,22.92
2014-04-07,-0.017888,22.51
2014-04-08,-0.002665,22.45
2014-04-09,0.007127,22.61
2014-04-10,-0.035825,21.8
2014-04-11,-0.011009,21.56
2014-04-14,0.001855,21.6
2014-04-15,0.001389,21.63
2014-04-16,0.010171,21.85
2014-04-17,-0.04119,20.95
2014-04-21,-0.010979,20.72
2014-04-22,0.013514,21.0
2014-04-23,0.007143,21.15
2014-04-24,-0.005674,21.03
2014-04-25,-0.013314,20.75
2014-04-28,-0.011566,20.51
2014-04-29,-0.001463,20.48
2014-04-30,0.006348,20.61
2014-05-01,-0.012615,20.35
2014-05-02,0.010074,20.555
2014-05-05,0.001703,20.59
2014-05-06,-0.015056,20.28
2014-05-07,0.021203,20.71
2014-05-08,-0.005311,20.6
2014-05-09,-0.002427,20.55
2014-05-12,0.016058,20.88
2014-05-13,-0.003831,20.8
2014-05-14,-0.015865,20.47
2014-05-15,-0.015144,20.16
2014-05-16,-0.006448,20.03
2014-05-19,0.008487,20.2
2014-05-20,-0.006931,20.06
2014-05-21,0.015454,20.37
2014-05-22,0.001964,20.41
2014-05-23,0.006369,20.54
2014-05-27,0.00779,20.7
2014-05-28,-0.004831,20.6
2014-05-29,-0.002427,20.55
2014-05-30,0.006813,20.69
2014-06-02,0.012567,20.95
2014-06-03,0.011456,21.19
2014-06-04,-0.004719,21.09
2014-06-05,0.004742,21.19
2014-06-06,0.006607,21.33
2014-06-09,0.014299,21.635
2014-06-10,-0.004391,21.54
2014-06-11,-0.004643,21.44
2014-06-12,-0.006996,21.29
2014-06-13,0.003758,21.37
2014-06-16,-0.012167,21.11
2014-06-17,0.017527,21.48
2014-06-18,0.000466,21.49
2014-06-19,0.000931,21.51
2014-06-20,0.003719,21.59
2014-06-23,-0.002779,21.53
2014-06-24,-0.003251,21.46
2014-06-25,-0.000466,21.45
2014-06-26,-0.001399,21.29
2014-06-27,-0.001409,21.26
2014-06-30,0.004233,21.35
2014-07-01,0.008665,21.535
2014-07-02,-0.005805,21.41
2014-07-03,0.010276,21.63
2014-07-07,-0.002774,21.57
2014-07-08,-0.00751,21.408
2014-07-09,0.004998,21.515
2014-07-10,-0.013711,21.22
2014-07-11,0.009896,21.43
2014-07-14,-0.0014,21.4
2014-07-15,0.016355,21.75
2014-07-16,-0.009195,21.55
2014-07-17,-0.058933,20.28
2014-07-18,0.008383,20.45
2014-07-21,0.003912,20.53
2014-07-22,0.008281,20.7
2014-07-23,0.001932,20.74
2014-07-24,0.016635,21.085
2014-07-25,0.004506,21.18
2014-07-28,-0.014164,20.88
2014-07-29,-0.006705,20.74
2014-07-30,0.002411,20.79
2014-07-31,-0.014911,20.48
2014-08-01,-0.023438,20.0
2014-08-04,-0.0015,19.97
2014-08-05,-0.015523,19.66
2014-08-06,0.000763,19.675
2014-08-07,-0.007878,19.52
2014-08-08,0.007684,19.67
2014-08-11,-0.003559,19.6
2014-08-12,-0.00051,19.59
2014-08-13,0.003063,19.65
2014-08-14,0.008142,19.81
2014-08-15,-0.004038,19.73
2014-08-18,0.014699,20.02
2014-08-19,-0.002747,19.965
2014-08-20,0.006762,20.1
2014-08-21,0.007463,20.25
2014-08-22,0.003457,20.32
2014-08-25,0.005906,20.44
2014-08-26,-0.000978,20.42
2014-08-27,-0.006366,20.29
2014-08-28,-0.000986,20.27
2014-08-29,0.00666,20.405
2014-09-02,0.005146,20.51
2014-09-03,-0.004876,20.41
2014-09-04,0.00049,20.42
2014-09-05,-0.002449,20.37
2014-09-08,-0.000982,20.35
2014-09-09,-0.00688,20.21
2014-09-10,0.011875,20.45
2014-09-11,0.001956,20.49
2014-09-12,0.007565,20.645
2014-09-15,-0.00557,20.53
2014-09-16,0.001948,20.57
2014-09-17,0.008264,20.74
2014-09-18,0.013018,21.01
2014-09-19,-0.004284,20.92
2014-09-22,-0.006214,20.79
2014-09-23,-0.012506,20.53
2014-09-24,0.002923,20.59
2014-09-25,-0.013842,20.305
2014-09-26,0.005664,20.29
2014-09-29,-0.008625,20.115
2014-09-30,-0.004723,20.02
2014-10-01,-0.011239,19.795
2014-10-02,-0.000253,19.79
2014-10-03,0.013138,20.05
2014-10-06,-0.006484,19.92
2014-10-07,-0.013052,19.66
2014-10-08,0.022381,20.1
2014-10-09,-0.023881,19.62
2014-10-10,-0.009684,19.43
2014-10-13,-0.009521,19.245
2014-10-14,0.0,19.245
2014-10-15,-0.034555,18.58
2014-10-16,-0.04521,17.74
2014-10-17,0.021984,18.13
2014-10-20,0.012135,18.35
2014-10-21,0.028338,18.87
2014-10-22,-0.00212,18.83
2014-10-23,0.007966,18.98
2014-10-24,0.007376,19.12
2014-10-27,0.001569,19.15
2014-10-28,0.019321,19.52
2014-10-29,0.009221,19.7
2014-10-30,0.001523,19.73
2014-10-31,0.013178,19.99
2014-11-03,-0.001501,19.96
2014-11-04,-0.007515,19.81
2014-11-05,0.018678,20.18
2014-11-06,0.005946,20.3
2014-11-07,-0.00936,20.11
2014-11-10,0.003481,20.18
2014-11-11,0.002973,20.24
2014-11-12,0.006917,20.38
2014-11-13,-0.003435,20.31
2014-11-14,-0.007386,20.16
2014-11-17,0.000248,20.165
2014-11-18,0.00124,20.19
2014-11-19,-0.008915,20.01
2014-11-20,0.007746,20.165
2014-11-21,-0.001736,20.13
2014-11-24,0.010929,20.35
2014-11-25,-0.006388,20.22
2014-11-26,0.003462,20.29
2014-11-28,-0.008379,20.12
2014-12-01,-0.01839,19.75
2014-12-02,0.008608,19.92
2014-12-03,0.008032,20.08
2014-12-04,0.003984,20.16
2014-12-05,0.023314,20.63
2014-12-08,0.001454,20.66
2014-12-09,0.001452,20.69
2014-12-10,-0.032383,20.02
2014-12-11,0.001998,20.06
2014-12-12,-0.015952,19.74
2014-12-15,-0.014691,19.45
2014-12-16,-0.007198,19.31
2014-12-17,0.015018,19.6
2014-12-18,0.025,20.09
2014-12-19,-0.000996,20.07
2014-12-22,0.003986,20.15
2014-12-23,0.02134,20.58
2014-12-24,0.000486,20.59
2014-12-26,0.0,20.59
2014-12-29,0.006314,20.59
2014-12-30,0.004128,20.675
2014-12-31,-0.01451,20.375
2015-01-02,-0.008098,20.21
2015-01-05,-0.030183,19.6
2015-01-06,-0.040306,18.81
2015-01-07,0.011164,19.02
2015-01-08,0.022608,19.45
2015-01-09,-0.026735,18.93
2015-01-12,-0.01532,18.64
2015-01-13,-0.006974,18.51
2015-01-14,-0.016208,18.21
2015-01-15,-0.010434,18.02
2015-01-16,0.015538,18.3
2015-01-20,-0.012022,18.08
2015-01-21,-0.03042,17.53
2015-01-22,0.021677,17.91
2015-01-23,-0.0134,17.67
2015-01-26,0.014714,17.93
2015-01-27,-0.01478,17.665
2015-01-28,-0.025191,17.22
2015-01-29,0.013937,17.46
2015-01-30,-0.009164,17.3
2015-02-02,0.033526,17.88
2015-02-03,0.020694,18.25
2015-02-04,0.005479,18.35
2015-02-05,0.015259,18.63
2015-02-06,0.013956,18.89
2015-02-09,-0.005294,18.79
2015-02-10,0.003193,18.85
2015-02-11,-0.003714,18.78
2015-02-12,0.021832,19.19
2015-02-13,0.003648,19.26
2015-02-17,0.010903,19.47
2015-02-18,-0.018233,19.115
2015-02-19,0.004447,19.2
2015-02-20,0.009896,19.39
2015-02-23,-0.005157,19.29
2015-02-24,0.005184,19.39
2015-02-25,0.000516,19.4
2015-02-26,0.002062,19.44
2015-02-27,-0.004115,19.36
2015-03-02,0.007748,19.51
2015-03-03,-0.001025,19.49
2015-03-04,-0.010775,19.28
2015-03-05,0.001556,19.31
2015-03-06,0.00725,19.45
2015-03-09,0.000771,19.465
2015-03-10,-0.020036,19.075
2015-03-11,-0.002883,19.02
2015-03-12,0.011567,19.24
2015-03-13,-0.008316,19.08
2015-03-16,0.00891,19.25
2015-03-17,0.0,19.25
2015-03-18,0.00026,19.255
2015-03-19,-0.001818,19.22
2015-03-20,0.013528,19.48
2015-03-23,-0.009754,19.29
2015-03-24,-0.005702,19.18
2015-03-25,-0.01903,18.815
2015-03-26,0.014616,19.09
2015-03-27,-0.002619,18.91
2015-03-30,0.007932,19.06
2015-03-31,-0.011018,18.85
2015-04-01,0.003448,18.915
2015-04-02,0.003436,18.98
2015-04-06,0.0,18.98
2015-04-07,0.011064,19.19
2015-04-08,-0.00469,19.1
2015-04-09,0.005236,19.2
2015-04-10,-0.007813,19.05
2015-04-13,0.008399,19.21
2015-04-14,-0.010411,19.01
2015-04-15,0.008417,19.17
2015-04-16,0.005738,19.28
2015-04-17,-0.01945,18.905
2015-04-20,0.004496,18.99
2015-04-21,0.022117,19.41
2015-04-22,0.017517,19.75
2015-04-23,-0.002532,19.7
2015-04-24,-0.008122,19.54
2015-04-27,0.005629,19.65
2015-04-28,0.008651,19.82
2015-04-29,0.013118,20.08
2015-04-30,-0.003984,20.0
2015-05-01,0.012,20.24
2015-05-04,0.009881,20.44
2015-05-05,-0.004403,20.35
2015-05-06,-0.011794,20.11
2015-05-07,-0.006713,19.975
2015-05-08,0.011765,20.21
2015-05-11,0.005443,20.32
2015-05-12,-0.001968,20.28
2015-05-13,0.010355,20.49
2015-05-14,0.006589,20.625
2015-05-15,-0.012849,20.36
2015-05-18,0.007859,20.52
2015-05-19,0.020468,20.94
2015-05-20,-0.022445,20.47
2015-05-21,-0.000244,20.465
2015-05-22,0.002199,20.51
2015-05-26,-0.004388,20.42
2015-05-27,0.009305,20.61
2015-05-28,-0.00097,20.59
2015-05-29,-0.016999,20.24
2015-06-01,-0.008646,20.065
2015-06-02,0.01221,20.31
2015-06-03,0.012802,20.57
2015-06-04,-0.011181,20.34
2015-06-05,0.024582,20.84
2015-06-08,-0.001919,20.8
2015-06-09,0.009135,20.99
2015-06-10,0.014293,21.29
2015-06-11,-0.006106,21.16
2015-06-12,0.000473,21.17
2015-06-15,-0.001417,21.14
2015-06-16,0.004021,21.225
2015-06-17,-0.012485,20.96
2015-06-18,0.008111,21.13
2015-06-19,-0.004259,21.04
2015-06-22,0.028042,21.63
2015-06-23,0.002774,21.69
2015-06-24,-0.007838,21.52
2015-06-25,-0.005112,21.41
2015-06-26,-0.000467,21.27
2015-06-29,-0.024448,20.75
2015-06-30,0.003373,20.82
2015-07-01,0.01537,21.14
2015-07-02,-0.009934,20.93
2015-07-06,0.003344,21.0
2015-07-07,-0.01381,20.71
2015-07-08,-0.012072,20.46
2015-07-09,0.009775,20.66
2015-07-10,0.011375,20.895
2015-07-13,0.009332,21.09
2015-07-14,0.002371,21.14
2015-07-15,0.005676,21.26
2015-07-16,0.004468,21.355
2015-07-17,-0.010536,21.13
2015-07-20,0.007099,21.28
2015-07-21,0.011278,21.52
2015-07-22,0.003253,21.59
2015-07-23,-0.013432,21.3
2015-07-24,-0.007512,21.14
2015-07-27,-0.013718,20.85
2015-07-28,0.002398,20.9
2015-07-29,0.010048,21.11
2015-07-30,0.001895,21.15
2015-07-31,-0.003783,21.07
2015-08-03,0.000237,21.075
2015-08-04,0.004033,21.16
2015-08-05,0.008979,21.35
2015-08-06,-0.005621,21.23
2015-08-07,-0.004239,21.14
2015-08-10,0.026963,21.71
2015-08-11,-0.024873,21.17
2015-08-12,-0.023146,20.68
2015-08-13,0.007737,20.84
2015-08-14,0.012956,21.11
2015-08-17,0.000947,21.13
2015-08-18,0.00142,21.16
2015-08-19,-0.008034,20.99
2015-08-20,-0.02525,20.46
2015-08-21,-0.032014,19.805
2015-08-24,-0.056299,18.69
2015-08-25,-0.024612,18.23
2015-08-26,0.052661,19.19
2015-08-27,0.039083,19.94
2015-08-28,0.001504,19.97
2015-08-31,-0.002504,19.92
2015-09-01,-0.041667,19.09
2015-09-02,0.013096,19.34
2015-09-03,0.008273,19.5
2015-09-04,-0.014359,19.22
2015-09-08,0.030697,19.81
2015-09-09,-0.007067,19.67
2015-09-10,0.005592,19.78
2015-09-11,-0.000506,19.77
2015-09-14,0.003541,19.84
2015-09-15,0.010081,20.04
2015-09-16,0.003493,20.11
2015-09-17,-0.035306,19.4
2015-09-18,-0.025258,18.91
2015-09-21,0.014278,19.18
2015-09-22,-0.017205,18.85
2015-09-23,-0.002653,18.8
2015-09-24,0.002128,18.84
2015-09-25,0.022293,19.26
2015-09-28,-0.027518,18.6
2015-09-29,0.002688,18.65
2015-09-30,0.013941,18.91
2015-10-01,0.003173,18.97
2015-10-02,-0.015287,18.68
2015-10-05,0.02409,19.13
2015-10-06,-0.009409,18.95
2015-10-07,0.004749,19.04
2015-10-08,0.005777,19.15
2015-10-09,-0.009399,18.97
2015-10-12,0.001054,18.99
2015-10-13,-0.008952,18.82
2015-10-14,-0.014878,18.54
2015-10-15,0.026969,19.04
2015-10-16,-0.002101,19.0
2015-10-19,0.001053,19.02
2015-10-20,-0.00999,18.83
2015-10-21,-0.029209,18.28
2015-10-22,0.023523,18.71
2015-10-23,0.021379,19.11
2015-10-26,-0.008373,18.95
2015-10-27,-0.010554,18.75
2015-10-28,0.048533,19.66
2015-10-29,-0.009664,19.47
2015-10-30,-0.021572,19.05
2015-11-02,0.026247,19.55
2015-11-03,-0.001023,19.53
2015-11-04,-0.00256,19.48
2015-11-05,0.017454,19.82
2015-11-06,0.033804,20.49
2015-11-09,-0.003904,20.41
2015-11-10,0.010779,20.63
2015-11-11,-0.010664,20.41
2015-11-12,-0.017149,20.06
2015-11-13,-0.018445,19.69
2015-11-16,0.004571,19.78
2015-11-17,0.003033,19.84
2015-11-18,0.02621,20.36
2015-11-19,0.002947,20.42
2015-11-20,-0.007835,20.26
2015-11-23,0.008885,20.44
2015-11-24,0.003425,20.51
2015-11-25,0.000975,20.53
2015-11-27,0.005358,20.64
2015-11-30,0.001454,20.67
2015-12-01,0.016933,21.02
2015-12-02,-0.012845,20.75
2015-12-03,-0.013253,20.475
2015-12-04,0.028571,21.06
2015-12-07,-0.01282,20.79
2015-12-08,-0.036556,20.03
2015-12-09,-0.01348,19.76
2015-12-10,0.015435,20.065
2015-12-11,-0.017693,19.71
2015-12-14,0.007103,19.85
2015-12-15,0.033753,20.52
2015-12-16,0.015107,20.83
2015-12-17,-0.026164,20.285
2015-12-18,-0.027114,19.735
2015-12-21,0.006334,19.86
2015-12-22,0.01007,20.06
2015-12-23,0.01994,20.46
2015-12-24,0.002933,20.52
2015-12-28,-0.003411,20.45
2015-12-29,0.007824,20.48
2015-12-30,-0.01123,20.25
2015-12-31,-0.007407,20.1
2016-01-04,-0.027363,19.55
2016-01-05,0.003069,19.61
2016-01-06,-0.014788,19.32
2016-01-07,-0.031574,18.71
2016-01-08,-0.01737,18.385
2016-01-11,-0.011694,18.17
2016-01-12,0.005504,18.27
2016-01-13,-0.051451,17.33
2016-01-14,0.018465,17.65
2016-01-15,-0.030028,17.12
2016-01-19,-0.014019,16.88
2016-01-20,-0.020735,16.53
2016-01-21,-0.048397,15.73
2016-01-22,0.01335,15.94
2016-01-25,-0.058344,15.01
2016-01-26,0.014657,15.23
2016-01-27,0.012475,15.42
2016-01-28,0.009728,15.57
2016-01-29,0.014772,15.8
2016-02-01,-0.003165,15.75
2016-02-02,-0.026667,15.33
2016-02-03,0.001957,15.36
2016-02-04,0.011068,15.53
2016-02-05,-0.012878,15.33
2016-02-08,-0.034573,14.8
2016-02-09,0.002027,14.83
2016-02-10,-0.011126,14.665
2016-02-11,-0.049438,13.94
2016-02-12,0.066715,14.87
2016-02-16,0.047747,15.58
2016-02-17,-0.010911,15.41
2016-02-18,-0.016872,15.15
2016-02-19,0.008581,15.28
2016-02-22,0.025524,15.67
2016-02-23,-0.036375,15.1
2016-02-24,-0.003311,15.05
2016-02-25,0.016611,15.3
2016-02-26,0.024837,15.68
2016-02-29,-0.026786,15.26
2016-03-01,0.058978,16.16
2016-03-02,0.020421,16.49
2016-03-03,0.022438,16.86
2016-03-04,0.016014,17.13
2016-03-07,-0.005254,17.04
2016-03-08,-0.024061,16.63
2016-03-09,-0.001804,16.6
2016-03-10,0.015663,16.86
2016-03-11,0.032028,17.4
2016-03-14,-0.006322,17.29
2016-03-15,-0.005784,17.19
2016-03-16,-0.020361,16.84
2016-03-17,0.008314,16.98
2016-03-18,0.022379,17.36
2016-03-21,0.000576,17.37
2016-03-22,0.000576,17.38
2016-03-23,-0.009781,17.21
2016-03-24,-0.006392,17.1
2016-03-28,-0.000585,17.09
2016-03-29,-0.015214,16.7
2016-03-30,0.01018,16.87
2016-03-31,-0.01067,16.69
2016-04-01,0.006591,16.8
2016-04-04,-0.002976,16.75
2016-04-05,-0.018507,16.44
2016-04-06,0.003041,16.49
2016-04-07,-0.021832,16.13
2016-04-08,0.010539,16.3
2016-04-11,0.007976,16.43
2016-04-12,0.01339,16.65
2016-04-13,0.045646,17.41
2016-04-14,0.01838,17.73
2016-04-15,-0.003384,17.67
2016-04-18,0.001698,17.7
2016-04-19,0.023164,18.11
2016-04-20,0.015461,18.39
2016-04-21,0.007613,18.53
2016-04-22,0.004857,18.62
2016-04-25,-0.004834,18.53
2016-04-26,0.011873,18.75
2016-04-27,-0.001067,18.73
2016-04-28,-0.012814,18.49
2016-04-29,-0.009735,18.31
2016-05-02,0.007646,18.45
2016-05-03,-0.022764,18.03
2016-05-04,-0.027177,17.54
2016-05-05,-0.002851,17.49
2016-05-06,-0.000572,17.48
2016-05-09,-0.008581,17.33
2016-05-10,0.023081,17.73
2016-05-11,-0.004512,17.65
2016-05-12,-0.005666,17.55
2016-05-13,-0.022792,17.15
2016-05-16,0.026239,17.6
2016-05-17,-0.006818,17.48
2016-05-18,0.045767,18.28
2016-05-19,-0.007659,18.14
2016-05-20,0.007718,18.28
2016-05-23,-0.008206,18.13
2016-05-24,0.013238,18.37
2016-05-25,0.024496,18.82
2016-05-26,-0.01169,18.6
2016-05-27,0.013441,18.85
2016-05-31,0.001061,18.87
2016-06-01,0.007949,19.02
2016-06-02,0.014721,19.3
2016-06-03,-0.02487,18.82
2016-06-06,0.020191,19.2
2016-06-07,-0.010417,19.0
2016-06-08,-0.001053,18.98
2016-06-09,-0.013172,18.73
2016-06-10,-0.010678,18.53
2016-06-13,-0.011333,18.32
2016-06-14,-0.026747,17.83
2016-06-15,0.011217,18.03
2016-06-16,-0.009429,17.86
2016-06-17,0.019597,18.21
2016-06-20,0.010434,18.4
2016-06-21,0.000543,18.41
2016-06-22,0.00163,18.44
2016-06-23,0.036334,19.11
2016-06-24,-0.084249,17.5
2016-06-27,-0.070857,16.26
2016-06-28,0.031365,16.64
2016-06-29,0.028846,17.12
2016-06-30,0.027453,17.59
2016-07-01,-0.009096,17.43
2016-07-05,-0.041882,16.7
2016-07-06,0.004192,16.77
2016-07-07,0.010734,16.95
2016-07-08,0.017699,17.25
2016-07-11,0.009855,17.42
2016-07-12,0.02698,17.89
2016-07-13,0.002795,17.94
2016-07-14,0.027871,18.44
2016-07-15,0.005423,18.54
2016-07-18,-0.005933,18.43
2016-07-19,-0.001085,18.41
2016-07-20,-0.001086,18.39
2016-07-21,-0.007069,18.26
2016-07-22,0.00931,18.43
2016-07-25,-0.000543,18.42
2016-07-26,0.013029,18.66
2016-07-27,-0.000536,18.65
2016-07-28,0.014477,18.92
2016-07-29,0.003171,18.98
2016-08-01,-0.010537,18.78
2016-08-02,-0.01065,18.58
2016-08-03,0.020452,18.96
2016-08-04,-0.004747,18.87
2016-08-05,0.037096,19.57
2016-08-08,-0.008687,19.4
2016-08-09,0.0,19.4
2016-08-10,-0.015979,19.09
2016-08-11,0.007858,19.24
2016-08-12,-0.006757,19.11
2016-08-15,0.017792,19.45
2016-08-16,-0.002057,19.41
2016-08-17,0.005667,19.52
2016-08-18,0.003074,19.58
2016-08-19,0.000511,19.59
2016-08-22,0.001531,19.62
2016-08-23,-0.005097,19.52
2016-08-24,-0.003586,19.45
2016-08-25,0.007198,19.59
2016-08-26,0.005105,19.69
2016-08-29,0.006094,19.81
2016-08-30,0.017668,20.16
2016-08-31,0.0,20.16
2016-09-01,-0.005952,20.04
2016-09-02,0.002994,20.1
2016-09-06,-0.011443,19.87
2016-09-07,0.007549,20.02
2016-09-08,0.005994,20.14
2016-09-09,-0.010427,19.93
2016-09-12,0.014049,20.21
2016-09-13,0.000495,20.22
2016-09-14,0.007418,20.37
2016-09-15,0.008346,20.54
2016-09-16,-0.003895,20.46
2016-09-19,0.008309,20.63
2016-09-20,0.000485,20.64
2016-09-21,0.004845,20.74
2016-09-22,0.002893,20.8
2016-09-23,0.005769,20.92
2016-09-26,-0.021989,20.46
2016-09-27,0.012708,20.72
2016-09-28,-0.002413,20.54
2016-09-29,-0.014606,20.24
2016-09-30,0.01087,20.46
2016-10-03,-0.005376,20.35
2016-10-04,0.005897,20.47
2016-10-05,0.01319,20.74
2016-10-06,0.0,20.74
2016-10-07,-0.002411,20.69
2016-10-10,-0.000483,20.68
2016-10-11,-0.014023,20.39
2016-10-12,-0.000981,20.37
2016-10-13,-0.030928,19.74
2016-10-14,0.003039,19.8
2016-10-17,-0.011111,19.58
2016-10-18,0.014811,19.87
2016-10-19,0.032713,20.52
2016-10-20,0.024367,21.02
2016-10-21,0.009039,21.21
2016-10-24,0.004715,21.31
2016-10-25,-0.001408,21.28
2016-10-26,0.018327,21.67
2016-10-27,0.006922,21.82
2016-10-28,-0.009624,21.61
2016-10-31,0.006941,21.76
2016-11-01,0.004136,21.85
2016-11-02,-0.010526,21.62
2016-11-03,-0.009251,21.42
2016-11-04,-0.009804,21.21
2016-11-07,0.032532,21.9
2016-11-08,-0.011416,21.65
2016-11-09,0.060046,22.95
2016-11-10,0.034423,23.74
2016-11-11,0.03075,24.47
2016-11-14,0.032693,25.27
2016-11-15,0.015829,25.67
2016-11-16,-0.029996,24.9
2016-11-17,0.021285,25.43
2016-11-18,0.009831,25.68
2016-11-21,0.00662,25.85
2016-11-22,0.011219,26.14
2016-11-23,0.005738,26.29
2016-11-25,-0.005706,26.14
2016-11-28,-0.029074,25.38
2016-11-29,0.000394,25.39
2016-11-30,0.024813,26.02
2016-12-01,0.016141,26.44
2016-12-02,-0.020802,25.89
2016-12-05,0.007725,26.09
2016-12-06,0.008816,26.32
2016-12-07,0.008739,26.55
2016-12-08,0.016196,26.98
2016-12-09,-0.003336,26.89
2016-12-12,-0.013016,26.54
2016-12-13,0.008289,26.76
2016-12-14,0.005605,26.91
2016-12-15,0.010777,27.2
2016-12-16,-0.014706,26.8
2016-12-19,0.016045,27.23
2016-12-20,0.020566,27.79
2016-12-21,-0.003598,27.69
2016-12-22,-0.002528,27.62
2016-12-23,0.002172,27.68
2016-12-27,0.00289,27.76
2016-12-28,-0.012968,27.26
2016-12-29,-0.019442,26.73
2016-12-30,0.008979,26.97
2017-01-03,0.002966,27.05
2017-01-04,0.013678,27.42
2017-01-05,-0.028446,26.64
2017-01-06,0.008634,26.87
2017-01-09,-0.004094,26.76
2017-01-10,0.011584,27.07
2017-01-11,0.000739,27.09
2017-01-12,-0.006645,26.91
2017-01-13,0.014121,27.29
2017-01-17,-0.046171,26.03
2017-01-18,0.011525,26.33
2017-01-19,-0.012913,25.99
2017-01-20,0.011543,26.29
2017-01-23,0.007988,26.5
2017-01-24,0.003774,26.6
2017-01-25,0.011654,26.91
2017-01-26,0.007432,27.11
2017-01-27,-0.01291,26.76
2017-01-30,-0.016069,26.33
2017-01-31,-0.008735,26.1
2017-02-01,0.005364,26.24
2017-02-02,-0.011433,25.94
2017-02-03,0.022359,26.52
2017-02-06,0.00905,26.76
2017-02-07,-0.01009,26.49
2017-02-08,-0.02265,25.89
2017-02-09,0.010043,26.15
2017-02-10,0.013767,26.51
2017-02-13,0.008676,26.74
2017-02-14,0.030292,27.55
2017-02-15,0.000363,27.56
2017-02-16,0.001451,27.6
2017-02-17,-0.002174,27.54
2017-02-21,0.001089,27.57
2017-02-22,-0.002539,27.5
2017-02-23,-0.001091,27.47
2017-02-24,-0.00546,27.32
2017-02-27,0.009151,27.57
2017-02-28,-0.004715,27.44
2017-03-01,0.047741,28.75
2017-03-02,-0.03513,27.74
2017-03-03,0.003605,27.84
2017-03-06,-0.010776,27.54
2017-03-07,-0.006173,27.37
2017-03-08,0.0,27.37
2017-03-09,0.004384,27.49
2017-03-10,-0.012004,27.16
2017-03-13,-0.007364,26.96
2017-03-14,-0.007789,26.75
2017-03-15,-0.011215,26.45
2017-03-16,0.007561,26.65
2017-03-17,-0.011257,26.35
2017-03-20,-0.006262,26.185
2017-03-21,-0.048692,24.91
2017-03-22,-0.00281,24.84
2017-03-23,0.008857,25.06
2017-03-24,-0.006784,24.89
2017-03-27,-0.006428,24.73
2017-03-28,0.020623,25.24
2017-03-29,-0.002377,25.04
2017-03-30,0.027556,25.73
2017-03-31,-0.012826,25.4
2017-04-03,-0.004331,25.29
2017-04-04,0.002372,25.35
2017-04-05,-0.017752,24.9
2017-04-06,0.011245,25.18
2017-04-07,-0.006751,25.01
2017-04-10,-0.008397,24.8
2017-04-11,-0.004435,24.69
2017-04-12,-0.014581,24.33
2017-04-13,-0.016441,23.93
2017-04-17,0.019641,24.4
2017-04-18,-0.015984,24.01
2017-04-19,0.00833,24.21
2017-04-20,0.030566,24.95
2017-04-21,-0.013226,24.62
2017-04-24,0.028838,25.33
2017-04-25,-0.012633,25.01
2017-04-26,-0.001599,24.97
2017-04-27,-0.012815,24.65
2017-04-28,-0.008925,24.43
2017-05-01,0.014736,24.79
2017-05-02,-0.013312,24.46
2017-05-03,0.01063,24.72
2017-05-04,0.007686,24.91
2017-05-05,-0.004416,24.8
2017-05-08,0.005645,24.94
2017-05-09,-0.00401,24.84
2017-05-10,-0.008454,24.63
2017-05-11,-0.007714,24.44
2017-05-12,-0.011457,24.16
2017-05-15,0.019868,24.64
2017-05-16,0.010552,24.9
2017-05-17,-0.04498,23.78
2017-05-18,0.001682,23.82
2017-05-19,0.015113,24.18
2017-05-22,0.008685,24.39
2017-05-23,0.01435,24.74
2017-05-24,-0.010509,24.48
2017-05-25,-0.000409,24.47
2017-05-26,-0.008582,24.26
2017-05-30,-0.008656,24.05
2017-05-31,-0.01289,23.74
2017-06-01,0.012216,24.03
2017-06-02,-0.01623,23.64
2017-06-05,0.002538,23.7
2017-06-06,-0.003376,23.62
2017-06-07,0.010796,23.875
2017-06-08,0.019058,24.33
2017-06-09,0.030004,25.06
2017-06-12,0.005188,25.19
2017-06-13,0.005558,25.33
2017-06-14,0.00987,25.58
2017-06-15,-0.003909,25.48
2017-06-16,-0.000392,25.47
2017-06-19,0.004711,25.59
2017-06-20,-0.001172,25.56
2017-06-21,-0.006651,25.39
2017-06-22,-0.009846,25.14
2017-06-23,-0.019093,24.66
2017-06-26,0.006488,24.82
2017-06-27,0.010878,25.09
2017-06-28,0.021523,25.49
2017-06-29,0.022754,26.07
2017-06-30,-0.004219,25.96
2017-07-03,0.019646,26.47
2017-07-05,0.004156,26.58
2017-07-06,-0.004515,26.46
2017-07-07,0.000756,26.48
2017-07-10,-0.005287,26.34
2017-07-11,-0.005695,26.19
2017-07-12,-0.003055,26.11
2017-07-13,0.006894,26.29
2017-07-14,-0.007988,26.08
2017-07-17,0.003067,26.16
2017-07-18,-0.012997,25.82
2017-07-19,-0.000775,25.8
2017-07-20,-0.012016,25.49
2017-07-21,0.02707,26.18
2017-07-24,0.009549,26.43
2017-07-25,0.006054,26.59
2017-07-26,-0.015419,26.18
2017-07-27,-0.001528,26.14
2017-07-28,0.009181,26.38
2017-07-31,0.012131,26.7
2017-08-01,0.00824,26.92
2017-08-02,0.001486,26.96
2017-08-03,-0.002226,26.9
2017-08-04,0.010409,27.18
2017-08-07,-0.005519,27.03
2017-08-08,0.015538,27.45
2017-08-09,-0.011293,27.14
2017-08-10,-0.028003,26.38
2017-08-11,-0.010235,26.11
2017-08-14,0.021831,26.68
2017-08-15,0.012744,27.02
2017-08-16,-0.007032,26.83
2017-08-17,-0.021245,26.26
2017-08-18,0.002666,26.33
2017-08-21,-0.004558,26.21
2017-08-22,0.015643,26.62
2017-08-23,-0.000751,26.6
2017-08-24,0.009399,26.85
2017-08-25,-0.006704,26.67
2017-08-28,-0.003,26.59
2017-08-29,-0.012411,26.26
2017-08-30,0.001523,26.3
2017-08-31,-0.006464,26.13
2017-09-01,0.010716,26.41
2017-09-05,-0.023476,25.79
2017-09-06,-0.000776,25.77
2017-09-07,-0.031044,24.97
2017-09-08,0.005206,25.1
2017-09-11,0.023904,25.7
2017-09-12,0.018677,26.18
2017-09-13,0.00573,26.33
2017-09-14,-0.00076,26.31
2017-09-15,0.007982,26.52
2017-09-18,0.013198,26.87
2017-09-19,0.011537,27.18
2017-09-20,0.008462,27.41
2017-09-21,0.004743,27.54
2017-09-22,-0.008352,27.31
2017-09-25,-0.006225,27.14
2017-09-26,0.009212,27.39
2017-09-27,0.010588,27.68
2017-09-28,0.002529,27.59
2017-09-29,0.014136,27.98
2017-10-02,-0.003931,27.87
2017-10-03,0.001435,27.91
2017-10-04,-0.003583,27.81
2017-10-05,0.014743,28.22
2017-10-06,-0.001063,28.19
2017-10-09,-0.002128,28.13
2017-10-10,0.010309,28.42
2017-10-11,-0.00563,28.26
2017-10-12,-0.003892,28.15
2017-10-13,-0.003197,28.06
2017-10-16,0.011048,28.37
2017-10-17,-0.0141,27.97
2017-10-18,0.003575,28.07
2017-10-19,0.007481,28.28
2017-10-20,0.011315,28.6
2017-10-23,-0.005944,28.43
2017-10-24,0.00598,28.6
2017-10-25,-0.000699,28.58
2017-10-26,0.009447,28.85
2017-10-27,0.007626,29.07
2017-10-30,-0.002064,29.01
2017-10-31,-0.003792,28.9
2017-11-01,0.002076,28.96
2017-11-02,0.010359,29.26
2017-11-03,-0.004785,29.12
2017-11-06,0.004121,29.24
2017-11-07,-0.027018,28.45
2017-11-08,-0.005272,28.3
2017-11-09,-0.010247,28.01
2017-11-10,-0.012139,27.67
2017-11-13,0.018793,28.19
2017-11-14,0.014899,28.61
2017-11-15,-0.005243,28.46
2017-11-16,0.000351,28.47
2017-11-17,-0.000702,28.45
2017-11-20,0.004218,28.57
2017-11-21,-0.00315,28.48
2017-11-22,-0.002107,28.42
2017-11-24,-0.007741,28.2
2017-11-27,0.007092,28.4
2017-11-28,0.029578,29.24
2017-11-29,0.041724,30.46
2017-11-30,0.001642,30.51
2017-12-01,0.0059,30.69
2017-12-04,0.021831,31.36
2017-12-05,-0.018495,30.78
2017-12-06,-0.006498,30.58
2017-12-07,-0.005886,30.4
2017-12-08,-0.000987,30.37
2017-12-11,-0.002305,30.3
2017-12-12,0.004951,30.45
2017-12-13,-0.016749,29.94
2017-12-14,-0.009018,29.67
2017-12-15,0.012134,30.03
2017-12-18,0.014652,30.47
2017-12-19,0.004923,30.62
2017-12-20,-0.003592,30.51
2017-12-21,0.013766,30.93
2017-12-22,-0.00291,30.84
2017-12-26,-0.005188,30.68
2017-12-27,-0.000652,30.66
2017-12-28,0.004566,30.64
2017-12-29,-0.009791,30.34
2018-01-02,0.002966,30.43
2018-01-03,0.002958,30.52
2018-01-04,0.003604,30.63
2018-01-05,0.002612,30.71
2018-01-08,-0.000326,30.7
2018-01-09,0.017915,31.25
2018-01-10,0.01056,31.58
2018-01-11,0.008866,31.86
2018-01-12,0.01538,32.35
2018-01-16,-0.002164,32.28
2018-01-17,0.006506,32.49
2018-01-18,-0.009849,32.17
2018-01-19,0.010258,32.5
2018-01-22,0.008308,32.77
2018-01-23,0.004577,32.92
2018-01-24,0.012455,33.33
2018-01-25,-0.014702,32.84
2018-01-26,0.01553,33.35
2018-01-29,-0.005397,33.17
2018-01-30,-0.004522,33.02
2018-01-31,0.002423,33.1
2018-02-01,0.016919,33.66
2018-02-02,-0.015746,33.13
2018-02-05,-0.043163,31.7
2018-02-06,0.010095,32.02
2018-02-07,0.009994,32.34
2018-02-08,-0.038343,31.1
2018-02-09,0.028296,31.98
2018-02-12,0.008443,32.25
2018-02-13,0.004341,32.39
2018-02-14,0.026551,33.25
2018-02-15,-0.001504,33.2
2018-02-16,-0.002108,33.13
2018-02-20,0.002415,33.21
2018-02-21,0.006926,33.44
2018-02-22,-0.017045,32.87
2018-02-23,0.017645,33.45
2018-02-26,0.009267,33.76
2018-02-27,-0.01481,33.26
2018-02-28,-0.006314,33.05
2018-03-01,-0.007867,32.79
2018-03-02,0.00366,32.91
2018-03-05,0.013674,33.36
2018-03-06,0.008993,33.66
2018-03-07,0.000594,33.68
2018-03-08,-0.000297,33.67
2018-03-09,0.016038,34.21
2018-03-12,0.001462,34.26
2018-03-13,-0.005838,34.06
2018-03-14,-0.012919,33.62
2018-03-15,-0.001487,33.57
2018-03-16,0.004468,33.72
2018-03-19,-0.002966,33.62
2018-03-20,-0.002677,33.53
2018-03-21,0.002684,33.62
2018-03-22,-0.039262,32.3
2018-03-23,-0.039319,31.03
2018-03-26,0.035127,32.12
2018-03-27,-0.024284,31.34
2018-03-28,0.012125,31.56
2018-03-29,0.00602,31.75
2018-04-02,-0.025197,30.95
2018-04-03,0.019709,31.56
2018-04-04,0.022814,32.28
2018-04-05,0.001549,32.33
2018-04-06,-0.033715,31.24
2018-04-09,0.005122,31.4
2018-04-10,0.012102,31.78
2018-04-11,-0.009755,31.47
2018-04-12,0.025103,32.26
2018-04-13,-0.026348,31.41
2018-04-16,0.002547,31.49
2018-04-17,-0.017466,30.94
2018-04-18,-0.005171,30.78
2018-04-19,0.018843,31.36
2018-04-20,0.001913,31.42
2018-04-23,0.016232,31.93
2018-04-24,0.04134,33.25
2018-04-25,0.008722,33.54
2018-04-26,0.002385,33.62
2018-04-27,0.006246,33.83
2018-04-30,-0.019509,33.17
2018-05-01,0.005728,33.36
2018-05-02,-0.018285,32.75
2018-05-03,-0.014351,32.28
2018-05-04,0.010843,32.63
2018-05-07,0.005823,32.82
2018-05-08,0.008531,33.1
2018-05-09,0.017221,33.67
2018-05-10,0.008019,33.94
2018-05-11,0.001179,33.98
2018-05-14,0.001471,34.03
2018-05-15,0.008228,34.31
2018-05-16,0.001166,34.35
2018-05-17,-0.001164,34.31
2018-05-18,-0.02186,33.56
2018-05-21,-0.079261,30.9
2018-05-22,0.032039,31.89
2018-05-23,-0.021637,31.2
2018-05-24,0.017949,31.76
2018-05-25,-0.012594,31.36
2018-05-29,-0.03412,30.29
2018-05-30,0.010234,30.6
2018-05-31,-0.000654,30.58
2018-06-01,0.005886,30.76
2018-06-04,0.007802,31.0
2018-06-05,-0.000968,30.97
2018-06-06,0.021957,31.65
2018-06-07,-0.000948,31.62
2018-06-08,0.006009,31.81
2018-06-11,-0.01226,31.42
2018-06-12,-0.004456,31.28
2018-06-13,-0.004156,31.15
2018-06-14,-0.009952,30.84
2018-06-15,-0.005512,30.67
2018-06-18,0.0,30.67
2018-06-19,-0.003261,30.57
2018-06-20,0.00458,30.71
2018-06-21,-0.002605,30.63
2018-06-22,-0.017303,30.1
2018-06-25,-0.001329,30.06
2018-06-26,-0.015303,29.6
2018-06-27,-0.022635,28.93
2018-06-28,-0.000346,28.74
2018-06-29,-0.001392,28.7
2018-07-02,0.01324,29.08
2018-07-03,-0.005846,28.91
2018-07-05,-0.003113,28.82
2018-07-06,0.011103,29.14
2018-07-09,0.02814,29.96
2018-07-10,-0.008678,29.7
2018-07-11,-0.004377,29.57
2018-07-12,-0.005411,29.41
2018-07-13,-0.010881,29.09
2018-07-16,0.012719,29.46
2018-07-17,0.002037,29.52
2018-07-18,0.02439,30.24
2018-07-19,-0.063823,28.31
2018-07-20,0.006358,28.49
2018-07-23,0.02457,29.19
2018-07-24,0.004796,29.33
2018-07-25,-0.002046,29.27
2018-07-26,0.009566,29.55
2018-07-27,-0.001354,29.51
2018-07-30,0.008133,29.75
2018-07-31,-0.005378,29.59
2018-08-01,0.006421,29.78
2018-08-02,0.007723,30.01
2018-08-03,-0.009997,29.71
2018-08-06,-0.005049,29.56
2018-08-07,0.002706,29.64
2018-08-08,0.007085,29.85
2018-08-09,-0.011055,29.52
2018-08-10,-0.006098,29.34
2018-08-13,-0.007158,29.13
2018-08-14,0.016821,29.62
2018-08-15,-0.015193,29.17
2018-08-16,0.022969,29.84
2018-08-17,-0.005027,29.69
2018-08-20,0.004715,29.83
2018-08-21,0.008046,30.07
2018-08-22,-0.010642,29.75
2018-08-23,-0.009076,29.48
2018-08-24,-0.001018,29.45
2018-08-27,0.009847,29.74
2018-08-28,-0.001009,29.71
2018-08-29,-0.006395,29.52
2018-08-30,-0.00813,29.28
2018-08-31,0.005123,29.43
2018-09-04,0.010534,29.74
2018-09-05,-0.002017,29.68
2018-09-06,-0.006065,29.5
2018-09-07,-0.000339,29.49
2018-09-10,-0.002374,29.42
2018-09-11,-0.00102,29.39
2018-09-12,-0.017693,28.87
2018-09-13,-0.003464,28.77
2018-09-14,0.00869,29.02
2018-09-17,-0.010338,28.72
2018-09-18,0.004527,28.85
2018-09-19,0.023224,29.52
2018-09-20,0.009146,29.79
2018-09-21,-0.009735,29.5
2018-09-24,-0.01661,29.01
2018-09-25,-0.001034,28.98
2018-09-26,-0.018288,28.45
2018-09-27,-0.011599,27.94
2018-09-28,-0.000716,27.92
2018-10-01,-0.004298,27.8
2018-10-02,0.004676,27.93
2018-10-03,0.02005,28.49
2018-10-04,0.000351,28.5
2018-10-05,-0.00807,28.27
2018-10-08,0.014149,28.67
2018-10-09,-0.007325,28.46
2018-10-10,-0.017569,27.96
2018-10-11,-0.026109,27.23
2018-10-12,-0.014322,26.84
2018-10-15,-0.004844,26.71
2018-10-16,0.004867,26.84
2018-10-17,0.007079,27.03
2018-10-18,-0.022938,26.41
2018-10-19,-0.003029,26.33
2018-10-22,-0.036081,25.38
2018-10-23,0.024429,26.0
2018-10-24,-0.039615,24.97
2018-10-25,0.036043,25.87
2018-10-26,-0.000387,25.86
2018-10-29,0.029776,26.63
2018-10-30,0.008637,26.86
2018-10-31,0.00484,26.99
2018-11-01,0.004076,27.1
2018-11-02,0.009594,27.36
2018-11-05,0.007675,27.57
2018-11-06,0.014871,27.98
2018-11-07,-0.007863,27.76
2018-11-08,-0.00072,27.74
2018-11-09,0.007931,27.96
2018-11-12,-0.011445,27.64
2018-11-13,0.001809,27.69
2018-11-14,-0.021669,27.09
2018-11-15,0.018826,27.6
2018-11-16,-0.007609,27.39
2018-11-19,-0.00073,27.37
2018-11-20,-0.017172,26.9
2018-11-21,-0.003717,26.8
2018-11-23,-0.003358,26.71
2018-11-26,0.020592,27.26
2018-11-27,-0.007337,27.06
2018-11-28,0.013304,27.42
2018-11-29,0.004376,27.54
2018-11-30,0.014161,27.93
2018-12-03,-0.00179,27.88
2018-12-04,-0.064562,26.08
2018-12-06,-0.004601,25.96
2018-12-07,-0.014253,25.59
2018-12-10,-0.028527,24.86
2018-12-11,-0.010861,24.59
2018-12-12,0.01098,24.86
2018-12-13,-0.023331,24.28
2018-12-14,-0.024712,23.68
2018-12-17,0.002534,23.74
2018-12-18,-0.013479,23.42
2018-12-19,-0.026473,22.8
2018-12-20,0.010526,23.04
2018-12-21,-0.013455,22.73
2018-12-24,-0.016278,22.36
2018-12-26,0.052326,23.53
2018-12-27,0.000425,23.54
2018-12-28,0.002124,23.37
2018-12-31,0.006846,23.53
2019-01-02,0.028474,24.2
2019-01-03,-0.000826,24.18
2019-01-04,0.023987,24.76
2019-01-07,0.005654,24.9
2019-01-08,0.005221,25.03
2019-01-09,0.000799,25.05
2019-01-10,-0.00519,24.92
2019-01-11,0.005618,25.06
2019-01-14,0.01237,25.37
2019-01-15,0.003547,25.46
2019-01-16,0.031422,26.26
2019-01-17,0.005712,26.41
2019-01-18,0.02234,27.0
2019-01-22,0.020741,27.56
2019-01-23,0.000363,27.57
2019-01-24,0.002902,27.65
2019-01-25,0.004702,27.78
2019-01-28,-0.0036,27.68
2019-01-29,-0.009032,27.43
2019-01-30,-0.014218,27.04
2019-01-31,-0.008136,26.82
2019-02-01,0.001864,26.87
2019-02-04,0.010048,27.14
2019-02-05,-0.009212,26.89
2019-02-06,-0.006322,26.72
2019-02-07,0.002246,26.78
2019-02-08,-0.01307,26.43
2019-02-11,0.00681,26.61
2019-02-12,0.017287,27.07
2019-02-13,-0.011082,26.77
2019-02-14,-0.009339,26.52
2019-02-15,0.02451,27.17
2019-02-19,0.012514,27.51
2019-02-20,0.015267,27.93
2019-02-21,-0.006803,27.74
2019-02-22,0.003244,27.83
2019-02-25,-0.004671,27.7
2019-02-26,-0.008664,27.46
2019-02-27,0.012746,27.81
2019-02-28,-0.00827,27.58
2019-03-01,-0.000363,27.57
2019-03-04,-0.007254,27.37
2019-03-05,0.001096,27.4
2019-03-06,-0.021533,26.81
2019-03-07,-0.007833,26.6
2019-03-08,0.002632,26.67
2019-03-11,0.014998,27.07
2019-03-12,0.029184,27.86
2019-03-13,0.004307,27.98
2019-03-14,0.015368,28.41
2019-03-15,-0.003168,28.32
2019-03-18,0.015537,28.76
2019-03-19,-0.032684,27.82
2019-03-20,-0.048886,26.46
2019-03-21,-0.037037,25.48
2019-03-22,-0.033752,24.62
2019-03-25,-0.008124,24.42
2019-03-26,0.022932,24.98
2019-03-27,-0.001201,24.95
2019-03-28,0.026854,25.4
2019-03-29,-0.007087,25.22
2019-04-01,0.040841,26.25
2019-04-02,-0.001143,26.22
2019-04-03,0.001526,26.26
2019-04-04,0.01866,26.75
2019-04-05,-0.002243,26.69
2019-04-08,0.006744,26.87
2019-04-09,-0.016375,26.43
2019-04-10,0.010972,26.72
2019-04-11,0.009356,26.97
2019-04-12,0.025584,27.66
2019-04-15,-0.019161,27.13
2019-04-16,0.022116,27.73
2019-04-17,-0.000721,27.71
2019-04-18,-0.007578,27.5
2019-04-22,0.002182,27.56
2019-04-23,0.028665,28.35
2019-04-24,-0.002469,28.28
2019-04-25,-0.000707,28.26
2019-04-26,0.004954,28.4
2019-04-29,0.012324,28.75
2019-04-30,0.002435,28.82
2019-05-01,-0.011103,28.5
2019-05-02,0.011579,28.83
2019-05-03,0.005203,28.98
2019-05-06,-0.006211,28.8
2019-05-07,-0.025,28.08
2019-05-08,-0.012108,27.74
2019-05-09,0.003244,27.83
2019-05-10,0.007187,28.03
2019-05-13,-0.033892,27.08
2019-05-14,0.011078,27.38
2019-05-15,-0.013879,27.0
2019-05-16,0.008889,27.24
2019-05-17,0.001468,27.28
2019-05-20,0.003299,27.37
2019-05-21,0.001827,27.42
2019-05-22,-0.002188,27.36
2019-05-23,-0.012427,27.02
2019-05-24,0.007772,27.23
2019-05-28,-0.006243,27.06
2019-05-29,0.007021,27.25
2019-05-30,-0.013211,26.89
2019-05-31,-0.014504,26.5
2019-06-03,0.002642,26.57
2019-06-04,0.028604,27.33
2019-06-05,-0.005854,27.17
2019-06-06,-0.002944,27.09
2019-06-07,-0.009598,26.83
2019-06-10,0.007082,27.02
2019-06-11,0.014434,27.41
2019-06-12,-0.010945,27.11
2019-06-13,0.003689,27.21
2019-06-14,0.006615,27.39
2019-06-17,-0.015334,26.97
2019-06-18,0.033741,27.88
2019-06-19,-0.021162,27.29
2019-06-20,0.000366,27.3
2019-06-21,0.002198,27.36
2019-06-24,-0.006579,27.18
2019-06-25,-0.003311,27.09
2019-06-26,0.006275,27.26
2019-06-27,0.009905,27.29
2019-06-28,0.022353,27.9
2019-07-01,0.015054,28.32
2019-07-02,-0.02154,27.71
2019-07-03,0.014074,28.1
2019-07-05,0.008897,28.35
2019-07-08,-0.010229,28.06
2019-07-09,0.007128,28.26
2019-07-10,-0.021939,27.64
2019-07-11,0.014834,28.05
2019-07-12,0.005348,28.2
2019-07-15,-0.01383,27.81
2019-07-16,0.001438,27.85
2019-07-17,-0.009695,27.58
2019-07-18,0.008339,27.81
2019-07-19,0.004675,27.94
2019-07-22,-0.004295,27.82
2019-07-23,0.051402,29.25
2019-07-24,0.014017,29.66
2019-07-25,-0.003372,29.56
2019-07-26,0.016238,30.04
2019-07-29,-0.008988,29.77
2019-07-30,0.003695,29.88
2019-07-31,-0.006359,29.69
2019-08-01,-0.044459,28.37
2019-08-02,-0.00564,28.21
2019-08-05,-0.043602,26.98
2019-08-06,0.010378,27.26
2019-08-07,-0.026412,26.54
2019-08-08,0.011304,26.84
2019-08-09,-0.003726,26.74
2019-08-12,-0.024682,26.08
2019-08-13,0.013804,26.44
2019-08-14,-0.035174,25.51
2019-08-15,-0.011368,25.22
2019-08-16,0.017843,25.67
2019-08-19,0.009739,25.92
2019-08-20,-0.019676,25.41
2019-08-21,0.00551,25.55
2019-08-22,0.009002,25.78
2019-08-23,-0.027153,25.08
2019-08-26,0.013158,25.41
2019-08-27,-0.004329,25.3
2019-08-28,0.018577,25.77
2019-08-29,0.020955,26.31
2019-08-30,0.005321,26.45
2019-09-03,-0.026843,25.74
2019-09-04,0.008159,25.95
2019-09-05,0.030829,26.75
2019-09-06,0.000374,26.76
2019-09-09,0.028774,27.53
2019-09-10,0.014166,27.92
2019-09-11,-0.004656,27.79
2019-09-12,0.008636,28.03
2019-09-13,0.012487,28.38
2019-09-16,0.004581,28.51
2019-09-17,-0.011575,28.18
2019-09-18,0.003904,28.29
2019-09-19,-0.012018,27.95
2019-09-20,-0.004293,27.83
2019-09-23,-0.003953,27.72
2019-09-24,-0.00974,27.45
2019-09-25,0.00765,27.66
2019-09-26,-0.009761,27.39
2019-09-27,0.012048,27.48
2019-09-30,-0.003639,27.38
2019-10-01,-0.033236,26.47
2019-10-02,-0.020023,25.94
2019-10-03,0.005397,26.08
2019-10-04,0.016104,26.5
2019-10-07,-0.007924,26.29
2019-10-08,-0.031951,25.45
2019-10-09,0.008055,25.655
2019-10-10,0.020464,26.18
2019-10-11,0.025592,26.85
2019-10-14,0.005214,26.99
2019-10-15,0.014265,27.375
2019-10-16,-0.007671,27.165
2019-10-17,-0.003129,27.08
2019-10-18,0.009232,27.33
2019-10-21,0.025247,28.02
2019-10-22,0.009993,28.3
2019-10-23,-0.00106,28.27
2019-10-24,-0.00283,28.19
2019-10-25,0.030507,29.05
2019-10-28,0.013425,29.44
2019-10-29,0.006454,29.63
2019-10-30,-0.011812,29.28
2019-10-31,-0.006831,29.08
2019-11-01,0.016506,29.56
2019-11-04,0.017591,30.08
2019-11-05,0.008976,30.35
2019-11-06,0.002636,30.43
2019-11-07,0.002629,30.51
2019-11-08,0.001639,30.56
2019-11-11,-0.014071,30.13
2019-11-12,-0.000664,30.11
2019-11-13,-0.009964,29.81
2019-11-14,-0.001006,29.78
2019-11-15,0.009738,30.07
2019-11-18,-0.007316,29.85
2019-11-19,0.00067,29.87
2019-11-20,-0.003683,29.76
2019-11-21,0.000672,29.78
2019-11-22,0.010746,30.1
2019-11-25,0.007641,30.33
2019-11-26,-0.003297,30.23
2019-11-27,0.001985,30.29
2019-11-29,-0.003301,30.19
2019-12-02,-0.00265,30.11
2019-12-03,-0.020591,29.49
2019-12-04,0.006104,29.67
2019-12-05,0.006741,29.87
2019-12-06,0.012722,30.25
2019-12-09,-0.000661,30.23
2019-12-10,0.006947,30.44
2019-12-11,-0.003285,30.34
2019-12-12,0.037904,31.49
2019-12-13,-0.016513,30.97
2019-12-16,-0.001614,30.92
2019-12-17,0.012613,31.31
2019-12-18,-0.003513,31.2
2019-12-19,-0.00641,31.0
2019-12-20,0.004839,31.15
2019-12-23,-0.006421,30.95
2019-12-24,0.000323,30.96
2019-12-26,0.005168,31.12
2019-12-27,-0.007069,30.9
2019-12-30,-0.00356,30.55
2019-12-31,0.006219,30.74
2020-01-02,0.009109,31.02
2020-01-03,-0.018698,30.44
2020-01-06,-0.008213,30.19
2020-01-07,-0.011262,29.85
2020-01-08,0.002345,29.92
2020-01-09,0.011029,30.25
2020-01-10,-0.016198,29.76
2020-01-13,0.00336,29.86
2020-01-14,-0.004019,29.74
2020-01-15,-0.023874,29.03
2020-01-16,0.012401,29.39
2020-01-17,0.002042,29.45
2020-01-21,-0.014601,29.02
2020-01-22,0.011027,29.34
2020-01-23,0.000682,29.36
2020-01-24,-0.017711,28.84
2020-01-27,-0.011789,28.5
2020-01-28,0.012632,28.86
2020-01-29,-0.013514,28.47
2020-01-30,0.02529,29.19
2020-01-31,-0.025351,28.45
2020-02-03,0.018629,28.98
2020-02-04,0.017253,29.48
2020-02-05,0.023745,30.18
2020-02-06,-0.01723,29.66
2020-02-07,-0.005732,29.49
2020-02-10,-0.003052,29.4
2020-02-11,0.003742,29.51
2020-02-12,0.004405,29.64
2020-02-13,0.00641,29.83
2020-02-14,-0.00771,29.6
2020-02-18,-0.012162,29.24
2020-02-19,0.013509,29.635
2020-02-20,0.00658,29.83
2020-02-21,-0.014415,29.4
2020-02-24,-0.037075,28.31
2020-02-25,-0.043801,27.07
2020-02-26,-0.015515,26.65
2020-02-27,-0.054784,25.19
2020-02-28,-0.031362,24.4
2020-03-02,0.054098,25.72
2020-03-03,-0.049767,24.44
2020-03-04,0.029869,25.17
2020-03-05,-0.059197,23.68
2020-03-06,-0.0625,22.2
2020-03-09,-0.175676,18.3
2020-03-10,0.052459,19.26
2020-03-11,-0.083074,17.66
2020-03-12,-0.09966,15.9
2020-03-13,0.108805,17.63
2020-03-16,-0.217811,13.79
2020-03-17,0.011603,13.95
2020-03-18,-0.163441,11.67
2020-03-19,0.119966,13.07
2020-03-20,-0.012242,12.91
2020-03-23,-0.058095,12.16
2020-03-24,0.185033,14.41
2020-03-25,0.028453,14.82
2020-03-26,0.168691,17.32
2020-03-27,-0.009815,17.15
2020-03-30,-0.059184,15.865
2020-03-31,-0.063977,14.85
2020-04-01,-0.093939,13.455
2020-04-02,0.061316,14.28
2020-04-03,-0.058824,13.44
2020-04-06,0.151042,15.47
2020-04-07,0.02521,15.86
2020-04-08,0.052333,16.69
2020-04-09,0.067705,17.82
2020-04-13,-0.025253,17.37
2020-04-14,-0.012666,17.15
2020-04-15,-0.082799,15.73
2020-04-16,-0.06103,14.77
2020-04-17,0.125931,16.63
2020-04-20,0.003007,16.68
2020-04-21,-0.02518,16.26
2020-04-22,0.01476,16.5
2020-04-23,0.021818,16.86
2020-04-24,0.015421,17.12
2020-04-27,0.071846,18.35
2020-04-28,0.012534,18.58
2020-04-29,0.059742,19.69
2020-04-30,-0.050787,18.69
2020-05-01,-0.049224,17.77
2020-05-04,-0.007316,17.64
2020-05-05,-0.015306,17.37
2020-05-06,-0.033967,16.78
2020-05-07,0.032777,17.33
2020-05-08,0.044143,18.095
2020-05-11,-0.050014,17.19
2020-05-12,-0.052356,16.29
2020-05-13,-0.036219,15.7
2020-05-14,0.040127,16.33
2020-05-15,-0.01286,16.12
2020-05-18,0.108561,17.87
2020-05-19,-0.047006,17.03
2020-05-20,0.039342,17.7
2020-05-21,-0.014124,17.45
2020-05-22,0.009169,17.61
2020-05-26,0.089722,19.19
2020-05-27,0.092757,20.97
2020-05-28,-0.040057,20.13
2020-05-29,-0.036761,19.39
2020-06-01,0.022176,19.82
2020-06-02,0.019677,20.21
2020-06-03,0.056903,21.36
2020-06-04,0.062968,22.705
2020-06-05,0.034574,23.49
2020-06-08,0.054491,24.77
2020-06-09,-0.027856,24.08
2020-06-10,-0.069768,22.4
2020-06-11,-0.118304,19.75
2020-06-12,0.053418,20.805
2020-06-15,0.031483,21.46
2020-06-16,0.027027,22.04
2020-06-17,-0.025408,21.48
2020-06-18,0.005121,21.59
2020-06-19,-0.037054,20.79
2020-06-22,0.011063,21.02
2020-06-23,0.002854,21.08
2020-06-24,-0.056452,19.89
2020-06-25,0.030669,20.5
2020-06-26,-0.084878,18.76
2020-06-29,0.013326,18.74
2020-06-30,0.028815,19.28
2020-07-01,-0.043828,18.435
2020-07-02,0.007323,18.57
2020-07-06,0.015617,18.86
2020-07-07,-0.042418,18.06
2020-07-08,0.00443,18.14
2020-07-09,-0.041345,17.39
2020-07-10,0.057504,18.39
2020-07-13,0.016857,18.7
2020-07-14,-0.029679,18.145
2020-07-15,0.056489,19.17
2020-07-16,-0.000522,19.16
2020-07-17,-0.020877,18.76
2020-07-20,-0.016525,18.45
2020-07-21,0.049323,19.36
2020-07-22,0.003099,19.42
2020-07-23,-0.000772,19.405
2020-07-24,0.006957,19.54
2020-07-27,-0.006141,19.42
2020-07-28,-0.007724,19.27
2020-07-29,0.037883,20.0
2020-07-30,-0.0155,19.69
2020-07-31,0.008634,19.86
2020-08-03,-0.011078,19.64
2020-08-04,-0.007637,19.49
2020-08-05,0.019497,19.87
2020-08-06,-0.004781,19.775
2020-08-07,0.034134,20.45
2020-08-10,0.028362,21.03
2020-08-11,0.021398,21.48
2020-08-12,-0.00838,21.3
2020-08-13,-0.026291,20.74
2020-08-14,0.010608,20.96
2020-08-17,-0.01145,20.72
2020-08-18,-0.030888,20.08
2020-08-19,0.003984,20.16
2020-08-20,-0.018849,19.78
2020-08-21,-0.011122,19.56
2020-08-24,0.048057,20.5
2020-08-25,0.010244,20.71
2020-08-26,-0.019314,20.31
2020-08-27,0.031019,20.94
2020-08-28,0.008118,21.11
2020-08-31,-0.021317,20.66
2020-09-01,0.009197,20.85
2020-09-02,0.020863,21.285
2020-09-03,-0.008222,21.11
2020-09-04,0.024633,21.63
2020-09-08,-0.029126,21.0
2020-09-09,0.005714,21.12
2020-09-10,-0.023201,20.63
2020-09-11,0.020116,21.045
2020-09-14,0.057496,22.255
2020-09-15,-0.017299,21.87
2020-09-16,0.008002,22.045
2020-09-17,-0.007938,21.87
2020-09-18,-0.005944,21.74
2020-09-21,-0.040708,20.855
2020-09-22,-0.035723,20.11
2020-09-23,-0.02735,19.56
2020-09-24,0.002556,19.61
2020-09-25,0.043855,20.47
2020-09-28,0.042501,21.34
2020-09-29,-0.016401,20.99
2020-09-30,0.015722,21.32
2020-10-01,-0.000938,21.03
2020-10-02,0.040894,21.89
2020-10-05,0.039287,22.75
2020-10-06,-0.01011,22.52
2020-10-07,0.035968,23.33
2020-10-08,0.016288,23.71
2020-10-09,-0.013918,23.38
2020-10-12,0.005988,23.52
2020-10-13,-0.017007,23.12
2020-10-14,-0.016869,22.73
2020-10-15,0.029477,23.4
2020-10-16,-0.005983,23.26
2020-10-19,-0.009243,23.045
2020-10-20,0.030592,23.75
2020-10-21,-0.010526,23.5
2020-10-22,0.019787,23.965
2020-10-23,0.018986,24.42
2020-10-26,-0.039722,23.45
2020-10-27,-0.023241,22.905
2020-10-28,-0.020301,22.44
2020-10-29,0.029412,23.1
2020-10-30,0.005195,23.22
2020-11-02,0.038329,24.11
2020-11-03,0.016591,24.51
2020-11-04,-0.057528,23.1
2020-11-05,0.038961,24.0
2020-11-06,-0.032917,23.21
2020-11-09,0.144334,26.56
2020-11-10,-0.008471,26.335
2020-11-11,-0.023353,25.72
2020-11-12,-0.033437,24.86
2020-11-13,0.021319,25.39
2020-11-16,0.033872,26.25
2020-11-17,-0.007619,26.05
2020-11-18,-0.013436,25.7
2020-11-19,0.007004,25.88
2020-11-20,-0.022798,25.29
2020-11-23,0.02847,26.01
2020-11-24,0.048058,27.26
2020-11-25,-0.021277,26.68
2020-11-27,-0.014993,26.28
2020-11-30,-0.035769,25.34
2020-12-01,0.033939,26.2
2020-12-02,0.014886,26.59
2020-12-03,0.009026,26.83
2020-12-04,0.021245,27.4
2020-12-07,-0.00073,27.38
2020-12-08,-0.004383,27.26
2020-12-09,0.017241,27.73
2020-12-10,0.001803,27.78
2020-12-11,-0.015839,27.34
2020-12-14,-0.026335,26.62
2020-12-15,0.017656,27.09
2020-12-16,0.005906,27.25
2020-12-17,-0.004404,27.13
2020-12-18,-0.01843,26.63
2020-12-21,0.02009,27.165
2020-12-22,-0.008651,26.93
2020-12-23,0.029707,27.73
2020-12-24,-0.005409,27.58
2020-12-28,-0.001813,27.53
2020-12-29,-0.009081,27.28
2020-12-30,0.009897,27.28
2020-12-31,0.010631,27.57
2021-01-04,-0.012332,27.23
2021-01-05,0.013955,27.61
2021-01-06,0.09598,30.26
2021-01-07,0.038995,31.44
2021-01-08,-0.00827,31.18
2021-01-11,0.006414,31.38
2021-01-12,0.014022,31.82
2021-01-13,-0.003771,31.7
2021-01-14,0.026498,32.54
2021-01-15,-0.020744,31.865
2021-01-19,0.006433,32.07
2021-01-20,-0.023075,31.33
2021-01-21,-0.020747,30.68
2021-01-22,0.007171,30.9
2021-01-25,-0.016181,30.4
2021-01-26,-0.021382,29.75
2021-01-27,-0.044034,28.44
2021-01-28,0.040788,29.6
2021-01-29,-0.022635,28.93
2021-02-01,0.019357,29.49
2021-02-02,0.028145,30.32
2021-02-03,0.023417,31.03
2021-02-04,0.034161,32.09
2021-02-05,0.000156,32.095
2021-02-08,0.0148,32.57
2021-02-09,-0.001228,32.53
2021-02-10,0.002459,32.61
2021-02-11,-0.01104,32.25
2021-02-12,0.008062,32.51
2021-02-16,0.02953,33.47
2021-02-17,0.001793,33.53
2021-02-18,-0.009245,33.22
2021-02-19,0.039735,34.54
2021-02-22,0.009844,34.88
2021-02-23,0.005734,35.08
2021-02-24,0.033352,36.25
2021-02-25,-0.026207,35.3
2021-02-26,-0.017281,34.69
2021-03-01,0.037763,36.0
2021-03-02,0.004167,36.15
2021-03-03,-0.006639,35.91
2021-03-04,-0.009747,35.56
2021-03-05,0.034027,36.77
2021-03-08,0.02638,37.74
2021-03-09,-0.027425,36.705
2021-03-10,0.035826,38.02
2021-03-11,-0.000263,38.01
2021-03-12,0.028414,39.09
2021-03-15,-0.01714,38.42
2021-03-16,-0.014055,37.88
2021-03-17,0.018479,38.58
2021-03-18,0.011146,39.01
2021-03-19,-0.017944,38.31
2021-03-22,-0.028452,37.22
2021-03-23,-0.023643,36.34
2021-03-24,-0.001651,36.28
2021-03-25,0.039967,37.73
2021-03-26,0.018818,38.44
2021-03-29,-0.032778,37.18
2021-03-30,0.032544,38.12
2021-03-31,-0.017576,37.45
2021-04-01,0.014152,37.98
2021-04-05,0.006582,38.23
2021-04-06,0.002616,38.33
2021-04-07,0.001826,38.4
2021-04-08,-0.006771,38.14
2021-04-09,0.007866,38.44
2021-04-12,0.010666,38.85
2021-04-13,-0.016216,38.22
2021-04-14,0.008634,38.55
2021-04-15,-0.013489,38.03
2021-04-16,0.00447,38.2
2021-04-19,-0.008639,37.87
2021-04-20,-0.037761,36.44
2021-04-21,0.025247,37.36
2021-04-22,-0.013383,36.86
2021-04-23,0.040152,38.34
2021-04-26,0.011476,38.78
2021-04-27,0.01212,39.25
2021-04-28,0.014013,39.8
2021-04-29,0.022864,40.71
2021-04-30,-0.004176,40.54
2021-05-03,-0.001727,40.47
2021-05-04,0.021003,41.32
2021-05-05,0.005566,41.55
2021-05-06,0.008905,41.92
2021-05-07,0.010258,42.35
2021-05-10,-0.002597,42.24
2021-05-11,-0.014441,41.63
2021-05-12,-0.016575,40.94
2021-05-13,0.025403,41.98
2021-05-14,0.015722,42.64
2021-05-17,0.006098,42.9
2021-05-18,-0.020746,42.01
2021-05-19,-0.007617,41.69
2021-05-20,-0.003838,41.53
2021-05-21,0.009391,41.92
2021-05-24,-0.001193,41.87
2021-05-25,-0.014569,41.26
2021-05-26,0.009937,41.67
2021-05-27,0.012959,42.21
2021-05-28,-0.001658,42.14
2021-06-01,0.004983,42.35
2021-06-02,-0.004486,42.16
2021-06-03,0.001186,42.21
2021-06-04,-0.004027,42.04
2021-06-07,-0.001189,41.99
2021-06-08,-0.007383,41.68
2021-06-09,-0.012716,41.15
2021-06-10,-0.018226,40.4
2021-06-11,0.004208,40.57
2021-06-14,-0.025388,39.54
2021-06-15,0.013151,40.06
2021-06-16,0.012232,40.55
2021-06-17,-0.062146,38.03
2021-06-18,-0.02945,36.91
2021-06-21,0.023842,37.79
2021-06-22,0.004234,37.95
2021-06-23,-0.000791,37.92
2021-06-24,0.017669,38.59
2021-06-25,0.023581,39.5
2021-06-28,-0.02076,38.68
2021-06-29,-0.008273,38.09
2021-06-30,0.003675,38.23
2021-07-01,0.01334,38.74
2021-07-02,-0.007744,38.44
2021-07-06,-0.029136,37.32
2021-07-07,-0.006699,37.07
2021-07-08,-0.014028,36.55
2021-07-09,0.041861,38.08
2021-07-12,0.008141,38.39
2021-07-13,-0.02136,37.57
2021-07-14,-0.005057,37.38
2021-07-15,0.010433,37.77
2021-07-16,-0.036272,36.4
2021-07-19,-0.048626,34.63
2021-07-20,0.038406,35.96
2021-07-21,0.025584,36.88
2021-07-22,-0.023319,36.02
2021-07-23,-0.006663,35.78
2021-07-26,0.015092,36.32
2021-07-27,0.001652,36.38
2021-07-28,0.001924,36.45
2021-07-29,0.005213,36.64
2021-07-30,-0.009552,36.29
2021-08-02,-0.005787,36.08
2021-08-03,0.021064,36.84
2021-08-04,-0.012758,36.37
2021-08-05,0.016772,36.98
2021-08-06,0.020281,37.73
2021-08-09,-0.004506,37.56
2021-08-10,0.015974,38.16
2021-08-11,0.013889,38.69
2021-08-12,0.004911,38.88
2021-08-13,-0.010288,38.48
2021-08-16,-0.007017,38.21
2021-08-17,-0.013347,37.7
2021-08-18,-0.00504,37.51
2021-08-19,-0.003732,37.37
2021-08-20,0.00669,37.62
2021-08-23,0.011164,38.04
2021-08-24,0.010515,38.44
2021-08-25,0.022112,39.29
2021-08-26,-0.012471,38.8
2021-08-27,0.01701,39.46
2021-08-30,-0.021034,38.63
2021-08-31,0.005954,38.86
2021-09-01,-0.010036,38.47
2021-09-02,0.005719,38.69
2021-09-03,-0.004652,38.51
2021-09-07,0.001298,38.56
2021-09-08,-0.003631,38.42
2021-09-09,0.009891,38.8
2021-09-10,-0.003608,38.66
2021-09-13,0.023797,39.58
2021-09-14,-0.015159,38.98
2021-09-15,0.033094,40.27
2021-09-16,0.003228,40.4
2021-09-17,-0.006931,40.12
2021-09-20,-0.039382,38.54
2021-09-21,-0.008044,38.23
2021-09-22,0.021449,39.05
2021-09-23,0.04379,40.76
2021-09-24,0.0184,41.51
2021-09-27,0.050349,43.6
2021-09-28,-0.000688,43.57
2021-09-29,0.001607,43.34
2021-09-30,-0.020766,42.44
2021-10-01,0.028747,43.66
2021-10-04,-0.003436,43.51
2021-10-05,0.010572,43.97
2021-10-06,-0.005231,43.74
2021-10-07,0.002515,43.85
2021-10-08,0.002281,43.95
2021-10-11,-0.010466,43.49
2021-10-12,-0.004599,43.29
2021-10-13,-0.013398,42.71
2021-10-14,0.015921,43.39
2021-10-15,0.00484,43.6
2021-10-18,0.010321,44.05
2021-10-19,-0.002724,43.93
2021-10-20,0.037787,45.59
2021-10-21,-0.011187,45.08
2021-10-22,0.009095,45.49
2021-10-25,0.001978,45.58
2021-10-26,-0.017332,44.79
2021-10-27,-0.034606,43.24
2021-10-28,0.017345,43.99
2021-10-29,-0.010457,43.53
2021-11-01,0.021594,44.47
2021-11-02,-0.010569,44.0
2021-11-03,0.015909,44.7
2021-11-04,-0.016107,43.98
2021-11-05,0.002274,44.08
2021-11-08,0.004083,44.26
2021-11-09,-0.003841,44.09
2021-11-10,-0.001361,44.03
2021-11-11,0.006132,44.3
2021-11-12,-0.002032,44.21
2021-11-15,0.009274,44.62
2021-11-16,0.004706,44.83
2021-11-17,-0.014053,44.2
2021-11-18,-0.001358,44.14
2021-11-19,-0.013367,43.55
2021-11-22,0.014007,44.16
2021-11-23,0.015399,44.84
2021-11-24,-0.005352,44.6
2021-11-26,-0.047534,42.48
2021-11-29,0.012006,42.99
2021-11-30,-0.019539,42.15
2021-12-01,-0.009727,41.74
2021-12-02,0.052707,43.94
2021-12-03,-0.020255,43.05
2021-12-06,0.012311,43.58
2021-12-07,0.011473,44.08
2021-12-08,-0.002722,43.96
2021-12-09,-0.004777,43.75
2021-12-10,0.000229,43.76
2021-12-13,-0.031079,42.4
2021-12-14,0.016981,43.12
2021-12-15,0.006957,43.42
2021-12-16,0.002533,43.53
2021-12-17,-0.029175,42.26
2021-12-20,-0.025556,41.18
2021-12-21,0.032297,42.51
2021-12-22,0.00447,42.7
2021-12-23,0.008665,43.07
2021-12-27,0.014627,43.7
2021-12-28,0.001831,43.78
2021-12-29,0.002741,43.9
2021-12-30,0.0,43.6
2021-12-31,-0.001147,43.55
2022-01-03,0.025718,44.67
2022-01-04,0.042534,46.57
2022-01-05,-0.003006,46.43
2022-01-06,0.041783,48.37
2022-01-07,0.00889,48.8
2022-01-10,0.0,48.8
2022-01-11,0.005123,49.05
2022-01-12,0.003058,49.2
2022-01-13,0.006911,49.54
2022-01-14,0.018369,50.45
2022-01-18,-0.016452,49.62
2022-01-19,-0.033253,47.97
2022-01-20,-0.028143,46.62
2022-01-21,-0.033891,45.04
2022-01-24,0.009769,45.48
2022-01-25,-0.012313,44.92
2022-01-26,-0.002671,44.8
2022-01-27,-0.012723,44.23
2022-01-28,0.005426,44.47
2022-01-31,0.003598,44.63
2022-02-01,0.029352,45.94
2022-02-02,0.01589,46.67
2022-02-03,-0.010499,46.18
2022-02-04,0.025119,47.34
2022-02-07,0.020701,48.32
2022-02-08,0.024421,49.5
2022-02-09,-0.006263,49.19
2022-02-10,-0.001423,49.12
2022-02-11,-0.011808,48.54
2022-02-14,-0.006387,48.23
2022-02-15,0.023844,49.38
2022-02-16,0.002633,49.51
2022-02-17,-0.026661,48.19
2022-02-18,0.00083,48.23
2022-02-22,0.002073,48.33
2022-02-23,-0.024002,47.17
2022-02-24,-0.029892,45.76
2022-02-25,0.050918,48.09
2022-02-28,-0.005199,47.84
2022-03-01,-0.070652,44.46
2022-03-02,0.036212,46.07
2022-03-03,0.004992,46.3
2022-03-04,-0.037797,44.55
2022-03-07,-0.057688,41.98
2022-03-08,-0.000476,41.96
2022-03-09,0.066254,44.74
2022-03-10,-0.005811,44.48
2022-03-11,-0.010791,44.0
2022-03-14,0.042045,45.85
2022-03-15,-0.001309,45.79
2022-03-16,0.037344,47.5
2022-03-17,-0.01579,46.75
2022-03-18,-0.001283,46.69
2022-03-21,-0.004712,46.47
2022-03-22,0.020228,47.41
2022-03-23,-0.03649,45.68
2022-03-24,0.003722,45.85
2022-03-25,0.019847,46.76
2022-03-28,-0.02053,45.8
2022-03-29,0.007424,46.14
2022-03-30,-0.03381,44.28
2022-03-31,-0.028004,43.04
2022-04-01,-0.02881,41.8
2022-04-04,-0.00311,41.67
2022-04-05,-0.010559,41.23
2022-04-06,-0.006064,40.98
2022-04-07,-0.013177,40.44
2022-04-08,0.00272,40.55
2022-04-11,-0.00148,40.49
2022-04-12,-0.02124,39.63
2022-04-13,-0.003028,39.51
2022-04-14,-0.012655,39.01
2022-04-18,0.001538,39.07
2022-04-19,0.044024,40.79
2022-04-20,-0.002942,40.67
2022-04-21,-0.025572,39.63
2022-04-22,-0.03028,38.43
2022-04-25,0.009628,38.8
2022-04-26,-0.027062,37.75
2022-04-27,0.011656,38.19
2022-04-28,0.020162,38.96
2022-04-29,-0.036704,37.53
2022-05-02,0.005596,37.74
2022-05-03,0.015103,38.31
2022-05-04,0.030801,39.49
2022-05-05,-0.038238,37.98
2022-05-06,-0.012375,37.51
2022-05-09,-0.018928,36.8
2022-05-10,-0.005978,36.58
2022-05-11,-0.019683,35.86
2022-05-12,-0.002231,35.78
2022-05-13,0.00531,35.97
2022-05-16,-0.007784,35.69
2022-05-17,0.041748,37.18
2022-05-18,-0.030393,36.05
2022-05-19,-0.011096,35.65
2022-05-20,-0.000281,35.64
2022-05-23,0.032828,36.81
2022-05-24,-0.005433,36.61
2022-05-25,0.022671,37.44
2022-05-26,0.03125,38.61
2022-05-27,0.01295,39.11
2022-05-31,0.008182,39.43
2022-06-01,-0.017499,38.74
2022-06-02,0.014972,39.32
2022-06-03,-0.010173,38.92
2022-06-06,0.013618,39.45
2022-06-07,0.002788,39.56
2022-06-08,-0.017189,38.88
2022-06-09,-0.033951,37.56
2022-06-10,-0.050053,35.68
2022-06-13,-0.034753,34.44
2022-06-14,0.004065,34.58
2022-06-15,0.004338,34.73
2022-06-16,-0.042614,33.25
2022-06-17,0.022556,34.0
2022-06-21,0.010882,34.37
2022-06-22,0.002619,34.46
2022-06-23,-0.027568,33.51
2022-06-24,0.05103,35.22
2022-06-27,-0.009938,34.87
2022-06-28,-0.00086,34.84
2022-06-29,-0.009472,34.21
2022-06-30,-0.017831,33.6
2022-07-01,0.007143,33.84
2022-07-05,-0.004137,33.7
2022-07-06,-0.012463,33.28
2022-07-07,0.019231,33.92
2022-07-08,-0.001769,33.86
2022-07-11,-0.009451,33.54
2022-07-12,-0.000298,33.53
2022-07-13,-0.014614,33.04
2022-07-14,-0.025121,32.21
2022-07-15,0.047501,33.74
2022-07-18,0.000889,33.77
2022-07-19,0.026651,34.67
2022-07-20,0.000577,34.69
2022-07-21,-0.012684,34.25
2022-07-22,-0.018102,33.63
2022-07-25,0.017246,34.21
2022-07-26,-0.030985,33.15
2022-07-27,0.017798,33.74
2022-07-28,-0.009188,33.43
2022-07-29,0.02064,34.12
2022-08-01,0.000293,34.13
2022-08-02,-0.012892,33.69
2022-08-03,0.018403,34.31
2022-08-04,-0.015156,33.79
2022-08-05,0.026043,34.67
2022-08-08,-0.005192,34.49
2022-08-09,0.006669,34.72
2022-08-10,0.041475,36.16
2022-08-11,0.025443,37.08
2022-08-12,0.011057,37.49
2022-08-15,-0.006935,37.23
2022-08-16,0.010475,37.62
2022-08-17,-0.010367,37.23
2022-08-18,0.002149,37.31
2022-08-19,-0.020638,36.54
2022-08-22,-0.028462,35.5
2022-08-23,0.00338,35.62
2022-08-24,0.0,35.62
2022-08-25,0.017406,36.24
2022-08-26,-0.035596,34.95
2022-08-29,-0.014878,34.43
2022-08-30,-0.001743,34.37
2022-08-31,-0.006401,34.15
2022-09-01,-0.009078,33.84
2022-09-02,-0.005024,33.67
2022-09-06,-0.01188,33.27
2022-09-07,0.023144,34.04
2022-09-08,0.037603,35.32
2022-09-09,0.011891,35.74
2022-09-12,0.021824,36.52
2022-09-13,-0.042169,34.98
2022-09-14,0.0,34.98
2022-09-15,0.02287,35.78
2022-09-16,-0.020961,35.03
2022-09-19,0.011704,35.44
2022-09-20,-0.008465,35.14
2022-09-21,-0.025043,34.26
2022-09-22,-0.030648,33.21
2022-09-23,-0.012346,32.8
2022-09-26,-0.021646,32.09
2022-09-27,-0.016204,31.57
2022-09-28,0.030725,32.54
2022-09-29,-0.004917,32.05
2022-09-30,-0.002808,31.96
2022-10-03,0.027222,32.83
2022-10-04,0.044776,34.3
2022-10-05,-0.005831,34.1
2022-10-06,-0.016716,33.53
2022-10-07,-0.012824,33.1
2022-10-10,-0.003625,32.98
2022-10-11,-0.01698,32.42
2022-10-12,-0.006169,32.22
2022-10-13,0.066108,34.35
2022-10-14,-0.011354,33.96
2022-10-17,0.022674,34.73
2022-10-18,0.003743,34.86
2022-10-19,-0.045898,33.26
2022-10-20,-0.06344,31.15
2022-10-21,0.060032,33.02
2022-10-24,0.040884,34.37
2022-10-25,0.028513,35.35
2022-10-26,0.004526,35.51
2022-10-27,-0.004506,35.35
2022-10-28,0.017822,35.98
2022-10-31,-0.00806,35.69
2022-11-01,0.003082,35.8
2022-11-02,-0.030447,34.71
2022-11-03,-0.022184,33.94
2022-11-04,0.035062,35.13
2022-11-07,-0.002562,35.04
2022-11-08,0.001998,35.11
2022-11-09,-0.017944,34.48
2022-11-10,0.052494,36.29
2022-11-11,0.015431,36.85
2022-11-14,-0.02171,36.05
2022-11-15,0.011096,36.45
2022-11-16,-0.018107,35.79
2022-11-17,-0.012853,35.33
2022-11-18,0.008491,35.63
2022-11-21,0.005052,35.81
2022-11-22,0.014521,36.33
2022-11-23,0.0,36.33
2022-11-25,0.004129,36.48
2022-11-28,-0.024397,35.59
2022-11-29,0.01152,36.0
2022-11-30,0.01,36.36
2022-12-01,-0.016227,35.77
2022-12-02,-0.014537,35.25
2022-12-05,-0.065248,32.95
2022-12-06,-0.021548,32.24
2022-12-07,0.022643,32.97
2022-12-08,-0.00455,32.82
2022-12-09,0.002133,32.89
2022-12-12,0.011554,33.27
2022-12-13,-0.009919,32.94
2022-12-14,-0.019733,32.29
2022-12-15,-0.011149,31.93
2022-12-16,-0.010335,31.6
2022-12-19,0.001582,31.65
2022-12-20,0.001264,31.69
2022-12-21,0.009467,31.99
2022-12-22,0.004376,32.13
2022-12-23,0.008715,32.41
2022-12-27,0.012033,32.8
2022-12-28,-0.002439,32.72
2022-12-29,0.012836,32.81
2022-12-30,0.0,32.81
2023-01-03,-0.005181,32.64
2023-01-04,0.025123,33.46
2023-01-05,-0.009862,33.13
2023-01-06,0.040447,34.47
2023-01-09,-0.007253,34.22
2023-01-10,0.007013,34.46
2023-01-11,-0.004063,34.32
2023-01-12,0.0169,34.9
2023-01-13,-0.00745,34.64
2023-01-17,-0.0153,34.11
2023-01-18,-0.040751,32.72
2023-01-19,0.028117,33.64
2023-01-20,0.028835,34.61
2023-01-23,0.026004,35.51
2023-01-24,-0.010138,35.15
2023-01-25,0.017354,35.76
2023-01-26,0.007271,36.02
2023-01-27,0.002221,36.1
2023-01-30,-0.00831,35.8
2023-01-31,0.013687,36.29
2023-02-01,0.013502,36.78
2023-02-02,0.029092,37.85
2023-02-03,-0.005548,37.64
2023-02-06,-0.010627,37.24
2023-02-07,0.015038,37.8
2023-02-08,-0.003175,37.68
2023-02-09,-0.011147,37.26
2023-02-10,-0.002415,37.17
2023-02-13,0.007533,37.45
2023-02-14,-0.006943,37.19
2023-02-15,-0.00242,37.1
2023-02-16,-0.01186,36.66
2023-02-17,0.007911,36.95
2023-02-21,-0.024087,36.06
2023-02-22,-0.003605,35.93
2023-02-23,0.00334,36.05
2023-02-24,0.007212,36.31
2023-02-27,-0.00661,36.07
2023-02-28,0.006376,36.3
2023-03-01,-0.00303,36.19
2023-03-02,-0.01575,35.62
2023-03-03,0.017125,36.23
2023-03-06,-0.001932,36.16
2023-03-07,-0.051715,34.29
2023-03-08,-0.017498,33.69
2023-03-09,-0.059365,31.69
2023-03-10,-0.041654,30.37
2023-03-13,-0.13566,26.25
2023-03-14,0.004952,26.38
2023-03-15,-0.03677,25.41
2023-03-16,0.041322,26.46
2023-03-17,-0.057067,24.95
2023-03-20,0.050501,26.21
2023-03-21,0.045021,27.39
2023-03-22,-0.054399,25.9
2023-03-23,-0.021622,25.34
2023-03-24,0.005525,25.48
2023-03-27,0.030612,26.26
2023-03-28,0.003046,26.34
2023-03-29,0.026196,27.03
2023-03-30,-0.014059,26.32
2023-03-31,0.012158,26.64
2023-04-03,-0.009009,26.4
2023-04-04,-0.029924,25.61
2023-04-05,0.006248,25.77
2023-04-06,0.01203,26.08
2023-04-10,0.008052,26.29
2023-04-11,0.009129,26.53
2023-04-12,-0.005277,26.39
2023-04-13,0.006821,26.57
2023-04-14,-0.004893,26.44
2023-04-17,0.033283,27.32
2023-04-18,-0.00549,27.17
2023-04-19,0.031285,28.02
2023-04-20,-0.006424,27.84
2023-04-21,-0.012931,27.48
2023-04-24,-0.015284,27.06
2023-04-25,-0.051737,25.66
2023-04-26,-0.003118,25.58
2023-04-27,0.010164,25.84
2023-04-28,0.013932,26.2
2023-05-01,-0.014504,25.82
2023-05-02,-0.050736,24.51
2023-05-03,-0.02244,23.96
2023-05-04,-0.03005,23.24
2023-05-05,0.072289,24.92
2023-05-08,-0.020466,24.41
2023-05-09,0.010651,24.67
2023-05-10,-0.01743,24.24
2023-05-11,-0.023927,23.66
2023-05-12,-0.001691,23.62
2023-05-15,0.025402,24.22
2023-05-16,-0.018167,23.78
2023-05-17,0.062658,25.27
2023-05-18,-0.003957,25.17
2023-05-19,-0.002781,25.1
2023-05-22,0.013944,25.45
2023-05-23,0.018468,25.92
2023-05-24,-0.021991,25.35
2023-05-25,-0.011834,25.05
2023-05-26,0.008383,25.26
2023-05-30,0.007522,25.45
2023-05-31,-0.046365,24.27
2023-06-01,0.021426,24.79
2023-06-02,0.046793,25.95
2023-06-05,-0.017726,25.49
2023-06-06,0.050608,26.78
2023-06-07,0.012696,27.12
2023-06-08,-0.005531,26.97
2023-06-09,-0.020764,26.41
2023-06-12,-0.018554,25.92
2023-06-13,0.027778,26.64
2023-06-14,-0.025901,25.95
2023-06-15,0.031214,26.76
2023-06-16,-0.008221,26.54
2023-06-20,0.005652,26.69
2023-06-21,-0.007119,26.5
2023-06-22,-0.032453,25.64
2023-06-23,-0.0039,25.54
2023-06-26,0.016445,25.96
2023-06-27,0.008475,26.18
2023-06-28,0.00573,26.33
2023-06-29,0.009495,26.25
2023-06-30,-0.001524,26.21
2023-07-03,0.020984,26.76
2023-07-05,-0.008221,26.54
2023-07-06,-0.008289,26.32
2023-07-07,0.012538,26.65
2023-07-10,0.00075,26.67
2023-07-11,0.014623,27.06
2023-07-12,0.004804,27.19
2023-07-13,0.008459,27.42
2023-07-14,-0.016047,26.98
2023-07-17,0.012231,27.31
2023-07-18,0.022702,27.93
2023-07-19,0.020408,28.5
2023-07-20,0.026667,29.26
2023-07-21,-0.035202,28.23
2023-07-24,0.015232,28.66
2023-07-25,-0.021982,28.03
2023-07-26,0.017838,28.53
2023-07-27,0.001402,28.57
2023-07-28,0.009801,28.85
2023-07-31,0.008666,29.1
2023-08-01,-0.009966,28.81
2023-08-02,-0.015272,28.37
2023-08-03,0.003877,28.48
2023-08-04,-0.000351,28.47
2023-08-07,0.003864,28.58
2023-08-08,-0.018545,28.05
2023-08-09,-0.019608,27.5
2023-08-10,0.007636,27.71
2023-08-11,0.002887,27.79
2023-08-14,-0.035984,26.79
2023-08-15,-0.034715,25.86
2023-08-16,-0.00464,25.74
2023-08-17,0.001166,25.77
2023-08-18,-0.006985,25.59
2023-08-21,0.003517,25.68
2023-08-22,-0.031153,24.88
2023-08-23,0.022106,25.43
2023-08-24,0.011404,25.72
2023-08-25,-0.011664,25.42
2023-08-28,0.014949,25.8
2023-08-29,0.025194,26.45
2023-08-30,-0.002268,26.39
2023-08-31,0.006063,26.55
2023-09-01,0.018832,27.05
2023-09-05,0.000739,27.07
2023-09-06,-0.017362,26.6
2023-09-07,-0.019173,26.09
2023-09-08,0.012265,26.41
2023-09-11,0.003408,26.5
2023-09-12,0.036604,27.47
2023-09-13,-0.008009,27.25
2023-09-14,0.009908,27.52
2023-09-15,-0.002907,27.44
2023-09-18,-0.011297,27.13
2023-09-19,-0.008109,26.91
2023-09-20,-0.003716,26.81
2023-09-21,-0.016039,26.38
2023-09-22,-0.025777,25.7
2023-09-25,0.008171,25.91
2023-09-26,-0.024315,25.28
2023-09-27,-0.016614,24.86
2023-09-28,0.020917,25.03
2023-09-29,0.011986,25.33
2023-10-02,-0.032768,24.5
2023-10-03,-0.022857,23.94
2023-10-04,0.003342,24.02
2023-10-05,0.012073,24.31
2023-10-06,-0.005759,24.17
2023-10-09,0.007034,24.34
2023-10-10,0.026705,24.99
2023-10-11,0.0,24.99
2023-10-12,-0.019608,24.5
2023-10-13,-0.009388,24.27
2023-10-16,0.017305,24.69
2023-10-17,0.025111,25.31
2023-10-18,-0.026472,24.64
2023-10-19,0.011364,24.92
2023-10-20,-0.065409,23.29
2023-10-23,-0.011593,23.02
2023-10-24,-0.001738,22.98
2023-10-25,0.002176,23.03
2023-10-26,0.024316,23.59
2023-10-27,-0.029674,22.89
2023-10-30,0.021407,23.38
2023-10-31,0.014115,23.71
2023-11-01,-0.002531,23.65
2023-11-02,0.059197,25.05
2023-11-03,0.056287,26.46
2023-11-06,-0.01285,26.12
2023-11-07,0.001531,26.16
2023-11-08,-0.025612,25.49
2023-11-09,-0.026285,24.82
2023-11-10,0.00967,25.06
2023-11-13,0.001995,25.11
2023-11-14,0.062525,26.68
2023-11-15,0.023613,27.31
2023-11-16,-0.006591,27.13
2023-11-17,0.01585,27.56
2023-11-20,0.003991,27.67
2023-11-21,-0.011204,27.36
2023-11-22,-0.006213,27.19
2023-11-24,0.002207,27.25
2023-11-27,-0.002202,27.19
2023-11-28,0.008827,27.43
2023-11-29,0.035727,28.41
2023-11-30,0.019007,28.95
2023-12-01,0.056304,30.58
2023-12-04,0.002616,30.66
2023-12-05,-0.017939,30.11
2023-12-06,0.004982,30.26
2023-12-07,0.018176,30.81
2023-12-08,0.014281,31.25
2023-12-11,-0.01152,30.89
2023-12-12,-0.011654,30.53
2023-12-13,0.059613,32.35
2023-12-14,0.086244,35.14
2023-12-15,-0.00313,35.03
2023-12-18,0.000571,35.05
2023-12-19,0.001997,35.12
2023-12-20,-0.031606,34.01
2023-12-21,0.011467,34.4
2023-12-22,0.002035,34.47
2023-12-26,0.014215,34.96
2023-12-27,0.003146,35.07
2023-12-28,0.002281,34.8
2023-12-29,-0.008908,34.49
