date,daily_return,price
1999-06-04,0.027505,65.375
1999-06-07,0.008604,65.9375
1999-06-08,-0.033175,63.75
1999-06-09,0.027451,65.5
1999-06-10,-0.032443,63.375
1999-06-11,-0.001972,63.25
1999-06-14,-0.031621,61.25
1999-06-15,0.02449,62.75
1999-06-16,0.039841,65.25
1999-06-17,-0.003831,65.0
1999-06-18,-0.002885,64.8125
1999-06-21,0.072324,69.5
1999-06-22,-0.021583,68.0
1999-06-23,-0.044118,65.0
1999-06-24,0.000962,65.0625
1999-06-25,0.018252,66.25
1999-06-28,0.004717,66.5625
1999-06-29,0.01784,67.75
1999-06-30,0.066421,72.25
1999-07-01,-0.019896,70.8125
1999-07-02,0.001765,70.9375
1999-07-06,-0.006167,70.5
1999-07-07,-0.035461,68.0
1999-07-08,-0.011029,67.25
1999-07-09,0.0,67.25
1999-07-12,0.016729,68.375
1999-07-13,-0.007313,67.875
1999-07-14,-0.003683,67.625
1999-07-15,0.004621,67.9375
1999-07-16,0.00184,68.0625
1999-07-19,0.020202,69.4375
1999-07-20,-0.018902,68.125
1999-07-21,-0.00367,67.875
1999-07-22,-0.020258,66.5
1999-07-23,-0.036654,64.0625
1999-07-26,-0.012683,63.25
1999-07-27,0.035573,65.5
1999-07-28,0.008588,66.0625
1999-07-29,-0.016083,65.0
1999-07-30,-0.010577,64.3125
1999-08-02,-0.023324,62.8125
1999-08-03,-0.031841,60.8125
1999-08-04,-0.013361,60.0
1999-08-05,-0.0125,59.25
1999-08-06,-0.050633,56.25
1999-08-09,-0.007778,55.8125
1999-08-10,0.023427,57.0
1999-08-11,0.078947,61.5
1999-08-12,-0.013211,60.6875
1999-08-13,0.040165,63.125
1999-08-16,-0.00396,62.875
1999-08-17,0.001988,63.0
1999-08-18,-0.010913,62.3125
1999-08-19,-0.012036,61.5625
1999-08-20,0.012183,62.3125
1999-08-23,0.021063,63.625
1999-08-24,-0.002947,63.4375
1999-08-25,0.008867,64.0
1999-08-26,-0.019531,62.75
1999-08-27,-0.018924,61.5625
1999-08-30,-0.036548,59.3125
1999-08-31,0.00843,59.8125
1999-09-01,0.008359,60.3125
1999-09-02,-0.017617,59.25
1999-09-03,0.065401,63.125
1999-09-07,-0.009901,62.5
1999-09-08,0.001,62.5625
1999-09-09,-0.012987,61.75
1999-09-10,0.021761,63.09375
1999-09-13,-0.015354,62.125
1999-09-14,-0.044266,59.375
1999-09-15,-0.017895,58.3125
1999-09-16,-0.010718,57.6875
1999-09-17,0.04117,60.0625
1999-09-20,0.011446,60.75
1999-09-21,-0.026749,59.125
1999-09-22,0.036998,61.3125
1999-09-23,-0.008155,60.8125
1999-09-24,0.0185,61.9375
1999-09-27,-0.006054,61.5625
1999-09-28,0.011168,62.25
1999-09-29,-0.013052,61.4375
1999-09-30,-0.007121,61.0
1999-10-01,-0.029713,59.1875
1999-10-04,0.042239,61.6875
1999-10-05,0.009119,62.25
1999-10-06,0.028113,64.0
1999-10-07,-0.012695,63.1875
1999-10-08,0.011869,63.9375
1999-10-11,-0.00391,63.6875
1999-10-12,-0.011776,62.9375
1999-10-13,-0.030785,61.0
1999-10-14,0.016393,62.0
1999-10-15,-0.03629,59.75
1999-10-18,-0.008368,59.25
1999-10-19,0.018987,60.375
1999-10-20,0.022774,61.75
1999-10-21,0.002955,61.8125
1999-10-22,0.059656,65.5
1999-10-25,-0.022901,64.0
1999-10-26,-0.03418,61.8125
1999-10-27,0.041456,64.375
1999-10-28,0.118447,72.0
1999-10-29,-0.013889,71.0
1999-11-01,-0.022887,69.375
1999-11-02,0.005405,69.75
1999-11-03,-0.014337,68.75
1999-11-04,0.02,70.125
1999-11-05,0.050802,73.6875
1999-11-08,-0.00933,73.0
1999-11-09,-0.015411,71.875
1999-11-10,0.00087,71.9375
1999-11-11,0.019114,73.3125
1999-11-12,0.087809,79.75
1999-11-15,-0.021944,78.0
1999-11-16,0.061699,82.8125
1999-11-17,-0.039245,79.5625
1999-11-18,0.007855,80.1875
1999-11-19,-0.003118,79.9375
1999-11-22,-0.003127,79.6875
1999-11-23,-0.024314,77.75
1999-11-24,-0.008039,77.125
1999-11-26,0.002431,77.3125
1999-11-29,-0.036378,74.5
1999-11-30,0.008389,75.125
1999-12-01,0.014143,76.1875
1999-12-02,0.017227,77.5
1999-12-03,0.020161,79.0625
1999-12-06,-0.026087,77.0
1999-12-07,0.051136,80.9375
1999-12-08,-0.011583,80.0
1999-12-09,0.0,80.0
1999-12-10,0.025,82.0
1999-12-13,0.000762,82.0625
1999-12-14,-0.040366,78.75
1999-12-15,0.00873,79.4375
1999-12-16,-0.011015,78.5625
1999-12-17,0.020684,80.1875
1999-12-20,0.021044,81.875
1999-12-21,-0.01145,80.9375
1999-12-22,-0.015444,79.6875
1999-12-23,0.016471,81.0
1999-12-27,0.013117,82.0625
1999-12-28,0.035796,85.0
1999-12-29,0.035294,88.0
1999-12-30,0.047585,92.1875
1999-12-31,0.021695,94.1875
2000-01-03,-0.062376,88.3125
2000-01-04,-0.062987,82.75
2000-01-05,-0.046828,78.875
2000-01-06,0.042789,82.25
2000-01-07,0.003799,82.5625
2000-01-10,0.021953,84.375
2000-01-11,0.005185,84.8125
2000-01-12,-0.005158,84.375
2000-01-13,0.001481,84.5
2000-01-14,0.013314,85.625
2000-01-18,0.014599,86.875
2000-01-19,0.007914,87.5625
2000-01-20,-0.017188,85.9375
2000-01-21,-0.002909,85.6875
2000-01-24,-0.045952,81.75
2000-01-25,0.025994,83.875
2000-01-26,0.052161,88.25
2000-01-27,0.008499,89.0
2000-01-28,-0.022472,87.0
2000-01-31,0.053161,91.625
2000-02-01,-0.004093,91.25
2000-02-02,-0.00137,91.125
2000-02-03,-0.0631,85.375
2000-02-04,-0.008053,84.6875
2000-02-07,0.012546,85.75
2000-02-08,0.043003,89.4375
2000-02-09,-0.030049,86.75
2000-02-10,-0.001441,86.625
2000-02-11,-0.017316,85.125
2000-02-14,0.016153,86.5
2000-02-15,0.0,86.5
2000-02-16,-0.041185,82.9375
2000-02-17,-0.009797,82.125
2000-02-18,-0.015982,80.8125
2000-02-22,0.009281,81.5625
2000-02-23,0.051341,85.75
2000-02-24,0.04519,89.625
2000-02-25,-0.004184,89.25
2000-02-28,-0.014006,88.0
2000-02-29,0.051136,92.5
2000-03-01,0.024324,94.75
2000-03-02,0.015831,96.25
2000-03-03,0.064935,102.5
2000-03-06,0.011585,103.6875
2000-03-07,0.011453,104.875
2000-03-08,-0.029797,101.75
2000-03-09,0.05344,107.1875
2000-03-10,0.04723,112.25
2000-03-13,-0.016704,110.375
2000-03-14,-0.050963,104.75
2000-03-15,-0.011337,103.5625
2000-03-16,-0.002414,103.3125
2000-03-17,0.127647,116.5
2000-03-20,-0.026288,113.4375
2000-03-21,0.042424,118.25
2000-03-22,-0.009382,117.14063
2000-03-23,0.015873,119.0
2000-03-24,0.019433,121.3125
2000-03-27,-0.076765,112.0
2000-03-28,0.011161,113.25
2000-03-29,0.008278,114.1875
2000-03-30,-0.064039,106.875
2000-03-31,-0.015205,105.25
2000-04-03,0.002375,105.5
2000-04-04,-0.06872,98.25
2000-04-05,-0.00827,97.4375
2000-04-06,0.087877,106.0
2000-04-07,-0.033019,102.5
2000-04-10,0.044512,107.0625
2000-04-11,-0.021016,104.8125
2000-04-12,-0.078712,96.5625
2000-04-13,-0.013592,95.25
2000-04-14,-0.131234,82.75
2000-04-17,0.057402,87.5
2000-04-18,0.071429,93.75
2000-04-19,-0.01672,92.0625
2000-04-20,-0.035302,88.8125
2000-04-24,-0.021816,86.875
2000-04-25,0.117266,97.0625
2000-04-26,-0.026401,94.5
2000-04-27,0.007275,95.1875
2000-04-28,-0.020355,93.25
2000-05-01,0.040215,97.0
2000-05-02,-0.041237,93.0
2000-05-03,-0.020161,91.125
2000-05-04,-0.010288,90.1875
2000-05-05,-0.003465,89.875
2000-05-08,-0.028512,87.3125
2000-05-09,-0.019327,85.625
2000-05-10,-0.048905,81.4375
2000-05-11,-0.006907,80.875
2000-05-12,0.035742,83.76563
2000-05-15,0.039358,87.0625
2000-05-16,-0.017947,85.5
2000-05-17,-0.009503,84.6875
2000-05-18,0.006642,85.25
2000-05-19,-0.008065,84.5625
2000-05-22,-0.030303,82.0
2000-05-23,0.009909,82.8125
2000-05-24,-0.033962,80.0
2000-05-25,-0.0875,73.0
2000-05-26,-0.043664,69.8125
2000-05-30,0.031334,72.0
2000-05-31,0.021701,73.5625
2000-06-01,0.038233,76.375
2000-06-02,0.13748,86.875
2000-06-05,-0.027338,84.5
2000-06-06,-0.016272,83.125
2000-06-07,0.042857,86.6875
2000-06-08,-0.018746,85.0625
2000-06-09,-0.021308,83.25
2000-06-12,0.000751,83.3125
2000-06-13,0.021755,85.125
2000-06-14,0.056535,89.9375
2000-06-15,0.003475,90.25
2000-06-16,-0.000693,90.1875
2000-06-19,0.015939,91.625
2000-06-20,-0.028649,89.0
2000-06-21,-0.026685,86.625
2000-06-22,-0.027417,84.25
2000-06-23,0.020772,86.0
2000-06-26,0.020349,87.75
2000-06-27,0.00641,88.3125
2000-06-28,0.017693,89.875
2000-06-29,0.030598,92.625
2000-06-30,0.024292,94.875
2000-07-03,0.000659,94.9375
2000-07-05,0.010533,95.9375
2000-07-06,-0.028665,93.1875
2000-07-07,0.018779,94.9375
2000-07-10,0.028966,97.6875
2000-07-11,0.008317,98.5
2000-07-12,0.034899,101.9375
2000-07-13,0.022686,104.25
2000-07-14,-0.0006,104.1875
2000-07-17,-0.029394,101.125
2000-07-18,0.027194,103.875
2000-07-19,-0.028881,100.875
2000-07-20,0.029071,103.6875
2000-07-21,0.005425,104.25
2000-07-24,0.010791,105.375
2000-07-25,0.005931,106.0
2000-07-26,-0.00059,105.9375
2000-07-27,-0.037168,102.0
2000-07-28,-0.050245,96.875
2000-07-31,0.02129,98.9375
2000-08-01,0.01832,100.75
2000-08-02,0.013648,102.125
2000-08-03,0.034272,105.625
2000-08-04,0.055621,111.5
2000-08-07,0.022982,114.0625
2000-08-08,-0.009315,113.0
2000-08-09,0.015487,114.75
2000-08-10,-0.023965,112.0
2000-08-11,0.052455,117.875
2000-08-14,0.024921,120.8125
2000-08-15,-0.021728,118.1875
2000-08-16,-0.048123,112.5
2000-08-17,0.054444,118.625
2000-08-18,-0.013699,117.0
2000-08-21,0.006944,117.8125
2000-08-22,0.017507,119.875
2000-08-23,-0.007299,119.0
2000-08-24,-0.006303,118.25
2000-08-25,0.009514,119.375
2000-08-28,0.025131,122.375
2000-08-29,0.041369,127.4375
2000-08-30,-0.029426,123.6875
2000-08-31,0.035371,128.0625
2000-09-01,0.012201,129.625
2000-09-05,-0.006268,128.8125
2000-09-06,-0.005337,128.125
2000-09-07,0.00439,128.6875
2000-09-08,-0.028655,125.0
2000-09-11,0.0585,132.3125
2000-09-12,-0.007558,131.3125
2000-09-13,-0.021418,128.5
2000-09-14,0.003891,129.0
2000-09-15,-0.031008,125.0
2000-09-18,-0.0515,118.5625
2000-09-19,0.011597,119.9375
2000-09-20,-0.016154,118.0
2000-09-21,-0.040254,113.25
2000-09-22,0.014349,114.875
2000-09-25,0.014146,116.5
2000-09-26,-0.048283,110.875
2000-09-27,-0.034386,107.0625
2000-09-28,0.055458,113.0
2000-09-29,0.008296,113.9375
2000-10-02,0.012617,115.375
2000-10-03,-0.013001,113.875
2000-10-04,-0.038968,109.4375
2000-10-05,0.049686,114.875
2000-10-06,-0.052231,108.875
2000-10-09,-0.033295,105.25
2000-10-10,-0.024347,102.6875
2000-10-11,0.012782,104.0
2000-10-12,-0.093149,94.3125
2000-10-13,0.076209,101.5
2000-10-16,0.020936,103.625
2000-10-17,-0.04222,99.25
2000-10-18,-0.012595,98.0
2000-10-19,0.027372,100.5625
2000-10-20,0.043505,104.9375
2000-10-23,-0.023824,102.4375
2000-10-24,-0.012813,101.125
2000-10-25,-0.048826,96.1875
2000-10-26,-0.033788,92.9375
2000-10-27,0.000672,93.0
2000-10-30,0.037634,96.5
2000-10-31,0.034326,99.8125
2000-11-01,-0.031309,96.6875
2000-11-02,0.026503,99.25
2000-11-03,0.011965,100.4375
2000-11-06,-0.043559,96.0625
2000-11-07,-0.024073,93.75
2000-11-08,-0.014,92.4375
2000-11-09,-0.006085,91.875
2000-11-10,-0.029252,89.1875
2000-11-13,-0.031535,86.375
2000-11-14,0.028944,88.875
2000-11-15,0.013362,90.0625
2000-11-16,0.015267,91.4375
2000-11-17,-0.036911,88.0625
2000-11-20,-0.057488,83.0
2000-11-21,0.014307,84.1875
2000-11-22,-0.050483,79.9375
2000-11-24,0.019547,81.5
2000-11-27,0.01227,82.5
2000-11-28,-0.024242,80.5
2000-11-29,0.029503,82.875
2000-11-30,-0.00905,82.125
2000-12-01,-0.001522,82.0
2000-12-04,-0.003049,81.75
2000-12-05,0.085627,88.75
2000-12-06,-0.011268,87.75
2000-12-07,-0.021368,85.875
2000-12-08,0.069869,91.875
2000-12-11,0.044898,96.0
2000-12-12,-0.037109,92.4375
2000-12-13,0.017579,94.0625
2000-12-14,-0.070432,87.4375
2000-12-15,-0.008578,86.6875
2000-12-18,-0.008652,85.9375
2000-12-19,0.04,89.375
2000-12-20,0.006993,90.0
2000-12-21,0.042361,93.8125
2000-12-22,0.053298,98.8125
2000-12-26,0.030361,101.8125
2000-12-27,0.000614,101.875
2000-12-28,0.051534,107.125
2000-12-29,-0.00175,106.9375
2001-01-02,-0.062537,100.25
2001-01-03,0.15212,115.5
2001-01-04,-0.02381,112.75
2001-01-05,-0.043237,107.875
2001-01-08,-0.013905,106.375
2001-01-09,-0.015276,104.75
2001-01-10,0.0358,108.5
2001-01-11,0.018433,110.5
2001-01-12,-0.015837,108.75
2001-01-16,0.011494,110.0
2001-01-17,0.0,110.0
2001-01-18,-0.021636,107.5
2001-01-19,0.031977,110.9375
2001-01-22,0.019718,113.125
2001-01-23,0.025414,116.0
2001-01-24,0.016164,117.875
2001-01-25,-0.036585,113.5625
2001-01-26,0.009906,114.6875
2001-01-29,0.010659,115.91
2001-01-30,0.02338,118.62
2001-01-31,-0.041056,113.75
2001-02-01,0.039121,118.2
2001-02-02,-0.035871,113.96
2001-02-05,-0.016322,112.1
2001-02-06,-0.0281,108.95
2001-02-07,-0.03442,105.2
2001-02-08,0.007129,105.95
2001-02-09,0.016989,107.75
2001-02-12,0.016241,109.5
2001-02-13,-0.032877,105.9
2001-02-14,-0.015581,104.25
2001-02-15,0.028297,107.2
2001-02-16,-0.053172,101.5
2001-02-20,-0.054187,96.0
2001-02-21,-0.016667,94.4
2001-02-22,0.029661,97.2
2001-02-23,-0.011934,96.04
2001-02-26,0.023532,98.3
2001-02-27,0.000407,98.34
2001-02-28,-0.067012,91.75
2001-03-01,-0.001526,91.61
2001-03-02,-0.002292,91.4
2001-03-05,0.008206,92.15
2001-03-06,0.034726,95.35
2001-03-07,-0.004195,94.95
2001-03-08,-0.033702,91.75
2001-03-09,-0.051771,87.0
2001-03-12,-0.051839,82.49
2001-03-13,0.060856,87.51
2001-03-14,-0.041138,83.91
2001-03-15,0.048147,87.95
2001-03-16,-0.004548,87.55
2001-03-19,0.038721,90.94
2001-03-20,-0.042666,87.06
2001-03-21,-0.023662,85.0
2001-03-22,0.010706,85.91
2001-03-23,0.045396,89.81
2001-03-26,-0.006347,89.24
2001-03-27,0.047737,93.5
2001-03-28,-0.066845,87.25
2001-03-29,0.009742,88.1
2001-03-30,-0.034052,85.1
2001-04-02,-0.011046,84.16
2001-04-03,-0.033864,81.31
2001-04-04,-0.046489,77.53
2001-04-05,0.109248,86.0
2001-04-06,-0.02093,84.2
2001-04-09,-0.002375,84.0
2001-04-10,0.045357,87.81
2001-04-11,0.039745,91.3
2001-04-12,0.029573,94.0
2001-04-16,-0.023617,91.78
2001-04-17,0.014382,93.1
2001-04-18,0.070355,99.65
2001-04-19,-0.019669,97.69
2001-04-20,-0.019552,95.66
2001-04-23,-0.028225,92.96
2001-04-24,-0.016781,91.4
2001-04-25,0.015536,92.82
2001-04-26,-0.003555,92.49
2001-04-27,0.004865,92.94
2001-04-30,-0.019798,91.1
2001-05-01,0.017014,92.65
2001-05-02,0.057744,98.0
2001-05-03,-0.020408,96.0
2001-05-04,0.0125,97.2
2001-05-07,-0.012243,96.01
2001-05-08,-0.007916,95.25
2001-05-09,-0.006194,94.66
2001-05-10,-0.001585,94.51
2001-05-11,-0.017564,92.85
2001-05-14,0.013463,94.1
2001-05-15,0.00797,94.85
2001-05-16,0.053769,99.95
2001-05-17,-0.02001,97.95
2001-05-18,-0.007146,97.25
2001-05-21,0.047815,101.9
2001-05-22,0.013641,103.29
2001-05-23,-0.038629,99.3
2001-05-24,0.005539,99.85
2001-05-25,-0.018928,97.96
2001-05-29,-0.011025,96.88
2001-05-30,-0.021883,94.76
2001-05-31,0.003588,95.1
2001-06-01,0.016824,96.7
2001-06-04,-0.001965,96.51
2001-06-05,0.008704,97.35
2001-06-06,-0.018593,95.54
2001-06-07,0.014235,96.9
2001-06-08,-0.015893,95.36
2001-06-11,-0.03513,92.01
2001-06-12,-0.00163,91.86
2001-06-13,-0.029393,89.16
2001-06-14,-0.024114,87.01
2001-06-15,0.026204,89.29
2001-06-18,-0.007168,88.65
2001-06-19,-0.005302,88.18
2001-06-20,0.002495,88.4
2001-06-21,0.052036,93.0
2001-06-22,-0.009677,92.1
2001-06-25,-0.012486,90.95
2001-06-26,-0.007147,90.3
2001-06-27,-0.031008,87.5
2001-06-28,-0.010286,86.6
2001-06-29,-0.009238,85.8
2001-07-02,-0.013986,84.6
2001-07-03,-0.007092,84.0
2001-07-05,0.0,84.0
2001-07-06,-0.010714,83.1
2001-07-09,-0.01432,81.91
2001-07-10,-0.003785,81.6
2001-07-11,0.0,81.6
2001-07-12,0.060662,86.55
2001-07-13,-0.004622,86.15
2001-07-16,-0.031921,83.4
2001-07-17,0.029377,85.85
2001-07-18,-0.021549,84.0
2001-07-19,-0.011905,83.0
2001-07-20,-0.000602,82.95
2001-07-23,-0.014587,81.74
2001-07-24,0.001346,81.85
2001-07-25,0.016494,83.2
2001-07-26,0.017308,84.64
2001-07-27,0.003544,84.82
2001-07-30,-0.025112,82.69
2001-07-31,0.005684,83.16
2001-08-01,0.026335,85.35
2001-08-02,0.011131,86.3
2001-08-03,-0.00927,85.5
2001-08-06,-0.018129,83.95
2001-08-07,-0.004884,83.54
2001-08-08,-0.020828,81.8
2001-08-09,-0.021394,80.05
2001-08-10,0.009369,80.8
2001-08-13,0.017327,82.2
2001-08-14,-0.010949,81.3
2001-08-15,0.006765,81.85
2001-08-16,-0.009163,81.1
2001-08-17,-0.047472,77.25
2001-08-20,0.007637,77.84
2001-08-21,-0.031346,75.4
2001-08-22,0.027851,77.5
2001-08-23,0.002581,77.7
2001-08-24,0.046332,81.3
2001-08-27,0.00738,81.9
2001-08-28,-0.010379,81.05
2001-08-29,-0.003085,80.8
2001-08-30,-0.014728,79.61
2001-08-31,0.006155,80.1
2001-09-04,-0.005992,79.62
2001-09-05,-0.013439,78.55
2001-09-06,-0.01846,77.1
2001-09-07,-0.033982,74.48
2001-09-10,0.023093,76.2
2001-09-17,-0.089239,69.4
2001-09-18,-0.027378,67.5
2001-09-19,0.000148,67.51
2001-09-20,-0.02607,65.75
2001-09-21,0.029506,67.69
2001-09-24,0.041661,70.51
2001-09-25,-0.006808,70.03
2001-09-26,-0.00257,69.85
2001-09-27,-0.013601,68.9
2001-09-28,0.035559,71.35
2001-10-01,0.030133,73.5
2001-10-02,0.001361,73.6
2001-10-03,0.041984,76.69
2001-10-04,0.030121,79.0
2001-10-05,-0.03481,76.25
2001-10-08,-0.012459,75.3
2001-10-09,0.034927,77.93
2001-10-10,0.035673,80.71
2001-10-11,0.038905,83.85
2001-10-12,-0.012522,82.8
2001-10-15,0.019324,84.4
2001-10-16,-0.001777,84.25
2001-10-17,-0.025875,82.07
2001-10-18,-0.008042,81.41
2001-10-19,-0.020391,79.75
2001-10-22,0.023198,81.6
2001-10-23,0.0,81.6
2001-10-24,-0.01348,80.5
2001-10-25,0.012671,81.4
2001-10-26,0.02113,83.12
2001-10-29,-0.02731,80.85
2001-10-30,-0.009895,80.05
2001-10-31,-0.02361,78.16
2001-11-01,0.032497,80.7
2001-11-02,0.019207,82.25
2001-11-05,0.029909,84.71
2001-11-06,0.021131,86.5
2001-11-07,0.011561,87.5
2001-11-08,-0.009143,86.7
2001-11-09,0.001845,86.86
2001-11-12,0.014276,88.1
2001-11-13,0.033485,91.05
2001-11-14,0.004942,91.5
2001-11-15,-0.030601,88.7
2001-11-16,-0.01071,87.75
2001-11-19,0.031909,90.55
2001-11-20,-0.008835,89.75
2001-11-21,-0.017827,88.15
2001-11-23,0.022689,90.15
2001-11-26,0.01431,91.44
2001-11-27,-0.015748,90.0
2001-11-28,-0.035445,86.81
2001-11-29,0.029259,89.35
2001-11-30,-0.003917,89.0
2001-12-03,-0.033596,86.01
2001-12-04,0.013487,87.17
2001-12-05,0.059998,92.4
2001-12-06,0.016234,93.9
2001-12-07,-0.024388,91.61
2001-12-10,-0.002838,91.35
2001-12-11,0.005145,91.82
2001-12-12,0.009911,92.73
2001-12-13,-0.018656,91.0
2001-12-14,-0.014725,89.66
2001-12-17,-0.0058,89.14
2001-12-18,0.018622,90.8
2001-12-19,0.039758,94.41
2001-12-20,-0.022244,92.31
2001-12-21,0.0,92.31
2001-12-24,0.001733,92.47
2001-12-26,0.003569,92.8
2001-12-27,-0.007328,92.12
2001-12-28,0.012484,93.27
2001-12-31,-0.005575,92.75
2002-01-02,-0.018113,91.07
2002-01-03,0.015153,92.45
2002-01-04,0.046512,96.75
2002-01-07,-0.010336,95.75
2002-01-08,-0.033943,92.5
2002-01-09,0.013514,93.75
2002-01-10,-0.008,93.0
2002-01-11,-0.019893,91.15
2002-01-14,-0.012946,89.97
2002-01-15,-0.000778,89.9
2002-01-16,-0.014127,88.63
2002-01-17,0.015232,89.86
2002-01-18,-0.007233,89.21
2002-01-22,-0.024997,86.98
2002-01-23,0.003104,87.25
2002-01-24,-0.020057,85.5
2002-01-25,0.021053,87.3
2002-01-28,0.0063,87.85
2002-01-29,-0.038361,84.48
2002-01-30,0.017992,86.0
2002-01-31,0.011395,86.98
2002-02-01,-0.018165,85.4
2002-02-04,-0.033958,82.5
2002-02-05,-0.017697,81.04
2002-02-06,0.010612,81.9
2002-02-07,-0.009646,81.11
2002-02-08,0.033165,83.8
2002-02-11,0.01253,84.85
2002-02-12,-0.01591,83.5
2002-02-13,0.012934,84.58
2002-02-14,0.006266,85.11
2002-02-15,-0.027611,82.76
2002-02-19,-0.052078,78.45
2002-02-20,0.027406,80.6
2002-02-21,-0.01402,79.47
2002-02-22,-0.005914,79.0
2002-02-25,0.037468,81.96
2002-02-26,-0.006833,81.4
2002-02-27,-0.006265,80.89
2002-02-28,0.000618,80.94
2002-03-01,0.031258,83.47
2002-03-04,0.067449,89.1
2002-03-05,0.004714,89.52
2002-03-06,0.015081,90.87
2002-03-07,-0.010014,89.96
2002-03-08,0.003668,90.29
2002-03-11,0.004541,90.7
2002-03-12,-0.009923,89.8
2002-03-13,-0.020045,88.0
2002-03-14,0.004545,88.4
2002-03-15,0.0181,90.0
2002-03-18,-0.008889,89.2
2002-03-19,0.02074,91.05
2002-03-20,-0.01318,89.85
2002-03-21,0.005565,90.35
2002-03-22,-0.006862,89.73
2002-03-25,-0.018946,88.03
2002-03-26,0.009315,88.85
2002-03-27,0.005065,89.3
2002-03-28,0.010638,90.25
2002-04-01,-0.019723,88.47
2002-04-02,-0.010625,87.53
2002-04-03,-0.012224,86.46
2002-04-04,0.001041,86.55
2002-04-05,-0.004622,86.15
2002-04-08,-0.001045,86.06
2002-04-09,-0.016965,84.6
2002-04-10,-0.0013,84.49
2002-04-11,-0.038466,81.24
2002-04-12,0.021664,83.0
2002-04-15,-0.016868,81.6
2002-04-16,0.036642,84.59
2002-04-17,0.005438,85.05
2002-04-18,-0.006232,84.52
2002-04-19,0.021178,86.31
2002-04-22,-0.025605,84.1
2002-04-23,-0.029727,81.6
2002-04-24,-0.025858,79.49
2002-04-25,-0.028683,77.21
2002-04-26,0.026681,79.15
2002-04-29,-0.008212,78.5
2002-04-30,0.003185,78.75
2002-05-01,0.005841,79.21
2002-05-02,0.018937,80.71
2002-05-03,-0.026762,78.55
2002-05-06,-0.043157,75.16
2002-05-07,-0.004125,74.85
2002-05-08,0.062124,79.5
2002-05-09,-0.010818,78.64
2002-05-10,-0.024034,76.75
2002-05-13,0.01772,78.11
2002-05-14,0.015235,79.3
2002-05-15,0.002018,79.46
2002-05-16,0.007425,80.05
2002-05-17,0.005621,80.5
2002-05-20,-0.00323,80.24
2002-05-21,-0.012961,79.2
2002-05-22,-0.012626,78.2
2002-05-23,0.012404,79.17
2002-05-24,-0.012378,78.19
2002-05-28,-0.016498,76.9
2002-05-29,-0.009753,76.15
2002-05-30,-0.014051,75.08
2002-05-31,0.004928,75.45
2002-06-03,-0.022001,73.79
2002-06-04,0.000136,73.8
2002-06-05,0.026423,75.75
2002-06-06,-0.023762,73.95
2002-06-07,0.0,73.95
2002-06-10,0.010683,74.74
2002-06-11,-0.035322,72.1
2002-06-12,0.005548,72.5
2002-06-13,-0.016552,71.3
2002-06-14,0.021739,72.85
2002-06-17,0.03418,75.34
2002-06-18,0.00584,75.78
2002-06-19,-0.017551,74.45
2002-06-20,-0.023506,72.7
2002-06-21,-0.029574,70.55
2002-06-24,0.012757,71.45
2002-06-25,-0.0014,71.35
2002-06-26,-0.007708,70.8
2002-06-27,0.031073,73.0
2002-06-28,0.004795,73.35
2002-07-01,-0.03013,71.14
2002-07-02,-0.006185,70.7
2002-07-03,-0.007072,70.2
2002-07-05,0.053419,73.95
2002-07-08,-0.004733,73.6
2002-07-09,-0.036549,70.91
2002-07-10,0.009026,71.55
2002-07-11,0.02376,73.25
2002-07-12,-0.001365,73.15
2002-07-15,-0.002734,72.95
2002-07-16,-0.004112,72.65
2002-07-17,0.025189,74.48
2002-07-18,0.015038,75.6
2002-07-19,0.018519,77.0
2002-07-22,-0.064935,72.0
2002-07-23,-0.059306,67.73
2002-07-24,0.046065,70.85
2002-07-25,-0.021736,69.31
2002-07-26,0.005627,69.58
2002-07-29,0.04484,72.7
2002-07-30,0.016506,73.9
2002-07-31,-0.010149,73.15
2002-08-01,-0.015858,71.99
2002-08-02,-0.020836,70.49
2002-08-05,-0.034615,68.05
2002-08-06,0.027186,69.9
2002-08-07,0.015021,70.95
2002-08-08,0.047216,74.3
2002-08-09,0.015478,75.45
2002-08-12,-0.001325,75.35
2002-08-13,-0.007432,74.79
2002-08-14,0.049606,78.5
2002-08-15,0.013376,79.55
2002-08-16,-0.000251,79.53
2002-08-19,0.024771,81.5
2002-08-20,-0.012147,80.51
2002-08-21,-0.007825,79.88
2002-08-22,0.000376,79.91
2002-08-23,-0.020148,78.3
2002-08-26,0.018519,79.75
2002-08-27,-0.00815,79.1
2002-08-28,-0.025537,77.08
2002-08-29,0.003892,77.38
2002-08-30,-0.001034,77.3
2002-09-03,-0.045925,73.75
2002-09-04,0.023729,75.5
2002-09-05,-0.03457,72.89
2002-09-06,-0.007546,72.34
2002-09-09,0.027094,74.3
2002-09-10,-0.011979,73.41
2002-09-11,0.003814,73.69
2002-09-12,-0.02022,72.2
2002-09-13,0.01108,73.0
2002-09-16,-0.005479,72.6
2002-09-17,-0.023829,70.87
2002-09-18,-0.006491,70.41
2002-09-19,-0.0463,67.15
2002-09-20,0.003127,67.36
2002-09-23,-0.025089,65.67
2002-09-24,0.009746,66.31
2002-09-25,0.017192,67.45
2002-09-26,0.008747,68.04
2002-09-27,-0.028072,66.13
2002-09-30,-0.001512,66.03
2002-10-01,0.03665,68.45
2002-10-02,-0.042367,65.55
2002-10-03,-0.040427,62.9
2002-10-04,-0.013514,62.05
2002-10-07,-0.040612,59.53
2002-10-08,0.034772,61.6
2002-10-09,-0.037662,59.28
2002-10-10,0.030364,61.08
2002-10-11,0.051081,64.2
2002-10-14,0.017134,65.3
2002-10-15,0.071975,70.0
2002-10-16,-0.028571,68.0
2002-10-17,0.065882,72.48
2002-10-18,-0.026628,70.55
2002-10-21,0.058823,74.7
2002-10-22,-0.029451,72.5
2002-10-23,0.024414,74.27
2002-10-24,-0.022216,72.5
2002-10-25,0.020552,73.99
2002-10-28,-0.005541,73.58
2002-10-29,-0.016445,72.37
2002-10-30,-0.000138,72.36
2002-10-31,-0.010503,71.6
2002-11-01,0.025838,73.45
2002-11-04,0.034173,75.96
2002-11-05,0.010269,76.74
2002-11-06,-0.002476,76.55
2002-11-07,-0.032658,74.05
2002-11-08,-0.013099,73.08
2002-11-11,-0.017789,71.78
2002-11-12,0.00404,72.07
2002-11-13,0.005828,72.49
2002-11-14,0.034488,74.99
2002-11-15,0.003467,75.25
2002-11-18,0.002259,75.42
2002-11-19,-0.004508,75.08
2002-11-20,0.031034,77.41
2002-11-21,0.032812,79.95
2002-11-22,-0.010507,79.11
2002-11-25,-0.00139,79.0
2002-11-26,-0.027468,76.83
2002-11-27,0.036574,79.64
2002-11-29,-0.009668,78.87
2002-12-02,-0.001141,78.78
2002-12-03,-0.003554,78.5
2002-12-04,-0.027389,76.35
2002-12-05,-0.024885,74.45
2002-12-06,0.000672,74.5
2002-12-09,-0.014094,73.45
2002-12-10,0.007488,74.0
2002-12-11,-0.007162,73.47
2002-12-12,0.010344,74.23
2002-12-13,-0.015223,73.1
2002-12-16,0.019562,74.53
2002-12-17,0.002147,74.69
2002-12-18,-0.013255,73.7
2002-12-19,-0.046133,70.3
2002-12-20,0.022191,71.86
2002-12-23,-0.016838,70.65
2002-12-24,-0.018118,69.37
2002-12-26,0.002595,69.55
2002-12-27,-0.023436,67.92
2002-12-30,0.003239,68.14
2002-12-31,-0.000587,68.1
2003-01-02,0.022761,69.65
2003-01-03,0.010481,70.38
2003-01-06,0.037227,73.0
2003-01-07,-0.00411,72.7
2003-01-08,-0.024484,70.92
2003-01-09,0.039481,73.72
2003-01-10,0.016278,74.92
2003-01-13,-0.006674,74.42
2003-01-14,0.003762,74.7
2003-01-15,-0.01593,73.51
2003-01-16,0.001496,73.62
2003-01-17,-0.014127,72.58
2003-01-21,-0.021769,71.0
2003-01-22,-0.010563,70.25
2003-01-23,0.023772,71.92
2003-01-24,-0.036847,69.15
2003-01-27,-0.010846,68.4
2003-01-28,0.009503,69.05
2003-01-29,0.006662,69.51
2003-01-30,-0.030355,67.4
2003-01-31,0.010386,68.1
2003-02-03,0.016887,69.25
2003-02-04,-0.024982,67.52
2003-02-05,-0.001629,67.41
2003-02-06,-0.011274,66.65
2003-02-07,-0.014254,65.7
2003-02-10,0.000609,65.74
2003-02-11,-0.010496,65.05
2003-02-12,-0.01153,64.3
2003-02-13,0.009642,64.92
2003-02-14,0.027418,66.7
2003-02-18,0.01949,68.0
2003-02-19,0.003382,68.23
2003-02-20,-0.007182,67.74
2003-02-21,0.011219,68.5
2003-02-24,-0.033577,66.2
2003-02-25,0.005891,66.59
2003-02-26,-0.001652,66.48
2003-02-27,0.018201,67.69
2003-02-28,0.026001,69.45
2003-03-03,-0.02059,68.02
2003-03-04,-0.034255,65.69
2003-03-05,0.009286,66.3
2003-03-06,-0.010558,65.6
2003-03-07,0.016463,66.68
2003-03-10,-0.035093,64.34
2003-03-11,-0.021604,62.95
2003-03-12,-0.001589,62.85
2003-03-13,0.06253,66.78
2003-03-14,-0.002396,66.62
2003-03-17,0.034224,68.9
2003-03-18,0.009869,69.58
2003-03-19,0.009917,70.27
2003-03-20,-0.002704,70.08
2003-03-21,0.028824,72.1
2003-03-24,-0.030236,69.92
2003-03-25,0.011013,70.69
2003-03-26,0.005093,71.05
2003-03-27,-0.006615,70.58
2003-03-28,-0.006659,70.11
2003-03-31,-0.028955,68.08
2003-04-01,0.022621,69.62
2003-04-02,0.039931,72.4
2003-04-03,-0.000691,72.35
2003-04-04,-0.004008,72.06
2003-04-07,0.003469,72.31
2003-04-08,0.005393,72.7
2003-04-09,-0.010867,71.91
2003-04-10,0.006119,72.35
2003-04-11,0.000968,72.42
2003-04-14,0.028583,74.49
2003-04-15,0.027521,76.54
2003-04-16,-0.017507,75.2
2003-04-17,0.011968,76.1
2003-04-21,0.003285,76.35
2003-04-22,0.025933,78.33
2003-04-23,0.001277,78.43
2003-04-24,-0.01377,77.35
2003-04-25,-0.017582,75.87
2003-04-28,0.008435,76.51
2003-04-29,-0.000784,76.45
2003-04-30,-0.007194,75.9
2003-05-01,-0.00751,75.33
2003-05-02,0.016859,76.6
2003-05-05,-0.001436,76.49
2003-05-06,0.009282,77.2
2003-05-07,0.0,77.2
2003-05-08,-0.040674,74.06
2003-05-09,0.012692,75.0
2003-05-12,0.006533,75.49
2003-05-13,-0.007153,74.95
2003-05-14,0.0,74.95
2003-05-15,0.015344,76.1
2003-05-16,0.007884,76.7
2003-05-19,-0.030639,74.35
2003-05-20,0.001345,74.45
2003-05-21,0.008731,75.1
2003-05-22,0.012384,76.03
2003-05-23,0.001578,76.15
2003-05-27,0.030598,78.48
2003-05-28,0.018094,79.9
2003-05-29,-0.00388,79.59
2003-05-30,0.023998,81.5
2003-06-02,0.025031,83.54
2003-06-03,-0.006464,83.0
2003-06-04,0.027108,85.25
2003-06-05,0.024047,87.3
2003-06-06,0.016037,88.7
2003-06-09,-0.013078,87.54
2003-06-10,0.013251,88.7
2003-06-11,0.011725,89.74
2003-06-12,0.006797,90.35
2003-06-13,-0.01306,89.17
2003-06-16,0.02613,91.5
2003-06-17,0.0,91.5
2003-06-18,-0.028415,88.9
2003-06-19,-0.033521,85.92
2003-06-20,0.003841,86.25
2003-06-23,-0.011246,85.28
2003-06-24,0.015478,86.6
2003-06-25,-0.021016,84.78
2003-06-26,-0.007431,84.15
2003-06-27,-0.021034,82.38
2003-06-30,0.01663,83.75
2003-07-01,0.025075,85.85
2003-07-02,-0.005242,85.4
2003-07-03,-0.008197,84.7
2003-07-07,0.035891,87.74
2003-07-08,0.003647,88.06
2003-07-09,0.001931,88.23
2003-07-10,-0.019041,86.55
2003-07-11,0.008897,87.32
2003-07-14,0.024279,89.44
2003-07-15,-0.015877,88.02
2003-07-16,-0.008634,87.26
2003-07-17,-0.009397,86.44
2003-07-18,0.014461,87.69
2003-07-21,-0.022694,85.7
2003-07-22,0.005368,86.16
2003-07-23,-0.000696,86.1
2003-07-24,-0.00813,85.4
2003-07-25,0.014871,86.42
2003-07-28,0.000926,86.5
2003-07-29,0.003815,86.83
2003-07-30,0.001382,86.95
2003-07-31,0.002185,87.14
2003-08-01,-0.023411,85.1
2003-08-04,-0.005288,84.65
2003-08-05,-0.020673,82.9
2003-08-06,0.013872,84.05
2003-08-07,0.008328,84.75
2003-08-08,0.012625,85.82
2003-08-11,-0.000699,85.76
2003-08-12,0.022388,87.68
2003-08-13,-0.003193,87.4
2003-08-14,0.006293,87.95
2003-08-15,-0.00216,87.76
2003-08-18,0.005811,88.27
2003-08-19,0.00861,89.03
2003-08-20,-0.014939,87.7
2003-08-21,0.004561,88.1
2003-08-22,-0.012599,86.99
2003-08-25,-0.002989,86.73
2003-08-26,-0.002537,86.51
2003-08-27,-0.006242,85.97
2003-08-28,0.010352,86.86
2003-08-29,0.018766,88.49
2003-09-02,0.022149,90.45
2003-09-03,0.004091,90.82
2003-09-04,0.004845,91.26
2003-09-05,-0.003287,90.96
2003-09-08,0.004288,91.35
2003-09-09,0.004817,91.79
2003-09-10,-0.025602,89.44
2003-09-11,0.004472,89.84
2003-09-12,0.009907,90.73
2003-09-15,-0.016863,89.2
2003-09-16,0.019395,90.93
2003-09-17,0.00077,91.0
2003-09-18,0.024725,93.25
2003-09-19,0.005147,93.73
2003-09-22,-0.011416,92.66
2003-09-23,-0.038852,89.06
2003-09-24,-0.03638,85.82
2003-09-25,-0.003496,85.52
2003-09-26,-0.009588,84.7
2003-09-29,0.003542,85.0
2003-09-30,-0.012941,83.9
2003-10-01,0.02503,86.0
2003-10-02,-0.000465,85.96
2003-10-03,0.008143,86.66
2003-10-06,0.000692,86.72
2003-10-07,0.001384,86.84
2003-10-08,-0.006679,86.26
2003-10-09,0.008579,87.0
2003-10-10,-0.00069,86.94
2003-10-13,0.014148,88.17
2003-10-14,0.005331,88.64
2003-10-15,0.001241,88.75
2003-10-16,-0.008563,87.99
2003-10-17,-0.009319,87.17
2003-10-20,-0.001835,87.01
2003-10-21,0.007011,87.62
2003-10-22,-0.013125,86.47
2003-10-23,0.00902,87.0
2003-10-24,-0.013563,85.82
2003-10-27,0.027616,88.19
2003-10-28,0.046037,92.25
2003-10-29,0.004336,92.65
2003-10-30,0.008419,93.43
2003-10-31,0.005031,93.9
2003-11-03,0.024388,96.19
2003-11-04,-0.002495,95.95
2003-11-05,-0.005003,95.47
2003-11-06,0.011103,96.53
2003-11-07,0.004662,96.98
2003-11-10,-0.00928,96.08
2003-11-11,0.000208,96.1
2003-11-12,0.006243,96.7
2003-11-13,-0.007032,96.02
2003-11-14,-0.02312,93.8
2003-11-17,0.004797,94.25
2003-11-18,-0.005517,93.73
2003-11-19,0.002134,93.93
2003-11-20,-0.023102,91.76
2003-11-21,0.013187,92.97
2003-11-24,0.020975,94.92
2003-11-25,0.014012,96.25
2003-11-26,0.004364,96.67
2003-11-28,-0.006103,96.08
2003-12-01,0.014571,97.48
2003-12-02,-0.000821,97.4
2003-12-03,0.019405,99.29
2003-12-04,-0.00564,98.73
2003-12-05,-0.00709,98.03
2003-12-08,0.007855,98.8
2003-12-09,-0.006073,98.2
2003-12-10,-0.00611,97.6
2003-12-11,0.007582,98.34
2003-12-12,0.008237,99.15
2003-12-15,-0.01412,97.75
2003-12-16,-0.002353,97.52
2003-12-17,0.008511,98.35
2003-12-18,-0.010168,97.35
2003-12-19,-0.009964,96.38
2003-12-22,0.018365,98.15
2003-12-23,0.000713,98.22
2003-12-24,-0.006821,97.55
2003-12-26,0.003998,97.94
2003-12-29,0.016745,99.58
2003-12-30,-0.004218,99.16
2003-12-31,-0.004336,98.73
2004-01-02,-0.016206,97.13
2004-01-05,0.000515,97.18
2004-01-06,-0.005968,96.6
2004-01-07,0.021015,98.63
2004-01-08,0.001217,98.75
2004-01-09,-0.012658,97.5
2004-01-12,0.002872,97.78
2004-01-13,-0.001125,97.67
2004-01-14,0.017508,99.38
2004-01-15,0.01771,101.14
2004-01-16,-0.006526,100.48
2004-01-20,-0.000796,100.4
2004-01-21,0.010956,101.5
2004-01-22,-0.008079,100.68
2004-01-23,-0.009237,99.5
2004-01-26,0.02794,102.28
2004-01-27,-0.012026,101.05
2004-01-28,-0.027214,98.3
2004-01-29,0.01119,99.4
2004-01-30,0.001509,99.55
2004-02-02,0.002612,99.81
2004-02-03,0.013426,101.15
2004-02-04,-0.013841,99.75
2004-02-05,-0.009123,98.84
2004-02-06,0.025293,101.34
2004-02-09,0.00523,101.87
2004-02-10,0.003043,102.18
2004-02-11,0.048052,107.09
2004-02-12,0.002895,107.4
2004-02-13,-0.014432,105.85
2004-02-17,0.010109,106.92
2004-02-18,-0.000187,106.9
2004-02-19,-0.010571,105.77
2004-02-20,0.007091,106.52
2004-02-23,0.001408,106.67
2004-02-24,-0.022031,104.32
2004-02-25,0.014379,105.82
2004-02-26,0.004442,106.29
2004-02-27,-0.003951,105.87
2004-03-01,0.013979,107.35
2004-03-02,-0.00885,106.4
2004-03-03,0.001034,106.51
2004-03-04,0.018871,108.52
2004-03-05,0.004884,109.05
2004-03-08,-0.015589,107.35
2004-03-09,-0.014811,105.76
2004-03-10,-0.020896,103.55
2004-03-11,-0.005408,102.99
2004-03-12,0.018837,104.93
2004-03-15,-0.020109,102.82
2004-03-16,0.002334,103.06
2004-03-17,0.009218,104.01
2004-03-18,-0.002981,103.7
2004-03-19,-0.010029,102.66
2004-03-22,-0.013248,101.3
2004-03-23,0.000888,101.39
2004-03-24,-0.021205,99.24
2004-03-25,0.0263,101.85
2004-03-26,0.018655,103.75
2004-03-29,0.00453,104.22
2004-03-30,0.000384,104.26
2004-03-31,0.000863,104.35
2004-04-01,0.015812,106.0
2004-04-02,-0.000472,105.95
2004-04-05,-0.00236,105.7
2004-04-06,-0.001135,105.58
2004-04-07,-0.003126,105.25
2004-04-08,0.004276,105.7
2004-04-12,0.001135,105.82
2004-04-13,-0.025515,103.12
2004-04-14,-0.016583,101.41
2004-04-15,0.003156,101.73
2004-04-16,0.016023,103.36
2004-04-19,-0.008514,102.48
2004-04-20,-0.025078,99.91
2004-04-21,0.000901,100.0
2004-04-22,0.018,101.8
2004-04-23,-0.011198,100.41
2004-04-26,0.00737,101.15
2004-04-27,-0.002373,100.91
2004-04-28,-0.024874,98.4
2004-04-29,-0.001423,98.26
2004-04-30,-0.015367,96.75
2004-05-03,0.001757,96.92
2004-05-04,0.004643,97.37
2004-05-05,-0.01253,96.15
2004-05-06,-0.0104,95.15
2004-05-07,-0.022176,93.04
2004-05-10,-0.010103,92.1
2004-05-11,0.010966,93.11
2004-05-12,-0.002041,92.92
2004-05-13,0.005704,93.45
2004-05-14,0.005993,94.01
2004-05-17,-0.014148,92.68
2004-05-18,0.006798,93.31
2004-05-19,-0.006752,92.68
2004-05-20,-0.003021,92.4
2004-05-21,-0.007143,91.74
2004-05-24,-0.000109,91.73
2004-05-25,0.015044,93.11
2004-05-26,0.003007,93.39
2004-05-27,-0.001071,93.29
2004-05-28,0.006646,93.91
2004-06-01,-0.00969,93.0
2004-06-02,-0.013226,91.77
2004-06-03,-0.013294,90.55
2004-06-04,0.010712,91.52
2004-06-07,0.022509,93.58
2004-06-08,0.004488,94.0
2004-06-09,-0.010638,93.0
2004-06-10,0.000108,93.01
2004-06-14,-0.015912,91.53
2004-06-15,-0.014422,90.21
2004-06-16,-0.00255,89.98
2004-06-17,-0.007113,89.34
2004-06-18,-0.001791,89.18
2004-06-21,-0.004373,88.79
2004-06-22,0.020385,90.6
2004-06-23,0.012362,91.72
2004-06-24,0.016027,93.19
2004-06-25,0.014594,94.55
2004-06-28,-0.013644,93.26
2004-06-29,0.007935,94.0
2004-06-30,0.001702,94.16
2004-07-01,-0.005416,93.65
2004-07-02,-0.000427,93.61
2004-07-06,-0.015063,92.2
2004-07-07,-0.017679,90.57
2004-07-08,-0.006293,90.0
2004-07-09,0.000556,90.05
2004-07-12,0.006774,90.66
2004-07-13,-0.003309,90.36
2004-07-14,-0.005201,89.89
2004-07-15,-0.017355,88.33
2004-07-16,-0.012227,87.25
2004-07-19,0.002865,87.5
2004-07-20,0.025143,89.7
2004-07-21,-0.025418,87.42
2004-07-22,0.003889,87.76
2004-07-23,0.000456,87.55
2004-07-26,-0.00594,87.03
2004-07-27,0.020223,88.79
2004-07-28,-0.000901,88.71
2004-07-29,0.011047,89.69
2004-07-30,-0.016724,88.19
2004-08-02,0.002835,88.44
2004-08-03,-0.008593,87.68
2004-08-04,-0.000342,87.65
2004-08-05,-0.021107,85.8
2004-08-06,-0.014569,84.55
2004-08-09,0.0,84.55
2004-08-10,0.008989,85.31
2004-08-11,-0.007736,84.65
2004-08-12,-0.009333,83.86
2004-08-13,0.004651,84.25
2004-08-16,0.018635,85.82
2004-08-17,0.006642,86.39
2004-08-18,0.012154,87.44
2004-08-19,-0.009607,86.6
2004-08-20,0.013972,87.81
2004-08-23,-0.00353,87.5
2004-08-24,0.000343,87.53
2004-08-25,0.028562,90.03
2004-08-26,0.012107,91.12
2004-08-27,-0.007024,90.48
2004-08-30,-0.014699,89.15
2004-08-31,0.005609,89.65
2004-09-01,-0.005131,89.19
2004-09-02,0.020966,91.06
2004-09-03,-0.009444,90.2
2004-09-07,0.022506,92.23
2004-09-08,-0.008566,91.44
2004-09-09,0.004703,91.87
2004-09-10,0.013715,93.13
2004-09-13,0.005047,93.6
2004-09-14,0.005342,94.1
2004-09-15,-0.01796,92.41
2004-09-16,0.008116,93.16
2004-09-17,-0.011915,92.05
2004-09-20,-0.00402,91.68
2004-09-21,0.035122,94.9
2004-09-22,-0.015912,93.39
2004-09-23,-0.003426,93.07
2004-09-24,0.004405,93.48
2004-09-27,-0.007809,92.75
2004-09-28,0.003342,93.06
2004-09-29,0.002364,93.28
2004-09-30,-0.000429,93.24
2004-10-01,0.007293,93.92
2004-10-04,0.010115,94.87
2004-10-05,-0.008433,94.07
2004-10-06,0.01552,95.53
2004-10-07,-0.007118,94.85
2004-10-08,-0.006431,94.24
2004-10-11,-0.001061,94.14
2004-10-12,0.00478,94.59
2004-10-13,0.001374,94.72
2004-10-14,-0.018898,92.93
2004-10-15,0.013236,94.16
2004-10-18,0.000956,94.25
2004-10-19,-0.012626,93.06
2004-10-20,-0.007737,92.34
2004-10-21,0.014945,93.47
2004-10-22,-0.008238,92.7
2004-10-25,-0.00302,92.42
2004-10-26,0.014499,93.76
2004-10-27,0.024957,96.1
2004-10-28,0.01384,97.43
2004-10-29,0.009751,98.38
2004-11-01,-0.00061,98.32
2004-11-02,0.002339,98.55
2004-11-03,0.008321,99.37
2004-11-04,0.00634,100.0
2004-11-05,0.0085,100.85
2004-11-08,-0.006346,100.21
2004-11-09,0.006586,100.87
2004-11-10,-0.00119,100.75
2004-11-11,0.022333,103.0
2004-11-12,0.016117,104.66
2004-11-15,-0.000382,104.62
2004-11-16,-0.008603,103.72
2004-11-17,0.009545,104.71
2004-11-18,0.001146,104.83
2004-11-19,-0.017075,103.04
2004-11-22,0.003688,103.42
2004-11-23,0.003771,103.81
2004-11-24,0.011463,105.0
2004-11-26,-0.001524,104.84
2004-11-29,0.002289,105.08
2004-11-30,-0.003045,104.76
2004-12-01,0.011837,106.0
2004-12-02,0.00566,106.6
2004-12-03,-0.001219,106.47
2004-12-06,0.006575,107.17
2004-12-07,-0.010078,106.09
2004-12-08,0.005561,106.68
2004-12-09,0.007593,107.49
2004-12-10,0.017769,109.4
2004-12-13,0.009598,110.45
2004-12-14,-0.005161,109.88
2004-12-15,-0.005734,109.25
2004-12-16,-0.03524,105.4
2004-12-17,-0.015655,103.75
2004-12-20,0.000386,103.79
2004-12-21,0.011755,105.01
2004-12-22,-0.005809,104.4
2004-12-23,-0.000479,104.35
2004-12-27,-0.001437,104.2
2004-12-28,0.009117,105.15
2004-12-29,-0.004755,104.65
2004-12-30,0.00258,104.92
2004-12-31,-0.008387,104.04
2005-01-03,0.008747,104.95
2005-01-04,-0.006479,104.27
2005-01-05,-0.004507,103.8
2005-01-06,0.013777,105.23
2005-01-07,-0.004276,104.78
2005-01-10,0.001909,104.98
2005-01-11,-0.007716,104.17
2005-01-12,-0.00864,103.27
2005-01-13,-0.003195,102.94
2005-01-14,0.012434,104.22
2005-01-18,0.007484,105.0
2005-01-19,-0.008952,104.06
2005-01-20,-0.006342,103.4
2005-01-21,0.001741,103.33
2005-01-24,-0.000871,103.24
2005-01-25,-0.003681,102.86
2005-01-26,0.003889,103.26
2005-01-27,0.007166,104.0
2005-01-28,0.020385,106.12
2005-01-31,0.016302,107.85
2005-02-01,0.0051,108.4
2005-02-02,0.001753,108.59
2005-02-03,0.001381,108.74
2005-02-04,0.011771,110.02
2005-02-07,-0.003908,109.59
2005-02-08,0.017885,111.55
2005-02-09,-0.000897,111.45
2005-02-10,0.011844,112.77
2005-02-11,0.0,112.77
2005-02-14,-0.007094,111.97
2005-02-15,0.006609,112.71
2005-02-16,-0.003904,112.27
2005-02-17,-0.014875,110.6
2005-02-18,-0.014467,109.0
2005-02-22,-0.010459,107.86
2005-02-23,0.011589,109.11
2005-02-24,-0.005591,108.5
2005-02-25,0.014747,110.1
2005-02-28,-0.011807,108.8
2005-03-01,0.011213,110.02
2005-03-02,-0.002636,109.73
2005-03-03,-0.002916,109.41
2005-03-04,0.019377,111.53
2005-03-07,0.011387,112.8
2005-03-08,-0.001507,112.63
2005-03-09,-0.015626,110.87
2005-03-10,0.004149,111.33
2005-03-11,-0.015989,109.55
2005-03-14,0.004108,110.0
2005-03-15,0.004909,110.54
2005-03-16,-0.005157,109.97
2005-03-17,0.000637,110.04
2005-03-18,-0.000545,109.98
2005-03-21,-0.003455,109.6
2005-03-22,-0.01469,107.99
2005-03-23,0.000648,108.06
2005-03-24,0.003146,108.4
2005-03-28,0.011808,109.68
2005-03-29,-0.011215,108.45
2005-03-30,0.012448,109.8
2005-03-31,0.00173,109.99
2005-04-01,-0.006273,109.3
2005-04-04,0.015554,111.0
2005-04-05,-0.003694,110.59
2005-04-06,0.017271,112.5
2005-04-07,0.009156,113.53
2005-04-08,-0.005285,112.93
2005-04-11,-0.007438,112.09
2005-04-12,-0.002944,111.76
2005-04-13,-0.015659,110.01
2005-04-14,-0.013817,108.49
2005-04-15,-0.018435,106.49
2005-04-18,0.008076,107.35
2005-04-19,-0.006148,106.69
2005-04-20,-0.02212,104.33
2005-04-21,0.007476,105.11
2005-04-22,-0.006374,104.19
2005-04-25,0.014877,105.74
2005-04-26,-0.000189,105.72
2005-04-27,0.019296,107.76
2005-04-28,-0.014198,106.23
2005-04-29,0.005272,106.79
2005-05-02,-0.021819,104.46
2005-05-03,-0.000862,104.37
2005-05-04,0.018204,106.27
2005-05-05,-0.009128,105.3
2005-05-06,-0.005888,104.68
2005-05-09,0.007833,105.5
2005-05-10,-0.032133,102.11
2005-05-11,0.016061,103.75
2005-05-12,-0.034024,100.22
2005-05-13,-0.023947,97.82
2005-05-16,0.006134,98.42
2005-05-17,-0.000711,98.35
2005-05-18,0.012506,99.58
2005-05-19,0.005423,100.12
2005-05-20,0.009588,101.08
2005-05-23,-0.003858,100.69
2005-05-24,-0.011024,99.58
2005-05-25,-0.023398,97.25
2005-05-26,-0.006684,96.6
2005-05-27,-0.011387,95.5
2005-05-31,0.020942,97.5
2005-06-01,0.011692,98.64
2005-06-02,-0.009834,97.67
2005-06-03,-0.003788,97.3
2005-06-06,0.011511,98.42
2005-06-07,-0.000203,98.4
2005-06-08,-0.000508,98.35
2005-06-09,0.016268,99.95
2005-06-10,-0.009004,99.05
2005-06-13,0.00212,99.26
2005-06-14,-0.009672,98.3
2005-06-15,0.009054,99.19
2005-06-16,0.034883,102.65
2005-06-17,0.011203,103.8
2005-06-20,-0.005299,103.25
2005-06-21,-0.005908,102.64
2005-06-22,-0.001656,102.47
2005-06-23,-0.004392,102.02
2005-06-24,0.016173,103.67
2005-06-27,-0.004534,103.2
2005-06-28,0.007364,103.96
2005-06-29,-0.011254,102.79
2005-06-30,-0.007491,102.02
2005-07-01,0.006763,102.71
2005-07-05,0.004576,103.18
2005-07-06,0.003586,103.55
2005-07-07,0.005311,104.1
2005-07-08,0.01489,105.65
2005-07-11,0.015712,107.31
2005-07-12,-0.000652,107.24
2005-07-13,0.007087,108.0
2005-07-14,0.005093,108.55
2005-07-15,-0.000461,108.5
2005-07-18,-0.002396,108.24
2005-07-19,0.013673,109.72
2005-07-20,-0.001003,109.61
2005-07-21,-0.012408,108.25
2005-07-22,0.010439,109.13
2005-07-25,-0.007422,108.32
2005-07-26,-0.005539,107.72
2005-07-27,0.013275,109.15
2005-07-28,0.004764,109.67
2005-07-29,-0.019969,107.48
2005-08-01,-0.003349,107.12
2005-08-02,0.022405,109.52
2005-08-03,0.012327,110.87
2005-08-04,-0.014612,109.25
2005-08-05,0.004119,109.7
2005-08-08,0.001914,109.91
2005-08-09,0.014284,111.48
2005-08-10,0.004934,112.03
2005-08-11,0.018834,114.14
2005-08-12,-0.004293,113.65
2005-08-15,0.008975,114.67
2005-08-16,-0.022587,112.08
2005-08-17,-0.008476,111.13
2005-08-18,-0.00252,110.85
2005-08-19,0.003789,111.27
2005-08-22,0.003864,111.7
2005-08-23,0.000895,111.8
2005-08-24,-0.01619,109.99
2005-08-25,0.004637,110.5
2005-08-26,-0.006787,109.75
2005-08-29,0.003645,110.15
2005-08-30,-0.002814,109.84
2005-08-31,0.0122,111.18
2005-09-01,0.017449,113.12
2005-09-02,0.000796,113.21
2005-09-06,0.01219,114.59
2005-09-07,0.002793,114.91
2005-09-08,0.002176,115.16
2005-09-09,0.00877,116.17
2005-09-12,0.015753,118.0
2005-09-13,-0.00678,117.2
2005-09-14,-0.011092,115.9
2005-09-15,0.000431,115.95
2005-09-16,0.02113,118.4
2005-09-19,-0.001014,118.28
2005-09-20,-0.001945,118.05
2005-09-21,-0.020076,115.68
2005-09-22,0.024378,118.5
2005-09-23,0.008186,119.47
2005-09-26,0.004436,120.0
2005-09-27,-0.00275,119.67
2005-09-28,0.003593,120.1
2005-09-29,0.009326,121.22
2005-09-30,0.00297,121.58
2005-10-03,0.000576,121.65
2005-10-04,-0.022442,118.92
2005-10-05,-0.009839,117.75
2005-10-06,-0.006964,116.93
2005-10-07,0.005473,117.57
2005-10-10,0.007995,118.51
2005-10-11,-0.008101,117.55
2005-10-12,-0.016163,115.65
2005-10-13,-0.021358,113.18
2005-10-14,0.012105,114.55
2005-10-17,0.021825,117.05
2005-10-18,0.000342,117.09
2005-10-19,0.035101,121.2
2005-10-20,-0.018152,118.75
2005-10-21,0.000168,118.77
2005-10-24,0.038141,123.3
2005-10-25,0.002028,123.55
2005-10-26,0.005666,124.25
2005-10-27,-0.014648,122.43
2005-10-28,0.017398,124.56
2005-10-31,0.014531,126.37
2005-11-01,0.00182,126.6
2005-11-02,0.019984,129.13
2005-11-03,0.000542,129.2
2005-11-04,0.013622,130.96001
2005-11-07,-0.013821,129.14999
2005-11-08,-0.012621,127.52
2005-11-09,0.009253,128.7
2005-11-10,0.0108,130.09
2005-11-11,-0.000692,130.0
2005-11-14,-0.005846,129.24001
2005-11-15,-0.009827,127.97
2005-11-16,0.001641,128.17999
2005-11-17,0.017398,130.41
2005-11-18,0.008972,131.58
2005-11-21,0.006308,132.41
2005-11-22,0.001435,132.60001
2005-11-23,0.011161,134.08
2005-11-25,0.000298,134.12
2005-11-28,-0.022517,131.10001
2005-11-29,-0.004958,130.45
2005-11-30,-0.011422,128.96001
2005-12-01,0.010236,130.28
2005-12-02,0.006141,131.08
2005-12-05,0.015029,133.05
2005-12-06,-0.013078,131.31
2005-12-07,-0.010814,129.89
2005-12-08,-0.009624,128.64
2005-12-09,0.007929,129.66
2005-12-12,0.002699,130.00999
2005-12-13,0.012538,131.64
2005-12-14,-0.015269,129.63
2005-12-15,-0.01026,128.3
2005-12-16,-0.01403,126.5
2005-12-19,-0.01083,125.13
2005-12-20,0.005834,125.86
2005-12-21,0.011521,127.31
2005-12-22,0.005341,127.99
2005-12-23,0.000938,128.11
2005-12-27,0.001171,128.25999
2005-12-28,-0.002183,127.98
2005-12-29,0.000313,128.02
2005-12-30,-0.002422,127.71
2006-01-03,0.009083,128.87
2006-01-04,-0.013812,127.09
2006-01-05,-0.000393,127.04
2006-01-06,0.014169,128.84
2006-01-09,0.01203,130.39
2006-01-10,0.012578,132.03
2006-01-11,-0.000454,131.97
2006-01-12,0.002122,132.25
2006-01-13,0.007637,133.25999
2006-01-17,-0.005028,132.59
2006-01-18,-0.001659,132.37
2006-01-19,0.010954,133.82001
2006-01-20,-0.015917,131.44
2006-01-23,0.010879,132.87
2006-01-24,0.000978,133.0
2006-01-25,0.004211,133.56
2006-01-26,0.028751,137.39999
2006-01-27,0.011208,138.94
2006-01-30,0.006693,139.87
2006-01-31,0.009866,141.25
2006-02-01,0.003257,141.71001
2006-02-02,0.005716,142.52
2006-02-03,0.001544,142.74001
2006-02-06,0.00056,142.82001
2006-02-07,-0.023386,139.48
2006-02-08,0.011901,141.14
2006-02-09,-0.002055,140.85001
2006-02-10,-0.000284,140.81
2006-02-13,-0.008238,139.64999
2006-02-14,0.015253,141.78
2006-02-15,0.023699,145.14
2006-02-16,0.005236,145.89999
2006-02-17,-0.002467,145.53999
2006-02-21,-0.01436,143.45
2006-02-22,0.0145,145.53
2006-02-23,-0.010788,143.96001
2006-02-24,0.001389,144.16
2006-02-27,-0.002358,143.82001
2006-02-28,-0.017592,141.28999
2006-03-01,0.013164,143.14999
2006-03-02,0.005938,144.0
2006-03-03,0.013889,146.0
2006-03-06,-0.006712,145.02
2006-03-07,-0.005103,144.28
2006-03-08,-0.012406,142.49001
2006-03-09,-0.005544,141.7
2006-03-10,-0.0012,141.53
2006-03-13,-0.005723,140.72
2006-03-14,0.061825,149.42
2006-03-15,-0.002811,149.0
2006-03-16,-0.008792,147.69
2006-03-17,0.018078,150.36
2006-03-20,0.012104,152.17999
2006-03-21,-0.018268,149.39999
2006-03-22,0.016198,151.82001
2006-03-23,-0.000988,151.67
2006-03-24,0.003297,152.17
2006-03-27,0.018598,155.0
2006-03-28,-0.005419,154.16
2006-03-29,0.017774,156.89999
2006-03-30,-0.000574,156.81
2006-03-31,0.000957,156.96001
2006-04-03,0.00739,158.12
2006-04-04,0.018214,161.0
2006-04-05,-0.001553,160.75
2006-04-06,0.008025,162.03999
2006-04-07,-0.006295,161.02
2006-04-10,0.008943,162.46001
2006-04-11,-0.020374,159.14999
2006-04-12,0.002325,159.52
2006-04-13,-0.000564,159.42999
2006-04-17,0.015744,161.94
2006-04-18,0.022292,165.55
2006-04-19,0.009061,167.05
2006-04-20,0.008979,168.55
2006-04-21,-0.013705,165.89
2006-04-24,-0.003255,165.35001
2006-04-25,-0.015422,162.8
2006-04-26,0.003685,163.39999
2006-04-27,0.003488,163.97
2006-04-28,-0.022443,160.28999
2006-05-01,-0.023957,156.45
2006-05-02,0.015213,158.83
2006-05-03,0.002015,159.14999
2006-05-04,-0.006975,158.03999
2006-05-05,0.04018,164.39
2006-05-08,-0.005231,163.53
2006-05-09,0.013576,165.75
2006-05-10,-0.010015,164.09
2006-05-11,-0.029313,159.28
2006-05-12,-0.019902,156.11
2006-05-15,-0.019025,153.14
2006-05-16,-0.002873,152.7
2006-05-17,-0.029404,148.21001
2006-05-18,-0.007962,147.03
2006-05-19,0.016187,149.41
2006-05-22,-0.021819,146.14999
2006-05-23,-0.016764,143.7
2006-05-24,0.001531,143.92
2006-05-25,0.023624,147.32001
2006-05-26,0.038148,152.94
2006-05-30,-0.020335,149.83
2006-05-31,0.007475,150.95
2006-06-01,0.017224,153.55
2006-06-02,0.003517,154.09
2006-06-05,-0.023947,150.39999
2006-06-06,-0.007713,149.24001
2006-06-07,0.004757,149.95
2006-06-08,-0.001267,149.75999
2006-06-09,0.000868,149.89
2006-06-12,-0.032624,145.0
2006-06-13,-0.039655,139.25
2006-06-14,-0.005386,138.5
2006-06-15,0.040578,144.12
2006-06-16,-0.000833,144.0
2006-06-19,-0.001736,143.75
2006-06-20,0.010504,145.25999
2006-06-21,0.031461,149.83
2006-06-22,-0.010145,148.31
2006-06-23,-0.00263,147.92
2006-06-26,0.013386,149.89999
2006-06-27,-0.018279,147.16
2006-06-28,-0.004553,146.49001
2006-06-29,0.038979,152.2
2006-06-30,-0.01163,150.42999
2006-07-03,0.013428,152.45
2006-07-05,-0.009839,150.95
2006-07-06,-0.002451,150.58
2006-07-07,-0.013747,148.50999
2006-07-10,0.002289,148.85001
2006-07-11,-0.001209,148.67
2006-07-12,-0.022869,145.27
2006-07-13,-0.018724,142.55
2006-07-14,-0.017187,140.10001
2006-07-17,0.005496,140.87
2006-07-18,0.010435,142.34
2006-07-19,0.032528,146.97
2006-07-20,-0.012179,145.17999
2006-07-21,-0.019218,142.03999
2006-07-24,0.034216,146.89999
2006-07-25,0.010824,148.49001
2006-07-26,-0.007475,147.38
2006-07-27,0.005971,148.25999
2006-07-28,0.023337,151.72
2006-07-31,0.006789,152.75
2006-08-01,-0.009755,151.25999
2006-08-02,-0.008991,149.89999
2006-08-03,0.014677,152.10001
2006-08-04,0.005851,152.99001
2006-08-07,-0.002222,152.64999
2006-08-08,-0.007861,151.45
2006-08-09,-0.009508,150.00999
2006-08-10,0.010799,151.63
2006-08-11,-0.003429,151.11
2006-08-14,-0.004897,150.37
2006-08-15,0.015163,152.64999
2006-08-16,0.015329,154.99001
2006-08-17,-0.003484,154.45
2006-08-18,0.001489,154.67999
2006-08-21,-0.005495,153.83
2006-08-22,0.00208,154.14999
2006-08-23,-0.009406,152.7
2006-08-24,-0.008513,151.39999
2006-08-25,-0.008785,150.07001
2006-08-28,-0.003598,149.53
2006-08-29,-0.016318,147.09
2006-08-30,-0.000204,147.06
2006-08-31,0.010812,148.64999
2006-09-01,0.003296,149.14
2006-09-05,0.014349,151.28
2006-09-06,-0.004032,150.67
2006-09-07,-0.013938,148.57001
2006-09-08,0.008279,149.8
2006-09-11,0.008011,151.0
2006-09-12,0.048278,158.28999
2006-09-13,0.016236,160.86
2006-09-14,0.01032,162.52
2006-09-15,0.001169,162.71001
2006-09-18,0.003134,163.22
2006-09-19,0.001042,163.39
2006-09-20,0.019646,166.60001
2006-09-21,0.003301,167.14999
2006-09-22,0.002214,167.52
2006-09-25,0.006984,168.69
2006-09-26,-5.9e-05,168.67999
2006-09-27,0.001897,169.0
2006-09-28,0.005917,170.0
2006-09-29,-0.004882,169.17
2006-10-02,0.008985,170.69
2006-10-03,0.020564,174.2
2006-10-04,0.013548,176.56
2006-10-05,-0.006004,175.5
2006-10-06,0.000855,175.64999
2006-10-09,0.010248,177.45
2006-10-10,0.007946,178.86
2006-10-11,0.000615,178.97
2006-10-12,0.014192,181.50999
2006-10-13,0.012892,183.85001
2006-10-16,0.007452,185.22
2006-10-17,-0.011608,183.07001
2006-10-18,-0.000546,182.97
2006-10-19,-0.014046,180.05
2006-10-20,0.001944,180.39999
2006-10-23,0.023836,184.7
2006-10-24,0.017001,187.84
2006-10-25,0.004099,188.61
2006-10-26,0.02529,193.38
2006-10-27,-0.024356,188.67
2006-10-30,0.005724,189.75
2006-10-31,0.000211,189.78999
2006-11-01,-0.025238,185.0
2006-11-02,0.012919,187.39
2006-11-03,-0.001387,187.13
2006-11-06,0.015337,190.0
2006-11-07,-0.006947,188.67999
2006-11-08,0.000477,188.77
2006-11-09,-0.021137,184.78
2006-11-10,0.012339,187.06
2006-11-13,0.003582,187.73
2006-11-14,0.01401,190.36
2006-11-15,0.014446,193.11
2006-11-16,0.018694,196.72
2006-11-17,-0.00854,195.03999
2006-11-20,0.012357,197.45
2006-11-21,0.011699,199.75999
2006-11-22,0.012665,202.28999
2006-11-24,-0.003411,201.60001
2006-11-27,-0.042113,193.11
2006-11-28,0.020765,197.12
2006-11-29,-0.004566,196.22
2006-11-30,-0.007237,194.8
2006-12-01,-0.00154,194.5
2006-12-04,0.028535,200.05
2006-12-05,0.007798,201.61
2006-12-06,0.016815,205.0
2006-12-07,-0.023415,200.2
2006-12-08,0.024476,205.10001
2006-12-11,-0.012579,202.52
2006-12-12,-0.012443,200.0
2006-12-13,-0.00845,198.31
2006-12-14,0.009178,200.13
2006-12-15,-0.001449,199.84
2006-12-18,0.017014,203.24001
2006-12-19,-0.009841,201.24001
2006-12-20,0.000646,201.37
2006-12-21,-0.016239,198.10001
2006-12-22,-5.1e-05,198.09
2006-12-26,0.008935,199.86
2006-12-27,0.010457,201.95
2006-12-28,-0.005694,200.8
2006-12-29,-0.007221,199.35001
2007-01-03,0.006872,200.72
2007-01-04,-0.009316,198.85001
2007-01-05,0.001006,199.05
2007-01-08,0.023512,203.73
2007-01-09,0.001718,204.08
2007-01-10,0.019747,208.11
2007-01-11,0.018115,211.88
2007-01-12,0.009958,213.99001
2007-01-16,-0.001869,213.59
2007-01-17,-0.001685,213.23
2007-01-18,-0.016649,209.67999
2007-01-19,0.004578,210.28999
2007-01-22,0.012744,212.97
2007-01-23,-0.00155,212.64
2007-01-24,0.035083,220.10001
2007-01-25,-0.03194,213.07001
2007-01-26,0.002018,213.5
2007-01-29,-0.011522,211.03999
2007-01-30,-0.010709,208.78
2007-01-31,0.016189,212.16
2007-02-01,-0.000754,212.0
2007-02-02,0.006745,213.42999
2007-02-05,-0.004123,212.55
2007-02-06,0.00988,214.64999
2007-02-07,-0.005125,213.55
2007-02-08,0.001639,213.89999
2007-02-09,-0.002899,213.28
2007-02-12,-0.010081,211.13
2007-02-13,0.006631,212.53
2007-02-14,0.022914,217.39999
2007-02-15,-0.002668,216.82001
2007-02-16,0.000461,216.92
2007-02-20,0.018532,220.94
2007-02-21,-0.003576,220.14999
2007-02-22,-0.00536,218.97
2007-02-23,-0.01128,216.5
2007-02-26,-0.011547,214.0
2007-02-27,-0.066542,199.75999
2007-02-28,0.009962,201.75
2007-03-01,-0.010359,199.66
2007-03-02,-0.019984,195.67
2007-03-05,-0.028977,190.0
2007-03-06,0.038789,197.37
2007-03-07,-0.009019,195.59
2007-03-08,0.02224,199.94
2007-03-09,0.008803,201.7
2007-03-12,0.004462,202.60001
2007-03-13,-0.017621,199.03
2007-03-14,0.005627,200.14999
2007-03-15,0.003697,200.89
2007-03-16,-0.009408,199.0
2007-03-19,0.017286,202.44
2007-03-20,0.007706,204.0
2007-03-21,0.034069,210.95
2007-03-22,-0.004124,210.08
2007-03-23,0.008616,211.89
2007-03-26,-0.000755,211.73
2007-03-27,-0.008785,209.87
2007-03-28,-0.014819,206.75999
2007-03-29,0.002128,207.2
2007-03-30,-0.002751,206.63
2007-04-02,-0.004743,205.64999
2007-04-03,0.019937,209.75
2007-04-04,-0.004577,208.78999
2007-04-05,-0.004119,207.92999
2007-04-09,0.004857,208.94
2007-04-10,0.000526,209.05
2007-04-11,-0.010141,206.92999
2007-04-12,0.00058,207.05
2007-04-13,-0.002656,206.5
2007-04-16,0.038838,214.52
2007-04-17,0.001771,214.89999
2007-04-18,0.008609,216.75
2007-04-19,0.011719,219.28999
2007-04-20,0.004834,220.0
2007-04-23,0.011,222.42
2007-04-24,-0.007643,220.72
2007-04-25,0.02211,225.60001
2007-04-26,-0.003502,224.81
2007-04-27,-0.002358,224.28
2007-04-30,-0.025281,218.61
2007-05-01,-0.000137,218.58
2007-05-02,0.004163,219.49001
2007-05-03,0.009431,221.56
2007-05-04,0.026088,227.34
2007-05-07,-0.000528,227.22
2007-05-08,-0.00999,224.95
2007-05-09,0.007202,226.57001
2007-05-10,-0.015315,223.10001
2007-05-11,0.019722,227.5
2007-05-14,-0.005802,226.17999
2007-05-15,-0.007958,224.38
2007-05-16,0.012167,227.11
2007-05-17,0.001189,227.38
2007-05-18,0.013018,230.34
2007-05-21,-0.004819,229.23
2007-05-22,0.006456,230.71001
2007-05-23,-0.009406,228.53999
2007-05-24,-0.012514,225.67999
2007-05-25,-0.000665,225.53
2007-05-29,0.012903,228.44
2007-05-30,0.015584,232.0
2007-05-31,-0.005086,230.82001
2007-06-01,-0.000477,230.71001
2007-06-04,-0.004334,229.71001
2007-06-05,-0.001524,229.36
2007-06-06,-0.008763,227.35001
2007-06-07,-0.032109,220.05
2007-06-08,0.022768,225.06
2007-06-11,0.009331,227.16
2007-06-12,0.003038,227.85001
2007-06-13,0.025411,233.64
2007-06-14,-0.03377,225.75
2007-06-15,0.001949,226.19
2007-06-18,0.003448,226.97
2007-06-19,0.011015,229.47
2007-06-20,-0.015601,225.89
2007-06-21,0.004471,226.89999
2007-06-22,-0.019833,222.39999
2007-06-25,-0.02545,216.74001
2007-06-26,-0.011858,214.17
2007-06-27,0.024093,219.33
2007-06-28,-0.001687,218.96001
2007-06-29,-0.010093,216.75
2007-07-02,0.011211,219.17999
2007-07-03,0.024501,224.55
2007-07-05,-0.014384,221.32001
2007-07-06,0.010483,223.64
2007-07-09,-0.00152,223.3
2007-07-10,-0.027855,217.08
2007-07-11,-0.001658,216.72
2007-07-12,0.016473,220.28999
2007-07-13,0.00858,222.17999
2007-07-16,-0.008012,220.39999
2007-07-17,-0.004537,219.39999
2007-07-18,-0.0201,214.99001
2007-07-19,-0.01535,211.69
2007-07-20,-0.027162,205.94
2007-07-23,-0.00437,205.03999
2007-07-24,-0.033603,198.14999
2007-07-25,0.025284,203.16
2007-07-26,-0.039575,195.12
2007-07-27,-0.010865,192.64999
2007-07-30,0.01604,195.74001
2007-07-31,-0.037805,188.34
2007-08-01,0.003504,189.0
2007-08-02,-0.008148,187.46001
2007-08-03,-0.041502,179.67999
2007-08-06,0.045136,187.78999
2007-08-07,0.018425,191.25
2007-08-08,0.010719,193.3
2007-08-09,-0.057165,182.25
2007-08-10,-0.009602,180.5
2007-08-13,-0.016621,177.5
2007-08-14,-0.043662,169.75
2007-08-15,-0.028572,164.89999
2007-08-16,0.030018,169.85001
2007-08-17,0.030321,175.0
2007-08-20,-0.0128,172.75999
2007-08-21,0.015744,175.48
2007-08-22,0.013734,177.89
2007-08-23,-0.002192,177.5
2007-08-24,0.012563,179.73
2007-08-27,-0.009904,177.95
2007-08-28,-0.039337,170.95
2007-08-29,0.016204,173.72
2007-08-30,-0.01347,171.38
2007-08-31,0.027016,176.00999
2007-09-04,0.027214,180.8
2007-09-05,-0.016538,177.81
2007-09-06,0.007705,179.17999
2007-09-07,-0.001116,178.98
2007-09-10,0.025869,183.61
2007-09-11,-0.000599,183.5
2007-09-12,-0.005286,182.53
2007-09-13,0.032543,188.47
2007-09-14,0.011248,190.59
2007-09-17,-0.015636,187.61
2007-09-18,0.068706,200.5
2007-09-19,0.024938,205.5
2007-09-20,-0.009586,203.53
2007-09-21,0.031691,209.98
2007-09-24,0.002143,210.42999
2007-09-25,0.002234,210.89999
2007-09-26,0.017591,214.61
2007-09-27,0.010111,216.78
2007-09-28,-0.000184,216.74001
2007-10-01,0.02879,222.98
2007-10-02,0.022603,228.02
2007-10-03,-0.002938,227.35001
2007-10-04,-0.006158,225.95
2007-10-05,0.011286,228.5
2007-10-08,-0.00674,226.96001
2007-10-09,0.05393,239.2
2007-10-10,-0.013629,235.94
2007-10-11,-0.029372,229.00999
2007-10-12,0.019868,233.56
2007-10-15,-0.018068,229.34
2007-10-16,-0.019665,224.83
2007-10-17,0.012409,227.62
2007-10-18,0.001011,227.85001
2007-10-19,-0.044591,217.69
2007-10-22,0.020626,222.17999
2007-10-23,0.007111,223.75999
2007-10-24,0.006078,225.12
2007-10-25,0.008396,226.66
2007-10-26,0.040854,235.92
2007-10-29,0.033444,243.81
2007-10-30,-0.014273,240.33
2007-10-31,0.031582,247.92
2007-11-01,-0.031099,240.21001
2007-11-02,-0.04417,229.60001
2007-11-05,-0.048824,218.39
2007-11-06,0.021842,223.16
2007-11-07,-0.04024,214.17999
2007-11-08,-0.019796,209.94
2007-11-09,0.006621,211.33
2007-11-12,0.015994,214.71001
2007-11-13,0.085371,233.03999
2007-11-14,0.001159,233.31
2007-11-15,-0.02696,227.02
2007-11-16,-0.007797,225.25
2007-11-19,-0.02091,220.53999
2007-11-20,-0.013875,217.48
2007-11-21,-0.036693,209.5
2007-11-23,0.033317,216.48
2007-11-26,-0.041713,207.45
2007-11-27,0.028344,213.33
2007-11-28,0.066517,227.52
2007-11-29,-0.013801,224.38
2007-11-30,0.010072,226.64
2007-12-03,0.001103,226.89
2007-12-04,-0.051435,215.22
2007-12-05,0.014125,218.25999
2007-12-06,0.019472,222.50999
2007-12-07,-0.020763,217.89
2007-12-10,0.029006,224.21001
2007-12-11,-0.058249,211.14999
2007-12-12,0.006772,212.58
2007-12-13,-0.019287,208.48
2007-12-14,0.010505,210.67
2007-12-17,-0.009683,208.63
2007-12-18,-0.034128,201.50999
2007-12-19,0.013151,204.16
2007-12-20,-0.007298,202.67
2007-12-21,0.034194,209.60001
2007-12-24,0.022519,214.32001
2007-12-26,0.011058,216.69
2007-12-27,-0.021875,211.95
2007-12-28,-4.7e-05,211.94
2007-12-31,0.014674,215.05
2008-01-02,-0.034643,207.60001
2008-01-03,-0.013295,204.84
2008-01-04,-0.02397,199.92999
2008-01-07,-0.026009,194.73
2008-01-08,-0.026858,189.5
2008-01-09,0.011873,191.75
2008-01-10,0.02691,196.91
2008-01-11,0.009294,198.74001
2008-01-14,0.014642,201.64999
2008-01-15,-0.041458,193.28999
2008-01-16,0.021781,197.5
2008-01-17,-0.033013,190.98
2008-01-18,-0.01974,187.21001
2008-01-22,0.018589,190.69
2008-01-23,0.045624,199.39
2008-01-24,-0.000953,199.2
2008-01-25,-0.03755,191.37
2008-01-28,0.0255,196.25
2008-01-29,-0.001019,196.05
2008-01-30,0.012752,198.55
2008-01-31,0.005037,199.55
2008-02-01,0.041243,207.78
2008-02-04,-0.033593,200.8
2008-02-05,-0.054482,189.86
2008-02-06,-0.014168,187.17
2008-02-07,0.017578,190.46001
2008-02-08,-0.017799,187.07001
2008-02-11,-0.006415,185.87
2008-02-12,-0.028084,180.64999
2008-02-13,-0.002602,180.17999
2008-02-14,-0.020091,176.56
2008-02-15,0.010478,178.41
2008-02-19,-0.025839,173.8
2008-02-20,0.01985,177.25
2008-02-21,-0.011735,175.17
2008-02-22,0.0145,177.71001
2008-02-25,-0.00197,177.36
2008-02-26,-0.026274,172.7
2008-02-27,0.046902,180.8
2008-02-28,-0.022677,176.7
2008-02-29,-0.040011,169.63
2008-03-03,-0.026823,165.08
2008-03-04,-0.008965,163.60001
2008-03-05,0.008374,164.97
2008-03-06,-0.03831,158.64999
2008-03-07,0.008951,160.07001
2008-03-10,-0.02805,155.58
2008-03-11,0.048143,163.07001
2008-03-12,-0.000368,163.00999
2008-03-13,0.014907,165.44
2008-03-14,-0.051862,156.86
2008-03-17,-0.037231,151.02
2008-03-18,0.162694,175.59
2008-03-19,-0.051825,166.49001
2008-03-20,0.078924,179.63
2008-03-24,-0.004175,178.88
2008-03-25,0.004193,179.63
2008-03-26,-0.023103,175.48
2008-03-27,-0.041828,168.14
2008-03-28,-0.021946,164.45
2008-03-31,0.005716,165.39
2008-04-01,0.069351,176.86
2008-04-02,5.7e-05,176.87
2008-04-03,-0.001922,176.53
2008-04-04,-0.006401,175.39999
2008-04-07,0.018985,178.73
2008-04-08,0.000951,178.89999
2008-04-09,-0.026607,174.14
2008-04-10,-0.020616,170.55
2008-04-11,-0.019056,167.3
2008-04-14,-0.022176,163.59
2008-04-15,0.003729,164.2
2008-04-16,0.029537,169.05
2008-04-17,0.018042,172.10001
2008-04-18,0.045497,179.92999
2008-04-21,0.002612,180.39999
2008-04-22,-0.003548,179.75999
2008-04-23,-0.002281,179.35001
2008-04-24,0.052634,188.78999
2008-04-25,0.018857,192.0
2008-04-28,-0.009167,190.24001
2008-04-29,0.012826,192.67999
2008-04-30,-0.006799,191.37
2008-05-01,0.040132,199.05
2008-05-02,0.006129,200.27
2008-05-05,-0.015729,197.12
2008-05-06,0.002486,197.61
2008-05-07,-0.039725,189.75999
2008-05-08,-0.01075,187.72
2008-05-09,0.001971,188.09
2008-05-12,0.021213,192.08
2008-05-13,-0.009111,190.33
2008-05-14,-0.001051,190.13
2008-05-15,-0.007942,188.62
2008-05-16,-0.007846,187.14
2008-05-19,-0.014642,184.39999
2008-05-20,-0.010683,182.42999
2008-05-21,-0.020994,178.60001
2008-05-22,-0.007839,177.2
2008-05-23,-0.025734,172.64
2008-05-27,0.007414,173.92
2008-05-28,0.005232,174.83
2008-05-29,0.008065,176.24001
2008-05-30,0.000965,176.41
2008-06-02,-0.023071,172.34
2008-06-03,-0.010212,170.58
2008-06-04,0.008911,172.10001
2008-06-05,0.026148,176.60001
2008-06-06,-0.040544,169.44
2008-06-09,-0.021719,165.75999
2008-06-10,0.008748,167.21001
2008-06-11,-0.028766,162.39999
2008-06-12,0.026786,166.75
2008-06-13,0.069205,178.28999
2008-06-16,0.021314,182.09
2008-06-17,-0.014553,179.44
2008-06-18,0.018558,182.77
2008-06-19,0.022761,186.92999
2008-06-20,-0.016905,183.77
2008-06-23,-0.028188,178.59
2008-06-24,0.018982,181.98
2008-06-25,0.009177,183.64999
2008-06-26,-0.04024,176.25999
2008-06-27,-0.009645,174.56
2008-06-30,0.001948,174.89999
2008-07-01,0.002459,175.33
2008-07-02,0.019734,178.78999
2008-07-03,0.000559,178.89
2008-07-07,-0.050702,169.82001
2008-07-08,0.029914,174.89999
2008-07-09,-0.033619,169.02
2008-07-10,0.006745,170.16
2008-07-11,-0.045134,162.48
2008-07-14,-0.023449,158.67
2008-07-15,-0.005483,157.8
2008-07-16,0.095437,172.86
2008-07-17,0.048479,181.24001
2008-07-18,0.008828,182.84
2008-07-21,-0.011267,180.78
2008-07-22,0.040159,188.03999
2008-07-23,-0.000904,187.87
2008-07-24,-0.040507,180.25999
2008-07-25,-0.006934,178.66
2008-07-28,-0.03224,172.89999
2008-07-29,0.050492,181.63
2008-07-30,0.024996,186.17
2008-07-31,-0.011441,184.03999
2008-08-01,-0.011085,182.0
2008-08-04,-0.022747,177.86
2008-08-05,0.016361,180.77
2008-08-06,-0.006749,179.55
2008-08-07,-0.040212,172.33
2008-08-08,0.021006,175.95
2008-08-11,0.011651,178.0
2008-08-12,-0.060112,167.3
2008-08-13,-0.014346,164.89999
2008-08-14,0.010249,166.59
2008-08-15,-0.020469,163.17999
2008-08-18,-0.019243,160.03999
2008-08-19,-0.012747,158.0
2008-08-20,0.001582,158.25
2008-08-21,-0.011564,156.42
2008-08-22,0.021672,159.81
2008-08-25,-0.025655,155.71001
2008-08-26,0.001284,155.91
2008-08-27,-0.002758,155.48
2008-08-28,0.040841,161.83
2008-08-29,0.013224,163.97
2008-09-02,0.008233,165.32001
2008-09-03,0.013852,167.61
2008-09-04,-0.040034,160.89999
2008-09-05,0.014543,163.24001
2008-09-08,0.039757,169.73
2008-09-09,-0.047487,161.67
2008-09-10,-0.025237,157.59
2008-09-11,-0.003554,157.03
2008-09-12,-0.017958,154.21001
2008-09-15,-0.121328,135.5
2008-09-16,-0.018376,133.00999
2008-09-17,-0.139162,114.5
2008-09-18,-0.056769,108.0
2008-09-19,0.201852,129.8
2008-09-22,-0.069492,120.78
2008-09-23,0.035354,125.05
2008-09-24,0.063575,133.0
2008-09-25,0.018797,135.5
2008-09-26,0.018376,137.99001
2008-09-29,-0.125299,120.7
2008-09-30,0.060481,128.0
2008-10-01,0.050781,134.5
2008-10-02,-0.022008,131.53999
2008-10-03,-0.026912,128.0
2008-10-06,-0.03125,124.0
2008-10-07,-0.072581,115.0
2008-10-08,-0.017391,113.0
2008-10-09,-0.103097,101.35
2008-10-10,-0.123828,88.8
2008-10-13,0.25,111.0
2008-10-14,0.107207,122.9
2008-10-15,-0.079333,113.15
2008-10-16,-0.006628,112.4
2008-10-17,0.016904,114.3
2008-10-20,0.062992,121.5
2008-10-21,-0.001235,121.35
2008-10-22,-0.051834,115.06
2008-10-23,-0.053277,108.58
2008-10-24,-0.075336,100.4
2008-10-27,-0.0749,92.88
2008-10-28,0.007429,93.57
2008-10-29,0.043711,97.66
2008-10-30,-0.06707,91.11
2008-10-31,0.015256,92.5
2008-11-03,-0.036865,89.09
2008-11-04,0.066338,95.0
2008-11-05,-0.079684,87.43
2008-11-06,-0.076747,80.72
2008-11-07,-0.036422,77.78
2008-11-10,-0.084469,71.21
2008-11-11,0.048729,74.68
2008-11-12,-0.105651,66.79
2008-11-13,0.047911,69.99
2008-11-14,-0.046578,66.73
2008-11-17,-0.06354,62.49
2008-11-18,-0.007361,62.03
2008-11-19,-0.11043,55.18
2008-11-20,-0.05763,52.0
2008-11-21,0.025192,53.31
2008-11-24,0.264678,67.42
2008-11-25,0.064669,71.78
2008-11-26,0.065757,76.5
2008-11-28,0.032549,78.99
2008-12-01,-0.167489,65.76
2008-12-02,-0.011557,65.0
2008-12-03,0.060769,68.95
2008-12-04,-0.020595,67.53
2008-12-05,0.047238,70.72
2008-12-08,0.090922,77.15
2008-12-09,-0.056773,72.77
2008-12-10,-0.01704,71.53
2008-12-11,-0.025444,69.71
2008-12-12,-0.02826,67.74
2008-12-15,-0.018896,66.46
2008-12-16,0.143545,76.0
2008-12-17,0.036579,78.78
2008-12-18,0.016121,80.05
2008-12-19,0.008495,80.73
2008-12-22,-0.046203,77.0
2008-12-23,-0.023377,75.2
2008-12-24,0.016489,76.44
2008-12-26,-0.006149,75.97
2008-12-29,0.007766,76.56
2008-12-30,0.071839,82.06
2008-12-31,0.028394,84.39
2009-01-02,0.028084,86.76
2009-01-05,0.023283,88.78
2009-01-06,-0.000788,88.71
2009-01-07,-0.047458,84.5
2009-01-08,0.010769,85.41
2009-01-09,-0.017445,83.92
2009-01-12,-0.074476,77.67
2009-01-13,0.003219,77.92
2009-01-14,-0.028619,75.69
2009-01-15,-0.024574,73.83
2009-01-16,-0.010565,73.05
2009-01-20,-0.189596,59.2
2009-01-21,0.180743,69.9
2009-01-22,0.016166,71.03
2009-01-23,0.054625,74.91
2009-01-26,-0.009478,74.2
2009-01-27,0.054717,78.26
2009-01-28,0.120623,87.7
2009-01-29,-0.056784,82.72
2009-01-30,-0.024057,80.73
2009-02-02,0.035179,83.57
2009-02-03,-0.009094,82.81
2009-02-04,0.062311,87.97
2009-02-05,0.055473,92.85
2009-02-06,0.040065,96.57
2009-02-09,0.013669,97.89
2009-02-10,-0.076514,90.4
2009-02-11,0.047677,94.71
2009-02-12,0.009186,95.58
2009-02-13,0.009102,96.45
2009-02-17,-0.111353,85.71
2009-02-18,-0.014117,84.5
2009-02-19,0.01787,86.01
2009-02-20,-0.011084,84.59
2009-02-23,-0.053434,80.07
2009-02-24,0.161234,92.98
2009-02-25,-0.03291,89.92
2009-02-26,0.0248,92.15
2009-02-27,-0.011612,91.08
2009-03-02,-0.052811,86.27
2009-03-03,-0.045207,82.37
2009-03-04,0.037635,85.47
2009-03-05,-0.043875,81.72
2009-03-06,-0.074278,75.65
2009-03-09,-0.022472,73.95
2009-03-10,0.153212,85.28
2009-03-11,0.083372,92.39
2009-03-12,0.052603,97.25
2009-03-13,0.015938,98.8
2009-03-16,-0.049595,93.9
2009-03-17,0.054207,98.99
2009-03-18,0.063239,105.25
2009-03-19,-0.056532,99.3
2009-03-20,-0.01994,97.32
2009-03-23,0.150123,111.93
2009-03-24,-0.011882,110.6
2009-03-25,0.021248,112.95
2009-03-26,-0.008499,111.99
2009-03-27,-0.034914,108.08
2009-03-30,-0.070503,100.46
2009-03-31,0.055345,106.02
2009-04-01,0.040276,110.29
2009-04-02,0.035633,114.22
2009-04-03,0.045351,119.4
2009-04-06,-0.023032,116.65
2009-04-07,-0.004886,116.08
2009-04-08,-0.011458,114.75
2009-04-09,0.083486,124.33
2009-04-13,0.046811,130.14999
2009-04-14,-0.115559,115.11
2009-04-15,0.052819,121.19
2009-04-16,0.0,121.19
2009-04-17,-0.004868,120.6
2009-04-20,-0.046352,115.01
2009-04-21,0.046518,120.36
2009-04-22,0.00108,120.49
2009-04-23,0.019255,122.81
2009-04-24,-0.012295,121.3
2009-04-27,-0.003298,120.9
2009-04-28,-0.001902,120.67
2009-04-29,0.053949,127.18
2009-04-30,0.010379,128.5
2009-05-01,-0.011051,127.08
2009-05-04,0.055713,134.16
2009-05-05,0.007752,135.2
2009-05-06,0.029734,139.22
2009-05-07,-0.039434,133.73
2009-05-08,0.04382,139.59
2009-05-11,-0.027294,135.78
2009-05-12,-0.002725,135.41
2009-05-13,-0.045418,129.25999
2009-05-14,0.033576,133.60001
2009-05-15,0.005988,134.39999
2009-05-18,0.065104,143.14999
2009-05-19,-0.013971,141.14999
2009-05-20,-0.033369,136.44
2009-05-21,0.007842,137.16
2009-05-22,-0.005905,136.35001
2009-05-26,0.041804,142.05
2009-05-27,-0.014361,140.00999
2009-05-28,0.033141,144.64999
2009-05-29,-0.000553,144.57001
2009-06-01,-0.00166,144.33
2009-06-02,-0.008314,143.13
2009-06-03,-0.006847,142.14999
2009-06-04,0.051495,149.47
2009-06-05,-0.003078,149.00999
2009-06-08,-0.004429,148.35001
2009-06-09,0.006471,149.31
2009-06-10,-0.017614,146.67999
2009-06-11,-0.010431,145.14999
2009-06-12,0.003376,145.64
2009-06-15,-0.018058,143.00999
2009-06-16,0.008041,144.16
2009-06-17,-0.03073,139.73
2009-06-18,0.024046,143.09
2009-06-19,0.00028,143.13
2009-06-22,-0.042758,137.00999
2009-06-23,0.030509,141.19
2009-06-24,0.010341,142.64999
2009-06-25,0.012478,144.42999
2009-06-26,0.015994,146.74001
2009-06-29,0.017855,149.36
2009-06-30,-0.012855,147.44
2009-07-01,-0.000814,147.32001
2009-07-02,-0.025998,143.49001
2009-07-06,0.020698,146.46001
2009-07-07,-0.026765,142.53999
2009-07-08,-0.027992,138.55
2009-07-09,0.033634,143.21001
2009-07-10,-0.009357,141.87
2009-07-13,0.053359,149.44
2009-07-14,0.001472,149.66
2009-07-15,0.037418,155.25999
2009-07-16,0.010177,156.84
2009-07-17,0.0,156.84
2009-07-20,0.020339,160.03
2009-07-21,-0.001437,159.8
2009-07-22,0.00413,160.46001
2009-07-23,0.031098,165.45
2009-07-24,-0.004412,164.72
2009-07-27,-0.00516,163.87
2009-07-28,-0.020321,160.53999
2009-07-29,-0.006852,159.44
2009-07-30,0.01869,162.42
2009-07-31,0.005418,163.3
2009-08-03,0.004899,164.10001
2009-08-04,0.00652,165.17
2009-08-05,0.021009,168.64
2009-08-06,-0.011207,166.75
2009-08-07,-0.018591,163.64999
2009-08-10,-0.020104,160.36
2009-08-11,-0.007109,159.22
2009-08-12,0.028514,163.75999
2009-08-13,0.004397,164.48
2009-08-14,-0.01064,162.73
2009-08-17,-0.033675,157.25
2009-08-18,0.020541,160.48
2009-08-19,-0.003427,159.92999
2009-08-20,0.015007,162.33
2009-08-21,0.009425,163.50999
2009-08-24,-0.005688,162.58
2009-08-25,0.014516,164.94
2009-08-26,0.006123,165.95
2009-08-27,-0.005604,165.02
2009-08-28,-0.003636,164.42
2009-08-31,0.006325,165.46001
2009-09-01,-0.031972,160.17
2009-09-02,-0.010177,158.53999
2009-09-03,0.01968,161.66
2009-09-04,0.008103,162.97
2009-09-08,0.026078,167.22
2009-09-09,0.01824,170.27
2009-09-10,0.027016,174.87
2009-09-11,-0.000972,174.7
2009-09-14,0.01723,177.71001
2009-09-15,-0.005909,176.66
2009-09-16,0.01817,179.87
2009-09-17,0.00884,181.46001
2009-09-18,0.009479,183.17999
2009-09-21,-0.004313,182.39
2009-09-22,0.017161,185.52
2009-09-23,-0.010134,183.64
2009-09-24,-0.003158,183.06
2009-09-25,-0.019447,179.5
2009-09-28,0.016713,182.5
2009-09-29,0.005918,183.58
2009-09-30,0.004194,184.35001
2009-10-01,-0.029075,178.99001
2009-10-02,0.003464,179.61
2009-10-05,0.038194,186.47
2009-10-06,0.002735,186.98
2009-10-07,0.018719,190.48
2009-10-08,-0.012127,188.17
2009-10-09,0.006005,189.3
2009-10-12,0.00449,190.14999
2009-10-13,-0.015356,187.23
2009-10-14,0.026972,192.28
2009-10-15,-0.018983,188.63
2009-10-16,-0.022584,184.37
2009-10-19,0.006129,185.5
2009-10-20,-0.002911,184.96001
2009-10-21,-0.030818,179.25999
2009-10-22,0.024713,183.69
2009-10-23,-0.018128,180.36
2009-10-26,-0.005489,179.37
2009-10-27,-0.004237,178.61
2009-10-28,-0.036112,172.16
2009-10-29,0.037291,178.58
2009-10-30,-0.047094,170.17
2009-11-02,0.002997,170.67999
2009-11-03,0.005449,171.61
2009-11-04,-0.012295,169.5
2009-11-05,0.023009,173.39999
2009-11-06,-0.009343,171.78
2009-11-09,0.027885,176.57001
2009-11-10,-0.00034,176.50999
2009-11-11,0.018923,179.85001
2009-11-12,-0.007618,178.48
2009-11-13,-0.009637,176.75999
2009-11-16,0.002772,177.25
2009-11-17,-0.003667,176.60001
2009-11-18,0.001699,176.89999
2009-11-19,-0.023007,172.83
2009-11-20,-0.016317,170.00999
2009-11-23,0.011705,172.0
2009-11-24,-0.005058,171.13
2009-11-25,-0.012914,168.92
2009-11-27,-0.028179,164.16
2009-11-30,0.035636,169.66
2009-12-01,-0.011965,167.63
2009-12-02,-0.005787,166.66
2009-12-03,-0.014161,164.3
2009-12-04,0.017894,167.24001
2009-12-07,-0.02027,163.85001
2009-12-08,-0.012267,161.84
2009-12-09,0.028423,166.44
2009-12-10,0.001742,166.73
2009-12-11,-0.004378,166.0
2009-12-14,0.000602,166.10001
2009-12-15,-0.020229,162.74001
2009-12-16,0.013826,164.99001
2009-12-17,-0.024608,160.92999
2009-12-18,0.014043,163.19
2009-12-21,0.013849,165.45
2009-12-22,-0.005137,164.60001
2009-12-23,-0.005893,163.63
2009-12-24,0.002078,163.97
2009-12-28,-0.001281,163.75999
2009-12-29,0.002198,164.12
2009-12-30,0.01572,166.7
2009-12-31,0.012837,168.84
2010-01-04,0.025113,173.08
2010-01-05,0.01768,176.14
2010-01-06,-0.010673,174.25999
2010-01-07,0.019569,177.67
2010-01-08,-0.018912,174.31
2010-01-11,-0.015777,171.56
2010-01-12,-0.0218,167.82001
2010-01-13,0.007448,169.07001
2010-01-14,-0.003194,168.53
2010-01-15,-0.0197,165.21001
2010-01-19,0.009987,166.86
2010-01-20,0.005573,167.78999
2010-01-21,-0.041242,160.87
2010-01-22,-0.041959,154.12
2010-01-25,0.00558,154.98
2010-01-26,-0.026455,150.88
2010-01-27,0.004109,151.5
2010-01-28,0.011815,153.28999
2010-01-29,-0.029813,148.72
2010-02-01,0.029653,153.13
2010-02-02,0.024881,156.94
2010-02-03,0.001848,157.23
2010-02-04,-0.041659,150.67999
2010-02-05,0.023095,154.16
2010-02-08,-0.01985,151.10001
2010-02-09,0.009199,152.49001
2010-02-10,0.007476,153.63
2010-02-11,0.002734,154.05
2010-02-12,-0.000779,153.92999
2010-02-16,0.022543,157.39999
2010-02-17,-0.000889,157.25999
2010-02-18,-0.009729,155.73
2010-02-19,0.00289,156.17999
2010-02-22,0.003394,156.71001
2010-02-23,-6.4e-05,156.7
2010-02-24,0.010402,158.33
2010-02-25,-0.011937,156.44
2010-02-26,0.001662,156.35001
2010-03-01,0.001215,156.53999
2010-03-02,0.014118,158.75
2010-03-03,-0.006488,157.72
2010-03-04,0.037345,163.61
2010-03-05,0.02182,167.17999
2010-03-08,0.015911,169.84
2010-03-09,-0.005829,168.85001
2010-03-10,0.0183,171.94
2010-03-11,0.009131,173.50999
2010-03-12,0.008357,174.96001
2010-03-15,-0.008173,173.53
2010-03-16,0.015329,176.19
2010-03-17,0.002554,176.64
2010-03-18,0.004586,177.45
2010-03-19,0.002536,177.89999
2010-03-22,-0.009795,176.1575
2010-03-23,-0.007536,174.83
2010-03-24,-0.002402,174.41
2010-03-25,0.002809,174.89999
2010-03-26,-0.011607,172.87
2010-03-29,0.006826,174.05
2010-03-30,-0.01534,171.38
2010-03-31,-0.004376,170.63
2010-04-01,-0.002403,170.22
2010-04-05,0.017272,173.16
2010-04-06,-0.001502,172.89999
2010-04-07,0.020012,176.36
2010-04-08,0.017805,179.5
2010-04-09,-0.002117,179.12
2010-04-12,-0.007146,177.84
2010-04-13,0.007929,179.25
2010-04-14,0.031632,184.92
2010-04-15,-0.003515,184.27
2010-04-16,-0.12791,160.7
2010-04-19,0.016304,163.32001
2010-04-20,-0.020451,159.98
2010-04-21,-0.006563,158.92999
2010-04-22,0.000755,159.05
2010-04-23,-0.010374,157.39999
2010-04-26,-0.034117,152.03
2010-04-27,0.006643,153.03999
2010-04-28,0.025941,157.00999
2010-04-29,0.020572,160.24001
2010-04-30,-0.093859,145.2
2010-05-03,0.029614,149.5
2010-05-04,-0.000334,149.45
2010-05-05,-0.008431,148.19
2010-05-06,-0.039611,142.32001
2010-05-07,0.004708,142.99001
2010-05-10,0.005875,143.83
2010-05-11,-0.012932,141.97
2010-05-12,0.036839,147.2
2010-05-13,-0.017323,144.64999
2010-05-14,-0.009817,143.23
2010-05-17,-0.004119,142.64
2010-05-18,-0.037016,137.36
2010-05-19,0.019948,140.10001
2010-05-20,-0.028551,136.10001
2010-05-21,0.033211,140.62
2010-05-24,-0.027948,136.69
2010-05-25,0.042944,142.56
2010-05-26,-0.015853,140.3
2010-05-27,0.035638,144.95
2010-05-28,-0.00476,144.25999
2010-06-01,-0.016637,141.86
2010-06-02,0.020936,144.83
2010-06-03,-0.005455,144.03999
2010-06-04,-0.012427,142.25
2010-06-07,-0.025097,138.67999
2010-06-08,-0.00649,137.78
2010-06-09,-0.007113,136.8
2010-06-10,-0.022149,133.77
2010-06-11,0.013979,135.64
2010-06-14,-0.016219,133.44
2010-06-15,0.025929,136.89999
2010-06-16,0.001169,137.06
2010-06-17,0.001897,137.32001
2010-06-18,0.006263,138.17999
2010-06-21,-0.003184,137.74001
2010-06-22,-0.021417,134.78999
2010-06-23,0.002077,135.07001
2010-06-24,-0.000666,134.98
2010-06-25,0.034672,139.66
2010-06-28,-0.021481,136.66
2010-06-29,-0.021221,133.75999
2010-06-30,-0.018615,131.27
2010-07-01,-0.00099,131.14
2010-07-02,-0.000458,131.08
2010-07-06,0.009002,132.25999
2010-07-07,0.026992,135.83
2010-07-08,-0.002724,135.46001
2010-07-09,0.019194,138.06
2010-07-12,-0.005867,137.25
2010-07-13,0.021858,140.25
2010-07-14,-0.008485,139.06
2010-07-15,0.044298,145.22
2010-07-16,0.006542,146.17
2010-07-19,-0.003352,145.67999
2010-07-20,0.022172,148.91
2010-07-21,-0.012894,146.99001
2010-07-22,-0.002993,146.55
2010-07-23,0.005664,147.38
2010-07-26,0.005564,148.2
2010-07-27,-0.006545,147.23
2010-07-28,-0.000204,147.2
2010-07-29,0.036549,152.58
2010-07-30,-0.011535,150.82001
2010-08-02,0.01273,152.74001
2010-08-03,0.002946,153.19
2010-08-04,0.02102,156.41
2010-08-05,-0.003133,155.92
2010-08-06,-0.004746,155.17999
2010-08-09,0.001418,155.39999
2010-08-10,-0.009653,153.89999
2010-08-11,-0.030214,149.25
2010-08-12,0.001139,149.42
2010-08-13,-0.008968,148.08
2010-08-16,-0.002161,147.75999
2010-08-17,0.005617,148.59
2010-08-18,0.004105,149.2
2010-08-19,-0.01441,147.05
2010-08-20,0.008093,148.24001
2010-08-23,-0.010119,146.74001
2010-08-24,-0.019013,143.95
2010-08-25,0.005071,144.67999
2010-08-26,-0.019837,141.81
2010-08-27,-0.014527,139.75
2010-08-30,-0.019606,136.66
2010-08-31,0.001976,136.92999
2010-09-01,0.020522,139.74001
2010-09-02,0.000286,139.78
2010-09-03,0.053727,147.28999
2010-09-07,-0.014122,145.21001
2010-09-08,0.016046,147.53999
2010-09-09,0.010845,149.14
2010-09-10,0.008381,150.39
2010-09-13,0.026465,154.37
2010-09-14,-0.011919,152.53
2010-09-15,0.000197,152.56
2010-09-16,-0.002163,152.23
2010-09-17,-0.008211,150.98
2010-09-20,0.006094,151.89999
2010-09-21,-0.003292,151.39999
2010-09-22,-0.021995,148.07001
2010-09-23,-0.021341,144.91
2010-09-24,0.016355,147.28
2010-09-27,-0.008691,146.0
2010-09-28,-0.006781,145.00999
2010-09-29,-0.004069,144.42
2010-09-30,0.001108,144.58
2010-10-01,0.02158,147.7
2010-10-04,-0.007651,146.57001
2010-10-05,0.020468,149.57001
2010-10-06,0.008491,150.84
2010-10-07,0.00179,151.11
2010-10-08,0.010257,152.66
2010-10-11,-0.003013,152.2
2010-10-12,0.019777,155.21001
2010-10-13,-0.003093,154.73
2010-10-14,-0.020293,151.59
2010-10-15,-0.005937,150.69
2010-10-18,0.019975,153.7
2010-10-19,0.019649,156.72
2010-10-20,0.018377,159.60001
2010-10-21,-0.00188,159.3
2010-10-22,-0.009667,157.75999
2010-10-25,-0.002345,157.39
2010-10-26,0.005718,158.28999
2010-10-27,0.011751,160.14999
2010-10-28,0.019295,163.24001
2010-10-29,-0.012926,161.13
2010-11-01,0.002731,161.57001
2010-11-02,0.007737,162.82001
2010-11-03,-0.001167,162.63
2010-11-04,0.02312,166.39
2010-11-05,0.028127,171.07001
2010-11-08,-0.010931,169.2
2010-11-09,-0.015662,166.55
2010-11-10,0.004023,167.22
2010-11-11,0.00293,167.71001
2010-11-12,-0.01121,165.83
2010-11-15,0.008382,167.22
2010-11-16,-0.012678,165.10001
2010-11-17,-0.001272,164.89
2010-11-18,0.014919,167.35001
2010-11-19,-0.004063,166.67
2010-11-22,-0.033719,161.05
2010-11-23,-0.020304,157.78
2010-11-24,0.015718,160.25999
2010-11-26,-0.012729,158.22
2010-11-29,0.0067,159.28
2010-11-30,-0.017516,156.14
2010-12-01,0.014794,158.45
2010-12-02,0.02556,162.5
2010-12-03,-0.001169,162.31
2010-12-06,0.002095,162.64999
2010-12-07,-0.006517,161.59
2010-12-08,0.028158,166.14
2010-12-09,0.001866,166.45
2010-12-10,0.012136,168.47
2010-12-13,0.005995,169.48
2010-12-14,-0.012686,167.33
2010-12-15,-0.01267,165.21001
2010-12-16,-0.00454,164.46001
2010-12-17,-0.002554,164.03999
2010-12-20,0.012253,166.05
2010-12-21,0.013129,168.23
2010-12-22,0.008144,169.60001
2010-12-23,-0.011793,167.60001
2010-12-27,0.013306,169.83
2010-12-28,-0.003768,169.19
2010-12-29,-0.00922,167.63
2010-12-30,6e-05,167.64
2010-12-31,0.003102,168.16
2011-01-03,0.029079,173.05
2011-01-04,0.000173,173.08
2011-01-05,0.005315,174.0
2011-01-06,-0.010287,172.21001
2011-01-07,-0.008826,170.69
2011-01-10,-0.005449,169.75999
2011-01-11,-0.002356,169.36
2011-01-12,0.01364,171.67
2011-01-13,-0.000582,171.57001
2011-01-14,0.019992,175.0
2011-01-18,-0.001829,174.67999
2011-01-19,-0.046886,166.49001
2011-01-20,-0.004805,165.69
2011-01-21,0.003078,166.2
2011-01-24,0.000602,166.3
2011-01-25,-0.025977,161.98
2011-01-26,-0.004136,161.31
2011-01-27,0.016862,164.03
2011-01-28,-0.013778,161.77
2011-01-31,0.011436,163.62
2011-02-01,0.010451,165.33
2011-02-02,-0.001694,165.05
2011-02-03,-0.002484,164.64
2011-02-04,0.001154,164.83
2011-02-07,0.013954,167.13
2011-02-08,0.008496,168.55
2011-02-09,-0.01507,166.00999
2011-02-10,-0.004036,165.34
2011-02-11,0.007984,166.66
2011-02-14,0.00516,167.52
2011-02-15,0.002328,167.91
2011-02-16,0.00536,168.81
2011-02-17,-0.009774,167.16
2011-02-18,0.005264,168.03999
2011-02-22,-0.03035,162.94
2011-02-23,0.000921,163.09
2011-02-24,0.002146,163.44
2011-02-25,0.010279,165.12
2011-02-28,-0.005996,163.78
2011-03-01,-0.015081,161.31
2011-03-02,0.002356,161.69
2011-03-03,0.017317,164.49001
2011-03-04,-0.021217,161.0
2011-03-07,-0.011491,159.14999
2011-03-08,0.013509,161.3
2011-03-09,0.00651,162.35001
2011-03-10,-0.012812,160.27
2011-03-11,0.002558,160.67999
2011-03-14,-0.014003,158.42999
2011-03-15,-0.007448,157.25
2011-03-16,-0.018251,154.38
2011-03-17,0.008874,155.75
2011-03-18,0.027031,159.96001
2011-03-21,0.001563,160.21001
2011-03-22,0.00362,160.78999
2011-03-23,-0.007836,159.53
2011-03-24,0.002382,159.91
2011-03-25,-0.012132,157.97
2011-03-28,-0.009495,156.47
2011-03-29,0.012782,158.47
2011-03-30,0.003786,159.07001
2011-03-31,-0.002955,158.60001
2011-04-01,0.010277,160.23
2011-04-04,-0.008301,158.89999
2011-04-05,6.3e-05,158.91
2011-04-06,0.018753,161.89
2011-04-07,0.00315,162.39999
2011-04-08,-0.008867,160.96001
2011-04-11,0.003168,161.47
2011-04-12,-0.006503,160.42
2011-04-13,-0.001558,160.17
2011-04-14,-0.027346,155.78999
2011-04-15,-0.004236,155.13
2011-04-18,-0.008702,153.78
2011-04-19,-0.012485,151.86
2011-04-20,0.005531,152.7
2011-04-21,0.005305,153.50999
2011-04-25,-0.008599,152.19
2011-04-26,0.007096,153.27
2011-04-27,-0.002675,152.86
2011-04-28,-0.014785,150.60001
2011-04-29,0.002722,151.00999
2011-05-02,0.00192,151.3
2011-05-03,0.003767,151.87
2011-05-04,-0.002305,151.52
2011-05-05,-0.007326,150.41
2011-05-06,-0.002061,150.10001
2011-05-09,-0.006529,149.12
2011-05-10,0.008584,150.39999
2011-05-11,-0.016755,147.88
2011-05-12,-0.03469,142.75
2011-05-13,-0.009037,141.46001
2011-05-16,-0.006079,140.60001
2011-05-17,0.001494,140.81
2011-05-18,0.000213,140.84
2011-05-19,-0.01065,139.34
2011-05-20,-0.031219,134.99001
2011-05-23,0.006297,135.84
2011-05-24,0.003681,136.34
2011-05-25,-0.000733,136.24001
2011-05-26,0.000147,136.25999
2011-05-27,0.020182,138.66
2011-05-31,0.014929,140.73
2011-06-01,-0.032403,136.17
2011-06-02,-0.013145,134.38
2011-06-03,0.007069,135.33
2011-06-06,-0.010567,133.89999
2011-06-07,-0.006796,132.99001
2011-06-08,-0.010527,131.59
2011-06-09,0.014743,133.53
2011-06-10,0.017899,135.92
2011-06-13,0.011845,137.53
2011-06-14,-0.003127,137.10001
2011-06-15,-0.016411,134.85001
2011-06-16,0.009195,136.09
2011-06-17,0.008377,137.23
2011-06-20,-0.01523,135.14
2011-06-21,0.006068,135.96001
2011-06-22,-0.010591,134.52
2011-06-23,-0.016057,132.36
2011-06-24,-0.010955,130.91
2011-06-27,-0.001528,130.71001
2011-06-28,-0.011093,129.25999
2011-06-29,0.025298,132.53
2011-06-30,0.004225,133.09
2011-07-01,0.026749,136.64999
2011-07-05,-0.015734,134.5
2011-07-06,-0.004535,133.89
2011-07-07,0.008365,135.00999
2011-07-08,-0.006888,134.08
2011-07-11,-0.015364,132.02
2011-07-12,-0.012953,130.31
2011-07-13,-0.002993,129.92
2011-07-14,-0.000231,129.89
2011-07-15,0.002079,130.16
2011-07-18,-0.006377,129.33
2011-07-19,-0.006495,128.49001
2011-07-20,0.033154,132.75
2011-07-21,0.021318,135.58
2011-07-22,-0.000664,135.49001
2011-07-25,0.010038,136.85001
2011-07-26,0.00548,137.60001
2011-07-27,-0.02093,134.72
2011-07-28,0.008314,135.84
2011-07-29,-0.006405,134.97
2011-08-01,-0.006075,134.14999
2011-08-02,-0.021767,131.23
2011-08-03,0.006477,132.08
2011-08-04,-0.044291,126.23
2011-08-05,-0.008318,125.18
2011-08-08,-0.060074,117.66
2011-08-09,0.04309,122.73
2011-08-10,-0.100953,110.34
2011-08-11,0.070328,118.1
2011-08-12,-0.013802,116.47
2011-08-15,0.022839,119.13
2011-08-16,-0.018971,116.87
2011-08-17,0.003251,117.25
2011-08-18,-0.035053,113.14
2011-08-19,-0.012197,111.76
2011-08-22,-0.046976,106.51
2011-08-23,0.003286,106.86
2011-08-24,0.032285,110.31
2011-08-25,-0.004261,109.84
2011-08-26,0.017389,111.75
2011-08-29,0.038658,116.07
2011-08-30,-0.004652,115.18
2011-08-31,0.009029,116.22
2011-09-01,-0.034934,112.16
2011-09-02,-0.045471,107.06
2011-09-06,-0.023351,104.56
2011-09-07,0.036152,108.34
2011-09-08,-0.032767,104.79
2011-09-09,-0.024239,102.25
2011-09-12,0.006553,102.92
2011-09-13,0.011368,104.09
2011-09-14,0.004323,104.54
2011-09-15,0.03281,107.97
2011-09-16,-0.004446,107.49
2011-09-19,-0.024933,104.81
2011-09-20,-0.02099,102.61
2011-09-21,-0.046292,97.86
2011-09-22,-0.039649,93.98
2011-09-23,0.012769,95.18
2011-09-26,0.041605,99.14
2011-09-27,0.004136,99.55
2011-09-28,-0.032446,96.32
2011-09-29,0.036856,99.87
2011-09-30,-0.053269,94.55
2011-10-03,-0.047277,90.08
2011-10-04,0.049956,94.58
2011-10-05,-0.003066,94.29
2011-10-06,0.038604,97.93
2011-10-07,-0.053508,92.69
2011-10-10,0.037221,96.14
2011-10-11,0.005825,96.7
2011-10-12,0.024923,99.11
2011-10-13,-0.029866,96.15
2011-10-14,0.006032,96.73
2011-10-17,0.001757,96.9
2011-10-18,0.055212,102.25
2011-10-19,-0.014279,100.79
2011-10-20,0.000695,100.86
2011-10-21,0.012195,102.09
2011-10-24,0.018513,103.98
2011-10-25,-0.034045,100.44
2011-10-26,0.058642,106.33
2011-10-27,0.094705,116.4
2011-10-28,-0.004639,115.86
2011-10-31,-0.054462,109.55
2011-11-01,-0.054861,103.54
2011-11-02,0.025015,106.13
2011-11-03,0.014605,107.68
2011-11-04,-0.024517,105.04
2011-11-07,0.005046,105.57
2011-11-08,0.028512,108.58
2011-11-09,-0.082059,99.67
2011-11-10,-0.001706,99.5
2011-11-11,0.021709,101.66
2011-11-14,-0.023313,99.29
2011-11-15,0.004633,99.75
2011-11-16,-0.041604,95.6
2011-11-17,-0.033996,92.35
2011-11-18,-0.004764,91.91
2011-11-21,-0.006637,91.3
2011-11-22,-0.020811,89.4
2011-11-23,-0.01689,87.89
2011-11-25,0.009785,88.75
2011-11-28,0.022873,90.78
2011-11-29,-0.017845,88.81
2011-11-30,0.079383,95.86
2011-12-01,-0.014918,94.43
2011-12-02,0.029863,97.25
2011-12-05,0.026427,99.82
2011-12-06,0.013424,101.16
2011-12-07,0.039245,105.13
2011-12-08,-0.049558,99.92
2011-12-09,0.015312,101.45
2011-12-12,-0.033711,98.03
2011-12-13,-0.030501,95.04
2011-12-14,-0.018834,93.25
2011-12-15,-0.014477,91.9
2011-12-16,-0.019587,90.1
2011-12-19,-0.026637,87.7
2011-12-20,0.0374,90.98
2011-12-21,0.011211,92.0
2011-12-22,0.026304,94.42
2011-12-23,-0.006672,93.79
2011-12-27,-0.020151,91.9
2011-12-28,-0.019369,90.12
2011-12-29,0.009876,91.01
2011-12-30,-0.006373,90.43
2012-01-03,0.054517,95.36
2012-01-04,-0.006502,94.74
2012-01-05,-0.001689,94.58
2012-01-06,-0.012265,93.42
2012-01-09,0.013595,94.69
2012-01-10,0.038441,98.33
2012-01-11,0.014543,99.76
2012-01-12,0.014535,101.21
2012-01-13,-0.022231,98.96
2012-01-17,-0.012935,97.68
2012-01-18,0.067875,104.31
2012-01-19,0.032308,107.68
2012-01-20,0.009844,108.74
2012-01-23,-0.005058,108.19
2012-01-24,0.006285,108.87
2012-01-25,-0.005511,108.27
2012-01-26,0.002679,108.56
2012-01-27,0.029569,111.77
2012-01-30,-0.018252,109.73
2012-01-31,0.015857,111.47
2012-02-01,0.017763,113.45
2012-02-02,-0.000529,113.39
2012-02-03,0.036511,117.53
2012-02-06,-0.001191,117.39
2012-02-07,-0.012011,115.98
2012-02-08,0.001466,116.15
2012-02-09,-0.002325,115.88
2012-02-10,-0.015188,114.12
2012-02-13,0.003593,114.53
2012-02-14,-0.014494,112.87
2012-02-15,0.002658,113.17
2012-02-16,0.013873,114.74
2012-02-17,0.010197,115.91
2012-02-21,0.006212,116.63
2012-02-22,-0.019463,114.36
2012-02-23,0.012592,115.8
2012-02-24,0.000604,115.87
2012-02-27,0.003107,116.23
2012-02-28,0.010582,117.11
2012-02-29,-0.016822,115.14
2012-03-01,0.052024,121.13
2012-03-02,-0.009659,119.96
2012-03-05,-0.011087,118.63
2012-03-06,-0.041811,113.67
2012-03-07,0.024017,116.4
2012-03-08,0.006615,117.17
2012-03-09,0.001024,117.29
2012-03-12,-0.002558,116.99
2012-03-13,0.064536,124.54
2012-03-14,-0.033483,120.37
2012-03-15,0.022348,123.06
2012-03-16,-0.001056,122.93
2012-03-19,0.011145,124.3
2012-03-20,0.013837,126.02
2012-03-21,-0.000238,125.99
2012-03-22,-0.009921,124.74
2012-03-23,0.011544,126.18
2012-03-26,0.014979,128.07001
2012-03-27,-0.013586,126.33
2012-03-28,0.000237,126.36
2012-03-29,-0.020576,123.76
2012-03-30,0.004929,124.37
2012-04-02,0.004261,124.9
2012-04-03,-0.017534,122.71
2012-04-04,-0.022411,119.96
2012-04-05,-0.016339,118.0
2012-04-09,-0.008305,117.02
2012-04-10,-0.021022,114.56
2012-04-11,0.011959,115.93
2012-04-12,0.038472,120.39
2012-04-13,-0.044024,115.09
2012-04-16,0.022939,117.73
2012-04-17,-0.00739,116.86
2012-04-18,-0.013093,115.33
2012-04-19,-0.015001,113.6
2012-04-20,-0.010211,112.44
2012-04-23,-0.006137,111.75
2012-04-24,0.021119,114.11
2012-04-25,-0.001139,113.98
2012-04-26,0.005089,114.56
2012-04-27,-0.001309,114.41
2012-04-30,0.006468,115.15
2012-05-01,0.001563,115.33
2012-05-02,-0.013526,113.77
2012-05-03,-0.019689,111.53
2012-05-04,-0.022774,108.99
2012-05-07,0.009634,110.04
2012-05-08,-0.006089,109.37
2012-05-09,-0.019018,107.29
2012-05-10,-0.009041,106.32
2012-05-11,-0.039409,102.13
2012-05-14,-0.023108,99.77
2012-05-15,0.001002,99.87
2012-05-16,-0.016722,98.2
2012-05-17,-0.011405,97.08
2012-05-18,-0.016378,95.49
2012-05-21,0.010682,96.51
2012-05-22,0.010569,97.53
2012-05-23,0.005229,98.04
2012-05-24,-0.012036,96.86
2012-05-25,-0.001652,96.7
2012-05-29,0.016753,97.86
2012-05-30,-0.033211,94.61
2012-05-31,0.011521,95.7
2012-06-01,-0.031975,92.64
2012-06-04,-0.017703,91.0
2012-06-05,0.013297,92.21
2012-06-06,0.029823,94.96
2012-06-07,-0.01011,94.0
2012-06-08,0.005745,94.54
2012-06-11,-0.018405,92.8
2012-06-12,0.013362,94.04
2012-06-13,-0.014037,92.72
2012-06-14,0.011864,93.82
2012-06-15,0.019612,95.66
2012-06-18,-0.021221,93.63
2012-06-19,0.029264,96.37
2012-06-20,0.001868,96.55
2012-06-21,-0.027447,93.9
2012-06-22,-0.002875,93.63
2012-06-25,-0.02574,91.22
2012-06-26,-0.002083,91.03
2012-06-27,0.024607,93.27
2012-06-28,0.002359,93.49
2012-06-29,0.02535,95.86
2012-07-02,0.013249,97.13
2012-07-03,0.015134,98.6
2012-07-05,-0.027181,95.92
2012-07-06,-0.004691,95.47
2012-07-09,-0.010475,94.47
2012-07-10,-0.002329,94.25
2012-07-11,0.009337,95.13
2012-07-12,-0.011668,94.02
2012-07-13,0.036269,97.43
2012-07-16,0.002566,97.68
2012-07-17,0.003071,97.98
2012-07-18,-0.015003,96.51
2012-07-19,-0.015646,95.0
2012-07-20,-0.008842,94.16
2012-07-23,-0.01062,93.16
2012-07-24,0.014062,94.47
2012-07-25,0.015772,95.96
2012-07-26,0.021884,98.06
2012-07-27,0.036508,101.64
2012-07-30,-0.007477,100.88
2012-07-31,0.000198,100.9
2012-08-01,-0.008028,100.09
2012-08-02,-0.02278,97.81
2012-08-03,0.03241,100.98
2012-08-06,0.010299,102.02
2012-08-07,0.011959,103.24
2012-08-08,-0.007168,102.5
2012-08-09,0.010732,103.6
2012-08-10,-0.005598,103.02
2012-08-13,0.005727,103.61
2012-08-14,-0.003378,103.26
2012-08-15,-0.001259,103.13
2012-08-16,0.003491,103.49
2012-08-17,0.001063,103.6
2012-08-20,0.016216,105.28
2012-08-21,0.00038,105.32
2012-08-22,-0.006172,104.67
2012-08-23,-0.005637,104.08
2012-08-24,0.008455,104.96
2012-08-27,0.001524,105.12
2012-08-28,0.00352,105.03
2012-08-29,0.004761,105.53
2012-08-30,-0.007676,104.72
2012-08-31,0.009549,105.72
2012-09-04,0.006527,106.41
2012-09-05,0.033174,109.94
2012-09-06,0.032745,113.54
2012-09-07,0.024573,116.33
2012-09-10,-0.014184,114.68
2012-09-11,0.017527,116.69
2012-09-12,0.013283,118.24
2012-09-13,0.020551,120.67
2012-09-14,0.005718,121.36
2012-09-17,-0.01203,119.9
2012-09-18,-0.000167,119.88
2012-09-19,-0.007174,119.02
2012-09-20,-0.011679,117.63
2012-09-21,-0.007736,116.72
2012-09-24,-0.001028,116.6
2012-09-25,-0.026587,113.5
2012-09-26,-0.0037,113.08
2012-09-27,0.019013,115.23
2012-09-28,-0.013451,113.68
2012-10-01,0.027973,116.86
2012-10-02,0.003337,117.25
2012-10-03,0.005629,117.91
2012-10-04,0.016877,119.9
2012-10-05,-0.004921,119.31
2012-10-08,0.001257,119.46
2012-10-09,0.001423,119.63
2012-10-10,0.003762,120.08
2012-10-11,0.015906,121.99
2012-10-12,-0.014673,120.2
2012-10-15,0.035774,124.5
2012-10-16,-0.010281,123.22
2012-10-17,0.013796,124.92
2012-10-18,0.001841,125.15
2012-10-19,-0.012225,123.62
2012-10-22,-0.006876,122.77
2012-10-23,-0.030708,119.0
2012-10-24,0.006471,119.77
2012-10-25,-0.000417,119.72
2012-10-26,-0.002339,119.44
2012-10-31,0.024699,122.39
2012-11-01,0.0201,124.85
2012-11-02,-0.012815,123.25
2012-11-05,0.006734,124.08
2012-11-06,0.017489,126.25
2012-11-07,-0.065505,117.98
2012-11-08,-0.02297,115.27
2012-11-09,0.007634,116.15
2012-11-12,0.009384,117.24
2012-11-13,-0.006568,116.47
2012-11-14,-0.019147,114.24
2012-11-15,0.010504,115.44
2012-11-16,0.003465,115.84
2012-11-19,0.021236,118.3
2012-11-20,-0.001775,118.09
2012-11-21,-0.003303,117.7
2012-11-23,0.022175,120.31
2012-11-26,0.005237,120.94
2012-11-27,-0.02092,118.41
2012-11-28,0.011992,119.33
2012-11-29,-0.005028,118.73
2012-11-30,-0.007917,117.79
2012-12-03,0.005179,118.4
2012-12-04,-0.015372,116.58
2012-12-05,0.004718,117.13
2012-12-06,0.000598,117.2
2012-12-07,-0.005375,116.57
2012-12-10,0.003775,117.01
2012-12-11,0.015811,118.86
2012-12-12,-0.006478,118.09
2012-12-13,0.003472,118.5
2012-12-14,0.007257,119.36
2012-12-17,0.034601,123.49
2012-12-18,0.034659,127.77
2012-12-19,-0.004085,127.2481
2012-12-20,0.019426,129.72
2012-12-21,-0.009867,128.44
2012-12-24,-0.007007,127.54
2012-12-26,-0.002979,127.16
2012-12-27,-0.003853,126.67
2012-12-28,-0.009079,125.52
2012-12-31,0.016252,127.56
2013-01-02,0.032142,131.66
2013-01-03,-0.005469,130.94
2013-01-04,0.027264,134.50999
2013-01-07,-0.001859,134.25999
2013-01-08,-0.009012,133.05
2013-01-09,0.009545,134.32001
2013-01-10,0.022707,137.37
2013-01-11,-0.001747,137.13
2013-01-14,-0.007292,136.13
2013-01-15,-0.003967,135.59
2013-01-16,0.040564,141.09
2013-01-17,-0.000567,141.00999
2013-01-18,0.024396,144.45
2013-01-22,0.010384,145.95
2013-01-23,-0.002672,145.56
2013-01-24,-0.004122,144.96001
2013-01-25,-0.003449,144.46001
2013-01-28,-0.002146,144.14999
2013-01-29,0.020465,147.10001
2013-01-30,0.00034,147.14999
2013-01-31,0.004825,147.86
2013-02-01,0.013797,149.89999
2013-02-04,-0.015877,147.52
2013-02-05,0.019862,150.45
2013-02-06,0.004453,151.12
2013-02-07,-0.005691,150.25999
2013-02-08,0.008918,151.60001
2013-02-11,0.004222,152.24001
2013-02-12,0.012283,154.11
2013-02-13,0.00266,154.52
2013-02-14,0.009125,155.92999
2013-02-15,-0.006028,154.99001
2013-02-19,0.023614,158.64999
2013-02-20,-0.021872,155.17999
2013-02-21,-0.02771,150.88
2013-02-22,0.021275,154.09
2013-02-25,-0.041794,147.64999
2013-02-26,0.005757,148.0
2013-02-27,0.024662,151.64999
2013-02-28,-0.012463,149.75999
2013-03-01,0.005142,150.53
2013-03-04,0.010961,152.17999
2013-03-05,0.005126,152.96001
2013-03-06,0.007649,154.13
2013-03-07,0.016155,156.62
2013-03-08,-0.023241,152.98
2013-03-11,0.002092,153.3
2013-03-12,-0.009459,151.85001
2013-03-13,0.000395,151.91
2013-03-14,0.01389,154.02
2013-03-15,0.005324,154.84
2013-03-18,-0.018664,151.95
2013-03-19,-0.020467,148.84
2013-03-20,0.008667,150.13
2013-03-21,-0.031639,145.38
2013-03-22,0.008392,146.60001
2013-03-25,-0.003342,146.11
2013-03-26,0.002943,146.53999
2013-03-27,0.008871,147.84
2013-03-28,-0.004667,147.14999
2013-04-01,-0.007543,146.03999
2013-04-02,0.004382,146.67999
2013-04-03,-0.022293,143.41
2013-04-04,-0.002929,142.99001
2013-04-05,0.004895,143.69
2013-04-08,0.000905,143.82001
2013-04-09,0.018773,146.52
2013-04-10,0.020066,149.46001
2013-04-11,-0.002609,149.07001
2013-04-12,0.000335,149.12
2013-04-15,-0.017838,146.46001
2013-04-16,-0.016114,144.10001
2013-04-17,-0.024289,140.60001
2013-04-18,-0.014225,138.60001
2013-04-19,0.000866,138.72
2013-04-22,0.005767,139.52
2013-04-23,0.024513,142.94
2013-04-24,0.006926,143.92999
2013-04-25,0.005767,144.75999
2013-04-26,-0.00449,144.11
2013-04-29,0.006939,145.11
2013-04-30,0.006616,146.07001
2013-05-01,-0.023687,142.61
2013-05-02,0.007433,143.67
2013-05-03,0.011833,145.37
2013-05-06,0.021187,148.45
2013-05-07,0.005861,149.32001
2013-05-08,0.006295,150.25999
2013-05-09,-0.011447,148.53999
2013-05-10,0.00377,149.10001
2013-05-13,0.003555,149.63
2013-05-14,0.032681,154.52
2013-05-15,0.007054,155.61
2013-05-16,-0.007326,154.47
2013-05-17,0.024018,158.17999
2013-05-20,0.004552,158.89999
2013-05-21,0.011517,160.73
2013-05-22,-0.008648,159.34
2013-05-23,-0.012112,157.41
2013-05-24,0.008322,158.72
2013-05-28,0.015625,160.7
2013-05-29,0.013503,162.87
2013-05-30,0.009087,164.35001
2013-05-31,-0.013812,162.08
2013-06-03,0.009131,163.56
2013-06-04,-0.011494,161.67999
2013-06-05,-0.020905,158.3
2013-06-06,0.008718,159.67999
2013-06-07,0.039642,166.00999
2013-06-10,0.008915,167.49001
2013-06-11,-0.024957,163.31
2013-06-12,-0.008879,161.86
2013-06-13,0.024466,165.82001
2013-06-14,-0.017489,162.92
2013-06-17,0.007304,164.11
2013-06-18,0.000244,164.14999
2013-06-19,-0.015778,161.56
2013-06-20,-0.038066,155.41
2013-06-21,-0.007464,154.25
2013-06-24,-0.022496,150.78
2013-06-25,0.015121,153.06
2013-06-26,-0.009147,151.66
2013-06-27,0.012198,153.50999
2013-06-28,-0.014722,151.25
2013-07-01,0.003306,151.75
2013-07-02,-0.00547,150.92
2013-07-03,-0.003247,150.42999
2013-07-05,0.01868,153.24001
2013-07-08,0.00372,153.81
2013-07-09,0.02035,156.94
2013-07-10,-0.007073,155.83
2013-07-11,0.012065,157.71001
2013-07-12,0.015218,160.11
2013-07-15,0.01805,163.0
2013-07-16,-0.016933,160.24001
2013-07-17,0.007863,161.5
2013-07-18,0.015851,164.06
2013-07-19,0.001829,164.36
2013-07-22,0.011499,166.25
2013-07-23,6e-05,166.25999
2013-07-24,-0.007338,165.03999
2013-07-25,0.005272,165.91
2013-07-26,-0.003918,165.25999
2013-07-29,-0.012647,163.17
2013-07-30,-0.004535,162.42999
2013-07-31,0.00985,164.03
2013-08-01,0.021094,167.49001
2013-08-02,0.000776,167.62
2013-08-05,0.004176,168.32001
2013-08-06,-0.021031,164.78
2013-08-07,-0.008071,163.45
2013-08-08,-0.003732,162.84
2013-08-09,-0.00436,162.13
2013-08-12,-0.002714,161.69
2013-08-13,0.012493,163.71001
2013-08-14,-0.00226,163.34
2013-08-15,-0.015857,160.75
2013-08-16,-0.00056,160.66
2013-08-19,-0.012635,158.63
2013-08-20,0.005863,159.56
2013-08-21,-0.015355,157.11
2013-08-22,0.014639,159.41
2013-08-23,-0.004768,158.64999
2013-08-26,-0.004727,157.89999
2013-08-27,-0.029576,153.23
2013-08-28,0.001566,152.97
2013-08-29,0.004315,153.63
2013-08-30,-0.009764,152.13
2013-09-03,0.017288,154.75999
2013-09-04,0.006332,155.74001
2013-09-05,0.002761,156.17
2013-09-06,0.003138,156.66
2013-09-09,0.018065,159.49001
2013-09-10,0.035425,165.14
2013-09-11,-0.000484,165.06
2013-09-12,-0.01036,163.35001
2013-09-13,0.003979,164.0
2013-09-16,0.018476,167.03
2013-09-17,0.002335,167.42
2013-09-18,0.003823,168.06
2013-09-19,-0.001666,167.78
2013-09-20,0.011742,169.75
2013-09-23,-0.02651,165.25
2013-09-24,-0.013797,162.97
2013-09-25,-0.00405,162.31
2013-09-26,-0.000123,162.28999
2013-09-27,-0.015035,159.85001
2013-09-30,-0.01026,158.21001
2013-10-01,0.004993,159.0
2013-10-02,-0.002075,158.67
2013-10-03,-0.01147,156.85001
2013-10-04,-0.001913,156.55
2013-10-07,-0.014692,154.25
2013-10-08,-0.00778,153.05
2013-10-09,0.009082,154.44
2013-10-10,0.023116,158.00999
2013-10-11,0.012594,160.0
2013-10-14,-0.003375,159.46001
2013-10-15,-0.011476,157.63
2013-10-16,0.029309,162.25
2013-10-17,-0.024222,158.32001
2013-10-18,0.002337,158.69
2013-10-21,0.006806,159.77
2013-10-22,-0.003255,159.25
2013-10-23,-0.009482,157.74001
2013-10-24,0.014074,159.96001
2013-10-25,0.013316,162.09
2013-10-28,-0.003948,161.45
2013-10-29,0.004088,162.11
2013-10-30,-0.00037,162.05
2013-10-31,-0.007343,160.86
2013-11-01,0.007398,162.05
2013-11-04,0.00685,163.16
2013-11-05,-0.007416,161.95
2013-11-06,0.009694,163.52
2013-11-07,-0.023728,159.64
2013-11-08,0.022112,163.17
2013-11-11,0.004106,163.84
2013-11-12,-0.005798,162.89
2013-11-13,0.000307,162.94
2013-11-14,0.001596,163.2
2013-11-15,0.007353,164.39999
2013-11-18,0.007786,165.67999
2013-11-19,0.005553,166.60001
2013-11-20,-0.009604,165.0
2013-11-21,0.012546,167.07001
2013-11-22,0.006165,168.10001
2013-11-25,0.008209,169.48
2013-11-26,-0.008497,168.03999
2013-11-27,0.004344,168.22
2013-11-29,0.00428,168.94
2013-12-02,0.004617,169.72
2013-12-03,-0.00984,168.05
2013-12-04,0.003868,168.7
2013-12-05,-0.018613,165.56
2013-12-06,0.009966,167.21001
2013-12-09,0.002751,167.67
2013-12-10,0.012286,169.73
2013-12-11,-0.012549,167.60001
2013-12-12,0.004356,168.33
2013-12-13,0.000356,168.39
2013-12-16,0.015203,170.95
2013-12-17,-0.002691,170.49001
2013-12-18,0.025515,174.84
2013-12-19,-0.0004,174.77
2013-12-20,0.002232,175.16
2013-12-23,0.007479,176.47
2013-12-24,-0.001757,176.16
2013-12-26,0.001646,176.45
2013-12-27,-0.000567,176.35001
2013-12-30,-0.003516,175.73
2013-12-31,0.008707,177.25999
2014-01-02,-0.002087,176.89
2014-01-03,0.007123,178.14999
2014-01-06,0.006848,179.37
2014-01-07,-0.006021,178.28999
2014-01-08,0.000841,178.44
2014-01-09,-0.005828,177.39999
2014-01-10,0.005581,178.39
2014-01-13,-0.01407,175.88
2014-01-14,0.004094,176.60001
2014-01-15,0.012174,178.75
2014-01-16,-0.020028,175.17
2014-01-17,0.006337,176.28
2014-01-21,-0.017472,173.2
2014-01-22,0.002771,173.67999
2014-01-23,-0.01687,170.75
2014-01-24,-0.018214,167.64
2014-01-27,-0.017597,164.69
2014-01-28,0.009472,166.25
2014-01-29,-0.014135,163.89999
2014-01-30,0.011837,165.84
2014-01-31,-0.010372,164.12
2014-02-03,-0.0262,159.82001
2014-02-04,0.012139,161.75999
2014-02-05,-0.008284,160.42
2014-02-06,0.008291,161.75
2014-02-07,0.001113,161.92999
2014-02-10,-0.005743,161.0
2014-02-11,0.021056,164.39
2014-02-12,-0.005414,163.5
2014-02-13,0.003425,164.06
2014-02-14,-0.002072,163.72
2014-02-18,0.00568,164.64999
2014-02-19,-0.008442,163.25999
2014-02-20,0.007595,164.5
2014-02-21,0.0,164.5
2014-02-24,0.012401,166.53999
2014-02-25,-0.018374,163.48
2014-02-26,-0.000795,162.8
2014-02-27,0.015848,165.38
2014-02-28,0.00647,166.45
2014-03-03,-0.010273,164.74001
2014-03-04,0.02422,168.73
2014-03-05,0.018787,171.89999
2014-03-06,0.004072,172.60001
2014-03-07,0.009618,174.25999
2014-03-10,-0.004304,173.50999
2014-03-11,-0.020863,169.89
2014-03-12,-0.001001,169.72
2014-03-13,-0.017794,166.7
2014-03-14,-0.008098,165.35001
2014-03-17,0.009011,166.84
2014-03-18,0.007492,168.09
2014-03-19,0.000535,168.17999
2014-03-20,0.006184,169.22
2014-03-21,-0.013415,166.95
2014-03-24,-0.007367,165.72
2014-03-25,-0.014905,163.25
2014-03-26,-0.009311,161.73
2014-03-27,0.003463,162.28999
2014-03-28,6.2e-05,162.3
2014-03-31,0.00955,163.85001
2014-04-01,0.012634,165.92
2014-04-02,0.008136,167.27
2014-04-03,-0.007055,166.09
2014-04-04,-0.017159,163.24001
2014-04-07,-0.02867,158.56
2014-04-08,-0.012614,156.56
2014-04-09,0.01022,158.16
2014-04-10,-0.013784,155.98
2014-04-11,-0.0209,152.72
2014-04-14,0.013227,154.74001
2014-04-15,0.001163,154.92
2014-04-16,0.014846,157.22
2014-04-17,0.001399,157.44
2014-04-21,0.002287,157.8
2014-04-22,0.016857,160.46001
2014-04-23,-6.2e-05,160.45
2014-04-24,0.002493,160.85001
2014-04-25,-0.016226,158.24001
2014-04-28,-0.010743,156.53999
2014-04-29,0.01086,158.24001
2014-04-30,0.009985,159.82001
2014-05-01,0.003441,160.37
2014-05-02,-0.009291,158.88
2014-05-05,-0.015924,156.35001
2014-05-06,-0.011577,154.53999
2014-05-07,0.006341,155.52
2014-05-08,0.012088,157.39999
2014-05-09,-0.001271,157.2
2014-05-12,0.014949,159.55
2014-05-13,0.004575,160.28
2014-05-14,-0.005178,159.45
2014-05-15,-0.017623,156.64
2014-05-16,-0.001341,156.42999
2014-05-19,0.007927,157.67
2014-05-20,-0.008372,156.35001
2014-05-21,0.019188,159.35001
2014-05-22,0.003138,159.85001
2014-05-23,0.001939,160.16
2014-05-27,0.010053,161.77
2014-05-28,-0.000185,161.19
2014-05-29,-0.002792,160.74001
2014-05-30,-0.005786,159.81
2014-06-02,0.001377,160.03
2014-06-03,0.011061,161.8
2014-06-04,0.003646,162.39
2014-06-05,0.00117,162.58
2014-06-06,0.022205,166.19
2014-06-09,-0.001143,166.0
2014-06-10,0.002169,166.36
2014-06-11,-0.00559,165.42999
2014-06-12,0.003204,165.96001
2014-06-13,-0.000422,165.89
2014-06-16,-0.000241,165.85001
2014-06-17,0.01429,168.22
2014-06-18,0.009749,169.86
2014-06-19,-0.000765,169.73
2014-06-20,0.000648,169.84
2014-06-23,0.002355,170.24001
2014-06-24,-0.011807,168.23
2014-06-25,0.000892,168.38
2014-06-26,-0.002197,168.00999
2014-06-27,-0.007321,166.78
2014-06-30,0.003957,167.44
2014-07-01,-0.003763,166.81
2014-07-02,0.00048,166.89
2014-07-03,0.015399,169.46001
2014-07-07,-0.009914,167.78
2014-07-08,-0.017106,164.91
2014-07-09,-0.001455,164.67
2014-07-10,-0.007591,163.42
2014-07-11,0.008445,164.8
2014-07-14,0.01335,167.0
2014-07-15,0.012994,169.17
2014-07-16,0.007685,170.47
2014-07-17,-0.001936,170.14
2014-07-18,0.007817,171.47
2014-07-21,0.001458,171.72
2014-07-22,0.019217,175.02
2014-07-23,0.010285,176.82001
2014-07-24,-0.003167,176.25999
2014-07-25,-0.004879,175.39999
2014-07-28,0.003136,175.95
2014-07-29,-0.00233,175.53999
2014-07-30,0.001253,175.75999
2014-07-31,-0.016443,172.87
2014-08-01,-0.015156,170.25
2014-08-04,0.008458,171.69
2014-08-05,-0.013222,169.42
2014-08-06,0.001889,169.74001
2014-08-07,-0.00377,169.10001
2014-08-08,0.018687,172.25999
2014-08-11,0.001161,172.46001
2014-08-12,-0.000754,172.33
2014-08-13,0.000232,172.37
2014-08-14,0.002089,172.73
2014-08-15,-0.004805,171.89999
2014-08-18,0.015416,174.55
2014-08-19,-0.00338,173.96001
2014-08-20,0.000402,174.03
2014-08-21,0.006436,175.14999
2014-08-22,0.001827,175.47
2014-08-25,0.013678,177.87
2014-08-26,0.000169,177.89999
2014-08-27,0.002586,177.81
2014-08-28,-0.0009,177.64999
2014-08-29,0.008218,179.11
2014-09-02,0.003685,179.77
2014-09-03,-0.000946,179.60001
2014-09-04,0.002673,180.08
2014-09-05,-0.001833,179.75
2014-09-08,0.002003,180.11
2014-09-09,-0.015046,177.39999
2014-09-10,0.013923,179.87
2014-09-11,0.006282,181.0
2014-09-12,0.011989,183.17
2014-09-15,0.004422,183.98
2014-09-16,0.000326,184.03999
2014-09-17,0.004238,184.82001
2014-09-18,0.016611,187.89
2014-09-19,-0.008995,186.2
2014-09-22,-0.004887,185.28999
2014-09-23,-0.001079,185.09
2014-09-24,0.014696,187.81
2014-09-25,-0.019807,184.09
2014-09-26,0.005595,185.12
2014-09-29,-0.006968,183.83
2014-09-30,-0.001414,183.57001
2014-10-01,-0.015634,180.7
2014-10-02,0.012064,182.88
2014-10-03,0.028379,188.07001
2014-10-06,-0.003137,187.48
2014-10-07,-0.019629,183.8
2014-10-08,0.015452,186.64
2014-10-09,-0.028772,181.27
2014-10-10,-0.00491,180.38
2014-10-13,-0.008926,178.77
2014-10-14,-0.000392,178.7
2014-10-15,-0.00817,177.24001
2014-10-16,-0.026292,172.58
2014-10-17,0.02509,176.91
2014-10-20,0.005257,177.84
2014-10-21,0.013158,180.17999
2014-10-22,-0.018593,176.83
2014-10-23,0.018266,180.06
2014-10-24,0.018272,183.35001
2014-10-27,0.003054,183.91
2014-10-28,0.013104,186.32001
2014-10-29,-0.001288,186.08
2014-10-30,0.004783,186.97
2014-10-31,0.016152,189.99001
2014-11-03,0.004421,190.83
2014-11-04,-0.002935,190.27
2014-11-05,-0.00226,189.84
2014-11-06,0.00611,191.0
2014-11-07,-0.001518,190.71001
2014-11-10,0.005715,191.8
2014-11-11,0.000417,191.88
2014-11-12,-0.00886,190.17999
2014-11-13,0.000316,190.24001
2014-11-14,-0.001367,189.98
2014-11-17,-0.000263,189.92999
2014-11-18,-0.001527,189.64
2014-11-19,-0.002373,189.19
2014-11-20,0.00296,189.75
2014-11-21,-0.000843,189.59
2014-11-24,0.002532,190.07001
2014-11-25,-0.006366,188.86
2014-11-26,-0.0018,188.52
2014-11-28,0.002599,188.41
2014-12-01,-0.001115,188.2
2014-12-02,0.010574,190.19
2014-12-03,0.003996,190.95
2014-12-04,0.005237,191.95
2014-12-05,0.018234,195.45
2014-12-08,0.005986,196.62
2014-12-09,0.001373,196.89
2014-12-10,-0.024836,192.0
2014-12-11,0.008021,193.53999
2014-12-12,-0.024388,188.82001
2014-12-15,-0.017371,185.53999
2014-12-16,-0.012019,183.31
2014-12-17,0.009383,185.03
2014-12-18,0.035562,191.61
2014-12-19,0.008716,193.28
2014-12-22,0.006002,194.44
2014-12-23,0.005452,195.5
2014-12-24,0.001995,195.89
2014-12-26,-0.002246,195.45
2014-12-29,0.003786,196.19
2014-12-30,-0.002447,195.71001
2014-12-31,-0.009606,193.83
2015-01-02,0.002992,194.41
2015-01-05,-0.031223,188.34
2015-01-06,-0.020229,184.53
2015-01-07,0.014903,187.28
2015-01-08,0.015965,190.27
2015-01-09,-0.015347,187.35001
2015-01-12,-0.01217,185.07001
2015-01-13,-0.000757,184.92999
2015-01-14,-0.025415,180.23
2015-01-15,-0.009654,178.49001
2015-01-16,-0.007059,177.23
2015-01-20,-0.009028,175.63
2015-01-21,0.008654,177.14999
2015-01-22,0.027604,182.03999
2015-01-23,-0.008515,180.49001
2015-01-26,-0.000388,180.42
2015-01-27,-0.021783,176.49001
2015-01-28,-0.019491,173.05
2015-01-29,0.016989,175.99001
2015-01-30,-0.020342,172.41
2015-02-02,0.017864,175.49001
2015-02-03,0.027067,180.24001
2015-02-04,-0.0081,178.78
2015-02-05,0.011131,180.77
2015-02-06,0.014715,183.42999
2015-02-09,-0.006596,182.22
2015-02-10,0.012842,184.56
2015-02-11,0.016743,187.64999
2015-02-12,0.011351,189.78
2015-02-13,-0.00411,189.0
2015-02-17,0.005397,190.02
2015-02-18,-0.007105,188.67
2015-02-19,0.002332,189.11
2015-02-20,0.012691,191.50999
2015-02-23,-0.006266,190.31
2015-02-24,0.010036,192.22
2015-02-25,-0.002601,191.72
2015-02-26,0.005633,192.2
2015-02-27,-0.012539,189.78999
2015-03-02,0.010538,191.78999
2015-03-03,-0.002711,191.27
2015-03-04,-0.008365,189.67
2015-03-05,0.002162,190.08
2015-03-06,-0.016677,186.91
2015-03-09,0.005457,187.92999
2015-03-10,-0.027776,182.71001
2015-03-11,0.008045,184.17999
2015-03-12,0.031328,189.95
2015-03-13,-0.003211,189.34
2015-03-16,0.013521,191.89999
2015-03-17,-0.006931,190.57001
2015-03-18,0.009183,192.32001
2015-03-19,-0.012219,189.97
2015-03-20,0.016634,193.13
2015-03-23,-0.006058,191.96001
2015-03-24,-0.003542,191.28
2015-03-25,-0.020546,187.35001
2015-03-26,-0.000587,187.24001
2015-03-27,0.004379,188.06
2015-03-30,0.01574,191.02
2015-03-31,-0.015967,187.97
2015-04-01,0.022663,192.23
2015-04-02,-0.003537,191.55
2015-04-06,0.00261,192.05
2015-04-07,0.00177,192.39
2015-04-08,0.000884,192.56
2015-04-09,0.0121,194.89
2015-04-10,0.003848,195.64
2015-04-13,-0.000307,195.58
2015-04-14,0.010942,197.72
2015-04-15,0.017095,201.10001
2015-04-16,-0.004426,200.21001
2015-04-17,-0.014285,197.35001
2015-04-20,0.0038,198.10001
2015-04-21,-0.00636,196.84
2015-04-22,0.007519,198.32001
2015-04-23,0.004992,199.31
2015-04-24,-0.006623,197.99001
2015-04-27,-0.007425,196.52
2015-04-28,0.004936,197.49001
2015-04-29,0.005418,198.56
2015-04-30,-0.010778,196.42
2015-05-01,0.005651,197.53
2015-05-04,0.008961,199.3
2015-05-05,-0.010085,197.28999
2015-05-06,-0.005271,196.25
2015-05-07,0.005809,197.39
2015-05-08,0.015756,200.5
2015-05-11,0.006135,201.73
2015-05-12,-0.005949,200.53
2015-05-13,0.004488,201.42999
2015-05-14,0.005908,202.62
2015-05-15,0.001727,202.97
2015-05-18,0.008326,204.66
2015-05-19,0.003616,205.39999
2015-05-20,-0.001558,205.08
2015-05-21,-0.000634,204.95
2015-05-22,0.013906,207.8
2015-05-26,-0.006833,206.38
2015-05-27,0.012986,209.06
2015-05-28,0.000335,208.48
2015-05-29,-0.010984,206.19
2015-06-01,0.007857,207.81
2015-06-02,-0.006641,206.42999
2015-06-03,0.00901,208.28999
2015-06-04,0.002785,208.87
2015-06-05,0.007565,210.45
2015-06-08,-0.003136,209.78999
2015-06-09,-0.00367,209.02
2015-06-10,0.019663,213.13
2015-06-11,0.0038,213.94
2015-06-12,-0.004113,213.06
2015-06-15,-0.006102,211.75999
2015-06-16,0.0085,213.56
2015-06-17,-0.00295,212.92999
2015-06-18,0.007843,214.60001
2015-06-19,-0.00657,213.19
2015-06-22,0.015573,216.50999
2015-06-23,0.008729,218.39999
2015-06-24,-0.018178,214.42999
2015-06-25,-0.007508,212.82001
2015-06-26,0.001645,213.17
2015-06-29,-0.025895,207.64999
2015-06-30,0.00549,208.78999
2015-07-01,0.005508,209.94
2015-07-02,-0.003525,209.2
2015-07-06,-0.005545,208.03999
2015-07-07,0.000817,208.21001
2015-07-08,-0.019932,204.06
2015-07-09,0.003675,204.81
2015-07-10,0.011621,207.19
2015-07-13,0.014142,210.12
2015-07-14,0.009709,212.16
2015-07-15,0.003771,212.96001
2015-07-16,-0.008358,211.17999
2015-07-17,0.006061,212.46001
2015-07-20,-0.00033,212.39
2015-07-21,-0.00419,211.5
2015-07-22,0.008274,213.25
2015-07-23,-0.010317,211.05
2015-07-24,-0.017531,207.35001
2015-07-27,-0.011237,205.02
2015-07-28,0.005951,206.24001
2015-07-29,0.002909,206.84
2015-07-30,0.00174,207.2
2015-07-31,-0.01028,205.07001
2015-08-03,-0.001853,204.69
2015-08-04,0.002345,205.17
2015-08-05,0.002583,205.7
2015-08-06,-0.002965,205.09
2015-08-07,-0.008045,203.44
2015-08-10,0.012436,205.97
2015-08-11,-0.020731,201.7
2015-08-12,-0.002826,201.13
2015-08-13,-0.001939,200.74001
2015-08-14,0.006376,202.02
2015-08-17,0.002723,202.57001
2015-08-18,-0.006862,201.17999
2015-08-19,-0.001143,200.95
2015-08-20,-0.020901,196.75
2015-08-21,-0.045794,187.74001
2015-08-24,-0.044104,179.46001
2015-08-25,-0.00691,178.22
2015-08-26,0.034676,184.39999
2015-08-27,0.026085,189.21001
2015-08-28,-0.004281,187.75
2015-08-31,0.004527,188.60001
2015-09-01,-0.034359,182.12
2015-09-02,0.013123,184.50999
2015-09-03,0.002981,185.06
2015-09-04,-0.025289,180.38
2015-09-08,0.030491,185.88
2015-09-09,-0.001076,185.67999
2015-09-10,0.001239,185.91
2015-09-11,-0.003443,185.27
2015-09-14,-0.007179,183.94
2015-09-15,0.019082,187.45
2015-09-16,0.006348,188.64
2015-09-17,-0.011609,186.45
2015-09-18,-0.029552,180.94
2015-09-21,0.013319,183.35001
2015-09-22,-0.019798,179.72
2015-09-23,-0.001725,179.41
2015-09-24,-0.013935,176.91
2015-09-25,0.016506,179.83
2015-09-28,-0.037869,173.02
2015-09-29,-0.006704,171.86
2015-09-30,0.011056,173.75999
2015-10-01,0.013007,176.02
2015-10-02,0.005624,177.00999
2015-10-05,0.020846,180.7
2015-10-06,-0.002103,180.32001
2015-10-07,0.010592,182.23
2015-10-08,-0.006366,181.07001
2015-10-09,-0.010383,179.19
2015-10-12,0.005804,180.23
2015-10-13,0.004106,180.97
2015-10-14,-0.008068,179.50999
2015-10-15,0.030361,184.96001
2015-10-16,0.001189,185.17999
2015-10-19,0.003024,185.74001
2015-10-20,-0.001238,185.50999
2015-10-21,-0.031319,179.7
2015-10-22,0.02148,183.56
2015-10-23,0.010569,185.5
2015-10-26,0.00814,187.00999
2015-10-27,-0.003743,186.31
2015-10-28,0.026891,191.32001
2015-10-29,-0.007474,189.89
2015-10-30,-0.012586,187.5
2015-11-02,0.011627,189.67999
2015-11-03,0.005325,190.69
2015-11-04,0.005034,191.64999
2015-11-05,0.001931,192.02
2015-11-06,0.037236,199.17
2015-11-09,-0.0121,196.75999
2015-11-10,0.005336,197.81
2015-11-11,-0.002123,197.39
2015-11-12,-0.023405,192.77
2015-11-13,-0.012346,190.39
2015-11-16,0.009297,192.16
2015-11-17,-0.008274,190.57001
2015-11-18,0.016215,193.66
2015-11-19,-0.003253,193.03
2015-11-20,-0.008082,191.47
2015-11-23,-0.011908,189.19
2015-11-24,-0.002749,188.67
2015-11-25,0.002544,189.14999
2015-11-27,0.006979,190.47
2015-11-30,0.00105,190.02
2015-12-01,0.016051,193.07001
2015-12-02,-0.014554,190.25999
2015-12-03,-0.026595,185.2
2015-12-04,0.025864,189.99001
2015-12-07,-0.023686,185.49001
2015-12-08,-0.013855,182.92
2015-12-09,-0.012082,180.71001
2015-12-10,0.007747,182.11
2015-12-11,-0.030476,176.56
2015-12-14,-0.000906,176.39999
2015-12-15,0.031803,182.00999
2015-12-16,0.023076,186.21001
2015-12-17,-0.019333,182.61
2015-12-18,-0.03899,175.49001
2015-12-21,0.012878,177.75
2015-12-22,0.01294,180.05
2015-12-23,0.016107,182.95
2015-12-24,-0.002624,182.47
2015-12-28,-0.004658,181.62
2015-12-29,0.010517,183.53
2015-12-30,-0.008282,182.00999
2015-12-31,-0.00978,180.23
2016-01-04,-0.017145,177.14
2016-01-05,-0.017218,174.09
2016-01-06,-0.024413,169.84
2016-01-07,-0.030735,164.62
2016-01-08,-0.004131,163.94
2016-01-11,0.010919,165.73
2016-01-12,-0.000121,165.71001
2016-01-13,-0.040553,158.99001
2016-01-14,0.015095,161.39
2016-01-15,-0.035814,155.61
2016-01-19,0.007776,156.82001
2016-01-20,-0.019577,153.75
2016-01-21,-0.013659,151.64999
2016-01-22,0.034356,156.86
2016-01-25,-0.036593,151.12
2016-01-26,0.022036,154.45
2016-01-27,-0.004726,153.72
2016-01-28,0.021728,157.06
2016-01-29,0.028652,161.56
2016-02-01,-0.011822,159.64999
2016-02-02,-0.049796,151.7
2016-02-03,0.00646,152.67999
2016-02-04,0.024954,156.49001
2016-02-05,-0.000128,156.47
2016-02-08,-0.046143,149.25
2016-02-09,-0.0067,148.25
2016-02-10,-0.00688,147.23
2016-02-11,-0.04442,140.69
2016-02-12,0.038667,146.13
2016-02-16,0.019777,149.02
2016-02-17,0.012884,150.94
2016-02-18,-0.021267,147.73
2016-02-19,-0.005551,146.91
2016-02-22,0.012797,148.78999
2016-02-23,-0.026077,144.91
2016-02-24,0.004486,145.56
2016-02-25,0.01848,148.25
2016-02-26,0.013491,150.25
2016-02-29,-0.000466,149.53
2016-03-01,0.034241,154.64999
2016-03-02,-0.00291,154.2
2016-03-03,0.007328,155.33
2016-03-04,0.009721,156.84
2016-03-07,-0.0095,155.35001
2016-03-08,-0.024139,151.60001
2016-03-09,-0.011148,149.91
2016-03-10,0.007404,151.02
2016-03-11,0.019335,153.94
2016-03-14,-0.002923,153.49001
2016-03-15,-0.009512,152.03
2016-03-16,-0.009801,150.53999
2016-03-17,0.015743,152.91
2016-03-18,0.030672,157.60001
2016-03-21,-0.008312,156.28999
2016-03-22,-0.013373,154.2
2016-03-23,-0.000778,154.08
2016-03-24,-0.007009,153.0
2016-03-28,0.00549,153.84
2016-03-29,0.007735,155.03
2016-03-30,0.009482,156.5
2016-03-31,0.003067,156.98
2016-04-01,0.018092,159.82001
2016-04-04,-0.012827,157.77
2016-04-05,-0.015339,155.35001
2016-04-06,-0.00103,155.19
2016-04-07,-0.030801,150.41
2016-04-08,-0.000864,150.28
2016-04-11,0.012776,152.2
2016-04-12,0.013863,154.31
2016-04-13,0.035902,159.85001
2016-04-14,0.006631,160.91
2016-04-15,-0.014853,158.52
2016-04-18,0.003154,159.02
2016-04-19,0.022827,162.64999
2016-04-20,0.026622,166.98
2016-04-21,-0.009941,165.32001
2016-04-22,0.00865,166.75
2016-04-25,-0.009955,165.09
2016-04-26,0.004543,165.84
2016-04-27,0.006512,166.92
2016-04-28,-0.015756,164.28999
2016-04-29,-0.001096,164.11
2016-05-02,0.012613,166.17999
2016-05-03,-0.018293,163.14
2016-05-04,-0.018818,160.07001
2016-05-05,-0.003374,159.53
2016-05-06,-0.004262,158.85001
2016-05-09,-0.008436,157.50999
2016-05-10,0.024824,161.42
2016-05-11,-0.01239,159.42
2016-05-12,-0.008468,158.07001
2016-05-13,-0.017271,155.34
2016-05-16,0.000258,155.38
2016-05-17,-0.004698,154.64999
2016-05-18,0.034206,159.94
2016-05-19,-0.032762,154.7
2016-05-20,-0.001228,154.50999
2016-05-23,0.006084,155.45
2016-05-24,0.013767,157.59
2016-05-25,0.023225,161.25
2016-05-26,-0.012589,159.22
2016-05-27,0.006029,159.53
2016-05-31,-0.000313,159.48
2016-06-01,0.003073,159.97
2016-06-02,-0.004313,159.28
2016-06-03,-0.022665,155.67
2016-06-06,0.008929,157.06
2016-06-07,-0.012034,155.17
2016-06-08,-0.003416,154.64
2016-06-09,-0.009506,153.17
2016-06-10,-0.021414,149.89
2016-06-13,-0.008406,148.63
2016-06-14,-0.016417,146.19
2016-06-15,-0.000205,146.16
2016-06-16,0.003216,146.63
2016-06-17,-0.006752,145.64
2016-06-20,0.014488,147.75
2016-06-21,0.004061,148.35001
2016-06-22,-0.001416,148.14
2016-06-23,0.030512,152.66
2016-06-24,-0.070746,141.86
2016-06-27,-0.016566,139.50999
2016-06-28,0.020787,142.41
2016-06-29,0.021698,145.5
2016-06-30,0.021168,148.58
2016-07-01,-0.002221,148.25
2016-07-05,-0.025632,144.45
2016-07-06,0.007823,145.58
2016-07-07,0.009754,147.0
2016-07-08,0.022993,150.38
2016-07-11,0.012036,152.19
2016-07-12,0.03108,156.92
2016-07-13,0.006373,157.92
2016-07-14,0.029255,162.53999
2016-07-15,-0.005537,161.64
2016-07-18,0.010455,163.33
2016-07-19,-0.011755,161.41
2016-07-20,0.00223,161.77
2016-07-21,-0.010632,160.05
2016-07-22,0.002249,160.41
2016-07-25,0.000623,160.50999
2016-07-26,0.00405,161.16
2016-07-27,-0.001055,160.99001
2016-07-28,-0.002857,160.53
2016-07-29,-0.010715,158.81
2016-08-01,-0.003967,158.17999
2016-08-02,-0.013402,156.06
2016-08-03,0.01461,158.34
2016-08-04,-0.001831,158.05
2016-08-05,0.025562,162.09
2016-08-08,0.004565,162.83
2016-08-09,0.003746,163.44
2016-08-10,-0.007648,162.19
2016-08-11,0.010297,163.86
2016-08-12,-0.003723,163.25
2016-08-15,0.014089,165.55
2016-08-16,0.000604,165.64999
2016-08-17,0.000121,165.67
2016-08-18,0.002354,166.06
2016-08-19,0.001024,166.23
2016-08-22,0.00018,166.25999
2016-08-23,-0.001083,166.08
2016-08-24,-0.004697,165.3
2016-08-25,0.00363,165.89999
2016-08-26,0.000422,165.97
2016-08-29,0.005423,166.87
2016-08-30,0.018877,169.37
2016-08-31,0.000531,169.46001
2016-09-01,-0.005606,168.50999
2016-09-02,0.003976,169.17999
2016-09-06,0.000887,169.33
2016-09-07,0.002008,169.67
2016-09-08,0.011729,171.66
2016-09-09,-0.018001,168.57001
2016-09-12,0.014771,171.06
2016-09-13,-0.023734,167.0
2016-09-14,-0.00503,166.16
2016-09-15,0.011555,168.08
2016-09-16,-0.012375,166.0
2016-09-19,0.001265,166.21001
2016-09-20,0.001564,166.47
2016-09-21,0.003364,167.03
2016-09-22,0.005927,168.02
2016-09-23,-0.0172,165.13
2016-09-26,-0.022104,161.48
2016-09-27,0.008732,162.89
2016-09-28,0.003438,163.45
2016-09-29,-0.027531,158.95
2016-09-30,0.014596,161.27
2016-10-03,-0.00124,161.07001
2016-10-04,0.00745,162.27
2016-10-05,0.025451,166.39999
2016-10-06,0.004507,167.14999
2016-10-07,0.016034,169.83
2016-10-10,0.007125,171.03999
2016-10-11,-0.011693,169.03999
2016-10-12,0.001538,169.3
2016-10-13,-0.011105,167.42
2016-10-14,0.018516,170.52
2016-10-17,-0.008914,169.0
2016-10-18,0.021479,172.63
2016-10-19,0.01089,174.50999
2016-10-20,0.0,174.50999
2016-10-21,0.000917,174.67
2016-10-24,0.002576,175.12
2016-10-25,0.002456,175.55
2016-10-26,0.008659,177.07001
2016-10-27,0.00384,177.75
2016-10-28,-0.003432,177.14
2016-10-31,0.00621,178.24001
2016-11-01,-0.00101,178.06
2016-11-02,-0.008312,176.58
2016-11-03,-0.002095,176.21001
2016-11-04,-0.001646,175.92
2016-11-07,0.031605,181.48
2016-11-08,0.002425,181.92
2016-11-09,0.058872,192.63
2016-11-10,0.042776,200.87
2016-11-11,0.015284,203.94
2016-11-14,0.025694,209.17999
2016-11-15,0.009609,211.19
2016-11-16,-0.023344,206.25999
2016-11-17,0.016339,209.63
2016-11-18,0.003435,210.35001
2016-11-21,0.00347,211.08
2016-11-22,0.000142,211.11
2016-11-23,0.005684,212.31
2016-11-25,-0.00438,211.38
2016-11-28,-0.004873,210.35001
2016-11-29,0.009746,211.75
2016-11-30,0.035608,219.28999
2016-12-01,0.033472,226.63
2016-12-02,-0.014429,223.36
2016-12-05,0.023236,228.55
2016-12-06,0.012382,231.38
2016-12-07,0.018066,235.56
2016-12-08,0.025004,241.45
2016-12-09,0.001657,241.85001
2016-12-12,-0.019351,237.17
2016-12-13,0.005819,238.55
2016-12-14,0.005785,239.92999
2016-12-15,0.012795,243.0
2016-12-16,-0.016873,238.89999
2016-12-19,0.000712,239.07001
2016-12-20,0.016815,243.09
2016-12-21,-0.006788,241.44
2016-12-22,-0.005467,240.12
2016-12-23,0.00354,240.97
2016-12-27,0.002448,241.56
2016-12-28,-0.003767,240.64999
2016-12-29,-0.010264,238.17999
2016-12-30,0.005332,239.45
2017-01-03,0.008854,241.57001
2017-01-04,0.006458,243.13
2017-01-05,-0.007445,241.32001
2017-01-06,0.014835,244.89999
2017-01-09,-0.008207,242.89
2017-01-10,-0.001317,242.57001
2017-01-11,0.013151,245.75999
2017-01-12,-0.007812,243.84
2017-01-13,0.001887,244.3
2017-01-17,-0.035039,235.74001
2017-01-18,-0.006151,234.28999
2017-01-19,-0.012292,231.41
2017-01-20,0.003414,232.2
2017-01-23,0.002024,232.67
2017-01-24,0.004341,233.67999
2017-01-25,0.015277,237.25
2017-01-26,0.009821,239.58
2017-01-27,-0.010978,236.95
2017-01-30,-0.012872,233.89999
2017-01-31,-0.019581,229.32001
2017-02-01,0.005887,230.67
2017-02-02,-0.001127,230.41
2017-02-03,0.045745,240.95
2017-02-06,-0.004026,239.98
2017-02-07,-0.0015,239.62
2017-02-08,-0.007887,237.73
2017-02-09,0.016069,241.55
2017-02-10,0.004844,242.72
2017-02-13,0.014626,246.27
2017-02-14,0.012953,249.46001
2017-02-15,0.004329,250.53999
2017-02-16,-0.00439,249.44
2017-02-17,0.003768,250.38
2017-02-21,0.005512,251.75999
2017-02-22,-0.000119,251.73
2017-02-23,-0.002145,251.19
2017-02-24,-0.015287,247.35001
2017-02-27,0.008005,249.33
2017-02-28,-0.002487,248.06
2017-03-01,0.018746,252.71001
2017-03-02,-0.006529,251.06
2017-03-03,0.007289,252.89
2017-03-06,-0.00348,252.00999
2017-03-07,-0.004405,250.89999
2017-03-08,-0.00263,250.24001
2017-03-09,-0.00024,250.17999
2017-03-10,-0.007195,248.38
2017-03-13,-0.000886,248.16
2017-03-14,-0.001773,247.72
2017-03-15,-0.003795,246.78
2017-03-16,0.005835,248.22
2017-03-17,-0.017243,243.94
2017-03-20,-0.007379,242.14
2017-03-21,-0.037747,233.0
2017-03-22,-0.008283,231.07001
2017-03-23,0.003592,231.89999
2017-03-24,-0.01505,228.41
2017-03-27,-0.012828,225.48
2017-03-28,0.017075,229.33
2017-03-29,-0.003837,228.45
2017-03-30,0.012125,231.22
2017-03-31,-0.006487,229.72
2017-04-03,-0.003308,228.96001
2017-04-04,0.00131,229.25999
2017-04-05,-0.006979,227.66
2017-04-06,0.004305,228.64
2017-04-07,-0.003324,227.88
2017-04-10,0.004432,228.89
2017-04-11,-0.005024,227.74001
2017-04-12,-0.008738,225.75
2017-04-13,-0.010764,223.32001
2017-04-17,0.013165,226.25999
2017-04-18,-0.047158,215.59
2017-04-19,-0.006958,214.09
2017-04-20,0.018544,218.06
2017-04-21,-0.005503,216.86
2017-04-24,0.029328,223.22
2017-04-25,0.015276,226.63
2017-04-26,-0.001897,226.2
2017-04-27,-0.001724,225.81
2017-04-28,-0.008901,223.8
2017-05-01,0.004692,224.85001
2017-05-02,0.001201,225.12
2017-05-03,0.005286,226.31
2017-05-04,0.001237,226.59
2017-05-05,0.001236,226.87
2017-05-08,-0.00811,225.03
2017-05-09,-0.005644,223.75999
2017-05-10,0.005005,224.88
2017-05-11,-0.000534,224.75999
2017-05-12,-0.008631,222.82001
2017-05-15,0.010322,225.12
2017-05-16,0.002132,225.60001
2017-05-17,-0.05266,213.72
2017-05-18,0.006738,215.16
2017-05-19,0.001069,215.39
2017-05-22,0.002925,216.02
2017-05-23,0.016758,219.64
2017-05-24,0.019077,223.83
2017-05-25,-0.006076,222.47
2017-05-26,0.004765,223.53
2017-05-30,-0.019505,218.42
2017-05-31,-0.032781,211.25999
2017-06-01,0.017751,215.00999
2017-06-02,-0.007907,213.31
2017-06-05,0.003188,213.99001
2017-06-06,0.002523,214.53
2017-06-07,0.005827,215.78
2017-06-08,0.01381,218.75999
2017-06-09,0.016822,222.44
2017-06-12,-0.002383,221.91
2017-06-13,0.01032,224.2
2017-06-14,0.010303,226.50999
2017-06-15,-0.014481,223.23
2017-06-16,-0.006361,221.81
2017-06-19,0.019476,226.13
2017-06-20,-0.004555,225.10001
2017-06-21,-0.011595,222.49001
2017-06-22,-0.012225,219.77
2017-06-23,-0.01174,217.19
2017-06-26,0.014964,220.44
2017-06-27,-0.000726,220.28
2017-06-28,0.013347,223.22
2017-06-29,0.005331,224.41
2017-06-30,-0.011185,221.89999
2017-07-03,0.024245,227.28
2017-07-05,0.003344,228.03999
2017-07-06,-0.00592,226.69
2017-07-07,-0.00622,225.28
2017-07-10,0.002486,225.84
2017-07-11,0.004915,226.95
2017-07-12,0.001939,227.39
2017-07-13,0.013237,230.39999
2017-07-14,-0.007812,228.60001
2017-07-17,0.002887,229.25999
2017-07-18,-0.025953,223.31
2017-07-19,-0.00197,222.87
2017-07-20,-0.002558,222.3
2017-07-21,-0.009537,220.17999
2017-07-24,-0.009083,218.17999
2017-07-25,0.015584,221.58
2017-07-26,0.003024,222.25
2017-07-27,-0.003465,221.48
2017-07-28,0.009617,223.61
2017-07-31,0.007692,225.33
2017-08-01,0.007411,227.0
2017-08-02,-0.003216,226.27
2017-08-03,-0.010077,223.99001
2017-08-04,0.025894,229.78999
2017-08-07,0.013621,232.92
2017-08-08,-0.003735,232.05
2017-08-09,-0.004482,231.00999
2017-08-10,-0.023852,225.5
2017-08-11,-0.005987,224.14999
2017-08-14,0.014321,227.36
2017-08-15,0.001012,227.59
2017-08-16,-0.0087,225.61
2017-08-17,-0.018572,221.42
2017-08-18,0.003297,222.14999
2017-08-21,-0.006122,220.78999
2017-08-22,0.012637,223.58
2017-08-23,-0.003757,222.74001
2017-08-24,0.001122,222.99001
2017-08-25,-0.002332,222.47
2017-08-28,-0.009529,220.35001
2017-08-29,0.001634,219.96001
2017-08-30,0.011184,222.42
2017-08-31,0.005935,223.74001
2017-09-01,0.009565,225.88
2017-09-05,-0.03586,217.78
2017-09-06,0.004821,218.83
2017-09-07,-0.013664,215.84
2017-09-08,0.006347,217.21001
2017-09-11,0.017725,221.06
2017-09-12,0.022121,225.95
2017-09-13,0.0027,226.56
2017-09-14,0.00128,226.85001
2017-09-15,-0.007185,225.22
2017-09-18,0.010257,227.53
2017-09-19,0.006065,228.91
2017-09-20,0.003844,229.78999
2017-09-21,0.006528,231.28999
2017-09-22,-0.001124,231.03
2017-09-25,-0.003333,230.25999
2017-09-26,-0.00139,229.94
2017-09-27,0.020962,234.75999
2017-09-28,0.003024,235.47
2017-09-29,0.007305,237.19
2017-10-02,0.014587,240.64999
2017-10-03,0.004031,241.62
2017-10-04,-0.005422,240.31
2017-10-05,0.023927,246.06
2017-10-06,-0.000163,246.02
2017-10-09,-0.013088,242.8
2017-10-10,-0.000824,242.60001
2017-10-11,-0.000824,242.39999
2017-10-12,-0.010726,239.8
2017-10-13,-0.005296,238.53
2017-10-16,0.016266,242.41
2017-10-17,-0.026072,236.09
2017-10-18,0.02516,242.03
2017-10-19,-0.008429,239.99001
2017-10-20,0.019751,244.73
2017-10-23,-0.010624,242.13
2017-10-24,0.011192,244.84
2017-10-25,-0.012784,241.71001
2017-10-26,4.1e-05,241.72
2017-10-27,-4.1e-05,241.71001
2017-10-30,-0.003393,240.89
2017-10-31,0.006601,242.48
2017-11-01,0.007341,244.25999
2017-11-02,0.010726,246.88
2017-11-03,-0.010045,244.39999
2017-11-06,-0.003723,243.49001
2017-11-07,-0.015114,239.81
2017-11-08,0.006005,241.25
2017-11-09,-0.001907,240.78999
2017-11-10,-0.002658,240.14999
2017-11-13,0.0005,240.27
2017-11-14,-0.012611,237.24001
2017-11-15,0.00156,237.61
2017-11-16,0.007407,239.37
2017-11-17,-0.00564,238.02
2017-11-20,0.000462,238.13
2017-11-21,-0.000462,238.02
2017-11-22,-0.00668,236.42999
2017-11-24,-0.00203,235.95
2017-11-27,-0.00356,235.11
2017-11-28,0.018289,239.41
2017-11-29,0.011278,241.36
2017-11-30,0.026019,247.64
2017-12-01,0.00529,248.95
2017-12-04,0.006829,250.64999
2017-12-05,-0.009256,248.33
2017-12-06,-0.009584,245.95
2017-12-07,0.010612,248.56
2017-12-08,0.007202,250.35001
2017-12-11,-0.000879,250.13
2017-12-12,0.030184,257.67999
2017-12-13,-0.008227,255.56
2017-12-14,-0.000313,255.48
2017-12-15,0.006615,257.17001
2017-12-18,0.011082,260.01999
2017-12-19,-0.013614,256.48001
2017-12-20,-0.005069,255.17999
2017-12-21,0.022847,261.01001
2017-12-22,-0.007816,258.97
2017-12-26,-0.004827,257.72
2017-12-27,-0.006868,255.95
2017-12-28,0.002149,256.5
2017-12-29,-0.006784,254.75999
2018-01-02,0.003572,255.67
2018-01-03,-0.009309,253.28999
2018-01-04,0.013976,256.82999
2018-01-05,-0.005101,255.52
2018-01-08,-0.014519,251.81
2018-01-09,0.008459,253.94
2018-01-10,0.001536,254.33
2018-01-11,0.003146,255.13
2018-01-12,0.007447,257.03
2018-01-16,0.005564,258.45999
2018-01-17,-0.01861,253.64999
2018-01-18,-0.010566,250.97
2018-01-19,0.02052,256.12
2018-01-22,0.021084,261.51999
2018-01-23,-0.005468,260.09
2018-01-24,0.021493,265.67999
2018-01-25,0.012609,269.03
2018-01-26,-0.003308,268.14001
2018-01-29,0.016186,272.48001
2018-01-30,-0.012992,268.94
2018-01-31,-0.003904,267.89001
2018-02-01,0.016201,272.23001
2018-02-02,-0.044778,260.04001
2018-02-05,-0.042032,249.11
2018-02-06,0.038497,258.70001
2018-02-07,-0.006185,257.10001
2018-02-08,-0.041813,246.35001
2018-02-09,0.011975,249.3
2018-02-12,0.015483,253.16
2018-02-13,0.009362,255.53
2018-02-14,0.02759,262.57999
2018-02-15,0.019423,267.67999
2018-02-16,-0.000224,267.62
2018-02-20,-0.010201,264.89001
2018-02-21,-0.005625,263.39999
2018-02-22,-0.007479,261.42999
2018-02-23,0.020426,266.76999
2018-02-26,0.016831,271.26001
2018-02-27,-0.012276,267.92999
2018-02-28,-0.015862,262.92999
2018-03-01,-0.02339,256.78
2018-03-02,0.005218,258.12
2018-03-05,0.019371,263.12
2018-03-06,0.01448,266.92999
2018-03-07,-0.005919,265.35001
2018-03-08,0.003731,266.34
2018-03-09,0.016633,270.76999
2018-03-12,0.009639,273.38
2018-03-13,-0.017741,268.53
2018-03-14,-0.015268,264.42999
2018-03-15,0.008244,266.60999
2018-03-16,0.003713,267.60001
2018-03-19,-0.018946,262.53
2018-03-20,0.002514,263.19
2018-03-21,-0.005091,261.85001
2018-03-22,-0.035326,252.60001
2018-03-23,-0.029058,245.25999
2018-03-26,0.039224,254.88
2018-03-27,-0.029897,247.25999
2018-03-28,0.008534,249.37
2018-03-29,0.009985,251.86
2018-04-02,-0.017907,247.35001
2018-04-03,0.013058,250.58
2018-04-04,0.008141,252.62
2018-04-05,0.012628,255.81
2018-04-06,-0.022829,249.97
2018-04-09,0.008881,252.19
2018-04-10,0.017368,256.57001
2018-04-11,-0.014148,252.94
2018-04-12,0.026291,259.59
2018-04-13,-0.014138,255.92
2018-04-16,0.007659,257.88
2018-04-17,-0.016481,253.63
2018-04-18,0.001459,254.0
2018-04-19,0.000669,254.17
2018-04-20,-0.008695,251.96001
2018-04-23,-0.020995,246.67
2018-04-24,-0.016946,242.49001
2018-04-25,-0.013444,239.23
2018-04-26,0.003595,240.09
2018-04-27,-0.001208,239.8
2018-04-30,-0.00613,238.33
2018-05-01,-0.006965,236.67
2018-05-02,-0.01107,234.05
2018-05-03,-0.002734,233.41
2018-05-04,0.006555,234.94
2018-05-07,0.009619,237.2
2018-05-08,-0.000843,237.0
2018-05-09,0.019958,241.73
2018-05-10,0.007074,243.44
2018-05-11,-0.002136,242.92
2018-05-14,0.004075,243.91
2018-05-15,-0.009635,241.56
2018-05-16,-0.002484,240.96001
2018-05-17,-0.007719,239.10001
2018-05-18,-0.008783,237.0
2018-05-21,0.002954,237.7
2018-05-22,0.001262,238.0
2018-05-23,-0.000798,237.81
2018-05-24,-0.007191,236.10001
2018-05-25,-0.004617,235.00999
2018-05-29,-0.033956,227.03
2018-05-30,0.012906,229.16
2018-05-31,-0.014313,225.88
2018-06-01,0.010935,228.35001
2018-06-04,0.006744,229.89
2018-06-05,-0.006742,228.34
2018-06-06,0.017036,232.23
2018-06-07,0.005253,233.45
2018-06-08,-0.000257,233.39
2018-06-11,0.002999,234.09
2018-06-12,-0.006237,232.63
2018-06-13,0.005158,233.83
2018-06-14,-0.00077,233.64999
2018-06-15,-0.007404,231.92
2018-06-18,-0.002285,231.39
2018-06-19,-0.013268,228.32001
2018-06-20,-0.00219,227.82001
2018-06-21,-0.003687,226.98
2018-06-22,-0.004229,226.02
2018-06-25,-0.019821,221.53999
2018-06-26,0.000181,221.58
2018-06-27,-0.006318,220.17999
2018-06-28,0.014715,223.42
2018-06-29,-0.012756,220.57001
2018-07-02,0.012196,223.25999
2018-07-03,-0.0129,220.38
2018-07-05,0.001634,220.74001
2018-07-06,0.004757,221.78999
2018-07-09,0.027954,227.99001
2018-07-10,-0.005,226.85001
2018-07-11,-0.005246,225.66
2018-07-12,0.006913,227.22
2018-07-13,-0.003565,226.41
2018-07-16,0.022216,231.44
2018-07-17,-0.001815,231.02
2018-07-18,0.000952,231.24001
2018-07-19,-0.006962,229.63
2018-07-20,0.008971,231.69
2018-07-23,0.008934,233.75999
2018-07-24,0.009069,235.88
2018-07-25,0.003434,236.69
2018-07-26,0.001774,237.11
2018-07-27,0.002235,237.64
2018-07-30,0.005513,238.95
2018-07-31,-0.006361,237.42999
2018-08-01,-0.005854,236.03999
2018-08-02,-0.008685,233.99001
2018-08-03,0.000427,234.09
2018-08-06,0.00786,235.92999
2018-08-07,0.008053,237.83
2018-08-08,-0.006139,236.37
2018-08-09,-0.010957,233.78
2018-08-10,-0.017837,229.61
2018-08-13,-0.011977,226.86
2018-08-14,0.011902,229.56
2018-08-15,-0.00135,229.25
2018-08-16,0.016358,233.0
2018-08-17,0.001631,233.38
2018-08-20,0.010284,235.78
2018-08-21,0.012172,238.64999
2018-08-22,0.002891,239.34
2018-08-23,-0.012535,236.34
2018-08-24,-0.005204,235.11
2018-08-27,0.031858,242.60001
2018-08-28,-0.000948,242.37
2018-08-29,-0.000701,241.39999
2018-08-30,-0.008285,239.39999
2018-08-31,-0.006642,237.81
2018-09-04,-0.000631,237.66
2018-09-05,-0.000421,237.56
2018-09-06,-0.012797,234.52
2018-09-07,-0.002601,233.91
2018-09-10,-0.00855,231.91
2018-09-11,-0.00733,230.21001
2018-09-12,-0.008948,228.14999
2018-09-13,0.000789,228.33
2018-09-14,0.003985,229.24001
2018-09-17,-0.005889,227.89
2018-09-18,0.004388,228.89
2018-09-19,0.029228,235.58
2018-09-20,0.007726,237.39999
2018-09-21,-0.008677,235.34
2018-09-24,-0.010368,232.89999
2018-09-25,-0.001717,232.5
2018-09-26,-0.01557,228.88
2018-09-27,-0.004981,227.74001
2018-09-28,-0.015368,224.24001
2018-10-01,0.004861,225.33
2018-10-02,0.003284,226.07001
2018-10-03,0.007564,227.78
2018-10-04,-0.001317,227.48
2018-10-05,-0.007781,225.71001
2018-10-08,-0.001595,225.35001
2018-10-09,-0.010828,222.91
2018-10-10,-0.035979,214.89
2018-10-11,-0.008935,212.97
2018-10-12,0.004226,213.87
2018-10-15,0.006312,215.22
2018-10-16,0.030109,221.7
2018-10-17,0.02968,228.28
2018-10-18,-0.014587,224.95
2018-10-19,0.008935,226.96001
2018-10-22,-0.023617,221.60001
2018-10-23,-0.013718,218.56
2018-10-24,-0.042917,209.17999
2018-10-25,0.02309,214.00999
2018-10-26,-0.00771,212.36
2018-10-29,0.01003,214.49001
2018-10-30,0.022332,219.28
2018-10-31,0.027773,225.37
2018-11-01,0.007099,226.97
2018-11-02,0.011984,229.69
2018-11-05,-0.004223,228.72
2018-11-06,-0.002274,228.2
2018-11-07,0.013497,231.28
2018-11-08,0.0016,231.64999
2018-11-09,-0.038852,222.64999
2018-11-12,-0.074556,206.05
2018-11-13,-0.004853,205.05
2018-11-14,-0.012485,202.49001
2018-11-15,0.006173,203.74001
2018-11-16,-0.007951,202.12
2018-11-19,-0.019295,198.22
2018-11-20,-0.034709,191.34
2018-11-21,0.006585,192.60001
2018-11-23,-0.018172,189.10001
2018-11-26,0.02771,194.34
2018-11-27,-0.00355,193.64999
2018-11-28,0.024271,198.35001
2018-11-29,-0.013612,194.85001
2018-11-30,-0.02135,190.69
2018-12-03,0.004929,191.63
2018-12-04,-0.038199,184.31
2018-12-06,-0.001194,184.09
2018-12-07,-0.02401,179.67
2018-12-10,-0.004675,178.83
2018-12-11,-0.011352,176.8
2018-12-12,-0.000566,176.7
2018-12-13,-0.004414,175.92
2018-12-14,-0.017906,172.77
2018-12-17,-0.027551,168.00999
2018-12-18,0.020773,171.5
2018-12-19,-0.01312,169.25
2018-12-20,-0.004963,168.41
2018-12-21,-0.049641,160.05
2018-12-24,-0.023118,156.35001
2018-12-26,0.042085,162.92999
2018-12-27,0.015221,165.41
2018-12-28,-0.014389,163.03
2018-12-31,0.024658,167.05
2019-01-02,0.029811,172.03
2019-01-03,-0.014649,169.50999
2019-01-04,0.032683,175.05
2019-01-07,0.005541,176.02
2019-01-08,-0.003693,175.37
2019-01-09,0.006272,176.47
2019-01-10,-0.002663,176.0
2019-01-11,0.005284,176.92999
2019-01-14,0.010117,178.72
2019-01-15,0.006658,179.91
2019-01-16,0.095437,197.08
2019-01-17,0.010199,199.09
2019-01-18,0.017329,202.53999
2019-01-22,-0.023995,197.67999
2019-01-23,-0.003946,196.89999
2019-01-24,0.004571,197.8
2019-01-25,0.014864,200.74001
2019-01-28,-0.005081,199.72
2019-01-29,0.003905,200.5
2019-01-30,0.009875,202.48
2019-01-31,-0.022076,198.00999
2019-02-01,-0.007424,196.53999
2019-02-04,0.006004,197.72
2019-02-05,0.001467,198.00999
2019-02-06,-0.00702,196.62
2019-02-07,-0.018055,193.07001
2019-02-08,-0.007251,191.67
2019-02-11,-0.001774,191.33
2019-02-12,0.016516,194.49001
2019-02-13,0.001028,194.69
2019-02-14,-0.011095,192.53
2019-02-15,0.031008,198.5
2019-02-19,0.000856,198.67
2019-02-20,-0.000352,198.60001
2019-02-21,-0.011279,196.36
2019-02-22,-0.001833,196.0
2019-02-25,0.01352,198.64999
2019-02-26,0.001258,198.89999
2019-02-27,0.0,198.10001
2019-02-28,-0.007067,196.7
2019-03-01,0.007626,198.2
2019-03-04,-0.011201,195.98
2019-03-05,0.000102,196.0
2019-03-06,-0.006429,194.74001
2019-03-07,-0.010116,192.77
2019-03-08,0.012813,195.24001
2019-03-11,0.003739,195.97
2019-03-12,0.003368,196.63
2019-03-13,0.003153,197.25
2019-03-14,0.001115,197.47
2019-03-15,0.004001,198.25999
2019-03-18,0.021235,202.47
2019-03-19,-0.006668,201.12
2019-03-20,-0.033811,194.32001
2019-03-21,0.001338,194.58
2019-03-22,-0.028883,188.96001
2019-03-25,-0.002382,188.50999
2019-03-26,0.011564,190.69
2019-03-27,-0.003461,190.03
2019-03-28,0.006052,191.17999
2019-03-29,0.004237,191.99001
2019-04-01,0.024741,196.74001
2019-04-02,0.003863,197.5
2019-04-03,0.017013,200.86
2019-04-04,0.006821,202.23
2019-04-05,0.000742,202.38
2019-04-08,0.000791,202.53999
2019-04-09,-0.00948,200.62
2019-04-10,0.011764,202.98
2019-04-11,-0.000739,202.83
2019-04-12,0.024701,207.84
2019-04-15,-0.038154,199.91
2019-04-16,0.009654,201.84
2019-04-17,0.030024,207.89999
2019-04-18,-0.009572,205.91
2019-04-22,-0.006362,204.60001
2019-04-23,-0.002248,204.14
2019-04-24,-0.017635,200.53999
2019-04-25,0.004288,201.39999
2019-04-26,0.008342,203.08
2019-04-29,0.018909,206.92
2019-04-30,-0.004833,205.92
2019-05-01,-0.005779,204.73
2019-05-02,0.00127,204.99001
2019-05-03,0.012342,207.52
2019-05-06,-0.005253,206.42999
2019-05-07,-0.018408,202.63
2019-05-08,-0.008291,200.95
2019-05-09,0.003384,201.63
2019-05-10,0.002083,202.05
2019-05-13,-0.035041,194.97
2019-05-14,0.006719,196.28
2019-05-15,0.000611,196.39999
2019-05-16,0.013951,199.14
2019-05-17,-0.008587,197.42999
2019-05-20,-0.000962,197.24001
2019-05-21,0.009481,199.11
2019-05-22,-0.01803,195.52
2019-05-23,-0.018157,191.97
2019-05-24,0.005365,193.0
2019-05-28,-0.018446,189.44
2019-05-29,-0.002851,188.05
2019-05-30,-0.003616,187.37
2019-05-31,-0.026045,182.49001
2019-06-03,0.003836,183.19
2019-06-04,0.03652,189.88
2019-06-05,-0.007584,188.44
2019-06-06,0.00727,189.81
2019-06-07,0.0,189.81
2019-06-10,0.022707,194.12
2019-06-11,0.003142,194.73
2019-06-12,-0.02316,190.22
2019-06-13,0.006466,191.45
2019-06-14,0.001097,191.66
2019-06-17,-0.004331,190.83
2019-06-18,0.021747,194.98
2019-06-19,0.003385,195.64
2019-06-20,0.000307,195.7
2019-06-21,0.001226,195.94
2019-06-24,0.007911,197.49001
2019-06-25,-0.007241,196.06
2019-06-26,0.004845,197.00999
2019-06-27,0.011725,199.32001
2019-06-28,0.02649,204.60001
2019-07-01,0.011046,206.86
2019-07-02,-0.004254,205.98
2019-07-03,0.000291,206.03999
2019-07-05,0.009027,207.89999
2019-07-08,-0.010342,205.75
2019-07-09,0.009818,207.77
2019-07-10,-0.008663,205.97
2019-07-11,0.02612,211.35001
2019-07-12,0.012255,213.94
2019-07-15,-0.011031,211.58
2019-07-16,0.018622,215.52
2019-07-17,-0.010301,213.3
2019-07-18,0.00572,214.52
2019-07-19,-0.004662,213.52
2019-07-22,0.002248,214.0
2019-07-23,0.025374,219.42999
2019-07-24,0.011849,222.03
2019-07-25,-0.009233,219.98
2019-07-26,0.009819,222.14
2019-07-29,-0.008193,220.32001
2019-07-30,0.004902,221.39999
2019-07-31,-0.005736,220.13
2019-08-01,-0.03875,211.60001
2019-08-02,-0.010539,209.37
2019-08-05,-0.036729,201.67999
2019-08-06,0.02147,206.00999
2019-08-07,-0.001311,205.74001
2019-08-08,0.006124,207.0
2019-08-09,-0.000483,206.89999
2019-08-12,-0.026003,201.52
2019-08-13,0.012852,204.11
2019-08-14,-0.041889,195.56
2019-08-15,0.00317,196.17999
2019-08-16,0.016516,199.42
2019-08-19,0.01394,202.2
2019-08-20,-0.010979,199.98
2019-08-21,0.0035,200.67999
2019-08-22,0.008671,202.42
2019-08-23,-0.030728,196.2
2019-08-26,0.017584,199.64999
2019-08-27,-0.007914,198.07001
2019-08-28,0.011864,200.42
2019-08-29,0.021305,203.44
2019-08-30,0.00231,203.91
2019-09-03,-0.024226,198.97
2019-09-04,0.013871,201.73
2019-09-05,0.026372,207.05
2019-09-06,0.000773,207.21001
2019-09-09,0.02302,211.98
2019-09-10,0.017219,215.63
2019-09-11,0.005426,216.8
2019-09-12,0.008948,218.74001
2019-09-13,0.005303,219.89999
2019-09-16,-0.012187,217.22
2019-09-17,-0.006031,215.91
2019-09-18,0.005419,217.08
2019-09-19,-0.008522,215.23
2019-09-20,-0.006923,213.74001
2019-09-23,-0.00131,213.46001
2019-09-24,-0.02675,207.75
2019-09-25,0.010975,210.03
2019-09-26,-0.008618,208.22
2019-09-27,0.003602,208.97
2019-09-30,-0.008327,207.23
2019-10-01,-0.021908,202.69
2019-10-02,-0.021905,198.25
2019-10-03,-0.005095,197.24001
2019-10-04,0.018049,200.8
2019-10-07,-0.001992,200.39999
2019-10-08,-0.01512,197.37
2019-10-09,-0.002635,196.85001
2019-10-10,0.015342,199.87
2019-10-11,0.024066,204.67999
2019-10-14,0.00557,205.82001
2019-10-15,0.00311,206.46001
2019-10-16,0.00465,207.42
2019-10-17,-0.004628,206.46001
2019-10-18,0.000291,206.52
2019-10-21,0.013219,209.25
2019-10-22,0.001673,209.60001
2019-10-23,0.008206,211.32001
2019-10-24,-0.001278,211.05
2019-10-25,0.015068,214.23
2019-10-28,0.016431,217.75
2019-10-29,-0.000505,217.64
2019-10-30,-0.008408,215.81
2019-10-31,-0.01126,213.38
2019-11-01,0.018793,217.39
2019-11-04,0.011408,219.87
2019-11-05,-0.005594,218.64
2019-11-06,-0.001006,218.42
2019-11-07,0.022297,223.28999
2019-11-08,-0.001702,222.91
2019-11-11,-0.017406,219.03
2019-11-12,0.006301,220.41
2019-11-13,-0.004945,219.32001
2019-11-14,0.000501,219.42999
2019-11-15,0.003737,220.25
2019-11-18,-0.002361,219.73
2019-11-19,0.001411,220.03999
2019-11-20,-0.00968,217.91
2019-11-21,0.001468,218.23
2019-11-22,0.009394,220.28
2019-11-25,0.011213,222.75
2019-11-26,-0.001347,222.45
2019-11-27,0.002248,222.95
2019-11-29,-0.00157,221.35001
2019-12-02,-0.016761,217.64
2019-12-03,-0.024812,212.24001
2019-12-04,0.017433,215.94
2019-12-05,0.005557,217.14
2019-12-06,0.034402,224.61
2019-12-09,-0.012466,221.81
2019-12-10,0.000316,221.88
2019-12-11,-0.00311,221.19
2019-12-12,0.021972,226.05
2019-12-13,-0.004645,225.0
2019-12-16,0.013511,228.03999
2019-12-17,0.013638,231.14999
2019-12-18,-0.003028,230.45
2019-12-19,-0.002213,229.94
2019-12-20,-0.004392,228.92999
2019-12-23,0.000699,229.09
2019-12-24,0.003579,229.91
2019-12-26,0.005654,231.21001
2019-12-27,-0.002379,230.66
2019-12-30,-0.003728,229.8
2019-12-31,0.000566,229.92999
2020-01-02,0.019093,234.32001
2020-01-03,-0.011693,231.58
2020-01-06,0.010234,233.95
2020-01-07,0.006583,235.49001
2020-01-08,0.009639,237.75999
2020-01-09,0.020357,242.60001
2020-01-10,-0.00202,242.11
2020-01-13,0.012804,245.21001
2020-01-14,0.001835,245.66
2020-01-15,-0.001832,245.21001
2020-01-16,0.018392,249.72
2020-01-17,-0.001041,249.46001
2020-01-21,-0.015073,245.7
2020-01-22,0.005495,247.05
2020-01-23,-0.00595,245.58
2020-01-24,-0.014904,241.92
2020-01-27,-0.015625,238.14
2020-01-28,0.018645,242.58
2020-01-29,-0.010141,240.12
2020-01-30,0.0167,244.13
2020-01-31,-0.026134,237.75
2020-02-03,0.0053,239.00999
2020-02-04,0.012259,241.94
2020-02-05,0.009754,244.3
2020-02-06,-0.010151,241.82001
2020-02-07,-0.015797,238.0
2020-02-10,-0.002689,237.36
2020-02-11,-0.003792,236.46001
2020-02-12,0.009262,238.64999
2020-02-13,-0.001257,238.35001
2020-02-14,-0.005328,237.08
2020-02-18,-0.016324,233.21001
2020-02-19,0.017667,237.33
2020-02-20,-0.019382,232.73
2020-02-21,-0.009066,230.62
2020-02-24,-0.026364,224.53999
2020-02-25,-0.030863,217.61
2020-02-26,-0.00841,215.78
2020-02-27,-0.046761,205.69
2020-02-28,-0.017842,200.77
2020-03-02,0.043333,209.47
2020-03-03,-0.028835,203.42999
2020-03-04,0.026102,208.74001
2020-03-05,-0.047667,198.78999
2020-03-06,-0.029881,192.85001
2020-03-09,-0.103915,172.81
2020-03-10,0.066779,184.35001
2020-03-11,-0.067589,171.89
2020-03-12,-0.123393,150.67999
2020-03-13,0.175803,177.17
2020-03-16,-0.127053,154.66
2020-03-17,0.025928,158.67
2020-03-18,-0.11754,140.02
2020-03-19,0.067633,149.49001
2020-03-20,-0.074119,138.41
2020-03-23,-0.024854,134.97
2020-03-24,0.138031,153.60001
2020-03-25,0.009961,155.13
2020-03-26,0.068717,165.78999
2020-03-27,-0.044936,158.34
2020-03-30,0.008084,159.62
2020-03-31,-0.031512,154.59
2020-04-01,-0.060159,145.28999
2020-04-02,0.031936,149.92999
2020-04-03,-0.020009,146.92999
2020-04-06,0.076907,158.23
2020-04-07,0.049232,166.02
2020-04-08,0.065896,176.96001
2020-04-09,0.041252,184.25999
2020-04-13,-0.02757,179.17999
2020-04-14,-0.005302,178.23
2020-04-15,0.001627,178.52
2020-04-16,-0.00829,177.03999
2020-04-17,0.036433,183.49001
2020-04-20,-0.01684,180.39999
2020-04-21,-0.03653,173.81
2020-04-22,0.012485,175.98
2020-04-23,-0.005285,175.05
2020-04-24,0.01114,177.0
2020-04-27,0.036949,183.53999
2020-04-28,0.018906,187.00999
2020-04-29,0.016149,190.03
2020-04-30,-0.034784,183.42
2020-05-01,-0.034456,177.10001
2020-05-04,-0.006042,176.03
2020-05-05,0.012896,178.3
2020-05-06,-0.00774,176.92
2020-05-07,0.030522,182.32001
2020-05-08,0.016839,185.39
2020-05-11,-0.012029,183.16
2020-05-12,-0.032485,177.21001
2020-05-13,-0.030529,171.8
2020-05-14,0.015425,174.45
2020-05-15,-0.014789,171.87
2020-05-18,0.058242,181.88
2020-05-19,-0.022267,177.83
2020-05-20,0.0203,181.44
2020-05-21,-0.007385,180.10001
2020-05-22,-0.000944,179.92999
2020-05-26,0.089646,196.06
2020-05-27,0.069367,209.66
2020-05-28,-0.040256,201.22
2020-05-29,-0.017295,196.49001
2020-06-01,0.017507,199.92999
2020-06-02,0.021057,204.14
2020-06-03,0.031498,210.57001
2020-06-04,0.020183,214.82001
2020-06-05,0.014431,217.92
2020-06-08,0.013262,220.81
2020-06-09,-0.012273,218.10001
2020-06-10,-0.021,213.52
2020-06-11,-0.090811,194.13
2020-06-12,0.039407,201.78
2020-06-15,0.02245,206.31
2020-06-16,0.015898,209.59
2020-06-17,-0.016222,206.19
2020-06-18,-0.011397,203.84
2020-06-19,-0.010842,201.63
2020-06-22,0.008878,203.42
2020-06-23,0.006686,204.78
2020-06-24,-0.033011,198.02
2020-06-25,0.045854,207.10001
2020-06-26,-0.08648,189.19
2020-06-29,0.022623,193.47
2020-06-30,0.02145,197.62
2020-07-01,-0.000253,197.57001
2020-07-02,-0.000861,197.39999
2020-07-06,0.050456,207.36
2020-07-07,-0.03858,199.36
2020-07-08,0.014496,202.25
2020-07-09,-0.026799,196.83
2020-07-10,0.044353,205.56
2020-07-13,0.016151,208.88
2020-07-14,0.02456,214.00999
2020-07-15,0.013504,216.89999
2020-07-16,-0.010281,214.67
2020-07-17,-0.015186,211.41
2020-07-20,0.001419,211.71001
2020-07-21,0.001464,212.02
2020-07-22,-0.028394,206.0
2020-07-23,-0.014466,203.02
2020-07-24,-0.007635,201.47
2020-07-27,0.007693,203.02
2020-07-28,-0.006896,201.62
2020-07-29,0.004761,202.58
2020-07-30,-0.015056,199.53
2020-07-31,-0.007868,197.96001
2020-08-03,0.007224,199.39
2020-08-04,0.011284,201.64
2020-08-05,0.014283,204.52
2020-08-06,-0.00132,204.25
2020-08-07,0.019682,208.27
2020-08-10,0.00533,209.38
2020-08-11,0.008024,211.06
2020-08-12,0.00507,212.13
2020-08-13,-0.017631,208.39
2020-08-14,-0.002015,207.97
2020-08-17,-0.023561,203.07001
2020-08-18,-0.008667,201.31
2020-08-19,0.008494,203.02
2020-08-20,-0.005763,201.85001
2020-08-21,0.002873,202.42999
2020-08-24,0.024255,207.34
2020-08-25,-0.006463,206.0
2020-08-26,0.005922,207.22
2020-08-27,0.01414,210.14999
2020-08-28,-0.011611,207.71001
2020-08-31,-0.007655,204.87
2020-09-01,0.00288,205.46001
2020-09-02,0.022291,210.03999
2020-09-03,-0.011807,207.56
2020-09-04,0.016285,210.94
2020-09-08,-0.040106,202.48
2020-09-09,-0.001284,202.22
2020-09-10,-0.010929,200.00999
2020-09-11,0.00455,200.92
2020-09-14,0.00209,201.34
2020-09-15,-0.016589,198.0
2020-09-16,0.013535,200.67999
2020-09-17,-0.029151,194.83
2020-09-18,0.000154,194.86
2020-09-21,-0.004413,194.0
2020-09-22,-0.012268,191.62
2020-09-23,-0.028703,186.12
2020-09-24,0.048302,195.11
2020-09-25,-0.00082,194.95
2020-09-28,0.021134,199.07001
2020-09-29,-0.011453,196.78999
2020-09-30,0.021241,200.97
2020-10-01,-0.012042,198.55
2020-10-02,0.006799,199.89999
2020-10-05,0.009505,201.8
2020-10-06,-0.003518,201.09
2020-10-07,0.012482,203.60001
2020-10-08,0.021513,207.98
2020-10-09,-0.002116,207.53999
2020-10-12,0.031705,214.12
2020-10-13,-0.015459,210.81
2020-10-14,0.001992,211.23
2020-10-15,-0.012451,208.60001
2020-10-16,-0.011457,206.21001
2020-10-19,-0.002522,205.69
2020-10-20,0.011376,208.03
2020-10-21,-0.024612,202.91
2020-10-22,0.012271,205.39999
2020-10-23,-0.001753,205.03999
2020-10-26,-0.019021,201.14
2020-10-27,-0.027145,195.67999
2020-10-28,-0.030202,189.77
2020-10-29,0.000896,189.94
2020-10-30,-0.004738,189.03999
2020-11-02,0.006136,190.2
2020-11-03,0.040641,197.92999
2020-11-04,-0.000303,197.87
2020-11-05,0.025724,202.96001
2020-11-06,-0.008376,201.25999
2020-11-09,0.067922,214.92999
2020-11-10,0.011818,217.47
2020-11-11,0.002667,218.05
2020-11-12,-0.016235,214.50999
2020-11-13,0.021304,219.08
2020-11-16,0.015063,222.38
2020-11-17,0.010208,224.64999
2020-11-18,-0.001558,224.3
2020-11-19,0.001204,224.57001
2020-11-20,-0.005433,223.35001
2020-11-23,0.024536,228.83
2020-11-24,0.037888,237.5
2020-11-25,-0.004042,236.53999
2020-11-27,-0.004819,235.39999
2020-11-30,-0.020476,230.58
2020-12-01,0.011926,232.08
2020-12-02,0.024,237.64999
2020-12-03,-0.009173,235.47
2020-12-04,0.017455,239.58
2020-12-07,-0.004717,238.45
2020-12-08,0.001636,238.84
2020-12-09,0.016664,242.82001
2020-12-10,0.006507,244.39999
2020-12-11,-0.018044,239.99001
2020-12-14,-0.009167,237.78999
2020-12-15,0.019513,242.42999
2020-12-16,0.005527,243.77
2020-12-17,0.002707,244.42999
2020-12-18,-0.00941,242.13
2020-12-21,0.061331,256.98001
2020-12-22,-0.026812,250.09
2020-12-23,0.025431,256.45001
2020-12-24,-0.001131,256.16
2020-12-28,0.01339,259.59
2020-12-29,-0.006086,258.01001
2020-12-30,0.005581,259.45001
2020-12-31,0.016419,263.70999
2021-01-04,0.004892,265.0
2021-01-05,0.022377,270.92999
2021-01-06,0.053962,285.54999
2021-01-07,0.021362,291.64999
2021-01-08,-0.005383,290.07999
2021-01-11,0.012928,293.82999
2021-01-12,0.02852,302.20999
2021-01-13,0.002416,302.94
2021-01-14,0.016274,307.87
2021-01-15,-0.022282,301.01001
2021-01-19,-0.022624,294.20001
2021-01-20,-0.012679,290.47
2021-01-21,-0.003787,289.37
2021-01-22,6.9e-05,289.39001
2021-01-25,-0.021943,283.04001
2021-01-26,-0.004522,281.76001
2021-01-27,-0.029919,273.32999
2021-01-28,0.006183,275.01999
2021-01-29,-0.013999,271.17001
2021-02-01,0.013128,274.73001
2021-02-02,0.044553,286.97
2021-02-03,0.005506,288.54999
2021-02-04,0.018021,293.75
2021-02-05,-0.000851,293.5
2021-02-08,0.022658,300.14999
2021-02-09,0.001033,300.45999
2021-02-10,0.012714,304.28
2021-02-11,-0.006441,302.32001
2021-02-12,0.013231,306.32001
2021-02-16,0.018412,311.95999
2021-02-17,0.0025,312.73999
2021-02-18,-0.009081,309.89999
2021-02-19,0.018458,315.62
2021-02-22,0.00396,316.87
2021-02-23,0.007385,319.20999
2021-02-24,0.035807,330.64001
2021-02-25,-0.00871,327.76001
2021-02-26,-0.025262,319.48001
2021-03-01,0.036591,329.92001
2021-03-02,0.003092,330.94
2021-03-03,0.010546,334.42999
2021-03-04,-0.015369,329.29001
2021-03-05,-0.005831,327.37
2021-03-08,0.020833,334.19
2021-03-09,-0.010772,330.59
2021-03-10,0.034575,342.01999
2021-03-11,0.000234,342.10001
2021-03-12,0.019614,348.81
2021-03-15,-0.007913,346.04999
2021-03-16,-0.012542,341.70999
2021-03-17,0.009482,344.95001
2021-03-18,0.008842,348.0
2021-03-19,-0.01092,344.20001
2021-03-22,-0.014149,339.32999
2021-03-23,-0.022279,331.76999
2021-03-24,-0.009404,328.64999
2021-03-25,0.005781,330.54999
2021-03-26,-0.00956,327.39001
2021-03-29,-0.00507,325.73001
2021-03-30,0.01928,332.01001
2021-03-31,-0.01509,327.0
2021-04-01,0.001957,327.64001
2021-04-05,-0.012514,323.54001
2021-04-06,0.01088,327.06
2021-04-07,-0.001559,326.54999
2021-04-08,0.014056,331.14001
2021-04-09,-0.000997,330.81
2021-04-12,0.003114,331.84
2021-04-13,-0.012536,327.67999
2021-04-14,0.023407,335.35001
2021-04-15,0.009542,338.54999
2021-04-16,0.011106,342.31
2021-04-19,0.002279,343.09
2021-04-20,-0.032674,331.88
2021-04-21,0.010215,335.26999
2021-04-22,-0.013183,330.85001
2021-04-23,0.025691,339.35001
2021-04-26,0.012288,343.51999
2021-04-27,0.009053,346.63
2021-04-28,0.00427,348.10999
2021-04-29,0.013961,352.97
2021-04-30,-0.012806,348.45001
2021-05-03,0.004907,350.16
2021-05-04,-0.000914,349.84
2021-05-05,0.022239,357.62
2021-05-06,0.023349,365.97
2021-05-07,0.013444,370.89001
2021-05-10,-0.005959,368.67999
2021-05-11,-0.02376,359.92001
2021-05-12,-0.015337,354.39999
2021-05-13,0.012444,358.81
2021-05-14,0.027758,368.76999
2021-05-17,0.001302,369.25
2021-05-18,-0.012701,364.56
2021-05-19,-0.016952,358.38
2021-05-20,0.003906,359.78
2021-05-21,0.018011,366.26001
2021-05-24,0.005543,368.29001
2021-05-25,-0.010264,364.51001
2021-05-26,0.007928,367.39999
2021-05-27,0.010806,371.37
2021-05-28,0.005116,372.01999
2021-06-01,0.028009,382.44
2021-06-02,0.002615,383.44
2021-06-03,0.01377,388.72
2021-06-04,0.007023,391.45001
2021-06-07,-0.008405,388.16
2021-06-08,-0.008914,384.70001
2021-06-09,-0.004991,382.78
2021-06-10,-0.023094,373.94
2021-06-11,0.010991,378.04999
2021-06-14,-0.01357,372.92001
2021-06-15,-0.004344,371.29999
2021-06-16,-0.000808,371.0
2021-06-17,-0.025607,361.5
2021-06-18,-0.035048,348.82999
2021-06-21,0.024969,357.54001
2021-06-22,-2.8e-05,357.53
2021-06-23,0.009845,361.04999
2021-06-24,0.021327,368.75
2021-06-25,5.4e-05,368.76999
2021-06-28,-0.000163,368.70999
2021-06-29,0.010605,372.62
2021-06-30,0.018544,379.53
2021-07-01,-0.011962,374.98999
2021-07-02,-0.002213,374.16
2021-07-06,-0.011493,369.85999
2021-07-07,-0.005921,367.67001
2021-07-08,-0.023744,358.94
2021-07-09,0.035716,371.76001
2021-07-12,0.02351,380.5
2021-07-13,-0.011879,375.98001
2021-07-14,-0.004202,374.39999
2021-07-15,-0.002804,373.35001
2021-07-16,-0.022901,364.79999
2021-07-19,-0.027632,354.72
2021-07-20,0.028304,364.76001
2021-07-21,0.023961,373.5
2021-07-22,-0.002115,372.70999
2021-07-23,0.003595,374.04999
2021-07-26,0.004946,375.89999
2021-07-27,-0.00282,374.84
2021-07-28,-0.001627,374.23001
2021-07-29,0.008871,377.54999
2021-07-30,-0.007072,374.88
2021-08-02,0.008829,378.19
2021-08-03,0.005738,380.35999
2021-08-04,-0.006573,377.85999
2021-08-05,0.017043,384.29999
2021-08-06,0.035363,397.89001
2021-08-09,0.005001,399.88
2021-08-10,0.020231,407.97
2021-08-11,0.014511,413.89001
2021-08-12,0.002682,415.0
2021-08-13,-0.010169,410.78
2021-08-16,-0.005916,408.35001
2021-08-17,-0.008277,404.97
2021-08-18,-0.015236,398.79999
2021-08-19,-0.013114,393.57001
2021-08-20,0.005844,395.87
2021-08-23,0.014096,401.45001
2021-08-24,0.017711,408.56
2021-08-25,0.011161,413.12
2021-08-26,-0.001719,412.41
2021-08-27,0.017652,419.69
2021-08-30,-0.014511,413.60001
2021-08-31,0.004618,413.51001
2021-09-01,0.000363,413.66
2021-09-02,0.002031,414.5
2021-09-03,-0.007696,411.31
2021-09-07,-0.002407,410.32001
2021-09-08,-0.012966,405.0
2021-09-09,-0.001037,404.57999
2021-09-10,-0.002719,403.48001
2021-09-13,0.014325,409.26001
2021-09-14,-0.01361,403.69
2021-09-15,-0.00431,401.95001
2021-09-16,-0.013111,396.67999
2021-09-17,-0.013159,391.45999
2021-09-20,-0.034052,378.13
2021-09-21,-0.006056,375.84
2021-09-22,0.025623,385.47
2021-09-23,0.016577,391.85999
2021-09-24,-0.002577,390.85001
2021-09-27,0.022924,399.81
2021-09-28,-0.025787,389.5
2021-09-29,-0.011836,384.89001
2021-09-30,-0.017823,378.03
2021-10-01,0.005211,380.0
2021-10-04,-0.015395,374.14999
2021-10-05,0.031164,385.81
2021-10-06,0.005806,388.04999
2021-10-07,0.006623,390.62
2021-10-08,0.005606,392.81
2021-10-11,-0.019271,385.23999
2021-10-12,0.003349,386.53
2021-10-13,-0.000569,386.31
2021-10-14,0.012658,391.20001
2021-10-15,0.038011,406.07001
2021-10-18,0.018765,413.69
2021-10-19,-0.003698,412.16
2021-10-20,-0.01036,407.89001
2021-10-21,-0.000736,407.59
2021-10-22,0.016512,414.32001
2021-10-25,0.001038,414.75
2021-10-26,0.006896,417.60999
2021-10-27,-0.015852,410.98999
2021-10-28,0.009319,414.82001
2021-10-29,-0.003544,413.35001
2021-11-01,0.008105,416.70001
2021-11-02,0.017159,423.85001
2021-11-03,-0.014038,417.89999
2021-11-04,-0.023522,408.07001
2021-11-05,-0.002426,407.07999
2021-11-08,0.003095,408.34
2021-11-09,-0.007322,405.35001
2021-11-10,-0.01537,399.12
2021-11-11,0.008068,402.34
2021-11-12,0.006388,404.91
2021-11-15,-0.000247,404.81
2021-11-16,-0.004249,403.09
2021-11-17,-0.028629,391.54999
2021-11-18,-0.00046,391.37
2021-11-19,-0.010169,387.39001
2021-11-22,0.022639,396.16
2021-11-23,0.025697,406.34
2021-11-24,-0.017596,399.19
2021-11-26,-0.02455,389.39001
2021-11-29,-0.007319,386.54001
2021-11-30,-0.014358,380.98999
2021-12-01,-0.006588,376.48001
2021-12-02,0.029377,387.54001
2021-12-03,-0.012412,382.73001
2021-12-06,0.017166,389.29999
2021-12-07,0.027768,400.10999
2021-12-08,-0.006973,397.32001
2021-12-09,-0.002089,396.48999
2021-12-10,-0.013695,391.06
2021-12-13,-0.016417,384.64001
2021-12-14,0.010867,388.82001
2021-12-15,0.002803,389.91
2021-12-16,0.019133,397.37
2021-12-17,-0.039183,381.79999
2021-12-20,-0.026689,371.60999
2021-12-21,0.023439,380.32001
2021-12-22,0.005285,382.32999
2021-12-23,0.007088,385.04001
2021-12-27,0.007791,388.04001
2021-12-28,-0.001108,387.60999
2021-12-29,-0.003638,386.20001
2021-12-30,-0.001761,385.51999
2021-12-31,-0.007704,382.54999
2022-01-03,0.033407,395.32999
2022-01-04,0.030734,407.48001
2022-01-05,-0.021719,398.63
2022-01-06,-0.004265,396.92999
2022-01-07,0.001461,397.51001
2022-01-10,0.004176,399.17001
2022-01-11,0.00972,403.04999
2022-01-12,-0.031609,390.31
2022-01-13,0.001255,390.79999
2022-01-14,-0.02523,380.94
2022-01-18,-0.06967,354.39999
2022-01-19,-0.019977,347.32001
2022-01-20,0.002246,348.10001
2022-01-21,-0.012037,343.91
2022-01-24,-0.001512,343.39001
2022-01-25,-0.005358,341.54999
2022-01-26,0.003308,342.67999
2022-01-27,-0.004815,341.03
2022-01-28,0.017535,347.01001
2022-01-31,0.022103,354.67999
2022-02-01,0.026446,364.06
2022-02-02,-0.002747,363.06
2022-02-03,-0.011513,358.88
2022-02-04,0.024298,367.60001
2022-02-07,0.001496,368.14999
2022-02-08,0.005297,370.10001
2022-02-09,0.01197,374.53
2022-02-10,-0.010573,370.57001
2022-02-11,-0.020266,363.06
2022-02-14,-0.007767,360.23999
2022-02-15,0.010271,363.94
2022-02-16,-0.010689,360.04999
2022-02-17,-0.030524,349.06
2022-02-18,-0.008652,346.04001
2022-02-22,-0.005115,344.26999
2022-02-23,-0.008946,341.19
2022-02-24,-0.002931,340.19
2022-02-25,0.02919,350.12
2022-02-28,-0.02522,341.29001
2022-03-01,-0.032494,328.20001
2022-03-02,0.024924,336.38
2022-03-03,-0.0088,333.42001
2022-03-04,-0.011247,329.67001
2022-03-07,-0.023599,321.89001
2022-03-08,-0.001616,321.37
2022-03-09,0.038025,333.59
2022-03-10,-0.011062,329.89999
2022-03-11,-0.008791,327.0
2022-03-14,-0.006177,324.98001
2022-03-15,0.012862,329.16
2022-03-16,0.035241,340.76001
2022-03-17,0.007366,343.26999
2022-03-18,0.006147,345.38
2022-03-21,-0.018472,339.0
2022-03-22,0.011829,343.01001
2022-03-23,-0.021574,335.60999
2022-03-24,0.001847,336.23001
2022-03-25,0.003747,337.48999
2022-03-28,-0.006489,335.29999
2022-03-29,0.013003,339.66
2022-03-30,-0.011983,335.59
2022-03-31,-0.016359,330.10001
2022-04-01,0.000364,330.22
2022-04-04,-0.006087,328.20999
2022-04-05,-0.012949,323.95999
2022-04-06,-0.023768,316.26001
2022-04-07,-0.006672,314.14999
2022-04-08,0.023046,321.39001
2022-04-11,-0.00196,320.76001
2022-04-12,-0.003055,319.78
2022-04-13,0.006848,321.97
2022-04-14,-0.001025,321.64001
2022-04-18,0.025619,329.88
2022-04-19,0.018401,335.95001
2022-04-20,0.015211,341.06
2022-04-21,-0.019821,334.29999
2022-04-22,-0.043464,319.76999
2022-04-25,0.00516,321.42001
2022-04-26,-0.025823,313.12
2022-04-27,0.000351,313.23001
2022-04-28,0.016537,318.41
2022-04-29,-0.040577,305.48999
2022-05-02,0.016138,310.42001
2022-05-03,0.013659,314.66
2022-05-04,0.030032,324.10999
2022-05-05,-0.034062,313.07001
2022-05-06,-0.000351,312.95999
2022-05-09,-0.013005,308.89001
2022-05-10,-0.012399,305.06
2022-05-11,-0.011506,301.54999
2022-05-12,-0.007097,299.41
2022-05-13,0.025316,306.98999
2022-05-16,-0.011564,303.44
2022-05-17,0.031407,312.97
2022-05-18,-0.019938,306.73001
2022-05-19,0.004792,308.20001
2022-05-20,-0.004543,306.79999
2022-05-23,0.031975,316.60999
2022-05-24,-0.008401,313.95001
2022-05-25,0.003026,314.89999
2022-05-26,0.027723,323.63
2022-05-27,0.015295,328.57999
2022-05-31,0.000822,326.85001
2022-06-01,-0.015298,321.85001
2022-06-02,0.007457,324.25
2022-06-03,-0.017178,318.67999
2022-06-06,0.005742,320.51001
2022-06-07,0.00312,321.51001
2022-06-08,-0.021244,314.67999
2022-06-09,-0.03324,304.22
2022-06-10,-0.056538,287.01999
2022-06-13,-0.012891,283.32001
2022-06-14,-0.002753,282.54001
2022-06-15,0.026651,290.07001
2022-06-16,-0.017548,284.98001
2022-06-17,-0.018212,279.79001
2022-06-21,0.017942,284.81
2022-06-22,-0.000948,284.54001
2022-06-23,0.005729,286.17001
2022-06-24,0.057938,302.75
2022-06-27,-0.006507,300.78
2022-06-28,-0.004289,299.48999
2022-06-29,0.012655,303.28
2022-06-30,-0.020641,297.01999
2022-07-01,0.007441,299.23001
2022-07-05,-0.006784,297.20001
2022-07-06,-0.011575,293.76001
2022-07-07,0.016476,298.60001
2022-07-08,-0.007133,296.47
2022-07-11,-0.011097,293.17999
2022-07-12,-0.002217,292.53
2022-07-13,-0.008136,290.14999
2022-07-14,-0.029502,281.59
2022-07-15,0.04361,293.87
2022-07-18,0.025147,301.26001
2022-07-19,0.055733,318.04999
2022-07-20,0.01069,321.45001
2022-07-21,0.015835,326.54001
2022-07-22,-0.007993,323.92999
2022-07-25,0.000587,324.12
2022-07-26,-0.017185,318.54999
2022-07-27,0.018804,324.54001
2022-07-28,0.014081,329.10999
2022-07-29,0.013005,333.39001
2022-08-01,-0.003929,332.07999
2022-08-02,-0.012648,327.88
2022-08-03,0.016134,333.17001
2022-08-04,-0.003902,331.87
2022-08-05,0.008437,334.67001
2022-08-08,3e-05,334.67999
2022-08-09,0.005797,336.62
2022-08-10,0.033539,347.91
2022-08-11,0.010836,351.67999
2022-08-12,0.006085,353.82001
2022-08-15,0.005737,355.85001
2022-08-16,-0.002473,354.97
2022-08-17,-0.003465,353.73999
2022-08-18,0.002205,354.51999
2022-08-19,-0.014809,349.26999
2022-08-22,-0.019612,342.42001
2022-08-23,-0.006542,340.17999
2022-08-24,0.005174,341.94
2022-08-25,0.013306,346.48999
2022-08-26,-0.029121,336.39999
2022-08-29,-0.007372,333.92001
2022-08-30,-0.000868,333.63
2022-08-31,0.004616,332.67001
2022-09-01,0.002495,333.5
2022-09-02,-0.006057,331.48001
2022-09-06,-0.015054,326.48999
2022-09-07,0.012466,330.56
2022-09-08,0.014581,335.38
2022-09-09,0.014074,340.10001
2022-09-12,0.007292,342.57999
2022-09-13,-0.041421,328.39001
2022-09-14,-0.003441,327.26001
2022-09-15,0.013323,331.62
2022-09-16,-0.016314,326.20999
2022-09-19,0.007511,328.66
2022-09-20,-0.01643,323.26001
2022-09-21,-0.007888,320.70999
2022-09-22,-0.02429,312.92001
2022-09-23,-0.034993,301.97
2022-09-26,-0.02434,294.62
2022-09-27,-0.010997,291.38
2022-09-28,0.032295,300.79001
2022-09-29,-0.015559,296.10999
2022-09-30,-0.010334,293.04999
2022-10-03,0.020816,299.14999
2022-10-04,0.052549,314.87
2022-10-05,-0.018643,309.0
2022-10-06,-0.014013,304.67001
2022-10-07,-0.011783,301.07999
2022-10-10,-0.001793,300.54001
2022-10-11,-0.021062,294.20999
2022-10-12,0.003739,295.31
2022-10-13,0.039823,307.07001
2022-10-14,-0.023057,299.98999
2022-10-17,0.022401,306.70999
2022-10-18,0.023279,313.85001
2022-10-19,-0.006659,311.76001
2022-10-20,-0.003047,310.81
2022-10-21,0.045977,325.10001
2022-10-24,0.011074,328.70001
2022-10-25,0.011256,332.39999
2022-10-26,0.009898,335.69
2022-10-27,0.004439,337.17999
2022-10-28,0.013761,341.82001
2022-10-31,0.00787,344.51001
2022-11-01,0.011814,348.57999
2022-11-02,0.003471,349.79001
2022-11-03,-0.00263,348.87
2022-11-04,0.025912,357.91
2022-11-07,0.012992,362.56
2022-11-08,0.004027,364.01999
2022-11-09,-0.005549,362.0
2022-11-10,0.045055,378.31
2022-11-11,0.018133,385.17001
2022-11-14,-0.007296,382.35999
2022-11-15,0.00136,382.88
2022-11-16,-0.001437,382.32999
2022-11-17,-0.00667,379.78
2022-11-18,-0.001527,379.20001
2022-11-21,0.002663,380.20999
2022-11-22,0.009626,383.87
2022-11-23,0.0062,386.25
2022-11-25,0.006757,388.85999
2022-11-28,-0.016716,382.35999
2022-11-29,0.003531,383.70999
2022-11-30,0.012874,386.14999
2022-12-01,-0.00606,383.81
2022-12-02,-0.008416,380.57999
2022-12-05,-0.023753,371.54001
2022-12-06,-0.023228,362.91
2022-12-07,-0.008239,359.92001
2022-12-08,-0.005112,358.07999
2022-12-09,0.00296,359.14001
2022-12-12,0.011249,363.17999
2022-12-13,0.015172,368.69
2022-12-14,-0.022539,360.38
2022-12-15,-0.029275,349.82999
2022-12-16,-0.009948,346.35001
2022-12-19,-0.005024,344.60999
2022-12-20,-0.000348,344.48999
2022-12-21,0.016459,350.16
2022-12-22,-0.01308,345.57999
2022-12-23,-0.000202,345.51001
2022-12-27,-0.010246,341.97
2022-12-28,-0.003217,340.87
2022-12-29,0.00751,343.42999
2022-12-30,-0.000146,343.38
2023-01-03,0.008271,346.22
2023-01-04,0.004275,347.70001
2023-01-05,-0.011332,343.76001
2023-01-06,0.012567,348.07999
2023-01-09,0.014135,353.0
2023-01-10,0.012351,357.35999
2023-01-11,0.019924,364.48001
2023-01-12,0.01498,369.94
2023-01-13,0.010975,374.0
2023-01-17,-0.064385,349.92001
2023-01-18,-0.002372,349.09
2023-01-19,0.004755,350.75
2023-01-20,-0.025403,341.84
2023-01-23,0.021355,349.14001
2023-01-24,-0.00232,348.32999
2023-01-25,0.003732,349.63
2023-01-26,0.015273,354.97
2023-01-27,-0.003578,353.70001
2023-01-30,0.01063,357.45999
2023-01-31,0.023359,365.81
2023-02-01,-0.000273,365.70999
2023-02-02,0.010281,369.47
2023-02-03,0.001299,369.95001
2023-02-06,0.002298,370.79999
2023-02-07,0.009709,374.39999
2023-02-08,0.00187,375.10001
2023-02-09,-0.018955,367.98999
2023-02-10,0.00894,371.28
2023-02-13,0.00738,374.01999
2023-02-14,-0.005989,371.78
2023-02-15,0.006886,374.34
2023-02-16,-0.011059,370.20001
2023-02-17,-0.004592,368.5
2023-02-21,-0.020027,361.12
2023-02-22,-0.000637,360.89001
2023-02-23,0.007343,363.54001
2023-02-24,0.000853,363.85001
2023-02-27,0.004617,365.53
2023-02-28,-0.037972,351.64999
2023-03-01,-0.008304,346.23001
2023-03-02,0.008289,349.10001
2023-03-03,0.022887,357.09
2023-03-06,-0.000112,357.04999
2023-03-07,-0.030724,346.07999
2023-03-08,0.009275,349.29001
2023-03-09,-0.020613,342.09
2023-03-10,-0.042153,327.67001
2023-03-13,-0.037111,315.51001
2023-03-14,0.021045,322.14999
2023-03-15,-0.030917,312.19
2023-03-16,0.009289,315.09
2023-03-17,-0.036656,303.54001
2023-03-20,0.019734,309.53
2023-03-21,0.025038,317.28
2023-03-22,-0.011378,313.67001
2023-03-23,0.003762,314.85001
2023-03-24,-0.007242,312.57001
2023-03-27,0.019068,318.53
2023-03-28,-0.000283,318.44
2023-03-29,0.00716,320.72
2023-03-30,0.00131,321.14001
2023-03-31,0.01859,327.10999
2023-04-03,-0.001804,326.51999
2023-04-04,-0.011852,322.64999
2023-04-05,-0.003471,321.53
2023-04-06,0.002706,322.39999
2023-04-10,0.00794,324.95999
2023-04-11,0.007416,327.37
2023-04-12,0.008767,330.23999
2023-04-13,0.005723,332.13
2023-04-14,0.014422,336.92001
2023-04-17,0.008192,339.67999
2023-04-18,-0.016987,333.91
2023-04-19,0.008925,336.89001
2023-04-20,0.005402,338.70999
2023-04-21,0.00871,341.66
2023-04-24,0.006732,343.95999
2023-04-25,-0.013025,339.48001
2023-04-26,-0.008601,336.56
2023-04-27,0.014975,341.60001
2023-04-28,0.005386,343.44
2023-05-01,-0.008357,340.57001
2023-05-02,-0.021141,333.37
2023-05-03,-0.014158,328.64999
2023-05-04,-0.022486,321.26001
2023-05-05,0.017929,327.01999
2023-05-08,-0.001559,326.51001
2023-05-09,-0.005329,324.76999
2023-05-10,-0.006836,322.54999
2023-05-11,-0.005674,320.72
2023-05-12,-0.003804,319.5
2023-05-15,0.008044,322.07001
2023-05-16,-0.003912,320.81
2023-05-17,0.029207,330.17999
2023-05-18,-0.001817,329.57999
2023-05-19,-0.010407,326.14999
2023-05-22,-0.003771,324.92001
2023-05-23,-0.004155,323.57001
2023-05-24,-0.01162,319.81
2023-05-25,0.012726,323.88
2023-05-26,0.025102,332.01001
2023-05-30,-0.003554,330.82999
2023-05-31,-0.013391,323.89999
2023-06-01,-0.023155,316.39999
2023-06-02,0.022914,323.64999
2023-06-05,-0.005685,321.81
2023-06-06,0.015506,326.79999
2023-06-07,0.027387,335.75
2023-06-08,-0.000834,335.47
2023-06-09,0.001639,336.01999
2023-06-12,0.010327,339.48999
2023-06-13,0.008866,342.5
2023-06-14,-0.011912,338.42001
2023-06-15,0.0039,339.73999
2023-06-16,-0.004209,338.31
2023-06-20,-0.022435,330.72
2023-06-21,-0.017084,325.07001
2023-06-22,-0.016889,319.57999
2023-06-23,-0.015239,314.70999
2023-06-26,-0.007467,312.35999
2023-06-27,0.00349,313.45001
2023-06-28,0.00067,313.66
2023-06-29,0.030064,323.09
2023-06-30,-0.001702,322.54001
2023-07-03,0.012619,326.60999
2023-07-05,-0.020085,320.04999
2023-07-06,-0.022028,313.0
2023-07-07,0.006933,315.17001
2023-07-10,0.004125,316.47
2023-07-11,0.013935,320.88
2023-07-12,0.017203,326.39999
2023-07-13,0.006985,328.67999
2023-07-14,-0.007576,326.19
2023-07-17,0.003096,327.20001
2023-07-18,0.030776,337.26999
2023-07-19,0.009725,340.54999
2023-07-20,0.030275,350.85999
2023-07-21,0.003135,351.95999
2023-07-24,0.019803,358.92999
2023-07-25,-0.011785,354.70001
2023-07-26,0.008063,357.56
2023-07-27,-0.00853,354.51001
2023-07-28,-0.003611,353.23001
2023-07-31,0.007474,355.87
2023-08-01,0.005199,357.72
2023-08-02,-0.018506,351.10001
2023-08-03,0.005867,353.16
2023-08-04,0.00017,353.22
2023-08-07,0.006625,355.56
2023-08-08,-0.020531,348.26001
2023-08-09,-0.015994,342.69
2023-08-10,-0.006682,340.39999
2023-08-11,0.000969,340.73001
2023-08-14,-0.008775,337.73999
2023-08-15,-0.016374,332.20999
2023-08-16,-0.009331,329.10999
2023-08-17,-0.004831,327.51999
2023-08-18,-0.007908,324.92999
2023-08-21,-0.008833,322.06
2023-08-22,-0.010153,318.79001
2023-08-23,0.011104,322.32999
2023-08-24,-0.007353,319.95999
2023-08-25,0.000594,320.14999
2023-08-28,0.018179,325.97
2023-08-29,0.020186,332.54999
2023-08-30,-0.003669,328.57999
2023-08-31,-0.002648,327.70999
2023-09-01,-0.000946,327.39999
2023-09-05,-0.011148,323.75
2023-09-06,-0.008093,321.13
2023-09-07,0.002585,321.95999
2023-09-08,0.011057,325.51999
2023-09-11,-0.002673,324.64999
2023-09-12,0.019252,330.89999
2023-09-13,0.01233,334.98001
2023-09-14,0.028629,344.57001
2023-09-15,-0.005891,342.54001
2023-09-18,0.002277,343.32001
2023-09-19,-0.004165,341.89001
2023-09-20,-0.01518,336.70001
2023-09-21,-0.019186,330.23999
2023-09-22,-0.007116,327.89001
2023-09-25,0.002897,328.84
2023-09-26,-0.015266,323.82001
2023-09-27,-0.005775,321.95001
2023-09-28,0.010095,325.20001
2023-09-29,-0.005012,323.57001
2023-10-02,-0.015669,318.5
2023-10-03,-0.03887,306.12
2023-10-04,0.008101,308.60001
2023-10-05,0.006157,310.5
2023-10-06,0.006377,312.48001
2023-10-09,0.000416,312.60999
2023-10-10,0.00691,314.76999
2023-10-11,-0.00556,313.01999
2023-10-12,-0.010127,309.85001
2023-10-13,-0.001775,309.29999
2023-10-16,0.016457,314.39001
2023-10-17,-0.015999,309.35999
2023-10-18,-0.02392,301.95999
2023-10-19,-0.009173,299.19
2023-10-20,0.002874,300.04999
2023-10-23,-0.002766,299.22
2023-10-24,-0.000134,299.17999
2023-10-25,-0.008089,296.76001
2023-10-26,0.000775,296.98999
2023-10-27,-0.023839,289.91
2023-10-30,0.037667,300.82999
2023-10-31,0.009241,303.60999
2023-11-01,0.011693,307.16
2023-11-02,0.021487,313.76001
2023-11-03,0.044174,327.62
2023-11-06,-0.011324,323.91
2023-11-07,0.000124,323.95001
2023-11-08,0.001883,324.56
2023-11-09,-0.011647,320.78
2023-11-10,0.014745,325.51001
2023-11-13,0.004301,326.91
2023-11-14,0.036126,338.72
2023-11-15,-0.003307,337.60001
2023-11-16,-0.002755,336.67001
2023-11-17,0.007485,339.19
2023-11-20,0.000767,339.45001
2023-11-21,-0.013198,334.97
2023-11-22,0.010956,338.64001
2023-11-24,0.001506,339.14999
2023-11-27,-0.004246,337.70999
2023-11-28,-0.000178,337.64999
2023-11-29,0.015875,340.26001
2023-11-30,0.003762,341.54001
2023-12-01,0.020173,348.42999
2023-12-04,0.002755,349.39001
2023-12-05,-0.021867,341.75
2023-12-06,0.000644,341.97
2023-12-07,0.007749,344.62
2023-12-08,0.01802,350.82999
2023-12-11,0.002651,351.76001
2023-12-12,0.002416,352.60999
2023-12-13,0.0287,362.73001
2023-12-14,0.057178,383.47
2023-12-15,-0.007719,380.51001
2023-12-18,-0.010801,376.39999
2023-12-19,0.016073,382.45001
2023-12-20,-0.012891,377.51999
2023-12-21,0.008079,380.57001
2023-12-22,0.00021,380.64999
2023-12-26,0.002522,381.60999
2023-12-27,0.007521,384.48001
2023-12-28,0.00502,386.41
2023-12-29,-0.001656,385.76999
