{
  "train_losses": [
    4.008832686337349,
    4.001605995030884,
    3.9729504068716506,
    3.9384032943267453,
    3.8957878789343456,
    3.826856401791109,
    3.778117450519578,
    3.741165371205912,
    3.74207614816379,
    3.6587118433409596,
    3.682063284305902,
    3.6503372487348464,
    3.609877670825643,
    3.6288953510910615,
    3.6109657886162103,
    3.574388925901147,
    3.5821364438166876,
    3.5201476427468466,
    3.553483483873366,
    3.5204297044439783,
    3.531794947892985,
    3.539336628416035,
    3.51590737349741,
    3.5301485011285516,
    3.511313448199754,
    3.5254450736451597,
    3.5041091883837208,
    3.4844368055202044,
    3.4516603853160097,
    3.4519704858725806,
    3.4592256456811383,
    3.477167558871484,
    3.432171320728171,
    3.389119914157893,
    3.4317491660293644,
    3.398072945042842,
    3.395783260923304,
    3.424935505918228,
    3.3992409016903293,
    3.354304275817733
  ],
  "val_losses": [
    4.0092010498046875,
    4.007925510406494,
    4.005682945251465,
    3.9914402961730957,
    3.9712331295013428,
    3.9848902225494385,
    4.095026016235352,
    4.152868270874023,
    4.197023391723633,
    4.185099124908447,
    4.218661785125732,
    4.240963459014893,
    4.329369068145752,
    4.444856643676758,
    4.390138149261475,
    4.429197788238525,
    4.5260186195373535,
    4.541905403137207,
    4.535884857177734,
    4.63189172744751,
    4.722095489501953,
    4.593492031097412,
    4.643706798553467,
    4.594216823577881,
    4.651255130767822,
    4.800194263458252,
    4.669492244720459,
    4.579320430755615,
    4.600718975067139,
    4.705362319946289,
    4.754151344299316,
    4.70931339263916,
    4.821208953857422,
    4.797072410583496,
    4.579746723175049,
    4.605114936828613,
    4.805665969848633,
    4.910315990447998,
    4.825063228607178,
    4.874812602996826
  ],
  "train_severities": [
    8.769022731516257,
    8.76947620221485,
    8.769775784296233,
    8.765107689813165,
    8.774239785856846,
    8.763709163838435,
    8.763696680316453,
    8.768343885188083,
    8.75384274461432,
    8.755599631986923,
    8.763069380171412,
    8.783723247000879,
    8.79011119757349,
    8.77321794771184,
    8.772902451873762,
    8.758346304953927,
    8.772023244730018,
    8.728131287631747,
    8.74047280796767,
    8.75490833609379,
    8.758339903192054,
    8.72215267255066,
    8.699419015275476,
    8.742776958210035,
    8.747084354016172,
    8.74263232316896,
    8.735697974767323,
    8.756315360820357,
    8.739121384122821,
    8.756687541862677,
    8.685978420973543,
    8.719190963003818,
    8.746446328056672,
    8.693362508254664,
    8.687921639731941,
    8.755526654894409,
    8.728020733066115,
    8.702400603492935,
    8.681468194122406,
    8.657412693596923
  ],
  "val_severities": [
    8.140680313110352,
    8.141602516174316,
    8.142570495605469,
    8.14186954498291,
    8.121052742004395,
    8.109901428222656,
    8.091516494750977,
    8.064183235168457,
    8.060105323791504,
    8.054821014404297,
    8.046406745910645,
    8.041563034057617,
    8.046218872070312,
    8.039864540100098,
    8.041776657104492,
    8.048687934875488,
    8.047292709350586,
    8.03609561920166,
    8.043963432312012,
    8.044906616210938,
    8.047172546386719,
    8.058965682983398,
    8.055020332336426,
    8.067851066589355,
    8.069579124450684,
    8.100994110107422,
    8.147199630737305,
    8.106897354125977,
    8.085698127746582,
    8.083399772644043,
    8.077982902526855,
    8.061653137207031,
    8.05980110168457,
    8.068821907043457,
    8.07258129119873,
    8.077598571777344,
    8.098057746887207,
    8.143174171447754,
    8.133442878723145,
    8.154576301574707
  ],
  "test_loss": 4.18977689743042,
  "test_acc": 0.025280898876404494,
  "test_severity": 8.297914505004883
}