{
  "train_losses": [
    4.012894710144798,
    4.012509574930425,
    4.011535020642922,
    4.01154810776535,
    4.011704435388799,
    4.010981243780455,
    4.009746298274867,
    4.009710453473162,
    4.009180999334562,
    4.007799828275544,
    4.0082910240739675,
    4.007157354233994,
    4.004965247774096,
    4.002988756314487,
    3.9997994128522487,
    3.997267863372038,
    3.9945103726476234,
    3.9824012561814213,
    3.9726676427246077,
    3.962428866342097,
    3.9440159056657182,
    3.9113456611541215,
    3.9121723116055698,
    3.877977296107493,
    3.9034956310193945,
    3.879978427415018,
    3.8692514376965503,
    3.8786670164523818,
    3.8813041679529663,
    3.8547801991579544,
    3.854123595542194,
    3.840597976887161,
    3.8192284084186543,
    3.8398161950281176,
    3.822660413361056,
    3.7985181399836336,
    3.8238781298509044,
    3.820139142498599,
    3.7810492965926157,
    3.7730987902211366
  ],
  "val_losses": [
    4.007462501525879,
    4.007354736328125,
    4.007243633270264,
    4.007139205932617,
    4.007054805755615,
    4.006962776184082,
    4.006853103637695,
    4.00669527053833,
    4.006575584411621,
    4.006495475769043,
    4.00642204284668,
    4.006308555603027,
    4.006216526031494,
    4.006109237670898,
    4.006015300750732,
    4.005882263183594,
    4.005632400512695,
    4.005422592163086,
    4.005064964294434,
    4.004457473754883,
    4.003729343414307,
    4.002804279327393,
    4.00128698348999,
    3.9996705055236816,
    3.998089075088501,
    3.996795654296875,
    3.996448040008545,
    3.997856855392456,
    4.002140045166016,
    4.013103485107422,
    4.026315689086914,
    4.053287982940674,
    4.0850677490234375,
    4.129284381866455,
    4.1728973388671875,
    4.213834762573242,
    4.2591233253479,
    4.277949333190918,
    4.300723075866699,
    4.3331780433654785
  ],
  "train_severities": [
    8.771153428717126,
    8.77136273979781,
    8.77139549738827,
    8.771470755356654,
    8.771552275230025,
    8.771440527276527,
    8.771649986271694,
    8.77172304106248,
    8.771016709115322,
    8.77186146081753,
    8.771198114430826,
    8.771020872591487,
    8.770329269358532,
    8.771068040621014,
    8.770567170524712,
    8.770132071725849,
    8.769667301396685,
    8.76925062859857,
    8.770270310184937,
    8.768646753042955,
    8.768886739976017,
    8.768876730712265,
    8.76805400905943,
    8.75849799499788,
    8.785707142242266,
    8.777615146026887,
    8.775930754017528,
    8.75848938200081,
    8.767955380602636,
    8.74925044479324,
    8.779563854887462,
    8.777985550368774,
    8.768203948302375,
    8.773409502723524,
    8.78338334009312,
    8.765639546842696,
    8.773856618279208,
    8.785142054238374,
    8.734693616430803,
    8.763803816445995
  ],
  "val_severities": [
    8.107024192810059,
    8.1071195602417,
    8.107185363769531,
    8.107227325439453,
    8.107287406921387,
    8.10729694366455,
    8.10727596282959,
    8.107309341430664,
    8.107344627380371,
    8.107400894165039,
    8.107414245605469,
    8.107422828674316,
    8.107458114624023,
    8.107457160949707,
    8.107454299926758,
    8.107416152954102,
    8.10727310180664,
    8.107040405273438,
    8.106767654418945,
    8.10635757446289,
    8.105823516845703,
    8.105335235595703,
    8.105114936828613,
    8.105019569396973,
    8.105254173278809,
    8.106039047241211,
    8.10730266571045,
    8.109556198120117,
    8.112338066101074,
    8.116665840148926,
    8.119144439697266,
    8.129075050354004,
    8.13105583190918,
    8.132508277893066,
    8.13553237915039,
    8.133964538574219,
    8.131245613098145,
    8.126412391662598,
    8.121047973632812,
    8.117781639099121
  ],
  "test_loss": 4.70839262008667,
  "test_acc": 0.03089887640449438,
  "test_severity": 8.350010871887207
}