label,alpha,split,mean_ll,accuracy,severity,n
Marginal,-,val,-3.682208162600835,0.04788732394366197,8.101643050821524,355
Conditional,0.1,val,-4.125278183304607,0.02535211267605634,8.185760468031736,355
Conditional,1.0,val,-3.8822888065271584,0.02535211267605634,8.144085376512013,355
Marginal,-,test,-3.692749152062543,0.042134831460674156,8.26690987502797,356
Conditional,0.1,test,-4.184169559890139,0.042134831460674156,8.294955809078916,356
Conditional,1.0,test,-3.891563071809108,0.042134831460674156,8.317989003505536,356
