n_bins,split,best_alpha,MI_nats,marginal_LL,conditional_LL,delta_LL,cond_acc,cond_sev
25,val,1.0,0.2560939825871726,-3.218703810235967,-3.348023050920549,-0.12931924068458223,0.04225352112676056,5.95338216590513
25,test,1.0,0.2560939825871726,-3.2187584263595084,-3.317298364053871,-0.09853993769436276,0.05056179775280899,5.970979374802042
35,val,1.0,0.4718880436674597,-3.5546694915637396,-3.6836494698726443,-0.12897997830890473,0.05070422535211268,8.313136710359128
35,test,1.0,0.4718880436674597,-3.55469181437449,-3.704509741555917,-0.14981792718142684,0.02247191011235955,8.37696727087656
40,val,1.0,0.5739883535191407,-3.6886704805403983,-3.7966101180392706,-0.10793963749887237,0.016901408450704224,9.57348876912794
40,test,1.0,0.5739883535191407,-3.688564655717856,-3.837156168334346,-0.14859151261648984,0.02247191011235955,9.53767031627418
55,val,1.0,0.6594267858969617,-3.682208162600835,-3.8822888065271584,-0.2000806439263232,0.02535211267605634,8.144085376512013
55,test,1.0,0.6594267858969617,-3.692749152062543,-3.891563071809108,-0.19881391974656504,0.042134831460674156,8.317989003505536
