{
  "train_losses": [
    1.9010284564979982,
    1.854595715480176,
    1.7577994211509995,
    1.6778679004834947,
    1.657979988015842,
    1.6249372711653585,
    1.610295869819213,
    1.6039072557177685,
    1.5940925210228727,
    1.5862881536575852,
    1.5849535171713682,
    1.5768989847594166,
    1.5794861456250022,
    1.56945612837769,
    1.570933893421866,
    1.5673601407924185,
    1.565337317279109,
    1.5554103137645365,
    1.554705900532982,
    1.5583254432706999,
    1.5535088689052419,
    1.56353891313112,
    1.5495344499687007,
    1.5558306826261705,
    1.5522964464013809,
    1.550404858430898,
    1.5520006123981924,
    1.550587247133111,
    1.5482950199060435,
    1.5469637372512448,
    1.5469547069137473,
    1.5471945244933585,
    1.5477851551558932,
    1.546382370308788,
    1.5422877574010145,
    1.548295943796023,
    1.5457521459749828,
    1.5429368365868503,
    1.5405105183336054,
    1.536692904936814
  ],
  "val_losses": [
    1.8838070631027222,
    1.7540675401687622,
    1.654003620147705,
    1.6363976001739502,
    1.597118854522705,
    1.5894923210144043,
    1.6031385660171509,
    1.6113991737365723,
    1.599525809288025,
    1.5789148807525635,
    1.573015570640564,
    1.579240322113037,
    1.5797761678695679,
    1.5709439516067505,
    1.5773828029632568,
    1.574387788772583,
    1.5730925798416138,
    1.5731966495513916,
    1.5698860883712769,
    1.5706440210342407,
    1.5675286054611206,
    1.5733968019485474,
    1.568527340888977,
    1.571728229522705,
    1.5716683864593506,
    1.5692485570907593,
    1.5784896612167358,
    1.5669136047363281,
    1.5684822797775269,
    1.5739694833755493,
    1.5730233192443848,
    1.5681778192520142,
    1.5684149265289307,
    1.5724010467529297,
    1.5589114427566528,
    1.5564574003219604,
    1.5716270208358765,
    1.569779872894287,
    1.560672402381897,
    1.5617361068725586
  ],
  "test_loss": 1.7230385541915894,
  "test_acc": 0.03651685393258427,
  "train_severities": [
    8.769584031873391,
    8.77177283356689,
    8.771279448403892,
    8.763160722832689,
    8.786230910306388,
    8.765797872894415,
    8.770653268840562,
    8.7805100057092,
    8.76677863858303,
    8.762184519471356,
    8.779223066823771,
    8.772371510820498,
    8.765926683387917,
    8.775796369968154,
    8.765746933333329,
    8.773943604081959,
    8.75285570666095,
    8.745325663468172,
    8.764010081178968,
    8.773468894705257,
    8.76488115245057,
    8.755291104820312,
    8.749037114122077,
    8.752469596333293,
    8.764534604930706,
    8.76033090811288,
    8.778727503807055,
    8.75466266740282,
    8.771644990848502,
    8.760382318467927,
    8.75233547933575,
    8.751125613680502,
    8.76122567764448,
    8.758199850046713,
    8.761074845446977,
    8.76599526390946,
    8.758597675546797,
    8.76667673298589,
    8.764537439478689,
    8.764436598635612
  ],
  "val_severities": [
    8.141639709472656,
    8.134666442871094,
    8.104217529296875,
    8.065488815307617,
    8.059656143188477,
    8.068526268005371,
    8.077093124389648,
    8.079644203186035,
    8.086122512817383,
    8.061553001403809,
    8.056780815124512,
    8.06257152557373,
    8.074411392211914,
    8.071818351745605,
    8.077985763549805,
    8.0806245803833,
    8.078206062316895,
    8.07775592803955,
    8.077009201049805,
    8.077767372131348,
    8.074762344360352,
    8.083243370056152,
    8.076153755187988,
    8.087990760803223,
    8.085721969604492,
    8.083246231079102,
    8.08522891998291,
    8.07259750366211,
    8.075057983398438,
    8.082289695739746,
    8.090813636779785,
    8.089948654174805,
    8.075652122497559,
    8.082806587219238,
    8.068366050720215,
    8.064526557922363,
    8.080381393432617,
    8.079957008361816,
    8.08048152923584,
    8.084205627441406
  ],
  "test_severity": 8.198734283447266
}