{
  "train_losses": [
    1.8999652491323762,
    1.8982224596791333,
    1.8967176134066908,
    1.8950375627162015,
    1.8931824441551803,
    1.8911507212403458,
    1.8885661409645103,
    1.8854046544902068,
    1.880937529531098,
    1.8741565439883816,
    1.8631932526089445,
    1.8470759669484038,
    1.8232440863593775,
    1.7987330587930397,
    1.7786238366894214,
    1.7604636088436314,
    1.7411942106452993,
    1.7248063502573578,
    1.710950721799428,
    1.691301034528517,
    1.6839922820507365,
    1.6729393241343615,
    1.6690958179331143,
    1.6618426383512885,
    1.6562022287297407,
    1.6495774547666688,
    1.651513234275468,
    1.6464991346496232,
    1.6474670671740423,
    1.6448716059030362,
    1.6355894930620256,
    1.636253930461932,
    1.631542756964661,
    1.6298059479760059,
    1.6318628787274956,
    1.631005560409325,
    1.6291386024305887,
    1.622955808311467,
    1.620468821019096,
    1.6223110844014133
  ],
  "val_losses": [
    1.8962682485580444,
    1.8944538831710815,
    1.89258873462677,
    1.890620231628418,
    1.8884459733963013,
    1.8859525918960571,
    1.8829139471054077,
    1.8789746761322021,
    1.873498558998108,
    1.8651915788650513,
    1.8518022298812866,
    1.8301864862442017,
    1.7964383363723755,
    1.750269889831543,
    1.7060773372650146,
    1.6745418310165405,
    1.6525886058807373,
    1.6334547996520996,
    1.6192303895950317,
    1.6111496686935425,
    1.6076146364212036,
    1.604576826095581,
    1.6022839546203613,
    1.6020363569259644,
    1.600624442100525,
    1.5968366861343384,
    1.5916579961776733,
    1.5872433185577393,
    1.5884466171264648,
    1.5836855173110962,
    1.5847234725952148,
    1.5847556591033936,
    1.5845651626586914,
    1.5846413373947144,
    1.5849940776824951,
    1.5852404832839966,
    1.5843172073364258,
    1.5826866626739502,
    1.5822107791900635,
    1.5814318656921387
  ],
  "test_loss": 1.7351305484771729,
  "test_acc": 0.03932584269662921,
  "train_severities": [
    8.771138957846071,
    8.771430299306534,
    8.77147445436983,
    8.771374120579905,
    8.771528921432356,
    8.77146255559927,
    8.772124993779535,
    8.771488874017582,
    8.770740945870141,
    8.770775938293053,
    8.77033142994597,
    8.769879330190177,
    8.76744964486803,
    8.771230408133839,
    8.772551005909655,
    8.76610453818027,
    8.781897692775324,
    8.775926720038479,
    8.776216209977955,
    8.761339677984482,
    8.766682974746878,
    8.761148673191657,
    8.774044641760652,
    8.769467238712254,
    8.769659346244964,
    8.775243713687397,
    8.775287076803885,
    8.774478371918885,
    8.791052208223038,
    8.784957642575382,
    8.762933145176595,
    8.792792976945728,
    8.77991763064857,
    8.77479442603342,
    8.773464994252123,
    8.770725290532132,
    8.783039821654684,
    8.78627115455678,
    8.777959980731566,
    8.770689328319708
  ],
  "val_severities": [
    8.107016563415527,
    8.107094764709473,
    8.10724925994873,
    8.107381820678711,
    8.107518196105957,
    8.107606887817383,
    8.107721328735352,
    8.108080863952637,
    8.108464241027832,
    8.108908653259277,
    8.10934066772461,
    8.11013126373291,
    8.11091423034668,
    8.11118221282959,
    8.111109733581543,
    8.110292434692383,
    8.10793685913086,
    8.105976104736328,
    8.105511665344238,
    8.10178279876709,
    8.098442077636719,
    8.099563598632812,
    8.095553398132324,
    8.09371566772461,
    8.094096183776855,
    8.096271514892578,
    8.092577934265137,
    8.090118408203125,
    8.089178085327148,
    8.0863037109375,
    8.084948539733887,
    8.084942817687988,
    8.085893630981445,
    8.085685729980469,
    8.08463191986084,
    8.082550048828125,
    8.08068561553955,
    8.080785751342773,
    8.08256721496582,
    8.081478118896484
  ],
  "test_severity": 8.248446464538574
}