model,arch,h,N,seed,nll_test,n_params,delta_nll_vs_shallow
state_cond,deep,1,55,42,4.0147223472595215,102071,-0.43758296966552734
state_cond,shallow,1,55,42,4.452305316925049,101925,0.0
state_free,deep,1,55,42,4.052250385284424,98551,-0.32786083221435547
state_free,shallow,1,55,42,4.380111217498779,98555,0.0
