horizon,N_bins,n_features,train_nll,val_nll,test_nll,gen_gap,spectral_product
1,55,15,3.925682544708252,3.9889214038848877,4.010480880737305,0.08479833602905273,65.06506537266364
1,55,30,4.007314205169678,4.004746913909912,4.003594398498535,-0.003719806671142578,2.1699259749733057
1,55,50,3.9145703315734863,3.996561288833618,4.0288801193237305,0.11430978775024414,36.12248710396654
1,55,194,3.8903849124908447,3.9773221015930176,4.0190534591674805,0.12866854667663574,47.168863278937586
