{
  "train_losses": [
    2.592762786793867,
    2.550148677307939,
    2.4509246514803253,
    2.3610012139911456,
    2.3311551365423577,
    2.297744044353966,
    2.2801156432497693,
    2.269634811289712,
    2.2651440082865446,
    2.251609525697808,
    2.252467824237204,
    2.2402946595046345,
    2.24277798929485,
    2.233422543819798,
    2.235875723515927,
    2.227361944546236,
    2.2284843812308255,
    2.2167809195164536,
    2.2133954391467983,
    2.218692887455279,
    2.2127958443341806,
    2.2248141913796737,
    2.207798283000847,
    2.214721178102004,
    2.2114651610352003,
    2.207308840881145,
    2.2073100899527716,
    2.211829962756307,
    2.20640026465481,
    2.2080610453111262,
    2.2042992441641256,
    2.2030313321460637,
    2.2037460744992465,
    2.204315502958695,
    2.197864723694778,
    2.2037588554329375,
    2.2016445564518654,
    2.198567565263001,
    2.196927524145353,
    2.190095721344381
  ],
  "val_losses": [
    2.5783824920654297,
    2.467820644378662,
    2.337953567504883,
    2.3157949447631836,
    2.2775039672851562,
    2.2730228900909424,
    2.2986021041870117,
    2.304666757583618,
    2.295201063156128,
    2.255950927734375,
    2.251307249069214,
    2.258349657058716,
    2.257181167602539,
    2.251613140106201,
    2.2543907165527344,
    2.2532825469970703,
    2.2476813793182373,
    2.242344379425049,
    2.2426939010620117,
    2.24371337890625,
    2.2434518337249756,
    2.241321086883545,
    2.2472593784332275,
    2.2426788806915283,
    2.249972105026245,
    2.2496347427368164,
    2.2543258666992188,
    2.2571794986724854,
    2.250758647918701,
    2.2605199813842773,
    2.25864577293396,
    2.24470591545105,
    2.2580525875091553,
    2.252376079559326,
    2.2424681186676025,
    2.249178886413574,
    2.258549451828003,
    2.2631869316101074,
    2.2742888927459717,
    2.2717950344085693
  ],
  "train_severities": [
    8.76953268195033,
    8.772378851292576,
    8.77313163068975,
    8.763907609823315,
    8.788001794878372,
    8.769793249716152,
    8.769515024299139,
    8.774896122708547,
    8.769797365997812,
    8.757469939840222,
    8.779770741782134,
    8.77416320298908,
    8.769420819463829,
    8.777047583764766,
    8.769354416796006,
    8.778746687222045,
    8.755546401190196,
    8.747813197741971,
    8.768705697252438,
    8.772422206927008,
    8.764134596397017,
    8.759076730846711,
    8.750786286344281,
    8.755289595747254,
    8.765444493682253,
    8.766303914242217,
    8.77963767572563,
    8.751525629120701,
    8.772662707531962,
    8.761034568390647,
    8.753639443926446,
    8.748565037277857,
    8.756617080179696,
    8.761281878529504,
    8.762175777552713,
    8.761958033044294,
    8.761098960687686,
    8.765641030591874,
    8.76637012582985,
    8.769863892407322
  ],
  "val_severities": [
    8.141706466674805,
    8.145747184753418,
    8.109797477722168,
    8.071234703063965,
    8.059808731079102,
    8.0634126663208,
    8.075180053710938,
    8.077115058898926,
    8.085832595825195,
    8.061735153198242,
    8.058577537536621,
    8.058294296264648,
    8.066183090209961,
    8.067697525024414,
    8.077008247375488,
    8.077343940734863,
    8.075407028198242,
    8.073830604553223,
    8.070443153381348,
    8.072957038879395,
    8.070558547973633,
    8.07765007019043,
    8.072901725769043,
    8.08079719543457,
    8.076693534851074,
    8.074051856994629,
    8.080055236816406,
    8.07436752319336,
    8.075255393981934,
    8.077241897583008,
    8.080301284790039,
    8.080229759216309,
    8.067952156066895,
    8.077401161193848,
    8.069478034973145,
    8.06637191772461,
    8.081820487976074,
    8.076993942260742,
    8.079719543457031,
    8.08864688873291
  ],
  "test_loss": 2.422468662261963,
  "test_acc": 0.047752808988764044,
  "test_severity": 8.214766502380371
}