{
  "train_losses": [
    2.592046505871061,
    2.5903242857397215,
    2.588862585028612,
    2.587194638721326,
    2.585318508965464,
    2.5834377407667937,
    2.581036248261769,
    2.5784319592443086,
    2.574846132159881,
    2.569681932354952,
    2.5616171047783935,
    2.55027647427068,
    2.531835521929366,
    2.507500157992237,
    2.484025842249933,
    2.462065050813471,
    2.441354903961854,
    2.4245283934605286,
    2.4080298886503453,
    2.3840900923591386,
    2.3753245873989366,
    2.3571574367092687,
    2.3555586920780236,
    2.344264249162783,
    2.337595717908391,
    2.331283986748308,
    2.3298629570525313,
    2.3247035693604325,
    2.3260651200236366,
    2.3221078671528477,
    2.311875731382445,
    2.3105953057702937,
    2.3039189808039184,
    2.3058606817122316,
    2.309388171784764,
    2.303778900032527,
    2.303704260340928,
    2.2946078184504213,
    2.29039888462534,
    2.2969647842354277
  ],
  "val_losses": [
    2.589641571044922,
    2.587890863418579,
    2.5860986709594727,
    2.5842342376708984,
    2.5822079181671143,
    2.5799543857574463,
    2.57731556892395,
    2.5740952491760254,
    2.5699400901794434,
    2.564061164855957,
    2.555217742919922,
    2.541353464126587,
    2.5195608139038086,
    2.4856910705566406,
    2.440493583679199,
    2.3946382999420166,
    2.3593051433563232,
    2.334399700164795,
    2.3153324127197266,
    2.2998359203338623,
    2.2913386821746826,
    2.286010980606079,
    2.2825820446014404,
    2.2813031673431396,
    2.2788729667663574,
    2.274393320083618,
    2.268892526626587,
    2.2640178203582764,
    2.2636451721191406,
    2.2586042881011963,
    2.2596771717071533,
    2.260532855987549,
    2.2605440616607666,
    2.2599706649780273,
    2.259620428085327,
    2.2603912353515625,
    2.259645700454712,
    2.258725643157959,
    2.2581069469451904,
    2.2569057941436768
  ],
  "train_severities": [
    8.771138258561646,
    8.77141334784628,
    8.771443398659246,
    8.771352273553124,
    8.771526819550278,
    8.771465732595182,
    8.77210729584035,
    8.77147143967697,
    8.77088583817882,
    8.771154069871736,
    8.770798360287028,
    8.770422922248358,
    8.768807538964335,
    8.772065715755263,
    8.773565593942793,
    8.767475457959817,
    8.78013719790084,
    8.775803004824835,
    8.776800263841682,
    8.764803138208014,
    8.768695275324543,
    8.761137318884527,
    8.773983049479032,
    8.77092426313862,
    8.769360201576063,
    8.775187883739667,
    8.775264203584403,
    8.772687223062647,
    8.790087286074908,
    8.784931399840941,
    8.761243989399995,
    8.793855483516124,
    8.779154610619461,
    8.774738955799902,
    8.773358476255483,
    8.769772610753577,
    8.783288358275115,
    8.787112414441198,
    8.7787124781128,
    8.769090039512804
  ],
  "val_severities": [
    8.107030868530273,
    8.10711669921875,
    8.107267379760742,
    8.107375144958496,
    8.107484817504883,
    8.107545852661133,
    8.107603073120117,
    8.107848167419434,
    8.108100891113281,
    8.108394622802734,
    8.10869312286377,
    8.109223365783691,
    8.109926223754883,
    8.11036205291748,
    8.11050796508789,
    8.110451698303223,
    8.10866641998291,
    8.1063232421875,
    8.103917121887207,
    8.098770141601562,
    8.093541145324707,
    8.092574119567871,
    8.088407516479492,
    8.087200164794922,
    8.088449478149414,
    8.091331481933594,
    8.089465141296387,
    8.0883207321167,
    8.087827682495117,
    8.085445404052734,
    8.083427429199219,
    8.083715438842773,
    8.08446216583252,
    8.083815574645996,
    8.08320426940918,
    8.081493377685547,
    8.079856872558594,
    8.07978630065918,
    8.081655502319336,
    8.080910682678223
  ],
  "test_loss": 2.4165713787078857,
  "test_acc": 0.042134831460674156,
  "test_severity": 8.245039939880371
}