t,model,h,KL_t,TV_t
0,state_cond,2,0.07546443833444805,0.16442085420392732
1,state_cond,2,0.04341406060771252,0.1250622086289128
2,state_cond,2,0.09892517341543282,0.18712070383825158
3,state_cond,2,0.03528194332521858,0.11280420111952123
4,state_cond,2,0.0973890776309867,0.1858108572597649
5,state_cond,2,0.06406977374688282,0.15150772517037
6,state_cond,2,0.017569252639826546,0.07769722966177652
7,state_cond,2,0.055165728402718994,0.14116236393403714
8,state_cond,2,0.012678051679704488,0.06480532028888929
9,state_cond,2,0.03319238527498928,0.10928356758972516
10,state_cond,2,0.021728905123143065,0.08733379020544677
11,state_cond,2,0.024404657433904468,0.09265049391358914
12,state_cond,2,0.03233729414043073,0.10796097856495974
13,state_cond,2,0.06834221358199132,0.15678699776187832
14,state_cond,2,0.05701963414670506,0.14302102061100727
15,state_cond,2,0.02337610081371538,0.09077147083295518
16,state_cond,2,0.04437560807448917,0.12673127450981148
17,state_cond,2,0.07295920538352689,0.16159514956215765
18,state_cond,2,0.053763610616681154,0.13917834488976485
19,state_cond,2,0.048441821957657824,0.13232435536886883
20,state_cond,2,0.16429137009023773,0.2371548251367185
21,state_cond,2,0.02773448755705507,0.09871365199506313
22,state_cond,2,0.029600439384646,0.10285337436028665
23,state_cond,2,0.032181938740819205,0.10746991917817521
24,state_cond,2,0.0432436408055991,0.125103717930462
25,state_cond,2,0.026418977190992458,0.09698263900266885
26,state_cond,2,0.01620493445259807,0.07437771695262563
27,state_cond,2,0.11656071434213039,0.20242506615504452
28,state_cond,2,0.050023727185638946,0.13422148491665906
29,state_cond,2,0.012768867260563501,0.06502305784701289
30,state_cond,2,0.028164191327732655,0.1002448109341746
31,state_cond,2,0.05007259025964943,0.13462614666983286
32,state_cond,2,0.01291304405739191,0.06553595483858295
33,state_cond,2,0.026384245561748183,0.0969067396634946
34,state_cond,2,0.018818283312605263,0.08085156166001971
35,state_cond,2,0.023876509488620048,0.0920007953216298
36,state_cond,2,0.014664107606293835,0.07046737525726296
37,state_cond,2,0.028092541708262878,0.10047215409021681
38,state_cond,2,0.010463233860626371,0.05835911660082589
39,state_cond,2,0.03357704080560436,0.11011262000647737
40,state_cond,2,0.018530035880834784,0.08016656714485354
41,state_cond,2,0.013742564770912583,0.06794356258880746
42,state_cond,2,0.00802895249172941,0.05035821376670853
43,state_cond,2,0.021499779155659055,0.08703398023824806
44,state_cond,2,0.024276217717982985,0.09289658963897218
45,state_cond,2,0.02385198336209952,0.09177398346039627
46,state_cond,2,0.009223119443676523,0.05445052297861919
47,state_cond,2,0.009979398896463283,0.056861007059051026
48,state_cond,2,0.010009730389776417,0.05695220116146497
49,state_cond,2,0.01226032481697222,0.06370044327195809
50,state_cond,2,0.006651623597557757,0.045382430736069033
51,state_cond,2,0.015069579831843583,0.0716417047254384
52,state_cond,2,0.005243695725983728,0.04024381040671226
53,state_cond,2,0.014431454835180118,0.06992359467690132
54,state_cond,2,0.007892394665008523,0.04991041101848087
55,state_cond,2,0.012144807252872999,0.06337516481861155
56,state_cond,2,0.01604501258685973,0.0742153144819103
57,state_cond,2,0.005509248351413656,0.0412907698350886
58,state_cond,2,0.036285553415683285,0.11479847325116277
59,state_cond,2,0.0038182951859998906,0.034731055441279655
60,state_cond,2,0.006256583554321769,0.043946257851442704
61,state_cond,2,0.004172197095821264,0.03579024881636559
62,state_cond,2,0.021805039004821752,0.08792765737978946
63,state_cond,2,0.01137013249713669,0.06129187028997346
64,state_cond,2,0.015078571883754627,0.07204059312980342
65,state_cond,2,0.0033740172737833918,0.03331895710626833
66,state_cond,2,0.004456053265244114,0.03690220414217986
67,state_cond,2,0.002768354334638095,0.032448579649811536
68,state_cond,2,0.007027207990254004,0.0467223925417411
69,state_cond,2,0.002777333348307627,0.032512295881727556
70,state_cond,2,0.003109881510928448,0.032850317854141615
71,state_cond,2,0.0027769866996782285,0.032422636366469304
72,state_cond,2,0.0034900282606159542,0.03366975011392969
73,state_cond,2,0.004024061841300187,0.03536585634395778
74,state_cond,2,0.006367872926870349,0.04435212132794275
75,state_cond,2,0.003488105054669433,0.034592838431677604
76,state_cond,2,0.014906206015499003,0.07162467227933762
77,state_cond,2,0.00996606120256475,0.05686610108156862
78,state_cond,2,0.004000954840260808,0.03528261845233206
79,state_cond,2,0.003013159148844431,0.03319901280294246
80,state_cond,2,0.003038506379691571,0.032833477323888235
81,state_cond,2,0.00336957236930818,0.034240917974838476
82,state_cond,2,0.002871648585590439,0.032713203115974095
83,state_cond,2,0.0027937664889003564,0.032589720507100135
84,state_cond,2,0.006101779709466705,0.043399227292365034
85,state_cond,2,0.0030696918534972614,0.03338820762124817
86,state_cond,2,0.003160715071874764,0.03271926031223231
87,state_cond,2,0.006635545769553394,0.04532703916898973
88,state_cond,2,0.0027809593077986606,0.03247908397556004
89,state_cond,2,0.0030330920887529952,0.03329616508757137
90,state_cond,2,0.0030948807217905617,0.0334371710420917
91,state_cond,2,0.003411718056681443,0.03339811014279299
92,state_cond,2,0.0028153201301393074,0.032679939999059125
93,state_cond,2,0.0033863343532268887,0.03432583416025364
94,state_cond,2,0.0038851915078932336,0.03489967106107838
95,state_cond,2,0.0027771018005553947,0.032508404103219146
96,state_cond,2,0.003016086237911975,0.03323471376098429
97,state_cond,2,0.01463547178416992,0.07090392279944603
98,state_cond,2,0.002985739834002533,0.03309773415503619
99,state_cond,2,0.0028700251618574237,0.032731794156553765
100,state_cond,2,0.003658699355835248,0.035054119224774055
101,state_cond,2,0.0028203236676126626,0.032676219821902844
102,state_cond,2,0.007218206412220578,0.04741174790097194
103,state_cond,2,0.0039232695957946186,0.035030619196399396
104,state_cond,2,0.012100070717111737,0.06367768544354328
105,state_cond,2,0.003985878609412723,0.03521473647124785
106,state_cond,2,0.0032143914260034244,0.032898238721225215
107,state_cond,2,0.003178493736021149,0.03286597104802814
108,state_cond,2,0.0028201336134555965,0.03257312943749104
109,state_cond,2,0.0037337590351495583,0.03519497875669198
110,state_cond,2,0.002893753094178031,0.03272338941215777
111,state_cond,2,0.003012201576293168,0.033153124632778155
112,state_cond,2,0.1320238627247955,0.21600964053128285
113,state_cond,2,0.07215550810055257,0.1620816390011128
114,state_cond,2,0.006928394671092379,0.046329827884714396
115,state_cond,2,0.0027925447450969235,0.03237896147718582
116,state_cond,2,0.004074295541647962,0.035479489380778724
117,state_cond,2,0.00511293474562982,0.03957139390070981
118,state_cond,2,0.02725483751201783,0.09967202977322898
119,state_cond,2,0.004203970386308647,0.03590155181480666
120,state_cond,2,0.0028379227853652404,0.03259694043784602
121,state_cond,2,0.19636339692205024,0.2387590967479422
122,state_cond,2,0.19912493373552986,0.24011743863287535
123,state_cond,2,0.19509401106227006,0.2380938594733569
124,state_cond,2,0.15626034379102788,0.2162780670108473
125,state_cond,2,0.12712916563177037,0.19734314005402714
126,state_cond,2,0.16884887165278856,0.22370818032862494
127,state_cond,2,0.2006466746760337,0.2408179395553162
128,state_cond,2,0.21164945647782293,0.2462797983290709
129,state_cond,2,0.21247255200363238,0.2466997014155297
130,state_cond,2,0.20698148538408745,0.24398317418945104
131,state_cond,2,0.232160418668349,0.2559288269487547
132,state_cond,2,0.21800298270855775,0.24933103479143276
133,state_cond,2,0.23123067367812136,0.25550427407276394
134,state_cond,2,0.20934701848284126,0.2451835803226703
135,state_cond,2,0.20725272466427988,0.2441162849000709
136,state_cond,2,0.1925824326456054,0.2366817618682266
137,state_cond,2,0.20082069287435017,0.24090715517863973
138,state_cond,2,0.188756604322865,0.23467066066016737
139,state_cond,2,0.22363506960425225,0.25206514230413896
140,state_cond,2,0.21094576637058893,0.2459426492294904
141,state_cond,2,0.19871685363924657,0.23999561447413298
142,state_cond,2,0.19829065995712986,0.2396260735762779
143,state_cond,2,0.2026604689852215,0.24184355373345132
144,state_cond,2,0.183943898859037,0.23207259369090402
145,state_cond,2,0.2195445403810533,0.25009061221290596
146,state_cond,2,0.22117042507823173,0.2508285900186968
147,state_cond,2,0.23302452174659177,0.2563256644170438
148,state_cond,2,0.21423765332342845,0.2475402295243025
149,state_cond,2,0.2108744065172818,0.2459249941221689
150,state_cond,2,0.22041790182516835,0.2504833664440958
151,state_cond,2,0.21875643337806402,0.24969098897550449
152,state_cond,2,0.2206684534683188,0.25059226908288845
153,state_cond,2,0.2224308929601439,0.2514200253165883
154,state_cond,2,0.22174069019234302,0.25111288867435033
155,state_cond,2,0.22227544973511643,0.2513576081895229
156,state_cond,2,0.20047728106140186,0.2407543637713936
157,state_cond,2,0.2132550300089543,0.24711130518977611
158,state_cond,2,0.2132715720353047,0.24710440980448117
159,state_cond,2,0.19826931106686893,0.2395950887098782
160,state_cond,2,0.2052309943347309,0.2431437535682447
161,state_cond,2,0.18118960771935957,0.2305977865284488
162,state_cond,2,0.21097638981178038,0.24592518399479565
163,state_cond,2,0.20875646842147252,0.24487441861136383
164,state_cond,2,0.14772591719731226,0.21089972063554285
165,state_cond,2,0.19341689939760132,0.2371411337657236
166,state_cond,2,0.15404080655248856,0.2148402809673015
167,state_cond,2,0.20157348101103603,0.24127551276729922
168,state_cond,2,0.2115533746694045,0.24624486538726528
169,state_cond,2,0.10890363379024003,0.18362759237706283
170,state_cond,2,0.20563553096119583,0.2433449249324514
171,state_cond,2,0.21981570080300508,0.25021415006951037
172,state_cond,2,0.20214818826319483,0.24161903235451812
173,state_cond,2,0.21372860470576907,0.24732928858721975
174,state_cond,2,0.18798471441327722,0.2342574455611474
175,state_cond,2,0.13427886939791173,0.20201744403067384
176,state_cond,2,0.20926706454795907,0.2451604802672025
177,state_cond,2,0.21757197377226187,0.24915486662050787
178,state_cond,2,0.13862512123602008,0.2049633899120489
179,state_cond,2,0.17855780795146914,0.2292264145535998
180,state_cond,2,0.1889276283528627,0.23474903233371952
181,state_cond,2,0.1843588674686588,0.23233556344426015
182,state_cond,2,0.21272389673958692,0.24687502422127333
183,state_cond,2,0.1839567379068867,0.23211299168845695
184,state_cond,2,0.17932037514173838,0.22958447312598768
185,state_cond,2,0.13415582999967968,0.2027872975890324
186,state_cond,2,0.10154555535630135,0.17853183262547237
187,state_cond,2,0.124057741818894,0.1957170954201107
188,state_cond,2,0.08907465435330499,0.16788667369027302
189,state_cond,2,0.06340814187862079,0.14250444136204643
190,state_cond,2,0.1042142733033965,0.18068139929259858
191,state_cond,2,0.1390256266253037,0.206033359486437
192,state_cond,2,0.13733374913738344,0.20492622373942287
193,state_cond,2,0.11497300073668439,0.18907086926746325
194,state_cond,2,0.13206930369766465,0.20134329337536674
195,state_cond,2,0.1470373269977891,0.2112037353773063
196,state_cond,2,0.13996312512755907,0.20661116523972223
197,state_cond,2,0.14970256733072812,0.21287755101269534
198,state_cond,2,0.1219948290453737,0.19425442951663408
199,state_cond,2,0.12434937310765459,0.19592334874850795
200,state_cond,2,0.12194229068302134,0.19421484577077058
201,state_cond,2,0.10478133125635164,0.18114339111041391
202,state_cond,2,0.11853004443874704,0.191698101570119
203,state_cond,2,0.12862421158578483,0.19893243237568925
204,state_cond,2,0.10260817253714305,0.1793806368607291
205,state_cond,2,0.1387854411517646,0.20597165593592656
206,state_cond,2,0.0966108267475163,0.1744830364229296
207,state_cond,2,0.011375731114717787,0.057708481241052316
208,state_cond,2,0.0051727025274554885,0.039754306211584094
209,state_cond,2,0.050248562125200055,0.12688787841740515
210,state_cond,2,0.01809300844744798,0.07419115891571997
211,state_cond,2,0.042064071102828234,0.1158716619063902
212,state_cond,2,0.024783030060514303,0.08741759997629098
213,state_cond,2,0.08670696977534532,0.16583043915491444
214,state_cond,2,0.07169164526955396,0.15130447658555116
215,state_cond,2,0.1204570277005207,0.19314620741665744
216,state_cond,2,0.10957497258656843,0.1849796155009626
217,state_cond,2,0.11234350123738934,0.1870971330557278
218,state_cond,2,0.14378886130955393,0.209089988855579
219,state_cond,2,0.09967003005955734,0.17696559208008517
220,state_cond,2,0.11426933697918773,0.18857114762236687
221,state_cond,2,0.07136483037900355,0.15108675036530406
222,state_cond,2,0.08444419142274946,0.1638073768657094
223,state_cond,2,0.0882572005230633,0.1671428616430431
224,state_cond,2,0.10912495350284453,0.1846775888011457
225,state_cond,2,0.10071638544997753,0.1778757785509478
226,state_cond,2,0.08735830762166599,0.16637548365493057
227,state_cond,2,0.09002288556434117,0.168794524294984
228,state_cond,2,0.11021697216138605,0.1854302010216538
229,state_cond,2,0.09366438276671106,0.17183664214349684
230,state_cond,2,0.09677979102744899,0.17455279010698752
231,state_cond,2,0.06851701112498279,0.14798171176973965
232,state_cond,2,0.10286226674852902,0.17965092020109688
233,state_cond,2,0.052601580273279526,0.12969646815566005
234,state_cond,2,0.08042964270787646,0.15993178813410938
235,state_cond,2,0.12172661532456312,0.19406951055505361
236,state_cond,2,0.12302549404478352,0.1949587098999421
237,state_cond,2,0.1106163886430996,0.18571836513624002
238,state_cond,2,0.1262051969831016,0.19721665989158205
239,state_cond,2,0.14461000890904682,0.20959255594060763
240,state_cond,2,0.12000312367371306,0.19271833290791482
241,state_cond,2,0.09543726040473467,0.1733614969253781
242,state_cond,2,0.1175048383802757,0.19093840310727903
243,state_cond,2,0.09300557677230188,0.17137744276985795
244,state_cond,2,0.10028906064624502,0.17744445680770976
245,state_cond,2,0.09550095465644742,0.17339437144912234
246,state_cond,2,0.11687789829593809,0.1904478178914584
247,state_cond,2,0.1373589508941278,0.20387604224432818
248,state_cond,2,0.13584184387941245,0.20285292314864575
249,state_cond,2,0.14089753677449793,0.20621932165255083
250,state_cond,2,0.08256720905096686,0.1607577968243757
251,state_cond,2,0.072578922819601,0.15108346744333132
252,state_cond,2,0.015493090073858313,0.06595515220199855
253,state_cond,2,0.10369640167560837,0.17921296834822933
254,state_cond,2,0.10837686870060118,0.18288295446252703
255,state_cond,2,0.11877922275110615,0.1908564739405383
256,state_cond,2,0.14434943046625479,0.20842736650630295
257,state_cond,2,0.14826040457390402,0.21097313268079337
258,state_cond,2,0.14222532305940805,0.2071207737110533
259,state_cond,2,0.13830413169447117,0.2045111285633264
260,state_cond,2,0.1440707238464196,0.2082527997672731
261,state_cond,2,0.11680639605352107,0.18931819093696636
262,state_cond,2,0.09748447047871858,0.1739835411731147
263,state_cond,2,0.13200102079143594,0.20024529813820294
264,state_cond,2,0.14075435246142282,0.20607054414655215
265,state_cond,2,0.16060612872380886,0.2186121617606989
266,state_cond,2,0.1378361693582307,0.20413931554031375
267,state_cond,2,0.1568570457733162,0.2162337296955529
268,state_cond,2,0.11886422523286054,0.19085305393884033
269,state_cond,2,0.15814936196783388,0.2170739951306599
270,state_cond,2,0.1458650369154341,0.20938361532177546
271,state_cond,2,0.13227151460999864,0.2004664031186712
272,state_cond,2,0.1419109574510246,0.20690545352665346
273,state_cond,2,0.1382356427359386,0.20446999165648344
274,state_cond,2,0.11730089660095985,0.18971917686855785
275,state_cond,2,0.12144147106899111,0.19274597396269103
276,state_cond,2,0.14984910842997612,0.21194059178014757
277,state_cond,2,0.14794787085719543,0.21070928938181846
278,state_cond,2,0.15212498912477193,0.2133255934308041
279,state_cond,2,0.11538595671205691,0.18824374758550586
280,state_cond,2,0.14666904673763093,0.20989855390323733
281,state_cond,2,0.13472635013284598,0.20207790303719797
282,state_cond,2,0.13385629184368342,0.20161960973751417
283,state_cond,2,0.09682949727236455,0.1733952163821364
284,state_cond,2,0.1555901996508719,0.215473650874133
285,state_cond,2,0.11772892218634912,0.18998251822768503
286,state_cond,2,0.14492275249946146,0.20874746571508632
287,state_cond,2,0.1182236865947304,0.1903850485434147
288,state_cond,2,0.1459830933799287,0.20946201439093753
289,state_cond,2,0.13385260250963651,0.2014516790272575
290,state_cond,2,0.15870840111364162,0.21733963323331576
291,state_cond,2,0.1571730213900628,0.21642338612918421
292,state_cond,2,0.12450631092244563,0.19498620189342103
293,state_cond,2,0.12656853452100034,0.19643245173930976
294,state_cond,2,0.07678049641512814,0.1551772567321545
295,state_cond,2,0.11386663572060216,0.18710918103707047
296,state_cond,2,0.013347684434832106,0.060897535414940356
297,state_cond,2,0.09428585497527019,0.17134938625212254
298,state_cond,2,0.11959435546452311,0.19141360441263292
299,state_cond,2,0.12065602591257495,0.1921981270112923
300,state_cond,2,0.11854822149634311,0.1906566946785295
301,state_cond,2,0.14675926755516236,0.2100330182844326
302,state_cond,2,0.14581990614183843,0.20935495061927137
303,state_cond,2,0.15948158057254275,0.2178602399309556
304,state_cond,2,0.0965704362321495,0.17322286535598214
305,state_cond,2,0.098631794703402,0.17501465150151405
306,state_cond,2,0.13041332357546656,0.19911955202056186
307,state_cond,2,0.09615440176480279,0.17286873526754876
308,state_cond,2,0.13974331562812065,0.20543111084491783
309,state_cond,2,0.13372379836756018,0.20138138385648519
310,state_cond,2,0.0441778522397265,0.11763452687744629
311,state_cond,2,0.04654512239403683,0.12090782502883703
312,state_cond,2,0.04454331065868559,0.11816029090798379
313,state_cond,2,0.006876949574798543,0.043866131379780314
314,state_cond,2,0.05555482734483101,0.13247905145386416
315,state_cond,2,0.04136891647781606,0.1136397836465724
316,state_cond,2,0.032429646457101016,0.09987945488777006
317,state_cond,2,0.06276234723588939,0.14081843085261017
318,state_cond,2,0.023921024230798112,0.08441616684859506
319,state_cond,2,0.05646137139421625,0.13367298609580194
320,state_cond,2,0.05100528940727913,0.12677648527948154
321,state_cond,2,0.05982495445120871,0.13739804179152718
322,state_cond,2,0.04365834570191207,0.11687378584203938
323,state_cond,2,0.05463193391435933,0.13119670279812795
324,state_cond,2,0.049170615898480485,0.12437147037685904
325,state_cond,2,0.04460169146387798,0.11820144747406033
326,state_cond,2,0.0699019951992705,0.14846758826833814
327,state_cond,2,0.06426726950433977,0.14239511190355178
328,state_cond,2,0.06752314101327525,0.14591762073878126
329,state_cond,2,0.07506084734656226,0.15371110740403046
330,state_cond,2,0.05958438845640353,0.13709470523418527
331,state_cond,2,0.08273341732770599,0.16117198236488997
332,state_cond,2,0.05864975095975315,0.13601504274057027
333,state_cond,2,0.06606368761738081,0.14434309724376101
334,state_cond,2,0.07669321513346145,0.1553501909034942
335,state_cond,2,0.07135527274125379,0.14996098882467687
336,state_cond,2,0.003570801833987832,0.03533227454173535
337,state_cond,2,0.02428242150939237,0.08520792644831943
338,state_cond,2,0.06918537714741331,0.14774393137540381
339,state_cond,2,0.062301738581426076,0.1402124444504587
340,state_cond,2,0.07966578935906926,0.15828988664131374
341,state_cond,2,0.06847012321416457,0.14693080325408425
342,state_cond,2,0.05613602012496418,0.13303415929617235
343,state_cond,2,0.07595643018658292,0.15459707839499484
344,state_cond,2,0.03893559087076594,0.109981694101901
345,state_cond,2,0.006532615739594332,0.042873541206480514
346,state_cond,2,0.059285190684187694,0.1368429752185752
347,state_cond,2,0.046913953232061566,0.12136767380684596
348,state_cond,2,0.07634032693396599,0.15499476794737724
349,state_cond,2,0.06491994730044537,0.14313995684309053
350,state_cond,2,0.07240795911744845,0.15109663506209023
351,state_cond,2,0.06005359559613844,0.13772894486561071
352,state_cond,2,0.06979250833578884,0.14844407060423614
353,state_cond,2,0.05124384768702448,0.1270128167349643
354,state_cond,2,0.06572946679572932,0.1439995695996284
355,state_cond,2,0.04678902770773226,0.12120185260525575
356,state_cond,2,0.053028119421820785,0.12922134346188516
357,state_cond,2,0.041792790389816564,0.11425477723848769
358,state_cond,2,0.0781043088091631,0.15680805458899594
359,state_cond,2,0.05860619505816943,0.13592075268276735
360,state_cond,2,0.06372482212145784,0.14176068629897706
361,state_cond,2,0.061223580381094135,0.13897593025437413
362,state_cond,2,0.040245427706926955,0.11202284591127618
363,state_cond,2,0.07497945098448591,0.15364302095076765
364,state_cond,2,0.06344893988297519,0.14153988248361984
365,state_cond,2,0.07049533028638522,0.14915375320977886
366,state_cond,2,0.0341522329741198,0.10280063978236058
367,state_cond,2,0.05033529116213442,0.12584774486130096
368,state_cond,2,0.0800913119484339,0.15867707596976946
369,state_cond,2,0.057238576180906234,0.13438772460938014
370,state_cond,2,0.04291331097598008,0.11581688298747779
371,state_cond,2,0.1621040132812055,0.21981415936315882
372,state_cond,2,0.13567729185370903,0.20310095812578247
373,state_cond,2,0.14509495600268302,0.20930398478812512
374,state_cond,2,0.14370357941239845,0.20841353114599784
375,state_cond,2,0.16425998984576606,0.2211089083397037
376,state_cond,2,0.09371781365265491,0.17121799828517703
377,state_cond,2,0.12838359897688675,0.1980917073857941
378,state_cond,2,0.1397287024351297,0.2058243368843009
379,state_cond,2,0.16332251551111174,0.22053363024314437
380,state_cond,2,0.15985738710581074,0.21845338426653726
381,state_cond,2,0.1762936567699522,0.2279767513886794
382,state_cond,2,0.17139127771039545,0.22526877143641494
383,state_cond,2,0.14618065919268863,0.20996469618377758
384,state_cond,2,0.1543818766879668,0.21512900589497902
385,state_cond,2,0.17012708369512608,0.22446058370492802
386,state_cond,2,0.17549577272654182,0.2275332305013899
387,state_cond,2,0.1854377707798272,0.23300847990137338
388,state_cond,2,0.1734019488991529,0.2263308172965199
389,state_cond,2,0.15527404509718765,0.21566127081706635
390,state_cond,2,0.17396211558369712,0.22670240902959965
391,state_cond,2,0.18893784560917937,0.23482896492142594
392,state_cond,2,0.14816757476491063,0.2112590240184196
393,state_cond,2,0.16367307289830899,0.2207175792611845
394,state_cond,2,0.12936718020150043,0.1987456238526177
395,state_cond,2,0.15286394964657815,0.21417305133384426
396,state_cond,2,0.1880790179920137,0.23441453287653272
397,state_cond,2,0.18067460154300982,0.23039008664277147
398,state_cond,2,0.1511781942596424,0.21314706324569482
399,state_cond,2,0.12116173128303938,0.19291923920128917
400,state_cond,2,0.15720596081352048,0.21688347913182005
401,state_cond,2,0.1598763292124235,0.2184800451929044
402,state_cond,2,0.1924698602319074,0.23672802835302592
403,state_cond,2,0.17793564232083117,0.228882960570747
404,state_cond,2,0.17281635799234227,0.2260106033009863
405,state_cond,2,0.16842935341462786,0.2235328535642863
406,state_cond,2,0.1761250610118872,0.22785688317521738
407,state_cond,2,0.1557638563072797,0.21598338329827838
408,state_cond,2,0.17831934279372064,0.22909878044358872
409,state_cond,2,0.14725857646168825,0.2106926816584672
410,state_cond,2,0.18824943093108976,0.23449997473220424
411,state_cond,2,0.09359267532320166,0.17101778472277152
412,state_cond,2,0.17495974084005966,0.22724359084645313
413,state_cond,2,0.11725535622525343,0.19002909348766822
414,state_cond,2,0.14937885192639339,0.21204454037393344
415,state_cond,2,0.18409131726454125,0.23230199778335056
416,state_cond,2,0.17593862822111567,0.22781844909339616
417,state_cond,2,0.16595193442651443,0.22208003019755604
418,state_cond,2,0.16592621901615595,0.22204811509064523
419,state_cond,2,0.14607006078713106,0.20998716462754885
420,state_cond,2,0.19025864143040194,0.23557388022652248
421,state_cond,2,0.17850690919425033,0.22923076565979686
422,state_cond,2,0.1590199377605192,0.21799401297658247
423,state_cond,2,0.17506395765403224,0.22728205460811343
424,state_cond,2,0.1743877999745304,0.2268754307966015
425,state_cond,2,0.15458337119839935,0.2152358516954141
426,state_cond,2,0.1653822902578383,0.2217080656514071
427,state_cond,2,0.17519033851681623,0.22740634238434346
428,state_cond,2,0.173190521548587,0.22621521350235516
429,state_cond,2,0.1670869011763474,0.22272545125112825
430,state_cond,2,0.17887196087630466,0.229437743931947
431,state_cond,2,0.18160181415074594,0.23088981905850406
432,state_cond,2,0.1410856239113596,0.20666467270594407
433,state_cond,2,0.1670055267960978,0.22270460040489679
434,state_cond,2,0.08334452584268627,0.16214376613843184
435,state_cond,2,0.08740345688640189,0.16583782788231713
436,state_cond,2,0.09527373947489277,0.1728279838515215
437,state_cond,2,0.06596930428375984,0.1447066913934437
438,state_cond,2,0.044353854331027044,0.11836858805996893
439,state_cond,2,0.07155646555181484,0.1506066954360706
440,state_cond,2,0.1064611986931193,0.18209684759536893
441,state_cond,2,0.08223651795670832,0.16108643437623452
442,state_cond,2,0.09215013424148313,0.17010564407724466
443,state_cond,2,0.09242691575048166,0.1703296992344133
444,state_cond,2,0.08678538898407505,0.1653850939185533
445,state_cond,2,0.08754901957951187,0.16597215788313746
446,state_cond,2,0.0984189903633064,0.17551607280505974
447,state_cond,2,0.07071122689537938,0.1497258165969277
448,state_cond,2,0.08589947803113578,0.16451676023323905
449,state_cond,2,0.08614919699484304,0.16470374322909942
450,state_cond,2,0.08523227494405636,0.16384558739132293
451,state_cond,2,0.07893450257374734,0.15788985584000576
452,state_cond,2,0.09716826493572829,0.1743910904881236
453,state_cond,2,0.1021163879620032,0.17851565575034214
454,state_cond,2,0.09478502179927693,0.1723369515237871
455,state_cond,2,0.08389766862499452,0.16260305077552933
456,state_cond,2,0.029436288584402465,0.09520275803814873
457,state_cond,2,0.040037517935006574,0.11218595331067202
458,state_cond,2,0.07103131683429739,0.15006937242308577
459,state_cond,2,0.08532128373492297,0.1639646172951146
460,state_cond,2,0.09108484796350402,0.1691816147870479
461,state_cond,2,0.06893866862443088,0.1478628253768252
462,state_cond,2,0.0737970329872325,0.15296753961162088
463,state_cond,2,0.08607511274591552,0.16468084677612796
464,state_cond,2,0.08035232332798586,0.1593061997784626
465,state_cond,2,0.09731486113378973,0.17456757028976153
466,state_cond,2,0.06822897046510248,0.14713878769818073
467,state_cond,2,0.08839379127396844,0.1667383118452415
468,state_cond,2,0.10370005439489066,0.17976417775179418
469,state_cond,2,0.06610654717338933,0.14485633967875564
470,state_cond,2,0.1030265607440489,0.17941360113865906
471,state_cond,2,0.07301452824063631,0.1522266610501278
472,state_cond,2,0.04491288036424349,0.1192307984786896
473,state_cond,2,0.05170699441078136,0.12810501789717527
474,state_cond,2,0.05979047285771345,0.13793243461915838
475,state_cond,2,0.04218458519706881,0.11524355769222154
476,state_cond,2,0.0524417177991934,0.12894196086723028
477,state_cond,2,0.06614631719855471,0.14486287656990512
478,state_cond,2,0.08775664881237866,0.1662309168188113
479,state_cond,2,0.07610644515485694,0.1551421191519925
480,state_cond,2,0.07830479675616296,0.1573891683318089
481,state_cond,2,0.047285761629278,0.12225683969619706
482,state_cond,2,0.059670823053212384,0.13760279200447423
483,state_cond,2,0.03553353839017411,0.10557899783208133
484,state_cond,2,0.08402153872832298,0.16276853433486066
485,state_cond,2,0.06904379646121862,0.14793230481551015
486,state_cond,2,0.066211447482045,0.14492324225747
487,state_cond,2,0.09580930433178018,0.1732905566833875
488,state_cond,2,0.06003032274583462,0.13803703445669102
489,state_cond,2,0.08506669667918695,0.16366987143887274
490,state_cond,2,0.08635035247171419,0.16488679419151356
491,state_cond,2,0.09982080222672934,0.1765987444949159
492,state_cond,2,0.07494583314171666,0.15395346147279468
493,state_cond,2,0.08282635942723737,0.16167719626534524
494,state_cond,2,0.07730731710055679,0.1563371544344245
495,state_cond,2,0.0046745466111030205,0.03739095710578524
496,state_cond,2,0.0028496255539652566,0.03200184971103739
497,state_cond,2,0.0034511390916061335,0.034363686169299336
498,state_cond,2,0.0037440733884406704,0.03525931320155947
499,state_cond,2,0.0037624934221229386,0.03528019960710523
500,state_cond,2,0.003657253595484637,0.035007237835659046
501,state_cond,2,0.0034035043309567914,0.03416862736282442
502,state_cond,2,0.004858770811108422,0.03794818683915056
503,state_cond,2,0.00337143919900622,0.03412144016424449
504,state_cond,2,0.0031009974427802555,0.03334647271702679
505,state_cond,2,0.0031498307440733326,0.032376649409745044
506,state_cond,2,0.0055060879526357175,0.03985734538250178
507,state_cond,2,0.0032125481355038993,0.03370208469740847
508,state_cond,2,0.003952716396163244,0.03578757160864704
509,state_cond,2,0.003073656308938809,0.03325366587166165
510,state_cond,2,0.003619555275785026,0.03488731168076145
511,state_cond,2,0.003410361340423862,0.03426421818226008
512,state_cond,2,0.0029914442258070053,0.032126082446598724
513,state_cond,2,0.003795970362858907,0.03540794868194352
514,state_cond,2,0.00448494294755995,0.03704805696284963
515,state_cond,2,0.00698823220176465,0.04637707978513925
516,state_cond,2,0.045516351729396574,0.1308388788668029
517,state_cond,2,0.004179646979906478,0.035508147551478124
518,state_cond,2,0.00332465970093855,0.0327850739115044
519,state_cond,2,0.0382562522099134,0.11991597706947242
520,state_cond,2,0.004029671256531899,0.03493154871911135
521,state_cond,2,0.003081975461026142,0.03327904048165181
522,state_cond,2,0.002800239027079214,0.03204662012359944
523,state_cond,2,0.005089484083300335,0.03857853524838348
524,state_cond,2,0.0031677269896479713,0.033570346696286835
525,state_cond,2,0.003081729326892273,0.032258273818183206
526,state_cond,2,0.002829552326892805,0.032199906676990804
527,state_cond,2,0.0029206692273789575,0.03265331593669494
528,state_cond,2,0.003289319154241897,0.032771794497877975
529,state_cond,2,0.00655286632025468,0.0429748200822553
530,state_cond,2,0.003135322164264314,0.0334439957310658
531,state_cond,2,0.005484788882147572,0.04030946952272457
532,state_cond,2,0.00682787260800186,0.04575568185627233
533,state_cond,2,0.008734964219317869,0.052817089096752604
534,state_cond,2,0.0037159048453157145,0.034015195309215866
535,state_cond,2,0.0042101192979984515,0.03641471543566901
536,state_cond,2,0.003146762413804904,0.03350921338847513
537,state_cond,2,0.0028846517974996377,0.032040843413144296
538,state_cond,2,0.003014926287467662,0.03302486276536289
539,state_cond,2,0.006391290041069091,0.04249873893774227
540,state_cond,2,0.0028214834439492026,0.03198274352537885
541,state_cond,2,0.0038305264019549137,0.034430229596082954
542,state_cond,2,0.00360615137491901,0.03365565598568679
543,state_cond,2,0.003955241373855332,0.03586083189553
544,state_cond,2,0.0037712908671166247,0.034177955149832455
545,state_cond,2,0.0032847816295377887,0.032805966245944604
546,state_cond,2,0.00329147322146524,0.03392990925100167
547,state_cond,2,0.0028106933775512957,0.03190854916298265
548,state_cond,2,0.03172584756587599,0.10897249565141284
549,state_cond,2,0.021036584274277785,0.08768852152903206
550,state_cond,2,0.003395126178693058,0.03410691309286596
551,state_cond,2,0.010262427546380955,0.05810615546793112
552,state_cond,2,0.005003639508315574,0.038540381767273334
553,state_cond,2,0.004453494279965673,0.03693556590226404
554,state_cond,2,0.010931254193914745,0.060353432293132364
555,state_cond,2,0.003410069427956292,0.03420400697658991
556,state_cond,2,0.0345633994426829,0.10411901259562996
557,state_cond,2,0.02555031869773516,0.08845434712030327
558,state_cond,2,0.002926436993539242,0.03271639094246189
559,state_cond,2,0.029613607422005448,0.09585149316148547
560,state_cond,2,0.04336657210846463,0.1172733880942877
561,state_cond,2,0.007806263482724296,0.04648631988099047
562,state_cond,2,0.04453441445604754,0.11889724429580283
563,state_cond,2,0.016475603197692618,0.0765676240275002
564,state_cond,2,0.016424283693796803,0.06869055297294788
565,state_cond,2,0.012232157805966893,0.05838375689141353
566,state_cond,2,0.03861237459019495,0.11039965357732769
567,state_cond,2,0.017945607873842005,0.07237158090526925
568,state_cond,2,0.021563224543658454,0.08038937645475486
569,state_cond,2,0.013554413269814354,0.06164765817479731
570,state_cond,2,0.01805290457882203,0.07261057297394936
571,state_cond,2,0.028685992285594267,0.09417792359986663
572,state_cond,2,0.021738461038282298,0.08075639897935759
573,state_cond,2,0.015721392092611815,0.06693612093894054
574,state_cond,2,0.01601518301244942,0.06765322297501947
575,state_cond,2,0.012504238068596466,0.059070876868923594
576,state_cond,2,0.03594723766684933,0.10628831214997982
577,state_cond,2,0.03948114093331111,0.11165658979488757
578,state_cond,2,0.03981707914596405,0.1121668322400453
579,state_cond,2,0.05163468795423166,0.12821000040747532
580,state_cond,2,0.038742164915578324,0.11054075580661091
581,state_cond,2,0.02313041346873966,0.08362448177946459
582,state_cond,2,0.030766292359424414,0.09777569520879288
583,state_cond,2,0.01730958918030215,0.07081755829715583
584,state_cond,2,0.03529536766948194,0.10521443719591884
585,state_cond,2,0.02584928825966247,0.08894792448377833
586,state_cond,2,0.009469174887737236,0.05109468065694907
587,state_cond,2,0.039020109243616055,0.11095718823983006
588,state_cond,2,0.03293271859585987,0.10141775199222992
589,state_cond,2,0.019648464925377977,0.07622974659508377
590,state_cond,2,0.010489106615916425,0.053928702692028735
591,state_cond,2,0.024815625945621655,0.08696823398749969
592,state_cond,2,0.021926173378063428,0.0896222500042029
593,state_cond,2,0.035836383075637704,0.10614362537566123
594,state_cond,2,0.005188768752099975,0.03905240831019195
595,state_cond,2,0.034628801064999,0.10420731798785841
596,state_cond,2,0.02906320468302868,0.09484935130694724
597,state_cond,2,0.02039995463038592,0.07789238223781164
598,state_cond,2,0.042484850181757704,0.11603725077977839
599,state_cond,2,0.025013464940074975,0.08739478018213573
600,state_cond,2,0.029873252630158584,0.09626105053322555
601,state_cond,2,0.019957433545596173,0.076925937357019
602,state_cond,2,0.013058615560538517,0.06041530045276305
603,state_cond,2,0.016568621154284625,0.06905394605296765
604,state_cond,2,0.0033008858755019434,0.03414678521810987
605,state_cond,2,0.005055860641500434,0.03863900878003687
606,state_cond,2,0.030977244552961716,0.09815947593687883
607,state_cond,2,0.01699876837694691,0.07010121552934856
608,state_cond,2,0.029692405274436482,0.09594580630604865
609,state_cond,2,0.025193326774549545,0.08773014575707001
610,state_cond,2,0.003723762702660213,0.03545103640779805
611,state_cond,2,0.008581546870865066,0.048754719922458424
612,state_cond,2,0.015097727624932245,0.06547361162367767
613,state_cond,2,0.00584379704963576,0.0409988439501836
614,state_cond,2,0.035527976051682265,0.10565193892357608
615,state_cond,2,0.007556570925455391,0.0458416694292352
616,state_cond,2,0.03345215036613923,0.10229201536848707
617,state_cond,2,0.08071601220066824,0.15949438486817163
618,state_cond,2,0.10536470639467133,0.180938906283577
619,state_cond,2,0.10264874179524193,0.1787539262201929
620,state_cond,2,0.14622213513181329,0.20997291120864447
621,state_cond,2,0.07697458291571163,0.15588813138009489
622,state_cond,2,0.0991745503685149,0.1758873873136468
623,state_cond,2,0.10428763508715426,0.1800727108595354
624,state_cond,2,0.059398758693202235,0.13722706955983452
625,state_cond,2,0.12178937871141109,0.1934002041209258
626,state_cond,2,0.08711015773539896,0.16543758701011763
627,state_cond,2,0.10742296022632644,0.18256463499389464
628,state_cond,2,0.055554211532243915,0.1326597812745918
629,state_cond,2,0.11567272402503144,0.18889819357082535
630,state_cond,2,0.11129009227560041,0.18557977076680335
631,state_cond,2,0.10378369470075845,0.17966160211967955
632,state_cond,2,0.10898231116260981,0.1837772827766662
633,state_cond,2,0.09148869768605683,0.16931616663805668
634,state_cond,2,0.1136108282409727,0.18733590477406672
635,state_cond,2,0.10340991688100717,0.17935012923146176
636,state_cond,2,0.05683535266761345,0.134182560601574
637,state_cond,2,0.10330107432838068,0.17925873193528843
638,state_cond,2,0.10783396797351298,0.18287613950173637
639,state_cond,2,0.1148236467067901,0.18824869071289063
640,state_cond,2,0.10386184086149917,0.17970982377112413
641,state_cond,2,0.10844981179450122,0.18335425138849906
642,state_cond,2,0.11064183932207822,0.1850591415920512
643,state_cond,2,0.08951883934582255,0.16756589786472104
644,state_cond,2,0.07623961701033455,0.15513262787895918
645,state_cond,2,0.07220701025668498,0.1510751522360039
646,state_cond,2,0.11523222320423425,0.18856137048071447
647,state_cond,2,0.08748821832761063,0.16575461398175306
648,state_cond,2,0.12163215874944981,0.19328045461735957
649,state_cond,2,0.10651700920232608,0.18183852878731366
650,state_cond,2,0.11284280741477101,0.18675479043470236
651,state_cond,2,0.10453231837473206,0.18025599941197648
652,state_cond,2,0.10318368693285511,0.17916630252656693
653,state_cond,2,0.10814319698093607,0.1831200083776454
654,state_cond,2,0.1257261888414528,0.1962114538320119
655,state_cond,2,0.10064355467928195,0.17709243259059235
656,state_cond,2,0.10723907501394546,0.18240232215462382
657,state_cond,2,0.09817734369369839,0.17503980196029525
658,state_cond,2,0.08444695559625857,0.1629760048632968
659,state_cond,2,0.11371767417291133,0.18741630760220065
660,state_cond,2,0.08989659362316814,0.1679119403988252
661,state_cond,2,0.09615906852852822,0.1733419299632691
662,state_cond,2,0.10416350981556663,0.17995503774134367
663,state_cond,2,0.09871555306885678,0.17549104769402574
664,state_cond,2,0.11839490547467289,0.19091623846892827
665,state_cond,2,0.07780527592661841,0.15667038048905393
666,state_cond,2,0.10215805729605335,0.17833036576567032
667,state_cond,2,0.10210661053420712,0.17828932133581038
668,state_cond,2,0.11115221043162202,0.18545503708060246
669,state_cond,2,0.11874260351191683,0.1911678619897636
670,state_cond,2,0.13669923920096794,0.20373657302984033
671,state_cond,2,0.10083256019043824,0.1772454939849956
672,state_cond,2,0.04618937324552027,0.12075847485681154
673,state_cond,2,0.07563405474804843,0.15452823164959145
674,state_cond,2,0.0994051011554497,0.17605461740812114
675,state_cond,2,0.06750475226379135,0.14617422102489538
676,state_cond,2,0.08354627917491679,0.16213524451781028
677,state_cond,2,0.057825651931734716,0.13534866240957047
678,state_cond,2,0.11437381800895566,0.18790804866181096
679,state_cond,2,0.0996326641214846,0.17625970689044698
680,state_cond,2,0.040822839925747034,0.12352351249498077
681,state_cond,2,0.043399571670531406,0.12730720048202115
682,state_cond,2,0.04608853450224265,0.13122678154334175
683,state_cond,2,0.041895895719843465,0.12508747671508547
684,state_cond,2,0.04884972988945495,0.13503464276862887
685,state_cond,2,0.07380985302480078,0.16504714983620555
686,state_cond,2,0.09512247715626888,0.18565992964514497
687,state_cond,2,0.07975535900243566,0.1708960902652213
688,state_cond,2,0.05867551144525836,0.1475892758006517
689,state_cond,2,0.04463894640402031,0.12891847650472094
690,state_cond,2,0.04766912683995037,0.13323981337397087
691,state_cond,2,0.06203644637617017,0.15174134742784978
692,state_cond,2,0.05123178723042657,0.13813500819571392
693,state_cond,2,0.060783980772400846,0.1502311490595544
694,state_cond,2,0.06667703723743694,0.157000858295996
695,state_cond,2,0.07589657937731785,0.167045398079137
696,state_cond,2,0.047680845365860834,0.13320473269032151
697,state_cond,2,0.06709184724687649,0.15748555363664768
698,state_cond,2,0.04999849206545583,0.13634061009234882
699,state_cond,2,0.04704574271021231,0.13230218525473905
700,state_cond,2,0.047800243593371254,0.13331454896764178
701,state_cond,2,0.04927026890014726,0.1354999887949712
702,state_cond,2,0.05961786399132333,0.14872813961461218
703,state_cond,2,0.04252231933264235,0.12596380875793484
704,state_cond,2,0.04387825089659343,0.12795035337463906
705,state_cond,2,0.03897572231877863,0.12054145531994132
706,state_cond,2,0.04150202008509087,0.12445048462865443
707,state_cond,2,0.05004157845979812,0.13662843158310123
708,state_cond,2,0.061496567271407586,0.15117086732624785
709,state_cond,2,0.04704691408224612,0.13243415029600258
710,state_cond,2,0.06994114811495776,0.16075506872609793
711,state_cond,2,0.045977654423786096,0.13076879017951631
712,state_cond,2,0.05194505583984426,0.13903418573661996
713,state_cond,2,0.04806605334179039,0.13380701311395227
714,state_cond,2,0.07269618567827563,0.1637351185273561
715,state_cond,2,0.052993774123887255,0.14045946854940927
716,state_cond,2,0.04969562048568438,0.13612437119233187
717,state_cond,2,0.040947578394555054,0.12347849154635067
718,state_cond,2,0.04473332309055499,0.12916509610654153
719,state_cond,2,0.04608512095327115,0.13103678174616015
720,state_cond,2,0.052868507489624246,0.1402996225156275
721,state_cond,2,0.0527213503752223,0.1399529648446044
722,state_cond,2,0.04831020941304929,0.13413293751889568
723,state_cond,2,0.09858874236585795,0.18890016086572906
724,state_cond,2,0.08620362439567637,0.17725394653891044
725,state_cond,2,0.07479489041509421,0.1658804420109845
726,state_cond,2,0.08307394444918899,0.17420190082711237
727,state_cond,2,0.06745882349026254,0.15782959058148613
728,state_cond,2,0.06572298874671001,0.15564030858432226
729,state_cond,2,0.061005705562927455,0.15024186105604742
730,state_cond,2,0.07063258908333712,0.16127653860493854
731,state_cond,2,0.0824354833704852,0.17346864247820384
732,state_cond,2,0.07102306475869752,0.16164651288225343
733,state_cond,2,0.08985532012951887,0.1804799540979288
734,state_cond,2,0.09353317711977395,0.18387473104909602
735,state_cond,2,0.1266034200866346,0.21181735841313037
736,state_cond,2,0.08552582671545343,0.17653555641944232
737,state_cond,2,0.05705127565084977,0.14489936268855996
738,state_cond,2,0.06749367669167737,0.15746643472961783
739,state_cond,2,0.07036053982975657,0.1608494883658398
740,state_cond,2,0.05680464321290108,0.14500810401869568
741,state_cond,2,0.05501765059939196,0.14268685744115991
742,state_cond,2,0.05226975976229025,0.1275635645592991
743,state_cond,2,0.14168404699367054,0.20625131176873088
744,state_cond,2,0.09597524872226948,0.17233711277199706
745,state_cond,2,0.09830673008275329,0.17429365998935661
746,state_cond,2,0.0976358657358941,0.17372580885404454
747,state_cond,2,0.1011301224214661,0.17663563751762093
748,state_cond,2,0.08988265944171085,0.16700444651549182
749,state_cond,2,0.09673030591144245,0.17296458754427207
750,state_cond,2,0.0761962633394954,0.15417936971411922
751,state_cond,2,0.10152821790548856,0.17696640195606692
752,state_cond,2,0.10925857180314336,0.18315773218664938
753,state_cond,2,0.1214459322933699,0.1923335127954251
754,state_cond,2,0.06803293103048208,0.14574913921991628
755,state_cond,2,0.10508980144967764,0.17984636528820638
756,state_cond,2,0.1130734761520108,0.18610606092709223
757,state_cond,2,0.11287804643229167,0.1859577518274321
758,state_cond,2,0.11702673296848716,0.18909363361142742
759,state_cond,2,0.12189672353234215,0.19267529571309525
760,state_cond,2,0.11221221124064693,0.18545124481786185
761,state_cond,2,0.07944003181525053,0.15732855866493753
762,state_cond,2,0.11407210280409737,0.18686645321453915
763,state_cond,2,0.12459226848101566,0.19462086453356617
764,state_cond,2,0.10244264402141368,0.17772066742425122
765,state_cond,2,0.12113111805701561,0.1921220927050648
766,state_cond,2,0.08749849694202275,0.16486187741139643
767,state_cond,2,0.09409313116579458,0.17069655089512892
768,state_cond,2,0.10837337155417417,0.18247170069351784
769,state_cond,2,0.13712432690685836,0.20326845484707096
770,state_cond,2,0.12468637006870541,0.1946951473068868
771,state_cond,2,0.10420277040765935,0.1791491713746261
772,state_cond,2,0.15033927712409217,0.21177455930235559
773,state_cond,2,0.10560452291645252,0.18028271579145821
774,state_cond,2,0.1274513650676506,0.196641262382546
775,state_cond,2,0.12101255489820252,0.1920393417410807
776,state_cond,2,0.11058039761495671,0.1841953497209963
777,state_cond,2,0.13318205866570584,0.20060556276012495
778,state_cond,2,0.09111604257578931,0.16810287135242544
779,state_cond,2,0.1183893210310279,0.19010449041561983
780,state_cond,2,0.09264352836987681,0.16944246594287
781,state_cond,2,0.11076264858884385,0.18433147874334702
782,state_cond,2,0.10996793856343741,0.18371630041370343
783,state_cond,2,0.11710138637069373,0.18914794102855917
784,state_cond,2,0.11747149197269915,0.18942523160615254
785,state_cond,2,0.10068754766614785,0.17627368383305891
786,state_cond,2,0.11987348674003061,0.19120446028532753
787,state_cond,2,0.14170128897077894,0.2062956224979756
788,state_cond,2,0.11492429492449957,0.18752818059830428
789,state_cond,2,0.11771428487223584,0.18961091143795714
790,state_cond,2,0.1335419046182618,0.20085803356867163
791,state_cond,2,0.09595623588180069,0.17231089902571697
792,state_cond,2,0.12281088580192435,0.1933388969350389
793,state_cond,2,0.10719569956996682,0.18154620147286363
794,state_cond,2,0.07109990458722401,0.1489705530565453
795,state_cond,2,0.06789909123223026,0.14560109799224435
796,state_cond,2,0.020599183596609002,0.07655641721724898
797,state_cond,2,0.07726854362469024,0.15520173006602633
798,state_cond,2,0.12221841640914785,0.1929197791220654
799,state_cond,2,0.11132335184213353,0.18478605041622317
800,state_cond,2,0.13601587190507022,0.20254680901918043
801,state_cond,2,0.1200956685891898,0.19138505532702005
802,state_cond,2,0.15123709692519607,0.21235122198994658
803,state_cond,2,0.10254402617317981,0.17857201682778776
804,state_cond,2,0.09395535329137257,0.17138225241555455
805,state_cond,2,0.09538360248311001,0.1726053622109342
806,state_cond,2,0.09095394382878771,0.16877077627062004
807,state_cond,2,0.1064529386996371,0.18173216779009974
808,state_cond,2,0.08502921221766402,0.16343495703878527
809,state_cond,2,0.10055662900815107,0.1769504488990026
810,state_cond,2,0.10667239015198453,0.18189604710064192
811,state_cond,2,0.11929712683703998,0.19140109617263595
812,state_cond,2,0.062263809262116235,0.1403282568367303
813,state_cond,2,0.10895217821305378,0.1836764069705423
814,state_cond,2,0.11970161061299735,0.19175911638814186
815,state_cond,2,0.07577649479794703,0.1545896516974514
816,state_cond,2,0.10279205045913051,0.17878996785455228
817,state_cond,2,0.0992104725332651,0.17584050467148013
818,state_cond,2,0.09435693940681177,0.17173724968441192
819,state_cond,2,0.09852350113035803,0.17527212718413332
820,state_cond,2,0.11422908866623505,0.18775350832283055
821,state_cond,2,0.10804723621515422,0.1829581686460191
822,state_cond,2,0.09059844159190757,0.16845791504580038
823,state_cond,2,0.08103031671998136,0.15969728055807528
824,state_cond,2,0.10233321712412867,0.1784120632414869
825,state_cond,2,0.11062795885790168,0.1849957166558656
826,state_cond,2,0.08116541858723915,0.15982899012608795
827,state_cond,2,0.054055852665448,0.130684066772393
828,state_cond,2,0.08670089701872521,0.1649664980027773
829,state_cond,2,0.08727570094094833,0.1654801077044333
830,state_cond,2,0.08572293150954448,0.16406249905589512
831,state_cond,2,0.038025220691380646,0.10883167855074963
832,state_cond,2,0.10623814527050911,0.18154788145673845
833,state_cond,2,0.08799337453876002,0.16614449221945565
834,state_cond,2,0.11753423247572133,0.190224521014
835,state_cond,2,0.08797230866288433,0.16612815289626678
836,state_cond,2,0.10793200452890994,0.1829017913453722
837,state_cond,2,0.10653495875839493,0.18180216721221296
838,state_cond,2,0.08656940906779008,0.16486041336900586
839,state_cond,2,0.049279183412349534,0.12464556487246505
840,state_cond,2,0.11564867893018692,0.18882372968274586
841,state_cond,2,0.07187228168801299,0.15065304242778133
842,state_cond,2,0.09085462861239832,0.16869351040624234
843,state_cond,2,0.07525392070301856,0.15407907220124056
844,state_cond,2,0.07468653502103373,0.15350623905648245
845,state_cond,2,0.09778490619244164,0.1746548361321316
846,state_cond,2,0.13600472972238353,0.2032267627005809
847,state_cond,2,0.10633766061770701,0.18166592993001338
848,state_cond,2,0.10301797927132837,0.17899345650172788
849,state_cond,2,0.07487735435071799,0.15370888718353268
850,state_cond,2,0.11059488677618882,0.1849759143844605
851,state_cond,2,0.102554993625813,0.17861340424427713
852,state_cond,2,0.07570251167197087,0.1545372121126163
853,state_cond,2,0.10583403298545672,0.1812573978734892
854,state_cond,2,0.10478076509720266,0.18041847972250014
855,state_cond,2,0.09334218381765559,0.17089135390901924
856,state_cond,2,0.11752774908145179,0.1902304096612711
857,state_cond,2,0.07755357052306543,0.15635733620452436
858,state_cond,2,0.09308619955052813,0.1706478128097495
859,state_cond,2,0.04490700963346633,0.11878529939923704
860,state_cond,2,0.07974054198504117,0.15847992883669385
861,state_cond,2,0.06299362592524829,0.14114691901143792
862,state_cond,2,0.11021177891802227,0.1847006046728846
863,state_cond,2,0.10352395674894668,0.1794125619693699
864,state_cond,2,0.110509729199829,0.18486282824917227
865,state_cond,2,0.009860809896512921,0.051394726572501194
866,state_cond,2,0.004523370471227705,0.037508613790828295
867,state_cond,2,0.003668441007459352,0.035238057678455316
868,state_cond,2,0.007840732048044478,0.04575290208549608
869,state_cond,2,0.003861943283174582,0.035805700543323396
870,state_cond,2,0.006046395541461605,0.041032931184964316
871,state_cond,2,0.003665954780236383,0.035222113586509556
872,state_cond,2,0.006736984751259809,0.042902848778907904
873,state_cond,2,0.007742730043351995,0.04546826528862734
874,state_cond,2,0.004069940709395202,0.03514420117612781
875,state_cond,2,0.004329953731784281,0.03700015829518241
876,state_cond,2,0.003604005434433639,0.03395280761590613
877,state_cond,2,0.006613030983892412,0.042585369507514154
878,state_cond,2,0.003133137501116079,0.03251624517564863
879,state_cond,2,0.006961874708391003,0.04349356648808228
880,state_cond,2,0.010704319659020854,0.05369977230466283
881,state_cond,2,0.005789893442708664,0.04039018471861277
882,state_cond,2,0.0030666441089585326,0.032556216123983815
883,state_cond,2,0.0045535739234555065,0.03754952816618557
884,state_cond,2,0.004167289858050556,0.036659123709551794
885,state_cond,2,0.004987920813226393,0.03862781509652213
886,state_cond,2,0.00399454747918871,0.036150527931864296
887,state_cond,2,0.013755631897137684,0.0693185109594271
888,state_cond,2,0.0038709448434699934,0.03579758624658256
889,state_cond,2,0.018223079145912785,0.08125885571577973
890,state_cond,2,0.006300403841791084,0.04172843435192242
891,state_cond,2,0.013380537231989141,0.06822086355085193
892,state_cond,2,0.010423551075518667,0.05296402251258054
893,state_cond,2,0.0038806483644041804,0.03584537618630332
894,state_cond,2,0.004977570618472289,0.0385840307176782
895,state_cond,2,0.00876682947347091,0.04840051564996594
896,state_cond,2,0.03889667092660543,0.12150365114777353
897,state_cond,2,0.0034913461106741137,0.03461087541611458
898,state_cond,2,0.014027033650125255,0.061941064403751196
899,state_cond,2,0.008982031842443684,0.04903058456207534
900,state_cond,2,0.0031634611814606627,0.03267412857786862
901,state_cond,2,0.005963980133181413,0.04081904340268698
902,state_cond,2,0.009123426456533187,0.0493966692546563
903,state_cond,2,0.011872452202643727,0.06355787749038654
904,state_cond,2,0.00849961618905488,0.04767064397059003
905,state_cond,2,0.00408389052164419,0.03516541741211791
906,state_cond,2,0.007863629634293252,0.04582175948111518
907,state_cond,2,0.01724155035072265,0.06957650522179198
908,state_cond,2,0.006939698085999994,0.043433973271587024
909,state_cond,2,0.00310535910700265,0.032398230846764686
910,state_cond,2,0.013184973069568279,0.059901897291699945
911,state_cond,2,0.014158136829472152,0.062256454790295596
912,state_cond,2,0.007051992528233748,0.04372474836777028
913,state_cond,2,0.015069436873007441,0.06447216154784713
914,state_cond,2,0.008065937391263689,0.046392820310974706
915,state_cond,2,0.006303066313310356,0.041734532347228265
916,state_cond,2,0.006284559224728968,0.041671188936183705
917,state_cond,2,0.010171488998624006,0.052236941747521325
918,state_cond,2,0.0030585699962144357,0.0326327915823004
919,state_cond,2,0.003401494112010674,0.034286296286762795
920,state_cond,2,0.009226049232054074,0.049657456718069495
921,state_cond,2,0.004440632179557212,0.03731888483734064
922,state_cond,2,0.004109370751513789,0.03518840710663406
923,state_cond,2,0.0055166072681171645,0.039805255382934855
924,state_cond,2,0.0033009679349780153,0.03313176498545401
925,state_cond,2,0.0075164927239006534,0.04484728064571883
926,state_cond,2,0.0033177009982747847,0.03393387960996546
927,state_cond,2,0.007447740707672465,0.04467209915185362
928,state_cond,2,0.005208245106934179,0.039122467449880856
929,state_cond,2,0.004339798296136432,0.03602228309211026
930,state_cond,2,0.006032028352055268,0.04292984905696719
931,state_cond,2,0.1255140333625755,0.19652997762964786
932,state_cond,2,0.19426381547215882,0.23828973360608438
933,state_cond,2,0.16067827365478157,0.21946354696714268
934,state_cond,2,0.10256121014124711,0.17882111851445334
935,state_cond,2,0.1769711976727767,0.2289218338010925
936,state_cond,2,0.17412651202669302,0.2273515691336497
937,state_cond,2,0.16419002948227898,0.22161215782909197
938,state_cond,2,0.16078843596734896,0.21953325671816548
939,state_cond,2,0.12709899163829827,0.1977046002023634
940,state_cond,2,0.14007596182939436,0.20645533308015357
941,state_cond,2,0.15822629937678342,0.21798478489457135
942,state_cond,2,0.15375118352504058,0.21522969283141483
943,state_cond,2,0.18586070120928994,0.23382116292182456
944,state_cond,2,0.1613678816127131,0.21988403362930356
945,state_cond,2,0.1582539247492758,0.2179793408274642
946,state_cond,2,0.15703338686398427,0.21723016909840764
947,state_cond,2,0.17067292764112435,0.2253237976936408
948,state_cond,2,0.16089942527909273,0.2195767623042363
949,state_cond,2,0.1509402333832372,0.2134534361238841
950,state_cond,2,0.1454172153425254,0.2099243415375069
951,state_cond,2,0.1330203610944198,0.20167836626729038
952,state_cond,2,0.18862059986953278,0.23527981576580076
953,state_cond,2,0.16955069593579747,0.22467438729573838
954,state_cond,2,0.14163102546342313,0.2074867675503344
955,state_cond,2,0.14908025033521646,0.21228112096644788
956,state_cond,2,0.1475799718100633,0.21133793984106047
957,state_cond,2,0.15801253127347534,0.21782161827761898
958,state_cond,2,0.14608410119420706,0.21035028748065826
959,state_cond,2,0.13973606997822083,0.20620159017307668
960,state_cond,2,0.1445113563966684,0.2093354280862945
961,state_cond,2,0.15614490091176123,0.21668169601112552
962,state_cond,2,0.16268479328560953,0.22064805469707835
963,state_cond,2,0.17057249192616067,0.2252566540438449
964,state_cond,2,0.15304174115207278,0.21476266654496143
965,state_cond,2,0.1287409160286104,0.198698784406987
966,state_cond,2,0.1623860887328994,0.22045518362698982
967,state_cond,2,0.16867997301269969,0.2241619659021481
968,state_cond,2,0.15955299539714016,0.21876482524333402
969,state_cond,2,0.15079749503876128,0.21336409319369462
970,state_cond,2,0.16832066997058137,0.22393667848900853
971,state_cond,2,0.16088377036424797,0.2195383187468372
972,state_cond,2,0.15091648600049173,0.21342739579124156
973,state_cond,2,0.12222486100948546,0.19401520287660942
974,state_cond,2,0.18584621054167882,0.2337721913219242
975,state_cond,2,0.16233277663869797,0.22042816391099626
976,state_cond,2,0.17792425976263107,0.22941547378623264
977,state_cond,2,0.1449168966501641,0.20958619097763617
978,state_cond,2,0.1595318277195033,0.21872339433672683
979,state_cond,2,0.1486363105968371,0.21197551440715875
980,state_cond,2,0.19125737004243168,0.23666198672021796
981,state_cond,2,0.13062604728470092,0.1999848908394352
982,state_cond,2,0.15253587774025099,0.21442972415346628
983,state_cond,2,0.15782670866352436,0.21769425797899855
984,state_cond,2,0.14741947862227767,0.21118643206422938
985,state_cond,2,0.14335279816189317,0.20855406154002998
986,state_cond,2,0.08494409479604284,0.1634655071684601
987,state_cond,2,0.1515521526716043,0.21379344883550558
988,state_cond,2,0.18022333028748272,0.23063867550689424
989,state_cond,2,0.1836116686323821,0.23251593217207828
990,state_cond,2,0.1602373156672759,0.2191311215697702
991,state_cond,2,0.15432253227904863,0.21551306131265063
992,state_cond,2,0.17279227708737627,0.2264860042479607
993,state_cond,2,0.17280758788638584,0.22650890611511984
994,state_cond,2,0.11243403846286636,0.1866296043779502
995,state_cond,2,0.19159210421986558,0.25204804847666484
996,state_cond,2,0.22034521263091175,0.268417358050264
997,state_cond,2,0.1812995518374708,0.24567595280659013
998,state_cond,2,0.18317437691403254,0.24682215350903486
999,state_cond,2,0.20825408450676272,0.2616666275225907
1000,state_cond,2,0.1886522075988124,0.2501867041324744
1001,state_cond,2,0.22296672761736638,0.26986508690352856
1002,state_cond,2,0.23694235359827287,0.2775753641610272
1003,state_cond,2,0.18673000774038848,0.24902406326789198
1004,state_cond,2,0.19309693139762144,0.25286002692089005
1005,state_cond,2,0.1978056749412782,0.2556359582789005
1006,state_cond,2,0.18264898694177517,0.24651165098234784
1007,state_cond,2,0.18961545087933773,0.250755016277175
1008,state_cond,2,0.253916198435264,0.2866962069955828
1009,state_cond,2,0.22217156235116434,0.2693919475999802
1010,state_cond,2,0.1825055552693608,0.24641172180908827
1011,state_cond,2,0.19284530168626096,0.25266761511324437
1012,state_cond,2,0.17755802685088726,0.24330870062651047
1013,state_cond,2,0.2520472815667874,0.2857090583212455
1014,state_cond,2,0.18645068331160433,0.24884291880578205
1015,state_cond,2,0.1718700111507252,0.23968941430291676
1016,state_cond,2,0.17000393795165983,0.23848946057424011
1017,state_cond,2,0.1844975779981397,0.2476350655178428
1018,state_cond,2,0.18288277606526548,0.24664752044189586
1019,state_cond,2,0.17086041173983074,0.23905083193166177
1020,state_cond,2,0.17328013517421056,0.24061008922392646
1021,state_cond,2,0.1789895663246553,0.2442288791516
1022,state_cond,2,0.17907870781717009,0.24428815609396207
1023,state_cond,2,0.20400180983334226,0.2592535779179944
1024,state_cond,2,0.1611039677430031,0.23263466614324504
1025,state_cond,2,0.20401708300916854,0.25924303457873776
1026,state_cond,2,0.25387444639547935,0.2866889202929932
1027,state_cond,2,0.3367470925044651,0.3259419769168747
1028,state_cond,2,0.25723661946108495,0.2881721571785698
1029,state_cond,2,0.3537710864048467,0.3330203877815111
1030,state_cond,2,0.528419516916654,0.4044515892180933
1031,state_cond,2,0.2440856031573151,0.28097606066745145
1032,state_cond,2,0.4244952637022763,0.3624155834184317
1033,state_cond,2,0.26326070850723277,0.29098869555893697
1034,state_cond,2,0.4185064100475854,0.3598934617683835
1035,state_cond,2,0.5305712034036434,0.4051654954598947
1036,state_cond,2,0.9272257345480919,0.5310892119342252
1037,state_cond,2,0.2908243098060456,0.30400206889564096
1038,state_cond,2,0.5976647449240595,0.4313125128348022
1039,state_cond,2,0.8520145773721807,0.5125033956448017
1040,state_cond,2,0.3260686099903349,0.3206444620713766
1041,state_cond,2,1.1126500842405054,0.5768785558285286
1042,state_cond,2,0.4035496624583806,0.3550123494933346
1043,state_cond,2,0.9755418132562456,0.545259116046401
1044,state_cond,2,0.5370643302724579,0.4107877213568583
1045,state_cond,2,0.6474388765897127,0.45039704340676795
1046,state_cond,2,0.8263361730213142,0.506191671844758
1047,state_cond,2,0.4422909876585545,0.3726972313564446
1048,state_cond,2,0.5909183360305145,0.4321815884701702
1049,state_cond,2,0.4460847046582473,0.3733680874526244
1050,state_cond,2,0.824017377894394,0.5046794621434102
1051,state_cond,2,0.4489171042346662,0.37358955722798004
1052,state_cond,2,0.606613605731737,0.4350803036734566
1053,state_cond,2,0.745457421385512,0.48074637158986777
1054,state_cond,2,0.4412191530967757,0.37061319164032086
1055,state_cond,2,0.5177982586800213,0.3996618123235648
1056,state_cond,2,0.4282926308754133,0.36446936128955765
1057,state_cond,2,0.44402492052251413,0.3712409737600776
1058,state_cond,2,0.41901708515378727,0.3607067489899459
1059,state_cond,2,0.4520264328685243,0.3747648475542074
1060,state_cond,2,0.5066906058684063,0.39493840929593726
1061,state_cond,2,0.5687763717281614,0.41844165696145497
1062,state_cond,2,0.5226861566509176,0.40085187129324956
1063,state_cond,2,0.5133758032143432,0.39749901115495895
1064,state_cond,2,0.38351378109492834,0.34594916685046434
1065,state_cond,2,0.4513729178031157,0.3739164085373359
1066,state_cond,2,0.4425625840448394,0.370470263233031
1067,state_cond,2,0.37975252148007344,0.345057055239438
1068,state_cond,2,0.3877128771744339,0.348377574016737
1069,state_cond,2,0.37104750945340703,0.3413122059480023
1070,state_cond,2,0.37919315692736855,0.34449680041502423
1071,state_cond,2,0.3874438928447499,0.3482248680330963
1072,state_cond,2,0.3685098829186641,0.3401178514285974
1073,state_cond,2,0.4063222457082281,0.3561169927866463
1074,state_cond,2,0.406658812062783,0.3562753506354756
1075,state_cond,2,0.38415853214480616,0.3469411629137966
1076,state_cond,2,0.38097638942286727,0.34559211269888546
1077,state_cond,2,0.41622332180526544,0.36005311114591115
1078,state_cond,2,0.3673521905572163,0.33975444374993197
1079,state_cond,2,0.37656820775713074,0.34363343578016475
1080,state_cond,2,0.4870707454892546,0.38765746858649575
1081,state_cond,2,0.4729971536208701,0.38217643949669466
1082,state_cond,2,0.5293775997518816,0.4036775131967371
1083,state_cond,2,0.44888709994187886,0.37297958760560634
1084,state_cond,2,0.4555982756598149,0.3755922988184926
1085,state_cond,2,0.4046729536722475,0.35480646933459503
1086,state_cond,2,0.4063143186733544,0.3560628076984451
1087,state_cond,2,0.3622612247068256,0.33743005931660386
1088,state_cond,2,0.3659993697920683,0.3392781273655921
1089,state_cond,2,0.3577892923176167,0.33571216505544255
1090,state_cond,2,0.4207660869683525,0.36115529378458183
1091,state_cond,2,0.40083763115238696,0.35315223087737485
1092,state_cond,2,0.3837213581844389,0.34673012719096646
1093,state_cond,2,0.4081438660754035,0.35682984656967776
1094,state_cond,2,0.3251314251244492,0.32164937235249674
1095,state_cond,2,0.3508247075781089,0.3325823056506196
1096,state_cond,2,0.33189249771932366,0.3245343465764154
1097,state_cond,2,0.3427202174077616,0.32918609805634413
1098,state_cond,2,0.3790115030849786,0.3443134570511582
1099,state_cond,2,0.31623376253938346,0.31780046421431757
1100,state_cond,2,0.31807282222630395,0.31855029021242787
1101,state_cond,2,0.3736496187694401,0.3425472308766875
1102,state_cond,2,0.5185525328800819,0.3979371445458437
1103,state_cond,2,0.34793434919769023,0.33146077439030397
1104,state_cond,2,0.3432556749874534,0.32939992033639404
1105,state_cond,2,0.3320327096863269,0.32455929002212114
1106,state_cond,2,0.33257511108675986,0.32460343317331014
1107,state_cond,2,0.32650481251335195,0.32221270407906416
1108,state_cond,2,0.4382373275152737,0.3685934774429566
1109,state_cond,2,0.3334827752163996,0.32508424587568874
1110,state_cond,2,0.3111765840292031,0.3156407721548134
1111,state_cond,2,0.38844419269627556,0.3487838962031978
1112,state_cond,2,0.35058391342218104,0.3325895303909836
1113,state_cond,2,0.5213104779571626,0.39973203138317265
1114,state_cond,2,0.3477548058971436,0.331284167797922
1115,state_cond,2,0.34220639508614087,0.3289606231876818
1116,state_cond,2,0.058084888847352995,0.14814524417161132
1117,state_cond,2,0.07099070070389353,0.16339254371119669
1118,state_cond,2,0.037064736759858434,0.11802975793670548
1119,state_cond,2,0.08406291391062701,0.17792809326389555
1120,state_cond,2,0.04496608033080395,0.13023637965818524
1121,state_cond,2,0.07906706936663552,0.1725809775909368
1122,state_cond,2,0.042778330640365944,0.12657801115904752
1123,state_cond,2,0.06354153434864299,0.1544513522781903
1124,state_cond,2,0.08744956590925482,0.18050999348604527
1125,state_cond,2,0.04457347363572727,0.12960938825712073
1126,state_cond,2,0.04118055369825709,0.12463590163498046
1127,state_cond,2,0.05375682204874217,0.14270672135874654
1128,state_cond,2,0.044933319964979915,0.13035968895125688
1129,state_cond,2,0.032749415779635783,0.11080159902356726
1130,state_cond,2,0.04099578071248537,0.12442433467503773
1131,state_cond,2,0.03294858667521654,0.1112058381053721
1132,state_cond,2,0.03810243877206114,0.11985164931279636
1133,state_cond,2,0.04219522269411996,0.12630963398724152
1134,state_cond,2,0.031158391753495912,0.10803113818604278
1135,state_cond,2,0.023273203710192696,0.09255420026790606
1136,state_cond,2,0.055442662252985456,0.14499385222599231
1137,state_cond,2,0.0398641184155178,0.1226164665949819
1138,state_cond,2,0.03815587342107211,0.1199351551001428
1139,state_cond,2,0.039103215047715675,0.12144161710469396
1140,state_cond,2,0.029862476860395504,0.10564391113787906
1141,state_cond,2,0.030063151174062407,0.10604839909155869
1142,state_cond,2,0.026223459180899023,0.09865471940973708
1143,state_cond,2,0.02951959775777919,0.10501173675016814
1144,state_cond,2,0.045650014839711144,0.1309780605166292
1145,state_cond,2,0.0462925331508509,0.1323098019821496
1146,state_cond,2,0.036612911551379884,0.11740998483606957
1147,state_cond,2,0.03149052098800105,0.10861307702751326
1148,state_cond,2,0.05456752579789045,0.14384276323116585
1149,state_cond,2,0.04360296273788994,0.1284153319328502
1150,state_cond,2,0.03423352996764673,0.11342081424938932
1151,state_cond,2,0.043542803451850194,0.12832680964306334
1152,state_cond,2,0.03433755918936326,0.11361238075869502
1153,state_cond,2,0.028883198477643344,0.10379038706102973
1154,state_cond,2,0.031971202637641694,0.1094861187476977
1155,state_cond,2,0.04046896565788839,0.12363971611896642
1156,state_cond,2,0.032230325268955536,0.10984116611636416
1157,state_cond,2,0.03118256153270103,0.10806363764737831
1158,state_cond,2,0.051011921751914206,0.13908441538033728
1159,state_cond,2,0.03160028217485434,0.10881232885605423
1160,state_cond,2,0.0276829752794798,0.10151200740973468
1161,state_cond,2,0.050059569177881305,0.13753448533150592
1162,state_cond,2,0.04184695445690105,0.12549055588947597
1163,state_cond,2,0.07284849615551722,0.16606810249644785
1164,state_cond,2,0.02980071024605081,0.10551470924049619
1165,state_cond,2,0.044303725438038795,0.12943552573554984
1166,state_cond,2,0.02863385020145434,0.10333397499392988
1167,state_cond,2,0.03515418721673068,0.11493614230235727
1168,state_cond,2,0.0727119262449862,0.16584490517863718
1169,state_cond,2,0.041759627826053636,0.1254711751676966
1170,state_cond,2,0.049719288533834755,0.13716696663245068
1171,state_cond,2,0.04739667626772458,0.13381803392415278
1172,state_cond,2,0.08460723957469393,0.17851586157507854
1173,state_cond,2,0.0547872475192371,0.14393153457472832
1174,state_cond,2,0.06011411610237096,0.15072574730144667
1175,state_cond,2,0.04806379253863216,0.13476315950303452
1176,state_cond,2,0.03453066933995861,0.11393044179179547
1177,state_cond,2,0.03624915291763459,0.1166898113438927
1178,state_cond,2,0.041812569672276596,0.1257113407460309
1179,state_cond,2,0.03713023894174291,0.11822038088655061
1180,state_cond,2,0.0366474708477719,0.11744844908200089
1181,state_cond,2,0.043192136958898175,0.12662466488537502
1182,state_cond,2,0.039612701613575614,0.12116810385558303
1183,state_cond,2,0.053123944434954516,0.1409389552479413
1184,state_cond,2,0.0414131548771948,0.1239865246223839
1185,state_cond,2,0.03853310784603625,0.11938800679676813
1186,state_cond,2,0.040286104235347675,0.12221002004062767
1187,state_cond,2,0.03978887661343462,0.12141670026273461
1188,state_cond,2,0.05587319609047544,0.14457147951741062
1189,state_cond,2,0.0427409461409887,0.12604527182003122
1190,state_cond,2,0.042092707809873266,0.12504401090331843
1191,state_cond,2,0.038438530366926585,0.11922044226735502
1192,state_cond,2,0.040308985637579564,0.12222891955493817
1193,state_cond,2,0.0339699934518981,0.11162249667853161
1194,state_cond,2,0.03718641210691407,0.11713901842148408
1195,state_cond,2,0.03416605831569057,0.11198518554851467
1196,state_cond,2,0.03767769493129658,0.11797118167911089
1197,state_cond,2,0.04402910609448738,0.12799022847639505
1198,state_cond,2,0.03976007269864054,0.12135036735611354
1199,state_cond,2,0.05555232041216262,0.14418839074424003
1200,state_cond,2,0.042192410584557895,0.1252253291286838
1201,state_cond,2,0.04282437362634207,0.1261939741177163
1202,state_cond,2,0.03832887807011773,0.11906149989829794
1203,state_cond,2,0.03752732857346622,0.11771245095181115
1204,state_cond,2,0.05569898949476004,0.14436408187042252
1205,state_cond,2,0.036697412313629746,0.11630970131240063
1206,state_cond,2,0.03687809226403155,0.11656932661439408
1207,state_cond,2,0.07134510271212968,0.1618046949183983
1208,state_cond,2,0.040188313431182655,0.12196924615269439
1209,state_cond,2,0.03551592871452064,0.11412768345062828
1210,state_cond,2,0.04779322188874502,0.13348696500655896
1211,state_cond,2,0.02685016574620102,0.09805193304914234
1212,state_cond,2,0.03274426789541515,0.10934234828155388
1213,state_cond,2,0.03332623402596702,0.11026566499303857
1214,state_cond,2,0.029613604042373284,0.1033809821347515
1215,state_cond,2,0.024585280789799886,0.09338857196208285
1216,state_cond,2,0.0307168633170033,0.1054668748620952
1217,state_cond,2,0.022723051081479758,0.08969982042166999
1218,state_cond,2,0.027554736142510926,0.0995312877421741
1219,state_cond,2,0.026335149946549574,0.09681643355666034
1220,state_cond,2,0.018468048438866253,0.081153403323708
1221,state_cond,2,0.036722730890020115,0.11610203547302217
1222,state_cond,2,0.022584049698894042,0.08957414150616003
1223,state_cond,2,0.01910646992515198,0.08246461629081187
1224,state_cond,2,0.026322776172322034,0.09682132147168539
1225,state_cond,2,0.0233226966153667,0.09106884500455949
1226,state_cond,2,0.02142592122815774,0.08745575475301524
1227,state_cond,2,0.020168419573481925,0.08483919166873298
1228,state_cond,2,0.026575055368526085,0.09731670088908807
1229,state_cond,2,0.027788497333899105,0.09978313271021232
1230,state_cond,2,0.02333513441917939,0.09118913345651317
1231,state_cond,2,0.026918667645992635,0.09802693134266197
1232,state_cond,2,0.021675385742717913,0.08779704188729978
1233,state_cond,2,0.022130510613181217,0.08881417031402115
1234,state_cond,2,0.025324258658891353,0.09488813633888235
1235,state_cond,2,0.05014133681040109,0.13678422836767387
1236,state_cond,2,0.03975655729399405,0.12122579623384341
1237,state_cond,2,0.026779055579423096,0.09766599587101647
1238,state_cond,2,0.02114967630314159,0.0866848626797899
1239,state_cond,2,0.014430717302552775,0.0711569718344606
1240,state_cond,2,0.015632795388018993,0.07434937664079257
1241,state_cond,2,0.017606542473182375,0.07917484418818578
1242,state_cond,2,0.01558861273368085,0.07423419013259082
1243,state_cond,2,0.01471130514357075,0.07193222118883172
1244,state_cond,2,0.03285667905445677,0.1059019371058218
1245,state_cond,2,0.022418994831644584,0.0870993920627545
1246,state_cond,2,0.012646308425228998,0.06097728370399786
1247,state_cond,2,0.013751817414217195,0.06566225926465791
1248,state_cond,2,0.01942652657066262,0.08116342099829803
1249,state_cond,2,0.016136483608555987,0.07343633785712562
1250,state_cond,2,0.017190632307980295,0.07610088825052828
1251,state_cond,2,0.022193921494012857,0.08685684200468073
1252,state_cond,2,0.02279598516708045,0.08798962772840255
1253,state_cond,2,0.0563636233862791,0.14051167205346413
1254,state_cond,2,0.03197022553470535,0.10419481606548249
1255,state_cond,2,0.035978941795898375,0.11090678486560447
1256,state_cond,2,0.026932473086195303,0.09515184184138917
1257,state_cond,2,0.025901419543889977,0.09326406445673822
1258,state_cond,2,0.03160329582374153,0.10352451167429655
1259,state_cond,2,0.021683582371595976,0.08580170976385648
1260,state_cond,2,0.051592084436238146,0.13427292242293504
1261,state_cond,2,0.014066331825165132,0.06698284848406419
1262,state_cond,2,0.031142164638168403,0.10273593107351696
1263,state_cond,2,0.01584374771739616,0.07260773583023615
1264,state_cond,2,0.013553846177965496,0.05936339096028566
1265,state_cond,2,0.014191336508732362,0.06718066345533931
1266,state_cond,2,0.013069651138180833,0.061737926534590926
1267,state_cond,2,0.019045447595927068,0.08034572734534003
1268,state_cond,2,0.013283720474892744,0.06314445514104382
1269,state_cond,2,0.018721661367125202,0.07961615740471223
1270,state_cond,2,0.017786693213329572,0.07745994642487702
1271,state_cond,2,0.018494819318641196,0.079099473267849
1272,state_cond,2,0.01318545157101398,0.06228001417894985
1273,state_cond,2,0.01331390282927314,0.061049257764935805
1274,state_cond,2,0.017007127566065906,0.07547603175429754
1275,state_cond,2,0.016741909978507108,0.07482470081291066
1276,state_cond,2,0.013592581547274829,0.06420882513288245
1277,state_cond,2,0.015132433717263487,0.07020920315971987
1278,state_cond,2,0.01889494641269112,0.08008319700739494
1279,state_cond,2,0.014436971201035083,0.06755439861006421
1280,state_cond,2,0.03774308991113728,0.11373314453992783
1281,state_cond,2,0.05347248414311522,0.1366904590987287
1282,state_cond,2,0.01360323098719486,0.0642131670125075
1283,state_cond,2,0.024423829843030185,0.09093778552937552
1284,state_cond,2,0.014014972356832344,0.06582979215788043
1285,state_cond,2,0.04277294708643377,0.12164157538461301
1286,state_cond,2,0.025844530724018284,0.09338087452906706
1287,state_cond,2,0.01794878610502575,0.07787993159941556
1288,state_cond,2,0.030708855505981354,0.10185027241758647
1289,state_cond,2,0.013783304520873433,0.06477525736500818
1290,state_cond,2,0.02360799483037872,0.0895372722292589
1291,state_cond,2,0.015672309930146858,0.07181538541154542
1292,state_cond,2,0.024087461908681024,0.09036733237763742
1293,state_cond,2,0.030447825913813457,0.10133928744245366
1294,state_cond,2,0.017040431409132976,0.07557281000934003
1295,state_cond,2,0.020140068476644013,0.08278998686774373
1296,state_cond,2,0.09109083038086754,0.1811292886009373
1297,state_cond,2,0.05519759520084405,0.13891888199164876
1298,state_cond,2,0.034465744584770565,0.10837124113635516
1299,state_cond,2,0.017479760551182853,0.07664310780008086
1300,state_cond,2,0.016952080022643857,0.07540375903471863
1301,state_cond,2,0.016041095716257118,0.07301201675104202
1302,state_cond,2,0.039772981527622465,0.11692766702089424
1303,state_cond,2,0.01586337725798318,0.07241495507617399
1304,state_cond,2,0.037743271473200925,0.11371297763681414
1305,state_cond,2,0.016422054674179794,0.060893164517377224
1306,state_cond,2,0.0144766277133613,0.05707399337245346
1307,state_cond,2,0.012199785820863607,0.05305777584791974
1308,state_cond,2,0.019033010534964506,0.06615148864989363
1309,state_cond,2,0.015662639932840977,0.059602235859576594
1310,state_cond,2,0.018529501263889123,0.06516188726223185
1311,state_cond,2,0.01447190200668455,0.05703378759666158
1312,state_cond,2,0.010158196002083529,0.04998184991934079
1313,state_cond,2,0.00897584004051028,0.05050426098635837
1314,state_cond,2,0.014669763395387067,0.05749983107478162
1315,state_cond,2,0.017425642356841603,0.06300024782182864
1316,state_cond,2,0.013693688182213875,0.05562106352908405
1317,state_cond,2,0.008994515155766474,0.04960146407869777
1318,state_cond,2,0.018064552309849255,0.06433254282095868
1319,state_cond,2,0.008943665021899682,0.04971456317078435
1320,state_cond,2,0.021785796637203855,0.07184794868346234
1321,state_cond,2,0.016669232803588906,0.061590697532285084
1322,state_cond,2,0.01638362721988164,0.06103930457330654
1323,state_cond,2,0.01969408709671975,0.06767081128584487
1324,state_cond,2,0.023326818726577766,0.07456784901657577
1325,state_cond,2,0.012267276003865738,0.05318892274080187
1326,state_cond,2,0.01421939833859801,0.05654570392822272
1327,state_cond,2,0.020729292328869064,0.06970947024630077
1328,state_cond,2,0.022419721161645877,0.07290900515489382
1329,state_cond,2,0.024194411390297165,0.07609494854360456
1330,state_cond,2,0.016105876502105754,0.06043049787938687
1331,state_cond,2,0.014901614054585224,0.05791976097204355
1332,state_cond,2,0.009738636687897886,0.04990752379614566
1333,state_cond,2,0.012089482791608323,0.05288521986647583
1334,state_cond,2,0.025357233806135974,0.07821229885462973
1335,state_cond,2,0.024199578564957237,0.0760441801265802
1336,state_cond,2,0.019022357101617992,0.06606692363760779
1337,state_cond,2,0.011436646980589058,0.05202596525286643
1338,state_cond,2,0.012369191973386399,0.053345309505208514
1339,state_cond,2,0.015821092492310347,0.05991939195751411
1340,state_cond,2,0.022182117285046515,0.07242134530061345
1341,state_cond,2,0.02005019966906799,0.06821120864927714
1342,state_cond,2,0.0121851688008835,0.05308537159414298
1343,state_cond,2,0.015507616840357915,0.05924881823905138
1344,state_cond,2,0.021090216949622796,0.07024237071362822
1345,state_cond,2,0.01676221681352133,0.06173077494205292
1346,state_cond,2,0.022988047153805712,0.07385937529490928
1347,state_cond,2,0.017254276568429424,0.06265086962158549
1348,state_cond,2,0.016047632061443388,0.06030944766680374
1349,state_cond,2,0.01905407578870358,0.0661691869125211
1350,state_cond,2,0.016952392265046214,0.062120447959150824
1351,state_cond,2,0.01564217087232047,0.05953848972851363
1352,state_cond,2,0.01177788629269093,0.052448489665074295
1353,state_cond,2,0.011007834892639,0.05138745152642572
1354,state_cond,2,0.015007001695683416,0.058210762908946716
1355,state_cond,2,0.009237223198394918,0.05008564804720072
1356,state_cond,2,0.009068343034296685,0.050790458059367286
1357,state_cond,2,0.012267124107783545,0.05311525770627544
1358,state_cond,2,0.012552003052927694,0.06428730742306053
1359,state_cond,2,0.018969807597995547,0.07869825479867396
1360,state_cond,2,0.01813393379144097,0.06441736940525415
1361,state_cond,2,0.013592282833242073,0.055441096201990586
1362,state_cond,2,0.0174013095285694,0.06298340442284135
1363,state_cond,2,0.018328307800703096,0.06478794036091302
1364,state_cond,2,0.017911579674882983,0.06391076352998401
1365,state_cond,2,0.015325698186957335,0.058916202189577736
1366,state_cond,2,0.014087112449688159,0.05627037284055063
1367,state_cond,2,0.005854832111041448,0.03978900247514807
1368,state_cond,2,0.0062470123643540995,0.040724542377207906
1369,state_cond,2,0.005360861117320776,0.03996490986776892
1370,state_cond,2,0.006328933839058335,0.044218836032484506
1371,state_cond,2,0.005471711364808217,0.03964904318178847
1372,state_cond,2,0.007051433436003904,0.047368472339854036
1373,state_cond,2,0.007853395238296312,0.044051384312535094
1374,state_cond,2,0.005929671996303974,0.04003789840721216
1375,state_cond,2,0.0072435002062880005,0.04809862064220848
1376,state_cond,2,0.005418921307883802,0.04027470691485738
1377,state_cond,2,0.005587947823027591,0.03962336079927917
1378,state_cond,2,0.007237860587088833,0.0480632638168419
1379,state_cond,2,0.01445289865854403,0.07085409964349416
1380,state_cond,2,0.006049982121130257,0.04015695518664247
1381,state_cond,2,0.006809904912935777,0.041856014078036824
1382,state_cond,2,0.005487068763409037,0.040879349357481824
1383,state_cond,2,0.005381986677367424,0.0395909298317425
1384,state_cond,2,0.005907380261770872,0.03996883635672438
1385,state_cond,2,0.005375866026035663,0.039699941500725186
1386,state_cond,2,0.005548104230490849,0.039461865237331493
1387,state_cond,2,0.006065040239045239,0.040301599414881276
1388,state_cond,2,0.005337630968068924,0.04016491747567264
1389,state_cond,2,0.005344353469469767,0.03974751176844585
1390,state_cond,2,0.006105836001892478,0.04037424209683054
1391,state_cond,2,0.005451189225661664,0.040767779902641216
1392,state_cond,2,0.006351650168895278,0.040911709698498624
1393,state_cond,2,0.00764948396995853,0.04362711676145897
1394,state_cond,2,0.005562334109991767,0.03968181420866598
1395,state_cond,2,0.006674219332618248,0.041601081382776954
1396,state_cond,2,0.006708035711067843,0.041674027955711235
1397,state_cond,2,0.006068172919229924,0.040345484203444054
1398,state_cond,2,0.005405830310081965,0.040386234077159244
1399,state_cond,2,0.005406443216947085,0.039859535578341
1400,state_cond,2,0.005431576486592719,0.040676407327743906
1401,state_cond,2,0.005355047045169438,0.04002706031741408
1402,state_cond,2,0.005372360319706727,0.04030079499367231
1403,state_cond,2,0.005810206001519326,0.03981167040553277
1404,state_cond,2,0.0066910706051571366,0.041668429886144054
1405,state_cond,2,0.006189139756674703,0.04062510439281717
1406,state_cond,2,0.0073687558478355,0.043119639783265246
1407,state_cond,2,0.0060694129725652945,0.04034159437198546
1408,state_cond,2,0.0065175822132321586,0.041317498836393456
1409,state_cond,2,0.005439658980079711,0.04073744478877038
1410,state_cond,2,0.0054919292912717745,0.03997740170889043
1411,state_cond,2,0.005659290550037855,0.03969099421932031
1412,state_cond,2,0.006108627322071584,0.0404382690987207
1413,state_cond,2,0.005477517375190101,0.03975750957692334
1414,state_cond,2,0.005623077152503368,0.0396856849911169
1415,state_cond,2,0.005511603227606429,0.03967394650006593
1416,state_cond,2,0.0061018870037625236,0.04042518250062473
1417,state_cond,2,0.005367211546061568,0.04021424780479043
1418,state_cond,2,0.006999805622185025,0.04236228760360794
1419,state_cond,2,0.005817062232908664,0.04199681136772079
1420,state_cond,2,0.005966868677577254,0.040098495089648245
1421,state_cond,2,0.0056039209866803105,0.03968906239831626
1422,state_cond,2,0.005941155213029266,0.042511007315329336
1423,state_cond,2,0.009845667974267579,0.05700060919738867
1424,state_cond,2,0.005520856468969196,0.0394969086848015
1425,state_cond,2,0.006982111634902389,0.04229000841984152
1426,state_cond,2,0.008678719908122062,0.04564105788580731
1427,state_cond,2,0.006749076493732046,0.04176339275660023
1428,state_cond,2,0.00794904165749116,0.044277784283999165
1429,state_cond,2,0.005559094678097744,0.040318077642385056
1430,state_cond,2,0.0059600603605408356,0.040173876333696186
1431,state_cond,2,0.0056494192273515015,0.04146999456977613
1432,state_cond,2,0.016107494363357285,0.06180499132703472
1433,state_cond,2,0.007877938102492675,0.044915587288313664
1434,state_cond,2,0.011989337317341692,0.05225177273660572
1435,state_cond,2,0.010539954281296593,0.04966947599465988
1436,state_cond,2,0.011566421860914724,0.05137722084525402
1437,state_cond,2,0.010506002956410134,0.04963232171036497
1438,state_cond,2,0.006057840225530109,0.04263316440672475
1439,state_cond,2,0.006689338448707894,0.04248242341962432
1440,state_cond,2,0.009369706969669706,0.05500123961175786
1441,state_cond,2,0.011040037296001932,0.05031109760551796
1442,state_cond,2,0.013345894387817024,0.055313839225839025
1443,state_cond,2,0.008310616531588549,0.0457411509804902
1444,state_cond,2,0.01441126612396674,0.057908512950889
1445,state_cond,2,0.015101683615787023,0.059490884715570076
1446,state_cond,2,0.008034225527593518,0.045276735504058876
1447,state_cond,2,0.014847182129480073,0.05889830811905745
1448,state_cond,2,0.008386426928565047,0.04591070796309702
1449,state_cond,2,0.011422761445879075,0.05111059764986119
1450,state_cond,2,0.006067063011572983,0.04209426611508492
1451,state_cond,2,0.016291767638898263,0.06224982597443173
1452,state_cond,2,0.009421769305810903,0.04781857905367921
1453,state_cond,2,0.010343668823719943,0.04937978432266807
1454,state_cond,2,0.012027339145169662,0.052371394514792474
1455,state_cond,2,0.010484225205475305,0.049600798324036986
1456,state_cond,2,0.006803598917252146,0.04277892525265685
1457,state_cond,2,0.009947883435084051,0.048723232357254107
1458,state_cond,2,0.01312291126356378,0.05481686426457782
1459,state_cond,2,0.008068776101575388,0.045349008100781144
1460,state_cond,2,0.010122136071451562,0.049016048082721156
1461,state_cond,2,0.010785309320508371,0.05006199016139463
1462,state_cond,2,0.008557656255630345,0.046209744201367274
1463,state_cond,2,0.009856077888967574,0.04857228038879051
1464,state_cond,2,0.007439252626397345,0.04405075835983292
1465,state_cond,2,0.007570633101829679,0.04430351168788833
1466,state_cond,2,0.007221044877361605,0.04361965203791066
1467,state_cond,2,0.006019605604851169,0.041645474378701336
1468,state_cond,2,0.01291061020613485,0.054315784770990916
1469,state_cond,2,0.015436434131162224,0.06023097299187862
1470,state_cond,2,0.007278618371935293,0.043755609391077296
1471,state_cond,2,0.008073856832326108,0.05058737040136519
1472,state_cond,2,0.0069168041336275694,0.0429291749565725
1473,state_cond,2,0.006444304550637381,0.04432857715337131
1474,state_cond,2,0.0065900957778079,0.04225934930955712
1475,state_cond,2,0.013212843864714252,0.05507855774920077
1476,state_cond,2,0.0059796670742536225,0.04248128530734097
1477,state_cond,2,0.011200825258635258,0.05063609573659743
1478,state_cond,2,0.013215275908561003,0.0550666150843255
1479,state_cond,2,0.006220364152609512,0.041456246029990665
1480,state_cond,2,0.007622472491028444,0.044409872844868414
1481,state_cond,2,0.007363336851067201,0.04387359876081742
1482,state_cond,2,0.006034639988650695,0.041406379518469996
1483,state_cond,2,0.009224024476174304,0.04736835555440669
1484,state_cond,2,0.006193769660417916,0.04133473743955485
1485,state_cond,2,0.008738982519719279,0.04639424693855594
1486,state_cond,2,0.01135908619796595,0.061198209831954405
1487,state_cond,2,0.006252219844366307,0.043601523382758946
1488,state_cond,2,0.01131074750132361,0.05085091098961456
1489,state_cond,2,0.010221476305830667,0.049124865380366194
1490,state_cond,2,0.010019171832136419,0.04880424324860126
1491,state_cond,2,0.011531862907154586,0.05134547275728804
1492,state_cond,2,0.010640978387390436,0.049799207943305904
1493,state_cond,2,0.009527910417425981,0.04798962697149919
1494,state_cond,2,0.009315237436945952,0.04760500984258718
1495,state_cond,2,0.03426627345950718,0.11431897684442471
1496,state_cond,2,0.024194769127485527,0.09498189543453804
1497,state_cond,2,0.018790906069612763,0.08250043077920285
1498,state_cond,2,0.06182305768377632,0.15379233661606195
1499,state_cond,2,0.030019384417509544,0.1066002845406006
1500,state_cond,2,0.0302061974273566,0.10696081640177434
1501,state_cond,2,0.03507220802365115,0.11565498583895917
1502,state_cond,2,0.03398419808515518,0.11377962272263031
1503,state_cond,2,0.03091292253443886,0.10827689633340216
1504,state_cond,2,0.0369607933845948,0.11883344382850489
1505,state_cond,2,0.14162973745446075,0.227923409461028
1506,state_cond,2,0.11023077617770875,0.2030102736485475
1507,state_cond,2,0.06871141155210164,0.161939814962674
1508,state_cond,2,0.0546043322261866,0.14458523945516533
1509,state_cond,2,0.07166239086725686,0.16522293815701397
1510,state_cond,2,0.06549283453119795,0.15810418184660616
1511,state_cond,2,0.044350240387754314,0.13031284666731616
1512,state_cond,2,0.045090548934036585,0.131424572660869
1513,state_cond,2,0.06892243917184812,0.16211113455156248
1514,state_cond,2,0.0424056839683044,0.12739637306524781
1515,state_cond,2,0.037743935982897776,0.12006448272588202
1516,state_cond,2,0.03398223433912727,0.11373870572296962
1517,state_cond,2,0.05226840706737237,0.1415017564854081
1518,state_cond,2,0.0534321070180884,0.14304584180189484
1519,state_cond,2,0.030291802258429208,0.10708664237275767
1520,state_cond,2,0.04225222559060059,0.12719934291711418
1521,state_cond,2,0.03564955425597964,0.11659407450614347
1522,state_cond,2,0.036576830484379326,0.11816987897393634
1523,state_cond,2,0.05085853638398343,0.13962558929565816
1524,state_cond,2,0.0613455189151618,0.1531809182484998
1525,state_cond,2,0.06003806611410791,0.15154679730053844
1526,state_cond,2,0.031609742045880476,0.10952313948233967
1527,state_cond,2,0.04069481834214227,0.12480068194649137
1528,state_cond,2,0.06845118280290471,0.16160595777159895
1529,state_cond,2,0.04199405905497258,0.1267915179903099
1530,state_cond,2,0.04743111072174662,0.1348215082335593
1531,state_cond,2,0.06778777273007605,0.16083018227531884
1532,state_cond,2,0.09683126373952451,0.19083272659423892
1533,state_cond,2,0.03697019323451686,0.11876440766392009
1534,state_cond,2,0.12171759137797326,0.21229299882575842
1535,state_cond,2,0.12870864006097363,0.2177422050211419
1536,state_cond,2,0.0442044669100555,0.1300470059824166
1537,state_cond,2,0.0656646739676058,0.1582521632312107
1538,state_cond,2,0.09900690183048509,0.19269908403779484
1539,state_cond,2,0.12542546797589643,0.21502454728075548
1540,state_cond,2,0.0781773961139881,0.17212481290387618
1541,state_cond,2,0.03445272717547678,0.1144562273432992
1542,state_cond,2,0.07757392120338935,0.17147544797420822
1543,state_cond,2,0.09841299669263048,0.19208012767409585
1544,state_cond,2,0.059170941311373494,0.15027639300370246
1545,state_cond,2,0.049356410676849954,0.13740344061690002
1546,state_cond,2,0.03251243418500985,0.11106606010054748
1547,state_cond,2,0.05027355846359081,0.13872295757682598
1548,state_cond,2,0.069848962832415,0.16309144448153423
1549,state_cond,2,0.06075149967504142,0.15233803856345118
1550,state_cond,2,0.03848448378291462,0.12123440685939262
1551,state_cond,2,0.07719435171350122,0.1711708173439954
1552,state_cond,2,0.048737538828889676,0.13660286883815126
1553,state_cond,2,0.04423751426424694,0.13013700124535343
1554,state_cond,2,0.061646774927224854,0.15345012907605715
1555,state_cond,2,0.051331904613279716,0.1401891975055293
1556,state_cond,2,0.055647115885402755,0.14588666916056078
1557,state_cond,2,0.11847396347964124,0.21028211283423723
1558,state_cond,2,0.08868163341202794,0.18314077241791046
1559,state_cond,2,0.07771221463217909,0.1716487655723646
1560,state_cond,2,0.09959982538045531,0.19365838511221795
1561,state_cond,2,0.09854338589528637,0.19266569198207104
1562,state_cond,2,0.08657626395622163,0.1809695632016618
1563,state_cond,2,0.06199802242350102,0.15349759083937123
1564,state_cond,2,0.0827050961702831,0.17699904989818693
1565,state_cond,2,0.0958732959729139,0.19014409098818774
1566,state_cond,2,0.15308958289909982,0.23642148698185705
1567,state_cond,2,0.10699131907891914,0.20027565090062907
1568,state_cond,2,0.06426861656904206,0.1562515108967687
1569,state_cond,2,0.06337471902369542,0.15514499298029583
1570,state_cond,2,0.08065079800917821,0.1747979055613711
1571,state_cond,2,0.09378083226726056,0.188120862611908
1572,state_cond,2,0.1258567313874834,0.21625214830394393
1573,state_cond,2,0.09551596683157505,0.18971225286297147
1574,state_cond,2,0.135380188277588,0.22358467947595886
1575,state_cond,2,0.11623816402968648,0.208224622620773
1576,state_cond,2,0.07638257343811923,0.17006938544638084
1577,state_cond,2,0.14063915663098053,0.22744909962517043
1578,state_cond,2,0.09344868935192333,0.1876219993000272
1579,state_cond,2,0.073941129086956,0.16732252344403256
1580,state_cond,2,0.06210526234575489,0.1534720046817753
1581,state_cond,2,0.13158191397960098,0.22065476924071126
1582,state_cond,2,0.10098608364036216,0.19480166951996655
1583,state_cond,2,0.1187987248418512,0.21037058325476288
1584,state_cond,2,0.13583366370506525,0.2238455222774882
1585,state_cond,2,0.1109597503531847,0.20364338173364774
1586,state_cond,2,0.10787305026882067,0.2009051101152384
1587,state_cond,2,0.08675736123642647,0.18100573258274102
1588,state_cond,2,0.10749805125211648,0.20061647462419588
1589,state_cond,2,0.06020974493755586,0.1511349771824139
1590,state_cond,2,0.12162218039482536,0.2126773858933218
1591,state_cond,2,0.12107855372957406,0.21220766866773558
1592,state_cond,2,0.11303845827317319,0.20541187306466585
1593,state_cond,2,0.04843285184170974,0.13531583945720965
1594,state_cond,2,0.08358635081143412,0.17774612328406786
1595,state_cond,2,0.08168474370194942,0.17583334292939884
1596,state_cond,2,0.07223412221730725,0.16547204375287178
1597,state_cond,2,0.06938115304842239,0.16227752705424073
1598,state_cond,2,0.08444897696797254,0.1787458887086694
1599,state_cond,2,0.10780750524114761,0.2010478859534197
1600,state_cond,2,0.06461266098941096,0.15669961213034703
1601,state_cond,2,0.10157007775684446,0.1954483720657087
1602,state_cond,2,0.09241861238135307,0.1867784263552892
1603,state_cond,2,0.080149599660363,0.17425735600828798
1604,state_cond,2,0.10741288506963997,0.20067383652375995
1605,state_cond,2,0.12542734843446443,0.21586151398985148
1606,state_cond,2,0.1698599469732454,0.24780226110382947
1607,state_cond,2,0.15814134640938055,0.23974370380181628
1608,state_cond,2,0.13378133345793444,0.22218087248675308
1609,state_cond,2,0.09875945957510074,0.19257595312629527
1610,state_cond,2,0.14153873552534652,0.22790352354915128
1611,state_cond,2,0.14530323213861424,0.23045441201768072
1612,state_cond,2,0.07998934338056152,0.17383873745562603
1613,state_cond,2,0.11391309682384729,0.20611570467258059
1614,state_cond,2,0.12434965179488035,0.21476325526262072
1615,state_cond,2,0.0779888463372957,0.17166272423751835
1616,state_cond,2,0.1181915408657207,0.20975188024951144
1617,state_cond,2,0.11612243881818063,0.20800319147009935
1618,state_cond,2,0.11409153975037387,0.20626490798988215
1619,state_cond,2,0.09097082534552749,0.1856372317441106
1620,state_cond,2,0.04204674501711978,0.12536362239161472
1621,state_cond,2,0.07058272783950365,0.1636488389592344
1622,state_cond,2,0.06319310564827253,0.15471372368506775
1623,state_cond,2,0.02923659649663417,0.10328848770215575
1624,state_cond,2,0.05376784984932791,0.14247007470364945
1625,state_cond,2,0.06468001126669333,0.15662030736343246
1626,state_cond,2,0.05318566039842666,0.14161793558913413
1627,state_cond,2,0.06861705071131802,0.16132733333523655
1628,state_cond,2,0.12506410639909066,0.2160209520417488
1629,state_cond,2,0.024863064755000847,0.09446615810023061
1630,state_cond,2,0.06900956760843294,0.16178531634464322
1631,state_cond,2,0.030183081146025623,0.10509945050965351
1632,state_cond,2,0.05236070252814929,0.1405178902751343
1633,state_cond,2,0.04408834720319736,0.12852791406895198
1634,state_cond,2,0.049670343386302475,0.1368367220751721
1635,state_cond,2,0.04281853000454103,0.12661923449876628
1636,state_cond,2,0.06764332614336778,0.16022367833508822
1637,state_cond,2,0.03209540408587533,0.10867402495543223
1638,state_cond,2,0.05139142086282567,0.13922893238549247
1639,state_cond,2,0.04461588062357435,0.129344061176365
1640,state_cond,2,0.06380283016186712,0.1554903918349077
1641,state_cond,2,0.07191619276418716,0.1652273447630691
1642,state_cond,2,0.04216238728867985,0.125570949739953
1643,state_cond,2,0.07026764007378454,0.16326408341386695
1644,state_cond,2,0.02509078275548175,0.09498151102450748
1645,state_cond,2,0.05899676349503253,0.14945585516210727
1646,state_cond,2,0.03753405063054489,0.11816295766608978
1647,state_cond,2,0.024422943813688158,0.09359787581782825
1648,state_cond,2,0.030812815627107405,0.10632175316906382
1649,state_cond,2,0.02698548745366951,0.09886596996321115
1650,state_cond,2,0.03656496806087909,0.11659440373245603
1651,state_cond,2,0.03150553324766503,0.10760204212103076
1652,state_cond,2,0.04844078657517937,0.13512745540849258
1653,state_cond,2,0.050073373744315,0.13743357716509416
1654,state_cond,2,0.07834308352260935,0.17253301023724135
1655,state_cond,2,0.06482193984454267,0.15683134966909784
1656,state_cond,2,0.055494736509669185,0.14483268677224737
1657,state_cond,2,0.04540298999054533,0.13054656982763904
1658,state_cond,2,0.02628901576352151,0.09744750695432373
1659,state_cond,2,0.08827508182526593,0.1830223858683955
1660,state_cond,2,0.05019901870304414,0.13754046515817897
1661,state_cond,2,0.05141085399739117,0.13920176358792893
1662,state_cond,2,0.05938017809982929,0.14988096335614542
1663,state_cond,2,0.045851912027411214,0.13116260319126402
1664,state_cond,2,0.06047984836403674,0.15129685331609255
1665,state_cond,2,0.051715427892641205,0.13962162191414118
1666,state_cond,2,0.034527471060795366,0.11296137220866913
1667,state_cond,2,0.02963164899232317,0.10404148769075325
1668,state_cond,2,0.04199216877491814,0.1253352363950191
1669,state_cond,2,0.03370675691590803,0.11153518672468161
1670,state_cond,2,0.0977743610905124,0.19236417042807738
1671,state_cond,2,0.053206674126805735,0.14168017256807003
1672,state_cond,2,0.03722878814605442,0.11758675759223913
1673,state_cond,2,0.06744349578541085,0.15992143679370946
1674,state_cond,2,0.040333461656377065,0.12268216279928676
1675,state_cond,2,0.07637241995302144,0.17033843405410587
1676,state_cond,2,0.09395088678128612,0.18865579528259993
1677,state_cond,2,0.07354628288980437,0.16709608964528178
1678,state_cond,2,0.09628658922053208,0.190813019481559
1679,state_cond,2,0.09985543834267188,0.1942180194298869
1680,state_cond,2,0.08062191242435905,0.17488696952631363
1681,state_cond,2,0.045846848834968125,0.13104608282469288
1682,state_cond,2,0.09080647873258695,0.18545370536595981
1683,state_cond,2,0.09541967061812673,0.18996242170352926
1684,state_cond,2,0.012390483193124014,0.052842533863062896
1685,state_cond,2,0.0192375681652944,0.06809817865064753
1686,state_cond,2,0.007456301870894329,0.04852160689043745
1687,state_cond,2,0.008559449118811444,0.05258354330636805
1688,state_cond,2,0.009131795808279254,0.05479321550806195
1689,state_cond,2,0.005538575570797617,0.04030643536498046
1690,state_cond,2,0.016057276912882106,0.07540619903530726
1691,state_cond,2,0.006150245923275821,0.04040915389427764
1692,state_cond,2,0.01259969650288155,0.05339058230469066
1693,state_cond,2,0.008293186305170619,0.05184743215264003
1694,state_cond,2,0.010258219025749898,0.048778424508064445
1695,state_cond,2,0.006447301589679187,0.04112862956653369
1696,state_cond,2,0.012262478392397066,0.06507366956362584
1697,state_cond,2,0.005405054510862916,0.03973998929568934
1698,state_cond,2,0.016737155722396122,0.06287669828369613
1699,state_cond,2,0.005479477661639859,0.03905606082184483
1700,state_cond,2,0.005960986438452684,0.04004148647180095
1701,state_cond,2,0.008433338326800165,0.04546523533935298
1702,state_cond,2,0.006881688800771853,0.04241242728583672
1703,state_cond,2,0.008399524310336207,0.045399907926450586
1704,state_cond,2,0.005349879535626731,0.03895070612210401
1705,state_cond,2,0.009244238177601373,0.04688857883082204
1706,state_cond,2,0.006458280641257707,0.04458490392213839
1707,state_cond,2,0.005598273219187472,0.03920536981088312
1708,state_cond,2,0.013262222801740983,0.05494791167604546
1709,state_cond,2,0.006487800711153124,0.04141289624553081
1710,state_cond,2,0.0068924359043170316,0.042449179753128535
1711,state_cond,2,0.005247472062321209,0.039217991733801846
1712,state_cond,2,0.022570831188763383,0.07481669194244078
1713,state_cond,2,0.007664390272570878,0.044031781032632375
1714,state_cond,2,0.0052532018560837185,0.03883729063993967
1715,state_cond,2,0.005231146102732145,0.038986191558075756
1716,state_cond,2,0.008406396475485935,0.04548311544453264
1717,state_cond,2,0.006517171059062527,0.04155871802957664
1718,state_cond,2,0.01183464724341801,0.05197717522630205
1719,state_cond,2,0.0067582179433933005,0.0421707620260078
1720,state_cond,2,0.015059804705761551,0.059253272124493696
1721,state_cond,2,0.014240037388175211,0.05728488934247163
1722,state_cond,2,0.01243759868890743,0.053251745644618695
1723,state_cond,2,0.005254785574343614,0.03929613057046966
1724,state_cond,2,0.01858726369682019,0.06692223590036647
1725,state_cond,2,0.010472191074637432,0.04933079668425215
1726,state_cond,2,0.005383277154031467,0.03885266264522184
1727,state_cond,2,0.006171304525758106,0.040700459220141566
1728,state_cond,2,0.006978712423574563,0.046729499305637044
1729,state_cond,2,0.006688676249298672,0.04192779974214399
1730,state_cond,2,0.006885439308440896,0.042420380344123224
1731,state_cond,2,0.01328526582194893,0.05508618514035448
1732,state_cond,2,0.007560162215187047,0.043850774183030815
1733,state_cond,2,0.01747120199696128,0.06460484418831516
1734,state_cond,2,0.008032121768072702,0.04476427659250791
1735,state_cond,2,0.006580595711988801,0.04171682672946022
1736,state_cond,2,0.00708972242568157,0.04717987667441378
1737,state_cond,2,0.00590687033177459,0.04209389732829195
1738,state_cond,2,0.010208741522632974,0.0488408649800528
1739,state_cond,2,0.010018796924534727,0.048452956527803015
1740,state_cond,2,0.013567344039935881,0.05571473938845658
1741,state_cond,2,0.005431212277688405,0.03894608319519481
1742,state_cond,2,0.011883421873972207,0.05209856108889874
1743,state_cond,2,0.010724449888638696,0.04988861140554537
1744,state_cond,2,0.009408526293220521,0.047255121782130344
1745,state_cond,2,0.011072647555915154,0.05054148791545333
1746,state_cond,2,0.02305342955216418,0.07321354971895859
1747,state_cond,2,0.023002733731058368,0.07294244302840695
1748,state_cond,2,0.02465578959204744,0.0759869271540756
1749,state_cond,2,0.01592017049072738,0.05980831002226781
1750,state_cond,2,0.03938868039867721,0.10029648729900763
1751,state_cond,2,0.019539912353064643,0.06653645982940898
1752,state_cond,2,0.031043985967420668,0.08697816244194645
1753,state_cond,2,0.03099817148730961,0.08691803780231386
1754,state_cond,2,0.020355151063074912,0.0680869257130645
1755,state_cond,2,0.031171355275099448,0.08711938935943352
1756,state_cond,2,0.009349640529076914,0.04871813522323049
1757,state_cond,2,0.009363030937649728,0.054993048853062255
1758,state_cond,2,0.0101445760461408,0.050352804853555484
1759,state_cond,2,0.019286355124122783,0.06596468038608831
1760,state_cond,2,0.03689796842048481,0.09648666163412055
1761,state_cond,2,0.035615492358095226,0.09446883360751657
1762,state_cond,2,0.02837280047597831,0.08262377541847613
1763,state_cond,2,0.032485544071599884,0.08936889139744834
1764,state_cond,2,0.028903770244216656,0.08353371037233437
1765,state_cond,2,0.019162205034940736,0.06585600116106342
1766,state_cond,2,0.0290871200300315,0.08382453419713631
1767,state_cond,2,0.0214391029581359,0.07012195902501736
1768,state_cond,2,0.016615835718863704,0.061018489792442045
1769,state_cond,2,0.0379949756158269,0.09826238978018127
1770,state_cond,2,0.03234023242917005,0.08914441701244158
1771,state_cond,2,0.03499467224469909,0.09345322504678301
1772,state_cond,2,0.020777455400199242,0.06892258486901044
1773,state_cond,2,0.014306458549929775,0.05699135790374242
1774,state_cond,2,0.031661566542959395,0.08800658185336288
1775,state_cond,2,0.03727596430610095,0.09709818790526517
1776,state_cond,2,0.027133201988019863,0.08046581377914866
1777,state_cond,2,0.030779548051314793,0.08656897080608851
1778,state_cond,2,0.012999976772346876,0.05513745170611057
1779,state_cond,2,0.026285525600967478,0.07894109801069325
1780,state_cond,2,0.009374430616933094,0.048839297068460956
1781,state_cond,2,0.012563734558592271,0.05459115606045056
1782,state_cond,2,0.029937105565655677,0.08517855597793507
1783,state_cond,2,0.029210356541971527,0.08396850970119334
1784,state_cond,2,0.02846906965432727,0.08273375477643632
1785,state_cond,2,0.026664622896621727,0.07958798669208844
1786,state_cond,2,0.018662628486977667,0.06487349971501198
1787,state_cond,2,0.011478023759388568,0.052950895857093484
1788,state_cond,2,0.04004250539580668,0.1012576857809908
1789,state_cond,2,0.017007138348941984,0.061806697738480014
1790,state_cond,2,0.009379245673000983,0.05503257309609674
1791,state_cond,2,0.014379309862823557,0.05716107029203718
1792,state_cond,2,0.05286166773119462,0.1396462799892803
1793,state_cond,2,0.009310635721894776,0.04867314147148195
1794,state_cond,2,0.0351005347328533,0.1126589466324361
1795,state_cond,2,0.014309827544398933,0.056951095327197755
1796,state_cond,2,0.05978850852638941,0.14894872367971476
1797,state_cond,2,0.014131343395576606,0.05667895432983062
1798,state_cond,2,0.05432421226205024,0.14149455520841872
1799,state_cond,2,0.010925045583344686,0.05189616734487175
1800,state_cond,2,0.02885974523884244,0.08328954791760816
1801,state_cond,2,0.011977203370658924,0.06278496088213249
1802,state_cond,2,0.010189863680225083,0.050441110387585426
1803,state_cond,2,0.011109593290789097,0.06053893382986299
1804,state_cond,2,0.02796501591421195,0.08175394985302659
1805,state_cond,2,0.018079837252588566,0.06376440972399737
1806,state_cond,2,0.01396409238332133,0.05651317963306912
1807,state_cond,2,0.013474451847532683,0.055860393023672905
1808,state_cond,2,0.02460355604924564,0.0758856585208523
1809,state_cond,2,0.013979648687918221,0.05726863413365157
1810,state_cond,2,0.00999253328021206,0.05096785464941533
1811,state_cond,2,0.013381722357241268,0.05638010531539899
1812,state_cond,2,0.015731190851366955,0.05991792923154372
1813,state_cond,2,0.017475857884145338,0.06285895315252345
1814,state_cond,2,0.017768081187657384,0.06335876153270409
1815,state_cond,2,0.014072813841921083,0.05739441624834907
1816,state_cond,2,0.015784911816402326,0.05998560710454569
1817,state_cond,2,0.026249553392215155,0.07799856935509956
1818,state_cond,2,0.016034490046540402,0.06040905806853368
1819,state_cond,2,0.020713573174609864,0.06834280597824943
1820,state_cond,2,0.017026916665519757,0.06209299945433644
1821,state_cond,2,0.014670457930991438,0.05821936266736693
1822,state_cond,2,0.01439981210574902,0.05782184645320307
1823,state_cond,2,0.020928428517051966,0.06877784324587542
1824,state_cond,2,0.009607747206130446,0.05307548133537497
1825,state_cond,2,0.009805222002360678,0.05487233681351341
1826,state_cond,2,0.02807736734632216,0.0810069685730457
1827,state_cond,2,0.02266323587276702,0.07171107712087976
1828,state_cond,2,0.0202245793976279,0.06743041367764818
1829,state_cond,2,0.009625657956368395,0.05290546937666039
1830,state_cond,2,0.010000140154100126,0.05625816814767364
1831,state_cond,2,0.009985788749552789,0.05592397102035129
1832,state_cond,2,0.02850755789984893,0.08172164564570472
1833,state_cond,2,0.02064311120954827,0.06831189049707072
1834,state_cond,2,0.01582998596467632,0.060068154304010676
1835,state_cond,2,0.018289079689480476,0.06428038169306288
1836,state_cond,2,0.016768246437277656,0.061678524188770005
1837,state_cond,2,0.010171519580984549,0.05091778110508968
1838,state_cond,2,0.023701727275245034,0.07354574798628997
1839,state_cond,2,0.014574981203640747,0.05815823939092105
1840,state_cond,2,0.035768015491963456,0.09317318578205881
1841,state_cond,2,0.01984747245920889,0.06692127845999284
1842,state_cond,2,0.012252384183598282,0.0545200341659219
1843,state_cond,2,0.011028249386725544,0.05215507829954504
1844,state_cond,2,0.011010100099728488,0.05213843886858013
1845,state_cond,2,0.011734956216951758,0.0535697755874444
1846,state_cond,2,0.017616894620189356,0.06308768344042594
1847,state_cond,2,0.02330555930891926,0.07283374463369395
1848,state_cond,2,0.02043112668190626,0.06794380267939074
1849,state_cond,2,0.009725303232656687,0.05229369599254035
1850,state_cond,2,0.022566471350914535,0.07152672253247293
1851,state_cond,2,0.028152688228531394,0.0810836084748203
1852,state_cond,2,0.011673415304858329,0.05345941916557833
1853,state_cond,2,0.017623958255600314,0.06308165999822113
1854,state_cond,2,0.023808658378345976,0.07372842890724719
1855,state_cond,2,0.01902714008944292,0.06556518293467166
1856,state_cond,2,0.020490220417340086,0.06804571756835247
1857,state_cond,2,0.018622907192847225,0.06487123356744444
1858,state_cond,2,0.024580944467725036,0.07506939272395849
1859,state_cond,2,0.015391170663250735,0.05933007300702815
1860,state_cond,2,0.02573039118926902,0.07699919953121283
1861,state_cond,2,0.014260469881789414,0.05763797871672629
1862,state_cond,2,0.014826045816906086,0.058451610494346586
1863,state_cond,2,0.015436052593655276,0.05938175095207508
1864,state_cond,2,0.00964835721538065,0.052175896133255344
1865,state_cond,2,0.01299949634959451,0.055774951636790984
1866,state_cond,2,0.018837047662448498,0.06523050761265942
1867,state_cond,2,0.017916683570332603,0.0636293871214562
1868,state_cond,2,0.01546727499622299,0.0594633402987046
1869,state_cond,2,0.03705735861563886,0.09511239126271617
1870,state_cond,2,0.11257980238774679,0.17529236803610465
1871,state_cond,2,0.12338883051459872,0.18374867156061805
1872,state_cond,2,0.07581735179107624,0.1421988017177367
1873,state_cond,2,0.07424716492761507,0.14052567226274146
1874,state_cond,2,0.11582712618579157,0.1778050889885655
1875,state_cond,2,0.1117385064188394,0.1746083865398865
1876,state_cond,2,0.12735981703942212,0.18673541757197293
1877,state_cond,2,0.10852228267652868,0.1721063643025259
1878,state_cond,2,0.11049326846972705,0.173737243606984
1879,state_cond,2,0.06312438523429828,0.1285391798742737
1880,state_cond,2,0.13045688874436226,0.1891161514104625
1881,state_cond,2,0.0982938580931883,0.1635704560887142
1882,state_cond,2,0.10653172865536745,0.17057411043734613
1883,state_cond,2,0.13284371982584536,0.1909589049041243
1884,state_cond,2,0.08690479684505827,0.15333243181810358
1885,state_cond,2,0.1338087877082587,0.19162990698943294
1886,state_cond,2,0.08982275297904722,0.1560766258241228
1887,state_cond,2,0.12396840192021144,0.18438891840145652
1888,state_cond,2,0.0788664648366224,0.14550945003645213
1889,state_cond,2,0.12155070530698679,0.18251670479511536
1890,state_cond,2,0.12550816103678783,0.18557020769588795
1891,state_cond,2,0.10502303125970189,0.1693611171140835
1892,state_cond,2,0.08338594942526363,0.14994537166992952
1893,state_cond,2,0.1286497662826374,0.18784025949957295
1894,state_cond,2,0.11209333592143375,0.1750890965876945
1895,state_cond,2,0.1239504730807306,0.18434491653541982
1896,state_cond,2,0.09612382943458597,0.16167439084635932
1897,state_cond,2,0.08629676885730939,0.15275040925010966
1898,state_cond,2,0.11362195527081137,0.17625815266866765
1899,state_cond,2,0.13164127470852374,0.19004248797962733
1900,state_cond,2,0.12393937029410573,0.18429543530150402
1901,state_cond,2,0.046078933441836584,0.10732923386255429
1902,state_cond,2,0.0998690480854017,0.16481531691923945
1903,state_cond,2,0.07554645776798244,0.14193671211284656
1904,state_cond,2,0.10707707155576324,0.17085402456353008
1905,state_cond,2,0.10984386055718749,0.1731153992085292
1906,state_cond,2,0.05366860262125675,0.11732470678295505
1907,state_cond,2,0.11965145197011406,0.18081189351052784
1908,state_cond,2,0.10749650078376909,0.17120674333376845
1909,state_cond,2,0.10583323062647179,0.16982211904822994
1910,state_cond,2,0.12266457664050705,0.1831936564455291
1911,state_cond,2,0.13041713868157218,0.18906788201423544
1912,state_cond,2,0.10468293425874058,0.16892544416819122
1913,state_cond,2,0.07040887140165061,0.136615056771135
1914,state_cond,2,0.11335753248518776,0.17592511470908598
1915,state_cond,2,0.08216681374992359,0.14858580450299858
1916,state_cond,2,0.09778486058359939,0.1629088778558077
1917,state_cond,2,0.08235703445610319,0.1486899732184182
1918,state_cond,2,0.10745210596037601,0.1711073342420389
1919,state_cond,2,0.11675975419303093,0.17854191404665576
1920,state_cond,2,0.13049769889088475,0.1890376062900553
1921,state_cond,2,0.10441174634333172,0.16863577269396277
1922,state_cond,2,0.1399574655912996,0.19585803088027337
1923,state_cond,2,0.06154016829469233,0.12671051688956872
1924,state_cond,2,0.1141685617293575,0.17657491768276168
1925,state_cond,2,0.10164060324302099,0.16630522857327404
1926,state_cond,2,0.09713634126895006,0.1624081310882548
1927,state_cond,2,0.08420752315835645,0.15052132645164043
1928,state_cond,2,0.08359290791939321,0.14992751624230835
1929,state_cond,2,0.11388984440936115,0.17626471069402375
1930,state_cond,2,0.07798030325634817,0.1442882439697891
1931,state_cond,2,0.11515037209152879,0.17722935536125076
1932,state_cond,2,0.123071142264792,0.18338618022591713
1933,state_cond,2,0.05123770339280245,0.11418377592952188
1934,state_cond,2,0.11215256175963413,0.17576589250749566
1935,state_cond,2,0.1092500369986374,0.1736015947222594
1936,state_cond,2,0.14656823968128274,0.20137352576667494
1937,state_cond,2,0.12964642737464147,0.1895471442064378
1938,state_cond,2,0.1669915860488459,0.21439572096567325
1939,state_cond,2,0.13310921402924444,0.19200886851094157
1940,state_cond,2,0.14248451889344727,0.19866381872460312
1941,state_cond,2,0.14669436846402387,0.2015102723153615
1942,state_cond,2,0.12267436866406468,0.18432772180632948
1943,state_cond,2,0.09558090889488309,0.16238581641590058
1944,state_cond,2,0.11459825043856649,0.17795928484217188
1945,state_cond,2,0.1141619394775639,0.17759351165344991
1946,state_cond,2,0.09665915478151882,0.16316919755871054
1947,state_cond,2,0.1081371293588509,0.1727273560447468
1948,state_cond,2,0.07204511551479797,0.139552037793881
1949,state_cond,2,0.08950153437895483,0.1567772770363343
1950,state_cond,2,0.1308068314489423,0.1903006211063094
1951,state_cond,2,0.11658328213404566,0.17947519740520224
1952,state_cond,2,0.13443175319017556,0.1929382934574608
1953,state_cond,2,0.025247011569874564,0.07716459384293321
1954,state_cond,2,0.15491309315268195,0.20677695484483627
1955,state_cond,2,0.1577111702086328,0.20861810675711198
1956,state_cond,2,0.1335232241144153,0.19235044848002922
1957,state_cond,2,0.178867042079529,0.22144037537677513
1958,state_cond,2,0.16546081887370023,0.21351427169538303
1959,state_cond,2,0.16452782428038665,0.21294773220918753
1960,state_cond,2,0.14608964690237422,0.20107964403652234
1961,state_cond,2,0.15573152780905195,0.20741979690303322
1962,state_cond,2,0.1332488169149458,0.19216775588568766
1963,state_cond,2,0.18723423653590934,0.22622729312621453
1964,state_cond,2,0.13990525331087103,0.19692418823910732
1965,state_cond,2,0.1883955415702564,0.22687840227849906
1966,state_cond,2,0.1713511768868851,0.21713407461758666
1967,state_cond,2,0.18018138292743738,0.22228873236491067
1968,state_cond,2,0.1758968042734422,0.21982614186104063
1969,state_cond,2,0.16293249161290407,0.21204853560854872
1970,state_cond,2,0.14758899262438255,0.20219900035590177
1971,state_cond,2,0.16951559951878753,0.21606305088506997
1972,state_cond,2,0.17536559662203394,0.21953703044754386
1973,state_cond,2,0.15658779311556187,0.20812187978592023
1974,state_cond,2,0.1659532406660917,0.21393434055808883
1975,state_cond,2,0.16618747328384642,0.21411444743508062
1976,state_cond,2,0.18038595446900968,0.2224673012558729
1977,state_cond,2,0.16853552072322103,0.2155454595041039
1978,state_cond,2,0.17315127428397872,0.2182989630442775
1979,state_cond,2,0.15462324705903385,0.20690635728046244
1980,state_cond,2,0.12316153481826825,0.18490556836054003
1981,state_cond,2,0.16483368401243778,0.2132801639342001
1982,state_cond,2,0.19162332484036848,0.22878877345118256
1983,state_cond,2,0.1732081022896549,0.21837866715452456
1984,state_cond,2,0.18500494769232306,0.22518759002367397
1985,state_cond,2,0.16035583949413373,0.21062707210789716
1986,state_cond,2,0.19575976665217262,0.23113491002096648
1987,state_cond,2,0.1415262709707814,0.19832600940082437
1988,state_cond,2,0.1867690474543642,0.2262015036709038
1989,state_cond,2,0.20006602895206782,0.2334851042106727
1990,state_cond,2,0.12917751762637442,0.1895647655907384
1991,state_cond,2,0.18963780042402867,0.2278021680905999
1992,state_cond,2,0.1787284570428173,0.2216687054955007
1993,state_cond,2,0.20460908968232147,0.23592352247036294
1994,state_cond,2,0.19759493112231397,0.23219008408207695
1995,state_cond,2,0.09578888922718032,0.16056470535800457
1996,state_cond,2,0.08144599734090434,0.1469614488865696
1997,state_cond,2,0.09705052742058255,0.16141057826944213
1998,state_cond,2,0.06330375025283619,0.12814094577718566
1999,state_cond,2,0.07030274351004448,0.13571932238692005
2000,state_cond,2,0.0843549045956973,0.14979658243175248
2001,state_cond,2,0.06763448843577503,0.13288106513732953
2002,state_cond,2,0.05865928269254692,0.1228006917870311
2003,state_cond,2,0.08102609439870821,0.14656464971205246
2004,state_cond,2,0.06106992766564953,0.1256148458029754
2005,state_cond,2,0.035846175168565676,0.09242978161242596
2006,state_cond,2,0.039124933454897474,0.09721251134928205
2007,state_cond,2,0.056778262243957094,0.12048476202603396
2008,state_cond,2,0.07696988895482082,0.14254442927289118
2009,state_cond,2,0.09922308959415299,0.16327370717016293
2010,state_cond,2,0.06218195745514783,0.12686920591814352
2011,state_cond,2,0.06367996807297086,0.12854816765574165
2012,state_cond,2,0.09301504286281029,0.15784245187499762
2013,state_cond,2,0.10992837343225886,0.17219523474552845
2014,state_cond,2,0.07609913773010162,0.14175075035179924
2015,state_cond,2,0.09140918013736854,0.15643752672190375
2016,state_cond,2,0.11868876566647009,0.17912366441540925
2017,state_cond,2,0.05215162529951674,0.11480105568517383
2018,state_cond,2,0.06997108639738743,0.1353971904648716
2019,state_cond,2,0.09120674086043769,0.15624738898740173
2020,state_cond,2,0.07936581363860117,0.14498747514326513
2021,state_cond,2,0.09383444023938867,0.15864672918576603
2022,state_cond,2,0.08893645392446664,0.15418927561342713
2023,state_cond,2,0.08023064105270918,0.14583450838111256
2024,state_cond,2,0.08826127873289642,0.15354131100480595
2025,state_cond,2,0.08940132304154129,0.1546046768185794
2026,state_cond,2,0.06043994758389464,0.12490261801538306
2027,state_cond,2,0.10581577184629111,0.16888362218310232
2028,state_cond,2,0.12780455633513008,0.1859543637038229
2029,state_cond,2,0.0716940220136824,0.1372707236750572
2030,state_cond,2,0.08622675645269293,0.15167128970147237
2031,state_cond,2,0.10196118084363605,0.16576154657403114
2032,state_cond,2,0.1072073500157058,0.17010703293303067
2033,state_cond,2,0.09929157376078707,0.16354068629591229
2034,state_cond,2,0.07998767484979054,0.14566486812212695
2035,state_cond,2,0.09311616873845431,0.15810277724469318
2036,state_cond,2,0.10369165568893372,0.1672705642656514
2037,state_cond,2,0.10185725028703507,0.1657339022179407
2038,state_cond,2,0.083492414189288,0.14915699581697997
2039,state_cond,2,0.10842337418763356,0.1711694309350721
2040,state_cond,2,0.11727008146091303,0.17821133376633233
2041,state_cond,2,0.10431356918722338,0.16788642941757295
2042,state_cond,2,0.07165901335051349,0.13734805341926348
2043,state_cond,2,0.0999315007571926,0.1641760512271531
2044,state_cond,2,0.09769822174830778,0.1622543905105079
2045,state_cond,2,0.11531135632636214,0.17669781204013035
2046,state_cond,2,0.10838984926039615,0.1712023681362571
2047,state_cond,2,0.044121456409852794,0.10420852260125439
2048,state_cond,2,0.08668526868495162,0.15217933815632015
2049,state_cond,2,0.11574219715212959,0.17707338831871355
2050,state_cond,2,0.1045217261971199,0.16810365006017705
2051,state_cond,2,0.11951290637521385,0.1800304939469058
2052,state_cond,2,0.11593646724758844,0.17730679658295387
2053,state_cond,2,0.06619162115542489,0.1315509298474215
2054,state_cond,2,0.0708335925861453,0.13653973279902126
2055,state_cond,2,0.11115541633307105,0.17351229113994865
2056,state_cond,2,0.27388295051799244,0.26627453837248427
2057,state_cond,2,0.23614142390235238,0.24947379299440572
2058,state_cond,2,0.2154310378564683,0.23938341278691663
2059,state_cond,2,0.23220696563635593,0.24762190187379549
2060,state_cond,2,0.21757958974253297,0.24045778380611746
2061,state_cond,2,0.19565721865204688,0.2290204953203996
2062,state_cond,2,0.25604308097082495,0.25853130249471645
2063,state_cond,2,0.23881102212097896,0.25070839280323404
2064,state_cond,2,0.21241197383364174,0.2378296802751713
2065,state_cond,2,0.20710060889975143,0.2350899997556273
2066,state_cond,2,0.21691120826615212,0.24009668763581846
2067,state_cond,2,0.02039375054382887,0.06892695187547111
2068,state_cond,2,0.20101605624476385,0.23184055993017938
2069,state_cond,2,0.1694615737616842,0.21387920117747863
2070,state_cond,2,0.21149185249477997,0.23737814466277066
2071,state_cond,2,0.23420526423190102,0.2485718972258351
2072,state_cond,2,0.26379628043635533,0.26188125299568976
2073,state_cond,2,0.2579960210832464,0.2593691808865829
2074,state_cond,2,0.25338771886722994,0.2573339630797994
2075,state_cond,2,0.2403607560208898,0.2514402066791076
2076,state_cond,2,0.22384560898252417,0.24356337975456396
2077,state_cond,2,0.23093704816595376,0.2469900055987232
2078,state_cond,2,0.23278768442322387,0.2478994469555186
2079,state_cond,2,0.20985464307658988,0.2365487596363644
2080,state_cond,2,0.23255148196996644,0.24779191799819417
2081,state_cond,2,0.23221343500583339,0.24764284220748678
2082,state_cond,2,0.21166381570941592,0.23747997673297855
2083,state_cond,2,0.2468608710262776,0.2544338019571231
2084,state_cond,2,0.2263031045604173,0.24478821289097075
2085,state_cond,2,0.27107427419415003,0.264978325611732
2086,state_cond,2,0.2512396119104082,0.25640108556475216
2087,state_cond,2,0.24712695052457376,0.2545572333067795
2088,state_cond,2,0.23282474506899212,0.24791713730542975
2089,state_cond,2,0.26026253545251093,0.26035898884459424
2090,state_cond,2,0.23503356083439686,0.24894363140995607
2091,state_cond,2,0.23195164854192554,0.2474762403065087
2092,state_cond,2,0.25134825347070816,0.25641470376791453
2093,state_cond,2,0.08986221528154688,0.15492792926261204
2094,state_cond,2,0.25187707048100877,0.25660958593252964
2095,state_cond,2,0.2091042711263729,0.23612703589958114
2096,state_cond,2,0.2104463480115925,0.2368230511217171
2097,state_cond,2,0.27308645190704334,0.2658024977276334
2098,state_cond,2,0.21680987825018103,0.24007310856821992
2099,state_cond,2,0.21858202355723957,0.24097200483982392
2100,state_cond,2,0.24789965466279212,0.2548993657500549
2101,state_cond,2,0.24743523474699855,0.2546529085665644
2102,state_cond,2,0.2257538356938359,0.24450504340764148
2103,state_cond,2,0.2006705758703,0.23169341079383288
2104,state_cond,2,0.2041286006606991,0.23353253550734931
2105,state_cond,2,0.22574152396788394,0.2445005161863276
2106,state_cond,2,0.27060259329339187,0.26479732265495504
2107,state_cond,2,0.23398207940863391,0.24848165595284757
2108,state_cond,2,0.16403208708747036,0.21055883444173756
2109,state_cond,2,0.1800689439215443,0.2202206535679478
2110,state_cond,2,0.2547948215504094,0.25798589586114706
2111,state_cond,2,0.23696276384272247,0.2498954572076261
2112,state_cond,2,0.2429289782985386,0.25264776019592966
2113,state_cond,2,0.25158985507189147,0.25656032414591046
2114,state_cond,2,0.24852281673294185,0.25518391912835947
2115,state_cond,2,0.1605285012735058,0.20831893182576108
2116,state_cond,2,0.2537437990618852,0.2574803501365214
2117,state_cond,2,0.22440148698391632,0.2438571674402503
2118,state_cond,2,0.2228436483307449,0.24308609059750208
2119,state_cond,2,0.23229486308281871,0.2463658893659075
2120,state_cond,2,0.22505860395360405,0.24304402951294785
2121,state_cond,2,0.24598157140760102,0.25314272844413893
2122,state_cond,2,0.25728685210354263,0.2583203017458912
2123,state_cond,2,0.2243958578666794,0.24277460801474185
2124,state_cond,2,0.1704515086342084,0.2127343833835985
2125,state_cond,2,0.2186776992657728,0.23984836289266015
2126,state_cond,2,0.24354916061079215,0.2520394627413888
2127,state_cond,2,0.2202075033906859,0.24066986069810725
2128,state_cond,2,0.20599889757711645,0.23326078509890874
2129,state_cond,2,0.1620193876755965,0.20740306477269838
2130,state_cond,2,0.27149603299293706,0.26457565286914464
2131,state_cond,2,0.25213005145440714,0.2560757712988311
2132,state_cond,2,0.2482193016084698,0.25429867104246845
2133,state_cond,2,0.12038260878862109,0.17840099253567088
2134,state_cond,2,0.2172575788496781,0.23916393773122427
2135,state_cond,2,0.22814676883008667,0.24467031201312336
2136,state_cond,2,0.2295442913846281,0.2453512241565092
2137,state_cond,2,0.20200040718616144,0.2311066456917514
2138,state_cond,2,0.22716536319627129,0.24416954683132036
2139,state_cond,2,0.26343096183503006,0.2611001825786756
2140,state_cond,2,0.2100475136806758,0.23545477160154255
2141,state_cond,2,0.27012899274259544,0.26403455459370967
2142,state_cond,2,0.19061930580295036,0.22484374156699785
2143,state_cond,2,0.15176449245895693,0.2007378935732781
2144,state_cond,2,0.07120036651830886,0.1350927457085964
2145,state_cond,2,0.13906604580574608,0.19200318833953464
2146,state_cond,2,0.27389552172385095,0.2655345841370815
2147,state_cond,2,0.21544845828642725,0.23820785212965248
2148,state_cond,2,0.2643861353009939,0.2614756482564792
2149,state_cond,2,0.2503362001102924,0.25520312300974973
2150,state_cond,2,0.23028239403692075,0.2457225583429899
2151,state_cond,2,0.2496380562030932,0.25491292612222927
2152,state_cond,2,0.2543172740424907,0.25705555668614083
2153,state_cond,2,0.2435952564350696,0.2521505195290578
2154,state_cond,2,0.25428945535202147,0.25707709585235233
2155,state_cond,2,0.25054083965580165,0.25538831152911107
2156,state_cond,2,0.22426699235791187,0.24282816581656166
2157,state_cond,2,0.23698215264041678,0.24903341077035035
2158,state_cond,2,0.26106528551440145,0.2601285592570424
2159,state_cond,2,0.2509772414684725,0.25562270365363493
2160,state_cond,2,0.24870805182552486,0.25458041110877644
2161,state_cond,2,0.2499926849973857,0.2551735807709024
2162,state_cond,2,0.24689318850497352,0.25375387752981055
2163,state_cond,2,0.2451031207912894,0.25292799365007756
2164,state_cond,2,0.2563221944473944,0.25806498458990956
2165,state_cond,2,0.1714444327154913,0.21356842490620315
2166,state_cond,2,0.21908392440881289,0.24024153948720675
2167,state_cond,2,0.20870400801230837,0.23485482635332472
2168,state_cond,2,0.1656052123865594,0.20985188401266044
2169,state_cond,2,0.2749894260554803,0.26614935685445884
2170,state_cond,2,0.03490211261225719,0.09061038386477975
2171,state_cond,2,0.2250365485827373,0.24312386459641375
2172,state_cond,2,0.21517409519674108,0.2381565155940482
2173,state_cond,2,0.19085381651610608,0.2249586420930488
2174,state_cond,2,0.2674694731683169,0.2628953752485351
2175,state_cond,2,0.24704256625642274,0.2537773588719009
2176,state_cond,2,0.2067590399053236,0.23375753019522535
2177,state_cond,2,0.2518199547525479,0.25597881599922767
2178,state_cond,2,0.19230265532521937,0.22586753985845923
2179,state_cond,2,0.2364598806389284,0.24878762086426312
2180,state_cond,2,0.23385938475935286,0.24755458779102446
2181,state_cond,2,0.2089136633881362,0.2349245483415736
2182,state_cond,2,0.2244319880221383,0.2428968046672408
2183,state_cond,2,0.24159239193460919,0.2512366611187362
2184,state_cond,2,0.23146038019048074,0.24636810598444886
2185,state_cond,2,0.1655767366525923,0.20864376245222463
2186,state_cond,2,0.23438194983216531,0.24681932528472486
2187,state_cond,2,0.19328492410431294,0.22505743229961392
2188,state_cond,2,0.2965220277478953,0.2743765563598345
2189,state_cond,2,0.2217135762212197,0.24050740421190808
2190,state_cond,2,0.22542436150203327,0.24238257494502213
2191,state_cond,2,0.26152814373990785,0.25954834977180385
2192,state_cond,2,0.21267878729533338,0.23582062690600625
2193,state_cond,2,0.30666970007134364,0.27843511095001067
2194,state_cond,2,0.2098924849810508,0.23444348682978267
2195,state_cond,2,0.23347561053965574,0.2465297392031742
2196,state_cond,2,0.2506529744162662,0.2547206228451921
2197,state_cond,2,0.2436445294105451,0.25145113380312734
2198,state_cond,2,0.2442319734039012,0.2517355551344381
2199,state_cond,2,0.20092423788468533,0.22958313550243212
2200,state_cond,2,0.23253986618573957,0.24605002439057716
2201,state_cond,2,0.2208291273000853,0.24017021461291327
2202,state_cond,2,0.2532405104828605,0.2558897283495289
2203,state_cond,2,0.19289471370303643,0.22504546375019524
2204,state_cond,2,0.2710902504859915,0.26384000994105306
2205,state_cond,2,0.19345283875624297,0.22537274403606863
2206,state_cond,2,0.24752799264790082,0.253234968942378
2207,state_cond,2,0.1876461463186874,0.22198707340540108
2208,state_cond,2,0.2388130050716644,0.24907805156259064
2209,state_cond,2,0.1751224213658652,0.21455205556119003
2210,state_cond,2,0.2537297934166641,0.2560681668099403
2211,state_cond,2,0.4728764888112293,0.3332916478940974
2212,state_cond,2,0.05974038576047396,0.12146934864342554
2213,state_cond,2,0.23027437656017047,0.24505003220537627
2214,state_cond,2,0.2558981680518207,0.2572397723070594
2215,state_cond,2,0.23666422326109018,0.2482251186299452
2216,state_cond,2,0.2356370302768419,0.2477231412383974
2217,state_cond,2,0.22951480271332467,0.24472897097865323
2218,state_cond,2,0.25908059735103406,0.2586843224125742
2219,state_cond,2,0.22306865493545985,0.24154643676501866
2220,state_cond,2,0.20914670047231795,0.23425960687512087
2221,state_cond,2,0.19439563791115452,0.22611654264430375
2222,state_cond,2,0.27886508139732386,0.2673103542126807
2223,state_cond,2,0.280058057754135,0.2678422309601747
2224,state_cond,2,0.24700715810652582,0.2532469647693497
2225,state_cond,2,0.23713605014622569,0.24856871174275713
2226,state_cond,2,0.2423429013551077,0.25106189887045094
2227,state_cond,2,0.243703707055729,0.2517069597789765
2228,state_cond,2,0.1849664135497737,0.22076934910759113
2229,state_cond,2,0.22094632397309102,0.24049223028517547
2230,state_cond,2,0.21755580358484328,0.23872502032026932
2231,state_cond,2,0.2663144449368409,0.26194906654554356
2232,state_cond,2,0.26815240677857555,0.2627686245363819
2233,state_cond,2,0.19072222600040667,0.22410586378328212
2234,state_cond,2,0.21565862840182334,0.23771685973255888
2235,state_cond,2,0.2406857240496861,0.25019778466354947
2236,state_cond,2,0.2113552567450869,0.23543915099941037
2237,state_cond,2,0.19875286550552812,0.22855384523558536
2238,state_cond,2,0.2196729071382873,0.23973780226647928
2239,state_cond,2,0.20963520895123375,0.23444977561051433
2240,state_cond,2,0.09979140420496826,0.1612567230929799
2241,state_cond,2,0.24062384148294497,0.24999999096651165
2242,state_cond,2,0.18429311265372028,0.22004528324640674
2243,state_cond,2,0.2317203845273733,0.2457394342023766
2244,state_cond,2,0.2923277254156217,0.27283567841765577
2245,state_cond,2,0.25087807791899397,0.25494983061022913
2246,state_cond,2,0.20912277076732697,0.23422048371714135
2247,state_cond,2,0.20878352303714695,0.23399258475510382
2248,state_cond,2,0.059390471280082006,0.12225558705402452
2249,state_cond,2,0.050078613602047545,0.11077767921258108
2250,state_cond,2,0.07162586594843683,0.13592854161286688
2251,state_cond,2,0.033451232901767235,0.08802013607777387
2252,state_cond,2,0.06540480303102136,0.12922815427337306
2253,state_cond,2,0.04930388421887144,0.10979496311991226
2254,state_cond,2,0.02677375948876038,0.0791107746599724
2255,state_cond,2,0.07579103601240382,0.14011575183087077
2256,state_cond,2,0.06397606729260347,0.12762336958431914
2257,state_cond,2,0.06463111209314558,0.12836248774537073
2258,state_cond,2,0.05255548438821498,0.11384738433162057
2259,state_cond,2,0.06782254549176321,0.13186488539482963
2260,state_cond,2,0.07040587966469655,0.13464938048520245
2261,state_cond,2,0.053962480773819994,0.11564718981287501
2262,state_cond,2,0.07247827002570323,0.13679926069954573
2263,state_cond,2,0.050733517238348076,0.1115630861637606
2264,state_cond,2,0.06527913783047147,0.12912189851628406
2265,state_cond,2,0.06815823278357822,0.1322862618884383
2266,state_cond,2,0.05546082102196276,0.11753239674863332
2267,state_cond,2,0.06770149095131424,0.13177920457279632
2268,state_cond,2,0.054252926258717485,0.11601112218282081
2269,state_cond,2,0.05385614047116143,0.11549352874955057
2270,state_cond,2,0.07046834270013917,0.13473781735262885
2271,state_cond,2,0.0803111562459915,0.14456300590893162
2272,state_cond,2,0.10519131949409102,0.166745386356193
2273,state_cond,2,0.055975502743694894,0.11821458920640161
2274,state_cond,2,0.030933988599979204,0.0844853334066327
2275,state_cond,2,0.08733614452066842,0.1511280222285365
2276,state_cond,2,0.06533291033214787,0.12920132979458104
2277,state_cond,2,0.06385061691677607,0.1275116790183395
2278,state_cond,2,0.06636984195934312,0.13033798169922878
2279,state_cond,2,0.08305310255639835,0.1471300918216049
2280,state_cond,2,0.058605419058573506,0.12142550249114434
2281,state_cond,2,0.016808012159011333,0.07595179205549318
2282,state_cond,2,0.03386009693064154,0.08848371470252687
2283,state_cond,2,0.035728577042548955,0.09124053854493434
2284,state_cond,2,0.03067625521370598,0.0842141078880509
2285,state_cond,2,0.07061555329583602,0.1348860389284377
2286,state_cond,2,0.0591145195429958,0.12204072967615773
2287,state_cond,2,0.09179518564355088,0.15518249444752424
2288,state_cond,2,0.032673685039887775,0.08694495413225532
2289,state_cond,2,0.015311462802607952,0.07100646250775786
2290,state_cond,2,0.06401616778812466,0.12768451005689294
2291,state_cond,2,0.022861431003093215,0.07305063951874131
2292,state_cond,2,0.01616013530096495,0.06327258813341011
2293,state_cond,2,0.021866667218007035,0.08671373119103701
2294,state_cond,2,0.018123477154065523,0.06558137194553527
2295,state_cond,2,0.027127028974194032,0.07959899645383511
2296,state_cond,2,0.019726735473030214,0.06806098615281905
2297,state_cond,2,0.09271978564901691,0.15590576999598973
2298,state_cond,2,0.05645290918541926,0.11873621158440896
2299,state_cond,2,0.05161821849675916,0.11271192774980068
2300,state_cond,2,0.07640478309671431,0.14078214627425756
2301,state_cond,2,0.05008050632244179,0.11080968080849295
2302,state_cond,2,0.04602252583754357,0.10549188222749298
2303,state_cond,2,0.09639656006851373,0.15917235566426888
2304,state_cond,2,0.07300005536089255,0.13738687060968396
2305,state_cond,2,0.04371842770419104,0.102469245203591
2306,state_cond,2,0.03419501901462547,0.08903752030073855
2307,state_cond,2,0.01866474623041027,0.06647070328502429
2308,state_cond,2,0.05529470473666581,0.11727926504165828
2309,state_cond,2,0.03512135848529925,0.09135411952876271
2310,state_cond,2,0.05815893912048756,0.11920521233494984
2311,state_cond,2,0.0735856692431936,0.16211947326666037
2312,state_cond,2,0.11766232571624531,0.20678399762490882
2313,state_cond,2,0.030550482636884247,0.08535286463745856
2314,state_cond,2,0.029503853630462044,0.08416745238620468
2315,state_cond,2,0.12546531940717903,0.1805150127847751
2316,state_cond,2,0.02386987283092049,0.09082314289094305
2317,state_cond,2,0.06775723155432792,0.1299669230255091
2318,state_cond,2,0.02533202351834538,0.07768989042577613
2319,state_cond,2,0.02700618791551483,0.08038716922502931
2320,state_cond,2,0.021796853572624203,0.07249383537968963
2321,state_cond,2,0.04897241499378312,0.10849885474299578
2322,state_cond,2,0.023912285227208074,0.07561827340032017
2323,state_cond,2,0.07794072794516398,0.14065957465369172
2324,state_cond,2,0.06339298539752386,0.12521476377700613
2325,state_cond,2,0.0651167975057586,0.1272324714517743
2326,state_cond,2,0.03674127149039,0.09341765537549836
2327,state_cond,2,0.04285605181270105,0.10077380257256094
2328,state_cond,2,0.05265171915507642,0.11285351040033467
2329,state_cond,2,0.055876633889107886,0.11660683502956808
2330,state_cond,2,0.08498084040504077,0.14768008686845155
2331,state_cond,2,0.05019351772493748,0.1099906851775236
2332,state_cond,2,0.030288901871902564,0.08540598941360565
2333,state_cond,2,0.043822741509666405,0.1019726284426448
2334,state_cond,2,0.07228432304248285,0.13505632308320575
2335,state_cond,2,0.04990323473448727,0.10963878225906735
2336,state_cond,2,0.09260193423070047,0.15464234706357444
2337,state_cond,2,0.06656042367482734,0.12897047644210174
2338,state_cond,2,0.06483454682639567,0.12704969361385895
2339,state_cond,2,0.05905398246828049,0.12032515199449695
2340,state_cond,2,0.0487995647752836,0.10830239351308675
2341,state_cond,2,0.029391619567487627,0.08404766585864117
2342,state_cond,2,0.05217715551752639,0.11229589080266911
2343,state_cond,2,0.02653363137218711,0.07970686002558178
2344,state_cond,2,0.04752580781885056,0.10671328440430906
2345,state_cond,2,0.05087236797990269,0.11077228411988192
2346,state_cond,2,0.08055647835138638,0.14351423280013
2347,state_cond,2,0.04396753942056641,0.10216796396661447
2348,state_cond,2,0.060854442556384836,0.12245929511035393
2349,state_cond,2,0.041873038462284365,0.0995071853389752
2350,state_cond,2,0.05721842723096947,0.11819602077698278
2351,state_cond,2,0.062417307050085885,0.12430310420671721
2352,state_cond,2,0.042196593246848525,0.0998676569175764
2353,state_cond,2,0.03659242150299786,0.09309470237586612
2354,state_cond,2,0.07479547374633254,0.13772118731259728
2355,state_cond,2,0.05592608644072159,0.1167146701398969
2356,state_cond,2,0.0635853422963105,0.12566132890283277
2357,state_cond,2,0.04980659294466505,0.10951882450326134
2358,state_cond,2,0.05381290069631029,0.11427936758997227
2359,state_cond,2,0.034401890278095724,0.0906035168403537
2360,state_cond,2,0.08635442233130887,0.14906357927649302
2361,state_cond,2,0.04906792582408368,0.10863329023555968
2362,state_cond,2,0.07843891124458618,0.14147906475056637
2363,state_cond,2,0.04885159093136693,0.10838310453185024
2364,state_cond,2,0.07589380343599053,0.13896376812256853
2365,state_cond,2,0.07248680937902993,0.13543924088248002
0,state_free,2,0.019580284072954375,0.08327526639867312
1,state_free,2,0.007050253627923437,0.050063955899506046
2,state_free,2,0.025118843638571066,0.09420119748889193
3,state_free,2,0.0072426440873484136,0.05063280782459201
4,state_free,2,0.02627584912202393,0.09619696433038744
5,state_free,2,0.013619387543758882,0.06914965361164255
6,state_free,2,0.003729364562164047,0.03530990308027935
7,state_free,2,0.01476792889558269,0.07202969870230444
8,state_free,2,0.003691974212145207,0.03521490513253251
9,state_free,2,0.007566749916861473,0.051694040403531795
10,state_free,2,0.00560156449475191,0.04457193667348833
11,state_free,2,0.003984664518331493,0.036500324297680485
12,state_free,2,0.008186363989867121,0.05356940186544017
13,state_free,2,0.01919013598080767,0.08231583309107389
14,state_free,2,0.010814774064097811,0.06126067743694359
15,state_free,2,0.004651813177608122,0.04009401123514511
16,state_free,2,0.010441788355640533,0.060120175688903266
17,state_free,2,0.01842961751158945,0.0807318747882009
18,state_free,2,0.011783528019455494,0.06390232240542061
19,state_free,2,0.011644818640947685,0.06346456058593598
20,state_free,2,0.05602841564389709,0.13937828470753127
21,state_free,2,0.004073429881202185,0.03705284741538764
22,state_free,2,0.005646142283558063,0.04488561291719107
23,state_free,2,0.0069255387854226195,0.04956699489226962
24,state_free,2,0.011909383305298709,0.06414473787710176
25,state_free,2,0.006739502982815601,0.04884869513157191
26,state_free,2,0.0044685894112041005,0.03902346234588712
27,state_free,2,0.0378254338258735,0.11494145644176665
28,state_free,2,0.010530168538909092,0.060336668821739374
29,state_free,2,0.003908020923130698,0.03621831316570483
30,state_free,2,0.006019384608955093,0.04631923787516278
31,state_free,2,0.013259222762247806,0.06802729130743597
32,state_free,2,0.0038755722339929547,0.03655737374056382
33,state_free,2,0.005615383897654789,0.04472474407702033
34,state_free,2,0.004889150548914514,0.04128634434966289
35,state_free,2,0.0055331576211118455,0.04433792129274556
36,state_free,2,0.004507279137602842,0.03924271544290731
37,state_free,2,0.007617517002095776,0.05184014091027947
38,state_free,2,0.003790800895436719,0.035697077676394746
39,state_free,2,0.007509893164350517,0.051561337515486305
40,state_free,2,0.004085393203496174,0.03706674958780205
41,state_free,2,0.004243175780287794,0.03791991581619475
42,state_free,2,0.003709525647047764,0.03532037780192211
43,state_free,2,0.00530536783065959,0.043314802029262495
44,state_free,2,0.0054853578632247805,0.04413929719051971
45,state_free,2,0.003839063518338565,0.03582164521385603
46,state_free,2,0.0037197255450385123,0.03530828368967128
47,state_free,2,0.0038637868743476465,0.036039257149696795
48,state_free,2,0.003908625482492417,0.03622894929681328
49,state_free,2,0.004136177745977587,0.037372357974281234
50,state_free,2,0.0036541070608391004,0.03511528072731279
51,state_free,2,0.004304633896663603,0.03822234770925404
52,state_free,2,0.003828284249962446,0.036416233890221326
53,state_free,2,0.004366106542583632,0.03852053635649705
54,state_free,2,0.0036533513710751333,0.035194225921608015
55,state_free,2,0.004283140700218294,0.03812017859256328
56,state_free,2,0.004972060061765925,0.04166312694252091
57,state_free,2,0.0037050859635255,0.035735665824922005
58,state_free,2,0.009248600125764372,0.056684320932681345
59,state_free,2,0.004109760592289477,0.03739692048793303
60,state_free,2,0.0038451161830896914,0.036143516977930334
61,state_free,2,0.004346204075783538,0.038260082762985675
62,state_free,2,0.0037798556116828913,0.0355149363809868
63,state_free,2,0.003754131428534568,0.03533819630375462
64,state_free,2,0.004148881720507057,0.03733078954562336
65,state_free,2,0.0043135016171949895,0.03815473440508919
66,state_free,2,0.00439281090350211,0.03844383790373288
67,state_free,2,0.005243682370513321,0.041161710030962306
68,state_free,2,0.0037740637204555323,0.0354216382445745
69,state_free,2,0.004924788997709058,0.04001749497806847
70,state_free,2,0.004213374884706939,0.03781620834408381
71,state_free,2,0.005091015346581512,0.04058405433593999
72,state_free,2,0.0044040088787573204,0.038502464771325406
73,state_free,2,0.004004691714993846,0.03688616179841384
74,state_free,2,0.003817755440911103,0.03588725176571478
75,state_free,2,0.006063973568698606,0.043914335739696594
76,state_free,2,0.004146792162639609,0.03730212666950319
77,state_free,2,0.0038028631718781867,0.03535064020651451
78,state_free,2,0.004074663910731795,0.03718975216607409
79,state_free,2,0.0055434451686561855,0.04224084785935272
80,state_free,2,0.004287712509969491,0.03809665114138133
81,state_free,2,0.006203319918539875,0.04431132086957361
82,state_free,2,0.0044676046465449756,0.03870978417336924
83,state_free,2,0.004658330198356314,0.039259544494327496
84,state_free,2,0.003791128937489459,0.03570129170961282
85,state_free,2,0.005584058170503206,0.042375788927508595
86,state_free,2,0.00647987167605254,0.04508708090839716
87,state_free,2,0.0037897818432098304,0.035653129881704416
88,state_free,2,0.005017609809682134,0.04031535925083772
89,state_free,2,0.005240349604756908,0.04117152463651462
90,state_free,2,0.006357259006573393,0.04476432827061687
91,state_free,2,0.0049148448099671895,0.040004288076669024
92,state_free,2,0.004542926259654169,0.03894544020719127
93,state_free,2,0.005900184871279128,0.04343230014566627
94,state_free,2,0.004216428776733727,0.03783252036953895
95,state_free,2,0.005228504432626211,0.04111598557207697
96,state_free,2,0.00550439528542173,0.042136464770341074
97,state_free,2,0.004041850904692118,0.03660561045964467
98,state_free,2,0.006035130495933961,0.043821191825159686
99,state_free,2,0.005071826408557622,0.04053535259503296
100,state_free,2,0.006023848666162457,0.04382020293155281
101,state_free,2,0.004639031051511712,0.03923878061175065
102,state_free,2,0.0037907339025371905,0.03561594569075925
103,state_free,2,0.004148969314884029,0.037530299983005784
104,state_free,2,0.0038658792513252107,0.03568259146016968
105,state_free,2,0.004336102830156828,0.0382367552945156
106,state_free,2,0.0047704695693474046,0.03954164222583856
107,state_free,2,0.004647539782959405,0.03922180305111476
108,state_free,2,0.005224501877999068,0.04109819520121182
109,state_free,2,0.0064985140832506064,0.04520039865747094
110,state_free,2,0.004575635157507029,0.0390404617650999
111,state_free,2,0.006845084607758168,0.04618673394236014
112,state_free,2,0.03588900524415784,0.11340650582239042
113,state_free,2,0.01291978530426963,0.06828209664320192
114,state_free,2,0.005069504460073752,0.04043909743669829
115,state_free,2,0.006594994783046987,0.0454372795679002
116,state_free,2,0.004771787432581071,0.03953787201137302
117,state_free,2,0.0038234131278065096,0.03595411814644385
118,state_free,2,0.005603499437234237,0.04495375867838094
119,state_free,2,0.004619633389194717,0.03908081530592429
120,state_free,2,0.005577805547934947,0.04235077398754949
121,state_free,2,0.07063325098309894,0.1505889261544105
122,state_free,2,0.06556584952018847,0.1453181634166894
123,state_free,2,0.06823534689457238,0.14812427460843888
124,state_free,2,0.05292735472161132,0.13100823432895342
125,state_free,2,0.05237048811554863,0.1303834221902156
126,state_free,2,0.05846810343533566,0.13753145100239314
127,state_free,2,0.06503933565817333,0.14472722664186016
128,state_free,2,0.06894475858026929,0.1487879321619049
129,state_free,2,0.06985927449862302,0.1497249263244592
130,state_free,2,0.06702489301489402,0.14680443249302208
131,state_free,2,0.07674496965875617,0.15646107054580047
132,state_free,2,0.06990374582297036,0.14975109906010955
133,state_free,2,0.0760844367435406,0.15583019257224906
134,state_free,2,0.0703452298889905,0.1502181663847958
135,state_free,2,0.0673617437336188,0.14715339792352236
136,state_free,2,0.06429123718183764,0.1439357755059836
137,state_free,2,0.06602105826503334,0.14576307482371023
138,state_free,2,0.06275623899564618,0.14228251567328715
139,state_free,2,0.07907009341205314,0.15867417055624475
140,state_free,2,0.0687036293673451,0.14853655973984053
141,state_free,2,0.07740960162373545,0.1571628776559183
142,state_free,2,0.06500092882549559,0.1446795590098616
143,state_free,2,0.06540437059778324,0.14511348051529713
144,state_free,2,0.05870338768954174,0.1377604167574026
145,state_free,2,0.07269930415896435,0.152560666085305
146,state_free,2,0.07128424419201497,0.15113724554437863
147,state_free,2,0.07792365001963242,0.15757165246696714
148,state_free,2,0.07123909142297716,0.15109874534702886
149,state_free,2,0.07186101993822028,0.1517296222771412
150,state_free,2,0.07337179683870293,0.15320470773567849
151,state_free,2,0.07230060127163287,0.1521475686161959
152,state_free,2,0.07334735090995632,0.15317525556562808
153,state_free,2,0.0741504657378497,0.1539564191041391
154,state_free,2,0.07527996872718985,0.1550562021235804
155,state_free,2,0.0753797133098596,0.15514784054672567
156,state_free,2,0.07001451667656766,0.149882988647976
157,state_free,2,0.07709669030461475,0.1568124347942812
158,state_free,2,0.07629054640764227,0.15603718551368062
159,state_free,2,0.06738548658152876,0.1471729579332318
160,state_free,2,0.07249229309991545,0.15235749310252417
161,state_free,2,0.0646701044473256,0.14434001384916667
162,state_free,2,0.0709473411594227,0.15079484298238058
163,state_free,2,0.07224010097884186,0.15209861942289254
164,state_free,2,0.05294696112558039,0.1309898893671806
165,state_free,2,0.07015623212511675,0.15004610725949857
166,state_free,2,0.05485145481082368,0.1332835761031756
167,state_free,2,0.0693443758278697,0.14919530961234462
168,state_free,2,0.07405874540753148,0.15388335361582114
169,state_free,2,0.04195439963899162,0.1165694476827234
170,state_free,2,0.07209549822796946,0.15197887493081924
171,state_free,2,0.07424627118412751,0.15406357050178576
172,state_free,2,0.07085626232763731,0.15073879427468853
173,state_free,2,0.0749708326492099,0.15477785999206045
174,state_free,2,0.06425306370186935,0.14388875578350446
175,state_free,2,0.04433955577083361,0.11985724466343527
176,state_free,2,0.0738781156160724,0.15373732646752525
177,state_free,2,0.07481606962154812,0.15461737695349753
178,state_free,2,0.04820456840240316,0.12501378194550036
179,state_free,2,0.06949800895520654,0.14941117346033966
180,state_free,2,0.0659183879188535,0.14565525877702112
181,state_free,2,0.06617996692634921,0.1459550710552753
182,state_free,2,0.0795800113735872,0.15914261240960828
183,state_free,2,0.06722921455915955,0.14703399017371127
184,state_free,2,0.0666035943352716,0.1463905483220825
185,state_free,2,0.08627791161601676,0.1653161818654211
186,state_free,2,0.07221353285329721,0.1522182680424424
187,state_free,2,0.07909933420934047,0.15881215401982393
188,state_free,2,0.068452085513961,0.14843841066177588
189,state_free,2,0.06230971451721104,0.14195023661179176
190,state_free,2,0.07278709369811161,0.1527927055145511
191,state_free,2,0.08740248360829174,0.16625893374004433
192,state_free,2,0.08775816751485799,0.16656252514710737
193,state_free,2,0.0774262733557773,0.1572473584027135
194,state_free,2,0.08400920111639124,0.1632772130062477
195,state_free,2,0.08923339208288261,0.16781363987390527
196,state_free,2,0.08476955576451067,0.16393164423575032
197,state_free,2,0.09005503930557877,0.1685097469052018
198,state_free,2,0.08170732339852232,0.16120386092987302
199,state_free,2,0.0809276164800261,0.1604897093726135
200,state_free,2,0.08205642809177355,0.16152457444888538
201,state_free,2,0.07427590131123916,0.1542376427622554
202,state_free,2,0.07717912643690376,0.15701304886863257
203,state_free,2,0.07929151709736264,0.15898241767750187
204,state_free,2,0.06967353200475246,0.1496710652745262
205,state_free,2,0.0969376197596795,0.17423092811598515
206,state_free,2,0.07270933494429746,0.15271552491757912
207,state_free,2,0.058597198884695056,0.13789803402453246
208,state_free,2,0.054000468227241166,0.13249653493955102
209,state_free,2,0.061252931312645115,0.14078145835255174
210,state_free,2,0.061184484718751625,0.14078709544168572
211,state_free,2,0.05682097382985936,0.13573559366448892
212,state_free,2,0.04101441441289467,0.11522826774513838
213,state_free,2,0.07312992076743989,0.1531650322561339
214,state_free,2,0.06414649213525218,0.14390879410183843
215,state_free,2,0.08105710948009315,0.16061531091901912
216,state_free,2,0.0786653613192045,0.15841182862134778
217,state_free,2,0.07889080183720303,0.15861456893745599
218,state_free,2,0.08508208685925416,0.16418970593990317
219,state_free,2,0.07100474940754965,0.15099159145566948
220,state_free,2,0.08124748161146725,0.16079376433772868
221,state_free,2,0.07326311496725131,0.15328370654164677
222,state_free,2,0.07986321044076568,0.1595511514074441
223,state_free,2,0.07124167219433146,0.15123193548060954
224,state_free,2,0.08671170182565942,0.1656727447113475
225,state_free,2,0.07790087643758557,0.15768086742769263
226,state_free,2,0.07433818301432624,0.15429598584092158
227,state_free,2,0.07912443254667549,0.15884931650225592
228,state_free,2,0.08155632334845128,0.16104874997133808
229,state_free,2,0.07186313796779766,0.15182765953052485
230,state_free,2,0.07676164119376945,0.15660901919277884
231,state_free,2,0.06824745423486978,0.14821004049530037
232,state_free,2,0.08527610877604794,0.1644033480648861
233,state_free,2,0.058760899609645464,0.1379045328700327
234,state_free,2,0.07502037185970106,0.15496732626803378
235,state_free,2,0.08877048039340538,0.16741454739575595
236,state_free,2,0.08445020226354757,0.16362590099254798
237,state_free,2,0.08118189748043089,0.16069955979638093
238,state_free,2,0.08538239124207911,0.16445179662748693
239,state_free,2,0.08969554029282317,0.1681637508035207
240,state_free,2,0.07994664373953408,0.1595412230762181
241,state_free,2,0.07365715883730033,0.15359812850014387
242,state_free,2,0.08465585995636056,0.1638281443144678
243,state_free,2,0.08112980217412245,0.1606790667176888
244,state_free,2,0.07736804613814138,0.15716014504802756
245,state_free,2,0.07333328850502521,0.15327343216717149
246,state_free,2,0.0831175754451448,0.16245020513247962
247,state_free,2,0.09410547044309985,0.17165117335759617
248,state_free,2,0.09488365935518679,0.17228070733670733
249,state_free,2,0.09862456243282035,0.1753092644962379
250,state_free,2,0.07718154438858617,0.15675862295694445
251,state_free,2,0.07998071522917843,0.1594357159489933
252,state_free,2,0.04325556692918204,0.11822130790625797
253,state_free,2,0.08857878071859289,0.16707605951994903
254,state_free,2,0.08447874783048487,0.1634291560426995
255,state_free,2,0.0918729903088214,0.169817472722132
256,state_free,2,0.09665610849858887,0.17370403605772272
257,state_free,2,0.1025623031511466,0.17845055315298816
258,state_free,2,0.10292933523200441,0.17873678174479438
259,state_free,2,0.09897822710885164,0.17558813493108624
260,state_free,2,0.09749765178584834,0.1743798256650498
261,state_free,2,0.08556619518210702,0.1643696329002715
262,state_free,2,0.07829991626576406,0.1577919479301113
263,state_free,2,0.09498114752350814,0.1723765376412328
264,state_free,2,0.09374915671807274,0.17132669083698798
265,state_free,2,0.11315436444228381,0.18650255573368152
266,state_free,2,0.09373622353644198,0.17129828722785095
267,state_free,2,0.09987294441931216,0.17629200502186465
268,state_free,2,0.08692189285448333,0.1655562203394375
269,state_free,2,0.10616430462148861,0.18125078611177842
270,state_free,2,0.09662413343198602,0.17365756542107416
271,state_free,2,0.09994812703069815,0.17638217894850625
272,state_free,2,0.10417013937788695,0.17970306290190385
273,state_free,2,0.10177420372004757,0.17781607825528867
274,state_free,2,0.09164316727572679,0.16959444472720483
275,state_free,2,0.09146296870710674,0.16944238770291495
276,state_free,2,0.10341653584625146,0.1791077814291206
277,state_free,2,0.0997077274675691,0.17614973113558116
278,state_free,2,0.1008708336730004,0.17708046751043735
279,state_free,2,0.08772155451045906,0.16624430548401414
280,state_free,2,0.09979555185744514,0.17623543277796538
281,state_free,2,0.09732226195069767,0.17424099808009313
282,state_free,2,0.10976121898633766,0.18398890106598426
283,state_free,2,0.08130421182991796,0.16053207076588769
284,state_free,2,0.10548995749038398,0.1807175719146694
285,state_free,2,0.08954302430164039,0.1677945184998726
286,state_free,2,0.09813760449263606,0.17488265807945558
287,state_free,2,0.09239165010212148,0.17021761815521758
288,state_free,2,0.10171752748254903,0.17776272788982747
289,state_free,2,0.0956880368303514,0.17290683419804118
290,state_free,2,0.10300592121351806,0.1787649736975614
291,state_free,2,0.10222946109012455,0.1781531306832418
292,state_free,2,0.09390423177544162,0.1714757952154464
293,state_free,2,0.0922283088841933,0.17008410852213307
294,state_free,2,0.07524493984010863,0.15491735277434554
295,state_free,2,0.08604139458067918,0.16481131524345458
296,state_free,2,0.04340327150212037,0.11844651908701379
297,state_free,2,0.08465861703694719,0.16366149653041512
298,state_free,2,0.09020798905062942,0.16839788131387612
299,state_free,2,0.0906438558120254,0.16876460465485926
300,state_free,2,0.09023173076196035,0.1684211157718
301,state_free,2,0.10389277490769624,0.17949833894059075
302,state_free,2,0.09556089398941385,0.17279675211494033
303,state_free,2,0.10402843940172732,0.17958447516093717
304,state_free,2,0.07967513702654798,0.15906226169686385
305,state_free,2,0.08401397801972856,0.16304246465300962
306,state_free,2,0.09319769852367057,0.1708982243059738
307,state_free,2,0.08037964484190158,0.15971872026965145
308,state_free,2,0.09825997367862993,0.17501891467189298
309,state_free,2,0.09330810962086816,0.17096695621710606
310,state_free,2,0.06759256706625667,0.1475266469711914
311,state_free,2,0.06939599232047869,0.14937335840813573
312,state_free,2,0.06802885595328684,0.14796308449342224
313,state_free,2,0.04343948179050533,0.11861189696968247
314,state_free,2,0.0802973841697022,0.15998256607842232
315,state_free,2,0.06518202687357365,0.1449600671876853
316,state_free,2,0.061336029798053186,0.1408004070758671
317,state_free,2,0.08115153820067672,0.16073601783044272
318,state_free,2,0.05586995569561692,0.13452949553445392
319,state_free,2,0.0876284893079889,0.16654646096172798
320,state_free,2,0.07617470129290085,0.15607227411000008
321,state_free,2,0.0771294524755257,0.15695451032247948
322,state_free,2,0.06666481610371022,0.146516756841196
323,state_free,2,0.07177389493026042,0.1517363211685831
324,state_free,2,0.07256240092086462,0.1525488390980253
325,state_free,2,0.0682106807880202,0.1481354305723678
326,state_free,2,0.08208933703909926,0.1615530434062868
327,state_free,2,0.07860085821291249,0.1583285728940081
328,state_free,2,0.07856335161999943,0.15828589237504226
329,state_free,2,0.08184941011804218,0.16131167431020524
330,state_free,2,0.07418444868092226,0.154109377068116
331,state_free,2,0.08646499528566025,0.1654347271059843
332,state_free,2,0.07423157398058247,0.15415713321537755
333,state_free,2,0.07694318184064473,0.1567588629147622
334,state_free,2,0.08344533804993869,0.16276047365092464
335,state_free,2,0.08117333101801569,0.1607029618356372
336,state_free,2,0.031121798590420705,0.10011401378700395
337,state_free,2,0.05983562677428372,0.1391698934895224
338,state_free,2,0.08315860492898183,0.16253609061458954
339,state_free,2,0.07679377986191924,0.15662724184795151
340,state_free,2,0.0877238266950291,0.16654512325384954
341,state_free,2,0.07923333778745204,0.1589091225079035
342,state_free,2,0.07367633913874734,0.15361908924705683
343,state_free,2,0.0820965545892595,0.16153520522664658
344,state_free,2,0.06205488904909728,0.14154352085014862
345,state_free,2,0.041327617356866735,0.11558082321363637
346,state_free,2,0.08059105651218998,0.16023393004443912
347,state_free,2,0.06945453092797738,0.14941849547582325
348,state_free,2,0.08267990834508178,0.16207276958038772
349,state_free,2,0.07850746968733711,0.15825343652959153
350,state_free,2,0.08501465926110502,0.16418253623976425
351,state_free,2,0.08153235209425076,0.16107161311174265
352,state_free,2,0.08968880958504079,0.16825812315754557
353,state_free,2,0.07435802644250894,0.15429489207241037
354,state_free,2,0.0806818682240441,0.16026229321004468
355,state_free,2,0.07135320570264893,0.15133729884910352
356,state_free,2,0.07226564187034205,0.1522284391951327
357,state_free,2,0.06835768302818819,0.1482979360213185
358,state_free,2,0.0919923984426526,0.1701901083026622
359,state_free,2,0.07488987625179268,0.15477727281916143
360,state_free,2,0.07696772227278718,0.15677723175012911
361,state_free,2,0.07731002443730495,0.15711467059766396
362,state_free,2,0.068881904623652,0.1488454212835428
363,state_free,2,0.08389257933243141,0.16316443555583385
364,state_free,2,0.08173357772084676,0.16124060857375042
365,state_free,2,0.08878955749295261,0.16748069506857968
366,state_free,2,0.07278448553179986,0.1528145513073423
367,state_free,2,0.07560221161034147,0.1555059505853627
368,state_free,2,0.0912100682978647,0.16951522209731393
369,state_free,2,0.08108776258715408,0.160645626515565
370,state_free,2,0.07030769258410471,0.15027282424471733
371,state_free,2,0.10265999563427365,0.17864485207013453
372,state_free,2,0.09089454104070638,0.16918939481126943
373,state_free,2,0.09448686431957101,0.17217853630939647
374,state_free,2,0.09376967901007609,0.1715913498856329
375,state_free,2,0.10234389524217667,0.17842930409190433
376,state_free,2,0.07817859347279084,0.15793389747177128
377,state_free,2,0.08747077637647824,0.16628631304175023
378,state_free,2,0.09271681044215559,0.1707302261873457
379,state_free,2,0.10057433394360517,0.17704572356871393
380,state_free,2,0.09852491026181444,0.1754177083425493
381,state_free,2,0.10587202742534903,0.1811005464277892
382,state_free,2,0.10981681408520966,0.18405068887569834
383,state_free,2,0.0939215376583916,0.1716889251442422
384,state_free,2,0.0979420632908907,0.1749589024337826
385,state_free,2,0.1020397919857558,0.17816623789998906
386,state_free,2,0.10655858596135126,0.18161705089409463
387,state_free,2,0.11258072353796235,0.18603912997637373
388,state_free,2,0.10482018757551141,0.18029120909008536
389,state_free,2,0.09743452139715673,0.17453988710429455
390,state_free,2,0.10921359953019194,0.1836027919189191
391,state_free,2,0.11008436925019964,0.1842060518670064
392,state_free,2,0.0969529863326028,0.1741631326969097
393,state_free,2,0.10164525434263808,0.17786636029907377
394,state_free,2,0.08768528486765584,0.16644006313692597
395,state_free,2,0.09573885464582743,0.17318354994293347
396,state_free,2,0.11196813528283223,0.1856007818894224
397,state_free,2,0.10627232434384482,0.18138797822093466
398,state_free,2,0.09487637548947142,0.17247896296702295
399,state_free,2,0.08349846065696236,0.16277188649317212
400,state_free,2,0.09909494437285103,0.1758937815038046
401,state_free,2,0.09866331352865326,0.17553607023294981
402,state_free,2,0.11147891975503418,0.18524247833943935
403,state_free,2,0.10442357283864269,0.17999377434750766
404,state_free,2,0.10194708219446509,0.17809474732535496
405,state_free,2,0.10305444483323052,0.17896477996584598
406,state_free,2,0.10232716237497624,0.17838337883837638
407,state_free,2,0.0963310317714166,0.17366294235835308
408,state_free,2,0.10502220051827243,0.1804572475170959
409,state_free,2,0.09483722721404832,0.17245615921214544
410,state_free,2,0.11043461158750292,0.1844859401820885
411,state_free,2,0.0735981671664394,0.15350357628930603
412,state_free,2,0.10620259212163041,0.18137260520639514
413,state_free,2,0.08207510564677938,0.16148377303521108
414,state_free,2,0.09619093624158276,0.17357654477757506
415,state_free,2,0.11139871506058888,0.1852012514426911
416,state_free,2,0.10868534700828705,0.18320753000304157
417,state_free,2,0.10278123444260717,0.17874971796519667
418,state_free,2,0.10093215914129378,0.17730998544529486
419,state_free,2,0.09925489683988076,0.17602891257171435
420,state_free,2,0.11326710213712304,0.18654550346498355
421,state_free,2,0.10934137801411156,0.18368422197303744
422,state_free,2,0.10339799092078002,0.1792319646385345
423,state_free,2,0.10664833061371796,0.18167960674293274
424,state_free,2,0.10399458932605596,0.17965855822612795
425,state_free,2,0.09695751701266923,0.17415626458956682
426,state_free,2,0.10065058635474883,0.17708431768398622
427,state_free,2,0.1108899698355664,0.18483155194261575
428,state_free,2,0.10542663863452031,0.18075210306004025
429,state_free,2,0.1038484899696411,0.17955960752080058
430,state_free,2,0.11189160699215507,0.18554883705359493
431,state_free,2,0.10920804089388217,0.1835690079160803
432,state_free,2,0.09328132696546498,0.17115882859519266
433,state_free,2,0.10707151558173383,0.1820178732218735
434,state_free,2,0.10690587494898118,0.18176179010322538
435,state_free,2,0.10618100259489012,0.18117591676883704
436,state_free,2,0.11625382782230248,0.1885847066899959
437,state_free,2,0.1009273056943335,0.17716390682573652
438,state_free,2,0.08944193699149347,0.16781544186146413
439,state_free,2,0.10338159508518499,0.17907625815101313
440,state_free,2,0.12785558512781367,0.19680732123287284
441,state_free,2,0.10687400078059896,0.18168875870924453
442,state_free,2,0.11359746972655248,0.18665269121142644
443,state_free,2,0.11214107336694033,0.1855769040459128
444,state_free,2,0.11925067776656383,0.1907266154459481
445,state_free,2,0.10968535117665565,0.18377100553738634
446,state_free,2,0.12408125830256472,0.19413866128226712
447,state_free,2,0.1066757251775934,0.1815517489137576
448,state_free,2,0.11566381065405747,0.18814692255654147
449,state_free,2,0.11154332139141529,0.1851320201020585
450,state_free,2,0.10836230690606968,0.18280056605862746
451,state_free,2,0.10366227360319417,0.17926053759848481
452,state_free,2,0.11562105131716621,0.1881125508503278
453,state_free,2,0.11950807421897594,0.19089605881148272
454,state_free,2,0.11194934160496858,0.18541884959488858
455,state_free,2,0.10609091155292877,0.1811029345299785
456,state_free,2,0.07744550478538342,0.15704638791204903
457,state_free,2,0.08682063674761253,0.165568380551352
458,state_free,2,0.10436240133519013,0.1798288335799911
459,state_free,2,0.10737622757481384,0.1820797346399211
460,state_free,2,0.11112158402959951,0.18484512801888206
461,state_free,2,0.09823845854063885,0.17504335604390317
462,state_free,2,0.10917881518664121,0.1834488342424581
463,state_free,2,0.10888287690799363,0.18319895646418746
464,state_free,2,0.1035615836034358,0.17919606368977523
465,state_free,2,0.1163581865315091,0.18865936316301904
466,state_free,2,0.10192378281008271,0.1779405871270031
467,state_free,2,0.10699750080802053,0.18179156763091417
468,state_free,2,0.11119948041824894,0.18487923681482085
469,state_free,2,0.099361758259877,0.17594202087908245
470,state_free,2,0.1356152055274761,0.2021384632956506
471,state_free,2,0.12073612669565185,0.1917717739184474
472,state_free,2,0.10124131731291212,0.17742541099313358
473,state_free,2,0.10106425149029906,0.17728743263905364
474,state_free,2,0.11549996362275208,0.18804764858542286
475,state_free,2,0.08943988045056883,0.16778502247537946
476,state_free,2,0.09541930941207866,0.17278467573558343
477,state_free,2,0.10265493071278067,0.178508793283853
478,state_free,2,0.11908324224184667,0.19060863148416668
479,state_free,2,0.10595767250506694,0.18100141853620136
480,state_free,2,0.11572968961725688,0.18819875485053614
481,state_free,2,0.09057751849204744,0.16874769853234636
482,state_free,2,0.09752967131812156,0.17448155225205284
483,state_free,2,0.10157731446537333,0.1777228033819747
484,state_free,2,0.11574984502217707,0.18819986929968494
485,state_free,2,0.10350424816075424,0.17914263557571497
486,state_free,2,0.1027837119172207,0.1786021055121946
487,state_free,2,0.12354607550629945,0.19376766480459331
488,state_free,2,0.10063827629084018,0.17692532317286908
489,state_free,2,0.10831651755760359,0.18276602442689696
490,state_free,2,0.11204456301574005,0.1855024868557157
491,state_free,2,0.1181999278510819,0.18995269875353202
492,state_free,2,0.10333757671920224,0.17900380486341172
493,state_free,2,0.11632128263057859,0.18861939311875678
494,state_free,2,0.10965826394842446,0.18375857072653148
495,state_free,2,0.023694563107656653,0.08814465458401671
496,state_free,2,0.016472900446871285,0.07345251476614338
497,state_free,2,0.02067693278802698,0.0823425149004709
498,state_free,2,0.021806332416846444,0.0845646156906763
499,state_free,2,0.022873657752296387,0.08663711561045444
500,state_free,2,0.021853999417795315,0.08465837755283641
501,state_free,2,0.0232191243582536,0.08729933720649216
502,state_free,2,0.013346464839665126,0.06580196665757683
503,state_free,2,0.021667858914350857,0.08430293070301306
504,state_free,2,0.020347040967531427,0.0816763957650116
505,state_free,2,0.016132439143055365,0.07268049151028873
506,state_free,2,0.025751936867914535,0.09188418344550266
507,state_free,2,0.020204392721797856,0.08137406016574227
508,state_free,2,0.023889724325957037,0.0885386869973479
509,state_free,2,0.02014939762181974,0.08126534530172723
510,state_free,2,0.022264190969076624,0.08545475930206842
511,state_free,2,0.02092355549295436,0.0828130000666487
512,state_free,2,0.016107867683486887,0.07259418731728579
513,state_free,2,0.02251461630183906,0.08593894952152505
514,state_free,2,0.024428585449790166,0.08951797191939963
515,state_free,2,0.010471632558218131,0.057624566241857786
516,state_free,2,0.00435099562448179,0.037819524917599295
517,state_free,2,0.01856905707402591,0.0781153674085859
518,state_free,2,0.016592182998223452,0.07375223232881196
519,state_free,2,0.004140500336109018,0.036573028967665594
520,state_free,2,0.01695899011344122,0.07463933911682255
521,state_free,2,0.021971470987779032,0.08491681438570695
522,state_free,2,0.018919510197065018,0.07877595676884988
523,state_free,2,0.02670066375011156,0.09361280183509427
524,state_free,2,0.020530854973391216,0.08204652170212118
525,state_free,2,0.01571362176189627,0.07167864167935098
526,state_free,2,0.018584381532108073,0.07807072671140206
527,state_free,2,0.01979139636110818,0.08055101936456746
528,state_free,2,0.015789604941897507,0.07187767227092079
529,state_free,2,0.028117535918370497,0.09606687446215545
530,state_free,2,0.021965489632500057,0.08488199866337263
531,state_free,2,0.012361006175770472,0.06306767433415686
532,state_free,2,0.011082273463168141,0.05945225103384625
533,state_free,2,0.009765546930578786,0.05547109520041261
534,state_free,2,0.015030410799497507,0.07007953759629673
535,state_free,2,0.024292117321520923,0.08928863502213166
536,state_free,2,0.020013840980189334,0.08099263464989402
537,state_free,2,0.016806675349857164,0.07421069736238001
538,state_free,2,0.01956070664376599,0.08006780638311403
539,state_free,2,0.029567328900350007,0.09851206591360459
540,state_free,2,0.01793915013034275,0.07667427389428966
541,state_free,2,0.014079094800824987,0.06764891255808801
542,state_free,2,0.014384476321809243,0.06842424665107641
543,state_free,2,0.021956411351527733,0.08485171924822246
544,state_free,2,0.015202565974426464,0.07048497065411956
545,state_free,2,0.015206012321621111,0.07046983025030436
546,state_free,2,0.02039625977518746,0.08177397590021515
547,state_free,2,0.018088656544976045,0.07702482445165516
548,state_free,2,0.004307293137346202,0.03779388693563437
549,state_free,2,0.005613706859204776,0.04266520182542825
550,state_free,2,0.025203223470057903,0.0909540427776586
551,state_free,2,0.008622849976974472,0.05208846124085264
552,state_free,2,0.01299178801599243,0.06487887416743647
553,state_free,2,0.02452036429537823,0.08970936707271082
554,state_free,2,0.008333275869920567,0.05126074644731174
555,state_free,2,0.022034229538257937,0.0850420645397593
556,state_free,2,0.02867930052849127,0.09697975693151654
557,state_free,2,0.02523596782018413,0.09092723284896391
558,state_free,2,0.009734428346497053,0.055367594112834824
559,state_free,2,0.02688447034916824,0.09388197068340687
560,state_free,2,0.03223096362226468,0.10270568739645786
561,state_free,2,0.01491360084928787,0.06970582324176464
562,state_free,2,0.03390901827670451,0.10532849012625224
563,state_free,2,0.0045593145538947956,0.03905948144721356
564,state_free,2,0.020862129703885495,0.0826919034217174
565,state_free,2,0.01798209152703144,0.0767652633630276
566,state_free,2,0.031612024729306305,0.10175035160432887
567,state_free,2,0.021193785029314426,0.08331051695232185
568,state_free,2,0.02192536594778999,0.0847408010056618
569,state_free,2,0.01895162415466927,0.07880980881418814
570,state_free,2,0.02062060259015055,0.08217800303483239
571,state_free,2,0.0246063752223076,0.08979204373231396
572,state_free,2,0.021190413646237832,0.08329390047997627
573,state_free,2,0.019269934878303963,0.07945710382060472
574,state_free,2,0.018952676952567863,0.07880369427852527
575,state_free,2,0.01768168667788881,0.07612522183083602
576,state_free,2,0.02781673702900216,0.09549130079909321
577,state_free,2,0.02848179223178125,0.0966101287781683
578,state_free,2,0.02985109665408103,0.09890279697253951
579,state_free,2,0.03452538328574821,0.10625789235787417
580,state_free,2,0.02882860490818158,0.09718857121505756
581,state_free,2,0.022717074572546975,0.08626792178467416
582,state_free,2,0.02564568223320891,0.09163763735217835
583,state_free,2,0.020204119086721633,0.0813176173323062
584,state_free,2,0.027035299060906112,0.09410662809279328
585,state_free,2,0.023345606449465654,0.08745872354672103
586,state_free,2,0.01577073239821924,0.07175817666104183
587,state_free,2,0.028912006977251645,0.09734642632123984
588,state_free,2,0.027004111969140626,0.09405841861766423
589,state_free,2,0.021167894636765622,0.08325353486022606
590,state_free,2,0.016782126849345217,0.0741147669457022
591,state_free,2,0.02256459882519456,0.08598195604279163
592,state_free,2,0.004224295192710272,0.036988870614333244
593,state_free,2,0.030263639446770133,0.09962969332520755
594,state_free,2,0.013190163439087951,0.06534095758407706
595,state_free,2,0.02796915919470007,0.09576272980685267
596,state_free,2,0.024199432515116505,0.08904770243626081
597,state_free,2,0.020598798355960422,0.08212361727966538
598,state_free,2,0.03204633191872843,0.10242802082677202
599,state_free,2,0.02384723106545411,0.08840412401819579
600,state_free,2,0.025210298511375427,0.09087271118129761
601,state_free,2,0.021349372124868288,0.08361526725622771
602,state_free,2,0.018390117603437242,0.07763431034477145
603,state_free,2,0.020195767577688283,0.0813251759549205
604,state_free,2,0.011125698511378795,0.059584378965398616
605,state_free,2,0.01445059981630672,0.06863451182263933
606,state_free,2,0.025226099068476553,0.09091183782212926
607,state_free,2,0.019425644992010646,0.07976867274942542
608,state_free,2,0.02428281959917831,0.08920212052916496
609,state_free,2,0.02283003098491788,0.08649219483448194
610,state_free,2,0.011520942086277122,0.060720720876514325
611,state_free,2,0.015388687633855773,0.07089542274886425
612,state_free,2,0.01925794905681166,0.07945253388043642
613,state_free,2,0.01295030185243742,0.06468971065081652
614,state_free,2,0.028130866336512524,0.09604307676653087
615,state_free,2,0.014852605453813823,0.06960158910344816
616,state_free,2,0.026069232077371843,0.09241167741968452
617,state_free,2,0.03818933104866253,0.11172060696970888
618,state_free,2,0.047180432947006835,0.12436603424133745
619,state_free,2,0.046641219140097924,0.12363579404972033
620,state_free,2,0.06361964222971961,0.14410483585226777
621,state_free,2,0.03978644748169857,0.11401134715076208
622,state_free,2,0.04546452830634632,0.1220303364554439
623,state_free,2,0.04826401897703041,0.12578944820999197
624,state_free,2,0.0360446528134239,0.10857088965395079
625,state_free,2,0.061728199875243174,0.1420647448759464
626,state_free,2,0.044304703992520234,0.12041602328911546
627,state_free,2,0.051231995813969845,0.12961540600012994
628,state_free,2,0.03406922310805618,0.10552957113623841
629,state_free,2,0.05382819409914152,0.13284917069882426
630,state_free,2,0.054640966159779945,0.13382600783301712
631,state_free,2,0.05054458730516269,0.12872476622032983
632,state_free,2,0.05221962050371952,0.13083739906634395
633,state_free,2,0.04588748944526332,0.12257757553897788
634,state_free,2,0.05388431335100623,0.13289099676191246
635,state_free,2,0.05085488470067472,0.12911120505917695
636,state_free,2,0.03568203413063877,0.10800612485911072
637,state_free,2,0.05083750114192195,0.1291136342123414
638,state_free,2,0.05114324812095673,0.1294743849092889
639,state_free,2,0.053713047999561184,0.1326669697924438
640,state_free,2,0.0497242056774205,0.12764804016312897
641,state_free,2,0.051729760234477964,0.1302055119138971
642,state_free,2,0.05184028763951065,0.1303359640454115
643,state_free,2,0.04505426591635828,0.1214175710245755
644,state_free,2,0.04128613401518537,0.11615758543629773
645,state_free,2,0.03898599769872049,0.1128559308876201
646,state_free,2,0.05329021500475643,0.1321648343551657
647,state_free,2,0.04357778594551201,0.11936997309596746
648,state_free,2,0.05519617652269471,0.13447248243969964
649,state_free,2,0.04948195482733702,0.12733295432707623
650,state_free,2,0.0527802439668391,0.13152210726049357
651,state_free,2,0.04889730307415193,0.12657228121901792
652,state_free,2,0.04874865102954048,0.12638724401239118
653,state_free,2,0.05023818436943718,0.12831329764306373
654,state_free,2,0.058635130247015624,0.13851660502102323
655,state_free,2,0.04801101423434694,0.1253992165542935
656,state_free,2,0.04964982973136615,0.12754747899523516
657,state_free,2,0.04715739301634345,0.12427873002856067
658,state_free,2,0.0439017426156391,0.11984256792322795
659,state_free,2,0.052674820904747593,0.13139670747773546
660,state_free,2,0.04513698031784713,0.12154754965998393
661,state_free,2,0.04653815696977446,0.12346086912662578
662,state_free,2,0.04958738567279904,0.12749023761429723
663,state_free,2,0.04670519071459881,0.1236733875671393
664,state_free,2,0.05357432654165128,0.1325001204196177
665,state_free,2,0.04056180785222477,0.11510856042327137
666,state_free,2,0.049312020950366645,0.12714931495831633
667,state_free,2,0.048460239917944625,0.1260171768706385
668,state_free,2,0.051193866506828604,0.12953584210919458
669,state_free,2,0.053146181233886924,0.13196174800156565
670,state_free,2,0.06362172853717248,0.14409406207982772
671,state_free,2,0.05130229157050914,0.12967157056980233
672,state_free,2,0.03497674112614093,0.10695091153360627
673,state_free,2,0.0416438330984863,0.11668401545302526
674,state_free,2,0.04811723201287433,0.12556257281069638
675,state_free,2,0.0387950718948979,0.11258383777304705
676,state_free,2,0.043818317300092946,0.11973768358976292
677,state_free,2,0.035406895988444445,0.10759615515910839
678,state_free,2,0.05259215657479773,0.13130669877756576
679,state_free,2,0.04896245877829441,0.12668519145412008
680,state_free,2,0.01181594597508359,0.06612679451270419
681,state_free,2,0.01293861478443507,0.06927222956225802
682,state_free,2,0.014947893334097163,0.07489221175827894
683,state_free,2,0.012287110116274048,0.06748570902940798
684,state_free,2,0.01589195281427729,0.07734377701903938
685,state_free,2,0.026506283495102863,0.0999955988109028
686,state_free,2,0.03383992636591686,0.11263796874344842
687,state_free,2,0.025218268278667706,0.09748582248632369
688,state_free,2,0.01852994599362163,0.08365783728677362
689,state_free,2,0.010853933100199024,0.06325685306432793
690,state_free,2,0.013002456907390878,0.06944810005874441
691,state_free,2,0.021165893206328924,0.08943087660285612
692,state_free,2,0.01587341123321489,0.0772835633779021
693,state_free,2,0.020587031914728174,0.08820192103134696
694,state_free,2,0.021513408459673665,0.0901337097090102
695,state_free,2,0.025798896395754972,0.09860601138772067
696,state_free,2,0.012448584721967552,0.06789471316009482
697,state_free,2,0.022366646943330643,0.09187927460243106
698,state_free,2,0.013232398473752828,0.07011386029195112
699,state_free,2,0.011982035819998934,0.06660317590966583
700,state_free,2,0.011570869840864301,0.06541772182635702
701,state_free,2,0.015208732390045426,0.07557707999055949
702,state_free,2,0.018769642775749176,0.08420021605436653
703,state_free,2,0.01253074953580312,0.06813152606075143
704,state_free,2,0.013099954048809386,0.06973816535653414
705,state_free,2,0.01031010051514679,0.06162944695361153
706,state_free,2,0.012041279176178577,0.06678837274870104
707,state_free,2,0.01676993675016594,0.0795279111562942
708,state_free,2,0.02189792474731947,0.09093046858874207
709,state_free,2,0.013761723730904145,0.07163017944118877
710,state_free,2,0.024443862838279626,0.09598389012007737
711,state_free,2,0.010636807075892396,0.06258319044052124
712,state_free,2,0.016016682894472997,0.07764924325958042
713,state_free,2,0.01378228808035612,0.07169221433492927
714,state_free,2,0.02546106012318422,0.09795151680594599
715,state_free,2,0.017388544733176966,0.08099110217407486
716,state_free,2,0.016837167372162832,0.07967766855948574
717,state_free,2,0.009927787773249187,0.06041295682228162
718,state_free,2,0.013515819565018548,0.07094515198586268
719,state_free,2,0.012770787445153956,0.06877631176917942
720,state_free,2,0.017353697447078174,0.08092491756476919
721,state_free,2,0.014408090346052217,0.07342554094353919
722,state_free,2,0.013486762760539497,0.07085389991050454
723,state_free,2,0.03812046024151719,0.11923285564615564
724,state_free,2,0.028858600210825584,0.10416884237268648
725,state_free,2,0.025565896724486205,0.09810960681599541
726,state_free,2,0.028093058068779465,0.10279676431168451
727,state_free,2,0.021929645443851314,0.09095451464496673
728,state_free,2,0.018316855803556714,0.08314194952530586
729,state_free,2,0.01813091439718539,0.08272416844917715
730,state_free,2,0.022492720394187114,0.09209939768702646
731,state_free,2,0.026749270862302922,0.10033084391902243
732,state_free,2,0.02197393989600566,0.09104079497167225
733,state_free,2,0.02905431510035441,0.10447682737708866
734,state_free,2,0.02914347277432174,0.10461227185508727
735,state_free,2,0.042919692360671086,0.1258723524014177
736,state_free,2,0.03003061563945964,0.10612454492495674
737,state_free,2,0.0104785392716463,0.06207700122113531
738,state_free,2,0.018132142647096526,0.08270191314316142
739,state_free,2,0.021669249706662782,0.09039876548343996
740,state_free,2,0.016211399237244583,0.07810686436941675
741,state_free,2,0.014159548171227786,0.07273891224244816
742,state_free,2,0.024621187452845524,0.089667497037652
743,state_free,2,0.05403684870857883,0.13309629630377112
744,state_free,2,0.03728347045118621,0.11034542820386903
745,state_free,2,0.037573330553247256,0.11077671402619338
746,state_free,2,0.03741455855595183,0.11054115834575486
747,state_free,2,0.03841498855317526,0.11199920714026755
748,state_free,2,0.03513543706448834,0.10711459260551984
749,state_free,2,0.039286900928914605,0.113267558488331
750,state_free,2,0.0342252296271597,0.1057404052562988
751,state_free,2,0.04065381407873056,0.11523366404776314
752,state_free,2,0.04166249026310497,0.1166453579200617
753,state_free,2,0.04687821469594898,0.12388021546807326
754,state_free,2,0.029803761970677425,0.0987220251257862
755,state_free,2,0.039840822138049826,0.11403205580287455
756,state_free,2,0.041850783684646765,0.11689141458139699
757,state_free,2,0.04311254064870677,0.11867249327114664
758,state_free,2,0.04376239019199624,0.11956386871998002
759,state_free,2,0.04460684625550085,0.12073020712644478
760,state_free,2,0.04254043608499902,0.11785883951319684
761,state_free,2,0.033534507525867334,0.10464166984030032
762,state_free,2,0.04332853823645803,0.11897055064106411
763,state_free,2,0.045557163254025916,0.12204251185060797
764,state_free,2,0.03949086105266556,0.11351428399886378
765,state_free,2,0.04401610081596009,0.11989619123619734
766,state_free,2,0.03463177651858858,0.10630178594823117
767,state_free,2,0.036291023088191945,0.1088518009152741
768,state_free,2,0.04003581785986823,0.11428958241564076
769,state_free,2,0.05049873056202134,0.12861634258163313
770,state_free,2,0.045611015188719725,0.12211738920924367
771,state_free,2,0.03916660921864739,0.11304993465184669
772,state_free,2,0.056806563879605435,0.13637014554778845
773,state_free,2,0.04073910614078017,0.11527676840570804
774,state_free,2,0.046995027569873254,0.1239918016541986
775,state_free,2,0.04433868345261213,0.12032912074836313
776,state_free,2,0.0417810496034362,0.11675758243465754
777,state_free,2,0.04952541056403442,0.12733834678889278
778,state_free,2,0.03699890172177621,0.10989851221248517
779,state_free,2,0.044019595888580544,0.11989710031659434
780,state_free,2,0.03731455132285804,0.11036560896941949
781,state_free,2,0.042770746301060016,0.11817702794823146
782,state_free,2,0.04194339682340567,0.11700384932551983
783,state_free,2,0.04349461005022802,0.11916918503284239
784,state_free,2,0.0429172613364471,0.11835725851178669
785,state_free,2,0.03862528452954483,0.11227320095070237
786,state_free,2,0.04394864868199072,0.11980586596694683
787,state_free,2,0.05128930534685808,0.12960088916006937
788,state_free,2,0.042668607247775256,0.11800869654842888
789,state_free,2,0.04459755371087316,0.12071363788367602
790,state_free,2,0.04925907745420684,0.12698886346070512
791,state_free,2,0.04170422251995469,0.11670612244577062
792,state_free,2,0.04713419560767932,0.12418558986816408
793,state_free,2,0.04211849985218976,0.11723559396724405
794,state_free,2,0.030977095738041527,0.1006040086906041
795,state_free,2,0.03046846047468361,0.09980525055843546
796,state_free,2,0.016029130170802736,0.07210361591218213
797,state_free,2,0.03289963117864196,0.10369652017979228
798,state_free,2,0.04618778349196609,0.12293962672495697
799,state_free,2,0.04116224516549632,0.11589281392936833
800,state_free,2,0.04960249408929126,0.12744748605068762
801,state_free,2,0.045166416944293096,0.12150712029603243
802,state_free,2,0.05863090528028931,0.13849568502882512
803,state_free,2,0.03164944531609784,0.10161893398925896
804,state_free,2,0.029616283226912846,0.09832749989451173
805,state_free,2,0.030399568395152177,0.09962854617932815
806,state_free,2,0.02829370629863545,0.09607581471200097
807,state_free,2,0.0322649243045269,0.10260680868262603
808,state_free,2,0.026154954742915182,0.09234674293690974
809,state_free,2,0.03138990159516246,0.10122843730495387
810,state_free,2,0.03358870109561885,0.10465714734388941
811,state_free,2,0.0456781375327373,0.12212296472033689
812,state_free,2,0.022682343119181853,0.08593132819100385
813,state_free,2,0.03582405761623835,0.10809645435574863
814,state_free,2,0.04227994098023082,0.11734840848137702
815,state_free,2,0.026929477535131474,0.0936706916062412
816,state_free,2,0.03352807409530007,0.10454751919112797
817,state_free,2,0.03280416163991897,0.10342879398836083
818,state_free,2,0.03137852190683681,0.10117908903523916
819,state_free,2,0.032630238650293936,0.1031586096877902
820,state_free,2,0.03719990773243064,0.11013365018002358
821,state_free,2,0.037724515427306385,0.1109128832646522
822,state_free,2,0.031639223079585936,0.10159086800004095
823,state_free,2,0.028453471844710965,0.09631954047463921
824,state_free,2,0.034157528699118235,0.10549921065747436
825,state_free,2,0.03673491079536058,0.10943535841045567
826,state_free,2,0.02796498426275682,0.09546872996675553
827,state_free,2,0.021196656155289397,0.08301792622705119
828,state_free,2,0.029157658988157642,0.09754010401269272
829,state_free,2,0.029707109140193914,0.09846453768075569
830,state_free,2,0.02956654838023515,0.09823208062051146
831,state_free,2,0.015698807679365503,0.07103556392791403
832,state_free,2,0.03463336149163108,0.10627333522942292
833,state_free,2,0.028699992642321995,0.09675935651282862
834,state_free,2,0.03801743867051613,0.1113531414086274
835,state_free,2,0.02876384189450008,0.09686020654204776
836,state_free,2,0.03459302240206783,0.10618040463429444
837,state_free,2,0.034091868354950206,0.10539989606629241
838,state_free,2,0.028092664855339206,0.09569945931434631
839,state_free,2,0.01864422901125311,0.0777322099023964
840,state_free,2,0.03669641577486873,0.1094157387297356
841,state_free,2,0.024222479676746015,0.08885907342154052
842,state_free,2,0.029030595184836392,0.09733447388760207
843,state_free,2,0.02459974469933628,0.08956037492710894
844,state_free,2,0.02407127897317179,0.08859264748166475
845,state_free,2,0.031177432772313066,0.10089120984340759
846,state_free,2,0.04506888354478131,0.12125234515581003
847,state_free,2,0.03368449612719854,0.10477859697137683
848,state_free,2,0.03292757547032281,0.10362448965619987
849,state_free,2,0.024982059649456816,0.09024798762748432
850,state_free,2,0.03635016973274376,0.10888535422631306
851,state_free,2,0.03329197810320654,0.10418396791946022
852,state_free,2,0.025108587274793856,0.09047207169063938
853,state_free,2,0.033543909723539864,0.1045779485387249
854,state_free,2,0.03341128220465505,0.1043677847136362
855,state_free,2,0.029644478181519218,0.09834323265686733
856,state_free,2,0.038284601873512195,0.11174093741499747
857,state_free,2,0.02659789940428332,0.09310445796605735
858,state_free,2,0.03150798787347888,0.10140382675150249
859,state_free,2,0.019727142715954243,0.08005421839714737
860,state_free,2,0.02699748860712701,0.09380781480700398
861,state_free,2,0.023084687674510853,0.08672841582413675
862,state_free,2,0.03533949466691389,0.10734940515170373
863,state_free,2,0.03340969471600734,0.10436423000950693
864,state_free,2,0.04051760550350638,0.11492362332278676
865,state_free,2,0.00887819412004798,0.05261585270233709
866,state_free,2,0.006644107392240782,0.04618601434488751
867,state_free,2,0.006147054816876373,0.044323803848372714
868,state_free,2,0.008022030038516436,0.05029980344734008
869,state_free,2,0.006177849190005381,0.04444942395414369
870,state_free,2,0.00729669621391754,0.048240253623908276
871,state_free,2,0.006106582684457904,0.044181683760146855
872,state_free,2,0.007746745981727605,0.04952691341167545
873,state_free,2,0.008200040203862707,0.05079263952322272
874,state_free,2,0.004872926228513825,0.03975854601886067
875,state_free,2,0.006789000071429314,0.04668024250537995
876,state_free,2,0.004987160295261655,0.04002877398806199
877,state_free,2,0.007685550624097038,0.049345061448349166
878,state_free,2,0.005254283279374931,0.04090624972910508
879,state_free,2,0.007757619049048684,0.049553792733242605
880,state_free,2,0.009519903160120547,0.05421387630113309
881,state_free,2,0.007464910345430114,0.04873848711216336
882,state_free,2,0.005511142653345071,0.04199143153712864
883,state_free,2,0.006918968288250566,0.04708598587232926
884,state_free,2,0.006614079691628367,0.04606779373921002
885,state_free,2,0.00696797003969699,0.047231349469445016
886,state_free,2,0.006577570650680775,0.04594901663794249
887,state_free,2,0.005072173625649097,0.04048130437720149
888,state_free,2,0.00628133382596093,0.04486643912625794
889,state_free,2,0.005782289921458814,0.044045951297007314
890,state_free,2,0.0072718627211371565,0.048162404607905794
891,state_free,2,0.005253950934148976,0.04167041219592289
892,state_free,2,0.008835446775328848,0.05248975818444039
893,state_free,2,0.0060181512022145665,0.043828649741372246
894,state_free,2,0.004687969153055804,0.039132764531892295
895,state_free,2,0.008209794135700143,0.050817756701602414
896,state_free,2,0.010079388987628883,0.060856739685457434
897,state_free,2,0.005655152790302855,0.04255573988938242
898,state_free,2,0.00991723709622987,0.055289960143996016
899,state_free,2,0.00801555854792352,0.05028985941607793
900,state_free,2,0.004968733113437405,0.03998685238465047
901,state_free,2,0.006840690558108525,0.04682650946851697
902,state_free,2,0.008109908708238084,0.050546784285835776
903,state_free,2,0.00516294425177593,0.041080319741958304
904,state_free,2,0.007737340766335367,0.04949384352629329
905,state_free,2,0.004707894108433464,0.03925349826867128
906,state_free,2,0.007557395340539213,0.04898649084808441
907,state_free,2,0.010940165344065306,0.05810928480913194
908,state_free,2,0.007411595148071992,0.048576770455384215
909,state_free,2,0.005078992426226692,0.040257707447294844
910,state_free,2,0.009471186354446872,0.05410081951530924
911,state_free,2,0.010452843928098005,0.056762459970571895
912,state_free,2,0.007592597372693955,0.049091646057753915
913,state_free,2,0.011125801532071647,0.05863407554073114
914,state_free,2,0.008594863902940914,0.0518689991186598
915,state_free,2,0.007745904763733122,0.049516729698087014
916,state_free,2,0.007849287425230597,0.04981512701274011
917,state_free,2,0.009847943291470316,0.05504223299614497
918,state_free,2,0.005723680469021418,0.042769306850176554
919,state_free,2,0.006273075591914077,0.04481063187587281
920,state_free,2,0.009196167439287339,0.05340881810520756
921,state_free,2,0.007034422622919536,0.04744021035730839
922,state_free,2,0.004978914350806809,0.039989430700518594
923,state_free,2,0.0075415735934112335,0.04895155810176579
924,state_free,2,0.005285292313421751,0.04098980329783146
925,state_free,2,0.00837174917441724,0.0512546352954857
926,state_free,2,0.0060916820778266064,0.04406700238039942
927,state_free,2,0.008333268432391022,0.05115027336508429
928,state_free,2,0.007315164857734568,0.048292319166226345
929,state_free,2,0.004900992638543242,0.03985271315541184
930,state_free,2,0.004711233876525576,0.03922500038108751
931,state_free,2,0.07280117871848757,0.15267746267350873
932,state_free,2,0.10661605297174831,0.18196292107607254
933,state_free,2,0.08506991617303207,0.1642371562777611
934,state_free,2,0.058684630766144504,0.1375284446703396
935,state_free,2,0.09390062264485591,0.17182190314937323
936,state_free,2,0.09697521297242001,0.17433419567675934
937,state_free,2,0.09628930739940253,0.17378854017450013
938,state_free,2,0.08799229213715333,0.1668169460951712
939,state_free,2,0.09285152266110831,0.1709925609137853
940,state_free,2,0.08114363482922235,0.16070983695272967
941,state_free,2,0.09046507871352955,0.16893959739917783
942,state_free,2,0.08740607153599049,0.1663002320288682
943,state_free,2,0.10900371490919983,0.18377173491227927
944,state_free,2,0.095225845719037,0.17290497233179064
945,state_free,2,0.09076999080345219,0.16918583084563604
946,state_free,2,0.08912734586628485,0.16777626811506768
947,state_free,2,0.09755140101937931,0.17480051482102663
948,state_free,2,0.09298745193311463,0.1710425212207032
949,state_free,2,0.08793229879131617,0.16674667160742518
950,state_free,2,0.08377055321619586,0.16306474987809633
951,state_free,2,0.07954704657066129,0.15920053314079907
952,state_free,2,0.11058934398460409,0.18496376618557817
953,state_free,2,0.09831793507411975,0.17541846381054124
954,state_free,2,0.08748854225946248,0.166368432900654
955,state_free,2,0.08942085728313845,0.16803757342507578
956,state_free,2,0.09082936542687038,0.16924324412478717
957,state_free,2,0.09295494759752025,0.17101853904974357
958,state_free,2,0.08590754541634946,0.1649694584489476
959,state_free,2,0.08279727010693701,0.16218687247809066
960,state_free,2,0.0840732085685917,0.16333862850741376
961,state_free,2,0.09039933293216663,0.16886662535384442
962,state_free,2,0.09572088167391227,0.17329967171303864
963,state_free,2,0.09915644282493502,0.1761049260226451
964,state_free,2,0.090085895569248,0.1685926414798238
965,state_free,2,0.07948016480141566,0.15913316513885797
966,state_free,2,0.09393738430978991,0.17183234641271622
967,state_free,2,0.09775214507236553,0.17496656839482996
968,state_free,2,0.09485714973415339,0.17258889309050793
969,state_free,2,0.090773067709468,0.1691821286392144
970,state_free,2,0.09706322432850474,0.17440144263961405
971,state_free,2,0.09225235576921981,0.17041102251417922
972,state_free,2,0.08936361079872061,0.1679698736875257
973,state_free,2,0.07533753144147017,0.15517260139652445
974,state_free,2,0.10953431524207421,0.18418416959206896
975,state_free,2,0.09664036170024132,0.17404864001806492
976,state_free,2,0.1062529728832773,0.1816861523259836
977,state_free,2,0.08741586856328967,0.16628106022349837
978,state_free,2,0.09413762720739667,0.17198739985185127
979,state_free,2,0.08958730063260907,0.16815920011340982
980,state_free,2,0.1176887931623632,0.19012190187928366
981,state_free,2,0.08283933261207223,0.1622050827171276
982,state_free,2,0.09494743926830401,0.17266340682719172
983,state_free,2,0.0981249077671193,0.17526992079952586
984,state_free,2,0.09176736622983513,0.1700082684108735
985,state_free,2,0.08872220671031421,0.16740953199102587
986,state_free,2,0.07162751723528063,0.1515359819773716
987,state_free,2,0.09348573246518971,0.17146569642839288
988,state_free,2,0.10323112175315488,0.17933519741511322
989,state_free,2,0.10805794627111998,0.18304642524431666
990,state_free,2,0.09703794377144603,0.17436676750623847
991,state_free,2,0.09335791923950738,0.1713220989400622
992,state_free,2,0.10319141315967435,0.17930562930732946
993,state_free,2,0.1065701806318209,0.1819202995037105
994,state_free,2,0.07449552422727637,0.15432563649212774
995,state_free,2,0.24061496525387369,0.2799534877571639
996,state_free,2,0.27146178112540076,0.2962749307981589
997,state_free,2,0.22518009576600204,0.271428782565673
998,state_free,2,0.22865200252453807,0.2733533712211685
999,state_free,2,0.25751321593209936,0.2888398060136516
1000,state_free,2,0.23231866637726975,0.2754041379736457
1001,state_free,2,0.2650783682694304,0.29295150999843184
1002,state_free,2,0.2858853847013311,0.30395641144675484
1003,state_free,2,0.23170220292076893,0.2750287215453818
1004,state_free,2,0.23761085004044405,0.2783079108664237
1005,state_free,2,0.24712973088635654,0.28326055947268786
1006,state_free,2,0.22951118373220508,0.2737977467779401
1007,state_free,2,0.2367578443367832,0.2777728464057308
1008,state_free,2,0.3058130735822434,0.3141260673363929
1009,state_free,2,0.2724998631044726,0.2968607396097838
1010,state_free,2,0.22371687354864342,0.27070375334947266
1011,state_free,2,0.2423166627456791,0.2807579559958021
1012,state_free,2,0.22184564466239667,0.2695829144748775
1013,state_free,2,0.3059549511995664,0.31420050174087455
1014,state_free,2,0.2328011151127759,0.2756447476645481
1015,state_free,2,0.21555803154034106,0.26603433862639686
1016,state_free,2,0.2120252064829133,0.2640207957217717
1017,state_free,2,0.23310151877687874,0.2757924044367694
1018,state_free,2,0.23170139598314102,0.2749843172751353
1019,state_free,2,0.2166649620562466,0.26659513191341533
1020,state_free,2,0.22003930455799153,0.268518807277877
1021,state_free,2,0.22718321792729554,0.27252495962619533
1022,state_free,2,0.2276122142038997,0.27274930339799947
1023,state_free,2,0.25572526398584533,0.28789212444301926
1024,state_free,2,0.20283635096189717,0.2585770995766994
1025,state_free,2,0.25586897745933845,0.2879807353545645
1026,state_free,2,0.30750548100895597,0.3149638895399939
1027,state_free,2,0.38516926717498035,0.35088881508087244
1028,state_free,2,0.30458497125906503,0.3136479935847499
1029,state_free,2,0.4034015677025701,0.35899496139101106
1030,state_free,2,0.5495724082860844,0.41987368134065683
1031,state_free,2,0.26939663897925037,0.2954329745295486
1032,state_free,2,0.46957480447637634,0.3875819298537748
1033,state_free,2,0.30363284929988166,0.3132973208262268
1034,state_free,2,0.4667118465779691,0.3863819182243971
1035,state_free,2,0.5602812140622199,0.4242004082775736
1036,state_free,2,0.8728830861470557,0.5237502434949779
1037,state_free,2,0.29154440762314054,0.30729782409713696
1038,state_free,2,0.6276406097457063,0.44935379451503826
1039,state_free,2,0.8283354134025038,0.5124112833726084
1040,state_free,2,0.20786838536336089,0.26277700054380143
1041,state_free,2,1.01950812931448,0.5627180727324328
1042,state_free,2,0.40218805280413233,0.3588777584914466
1043,state_free,2,0.9304557037398664,0.5409112378473933
1044,state_free,2,0.5442157474211813,0.4185045645759061
1045,state_free,2,0.6539394628543558,0.4591329362455198
1046,state_free,2,0.8024448848866041,0.5059503096857954
1047,state_free,2,0.38173351016155854,0.3502232735467777
1048,state_free,2,0.5717100269633534,0.4290101146770759
1049,state_free,2,0.4288051847980484,0.37050374079134707
1050,state_free,2,0.7957064018833774,0.5038026660067796
1051,state_free,2,0.4608653637687966,0.38433101580894585
1052,state_free,2,0.6211379217281202,0.44760055500062423
1053,state_free,2,0.7379806745128904,0.48650266254011937
1054,state_free,2,0.45168668956397484,0.38039905885574044
1055,state_free,2,0.5085795242723495,0.3951413167736628
1056,state_free,2,0.40802918023829204,0.35904006107035374
1057,state_free,2,0.44701238462840776,0.3735757465967882
1058,state_free,2,0.41565297513364313,0.3618208522903015
1059,state_free,2,0.40241689823703236,0.3569819692103774
1060,state_free,2,0.5001046609665266,0.39179633797721936
1061,state_free,2,0.5389390574290469,0.4054747245429173
1062,state_free,2,0.5138816196418405,0.3963515931084446
1063,state_free,2,0.5081378410888996,0.39458889848893436
1064,state_free,2,0.35210594512789883,0.33634043587013857
1065,state_free,2,0.46913752362243627,0.38097170403573816
1066,state_free,2,0.4611540056989878,0.37820253270023735
1067,state_free,2,0.4081768030577433,0.3584177839088221
1068,state_free,2,0.4159912550044199,0.36146309996362247
1069,state_free,2,0.3976243683562674,0.35435454191121624
1070,state_free,2,0.38642850941587265,0.35009225805441313
1071,state_free,2,0.41115630442130435,0.3596131459956742
1072,state_free,2,0.386915725922666,0.3501740898962705
1073,state_free,2,0.4347361065734121,0.3684377794014032
1074,state_free,2,0.4371997607227819,0.3692967734391018
1075,state_free,2,0.4179049817981355,0.3620370987316036
1076,state_free,2,0.4116130183005223,0.35968883690162906
1077,state_free,2,0.4423863495009769,0.3713721761045374
1078,state_free,2,0.3967931561384431,0.35395834978090895
1079,state_free,2,0.4000063022822608,0.35529650994889683
1080,state_free,2,0.4920351332193128,0.3891796952562318
1081,state_free,2,0.48314233988629285,0.3860071055238086
1082,state_free,2,0.5211038043317092,0.39904109180042086
1083,state_free,2,0.43634094789778793,0.3697386231083852
1084,state_free,2,0.4696713830329109,0.3813953567781519
1085,state_free,2,0.3974068011962624,0.3546064667662666
1086,state_free,2,0.43689790628011904,0.36924222811572316
1087,state_free,2,0.3821889744838345,0.34831531026414025
1088,state_free,2,0.40690968745442957,0.3576600886778958
1089,state_free,2,0.39933447014916285,0.3548159537469315
1090,state_free,2,0.3940195546236952,0.3533762165678397
1091,state_free,2,0.38660721184460484,0.35016464596432256
1092,state_free,2,0.4161718091038956,0.36119793688261237
1093,state_free,2,0.4375573231396224,0.36935950083375846
1094,state_free,2,0.36164754902467405,0.3401073504682798
1095,state_free,2,0.3855103339098692,0.34952007138391894
1096,state_free,2,0.3371279087447408,0.3300188789169031
1097,state_free,2,0.3666128378406314,0.3420972419190265
1098,state_free,2,0.37560703566746556,0.3457460679951829
1099,state_free,2,0.343804467824831,0.3327178652136407
1100,state_free,2,0.36949371702001194,0.3431630970881554
1101,state_free,2,0.4161589367359671,0.36096763360934586
1102,state_free,2,0.522967482415081,0.39863969303442087
1103,state_free,2,0.3673889115664981,0.3424639736280013
1104,state_free,2,0.3737806387360982,0.3449456043016971
1105,state_free,2,0.3671008295185569,0.3422963922426301
1106,state_free,2,0.3842089015765206,0.3489563555170937
1107,state_free,2,0.3721333530590555,0.34430382912142
1108,state_free,2,0.4552059755483976,0.37609229695171176
1109,state_free,2,0.3796460260478117,0.3471903188620161
1110,state_free,2,0.3520073738189674,0.33619406919085615
1111,state_free,2,0.4292045018486492,0.3660378719628773
1112,state_free,2,0.36704044280918213,0.34234568935039783
1113,state_free,2,0.5245636773538422,0.39965282187128415
1114,state_free,2,0.3839164840959499,0.34888990662326114
1115,state_free,2,0.37762123485625243,0.3464785274042027
1116,state_free,2,0.08518491940518638,0.17636273695542784
1117,state_free,2,0.09461063913957327,0.18484042517382746
1118,state_free,2,0.057785078106928074,0.14644783940004133
1119,state_free,2,0.11200344282396851,0.19988337044705265
1120,state_free,2,0.06904843722946674,0.15938324608945903
1121,state_free,2,0.10659762461286902,0.19538735364660767
1122,state_free,2,0.05108096958909409,0.1381327331355091
1123,state_free,2,0.08104909724397559,0.17185822517297156
1124,state_free,2,0.10329559795975503,0.1923845233721446
1125,state_free,2,0.06407195676292074,0.1537903729501895
1126,state_free,2,0.06506087384453027,0.15499722300210553
1127,state_free,2,0.08100750307211523,0.17205131929730677
1128,state_free,2,0.07205845617413904,0.16274863599633327
1129,state_free,2,0.052582137203245886,0.14018591803594022
1130,state_free,2,0.06706070225106454,0.15729343653333822
1131,state_free,2,0.057805371910810074,0.14659592601321583
1132,state_free,2,0.06464681702210967,0.15461645175941696
1133,state_free,2,0.07045563805354756,0.16103764053773503
1134,state_free,2,0.05662081519758303,0.14518962422444864
1135,state_free,2,0.04380014827356855,0.12858231113961716
1136,state_free,2,0.08361950896497128,0.1746701414834588
1137,state_free,2,0.06566953282515915,0.15575629677408834
1138,state_free,2,0.06491813807488875,0.15491244875334811
1139,state_free,2,0.06597493804969476,0.1560978514177787
1140,state_free,2,0.0513100727355084,0.13860368905201104
1141,state_free,2,0.056267133049053335,0.14477252078468175
1142,state_free,2,0.04636935144768265,0.1321233675464665
1143,state_free,2,0.051021620066403435,0.13824698810118513
1144,state_free,2,0.05654797648140573,0.14496086661646154
1145,state_free,2,0.06872018708495994,0.15910985650390252
1146,state_free,2,0.061098901903583594,0.15054108392492552
1147,state_free,2,0.05581378423408979,0.1442330543613814
1148,state_free,2,0.08164043379986524,0.17272405041706487
1149,state_free,2,0.07071483646708629,0.1613238656326194
1150,state_free,2,0.05894900296711458,0.1479560420938207
1151,state_free,2,0.07082332689893231,0.16142254368150882
1152,state_free,2,0.060416882862810974,0.1497109425086117
1153,state_free,2,0.04676571651934984,0.13263688863361445
1154,state_free,2,0.05564608202786348,0.14400450442273882
1155,state_free,2,0.0676504164779435,0.15799793080774904
1156,state_free,2,0.046801690375584126,0.13266472635042517
1157,state_free,2,0.054103800948474334,0.1421232702212393
1158,state_free,2,0.07779143591534186,0.16882637605380948
1159,state_free,2,0.056662623968677474,0.14525894105326112
1160,state_free,2,0.048693848875297624,0.13523715193965877
1161,state_free,2,0.07100061232911341,0.1615627545068935
1162,state_free,2,0.05676203234657595,0.14526700400781928
1163,state_free,2,0.09756970024146737,0.18771621773165015
1164,state_free,2,0.052440742744786537,0.14006579662528648
1165,state_free,2,0.06953495194569015,0.16001787482898505
1166,state_free,2,0.05067289776499889,0.13781221250433545
1167,state_free,2,0.0549141838104022,0.14308369371451582
1168,state_free,2,0.09714286200001312,0.18732189119864412
1169,state_free,2,0.06351884288431667,0.15327945096986867
1170,state_free,2,0.07458924254412003,0.165442389867555
1171,state_free,2,0.07045570753115697,0.16098214144267464
1172,state_free,2,0.10956694374542429,0.19795184220180026
1173,state_free,2,0.08074005843878403,0.17175729184586308
1174,state_free,2,0.08714877089436507,0.17803165921693886
1175,state_free,2,0.07372181776746647,0.16447976863512948
1176,state_free,2,0.06043933328372297,0.14966825086061522
1177,state_free,2,0.054369979242164974,0.14235395077705534
1178,state_free,2,0.06996716135590604,0.16046494931359426
1179,state_free,2,0.0606948686278487,0.14996911787615683
1180,state_free,2,0.060607074833042764,0.14987427121531197
1181,state_free,2,0.05156514575387966,0.13600550773543832
1182,state_free,2,0.04893565545154965,0.1323368804799639
1183,state_free,2,0.060960175988193185,0.14787969718033392
1184,state_free,2,0.048559351627870465,0.1318440770845106
1185,state_free,2,0.04642495728346976,0.1288806781150221
1186,state_free,2,0.054170863812622365,0.13927614899349336
1187,state_free,2,0.04891946134416881,0.13229786845661745
1188,state_free,2,0.0629682118093731,0.15025951309065758
1189,state_free,2,0.054974765078961,0.14034650004103427
1190,state_free,2,0.049114752842008995,0.13258970922742827
1191,state_free,2,0.05237742756620579,0.13690332736478852
1192,state_free,2,0.05710472612690366,0.14300623037542426
1193,state_free,2,0.0487752980432618,0.1320367556712184
1194,state_free,2,0.05427904798293733,0.13939053315482783
1195,state_free,2,0.040617540554104235,0.12035296153703565
1196,state_free,2,0.04886512806421933,0.13220197138801937
1197,state_free,2,0.060450663965268575,0.14713125234168964
1198,state_free,2,0.05754593194617503,0.14355301496159828
1199,state_free,2,0.06668697713409798,0.1545687695352925
1200,state_free,2,0.05231168390093336,0.13691407988769988
1201,state_free,2,0.051888312315764996,0.1363461147236491
1202,state_free,2,0.04610534976941679,0.12844229013798192
1203,state_free,2,0.04262805022642364,0.12340496116645049
1204,state_free,2,0.0663742216020217,0.15417868176590552
1205,state_free,2,0.039455885258470255,0.11856396656971115
1206,state_free,2,0.054045002044697386,0.13904498127804504
1207,state_free,2,0.02174527529743848,0.0879436921613725
1208,state_free,2,0.05098974997376443,0.13501266238097345
1209,state_free,2,0.052433811235977575,0.1367986493499903
1210,state_free,2,0.056972454039154234,0.1428302688069781
1211,state_free,2,0.04361116052470617,0.12451118109745528
1212,state_free,2,0.03969232857212077,0.11885123012160263
1213,state_free,2,0.050081346197675985,0.13360364045776763
1214,state_free,2,0.04793239533719344,0.13063442839382206
1215,state_free,2,0.043341968240794206,0.12405548879113515
1216,state_free,2,0.048832369637870625,0.1318926949403544
1217,state_free,2,0.03558544243381084,0.1127730950455798
1218,state_free,2,0.03213704017503669,0.10727943021200777
1219,state_free,2,0.046385310487007225,0.12836782934068514
1220,state_free,2,0.042030542299472916,0.12219752369366708
1221,state_free,2,0.055346755009280504,0.14053374468662722
1222,state_free,2,0.038469855842206704,0.1170992631178859
1223,state_free,2,0.03590592608543568,0.11329397308431044
1224,state_free,2,0.045450072670505486,0.12705428895930473
1225,state_free,2,0.04006707426074074,0.11939931817975215
1226,state_free,2,0.042465052469597864,0.12276349547281654
1227,state_free,2,0.04073722428900833,0.12038520000312611
1228,state_free,2,0.04582793013734222,0.12759670697941247
1229,state_free,2,0.04608103636444003,0.12797791526981692
1230,state_free,2,0.04415121554327466,0.12513548253636594
1231,state_free,2,0.04693479146648788,0.12916796604491673
1232,state_free,2,0.03760632516903154,0.11584300291720044
1233,state_free,2,0.04132412665073208,0.1211760005968622
1234,state_free,2,0.045551616893945816,0.12718107841147547
1235,state_free,2,0.05494536691196255,0.14025130007234046
1236,state_free,2,0.03840244938104648,0.11693171786521658
1237,state_free,2,0.047515602224370276,0.12991070395194654
1238,state_free,2,0.03397280884772755,0.11028165846804151
1239,state_free,2,0.038895675262466456,0.11779041013869447
1240,state_free,2,0.036760085787287185,0.11463853340227778
1241,state_free,2,0.03990443905797954,0.11924152970488408
1242,state_free,2,0.037597613094289405,0.11588933497856826
1243,state_free,2,0.03437519609073649,0.11095177285504516
1244,state_free,2,0.039473634948556345,0.11842686794911969
1245,state_free,2,0.03410939020955753,0.10987488799324083
1246,state_free,2,0.022842852874522816,0.0895889304225914
1247,state_free,2,0.02433294678016027,0.0923855065009559
1248,state_free,2,0.0297325418440837,0.1021263978742627
1249,state_free,2,0.026897310546750024,0.09709834922673691
1250,state_free,2,0.02691596749587564,0.09710745441199727
1251,state_free,2,0.03013707728740772,0.10285402125537475
1252,state_free,2,0.02990703375145807,0.10252268790693782
1253,state_free,2,0.045002029688483346,0.1263780945260856
1254,state_free,2,0.03481966295567326,0.11104677245020866
1255,state_free,2,0.03735768470669159,0.11510499929218783
1256,state_free,2,0.033784507749633,0.10923913585659148
1257,state_free,2,0.033711332055750866,0.10912211877435134
1258,state_free,2,0.03685374113089371,0.11430997483099684
1259,state_free,2,0.032114227452651314,0.10639075774046763
1260,state_free,2,0.046403688648568094,0.12826334058153446
1261,state_free,2,0.026695904143133088,0.096809997380728
1262,state_free,2,0.03746633408354835,0.11527202317397597
1263,state_free,2,0.028890246389868784,0.10075735657195461
1264,state_free,2,0.021519273990345637,0.08664556172563176
1265,state_free,2,0.025933365324917884,0.09527455356062708
1266,state_free,2,0.022561694234415956,0.08878953696914936
1267,state_free,2,0.02894654075522582,0.10068476755836218
1268,state_free,2,0.023106848951788633,0.08984630599109375
1269,state_free,2,0.028482436053740515,0.09980380044654749
1270,state_free,2,0.027671705253735284,0.09836436686970572
1271,state_free,2,0.02828263887329537,0.09947243306600412
1272,state_free,2,0.022390112285264333,0.08830469924867107
1273,state_free,2,0.020510604969493168,0.08432750165040316
1274,state_free,2,0.02589008289954112,0.09515307900099527
1275,state_free,2,0.025605455189368697,0.09463780530955745
1276,state_free,2,0.02175792748815998,0.08695886015580453
1277,state_free,2,0.0234014716568748,0.09035223486136457
1278,state_free,2,0.02540628198632838,0.09428344140422786
1279,state_free,2,0.02167969803271811,0.08679878825221683
1280,state_free,2,0.03349761612340303,0.10862513134686422
1281,state_free,2,0.04078148100423371,0.12033049267726793
1282,state_free,2,0.02106006249592746,0.08555866167286819
1283,state_free,2,0.028503426967837073,0.09980056362258882
1284,state_free,2,0.021207925095137064,0.08581879102935791
1285,state_free,2,0.035754404588238,0.11246836343495867
1286,state_free,2,0.028680973858173024,0.10026445506811667
1287,state_free,2,0.02424138928996381,0.0920963766733077
1288,state_free,2,0.030701254608972346,0.10373889287387182
1289,state_free,2,0.0204873037644205,0.08425511295301816
1290,state_free,2,0.027133079507477634,0.09734998053563489
1291,state_free,2,0.022244872394163798,0.08793103382307885
1292,state_free,2,0.027109944926106345,0.09731652392143712
1293,state_free,2,0.030270098423082068,0.10294156220819325
1294,state_free,2,0.02340603106642039,0.09037265163168635
1295,state_free,2,0.024215425308223827,0.09205462141258894
1296,state_free,2,0.05627131559967384,0.14066732662402281
1297,state_free,2,0.04004756550060765,0.11926222587463238
1298,state_free,2,0.032669636036842274,0.10724934077349531
1299,state_free,2,0.024562236081873322,0.09268789366375037
1300,state_free,2,0.023915914361999826,0.09143959421847972
1301,state_free,2,0.022630837661683327,0.08881540387134894
1302,state_free,2,0.03410730368233701,0.10967056074474536
1303,state_free,2,0.022634258326973154,0.08877487529261943
1304,state_free,2,0.033305234051319486,0.10827144379553466
1305,state_free,2,0.019457154397333584,0.07038224379316224
1306,state_free,2,0.019289558326294736,0.06978287156132933
1307,state_free,2,0.018425311421998655,0.06777820303790585
1308,state_free,2,0.020404498382640624,0.07250388164068455
1309,state_free,2,0.01990284862916973,0.07112079451704496
1310,state_free,2,0.020894326894033217,0.07335554608724518
1311,state_free,2,0.019684912930032862,0.07054632341825047
1312,state_free,2,0.017489594830871324,0.06573453975458675
1313,state_free,2,0.01580795502547262,0.06247385112895874
1314,state_free,2,0.018799453382228472,0.06884019745601093
1315,state_free,2,0.020094906178640775,0.07168223466987664
1316,state_free,2,0.01906058083298732,0.06922497432270279
1317,state_free,2,0.016384670104316778,0.06352102120491701
1318,state_free,2,0.01988517406670621,0.07129584592991496
1319,state_free,2,0.016021432171238713,0.06288202952331981
1320,state_free,2,0.020623285138811877,0.07306040302776004
1321,state_free,2,0.019720730038274684,0.07077889947747538
1322,state_free,2,0.019536584723041785,0.07041984753880114
1323,state_free,2,0.020869116878433114,0.07330375546686933
1324,state_free,2,0.021816002091602033,0.07545182469896317
1325,state_free,2,0.018726497907086224,0.0683964668621174
1326,state_free,2,0.019352400928037448,0.06985476017714051
1327,state_free,2,0.021239662286512608,0.07419602215096059
1328,state_free,2,0.022198055590799043,0.07609750681076785
1329,state_free,2,0.022879959438991467,0.07750346021685188
1330,state_free,2,0.02070425985420281,0.07285244365250194
1331,state_free,2,0.020451360077008623,0.07221887351205016
1332,state_free,2,0.01781110254913244,0.06634172014836852
1333,state_free,2,0.01894928500489254,0.0688966018224548
1334,state_free,2,0.02313409978019469,0.0780563579202573
1335,state_free,2,0.023644576869607185,0.07883509176207842
1336,state_free,2,0.02244167605235712,0.07636725648493221
1337,state_free,2,0.019546120882680536,0.07000878112303047
1338,state_free,2,0.019554121094726543,0.07014446793140695
1339,state_free,2,0.020946273605627116,0.07324411479981012
1340,state_free,2,0.022974003878477117,0.07753554662863926
1341,state_free,2,0.022651586076392536,0.07680780089612242
1342,state_free,2,0.0197343555008067,0.07047491724704807
1343,state_free,2,0.020855488200341478,0.07307574838652908
1344,state_free,2,0.02257076176253616,0.07682219271031081
1345,state_free,2,0.02175680819869195,0.07489379108423677
1346,state_free,2,0.02381094645386697,0.07906493748418444
1347,state_free,2,0.022179921420725418,0.07575468939154362
1348,state_free,2,0.021571765229110435,0.07454551566599824
1349,state_free,2,0.022887645061497625,0.0771877700475331
1350,state_free,2,0.0222959840026504,0.07590069466470084
1351,state_free,2,0.02153198945670392,0.07438466142644008
1352,state_free,2,0.01972712189801144,0.07041053885912606
1353,state_free,2,0.019154847023080162,0.0691530828336372
1354,state_free,2,0.020432160485508367,0.07218166781827227
1355,state_free,2,0.016945780267251364,0.06459209868454444
1356,state_free,2,0.01588539561628421,0.06258863200542308
1357,state_free,2,0.017897843812914017,0.06682559716212433
1358,state_free,2,0.014033053387540045,0.05978196913604758
1359,state_free,2,0.013021819396361536,0.059028519952077974
1360,state_free,2,0.019522641475761465,0.07068389367555482
1361,state_free,2,0.01855649904516816,0.06818891249122112
1362,state_free,2,0.019879300148374728,0.07121560516950973
1363,state_free,2,0.02022958459559161,0.07201816720433123
1364,state_free,2,0.020203343542613276,0.07197298931790988
1365,state_free,2,0.01964380622360714,0.07056688119372242
1366,state_free,2,0.019263408109688122,0.06969323436135128
1367,state_free,2,0.012670081525080375,0.05836718064287682
1368,state_free,2,0.012939304331377367,0.05871534951295008
1369,state_free,2,0.013197389577204198,0.05976488235888356
1370,state_free,2,0.01423979647908136,0.06503414438373198
1371,state_free,2,0.012953612859826212,0.059152479814504166
1372,state_free,2,0.014915117687375946,0.06757419264002065
1373,state_free,2,0.012835426630989443,0.0579746251796462
1374,state_free,2,0.012593287376318735,0.058307470234021254
1375,state_free,2,0.014961485601571423,0.0677904202415428
1376,state_free,2,0.01315595145592194,0.05996282583247777
1377,state_free,2,0.01295408616691882,0.05912602827666709
1378,state_free,2,0.014839546590710712,0.06710896320724855
1379,state_free,2,0.019559400387741167,0.08065616152048259
1380,state_free,2,0.012450965672530434,0.0579866767291691
1381,state_free,2,0.012702064690104618,0.0580407720513362
1382,state_free,2,0.013601129881239366,0.06188797462355774
1383,state_free,2,0.013062003931743704,0.05943050973823104
1384,state_free,2,0.012902581377058278,0.05890318266200139
1385,state_free,2,0.013077228641537722,0.059507516257494425
1386,state_free,2,0.012978247559489732,0.05919566168697595
1387,state_free,2,0.012917167471197134,0.05883593725764151
1388,state_free,2,0.013324602828234666,0.060289355369317225
1389,state_free,2,0.013153439344351526,0.05970161329699782
1390,state_free,2,0.01281789325173598,0.05865688768232201
1391,state_free,2,0.013529269044671237,0.061557031745301666
1392,state_free,2,0.012884226708377322,0.05860018677410226
1393,state_free,2,0.012921611353439324,0.058218830817843556
1394,state_free,2,0.013109625315365065,0.05944286500062432
1395,state_free,2,0.013157899353344212,0.0587670103336159
1396,state_free,2,0.013245674263914051,0.058935121156260206
1397,state_free,2,0.013244126604934814,0.05922572215700106
1398,state_free,2,0.013404632945436059,0.06018598317873694
1399,state_free,2,0.013263280617519482,0.059831373031622455
1400,state_free,2,0.013446891616188984,0.06043386665070234
1401,state_free,2,0.01330311920213076,0.059968572867094075
1402,state_free,2,0.013318969841940151,0.060149944327943225
1403,state_free,2,0.013069566465118133,0.05921869651793231
1404,state_free,2,0.013126374586580393,0.058721582381711455
1405,state_free,2,0.013156846077255265,0.05903352505608871
1406,state_free,2,0.013188942058381368,0.05871515830884955
1407,state_free,2,0.013144802100618774,0.059095003404830766
1408,state_free,2,0.01336669403477473,0.059153738299328566
1409,state_free,2,0.013544601044708525,0.06050662386522527
1410,state_free,2,0.01314049075499386,0.05956195279897605
1411,state_free,2,0.013198755467483864,0.05949334028013072
1412,state_free,2,0.01321238475272878,0.059123708837924525
1413,state_free,2,0.013278376962645125,0.0597885279815508
1414,state_free,2,0.013171163305600756,0.05949972498662324
1415,state_free,2,0.013227200006883244,0.0596720125967541
1416,state_free,2,0.013208491324438198,0.05912014172548234
1417,state_free,2,0.013381987326820081,0.06012733840150207
1418,state_free,2,0.013197821756126826,0.058790661066018234
1419,state_free,2,0.013780473925455637,0.06229751273129805
1420,state_free,2,0.01295140905014322,0.05890457262987456
1421,state_free,2,0.013082952518003621,0.059366220981084655
1422,state_free,2,0.013840321115584898,0.06419478714457637
1423,state_free,2,0.01621386239787669,0.07118991648879829
1424,state_free,2,0.013005091325715786,0.05925074512940502
1425,state_free,2,0.012933655328491646,0.05832556649421975
1426,state_free,2,0.013454452061724579,0.0587421862606376
1427,state_free,2,0.013295286786451928,0.05900507250915826
1428,state_free,2,0.013545169828892764,0.059068534038689655
1429,state_free,2,0.0132605523001922,0.059771740229318
1430,state_free,2,0.0134708510987417,0.059486297595996405
1431,state_free,2,0.013527634265393695,0.06064281126431789
1432,state_free,2,0.0216660596333816,0.07324420042195567
1433,state_free,2,0.01894848083579902,0.06878568500457352
1434,state_free,2,0.02053807289976743,0.07109312127130979
1435,state_free,2,0.020153636948204906,0.07058633934105525
1436,state_free,2,0.020560160002056654,0.07117962769056108
1437,state_free,2,0.02027140006354918,0.07078057378959161
1438,state_free,2,0.01804082326446189,0.06773941354300082
1439,state_free,2,0.018426861279675057,0.0678913788721462
1440,state_free,2,0.017324654307374742,0.06890454827421584
1441,state_free,2,0.019645206051741148,0.06960509183494161
1442,state_free,2,0.02063497571454374,0.07124585662251326
1443,state_free,2,0.019132914356835236,0.06907991110275634
1444,state_free,2,0.0212122539896624,0.07224544904805055
1445,state_free,2,0.021587837823971553,0.07296068205916244
1446,state_free,2,0.019406880771665472,0.0696150471897599
1447,state_free,2,0.021638903856257316,0.07304269668126562
1448,state_free,2,0.019615427463387104,0.06990227808762803
1449,state_free,2,0.020666868455114503,0.0713732124120412
1450,state_free,2,0.018305345845893967,0.06790587810978954
1451,state_free,2,0.021922964406263873,0.07363779323978328
1452,state_free,2,0.01992558661289797,0.07032523700921027
1453,state_free,2,0.020238602515457588,0.07073264884529276
1454,state_free,2,0.020768331891277154,0.07152003274110594
1455,state_free,2,0.020294395560608712,0.07082437547547586
1456,state_free,2,0.01881178944315621,0.06863824354111336
1457,state_free,2,0.01994642468031329,0.07028026833382138
1458,state_free,2,0.020964276766087416,0.07178538561983068
1459,state_free,2,0.01927882232590164,0.06939923162071988
1460,state_free,2,0.01994595117287785,0.07028112621321628
1461,state_free,2,0.020158953978133557,0.07060056722966065
1462,state_free,2,0.01936937116836219,0.06950630035728132
1463,state_free,2,0.01979457623330814,0.07009231280303564
1464,state_free,2,0.018847778774712505,0.06865529864419637
1465,state_free,2,0.018786863608743466,0.06852470201580921
1466,state_free,2,0.018618625969277398,0.0682694187272378
1467,state_free,2,0.0177691973997381,0.06709975395577454
1468,state_free,2,0.02030337752228781,0.07066912225612004
1469,state_free,2,0.021443720561234433,0.07278322033549131
1470,state_free,2,0.018900505796909526,0.0687740418842135
1471,state_free,2,0.017541160912708447,0.06888679004845988
1472,state_free,2,0.018264330450552865,0.06757650283610019
1473,state_free,2,0.017172040722213476,0.0674998784331562
1474,state_free,2,0.017934194295942115,0.0670541830704428
1475,state_free,2,0.0201188948008602,0.07039521989745352
1476,state_free,2,0.017505261896253593,0.06743451224936331
1477,state_free,2,0.019505723638034198,0.06940114601965908
1478,state_free,2,0.020277051853817337,0.0706961241205809
1479,state_free,2,0.01793809299957123,0.06722159695010144
1480,state_free,2,0.01845115168897548,0.06790717201802056
1481,state_free,2,0.0183761190694779,0.06780695082375543
1482,state_free,2,0.017650855773718388,0.06693015761962996
1483,state_free,2,0.018790671763062025,0.06839982230919932
1484,state_free,2,0.017686510981741465,0.06681539208956266
1485,state_free,2,0.018567350382601648,0.06795820015227014
1486,state_free,2,0.01727007641391646,0.06967553519041184
1487,state_free,2,0.017080295437505156,0.06747849530959175
1488,state_free,2,0.019148009746661095,0.06884967389330982
1489,state_free,2,0.018990060091389028,0.0687925278169441
1490,state_free,2,0.018993897660146485,0.06879504055107642
1491,state_free,2,0.01947945812222699,0.06949380839393729
1492,state_free,2,0.019296296384563587,0.06927241005610248
1493,state_free,2,0.01901029238305796,0.06887817386179841
1494,state_free,2,0.018938284532873856,0.06875468809702005
1495,state_free,2,0.031085868327842398,0.10695499416071756
1496,state_free,2,0.02481004134919515,0.09513595308959641
1497,state_free,2,0.02084648643587198,0.08702622748685084
1498,state_free,2,0.05093732229133048,0.1373753451669835
1499,state_free,2,0.028614429726259896,0.1024528260589094
1500,state_free,2,0.028670545198479322,0.10254544601639667
1501,state_free,2,0.0315553266798038,0.10781436366085342
1502,state_free,2,0.03042704263638766,0.1057219696168384
1503,state_free,2,0.028356962267228666,0.10181868841148285
1504,state_free,2,0.032841116793421,0.1101056319739636
1505,state_free,2,0.11408544120373057,0.20160430926869546
1506,state_free,2,0.09218647096954405,0.1827346996911624
1507,state_free,2,0.06155114323629371,0.15085993213987084
1508,state_free,2,0.04994708883795192,0.13624077389959965
1509,state_free,2,0.0644834143730352,0.15428742647418875
1510,state_free,2,0.06341126846265724,0.1531696447533922
1511,state_free,2,0.04458064549767551,0.1290534714303231
1512,state_free,2,0.045264892082910436,0.12998714060178274
1513,state_free,2,0.06162287543982852,0.15092430157801479
1514,state_free,2,0.04213911923975719,0.12546296262718273
1515,state_free,2,0.03838296544125623,0.11973990948619778
1516,state_free,2,0.03509214015691306,0.11439410474641963
1517,state_free,2,0.04771478866600109,0.13321297259224654
1518,state_free,2,0.048809098098431015,0.13471625598424933
1519,state_free,2,0.03258346747711653,0.11021340227835907
1520,state_free,2,0.040484194904037,0.1228670594660784
1521,state_free,2,0.037078883536054714,0.11770068190780965
1522,state_free,2,0.034624093994727614,0.11339855179914317
1523,state_free,2,0.04696382422739031,0.13222103321074039
1524,state_free,2,0.05471482013953185,0.14238704075794928
1525,state_free,2,0.05459640192284961,0.14228435656524469
1526,state_free,2,0.031855069025797884,0.10875063761568109
1527,state_free,2,0.03836365513085436,0.11955440220354081
1528,state_free,2,0.058427477683473214,0.1470067415341008
1529,state_free,2,0.04045904608691227,0.12287985670424725
1530,state_free,2,0.044363184362038295,0.12860364959883255
1531,state_free,2,0.05873511451596953,0.1474089208432241
1532,state_free,2,0.08508136901763104,0.17607758960127934
1533,state_free,2,0.03937844050176365,0.12150033214148492
1534,state_free,2,0.10462573052405222,0.19376187223429914
1535,state_free,2,0.11309336903459778,0.20096046474321477
1536,state_free,2,0.04646258886559184,0.13188575568761626
1537,state_free,2,0.061913684503316885,0.15139517718716414
1538,state_free,2,0.08775871379132312,0.17865716607741786
1539,state_free,2,0.10983640262648812,0.19827340062298923
1540,state_free,2,0.07413820810384963,0.1651160904578745
1541,state_free,2,0.039541102515806316,0.1219567471670004
1542,state_free,2,0.07232532209301114,0.16313839280847595
1543,state_free,2,0.08911707998454013,0.17995758072245008
1544,state_free,2,0.059764881278112,0.14898127142545511
1545,state_free,2,0.051755792601542214,0.13899166128341167
1546,state_free,2,0.03783735842998313,0.1193273125222893
1547,state_free,2,0.05141321037348216,0.13848227633178634
1548,state_free,2,0.06759442901077674,0.1579896220511235
1549,state_free,2,0.05759552605327445,0.14621189814983077
1550,state_free,2,0.04105394234071679,0.12406771102728058
1551,state_free,2,0.06858470827554046,0.1590054376985851
1552,state_free,2,0.048226980125966705,0.13421174372885752
1553,state_free,2,0.04436591411167034,0.12883344146791983
1554,state_free,2,0.05732393738430612,0.1458320008483438
1555,state_free,2,0.04985339794404464,0.1363344011260909
1556,state_free,2,0.05237823893358323,0.1395828364817418
1557,state_free,2,0.09378952307668953,0.18391410699623398
1558,state_free,2,0.07592953644439607,0.16651991744150094
1559,state_free,2,0.070330323484606,0.16054179001195207
1560,state_free,2,0.08207051082067648,0.17275256287237575
1561,state_free,2,0.08276827630985047,0.17345565663030685
1562,state_free,2,0.07604324634497146,0.16664745857120378
1563,state_free,2,0.06065051179519383,0.14941672614000126
1564,state_free,2,0.07222289250198342,0.16256524419941812
1565,state_free,2,0.0813487963556011,0.17204468194514555
1566,state_free,2,0.12617523396233993,0.2112662251755816
1567,state_free,2,0.09220505485799507,0.18255514577522192
1568,state_free,2,0.06331999896484852,0.15265537915055172
1569,state_free,2,0.06295216810215573,0.15220980540884052
1570,state_free,2,0.07268948349365252,0.16310903755083828
1571,state_free,2,0.0804329351221378,0.17114593392763347
1572,state_free,2,0.10170305228835906,0.19102965037434647
1573,state_free,2,0.0850554937877504,0.17581795318615573
1574,state_free,2,0.11057813430138896,0.19874395693274338
1575,state_free,2,0.09969449301087406,0.189348339943837
1576,state_free,2,0.07344614496733383,0.16406223759443764
1577,state_free,2,0.1146165132044233,0.20211484531161197
1578,state_free,2,0.08695474358141535,0.17772282859813915
1579,state_free,2,0.07294986479079658,0.16356139448499848
1580,state_free,2,0.06478814070047449,0.1545076422228834
1581,state_free,2,0.10832119720162366,0.19685389890274738
1582,state_free,2,0.0893485267646057,0.1799435618263206
1583,state_free,2,0.10100562179246352,0.19052696304116837
1584,state_free,2,0.11329199623424112,0.20107691712208936
1585,state_free,2,0.09749131079601085,0.18742478736832896
1586,state_free,2,0.09687195113669056,0.1868722105824309
1587,state_free,2,0.08097924946074722,0.17185721296281292
1588,state_free,2,0.09431604485794923,0.1845455000908339
1589,state_free,2,0.06350822639984066,0.1530228057542345
1590,state_free,2,0.10317309136213344,0.19243814508819035
1591,state_free,2,0.10347300369746394,0.1927448541329331
1592,state_free,2,0.09890280909494818,0.1886899108176105
1593,state_free,2,0.05668710975367796,0.1449213144111047
1594,state_free,2,0.07928734065505598,0.17011484316882725
1595,state_free,2,0.0751870813029677,0.16582861176122263
1596,state_free,2,0.06967577368276857,0.15992102792045693
1597,state_free,2,0.06592482911050572,0.1556442003624756
1598,state_free,2,0.07691281379674468,0.16763608822246048
1599,state_free,2,0.08888452974762476,0.17938818283943073
1600,state_free,2,0.06203961787618631,0.15110512575860188
1601,state_free,2,0.08474459830110764,0.1754158065710089
1602,state_free,2,0.08039526388473167,0.17116062500162443
1603,state_free,2,0.07171555107809961,0.16207323544778135
1604,state_free,2,0.08934123554958093,0.17986000999871213
1605,state_free,2,0.10352566401427389,0.1927444428728659
1606,state_free,2,0.13344439477858638,0.21683612554604167
1607,state_free,2,0.1301289173231143,0.21440433455567148
1608,state_free,2,0.11382281762000458,0.20159217694768863
1609,state_free,2,0.09217348148760142,0.18266370843390892
1610,state_free,2,0.12124775002943244,0.2075662966447567
1611,state_free,2,0.13001436470174876,0.21432421545436256
1612,state_free,2,0.07903565086663863,0.1699928354865977
1613,state_free,2,0.10044646263514692,0.190118331120751
1614,state_free,2,0.10787951315911562,0.1966166370421618
1615,state_free,2,0.07858857130140173,0.16956805070489225
1616,state_free,2,0.10296431955375841,0.192340624503333
1617,state_free,2,0.10219109493183177,0.19169410094960232
1618,state_free,2,0.10060751100503512,0.19029022822010158
1619,state_free,2,0.07432918593073452,0.1651823721783206
1620,state_free,2,0.04676833138880603,0.13205973586308212
1621,state_free,2,0.063639609632924,0.1534099080141005
1622,state_free,2,0.059169518412730805,0.1480768339347964
1623,state_free,2,0.03846845240809178,0.1198593481245459
1624,state_free,2,0.052823663278411113,0.1400094819596816
1625,state_free,2,0.058936756147603034,0.1477388830442755
1626,state_free,2,0.05325391731600441,0.14061614232769878
1627,state_free,2,0.062479186382076356,0.15204470927233701
1628,state_free,2,0.09854058968160347,0.18858466560353376
1629,state_free,2,0.03583741951515939,0.11584184343725837
1630,state_free,2,0.06244121244663772,0.1519756770989843
1631,state_free,2,0.039180600173095576,0.12098036060109961
1632,state_free,2,0.052389223639868455,0.1394651799373448
1633,state_free,2,0.047422315285391106,0.13288378038770648
1634,state_free,2,0.04999443264844775,0.1362675501499219
1635,state_free,2,0.046256456801664875,0.13122901484747485
1636,state_free,2,0.06045218964650673,0.14955985002700858
1637,state_free,2,0.03997439455658931,0.12210025468037118
1638,state_free,2,0.05134200532240251,0.13804867210527333
1639,state_free,2,0.04755843780073046,0.1330335025069136
1640,state_free,2,0.058836105275523895,0.14760484904756863
1641,state_free,2,0.06359441093785705,0.15331041342133342
1642,state_free,2,0.04690261580005029,0.13219513765972146
1643,state_free,2,0.06359302812398901,0.15332198798531915
1644,state_free,2,0.03546556340272805,0.11502578247927898
1645,state_free,2,0.05521113803030957,0.1430276422284827
1646,state_free,2,0.043215444268179,0.12691328583003503
1647,state_free,2,0.03414872566274381,0.11270783120059509
1648,state_free,2,0.037822661408125485,0.11867308517612149
1649,state_free,2,0.03485196085040423,0.11378695061381482
1650,state_free,2,0.04031952031853499,0.1224495352340902
1651,state_free,2,0.037095465148612554,0.1174260303777242
1652,state_free,2,0.04660745041956786,0.13159597721271826
1653,state_free,2,0.047901604360617606,0.13339783574089878
1654,state_free,2,0.06413229767273462,0.1538835849996636
1655,state_free,2,0.05737437754793459,0.14576745633524393
1656,state_free,2,0.05266999896948418,0.13975712531977572
1657,state_free,2,0.0476848726967448,0.13321722611646325
1658,state_free,2,0.03552062988433605,0.11502833957632957
1659,state_free,2,0.07016391363295091,0.16066939790524182
1660,state_free,2,0.05053666688859905,0.13704700849483856
1661,state_free,2,0.05165686233020183,0.13852777191122903
1662,state_free,2,0.05621298866838619,0.14438380177624346
1663,state_free,2,0.04871638956756924,0.13469271308532244
1664,state_free,2,0.056600645378233755,0.1448684960959051
1665,state_free,2,0.05198203467465409,0.13896773138854365
1666,state_free,2,0.04175577046632117,0.12488704517884731
1667,state_free,2,0.03797253346327275,0.1190600320146575
1668,state_free,2,0.04465942403832377,0.12898304235009245
1669,state_free,2,0.03933476571733548,0.12107939697582279
1670,state_free,2,0.07532397942076469,0.16623096820710287
1671,state_free,2,0.0516668416910631,0.13855543738284676
1672,state_free,2,0.04265287881499146,0.12618846265364764
1673,state_free,2,0.06031238568777203,0.14946233655669325
1674,state_free,2,0.04416704572263437,0.12835788190060132
1675,state_free,2,0.06412800134652395,0.15393245877260095
1676,state_free,2,0.07476635910073852,0.16569959188591107
1677,state_free,2,0.06476582696411279,0.1547584013647719
1678,state_free,2,0.07977143659701222,0.17092988518700347
1679,state_free,2,0.08190318846153496,0.17307300693419514
1680,state_free,2,0.07130362008342925,0.16212621145329736
1681,state_free,2,0.051442658852884494,0.13848513773513754
1682,state_free,2,0.07705209863416136,0.16816299760078063
1683,state_free,2,0.0806649432765116,0.17186250825025853
1684,state_free,2,0.011084745071863607,0.0614021090690588
1685,state_free,2,0.008335717347122571,0.05208321533324303
1686,state_free,2,0.024928147574997315,0.09410224287538592
1687,state_free,2,0.026431075169173836,0.09695477263828942
1688,state_free,2,0.027344259012843472,0.09861400286564087
1689,state_free,2,0.02212989735423337,0.08868457530369066
1690,state_free,2,0.03352939711334685,0.10941372958052901
1691,state_free,2,0.016256535664623352,0.0757838578915935
1692,state_free,2,0.00884998464892832,0.053947968650958605
1693,state_free,2,0.021699491062817974,0.08774645055856065
1694,state_free,2,0.009789896960886913,0.057074737386468406
1695,state_free,2,0.01273008720530089,0.0664497385309645
1696,state_free,2,0.026953148258287384,0.09786240994692383
1697,state_free,2,0.018778880336040728,0.0815099508189636
1698,state_free,2,0.00783228777084166,0.05022107259566324
1699,state_free,2,0.015751597536145034,0.07446847419055136
1700,state_free,2,0.014766270603483341,0.07192482774072743
1701,state_free,2,0.012106065987393904,0.06438813864510409
1702,state_free,2,0.01342217252665866,0.0682071696217209
1703,state_free,2,0.011869905556564876,0.0637039960670823
1704,state_free,2,0.01572706527486001,0.0743813349781904
1705,state_free,2,0.010884535390987129,0.06065399916684629
1706,state_free,2,0.019380000091638778,0.08280675961166399
1707,state_free,2,0.014618180458145757,0.07151509707708933
1708,state_free,2,0.009086726048795051,0.05452377201004585
1709,state_free,2,0.012864827765878361,0.06657594871554591
1710,state_free,2,0.012890656742667874,0.06656988673751052
1711,state_free,2,0.016863908874004435,0.07713170327716887
1712,state_free,2,0.007537799982062503,0.048411661525394924
1713,state_free,2,0.011927426896864346,0.06376103574849712
1714,state_free,2,0.015511134650766279,0.07378499412169655
1715,state_free,2,0.015679650124789092,0.07422063468527097
1716,state_free,2,0.011807322281634516,0.06336869069152949
1717,state_free,2,0.013426895933226369,0.06808691419010979
1718,state_free,2,0.010117878124533493,0.05777869569135943
1719,state_free,2,0.013208610428285783,0.06743065987168322
1720,state_free,2,0.009157873178665996,0.05461084725684869
1721,state_free,2,0.009427213100349186,0.055499560915022034
1722,state_free,2,0.010186644321102377,0.0579382749169085
1723,state_free,2,0.01680056059790618,0.07695625422914494
1724,state_free,2,0.008556432550326579,0.052409692273541045
1725,state_free,2,0.010077254291240489,0.057644818780868655
1726,state_free,2,0.014843929018965064,0.0719970536584284
1727,state_free,2,0.013651540306194055,0.06866814247186274
1728,state_free,2,0.020970717251161276,0.08622201439321742
1729,state_free,2,0.012888174298995652,0.06652700017539263
1730,state_free,2,0.012999507689135846,0.06684650206446462
1731,state_free,2,0.009871030536094495,0.05694056772273834
1732,state_free,2,0.012817270229066188,0.06624126246151048
1733,state_free,2,0.008862307865854976,0.05351228969965441
1734,state_free,2,0.012003647029053436,0.06392002301208696
1735,state_free,2,0.01328407018570232,0.06763527761259079
1736,state_free,2,0.021159491828575596,0.08661463981121277
1737,state_free,2,0.0185120175752318,0.08085140734362643
1738,state_free,2,0.011152120289626763,0.06135514916672202
1739,state_free,2,0.011269117162934968,0.06172159461123345
1740,state_free,2,0.009828054285878282,0.05680447841046573
1741,state_free,2,0.01557950369870017,0.07397266153961764
1742,state_free,2,0.010687440275631026,0.05973026861683317
1743,state_free,2,0.011067650837150196,0.06103755206830373
1744,state_free,2,0.011309634413824893,0.06184926153565906
1745,state_free,2,0.010681999813129455,0.05971208934555651
1746,state_free,2,0.009339078305222404,0.053830218202110654
1747,state_free,2,0.009353771915065113,0.05371148675296878
1748,state_free,2,0.009194911909097459,0.05295346459682503
1749,state_free,2,0.010231840253984855,0.05708643914176662
1750,state_free,2,0.00892540738973663,0.0509814691972846
1751,state_free,2,0.009765893389258914,0.05507714241953539
1752,state_free,2,0.00902299554730117,0.051882408449747744
1753,state_free,2,0.00905203453134369,0.05193090307322256
1754,state_free,2,0.009575200935190896,0.054363588112151986
1755,state_free,2,0.008717286073211625,0.050928898447319064
1756,state_free,2,0.011967830334841867,0.06298989541113675
1757,state_free,2,0.015550679445816763,0.07367766837813913
1758,state_free,2,0.011903218196402013,0.06286283770902401
1759,state_free,2,0.009728761715329857,0.05508260060813204
1760,state_free,2,0.008909901516052959,0.0511524481067068
1761,state_free,2,0.009015486067718537,0.05155774828302748
1762,state_free,2,0.00914549039617735,0.05234415373717166
1763,state_free,2,0.00907816942943461,0.051891942949403934
1764,state_free,2,0.009166249605427817,0.05230456439124609
1765,state_free,2,0.009839945993693313,0.05522123880006626
1766,state_free,2,0.009106207250192042,0.05216309101270776
1767,state_free,2,0.009541723761742602,0.05414493853277573
1768,state_free,2,0.01003578032879002,0.05616757362773184
1769,state_free,2,0.008974340927116586,0.05101887641375392
1770,state_free,2,0.00905970843149971,0.05176747124428074
1771,state_free,2,0.008994575242176566,0.05127634649085201
1772,state_free,2,0.009579389552625201,0.05411103110153409
1773,state_free,2,0.010456309665108784,0.05762016045823111
1774,state_free,2,0.009096873679703823,0.0519567459737397
1775,state_free,2,0.009056780967650516,0.051345586529243904
1776,state_free,2,0.00914485124694816,0.05230275649666342
1777,state_free,2,0.009105034445959958,0.05195691343416986
1778,state_free,2,0.010622371184729824,0.0583371111456862
1779,state_free,2,0.009189144602576124,0.052484235826871076
1780,state_free,2,0.012082937668012389,0.06330680276429321
1781,state_free,2,0.01079993277038782,0.059124463379152746
1782,state_free,2,0.009048585151663912,0.05198898921033131
1783,state_free,2,0.009032401263626687,0.051987627432553835
1784,state_free,2,0.009038664644193945,0.05198025049564961
1785,state_free,2,0.009073894916454212,0.052162426424508496
1786,state_free,2,0.00970883262799746,0.054799294175361585
1787,state_free,2,0.010979591558248706,0.059671434672066016
1788,state_free,2,0.009031246342327772,0.05091557335070186
1789,state_free,2,0.009847803413379543,0.05533999093540862
1790,state_free,2,0.015190444827175614,0.07270717396949519
1791,state_free,2,0.010378532253571302,0.057669375421871914
1792,state_free,2,0.03674891372361694,0.11467149780828566
1793,state_free,2,0.012109568733776409,0.0643585235789275
1794,state_free,2,0.03176806403577224,0.10678558617132124
1795,state_free,2,0.009899077358890214,0.056658426849081255
1796,state_free,2,0.04216362273571765,0.1229839140768415
1797,state_free,2,0.010254309107614976,0.05780728468574599
1798,state_free,2,0.04113782507828224,0.12152747018142789
1799,state_free,2,0.011653762145943141,0.0625934126482927
1800,state_free,2,0.008773489640836303,0.05159187912784718
1801,state_free,2,0.019016595904340086,0.0826813479736878
1802,state_free,2,0.012390919094367837,0.06475310957939287
1803,state_free,2,0.018868819737534917,0.08248256910914836
1804,state_free,2,0.008785814282335058,0.051775296225419085
1805,state_free,2,0.010147036177544604,0.0570135719997063
1806,state_free,2,0.010859958506851777,0.059483020317425105
1807,state_free,2,0.011069482699351114,0.060110544066277166
1808,state_free,2,0.009261608370966245,0.053461586346672876
1809,state_free,2,0.016839149356485218,0.07476096799954449
1810,state_free,2,0.019762329645240027,0.08233288993293743
1811,state_free,2,0.01708652571654126,0.07559197670320308
1812,state_free,2,0.016353686107649944,0.07341005378214671
1813,state_free,2,0.01564870840715344,0.07118651863485267
1814,state_free,2,0.015431697978150721,0.07046819249180782
1815,state_free,2,0.016599066435449124,0.07419783073481508
1816,state_free,2,0.015886870570566706,0.07199956836044669
1817,state_free,2,0.011435867143152895,0.056821710749361556
1818,state_free,2,0.014809326727524698,0.0685056314659406
1819,state_free,2,0.013880489968834508,0.06595370812214277
1820,state_free,2,0.015102199082513324,0.06924143169632292
1821,state_free,2,0.015729344610389284,0.07121660614971248
1822,state_free,2,0.015753228762676506,0.0713279499735207
1823,state_free,2,0.014418765930744893,0.0673958508677569
1824,state_free,2,0.020386255287377524,0.08364799613800936
1825,state_free,2,0.02072400564963341,0.0844322692419038
1826,state_free,2,0.013243305260314763,0.06382705737835204
1827,state_free,2,0.013974518606363812,0.06619685449322557
1828,state_free,2,0.013460574654802101,0.06470382902811804
1829,state_free,2,0.01974765072981036,0.08222724127058834
1830,state_free,2,0.02125904405369703,0.08554004551119883
1831,state_free,2,0.020833054001038437,0.0846905671369003
1832,state_free,2,0.012957007388785682,0.06278991227317608
1833,state_free,2,0.014584068114182426,0.06783460032498734
1834,state_free,2,0.015901663461812553,0.07179396037969701
1835,state_free,2,0.015064450333466881,0.06915502482068528
1836,state_free,2,0.015608423429486724,0.07084922990679329
1837,state_free,2,0.018918400890479563,0.08031507343970405
1838,state_free,2,0.013971241947213366,0.06621094550289752
1839,state_free,2,0.016414417390339303,0.07348807907927923
1840,state_free,2,0.012219104583485524,0.059471416931460734
1841,state_free,2,0.014276628910211767,0.06705971758444912
1842,state_free,2,0.016500370767783986,0.07380410463109528
1843,state_free,2,0.01743468746470907,0.07648369641935987
1844,state_free,2,0.01774053453601241,0.07733274067389088
1845,state_free,2,0.017442400646955746,0.07653358365475758
1846,state_free,2,0.015104375899878165,0.0693915132433176
1847,state_free,2,0.013890643607182972,0.06597478605747491
1848,state_free,2,0.01452539339501581,0.06769462987322247
1849,state_free,2,0.01962995627161822,0.08201541517308156
1850,state_free,2,0.01368637610927397,0.06540596726263984
1851,state_free,2,0.012812496325588807,0.06219088006083121
1852,state_free,2,0.017194977441676872,0.07577044765560725
1853,state_free,2,0.014898682507262085,0.06871254987885886
1854,state_free,2,0.013637817745472524,0.065189414207565
1855,state_free,2,0.014707679458131822,0.06815279873737819
1856,state_free,2,0.0143674638031307,0.06728563645337632
1857,state_free,2,0.01476041726741157,0.06830571134783615
1858,state_free,2,0.013625037649652961,0.06511104917804662
1859,state_free,2,0.015485511336581336,0.07045147959353937
1860,state_free,2,0.013305941321132709,0.0640417020726087
1861,state_free,2,0.01540493259010753,0.07026849208104256
1862,state_free,2,0.015661360164902133,0.07095369249109731
1863,state_free,2,0.015306915688512859,0.06991913669589858
1864,state_free,2,0.019581872400991705,0.08185112243690919
1865,state_free,2,0.016442118647989497,0.07358105745977152
1866,state_free,2,0.0146873264928268,0.0681195457015796
1867,state_free,2,0.01497571615732244,0.06890426972809234
1868,state_free,2,0.01573252557124449,0.07125881414013124
1869,state_free,2,0.012015522184006895,0.05836982601172247
1870,state_free,2,0.01609296810555887,0.06536271583940867
1871,state_free,2,0.016256386058305518,0.06581390544228176
1872,state_free,2,0.017311824417740485,0.07213551024305467
1873,state_free,2,0.017432374235361786,0.07273846488205735
1874,state_free,2,0.016193241848881837,0.0660208598343698
1875,state_free,2,0.01623027465545033,0.06637544830393921
1876,state_free,2,0.01629869184396109,0.06541857206254316
1877,state_free,2,0.016227823185978242,0.06627230897496865
1878,state_free,2,0.01626155366676174,0.06618317176576227
1879,state_free,2,0.016745330028594994,0.07044260600969872
1880,state_free,2,0.016579395281832894,0.06464607912229435
1881,state_free,2,0.016292436676251652,0.06672639019734689
1882,state_free,2,0.01626402662492569,0.06612092597656556
1883,state_free,2,0.016642797978492586,0.06525139296189286
1884,state_free,2,0.016625516783281395,0.06861091913954898
1885,state_free,2,0.01678766754081181,0.0647622233302042
1886,state_free,2,0.016553220702264063,0.06795956900111802
1887,state_free,2,0.016503664911435043,0.06574582988199984
1888,state_free,2,0.016812138835216973,0.0697369309728842
1889,state_free,2,0.01645677842057274,0.0658136918599018
1890,state_free,2,0.016527836236229675,0.06562869875531291
1891,state_free,2,0.01643069101119702,0.06674729275148897
1892,state_free,2,0.016809721145112894,0.06959975516060508
1893,state_free,2,0.016528741576975124,0.06569248666882778
1894,state_free,2,0.01640430198281865,0.06633705540073823
1895,state_free,2,0.01647937386740288,0.06582876183160576
1896,state_free,2,0.016480078154160267,0.0675562811807787
1897,state_free,2,0.016838989683150216,0.06964101628187366
1898,state_free,2,0.016370150371264967,0.06630877502049233
1899,state_free,2,0.016522905514412146,0.06568778084973874
1900,state_free,2,0.016418716589215766,0.06597416735962587
1901,state_free,2,0.01911084897296397,0.07778299890993308
1902,state_free,2,0.01643163782383995,0.06756849369414357
1903,state_free,2,0.01709424718208821,0.0712620709239381
1904,state_free,2,0.01626820994325202,0.06664337434333156
1905,state_free,2,0.016252347129258427,0.0663209711545431
1906,state_free,2,0.01864811573463732,0.0766136514616507
1907,state_free,2,0.016242282842483573,0.06596400193090923
1908,state_free,2,0.016331613640095242,0.06698395589527663
1909,state_free,2,0.016357417200328527,0.06719161919646217
1910,state_free,2,0.016302579994374157,0.06605764824416617
1911,state_free,2,0.01637907438731348,0.06572690521051329
1912,state_free,2,0.016429658584843097,0.06743502626515015
1913,state_free,2,0.017468444571458307,0.07280174959107143
1914,state_free,2,0.016241201428355622,0.06626754818868888
1915,state_free,2,0.017055151082639598,0.07106780240831427
1916,state_free,2,0.01645905158138723,0.06816271042403768
1917,state_free,2,0.017029564552774677,0.07108338537387601
1918,state_free,2,0.016332235858330192,0.0672272750920488
1919,state_free,2,0.01623986699692316,0.06621860621923094
1920,state_free,2,0.016288697419375976,0.06546426012694517
1921,state_free,2,0.016328387215673944,0.06713969053268612
1922,state_free,2,0.016615428188071293,0.06489109745593556
1923,state_free,2,0.017254852268845024,0.07235886854737336
1924,state_free,2,0.01626942113836848,0.06618572417187955
1925,state_free,2,0.016371294580219242,0.06732199203864518
1926,state_free,2,0.016474547610103696,0.06794409976583057
1927,state_free,2,0.016835972578945747,0.07022131347097667
1928,state_free,2,0.01697410307744487,0.07075842543905861
1929,state_free,2,0.016224743246636964,0.06626257621757403
1930,state_free,2,0.017222580294991324,0.0718496151266125
1931,state_free,2,0.01620945153450815,0.06614105437954076
1932,state_free,2,0.016201680281580467,0.0655892183313687
1933,state_free,2,0.018686223216285033,0.07676850986967146
1934,state_free,2,0.01740921246100227,0.06475024331970582
1935,state_free,2,0.0171447008448841,0.06409424108477965
1936,state_free,2,0.019163462894865674,0.0671607163555104
1937,state_free,2,0.01818397243118851,0.06558956967224418
1938,state_free,2,0.02105601913279423,0.07159101562543882
1939,state_free,2,0.018431274149666485,0.06595207421720771
1940,state_free,2,0.0194908172246832,0.06794820591393283
1941,state_free,2,0.01972004470650106,0.06842540942800424
1942,state_free,2,0.018240450388700723,0.06570273969538937
1943,state_free,2,0.017786197200133226,0.06497966140196225
1944,state_free,2,0.018163068469236453,0.06556935116804148
1945,state_free,2,0.0179625669102745,0.06525721778852701
1946,state_free,2,0.016944356953732115,0.06418361187449884
1947,state_free,2,0.017415192766992403,0.06443739484713591
1948,state_free,2,0.016194526681872674,0.0649863959998405
1949,state_free,2,0.01645038425326109,0.06433439833354368
1950,state_free,2,0.01799731532581377,0.06528644024280748
1951,state_free,2,0.0172149306959144,0.06415425601556185
1952,state_free,2,0.018143131715295625,0.06550374135619026
1953,state_free,2,0.01778816723843957,0.07451996180740908
1954,state_free,2,0.01908145169112382,0.06709343839165081
1955,state_free,2,0.0193920630369687,0.06779908397978238
1956,state_free,2,0.017991295075680508,0.0653078206575625
1957,state_free,2,0.02145118763611246,0.0724165686408135
1958,state_free,2,0.02060637127588623,0.07055236554739641
1959,state_free,2,0.02055590124406442,0.07038656285909595
1960,state_free,2,0.01912415116422467,0.06705322207596494
1961,state_free,2,0.019988410036863993,0.06908919797118059
1962,state_free,2,0.018554994890289448,0.06615314602055786
1963,state_free,2,0.022963709554146346,0.07527282359556206
1964,state_free,2,0.019083041393807572,0.06699338664458578
1965,state_free,2,0.023705723014866956,0.07663702493379364
1966,state_free,2,0.02219922719337404,0.07381123286731424
1967,state_free,2,0.02333100828819277,0.07591466472845884
1968,state_free,2,0.023194114169770522,0.07566110776088547
1969,state_free,2,0.02202773208055274,0.07343502424560086
1970,state_free,2,0.02078421539594369,0.07076851787285354
1971,state_free,2,0.0225662830034889,0.07447230657723172
1972,state_free,2,0.02299911041952395,0.07527010843135722
1973,state_free,2,0.021527908043197118,0.07236519595511512
1974,state_free,2,0.02239075121709229,0.07414023006117851
1975,state_free,2,0.022860231204661522,0.07504579974536936
1976,state_free,2,0.02453328469150855,0.07819436279174309
1977,state_free,2,0.02349787944621001,0.07618493607874564
1978,state_free,2,0.024175064357485693,0.07739853178140227
1979,state_free,2,0.022463186305898383,0.07425475840143214
1980,state_free,2,0.019869415487427967,0.06857795779275447
1981,state_free,2,0.023129249870949168,0.07552503383117275
1982,state_free,2,0.026030767448279236,0.08109016353153257
1983,state_free,2,0.024401254094393466,0.07778522473297127
1984,state_free,2,0.026128726164355333,0.08122807256173703
1985,state_free,2,0.023956954864726265,0.07698364694267783
1986,state_free,2,0.02854719094346142,0.08553273029279337
1987,state_free,2,0.02347074504749519,0.07616114514206736
1988,state_free,2,0.027636330186095223,0.08388384747909869
1989,state_free,2,0.02972340071161406,0.087517918656552
1990,state_free,2,0.0221576856096854,0.07353847088497853
1991,state_free,2,0.028113035566979905,0.08469885033144374
1992,state_free,2,0.0267927785866698,0.08231119064993304
1993,state_free,2,0.02977093739066729,0.08749170766864901
1994,state_free,2,0.02928594961999265,0.08663735162031998
1995,state_free,2,0.016765011415860148,0.07020961016973314
1996,state_free,2,0.017515288026609656,0.07331280613238235
1997,state_free,2,0.016464817338540595,0.06912377435164727
1998,state_free,2,0.018378935765859514,0.07614398030960914
1999,state_free,2,0.01752136866401436,0.07352249092149421
2000,state_free,2,0.016983372337461375,0.07138656675896247
2001,state_free,2,0.017962565069617537,0.07491898301152566
2002,state_free,2,0.018881119476560022,0.07746256639482148
2003,state_free,2,0.017308249903406327,0.07258286089931416
2004,state_free,2,0.01856542636862304,0.07666349678228801
2005,state_free,2,0.020391885645529826,0.08140833494674929
2006,state_free,2,0.02042294438798615,0.08151057095423161
2007,state_free,2,0.01898501286887686,0.07777093800789019
2008,state_free,2,0.017597283374561644,0.07376087972545699
2009,state_free,2,0.016251011339411137,0.06820390849758944
2010,state_free,2,0.01823597573143101,0.07580726751229032
2011,state_free,2,0.018613811647310446,0.076784310973023
2012,state_free,2,0.016662036453244596,0.07010311636822401
2013,state_free,2,0.016231166587988267,0.06738435236172878
2014,state_free,2,0.017737254242322,0.07407691726211403
2015,state_free,2,0.01693354603024395,0.07104631041738911
2016,state_free,2,0.016121600045117694,0.06586747471035971
2017,state_free,2,0.019160376175528196,0.07813412813889997
2018,state_free,2,0.017874485012629587,0.074570148706998
2019,state_free,2,0.016716832477261124,0.0702056960237604
2020,state_free,2,0.01740112632379233,0.072835778038114
2021,state_free,2,0.01676411896276993,0.07027711105530256
2022,state_free,2,0.016932679364246667,0.07101645680056069
2023,state_free,2,0.01746189425543534,0.0730433599409823
2024,state_free,2,0.016995436470110682,0.07127858879842645
2025,state_free,2,0.01677923897452911,0.07047366623038699
2026,state_free,2,0.01857965145616537,0.07666835002437535
2027,state_free,2,0.01633529289139769,0.0679636421854674
2028,state_free,2,0.01620493060849077,0.06551214677747633
2029,state_free,2,0.01762907846279031,0.07365349002092728
2030,state_free,2,0.016756086942646766,0.07032591983045014
2031,state_free,2,0.016423848690703707,0.06826731240196074
2032,state_free,2,0.01623061929404306,0.06689770961147387
2033,state_free,2,0.01643662547462803,0.06825234790269244
2034,state_free,2,0.017131594823600355,0.07165552786141656
2035,state_free,2,0.01670350408732333,0.06967473800807547
2036,state_free,2,0.01641336753299472,0.06786553910176713
2037,state_free,2,0.016314006722370072,0.06734285212823035
2038,state_free,2,0.017017118048031445,0.07110208309200168
2039,state_free,2,0.01632040299543248,0.06701540392443892
2040,state_free,2,0.016308114838010982,0.06614156085686976
2041,state_free,2,0.016393408678565202,0.0673216429453065
2042,state_free,2,0.017453365774692278,0.0726882965388839
2043,state_free,2,0.01647541608919734,0.06804105869691002
2044,state_free,2,0.016564632708281707,0.06863728767159047
2045,state_free,2,0.016336283591587227,0.06630532183912355
2046,state_free,2,0.016321644104733336,0.0665676001994386
2047,state_free,2,0.01923570451395877,0.07826724067315717
2048,state_free,2,0.01625974113213178,0.06764846185314913
2049,state_free,2,0.01632095045979879,0.06591254733221054
2050,state_free,2,0.016355709935381244,0.06683785229039352
2051,state_free,2,0.01644204148830839,0.06582157644360902
2052,state_free,2,0.016444516828906356,0.06577424359067505
2053,state_free,2,0.017437438803830505,0.07249448591118775
2054,state_free,2,0.01725222110053773,0.07185775164886864
2055,state_free,2,0.016413378556519673,0.06643179763207256
2056,state_free,2,0.03188101476462663,0.08820989840934394
2057,state_free,2,0.028974313760479355,0.084215945294577
2058,state_free,2,0.027623516491162438,0.08291564842016018
2059,state_free,2,0.028586932925650194,0.0838555642967493
2060,state_free,2,0.027707013243931558,0.08291951222578564
2061,state_free,2,0.02662062283536508,0.08227729626415158
2062,state_free,2,0.030189462145971038,0.08576683970599977
2063,state_free,2,0.029074193023628736,0.08431937179813952
2064,state_free,2,0.02737173932936917,0.08267633215339762
2065,state_free,2,0.026961624726432994,0.08233829526420712
2066,state_free,2,0.02753787762345978,0.08270047690021412
2067,state_free,2,0.03185817115326437,0.10203407889428844
2068,state_free,2,0.025984396454179423,0.08138554585967347
2069,state_free,2,0.02463836809166797,0.08161782551873649
2070,state_free,2,0.026049859601805676,0.08153062449550594
2071,state_free,2,0.027296565490781008,0.08228907224390271
2072,state_free,2,0.029959358947699674,0.08531892547086185
2073,state_free,2,0.029704611662712387,0.08500761735989461
2074,state_free,2,0.02960452025388962,0.08490820240841723
2075,state_free,2,0.028586032528931393,0.08373674411527855
2076,state_free,2,0.027650885097324246,0.08277605785764168
2077,state_free,2,0.028134439258880838,0.08334293495134065
2078,state_free,2,0.0281567344411978,0.08338690011576469
2079,state_free,2,0.026769170882394423,0.08210076540636112
2080,state_free,2,0.028046425322076084,0.0832259146096587
2081,state_free,2,0.027976033721945924,0.08318314967819045
2082,state_free,2,0.026767176460193606,0.08206113150547623
2083,state_free,2,0.02901065820734749,0.0842280914218777
2084,state_free,2,0.027613523349845306,0.08277587999642909
2085,state_free,2,0.03130469247299815,0.08726989084923323
2086,state_free,2,0.02977418223513991,0.0851592582320536
2087,state_free,2,0.029630855778872353,0.08498687247187171
2088,state_free,2,0.028636510254896313,0.08389530895289195
2089,state_free,2,0.030982807878677722,0.08679295678159163
2090,state_free,2,0.029145823068553164,0.08445042557923482
2091,state_free,2,0.02901501523804244,0.08429799441465255
2092,state_free,2,0.030710753824110627,0.08642265301723284
2093,state_free,2,0.02529126885993447,0.08609059733748489
2094,state_free,2,0.030588945595808735,0.08625241832515691
2095,state_free,2,0.02726537071030264,0.08256382531739911
2096,state_free,2,0.027262337400534613,0.08258093862717679
2097,state_free,2,0.03205433620451274,0.0883339884322447
2098,state_free,2,0.027752545806326644,0.08303215696904279
2099,state_free,2,0.027736777220164634,0.0830374412409129
2100,state_free,2,0.02976473005684192,0.08518352387911222
2101,state_free,2,0.03025249246596548,0.08576811344442142
2102,state_free,2,0.028471761028091697,0.08382866941853248
2103,state_free,2,0.026950613010863822,0.08248880280418518
2104,state_free,2,0.027020752377861564,0.08243388232089456
2105,state_free,2,0.028092937248140413,0.0833475114153511
2106,state_free,2,0.031596434377509974,0.08769011024783709
2107,state_free,2,0.02871478221964158,0.08400373757561817
2108,state_free,2,0.02541347799329589,0.08280310932948313
2109,state_free,2,0.02564339141156409,0.08215515324892986
2110,state_free,2,0.02975704559418422,0.0851682731053389
2111,state_free,2,0.0283138704384644,0.08352216101837912
2112,state_free,2,0.02894665380813559,0.08415043347949105
2113,state_free,2,0.029786698990192838,0.08518078080001847
2114,state_free,2,0.02969856205991004,0.08506414519817072
2115,state_free,2,0.025063782346523046,0.08190702540168739
2116,state_free,2,0.030352812667939568,0.08598710345125743
2117,state_free,2,0.028034433808319405,0.08330571982038444
2118,state_free,2,0.02792348737653007,0.0831729765371245
2119,state_free,2,0.034441899755352605,0.09204113173481752
2120,state_free,2,0.03475149139830367,0.09253264857854658
2121,state_free,2,0.03807428952616959,0.09764428981367855
2122,state_free,2,0.04010565802384651,0.10081779770609806
2123,state_free,2,0.034766871211206675,0.09226665243342998
2124,state_free,2,0.02799830979519384,0.08259448241605105
2125,state_free,2,0.033756335143054164,0.09078084611217341
2126,state_free,2,0.03801848690258608,0.09749612140973668
2127,state_free,2,0.03408515727954336,0.09124488074084226
2128,state_free,2,0.03236389108137246,0.08886708489570451
2129,state_free,2,0.02720755020855975,0.08133996343055562
2130,state_free,2,0.043896760697896046,0.10690091489123757
2131,state_free,2,0.04070638097366104,0.10170994712618117
2132,state_free,2,0.04090809493447004,0.1019690756950408
2133,state_free,2,0.02457882867650399,0.07684396648072075
2134,state_free,2,0.034485385453552245,0.09179545246864645
2135,state_free,2,0.035911597935128034,0.09416436705069163
2136,state_free,2,0.03582426194793481,0.09399062962052648
2137,state_free,2,0.03192486114335276,0.088274503627341
2138,state_free,2,0.03528762938889991,0.09313654925131873
2139,state_free,2,0.0421168659716748,0.10382243638152203
2140,state_free,2,0.03333290630152246,0.09017855103550874
2141,state_free,2,0.044379053616451836,0.1075386979345237
2142,state_free,2,0.03143682938298446,0.08757664169865292
2143,state_free,2,0.026918416323697295,0.08080003119748888
2144,state_free,2,0.021500282646250722,0.07508862411993075
2145,state_free,2,0.024133641370345987,0.07620389881008048
2146,state_free,2,0.04224629758320002,0.10429511066705754
2147,state_free,2,0.032656850629811815,0.08924402085496666
2148,state_free,2,0.04065582030251017,0.10167243744272854
2149,state_free,2,0.03800760814942534,0.09742852036437988
2150,state_free,2,0.0352355286966954,0.09305990302631152
2151,state_free,2,0.03857501453673012,0.09825877778681855
2152,state_free,2,0.03981878174471194,0.10026705224559229
2153,state_free,2,0.03864137193570631,0.09832583070261149
2154,state_free,2,0.04077984387477566,0.10171807234125481
2155,state_free,2,0.04020322305816792,0.1007655539193986
2156,state_free,2,0.035877060936985394,0.09397092435910878
2157,state_free,2,0.0377366033041892,0.09690204833957977
2158,state_free,2,0.04218558742212271,0.10375655414537341
2159,state_free,2,0.04114349777348664,0.1021970879338896
2160,state_free,2,0.0406691933641752,0.10141964816801992
2161,state_free,2,0.041123775290999344,0.10211334857319364
2162,state_free,2,0.04097090229066135,0.10189568076062303
2163,state_free,2,0.04088548938716943,0.10174240005406238
2164,state_free,2,0.0438155180105726,0.10641660719831346
2165,state_free,2,0.030450147323257605,0.08617150415247854
2166,state_free,2,0.03655272349379123,0.09499986918113748
2167,state_free,2,0.034688600123140956,0.09202761623064944
2168,state_free,2,0.028719820254895025,0.08368794873181787
2169,state_free,2,0.04588167368120465,0.10985971018061647
2170,state_free,2,0.021194888211233335,0.07645821428154646
2171,state_free,2,0.03573126999010983,0.09389342525588999
2172,state_free,2,0.033438923176719586,0.09031431250645683
2173,state_free,2,0.030111965658644654,0.08566134766263715
2174,state_free,2,0.04210333500122854,0.10377838347020357
2175,state_free,2,0.038437349203926975,0.09801565469533932
2176,state_free,2,0.032422107563042396,0.0889443183622375
2177,state_free,2,0.04035636784754877,0.10113307249832704
2178,state_free,2,0.03211942200127299,0.08850273125208394
2179,state_free,2,0.03722519861141981,0.09614319526551154
2180,state_free,2,0.03688903809106716,0.09563154412368066
2181,state_free,2,0.033181927261023335,0.08996788355191387
2182,state_free,2,0.035264465999345095,0.09303339743388063
2183,state_free,2,0.03793723839573417,0.09724658742916581
2184,state_free,2,0.03607181033220268,0.09440275954478439
2185,state_free,2,0.027101456042512653,0.08204194452530512
2186,state_free,2,0.03200296973165624,0.08878734347704131
2187,state_free,2,0.028355389098923402,0.08313126177763623
2188,state_free,2,0.041622970744787956,0.10209367713247726
2189,state_free,2,0.03148156224134246,0.08794369042173748
2190,state_free,2,0.03170657953885021,0.08831317020493033
2191,state_free,2,0.03615983852750015,0.09466355997927846
2192,state_free,2,0.031140266013065052,0.08738850589492189
2193,state_free,2,0.04754480504258889,0.11076767114922892
2194,state_free,2,0.03244633043748165,0.0893429024648986
2195,state_free,2,0.03528399256332186,0.09349211088873574
2196,state_free,2,0.037030730410342105,0.09579064254828545
2197,state_free,2,0.036445891776808556,0.09501919892246848
2198,state_free,2,0.036709083018525344,0.09537278929310304
2199,state_free,2,0.03176645823454513,0.08826391251679787
2200,state_free,2,0.03528553008468184,0.09350832064126915
2201,state_free,2,0.03364520575592935,0.09112379069591706
2202,state_free,2,0.0374845418342876,0.09638418144291262
2203,state_free,2,0.030985682560510156,0.08703714661627977
2204,state_free,2,0.04021582006025788,0.09978823325979666
2205,state_free,2,0.031146870045783887,0.08726264850923317
2206,state_free,2,0.03689080365849176,0.09561716538902269
2207,state_free,2,0.030582371646618797,0.08645137332883629
2208,state_free,2,0.03570717320747674,0.0940635814662407
2209,state_free,2,0.02932928007837914,0.08454854562763071
2210,state_free,2,0.03690070034853947,0.09563083111757374
2211,state_free,2,0.09976667029557759,0.16994281292939037
2212,state_free,2,0.026170663751035588,0.08431425797910304
2213,state_free,2,0.03818799272779462,0.09725068251025162
2214,state_free,2,0.0420185397079834,0.1020853159346377
2215,state_free,2,0.03902017511067931,0.09829572511664467
2216,state_free,2,0.03977754467025698,0.09919084006676913
2217,state_free,2,0.03898987297548207,0.09825273100370485
2218,state_free,2,0.04403903814858819,0.10500450877662505
2219,state_free,2,0.03887278103887247,0.0981167556452807
2220,state_free,2,0.03637725896937117,0.09493199044852928
2221,state_free,2,0.03469204043211627,0.09260614103282896
2222,state_free,2,0.046879863872554994,0.10913048058789769
2223,state_free,2,0.04765948514609743,0.11017464044535236
2224,state_free,2,0.04364370254796209,0.1042804501563268
2225,state_free,2,0.04151620055138414,0.10129332748602024
2226,state_free,2,0.042145219773405,0.10208936560952195
2227,state_free,2,0.04237731811836464,0.10238144286035566
2228,state_free,2,0.03484878024235297,0.09278806872090745
2229,state_free,2,0.038565616775957275,0.09774350862885063
2230,state_free,2,0.03762030866812491,0.09653900241593733
2231,state_free,2,0.044813960910873155,0.10594108456609487
2232,state_free,2,0.04519126745605009,0.10644711448622936
2233,state_free,2,0.03486761799907546,0.09281153626525274
2234,state_free,2,0.03759188880684688,0.09650485523643954
2235,state_free,2,0.04058781905377798,0.10014720228301018
2236,state_free,2,0.03639759268983507,0.09495995112090881
2237,state_free,2,0.035024998972786,0.09310410463848601
2238,state_free,2,0.03711413905447118,0.09588850833069003
2239,state_free,2,0.03552556561890722,0.09379748663656169
2240,state_free,2,0.026892972785957703,0.08352133665440398
2241,state_free,2,0.038768062819049695,0.09796330721515874
2242,state_free,2,0.03425256075700396,0.09213475390389214
2243,state_free,2,0.038121500700564616,0.09712861166680721
2244,state_free,2,0.047477868993806314,0.10997369045329486
2245,state_free,2,0.041295353012329075,0.10106414521224831
2246,state_free,2,0.036050595895179297,0.09450939308862306
2247,state_free,2,0.035495208861626534,0.09375629994578215
2248,state_free,2,0.02025318374030798,0.07365897823870349
2249,state_free,2,0.0201366072276561,0.07411467325352354
2250,state_free,2,0.020862994929779038,0.073460430599715
2251,state_free,2,0.020270560946314402,0.07577233198359873
2252,state_free,2,0.020626453389061508,0.07352868581540233
2253,state_free,2,0.020240668354354164,0.07428469945846239
2254,state_free,2,0.02053686204477318,0.0774594141084869
2255,state_free,2,0.021082447490781225,0.07337994711583992
2256,state_free,2,0.020641549271000197,0.07335236276596462
2257,state_free,2,0.02100890451964668,0.07334785222477964
2258,state_free,2,0.020609158236096527,0.07372726904274164
2259,state_free,2,0.021573006685535735,0.07374230398261204
2260,state_free,2,0.02204713636798884,0.07425443557619016
2261,state_free,2,0.021175507922030018,0.07444359201403103
2262,state_free,2,0.022454018762723054,0.0747004876665497
2263,state_free,2,0.021161317938030368,0.07457103873311885
2264,state_free,2,0.021923672702237596,0.07456127679538256
2265,state_free,2,0.022218002172672925,0.07478581857137397
2266,state_free,2,0.021526338221352317,0.07466614439480743
2267,state_free,2,0.022343331567222985,0.0748467204097392
2268,state_free,2,0.021546594834256333,0.07478192599852858
2269,state_free,2,0.02131492779723389,0.07452708597653196
2270,state_free,2,0.02256009742264137,0.07507629103102341
2271,state_free,2,0.02339261717545074,0.07568536705259707
2272,state_free,2,0.026650795339758948,0.08052334398929195
2273,state_free,2,0.022186043119918245,0.07513725820889533
2274,state_free,2,0.021033739077637,0.07576869669497667
2275,state_free,2,0.024482009594896513,0.07708331208371161
2276,state_free,2,0.022696178459336074,0.07526863885378436
2277,state_free,2,0.02269683917103678,0.07524950536992488
2278,state_free,2,0.022991137370740673,0.07554408957711437
2279,state_free,2,0.0246011751889253,0.07728949492297388
2280,state_free,2,0.02255988200102016,0.07534315567922743
2281,state_free,2,0.023206390477876288,0.08534383794408931
2282,state_free,2,0.02072246550631565,0.07515899235713584
2283,state_free,2,0.020696628903914844,0.07519161624837249
2284,state_free,2,0.020658287270763215,0.07594967688101815
2285,state_free,2,0.021799560951848727,0.0743710905672639
2286,state_free,2,0.02126826319206421,0.07436701677486687
2287,state_free,2,0.023883731473662143,0.07618713525487374
2288,state_free,2,0.02071257280158354,0.07565366920961286
2289,state_free,2,0.02348078715742677,0.0864227269767853
2290,state_free,2,0.021070462024445145,0.07404300319286915
2291,state_free,2,0.020902631828975043,0.07855896998680163
2292,state_free,2,0.021440386100325382,0.08122833459291406
2293,state_free,2,0.0265573998745378,0.09430428278811613
2294,state_free,2,0.021349380377451675,0.08120215889499413
2295,state_free,2,0.020381295337611637,0.07774118546368067
2296,state_free,2,0.0212548410436344,0.08093080794249582
2297,state_free,2,0.02152682647617438,0.07330678363032492
2298,state_free,2,0.020026921976590263,0.07379670253852716
2299,state_free,2,0.020050383648848587,0.07408559353988357
2300,state_free,2,0.020876766252691716,0.07330689807685839
2301,state_free,2,0.020167490047026716,0.07432196662168769
2302,state_free,2,0.01993738082147285,0.07371415015158285
2303,state_free,2,0.022873997558774534,0.07475227853909149
2304,state_free,2,0.0213964627866003,0.07386994476028699
2305,state_free,2,0.020398762776932297,0.07444900047614582
2306,state_free,2,0.02049146307066289,0.07589297083795991
2307,state_free,2,0.021256866070973407,0.08019646300832824
2308,state_free,2,0.0203557064593841,0.07364701417793167
2309,state_free,2,0.02773520919722862,0.08803186777308424
2310,state_free,2,0.029094501352734538,0.08704860027163873
2311,state_free,2,0.044851791952336025,0.12432820777152463
2312,state_free,2,0.05960631105904843,0.14356575935164298
2313,state_free,2,0.026035462620382435,0.0869966388340287
2314,state_free,2,0.026453288398598913,0.08780679692846605
2315,state_free,2,0.03836611125334495,0.09720646852247514
2316,state_free,2,0.032576306655590394,0.10318341378534175
2317,state_free,2,0.029732952924662548,0.08627439626845561
2318,state_free,2,0.027157855933543397,0.08907366509981253
2319,state_free,2,0.027170383577151555,0.088934869880495
2320,state_free,2,0.027683314315545687,0.09152159814820707
2321,state_free,2,0.02760174251195862,0.08675947089100151
2322,state_free,2,0.027460587372360717,0.09067231310451379
2323,state_free,2,0.03030520971680703,0.08712372930963708
2324,state_free,2,0.029513800401896387,0.08662859233853133
2325,state_free,2,0.029635570336786474,0.0869692063299141
2326,state_free,2,0.02770283325853538,0.08776713298716927
2327,state_free,2,0.028018112051174604,0.08755446131319622
2328,state_free,2,0.02869648748814633,0.08734575016840279
2329,state_free,2,0.029024892098049947,0.0870494598365938
2330,state_free,2,0.0329304497440404,0.09031333413812584
2331,state_free,2,0.029132159170165824,0.08769582266302699
2332,state_free,2,0.027784987126970286,0.08851477228582351
2333,state_free,2,0.028452589612345286,0.08757759061186099
2334,state_free,2,0.03144786238443803,0.08863137929179739
2335,state_free,2,0.02914031906539355,0.08773903237798675
2336,state_free,2,0.035293949572004386,0.0934000766735121
2337,state_free,2,0.031785359984135286,0.08914560567984284
2338,state_free,2,0.03189348235736595,0.08928594521600541
2339,state_free,2,0.031525252087787184,0.08895412230528195
2340,state_free,2,0.03034806300817352,0.08821540168946258
2341,state_free,2,0.028354429611378417,0.08823033395976922
2342,state_free,2,0.030511369317956585,0.08808865335411112
2343,state_free,2,0.028222294512722935,0.08888012598201031
2344,state_free,2,0.029651076786335207,0.08793497622209562
2345,state_free,2,0.02979111558818887,0.08783832403020747
2346,state_free,2,0.033861484608267475,0.09156450589538984
2347,state_free,2,0.029611416629657893,0.08827995886868202
2348,state_free,2,0.03137810957088435,0.08883784658861708
2349,state_free,2,0.029327690928849938,0.08795443031447647
2350,state_free,2,0.030920373861434713,0.08840682442820887
2351,state_free,2,0.03166060034047224,0.08911822374299229
2352,state_free,2,0.029509437484980465,0.08833292849810864
2353,state_free,2,0.02883502449605669,0.08828132000047442
2354,state_free,2,0.03329334229404446,0.09085459611236954
2355,state_free,2,0.03100490948087207,0.08844191477535696
2356,state_free,2,0.03207813736351889,0.08955750452543683
2357,state_free,2,0.030543504488828435,0.08840843087855968
2358,state_free,2,0.030928655837779997,0.08852227996660032
2359,state_free,2,0.028836014515811526,0.08848223343872699
2360,state_free,2,0.03552380610579898,0.0937043264771972
2361,state_free,2,0.030525401396252774,0.08844821759120552
2362,state_free,2,0.03490120691584939,0.0928607634105757
2363,state_free,2,0.03115974242966499,0.088599513124839
2364,state_free,2,0.034887691665013286,0.09289594919635893
2365,state_free,2,0.03499872917270658,0.09303258410377599
0,state_cond,5,0.008075219849549278,0.054360800459328645
1,state_cond,5,0.041894453405049395,0.1219340742253678
2,state_cond,5,0.01562614386405423,0.07491365437503582
3,state_cond,5,0.005761423491682092,0.043109866513855524
4,state_cond,5,0.014073552926441274,0.07164071880544154
5,state_cond,5,0.0064104059377048835,0.044238079172200385
6,state_cond,5,0.007384540504326938,0.05076940388601248
7,state_cond,5,0.009763165547268365,0.05358784817447088
8,state_cond,5,0.0057868910583287105,0.04376473382339737
9,state_cond,5,0.008416067889719108,0.051699547561199564
10,state_cond,5,0.017388174163579004,0.07915868305911603
11,state_cond,5,0.011892783727194522,0.06612169466443786
12,state_cond,5,0.01256261291702399,0.05982582113908721
13,state_cond,5,0.010012557361426038,0.060989965898411144
14,state_cond,5,0.023823204549542728,0.09261400411508144
15,state_cond,5,0.011350047700419565,0.06470092028710067
16,state_cond,5,0.010111658626025664,0.06076845103056601
17,state_cond,5,0.07490550966503585,0.15885166864806752
18,state_cond,5,0.00613346332924664,0.04584966508691402
19,state_cond,5,0.006818783978122382,0.04766385038644448
20,state_cond,5,0.006968226419566386,0.049373285167972555
21,state_cond,5,0.009942417986740091,0.06085885771736916
22,state_cond,5,0.02071139125726456,0.07570729657526676
23,state_cond,5,0.010489494311947912,0.054886110147458735
24,state_cond,5,0.03610136774268633,0.11320620580989336
25,state_cond,5,0.010384748280751557,0.06200792141424148
26,state_cond,5,0.01187688710303333,0.05794685253576746
27,state_cond,5,0.008149258329232167,0.04954482019234298
28,state_cond,5,0.012245475685626457,0.06704600439211547
29,state_cond,5,0.011511933760946906,0.05732040852788217
30,state_cond,5,0.0078004392781312526,0.048841625733140416
31,state_cond,5,0.009131398443748358,0.051391167369086915
32,state_cond,5,0.005898398709580277,0.04410493919497908
33,state_cond,5,0.018391335319821605,0.0717651101985604
34,state_cond,5,0.007490865977685581,0.04892956265583954
35,state_cond,5,0.010107068482154754,0.053941940048112126
36,state_cond,5,0.007510882811618403,0.0519115927869743
37,state_cond,5,0.00585854272733184,0.043186997356713504
38,state_cond,5,0.005176726722835252,0.040445069390456785
39,state_cond,5,0.009481400972346246,0.052607487556564345
40,state_cond,5,0.005684031419111651,0.044340955722824545
41,state_cond,5,0.006453911289195367,0.046929167415432495
42,state_cond,5,0.00593863885983623,0.04616396764033691
43,state_cond,5,0.006976350737850536,0.04576254875000745
44,state_cond,5,0.006653045297242387,0.04486998789636099
45,state_cond,5,0.0068555667767332615,0.04552484264018147
46,state_cond,5,0.010021607406216935,0.05432606464535567
47,state_cond,5,0.007053414319638476,0.046047262252491394
48,state_cond,5,0.0049342237037061165,0.04099926877146025
49,state_cond,5,0.008031698955678427,0.04897528978299952
50,state_cond,5,0.004723600735667651,0.04049730815434403
51,state_cond,5,0.005359813671300918,0.04120657770526524
52,state_cond,5,0.004643663147103271,0.039767867422940306
53,state_cond,5,0.005359398819067066,0.04280996033962901
54,state_cond,5,0.006501264600615148,0.044509523464622947
55,state_cond,5,0.009830070264587902,0.0605452078386219
56,state_cond,5,0.00900784324428117,0.05191945700783184
57,state_cond,5,0.006099993495492751,0.04289091909678012
58,state_cond,5,0.010773923914825656,0.05633166700660392
59,state_cond,5,0.0065209809828053935,0.04895350222360526
60,state_cond,5,0.008956559967721003,0.05037846958341313
61,state_cond,5,0.007544914035006935,0.04677825103601852
62,state_cond,5,0.02301468949992051,0.0845676201093776
63,state_cond,5,0.025631542008205957,0.08761569988415985
64,state_cond,5,0.02546876685378375,0.08994756786222949
65,state_cond,5,0.00858230893757794,0.049910535868631006
66,state_cond,5,0.022881290043116665,0.08553356240576754
67,state_cond,5,0.021154288043828285,0.08117782832994344
68,state_cond,5,0.023586389997338503,0.08677796617619078
69,state_cond,5,0.01179333625303958,0.06044573362726452
70,state_cond,5,0.012587632942248309,0.06180087318964285
71,state_cond,5,0.007709192681268477,0.04753305955618864
72,state_cond,5,0.025837250518250674,0.09155891358169746
73,state_cond,5,0.005087006069580938,0.04087930596792862
74,state_cond,5,0.005124947043923826,0.03964116588930867
75,state_cond,5,0.010428384247264354,0.056236219394146324
76,state_cond,5,0.023159116740998756,0.08642886180704687
77,state_cond,5,0.011222637419200945,0.05933986167524087
78,state_cond,5,0.019756783551250823,0.08049647499790384
79,state_cond,5,0.014219272702738853,0.06710231265077116
80,state_cond,5,0.017414131426099478,0.07443306743751502
81,state_cond,5,0.007202632250070087,0.046064077570669014
82,state_cond,5,0.02489529434452583,0.08952890128486697
83,state_cond,5,0.012343614750521032,0.06229274623887211
84,state_cond,5,0.007689936279375525,0.04740436890612515
85,state_cond,5,0.017228656277622025,0.07443980745537508
86,state_cond,5,0.02338084027355202,0.08678109141343414
87,state_cond,5,0.032650979999383614,0.10196179034936591
88,state_cond,5,0.01038432092269594,0.05663425742461437
89,state_cond,5,0.01598060325016216,0.07123445266931622
90,state_cond,5,0.022130032357779703,0.08488696964746305
91,state_cond,5,0.013307154863862697,0.06336375279587439
92,state_cond,5,0.019758095579729722,0.0790611260197773
93,state_cond,5,0.018410326997690026,0.0773013962315387
94,state_cond,5,0.004995610021426217,0.0405867218771606
95,state_cond,5,0.018962440616050867,0.07827298203485603
96,state_cond,5,0.018928110380931222,0.07783868828989492
97,state_cond,5,0.02253707310627533,0.08567428363714591
98,state_cond,5,0.011952195579829487,0.061539183016003224
99,state_cond,5,0.0066701775504600085,0.044554971420802926
100,state_cond,5,0.00886080224584588,0.05176089169106433
101,state_cond,5,0.004678597556864562,0.03918378699939556
102,state_cond,5,0.007683742025280407,0.04823565309811084
103,state_cond,5,0.0087432537783812,0.05193264840958408
104,state_cond,5,0.009138280015233187,0.05308290125838741
105,state_cond,5,0.012069005173959552,0.06212609322742373
106,state_cond,5,0.02040617048578832,0.08146646917030526
107,state_cond,5,0.01301361197989658,0.06370218282239691
108,state_cond,5,0.01801769352786952,0.07624063700080166
109,state_cond,5,0.0707048782771142,0.15773562463049884
110,state_cond,5,0.02949317006753566,0.10390225837842215
111,state_cond,5,0.005511172344371444,0.04101980909989967
112,state_cond,5,0.016922040238921056,0.07291070765375814
113,state_cond,5,0.003631877978934052,0.0342143312200893
114,state_cond,5,0.0056995804055257945,0.04162256908669717
115,state_cond,5,0.007210482989776115,0.0508714921003641
116,state_cond,5,0.012365273720605422,0.06045313017401728
117,state_cond,5,0.021013647295472792,0.08178000081130855
118,state_cond,5,0.3001373639713077,0.2958474370265835
119,state_cond,5,0.2952613928698204,0.29336483870071334
120,state_cond,5,0.31531083731828025,0.30206820179513927
121,state_cond,5,0.2573435385311887,0.27739646670709567
122,state_cond,5,0.22942879996658144,0.26322490515391694
123,state_cond,5,0.2714781575995169,0.2825279281898165
124,state_cond,5,0.31719829149654716,0.3012702059510363
125,state_cond,5,0.3195348592956888,0.3019018522886766
126,state_cond,5,0.3371247660797567,0.308973772564251
127,state_cond,5,0.3030862968874253,0.29447357279636743
128,state_cond,5,0.32199183377582186,0.3015659758326087
129,state_cond,5,0.30286133636581763,0.29369464695517156
130,state_cond,5,0.3229840495777532,0.30193374618391855
131,state_cond,5,0.2900675974346892,0.28833432766525635
132,state_cond,5,0.2956698312818639,0.29092280681015587
133,state_cond,5,0.271234252729846,0.28030967075248164
134,state_cond,5,0.2854347133308475,0.2865056256668849
135,state_cond,5,0.2712469191224405,0.28033646001103796
136,state_cond,5,0.3062994017684106,0.29500978862351573
137,state_cond,5,0.2944165133083784,0.2901455858384841
138,state_cond,5,0.27883419794710546,0.2837115963101823
139,state_cond,5,0.28196779446094045,0.28508932515816443
140,state_cond,5,0.3003036698582994,0.29301989800717193
141,state_cond,5,0.2618322966766115,0.276078438337701
142,state_cond,5,0.3362369335492733,0.30766028878386387
143,state_cond,5,0.30686675937711355,0.29537823476121133
144,state_cond,5,0.32316692472666364,0.30208514251875296
145,state_cond,5,0.2975648673867366,0.29174084640066517
146,state_cond,5,0.2973710169177425,0.29154172309776955
147,state_cond,5,0.30299236609439406,0.293642813568627
148,state_cond,5,0.3061422973044834,0.29495817124187707
149,state_cond,5,0.30068154823364845,0.29234435796887054
150,state_cond,5,0.3045158191098374,0.29387529332811313
151,state_cond,5,0.3018764423913775,0.29282602267679414
152,state_cond,5,0.29875900669853694,0.2913547873186833
153,state_cond,5,0.27127654737259876,0.27954707047140925
154,state_cond,5,0.2855344608893,0.28567735373571773
155,state_cond,5,0.2887330111362845,0.28708682516761014
156,state_cond,5,0.26816751998378996,0.27796793502666217
157,state_cond,5,0.2796875280880857,0.2831658473050148
158,state_cond,5,0.25678519714412523,0.2730635418052815
159,state_cond,5,0.2879947990641211,0.2865555745783739
160,state_cond,5,0.27515708525289734,0.28085954380371064
161,state_cond,5,0.21019670810378427,0.25026047593242123
162,state_cond,5,0.2618167991640283,0.2750761920624493
163,state_cond,5,0.20822388885769752,0.24877724322386033
164,state_cond,5,0.27100261575751683,0.27912795932377865
165,state_cond,5,0.28050436315793753,0.283298687060484
166,state_cond,5,0.16616471995049878,0.22563746789284775
167,state_cond,5,0.27436212297472673,0.2806981124568641
168,state_cond,5,0.2887734674882923,0.2866361360040315
169,state_cond,5,0.2728813210348669,0.27998874073013297
170,state_cond,5,0.2881208442763071,0.28691585649725276
171,state_cond,5,0.2663081755031422,0.2776989978779383
172,state_cond,5,0.20065334382906702,0.2459099183053198
173,state_cond,5,0.2935690929158088,0.28963038681499453
174,state_cond,5,0.3040479040508238,0.2938995698681917
175,state_cond,5,0.20171791936316846,0.24626586747517623
176,state_cond,5,0.2380376331610432,0.26438359286973134
177,state_cond,5,0.2722453970875298,0.28053932854752217
178,state_cond,5,0.26024280231799457,0.2749494800607549
179,state_cond,5,0.2771070581081565,0.28183946217661143
180,state_cond,5,0.2686451428828266,0.27873867029446125
181,state_cond,5,0.24626306918728755,0.2680265089806814
182,state_cond,5,0.19432092311691884,0.2424949622960841
183,state_cond,5,0.1619905610642062,0.22375473392215978
184,state_cond,5,0.17963558939003954,0.2340116719960941
185,state_cond,5,0.13694182730550197,0.20697008919906976
186,state_cond,5,0.033332455013782264,0.10243229237931525
187,state_cond,5,0.059535957606291115,0.13510502722770898
188,state_cond,5,0.08436095575783234,0.1592936264305183
189,state_cond,5,0.08525944350864133,0.16032309765792813
190,state_cond,5,0.07274005107414876,0.14911106408510683
191,state_cond,5,0.07978329344396706,0.155235883793337
192,state_cond,5,0.09639093342879652,0.16997152715061842
193,state_cond,5,0.09211344544333948,0.16649933743637027
194,state_cond,5,0.09422915699590607,0.1678341301783636
195,state_cond,5,0.07379935066083222,0.14973250957035805
196,state_cond,5,0.07428590818196637,0.15005585929283788
197,state_cond,5,0.06856920550633512,0.14416488576167016
198,state_cond,5,0.057929593155974145,0.13315274860215118
199,state_cond,5,0.06863817729926086,0.14443058287569552
200,state_cond,5,0.0740983589006013,0.14957854347388655
201,state_cond,5,0.05740368457051396,0.13265824229425455
202,state_cond,5,0.0836377172654416,0.1587365719316477
203,state_cond,5,0.05246571158910302,0.12716298782606367
204,state_cond,5,0.0031254779495776324,0.03334370745258011
205,state_cond,5,0.003709836769716364,0.03505958702132338
206,state_cond,5,0.03491576804256808,0.10522944253107226
207,state_cond,5,0.006657273436185969,0.0456656487280462
208,state_cond,5,0.051732443474522,0.1290029571004398
209,state_cond,5,0.033124901337789656,0.10300109807592686
210,state_cond,5,0.054893330701476103,0.13075433367579165
211,state_cond,5,0.0747693362029419,0.15356304644703417
212,state_cond,5,0.08411982532546047,0.1603752694634461
213,state_cond,5,0.06307205191101975,0.1389203107724195
214,state_cond,5,0.08282992482961891,0.15961095862634425
215,state_cond,5,0.09991724392096522,0.17345905902733863
216,state_cond,5,0.06450663932030087,0.14104946090775922
217,state_cond,5,0.0794972429453843,0.15617999315550907
218,state_cond,5,0.043447240938778366,0.116945128484903
219,state_cond,5,0.04773186092653629,0.12195122461802112
220,state_cond,5,0.05113244252660271,0.12601927694118617
221,state_cond,5,0.07432630778282234,0.15123989728763104
222,state_cond,5,0.0778728653997741,0.15524053144633343
223,state_cond,5,0.06649440527678707,0.14391201527578115
224,state_cond,5,0.05395855906094183,0.12942029773876787
225,state_cond,5,0.08387953265149375,0.16061023612046382
226,state_cond,5,0.0607397298306657,0.1371159493148176
227,state_cond,5,0.06337917043033496,0.1399541695082449
228,state_cond,5,0.044622196577959815,0.11852645786343004
229,state_cond,5,0.06382025960194537,0.14013134019354634
230,state_cond,5,0.022086897801712597,0.08342062199931771
231,state_cond,5,0.04464933880295428,0.11800422841860979
232,state_cond,5,0.07857752224565968,0.1547263441441478
233,state_cond,5,0.08630869562616986,0.16213154107915984
234,state_cond,5,0.06286028158787944,0.1384996008926922
235,state_cond,5,0.08437668954434756,0.16008625722621264
236,state_cond,5,0.10160665570551544,0.17471448114582996
237,state_cond,5,0.07397947235196264,0.14995698897051016
238,state_cond,5,0.05523916702997429,0.13050384543044216
239,state_cond,5,0.07048454199596883,0.14648284709090023
240,state_cond,5,0.0499505495183069,0.12418373900165194
241,state_cond,5,0.05244287241209902,0.12681628256861577
242,state_cond,5,0.050965515086719496,0.12526333595910571
243,state_cond,5,0.07195344961209507,0.14806165080170827
244,state_cond,5,0.09576709744449224,0.16926210143569725
245,state_cond,5,0.08153254389424415,0.15590516833025864
246,state_cond,5,0.08149535525580594,0.1555555709088245
247,state_cond,5,0.04278597715857634,0.11482061175363274
248,state_cond,5,0.023226753637267204,0.0842126095959541
249,state_cond,5,0.0031926284819474883,0.033016330677867
250,state_cond,5,0.04249191751684498,0.1131770602537664
251,state_cond,5,0.04011497303447692,0.10979432491016432
252,state_cond,5,0.05562970611115036,0.12907930354904176
253,state_cond,5,0.05503952477483687,0.12732679406310665
254,state_cond,5,0.07197771374496244,0.1454054052736811
255,state_cond,5,0.060474466691013445,0.1335230284193705
256,state_cond,5,0.0640723745386114,0.13760700463268466
257,state_cond,5,0.06337365932706097,0.13651218763716508
258,state_cond,5,0.05160935274193236,0.12422752240177651
259,state_cond,5,0.040961536170313464,0.11116379051905505
260,state_cond,5,0.05973527312733796,0.13310886930043772
261,state_cond,5,0.06198817760665109,0.1351436001870242
262,state_cond,5,0.06973421164312105,0.1424826172573013
263,state_cond,5,0.053869063716942694,0.12614883593942872
264,state_cond,5,0.07508717726249696,0.14795333119871346
265,state_cond,5,0.045911262745945404,0.11710808572041745
266,state_cond,5,0.0913805841169628,0.16341184892561564
267,state_cond,5,0.06072016930297558,0.13350024739747768
268,state_cond,5,0.053625141256937854,0.12611989139300486
269,state_cond,5,0.058342773282504534,0.13115013545279552
270,state_cond,5,0.06611203124275954,0.1397898522178536
271,state_cond,5,0.044328724219675895,0.11513392791944593
272,state_cond,5,0.055241873632500715,0.12838271040600063
273,state_cond,5,0.0741082258346277,0.14740422926008478
274,state_cond,5,0.06967239393372958,0.14292656417044225
275,state_cond,5,0.06629795999012288,0.13917223895071332
276,state_cond,5,0.0425335629634686,0.11277723291682462
277,state_cond,5,0.06611572575912072,0.1392616572164751
278,state_cond,5,0.05392704035333919,0.12628631436032947
279,state_cond,5,0.05320235837178239,0.12561706563095704
280,state_cond,5,0.030272894908842406,0.09559947768773698
281,state_cond,5,0.06699047400645063,0.1397253826979477
282,state_cond,5,0.0450695320119798,0.1159842498393841
283,state_cond,5,0.08281093337523023,0.15612952358917806
284,state_cond,5,0.03863780072618016,0.10741033137526224
285,state_cond,5,0.062226372430074416,0.13510001077520817
286,state_cond,5,0.048049290605264826,0.11922499025278525
287,state_cond,5,0.06242257195297876,0.1347006858501264
288,state_cond,5,0.06634628227230434,0.13894576175973714
289,state_cond,5,0.0479893049069419,0.11950827985202431
290,state_cond,5,0.04673392793404573,0.11786921821129155
291,state_cond,5,0.02096284600583344,0.0796582278946637
292,state_cond,5,0.04185019852566542,0.11192015689752939
293,state_cond,5,0.0037009548695335222,0.03471674092686362
294,state_cond,5,0.03356409515369598,0.10087786310003065
295,state_cond,5,0.04700868292420661,0.11853903301902917
296,state_cond,5,0.04769105856717016,0.1193546169014979
297,state_cond,5,0.04567998729498911,0.11697900596203702
298,state_cond,5,0.07083335740471275,0.14434483732373268
299,state_cond,5,0.06466428670148697,0.13779327344691028
300,state_cond,5,0.07377595337922979,0.14652646450646498
301,state_cond,5,0.03535817611281171,0.10337396997192441
302,state_cond,5,0.04219301940285621,0.1128681500715488
303,state_cond,5,0.052468626800380176,0.12477973560623822
304,state_cond,5,0.036760753099756426,0.10538246810885174
305,state_cond,5,0.055630503309437716,0.12813070498072907
306,state_cond,5,0.05752161103608968,0.13050995261376844
307,state_cond,5,0.00851668995129674,0.04986602627452936
308,state_cond,5,0.008279860518142411,0.049385370491923444
309,state_cond,5,0.00899423556296577,0.05122662279832997
310,state_cond,5,0.007698726727851027,0.05012775831117174
311,state_cond,5,0.026047434690349928,0.09018247238281218
312,state_cond,5,0.017319425273228797,0.07329112049200515
313,state_cond,5,0.01157854379544396,0.059425000796536856
314,state_cond,5,0.03133096967970363,0.09889224590526084
315,state_cond,5,0.009647502024705755,0.053466253697037454
316,state_cond,5,0.025190000728278292,0.08867821479426681
317,state_cond,5,0.022039057232791637,0.08288954188245051
318,state_cond,5,0.032034139014057245,0.09999872374152964
319,state_cond,5,0.01700751010420858,0.07271220531155827
320,state_cond,5,0.03538480865681908,0.10514281202416789
321,state_cond,5,0.02307326580880829,0.08473509003698307
322,state_cond,5,0.01812352693112791,0.07501061100874512
323,state_cond,5,0.032326874827975395,0.10023162209380726
324,state_cond,5,0.028564264654125836,0.09429847266267621
325,state_cond,5,0.03294739790629131,0.10121631671753295
326,state_cond,5,0.0359606109193334,0.10556041916835426
327,state_cond,5,0.02781717190800731,0.0930619178639595
328,state_cond,5,0.04208024145709634,0.11396544332095455
329,state_cond,5,0.025736109130888626,0.0895314263195379
330,state_cond,5,0.030920184154348673,0.09806658161804825
331,state_cond,5,0.03801846507698101,0.10853086955089461
332,state_cond,5,0.03690054449386128,0.10707896417322378
333,state_cond,5,0.0061368437041687,0.045388589216292664
334,state_cond,5,0.00682139194964877,0.04524357209970591
335,state_cond,5,0.03460002781917647,0.10374061382867703
336,state_cond,5,0.02941029341894785,0.09570659913548653
337,state_cond,5,0.03380183246028946,0.10231646680491252
338,state_cond,5,0.03386747538440826,0.10261303273676872
339,state_cond,5,0.026603760465931273,0.09100851979916375
340,state_cond,5,0.036915796657748634,0.10691381723847883
341,state_cond,5,0.01585663520704874,0.06986371251277648
342,state_cond,5,0.003292112756840315,0.032763661850878666
343,state_cond,5,0.025093399400771002,0.08840591354933744
344,state_cond,5,0.01788082673133719,0.07454348605585215
345,state_cond,5,0.03338378840849516,0.10168751988921716
346,state_cond,5,0.02776114194555158,0.09295230763930808
347,state_cond,5,0.03791480297609507,0.10849432281472927
348,state_cond,5,0.02581611530297331,0.08965153569077501
349,state_cond,5,0.03230278613349223,0.1001641324616877
350,state_cond,5,0.021508625305749166,0.08177306554071896
351,state_cond,5,0.03269306195766323,0.10082312800624829
352,state_cond,5,0.02042760597378953,0.07956439805612063
353,state_cond,5,0.026860588682573166,0.09141110669107945
354,state_cond,5,0.014968732875693079,0.06800707363800726
355,state_cond,5,0.038171892596892854,0.1086633580669038
356,state_cond,5,0.025181155523018268,0.08850454441339825
357,state_cond,5,0.027106940289798757,0.09181950583385264
358,state_cond,5,0.026443573787621386,0.09070251601921203
359,state_cond,5,0.01773389460803791,0.07392850539619218
360,state_cond,5,0.032864842612386945,0.10087475961362706
361,state_cond,5,0.026519512526507704,0.09084208474106605
362,state_cond,5,0.03197082830932454,0.0996174849791134
363,state_cond,5,0.01113536358133822,0.058183412755336186
364,state_cond,5,0.020703591970975137,0.08021976002458187
365,state_cond,5,0.04237492333114712,0.11447913145270211
366,state_cond,5,0.029089172350649842,0.09518710280402704
367,state_cond,5,0.019652629926047542,0.07797715511499073
368,state_cond,5,0.10025423243178885,0.1719672466296163
369,state_cond,5,0.08342328963686362,0.15818730925992436
370,state_cond,5,0.09045271337485083,0.1642627905691608
371,state_cond,5,0.08456224409373879,0.15883349597714277
372,state_cond,5,0.08221029471331268,0.1550723685596391
373,state_cond,5,0.03326015884463638,0.10097519667779133
374,state_cond,5,0.05492344990534682,0.128033617467092
375,state_cond,5,0.06326572537330141,0.13699782581222816
376,state_cond,5,0.0843077276289791,0.15714261969862572
377,state_cond,5,0.07590394720130597,0.14908690900341412
378,state_cond,5,0.08540525298887379,0.15727966250351488
379,state_cond,5,0.08375959131733872,0.1561184625629459
380,state_cond,5,0.0684813946201419,0.14223561254273784
381,state_cond,5,0.06994800735122618,0.14332541131156454
382,state_cond,5,0.08289720242651946,0.15527279309427122
383,state_cond,5,0.09344637738359088,0.1647962420935773
384,state_cond,5,0.08559338579473351,0.15688324551006216
385,state_cond,5,0.07993011894038914,0.15221081634544442
386,state_cond,5,0.06879244718657422,0.14205199957134404
387,state_cond,5,0.08550166952553319,0.15757028401065618
388,state_cond,5,0.09885585536761984,0.16861093805362154
389,state_cond,5,0.06527089626968378,0.13871175094713736
390,state_cond,5,0.07221041824375517,0.1451279951648624
391,state_cond,5,0.05928946947159529,0.13300228068817643
392,state_cond,5,0.06900869152420276,0.1423998524015243
393,state_cond,5,0.0899150514617034,0.16067791612523682
394,state_cond,5,0.08539015078653583,0.1569545507327792
395,state_cond,5,0.06222233043284171,0.13529120009104445
396,state_cond,5,0.04622357692099011,0.11769243432970156
397,state_cond,5,0.07731726625044733,0.15070026972446088
398,state_cond,5,0.07592626455132416,0.1491209751419406
399,state_cond,5,0.09484928672962359,0.1648251351776965
400,state_cond,5,0.08232680599324135,0.1542476867261167
401,state_cond,5,0.08574825273862152,0.15782509580245693
402,state_cond,5,0.08202712306359031,0.15460008078390758
403,state_cond,5,0.09162708488866025,0.16306114320258772
404,state_cond,5,0.07347631619462477,0.14688227813096763
405,state_cond,5,0.08783779116122878,0.15941421641365472
406,state_cond,5,0.0700261814140277,0.14383285677146265
407,state_cond,5,0.09339864422981174,0.1638298067913932
408,state_cond,5,0.03295816822333199,0.10048404116601668
409,state_cond,5,0.0867692329695605,0.158674671478024
410,state_cond,5,0.04682865217482133,0.1185747167736584
411,state_cond,5,0.07172704879296699,0.14549168995151113
412,state_cond,5,0.08135608353054706,0.15303368637179918
413,state_cond,5,0.08888177830116709,0.1606180968352466
414,state_cond,5,0.07224186834831556,0.1450859904098582
415,state_cond,5,0.07942212473234486,0.15219813583048986
416,state_cond,5,0.0732631410482753,0.14734669729550717
417,state_cond,5,0.10171358237082297,0.17106222087557194
418,state_cond,5,0.08811271687411702,0.15969663267182416
419,state_cond,5,0.07271469608110485,0.1459622804589611
420,state_cond,5,0.0896473789480088,0.16134551991431545
421,state_cond,5,0.09129568496579725,0.16287883181302404
422,state_cond,5,0.07610488123397613,0.1496028408109939
423,state_cond,5,0.08145155217285549,0.15418830761027955
424,state_cond,5,0.08584843650821977,0.1578266273187575
425,state_cond,5,0.0806740993085242,0.15295088724427927
426,state_cond,5,0.07463945885366495,0.14739479261883007
427,state_cond,5,0.08357499046707109,0.15541742258158858
428,state_cond,5,0.09713285575298711,0.1676486976486867
429,state_cond,5,0.062034784764392566,0.1355126068706212
430,state_cond,5,0.0781129258535131,0.15087315017943279
431,state_cond,5,0.03066771879206949,0.09715754910877354
432,state_cond,5,0.03041258855465057,0.09670141083721703
433,state_cond,5,0.030683389140442215,0.09701131547111008
434,state_cond,5,0.019750074890075048,0.07826553774767663
435,state_cond,5,0.03907431027902404,0.11030745660035632
436,state_cond,5,0.06147218343491238,0.13808092393697172
437,state_cond,5,0.10564992380970602,0.17875117060442328
438,state_cond,5,0.07542220123239729,0.15228691487033438
439,state_cond,5,0.08306923322119186,0.15936689483792485
440,state_cond,5,0.08678719730576014,0.16275573942945643
441,state_cond,5,0.09735231056113153,0.17224720372748153
442,state_cond,5,0.07889662001046283,0.15551816417627362
443,state_cond,5,0.09365232907818725,0.1687575366182412
444,state_cond,5,0.06437930106980753,0.1411792995568393
445,state_cond,5,0.09110575586093997,0.16674744654147167
446,state_cond,5,0.07618058444400795,0.15291134796759367
447,state_cond,5,0.09006553084216157,0.16578786207285534
448,state_cond,5,0.07312225061341249,0.15000065026823672
449,state_cond,5,0.09385058568302469,0.16882888070522242
450,state_cond,5,0.09183656012697149,0.1669849417282859
451,state_cond,5,0.0827666390466807,0.15892546419784598
452,state_cond,5,0.06993123036836364,0.14672901312796882
453,state_cond,5,0.025744331764483264,0.08884676637191737
454,state_cond,5,0.03704482931520777,0.10722339439661908
455,state_cond,5,0.06166093454176783,0.13827631541493557
456,state_cond,5,0.07225169730608634,0.1490837563114759
457,state_cond,5,0.07283866081333874,0.14950588052172756
458,state_cond,5,0.05928989461273889,0.1356604584167398
459,state_cond,5,0.06979031343945552,0.14688560820004165
460,state_cond,5,0.08065969642975548,0.15734088987669415
461,state_cond,5,0.08069930689235875,0.15751906052628462
462,state_cond,5,0.09205231772144075,0.16750874337660818
463,state_cond,5,0.07674886800152039,0.15401315883520975
464,state_cond,5,0.09017281460579142,0.16606983945329654
465,state_cond,5,0.0993881796459959,0.17364483991844498
466,state_cond,5,0.07030530670495584,0.1475542320574254
467,state_cond,5,0.10159914124768742,0.17569750468463968
468,state_cond,5,0.0675774301765533,0.14477063844395108
469,state_cond,5,0.03913855500644531,0.11060680947877773
470,state_cond,5,0.04806001460440721,0.12248930130290639
471,state_cond,5,0.08520517478356662,0.1624752199698504
472,state_cond,5,0.05598096740369071,0.13188413246290165
473,state_cond,5,0.05758501452375172,0.1337840344893046
474,state_cond,5,0.06661481641123336,0.14361025352762863
475,state_cond,5,0.10651446171569214,0.18014707088877543
476,state_cond,5,0.06477631932565465,0.14156301134762497
477,state_cond,5,0.06923079321200472,0.14625088664824287
478,state_cond,5,0.04220164608286316,0.11465446118885016
479,state_cond,5,0.06412661141471827,0.14099844064425762
480,state_cond,5,0.030661628422393318,0.09759528672570435
481,state_cond,5,0.09003579373721189,0.16597738026182776
482,state_cond,5,0.05718133405853078,0.133300224661349
483,state_cond,5,0.057044834424601044,0.13318481232683704
484,state_cond,5,0.11226267069524712,0.18443550608169224
485,state_cond,5,0.06016210506527029,0.13666812688046193
486,state_cond,5,0.07611446090297051,0.15291722289758367
487,state_cond,5,0.078885835994696,0.15560280058019157
488,state_cond,5,0.10924058782426342,0.1818554420843506
489,state_cond,5,0.06914062679762661,0.14615218831222912
490,state_cond,5,0.07358508640042812,0.15058422646354336
491,state_cond,5,0.07338586499018503,0.1504505875677077
492,state_cond,5,0.004284587232401293,0.03732414366198678
493,state_cond,5,0.0034027775367834346,0.033391970184977644
494,state_cond,5,0.0037124982143475886,0.03539904969358672
495,state_cond,5,0.0031220317844162606,0.03260651192780111
496,state_cond,5,0.009993047902199141,0.05789260849362647
497,state_cond,5,0.007894108344690141,0.05182286127622226
498,state_cond,5,0.00794759577987701,0.0518987645104889
499,state_cond,5,0.0032724089175514494,0.0338447733901179
500,state_cond,5,0.0085718591078619,0.053593532983962786
501,state_cond,5,0.00707721345002611,0.04887090468186643
502,state_cond,5,0.004627919883909192,0.039540448863814165
503,state_cond,5,0.011513888389297415,0.06228634592920702
504,state_cond,5,0.007461346512015378,0.050131936427319716
505,state_cond,5,0.008918580171620302,0.05491283847719961
506,state_cond,5,0.006161800239416265,0.045758750926958816
507,state_cond,5,0.009074488707844199,0.05517166886081851
508,state_cond,5,0.007283875623352859,0.04972407170716794
509,state_cond,5,0.0046251050649816884,0.039509896156407424
510,state_cond,5,0.008267100452740627,0.05292500301604024
511,state_cond,5,0.010168543349150235,0.05852935233332608
512,state_cond,5,0.003876024895545209,0.036164918932022734
513,state_cond,5,0.03320556030180773,0.11382307468206904
514,state_cond,5,0.0031743800297474693,0.033624282603329954
515,state_cond,5,0.003773787761715099,0.036327277999251284
516,state_cond,5,0.02871696437406846,0.10583455616219548
517,state_cond,5,0.0032714448446662194,0.03266939447004717
518,state_cond,5,0.011968924431735107,0.062026943724068646
519,state_cond,5,0.006113506303405525,0.04523189234598432
520,state_cond,5,0.007908025779028131,0.05197303415789956
521,state_cond,5,0.01083637840381767,0.059427741044141995
522,state_cond,5,0.005218756524697889,0.041647576823485105
523,state_cond,5,0.006544051400523886,0.0467609170721932
524,state_cond,5,0.009397111134285605,0.05538578263215614
525,state_cond,5,0.004187448215996856,0.037684486304182176
526,state_cond,5,0.014044833362783478,0.06904193670069579
527,state_cond,5,0.007463033483775485,0.050221916793981365
528,state_cond,5,0.0033475821340433164,0.034028323343395075
529,state_cond,5,0.003621311246265727,0.03495183300076686
530,state_cond,5,0.003939859829451804,0.03713077175120908
531,state_cond,5,0.0039589751034939955,0.03703123013757102
532,state_cond,5,0.008806554036206565,0.054747399736712055
533,state_cond,5,0.005963818202730806,0.045144812159960135
534,state_cond,5,0.0038903942654951473,0.036460239047762265
535,state_cond,5,0.007076275955506014,0.048827001468310205
536,state_cond,5,0.01741695234920642,0.07676848789600826
537,state_cond,5,0.005679883871871693,0.04369662005549057
538,state_cond,5,0.0034823040588801246,0.03488294386699418
539,state_cond,5,0.0036871959748814415,0.03571864238623044
540,state_cond,5,0.01381427622372775,0.06759798031985377
541,state_cond,5,0.003364751870713691,0.03445400891438156
542,state_cond,5,0.0034652063362714544,0.03470125017197312
543,state_cond,5,0.00706121094339916,0.04904759439736754
544,state_cond,5,0.005691620963953276,0.04375346959264104
545,state_cond,5,0.018201922235019537,0.08362866276387618
546,state_cond,5,0.01160789414507758,0.0654680125883177
547,state_cond,5,0.00879959959363653,0.05463562534490713
548,state_cond,5,0.004729572833307605,0.040562008081561185
549,state_cond,5,0.0033627062738107606,0.033163712432963746
550,state_cond,5,0.009390943634480503,0.05664811845467771
551,state_cond,5,0.004365188436647384,0.03957968203265992
552,state_cond,5,0.0077321435676096775,0.05139294881806775
553,state_cond,5,0.057844280253885466,0.13902709091304558
554,state_cond,5,0.05076523922391506,0.12998821035813038
555,state_cond,5,0.005497814756831006,0.04313265837485849
556,state_cond,5,0.055338779552761404,0.13575224677726122
557,state_cond,5,0.035224119229870114,0.1070995242481334
558,state_cond,5,0.004832401302015658,0.03940085344804787
559,state_cond,5,0.02747138581954131,0.09414743513288995
560,state_cond,5,0.022312846776841398,0.09313573722225202
561,state_cond,5,0.011986042199730144,0.06201598746222532
562,state_cond,5,0.005656090251027512,0.04220946569639805
563,state_cond,5,0.032662322104902435,0.10317769442334508
564,state_cond,5,0.009327924157654542,0.05418701614294816
565,state_cond,5,0.013292875004749474,0.06529950031594998
566,state_cond,5,0.006877542646777611,0.04639556971397499
567,state_cond,5,0.013650042472082916,0.06632351974095427
568,state_cond,5,0.017956048355773333,0.07612374848051072
569,state_cond,5,0.012542716485599965,0.0632913983094198
570,state_cond,5,0.008834532921271726,0.05272853714118545
571,state_cond,5,0.009124598050301067,0.053650103350762424
572,state_cond,5,0.007122705292206391,0.04737164975169703
573,state_cond,5,0.02389758214581766,0.0881221205410112
574,state_cond,5,0.027015523824701907,0.09369188610910996
575,state_cond,5,0.02684316087745773,0.09337989638351943
576,state_cond,5,0.03760822649672206,0.11032778174755208
577,state_cond,5,0.030433191996538208,0.09970419005204859
578,state_cond,5,0.016223420340804273,0.07258902361200706
579,state_cond,5,0.02391584176308731,0.08837465933800956
580,state_cond,5,0.013370418560957928,0.06570986876711626
581,state_cond,5,0.02569004506017848,0.09146329528842
582,state_cond,5,0.01603928194729156,0.07194959699154642
583,state_cond,5,0.005049226433073325,0.040052764016873965
584,state_cond,5,0.02562874625775062,0.0911231510918041
585,state_cond,5,0.02274835054430782,0.08600916230482211
586,state_cond,5,0.01175404638021791,0.06129775527436941
587,state_cond,5,0.0050261286081869395,0.03997701353849194
588,state_cond,5,0.017607357797050492,0.07567503326170713
589,state_cond,5,0.029644452991600873,0.10780882041917818
590,state_cond,5,0.024196885233082235,0.0886657304946462
591,state_cond,5,0.0030140714989523457,0.03210813535834163
592,state_cond,5,0.02288341993734412,0.08621088190696309
593,state_cond,5,0.01509012733531948,0.06958530747972043
594,state_cond,5,0.017376019239635842,0.07529165239405532
595,state_cond,5,0.029058454737805977,0.09713549845159353
596,state_cond,5,0.018984333781168858,0.07870064990491334
597,state_cond,5,0.020470927075944053,0.08162068454372993
598,state_cond,5,0.012106077920569893,0.06230469098021801
599,state_cond,5,0.0105623061271754,0.0582897489934893
600,state_cond,5,0.010700523412289525,0.05843745969704841
601,state_cond,5,0.0029393380159092324,0.03154069895136659
602,state_cond,5,0.0030558560463215655,0.03232505335625195
603,state_cond,5,0.020477746251150508,0.08152837221443
604,state_cond,5,0.010364749915571963,0.057411442986609974
605,state_cond,5,0.018153156220448153,0.07661189635587681
606,state_cond,5,0.017905355031413054,0.07633336752682253
607,state_cond,5,0.00285675104343132,0.031319873968920546
608,state_cond,5,0.0045450143309776194,0.03817967664502906
609,state_cond,5,0.008967301990976185,0.05326713241773379
610,state_cond,5,0.0033967840512733457,0.033704183344337835
611,state_cond,5,0.02297945783778672,0.0863683102500168
612,state_cond,5,0.004096878859488132,0.03647662319146476
613,state_cond,5,0.024712294324622044,0.08989168467783601
614,state_cond,5,0.060747156818410405,0.13888770263320396
615,state_cond,5,0.09476123107289046,0.171699824552197
616,state_cond,5,0.08390998057983244,0.1619184527974401
617,state_cond,5,0.12881387024683452,0.19741023166054744
618,state_cond,5,0.09196588748570822,0.1718219991873102
619,state_cond,5,0.12325573868801994,0.19639297352743232
620,state_cond,5,0.12958300837720108,0.20097853245929004
621,state_cond,5,0.08961830845327029,0.1696877837837926
622,state_cond,5,0.1413301240614609,0.20853548836826288
623,state_cond,5,0.10545392934305754,0.18278234393786147
624,state_cond,5,0.13051209640786668,0.2013780361310308
625,state_cond,5,0.06861313400578958,0.14928340136432408
626,state_cond,5,0.16257936120600433,0.2227623955742213
627,state_cond,5,0.12973928276026883,0.20046441625700018
628,state_cond,5,0.12645144436346428,0.19829717922214268
629,state_cond,5,0.12018321878884754,0.19324325345168922
630,state_cond,5,0.11448751712752536,0.18959991468764117
631,state_cond,5,0.14213740654700793,0.20913910375268296
632,state_cond,5,0.12346271899586934,0.19597765962396652
633,state_cond,5,0.07235953624227882,0.15303095623799465
634,state_cond,5,0.11801414462595944,0.19180321999231506
635,state_cond,5,0.12918533552402928,0.20008238668044465
636,state_cond,5,0.1340084633312113,0.20328235031000616
637,state_cond,5,0.11196469047371206,0.18680887869913318
638,state_cond,5,0.1273135171967778,0.19862922660939966
639,state_cond,5,0.12943445640224321,0.20020251507001371
640,state_cond,5,0.10788115015678447,0.18430042248512502
641,state_cond,5,0.08957705677508425,0.1691127279075134
642,state_cond,5,0.08594368192693955,0.16585637174717272
643,state_cond,5,0.13196479911275413,0.20184355272561438
644,state_cond,5,0.0976858523477015,0.17581078146667467
645,state_cond,5,0.1332408849211932,0.20239619010223242
646,state_cond,5,0.1151046200270816,0.18935646554188265
647,state_cond,5,0.13277523143373332,0.20257456830606244
648,state_cond,5,0.11723040321097766,0.19119183576136162
649,state_cond,5,0.12378596237759756,0.1962869181364479
650,state_cond,5,0.12380053492564967,0.1961268210425147
651,state_cond,5,0.145984195310733,0.2113354302453593
652,state_cond,5,0.114431423362543,0.1891210562507272
653,state_cond,5,0.12191571866750947,0.19467463922754888
654,state_cond,5,0.11277108782781231,0.18788272674516113
655,state_cond,5,0.10564461224123778,0.18255234277288737
656,state_cond,5,0.12686400468420075,0.1981264747223882
657,state_cond,5,0.10247372042471597,0.17986698639165397
658,state_cond,5,0.1085500433439223,0.18456684136715065
659,state_cond,5,0.11682154505527542,0.19074784173251097
660,state_cond,5,0.11602978689077055,0.1904212570726018
661,state_cond,5,0.1327740619554663,0.20228133477807983
662,state_cond,5,0.08990813240304109,0.16941263731079753
663,state_cond,5,0.11919142767932298,0.19279502995490327
664,state_cond,5,0.11631202195367912,0.19062894124649662
665,state_cond,5,0.13153455465050934,0.2018004733222711
666,state_cond,5,0.13118808983697344,0.2011731767311193
667,state_cond,5,0.1585156232035468,0.21929320532715618
668,state_cond,5,0.1170278544846984,0.1911886562059863
669,state_cond,5,0.05789201699738289,0.13754252212837975
670,state_cond,5,0.09104025366387236,0.17053558437717656
671,state_cond,5,0.12981265119897037,0.20070617538315497
672,state_cond,5,0.08211993548946407,0.1622563159315396
673,state_cond,5,0.09313085135104497,0.17166431396850687
674,state_cond,5,0.06550451988064401,0.14581033476098818
675,state_cond,5,0.12907999157086208,0.1997593414224274
676,state_cond,5,0.10956406022252577,0.1851356865137445
677,state_cond,5,0.03324253251261717,0.1142582823661105
678,state_cond,5,0.037541070412278214,0.12122481510381683
679,state_cond,5,0.03510943357855587,0.1173639591559774
680,state_cond,5,0.032056494490450775,0.11226701660294389
681,state_cond,5,0.04509944706645175,0.13237284054930462
682,state_cond,5,0.07412711930874039,0.16719835179605336
683,state_cond,5,0.10133130827603853,0.1926244026786283
684,state_cond,5,0.07529376572484951,0.16754369896313465
685,state_cond,5,0.06149732482855737,0.1531416820725587
686,state_cond,5,0.054690185879563216,0.14479528242058098
687,state_cond,5,0.05532848269910492,0.1456862327956542
688,state_cond,5,0.0580017930981609,0.14882296428011782
689,state_cond,5,0.04819183681677911,0.13631253581112013
690,state_cond,5,0.04430686223782512,0.13057776751181666
691,state_cond,5,0.05571691611821,0.14559829994950768
692,state_cond,5,0.08036545173370462,0.1732113707392825
693,state_cond,5,0.044019554383116694,0.1303286723659376
694,state_cond,5,0.06875475015766595,0.16109247847945515
695,state_cond,5,0.04758237715164068,0.13525103743883204
696,state_cond,5,0.04694803467980171,0.13438419029829698
697,state_cond,5,0.034513959182897264,0.11555505066345019
698,state_cond,5,0.047314678560330836,0.13507848359149485
699,state_cond,5,0.04403290378907157,0.13003116387935465
700,state_cond,5,0.028697930102602374,0.10571820004649389
701,state_cond,5,0.027784018574088142,0.10392813668404574
702,state_cond,5,0.033208059252455645,0.11372505982540361
703,state_cond,5,0.03663607841231321,0.11941452305288194
704,state_cond,5,0.040907628863507954,0.1259456981262287
705,state_cond,5,0.05233383816837192,0.14158804523980725
706,state_cond,5,0.034511040078997426,0.11578746955184621
707,state_cond,5,0.05981508690424316,0.1505612505688495
708,state_cond,5,0.04548154910693312,0.13226442938476862
709,state_cond,5,0.055859935135397755,0.14622935253253824
710,state_cond,5,0.038241935371554465,0.1216964842248341
711,state_cond,5,0.07336176993579716,0.16588813780886308
712,state_cond,5,0.03155966315699682,0.11039046160907924
713,state_cond,5,0.040735499321502555,0.1255769691676874
714,state_cond,5,0.02914851962040485,0.10633260576672753
715,state_cond,5,0.04386395460226738,0.13017515777029184
716,state_cond,5,0.039855183483984404,0.12408242346714185
717,state_cond,5,0.04684299214796262,0.13418882278965993
718,state_cond,5,0.03179465827396038,0.11057968126375964
719,state_cond,5,0.0369618854788594,0.11952671937750847
720,state_cond,5,0.07745536808888098,0.16903060260859817
721,state_cond,5,0.07912316091635108,0.17080023002374897
722,state_cond,5,0.055264068995874015,0.1442599626003789
723,state_cond,5,0.06544830458839725,0.1560053005865339
724,state_cond,5,0.07929812428241202,0.1722643783677202
725,state_cond,5,0.059786023963902896,0.15011128631874016
726,state_cond,5,0.0541788642016282,0.14335996149285793
727,state_cond,5,0.06213745882992338,0.15274681854646988
728,state_cond,5,0.0684646852449988,0.15918402396299108
729,state_cond,5,0.04900823512912868,0.13588708635834582
730,state_cond,5,0.0700534284597269,0.1605597117069971
731,state_cond,5,0.07798724648160138,0.16881998655824396
732,state_cond,5,0.10910300991343376,0.1973044978039083
733,state_cond,5,0.06689187431582809,0.15734104887067993
734,state_cond,5,0.04298064315800547,0.12747143613322653
735,state_cond,5,0.04824753371850405,0.13471310052554325
736,state_cond,5,0.05162951364449272,0.13918170137604557
737,state_cond,5,0.04181384595866097,0.12597025610063947
738,state_cond,5,0.01992317698495833,0.08632810895752037
739,state_cond,5,0.09089998915922269,0.17064997282966407
740,state_cond,5,0.18434793540518674,0.2350759396559663
741,state_cond,5,0.13626892333155133,0.20561948905939464
742,state_cond,5,0.14754377498688515,0.2135892707436256
743,state_cond,5,0.08017749669374946,0.15890914068601053
744,state_cond,5,0.09946699259363123,0.17624703845353223
745,state_cond,5,0.07532517979246123,0.1543607177541758
746,state_cond,5,0.0802377444518507,0.15887817245060143
747,state_cond,5,0.061117150650510314,0.13977547135496746
748,state_cond,5,0.08336132189315357,0.16157564195568938
749,state_cond,5,0.08905843319627774,0.1665181058355123
750,state_cond,5,0.10318826900903325,0.17818689461180248
751,state_cond,5,0.053768072087197034,0.1312521776228237
752,state_cond,5,0.08736989807089618,0.16504141030993358
753,state_cond,5,0.0935729451453456,0.1703285356668698
754,state_cond,5,0.09631244831540559,0.17267728586614908
755,state_cond,5,0.09063731860542287,0.16745852229093505
756,state_cond,5,0.09947718512220681,0.1750763720788302
757,state_cond,5,0.09223271982113394,0.16922557815108577
758,state_cond,5,0.06364617157325146,0.14230357006551383
759,state_cond,5,0.09459583272704293,0.17119615332990987
760,state_cond,5,0.10352888963437192,0.17841957803170497
761,state_cond,5,0.08324211565206073,0.16134230609664038
762,state_cond,5,0.09567752123126826,0.1717163849031821
763,state_cond,5,0.06953884500392306,0.14826880430367462
764,state_cond,5,0.07553953086920559,0.15417917964437344
765,state_cond,5,0.0855780304743834,0.16322933346205576
766,state_cond,5,0.11301724245471313,0.18563996166790228
767,state_cond,5,0.0970734868626018,0.17277237153696196
768,state_cond,5,0.08016646721336118,0.15827395866614957
769,state_cond,5,0.12321368292455624,0.19294599264717646
770,state_cond,5,0.08886486984320098,0.16637394876855385
771,state_cond,5,0.1051727120137779,0.17960879314869993
772,state_cond,5,0.0958323136552651,0.1719022157985117
773,state_cond,5,0.09678551286063027,0.17310245984746078
774,state_cond,5,0.10629917200277632,0.1801949497398551
775,state_cond,5,0.0716966495609449,0.15031826106573162
776,state_cond,5,0.09436856595344918,0.17072613872561912
777,state_cond,5,0.07068154730745256,0.1491878462121403
778,state_cond,5,0.08981597361363552,0.1669421947325316
779,state_cond,5,0.0838551119352752,0.16142645332103572
780,state_cond,5,0.09256196931411056,0.16913869740753718
781,state_cond,5,0.09004872671906002,0.16678282658177707
782,state_cond,5,0.07757748645530378,0.15577670499443486
783,state_cond,5,0.09382941556864179,0.17009084293632712
784,state_cond,5,0.11401126153010378,0.1860964630945788
785,state_cond,5,0.09013634680420149,0.16710049848054948
786,state_cond,5,0.09131762055855364,0.16799434879626068
787,state_cond,5,0.10795468756104967,0.18159440261042623
788,state_cond,5,0.07822814160722875,0.156720860025692
789,state_cond,5,0.09755238284083076,0.17327899813806671
790,state_cond,5,0.08428701722398241,0.1619953926623003
791,state_cond,5,0.054160264594913736,0.1315173586009945
792,state_cond,5,0.050274201209106355,0.12662911271204128
793,state_cond,5,0.012140388872859755,0.06224328416732186
794,state_cond,5,0.05604330173565178,0.1334024325272373
795,state_cond,5,0.08995230592684275,0.16640901663877375
796,state_cond,5,0.08097046317343136,0.1585071419368514
797,state_cond,5,0.0961737173786191,0.17101782885866942
798,state_cond,5,0.09037507034672282,0.16689974904613528
799,state_cond,5,0.12410341693218382,0.1934064527163899
800,state_cond,5,0.0776920806864635,0.1565869792618294
801,state_cond,5,0.07361862202735511,0.1528388968665668
802,state_cond,5,0.07293349790110082,0.15204694332710184
803,state_cond,5,0.07651320808050235,0.15574642285941312
804,state_cond,5,0.07914451913926579,0.1577927583220918
805,state_cond,5,0.06067903602468209,0.13920978247936183
806,state_cond,5,0.0736152924303928,0.15248488468131596
807,state_cond,5,0.07861462874635354,0.1572658657838975
808,state_cond,5,0.0897844830758531,0.16716944919877666
809,state_cond,5,0.04179084437256088,0.11649693818673891
810,state_cond,5,0.08066633842782338,0.15912869337661764
811,state_cond,5,0.08976803731092628,0.16709057927741292
812,state_cond,5,0.05649898250553247,0.13457201054141416
813,state_cond,5,0.07263955321461767,0.15130419649557403
814,state_cond,5,0.07193978314747916,0.15076574047621683
815,state_cond,5,0.06928471581168127,0.14814083602893305
816,state_cond,5,0.0697573244154802,0.14849779391484885
817,state_cond,5,0.0843519048195808,0.16233545971603053
818,state_cond,5,0.07904211242882857,0.15752810000301126
819,state_cond,5,0.06416620971191833,0.14285156409603444
820,state_cond,5,0.05630013281882253,0.13418962726174397
821,state_cond,5,0.07477935854752696,0.15354611593978515
822,state_cond,5,0.08119398168717555,0.15939593429885773
823,state_cond,5,0.055937395586438655,0.13370281096053072
824,state_cond,5,0.034217506914435224,0.10546465172275107
825,state_cond,5,0.061368551178670225,0.13986541128000404
826,state_cond,5,0.06201329353569038,0.14055984360388676
827,state_cond,5,0.05975676545379949,0.13806094509436387
828,state_cond,5,0.021732553621405505,0.0843253489935597
829,state_cond,5,0.07711019173562121,0.15571500009781752
830,state_cond,5,0.06211997168349794,0.14066469490173664
831,state_cond,5,0.08662654187143679,0.16426703024376343
832,state_cond,5,0.061026927096163475,0.13947366404839442
833,state_cond,5,0.08019356950196184,0.15869296101065186
834,state_cond,5,0.07801241619135182,0.1566397852006159
835,state_cond,5,0.06252228633385604,0.14120501528926263
836,state_cond,5,0.031368870264165356,0.10122923964060222
837,state_cond,5,0.08659859251690057,0.16440290689878187
838,state_cond,5,0.049866877305311794,0.12667352663858017
839,state_cond,5,0.0647940408869752,0.14358664526705378
840,state_cond,5,0.05062875441829891,0.12747318106844735
841,state_cond,5,0.05276439461834649,0.13020290259334538
842,state_cond,5,0.06990211079811023,0.1487699078037347
843,state_cond,5,0.10281039880508025,0.17778826953636762
844,state_cond,5,0.07767638354920502,0.15636992266534458
845,state_cond,5,0.07479881424682483,0.15364524597748247
846,state_cond,5,0.05292982245099701,0.1304425940625945
847,state_cond,5,0.08587286176743168,0.1639794037540274
848,state_cond,5,0.07567766506548118,0.15452378090861005
849,state_cond,5,0.052979793511266075,0.13043013059721845
850,state_cond,5,0.07662013614312622,0.15528888458525036
851,state_cond,5,0.07685359431243192,0.15551103959454
852,state_cond,5,0.06660482532280863,0.1454024881363993
853,state_cond,5,0.08559099798175315,0.16334877182444266
854,state_cond,5,0.05375206553676716,0.13127566846327052
855,state_cond,5,0.06619515656588384,0.1449758370275735
856,state_cond,5,0.02756148868824656,0.09489030172349674
857,state_cond,5,0.05588503078923291,0.13373096911898327
858,state_cond,5,0.04044320529777856,0.11431356640425375
859,state_cond,5,0.07889495655778059,0.15719004753127325
860,state_cond,5,0.06998766986368399,0.14831201132916902
861,state_cond,5,0.07752871926040635,0.15580562878439372
862,state_cond,5,0.004215308927989102,0.03689679644055048
863,state_cond,5,0.003398867727751708,0.033553992272230576
864,state_cond,5,0.0039408227146651145,0.036717045020895574
865,state_cond,5,0.0036830222761436338,0.034687258616349324
866,state_cond,5,0.007630171421860828,0.05012388164886377
867,state_cond,5,0.010213010860402404,0.05826124861331781
868,state_cond,5,0.0056378409630614005,0.043575127270845275
869,state_cond,5,0.011815410152619617,0.06258564362623273
870,state_cond,5,0.012465196911233845,0.0643840736712454
871,state_cond,5,0.0030005103251657247,0.03196369487920365
872,state_cond,5,0.007312241384109021,0.04939920912408276
873,state_cond,5,0.0032009712605662074,0.03308991902773418
874,state_cond,5,0.012315754111411737,0.06380745498163864
875,state_cond,5,0.0031233709078465183,0.03244973730862428
876,state_cond,5,0.012644487122077348,0.0645898452280414
877,state_cond,5,0.01563801034825656,0.07187292944160398
878,state_cond,5,0.010429088987597921,0.058797374533216686
879,state_cond,5,0.003479019526438317,0.03401650075444322
880,state_cond,5,0.008368824955371905,0.052653504026047994
881,state_cond,5,0.008444541654455594,0.05261213402706154
882,state_cond,5,0.008704393110297338,0.05372835103186269
883,state_cond,5,0.005918170615416208,0.04465059997055659
884,state_cond,5,0.008237667479328218,0.0556235495220755
885,state_cond,5,0.006091572918146059,0.04524721098682894
886,state_cond,5,0.011779511738344815,0.06778442479071443
887,state_cond,5,0.010640824487444786,0.059392584713111554
888,state_cond,5,0.009972794107913248,0.06198749517201222
889,state_cond,5,0.016250913189013744,0.07326875343057906
890,state_cond,5,0.004778224837666403,0.04018573089257716
891,state_cond,5,0.0031194182934871115,0.03258178972660283
892,state_cond,5,0.012133319902000905,0.06350529426615545
893,state_cond,5,0.02514635279965352,0.10040233394164488
894,state_cond,5,0.0055790753410469365,0.043267225318036735
895,state_cond,5,0.01927659340910016,0.0800323123963469
896,state_cond,5,0.01665695643467506,0.07413939057889284
897,state_cond,5,0.0027384165412851157,0.03001956210289496
898,state_cond,5,0.010863589531706564,0.06005765258878799
899,state_cond,5,0.018414504297046906,0.07787949166879427
900,state_cond,5,0.006437900668735291,0.048349651532867494
901,state_cond,5,0.012739214354019158,0.06511420634227677
902,state_cond,5,0.002961504584059361,0.03169176212266806
903,state_cond,5,0.013836389998143002,0.06764362227265351
904,state_cond,5,0.02133964026133101,0.08413504819654834
905,state_cond,5,0.012239634874775057,0.06367532857591758
906,state_cond,5,0.0031345753537832368,0.03248826336214035
907,state_cond,5,0.021133819129236862,0.08350543476291251
908,state_cond,5,0.02416377159945802,0.08905894405015148
909,state_cond,5,0.011581364043885302,0.06192621444827356
910,state_cond,5,0.019912605254240177,0.08107121820062678
911,state_cond,5,0.013918353663507438,0.06777893106690361
912,state_cond,5,0.012237922744848582,0.06334376138079585
913,state_cond,5,0.009998595199792468,0.0576033034687641
914,state_cond,5,0.018300058144290345,0.07742846883841417
915,state_cond,5,0.003954435912288764,0.03622716234598197
916,state_cond,5,0.004902020856378682,0.040520015819654226
917,state_cond,5,0.014268745764045437,0.06856315760411016
918,state_cond,5,0.008290879545810929,0.052099007226594655
919,state_cond,5,0.0029338079667360698,0.03111888520393091
920,state_cond,5,0.008312425684211575,0.05258259599046852
921,state_cond,5,0.0032172004596878463,0.03315995488456803
922,state_cond,5,0.011061577767582799,0.06055870032803181
923,state_cond,5,0.004224796978243129,0.037612342886491436
924,state_cond,5,0.011192168761512595,0.06088754860967694
925,state_cond,5,0.006979030077973437,0.048296313954483035
926,state_cond,5,0.003000608812385663,0.031751020497689686
927,state_cond,5,0.003976430748771907,0.03679954405442735
928,state_cond,5,0.14706460848948924,0.21317295907002015
929,state_cond,5,0.21957672587723176,0.25423271212316295
930,state_cond,5,0.1761729192232242,0.23068395735636593
931,state_cond,5,0.11456659555789363,0.1899768936816301
932,state_cond,5,0.056058272500077326,0.12961370492628227
933,state_cond,5,0.06207832705034763,0.13590082808067735
934,state_cond,5,0.051387327142427344,0.12462936652819864
935,state_cond,5,0.045966530807257704,0.11827822602990494
936,state_cond,5,0.034241356508586375,0.10301715065422395
937,state_cond,5,0.04248784418247364,0.11411677417721805
938,state_cond,5,0.053436762186548345,0.12700083148591354
939,state_cond,5,0.04771943753695415,0.1204898194175509
940,state_cond,5,0.07650002793021798,0.1495751049576811
941,state_cond,5,0.05109234530185564,0.12437082045423437
942,state_cond,5,0.05086880748503403,0.12412730781119978
943,state_cond,5,0.04897781068482259,0.121933019723219
944,state_cond,5,0.06227115323948886,0.13617436393255236
945,state_cond,5,0.05335891942552713,0.1269011930070086
946,state_cond,5,0.04662706193584131,0.11922010242971189
947,state_cond,5,0.04299740535752985,0.1147631918455883
948,state_cond,5,0.03840144887527704,0.1088194511064455
949,state_cond,5,0.06678541638893534,0.1404227756182293
950,state_cond,5,0.05547749709249784,0.12912871172046897
951,state_cond,5,0.040252752048927774,0.11123207662123519
952,state_cond,5,0.04374393452324645,0.1156722348176476
953,state_cond,5,0.04943648875490542,0.12254942541084461
954,state_cond,5,0.05203897538236797,0.12547113446860056
955,state_cond,5,0.045031415314038814,0.11735337234805683
956,state_cond,5,0.04134086914043207,0.11271083233075077
957,state_cond,5,0.045340257746354674,0.11777405509201297
958,state_cond,5,0.05031712790911724,0.12355629808421466
959,state_cond,5,0.05297507135943281,0.12652834310624067
960,state_cond,5,0.056984217418015036,0.13082286137757043
961,state_cond,5,0.04756285002507044,0.12037956551873544
962,state_cond,5,0.03635650979755081,0.10611821107400536
963,state_cond,5,0.0550947580604538,0.12885231092059599
964,state_cond,5,0.05848603191487915,0.13238297785256758
965,state_cond,5,0.05180246212599675,0.12522519042183683
966,state_cond,5,0.04590817304410526,0.11839761744685019
967,state_cond,5,0.056862637302089965,0.13067015980849805
968,state_cond,5,0.05423862721101256,0.12792435939005106
969,state_cond,5,0.04876314335783918,0.12181519135527148
970,state_cond,5,0.03329763100523657,0.1018310909499026
971,state_cond,5,0.0660773194478403,0.13979645627004092
972,state_cond,5,0.05211921701279545,0.12551656883032813
973,state_cond,5,0.06063901130760586,0.13447858963331938
974,state_cond,5,0.041158752130267026,0.11239259980253843
975,state_cond,5,0.05659367377017397,0.13046210468136785
976,state_cond,5,0.047169101411445154,0.11991769350959293
977,state_cond,5,0.07350506784719034,0.14671600587919406
978,state_cond,5,0.036496968033638486,0.1062772793369695
979,state_cond,5,0.0480436378284048,0.1209083104328215
980,state_cond,5,0.05014289114786099,0.12331280280183912
981,state_cond,5,0.05218778187498144,0.12572151129361567
982,state_cond,5,0.04175821789227368,0.11321486377737648
983,state_cond,5,0.017628797983878286,0.07516506918409349
984,state_cond,5,0.04838843817522807,0.12132161231222523
985,state_cond,5,0.062071217906818785,0.13590303456914582
986,state_cond,5,0.062385678912490444,0.13613662010596417
987,state_cond,5,0.052615738522191265,0.12616852458411298
988,state_cond,5,0.04775155867350996,0.1205023563831244
989,state_cond,5,0.05774210587930764,0.13146052249448914
990,state_cond,5,0.06012715571648674,0.1339639362007605
991,state_cond,5,0.02794411782261913,0.09359787092806064
992,state_cond,5,0.3596147360211327,0.35452312264365005
993,state_cond,5,0.39532763886467454,0.3694866041543591
994,state_cond,5,0.33868120315046973,0.3440126359130558
995,state_cond,5,0.359108445031844,0.35507471868981816
996,state_cond,5,0.07408145526475846,0.16161870737041992
997,state_cond,5,0.0687911283365118,0.1550414694804972
998,state_cond,5,0.07866696263869916,0.16648867548108337
999,state_cond,5,0.0896663194187228,0.1769194792745985
1000,state_cond,5,0.06488219875872647,0.15123551575515312
1001,state_cond,5,0.06165283434705345,0.14844653224246035
1002,state_cond,5,0.06216910981502104,0.14941377919584176
1003,state_cond,5,0.06455659478715374,0.15067793862641451
1004,state_cond,5,0.06246258110989648,0.14912672007455377
1005,state_cond,5,0.09863867434169223,0.1851920462447671
1006,state_cond,5,0.0876039750196832,0.1740578677772372
1007,state_cond,5,0.0609041906180631,0.14677544215243216
1008,state_cond,5,0.06592352394853437,0.15278698445108174
1009,state_cond,5,0.0642183855567746,0.14972537609038655
1010,state_cond,5,0.10057749297976906,0.18637895857120543
1011,state_cond,5,0.05347836953877176,0.13902106784523197
1012,state_cond,5,0.05342718644261267,0.13803841682266008
1013,state_cond,5,0.047208352979350394,0.13041361328132825
1014,state_cond,5,0.06705199978754979,0.15312033383112353
1015,state_cond,5,0.0551252253420223,0.14085364562135505
1016,state_cond,5,0.04795909736213348,0.13154058598778837
1017,state_cond,5,0.048710033745064024,0.13261295573602586
1018,state_cond,5,0.05797559046267662,0.14370725288671865
1019,state_cond,5,0.05906691676334543,0.14488352769071727
1020,state_cond,5,0.07072851924134534,0.15827799235467432
1021,state_cond,5,0.04897361604679301,0.13212599859775295
1022,state_cond,5,0.07351893128203671,0.16082972286104433
1023,state_cond,5,0.10539252017400709,0.19015312295004508
1024,state_cond,5,0.1659066239039732,0.23612921110471707
1025,state_cond,5,0.09890052637678844,0.18563825086717242
1026,state_cond,5,0.17775950456562037,0.2443561780080575
1027,state_cond,5,0.31441049557067435,0.3260008213149034
1028,state_cond,5,0.10970802730180733,0.19129496733348741
1029,state_cond,5,0.20243053452265006,0.2626896568223782
1030,state_cond,5,0.11530248975432204,0.1972584863090937
1031,state_cond,5,0.2068001142577042,0.26445039178304297
1032,state_cond,5,0.21853985385017186,0.2759324779196238
1033,state_cond,5,0.5929978420385867,0.44587464189157294
1034,state_cond,5,0.08993228546982501,0.1794808348616547
1035,state_cond,5,0.34678850617713397,0.34368687017209487
1036,state_cond,5,0.5285070541490113,0.42446142816374993
1037,state_cond,5,0.1597997131435727,0.23285873465504175
1038,state_cond,5,0.5362069032893633,0.42143404701313825
1039,state_cond,5,0.15553203656434475,0.23461709875782455
1040,state_cond,5,0.5665269886188892,0.43785566197411513
1041,state_cond,5,0.11172309017135604,0.194813035211323
1042,state_cond,5,0.36029647972480805,0.3528495372290151
1043,state_cond,5,0.31590562107494186,0.3302275462813716
1044,state_cond,5,0.168442977082644,0.24612342713742869
1045,state_cond,5,0.1844831847295473,0.2564467620666684
1046,state_cond,5,0.12011059896851203,0.2093611650477474
1047,state_cond,5,0.3404688613432723,0.34085153762539055
1048,state_cond,5,0.0707463360364317,0.15245512481580098
1049,state_cond,5,0.15911869491391775,0.23557070524483723
1050,state_cond,5,0.22103771446577553,0.27502526690708373
1051,state_cond,5,0.14349980927420794,0.22679635262575365
1052,state_cond,5,0.14078578943700565,0.22131448361826286
1053,state_cond,5,0.1284012623933024,0.21224925150775076
1054,state_cond,5,0.13915282771970788,0.22203423611501352
1055,state_cond,5,0.09492931034075172,0.17797467650022059
1056,state_cond,5,0.21529288245077102,0.2724036531731018
1057,state_cond,5,0.1850226293516342,0.2523119602026689
1058,state_cond,5,0.26169993555085524,0.3011954199087402
1059,state_cond,5,0.2124108712449004,0.2695938380518249
1060,state_cond,5,0.18461815530327574,0.25111861115005923
1061,state_cond,5,0.2022360360308369,0.26011134832014454
1062,state_cond,5,0.24750025290446925,0.2880232587428072
1063,state_cond,5,0.254191743210025,0.29201913914117017
1064,state_cond,5,0.19962275153769515,0.25757718496097604
1065,state_cond,5,0.12889835883521666,0.2097222763735613
1066,state_cond,5,0.19642617789598185,0.2552582801446142
1067,state_cond,5,0.19595335456053378,0.2554457142512976
1068,state_cond,5,0.17620647566110167,0.24299485772168983
1069,state_cond,5,0.16079217906197138,0.23237849812582576
1070,state_cond,5,0.17610487551344559,0.2431892232515755
1071,state_cond,5,0.15990257046012812,0.23238371847530542
1072,state_cond,5,0.17223131151405446,0.23982051388572592
1073,state_cond,5,0.16001542869377886,0.23173660775646535
1074,state_cond,5,0.2184080127610194,0.2703897040220551
1075,state_cond,5,0.18757222422317435,0.24927746033832107
1076,state_cond,5,0.17965431006544214,0.24476616438671678
1077,state_cond,5,0.25320597328868244,0.29306065273821835
1078,state_cond,5,0.2545324846051325,0.29330706529286477
1079,state_cond,5,0.2722279879698905,0.30506417175594874
1080,state_cond,5,0.21457449061367245,0.269969410453267
1081,state_cond,5,0.25189329227998664,0.29161546042029096
1082,state_cond,5,0.21609653383728755,0.2694223305239896
1083,state_cond,5,0.2099582016711876,0.26490237981346304
1084,state_cond,5,0.13046102752192948,0.2104760545668097
1085,state_cond,5,0.16935519134700883,0.2374332058486721
1086,state_cond,5,0.12843270943684215,0.20850022288637793
1087,state_cond,5,0.2207345170240309,0.2729882471240163
1088,state_cond,5,0.17668196178913473,0.2434755075260448
1089,state_cond,5,0.19336625053484183,0.25306562185718595
1090,state_cond,5,0.20606511303038177,0.2618130101817563
1091,state_cond,5,0.10931226442248183,0.19208434471066613
1092,state_cond,5,0.13866537439681262,0.21515320494567308
1093,state_cond,5,0.17868098842925378,0.24097549288981376
1094,state_cond,5,0.19219268375150098,0.25026981516902586
1095,state_cond,5,0.18892234994153695,0.24965306883785018
1096,state_cond,5,0.1553253834810357,0.22506652622926776
1097,state_cond,5,0.12930105606343098,0.20730170302314413
1098,state_cond,5,0.19504901723802878,0.252021672767574
1099,state_cond,5,0.28437387672294867,0.30586516755706883
1100,state_cond,5,0.19056889262529728,0.24851423482259982
1101,state_cond,5,0.22527529316898812,0.26967815608928086
1102,state_cond,5,0.22325323487957552,0.2678641256948691
1103,state_cond,5,0.24927749656406525,0.28251874550369677
1104,state_cond,5,0.1481303873602011,0.22051528595821762
1105,state_cond,5,0.23769657800259358,0.2814837150159999
1106,state_cond,5,0.17632255846245898,0.2394054626985725
1107,state_cond,5,0.18310184548181632,0.24302768441646608
1108,state_cond,5,0.22166144216665992,0.26936254621146377
1109,state_cond,5,0.19668414485694288,0.252765785917479
1110,state_cond,5,0.32741851363245866,0.33001581800006574
1111,state_cond,5,0.17722893760051206,0.24066463906630922
1112,state_cond,5,0.2026025031943322,0.25675258672938184
1113,state_cond,5,0.019691697046706008,0.08192043804911403
1114,state_cond,5,0.024285392269793843,0.09566987567689295
1115,state_cond,5,0.014397399727645836,0.06622639199698492
1116,state_cond,5,0.023231324712670812,0.09206610228776961
1117,state_cond,5,0.01123132136108418,0.06425258278086547
1118,state_cond,5,0.025910418547426716,0.09940379494042025
1119,state_cond,5,0.010313457264901444,0.06128548452244875
1120,state_cond,5,0.0206120361124451,0.08852681720703694
1121,state_cond,5,0.02797590988670523,0.10210229057001018
1122,state_cond,5,0.011826965330038831,0.0659209252477951
1123,state_cond,5,0.012086885707341915,0.06425642661715139
1124,state_cond,5,0.015117160017679739,0.07500209692241362
1125,state_cond,5,0.012574003318634723,0.06848276079554907
1126,state_cond,5,0.008691445385147404,0.05600625054027868
1127,state_cond,5,0.0111559409502061,0.06414864059781172
1128,state_cond,5,0.008794225471733027,0.05682430019331493
1129,state_cond,5,0.01020276867595084,0.06127179223023279
1130,state_cond,5,0.011473393075030107,0.06503369330573094
1131,state_cond,5,0.008384300505682535,0.055508367993452594
1132,state_cond,5,0.006723364733205783,0.04852608205573547
1133,state_cond,5,0.01819589107660496,0.08353151980361084
1134,state_cond,5,0.011262068863098135,0.06444203174901875
1135,state_cond,5,0.010313573232190242,0.061617575612278014
1136,state_cond,5,0.01057606673251798,0.062357253574609715
1137,state_cond,5,0.008198387812653328,0.054909074297129046
1138,state_cond,5,0.008144591034405345,0.054641280384311285
1139,state_cond,5,0.007054670157650311,0.05061096411720804
1140,state_cond,5,0.007903123451318415,0.053823767578683075
1141,state_cond,5,0.01261831185190472,0.06838745925952838
1142,state_cond,5,0.013792721454068835,0.07167028529318256
1143,state_cond,5,0.010127951627971343,0.061066278889336356
1144,state_cond,5,0.008794613122422669,0.05689689863907639
1145,state_cond,5,0.017401110103569734,0.08128881632854869
1146,state_cond,5,0.014408281253263626,0.07394240835225387
1147,state_cond,5,0.00982049964717115,0.06026649283824247
1148,state_cond,5,0.013091739066606994,0.06985870158426813
1149,state_cond,5,0.010099154398063307,0.061068898053358085
1150,state_cond,5,0.007637394928820046,0.052929618443232095
1151,state_cond,5,0.00864824041241258,0.05634302573828298
1152,state_cond,5,0.011688256391623113,0.06578008047823129
1153,state_cond,5,0.008385390724430201,0.055437947195230354
1154,state_cond,5,0.008923413367176584,0.05650624499905716
1155,state_cond,5,0.016071817773458015,0.07784888329093333
1156,state_cond,5,0.008818212286018706,0.057029701335759145
1157,state_cond,5,0.008361243552915398,0.05419458103210177
1158,state_cond,5,0.016163086912403837,0.07809678216364022
1159,state_cond,5,0.013675004298898213,0.07175722481148131
1160,state_cond,5,0.027313632827500694,0.10300736127922684
1161,state_cond,5,0.008276255978179698,0.05510877215524545
1162,state_cond,5,0.014543066458508842,0.07424524193373046
1163,state_cond,5,0.008280111527193695,0.05514250938969947
1164,state_cond,5,0.01135151876547121,0.06517334416773383
1165,state_cond,5,0.025826173756711656,0.09974026792616308
1166,state_cond,5,0.012640691980773461,0.06861643889661667
1167,state_cond,5,0.014959920363325179,0.07476984838443256
1168,state_cond,5,0.01425310746665598,0.07305469171166959
1169,state_cond,5,0.039144411240911406,0.12415206361609762
1170,state_cond,5,0.01766920547963982,0.08177158808224981
1171,state_cond,5,0.02142157265021878,0.09102885021009563
1172,state_cond,5,0.014775413485778596,0.07441243400977228
1173,state_cond,5,0.010210891001537973,0.061465019953686154
1174,state_cond,5,0.009518410119598369,0.05908822618248141
1175,state_cond,5,0.0117490156769426,0.06590363314738182
1176,state_cond,5,0.009581093642152956,0.05918653709041397
1177,state_cond,5,0.009372372757829572,0.058264732732933755
1178,state_cond,5,0.013292174072115458,0.06937091857831905
1179,state_cond,5,0.01173216589894028,0.06518909249913966
1180,state_cond,5,0.01668525457713208,0.07800871936198357
1181,state_cond,5,0.012499685524357136,0.06732073361935118
1182,state_cond,5,0.016960710092981793,0.08008786503105728
1183,state_cond,5,0.018523374390473777,0.08444669115004856
1184,state_cond,5,0.017354770331303837,0.08095418287759677
1185,state_cond,5,0.030064907670087355,0.10768239111638271
1186,state_cond,5,0.021227740141275354,0.09062237205122313
1187,state_cond,5,0.01877108164572014,0.08429309094783555
1188,state_cond,5,0.01808705880107045,0.08342096022960939
1189,state_cond,5,0.018246967062402062,0.08366751354275258
1190,state_cond,5,0.014067658291001992,0.07267535904490201
1191,state_cond,5,0.017398151105732552,0.08193719381992938
1192,state_cond,5,0.01421537974270812,0.07275436463082603
1193,state_cond,5,0.015138147966330232,0.07528422892910035
1194,state_cond,5,0.0202636440948741,0.0885960823655805
1195,state_cond,5,0.016395958695517326,0.07892578783793977
1196,state_cond,5,0.03175123906162258,0.11106569760922683
1197,state_cond,5,0.020402139409372546,0.08840749040285961
1198,state_cond,5,0.01777689487599581,0.08173537638233898
1199,state_cond,5,0.01504985042666148,0.07483076509077
1200,state_cond,5,0.014463966003164064,0.07311978472590894
1201,state_cond,5,0.027642484003850474,0.10338893635442105
1202,state_cond,5,0.015919296707682547,0.07723173887823934
1203,state_cond,5,0.017081941026363758,0.08128081628416717
1204,state_cond,5,0.04603868934640648,0.12971496169829397
1205,state_cond,5,0.01721146242586477,0.08077809616210245
1206,state_cond,5,0.0186004534005136,0.08548194026299036
1207,state_cond,5,0.022516996291511,0.09314192616668673
1208,state_cond,5,0.017961620972583428,0.08456702796432719
1209,state_cond,5,0.015535334990092914,0.07672214732474321
1210,state_cond,5,0.014073695710847444,0.07298640042185844
1211,state_cond,5,0.01279196300359821,0.06946172562592125
1212,state_cond,5,0.009784308530112092,0.05999724910391527
1213,state_cond,5,0.015884751193159075,0.07865798156983594
1214,state_cond,5,0.008593984435972386,0.0553787873753255
1215,state_cond,5,0.011151051467652901,0.06386738863851804
1216,state_cond,5,0.01048951437569527,0.062560957616267
1217,state_cond,5,0.006449671576953819,0.04661177437533866
1218,state_cond,5,0.019231966922670006,0.0870520936684069
1219,state_cond,5,0.011661187958375502,0.06670157392116371
1220,state_cond,5,0.006812480392107745,0.048164771240459064
1221,state_cond,5,0.010002855287047217,0.06074383749691359
1222,state_cond,5,0.008468541886741498,0.054928164113327516
1223,state_cond,5,0.00883311625579678,0.05686121250519227
1224,state_cond,5,0.008150823091002705,0.0542721740826989
1225,state_cond,5,0.010949604206661108,0.06396960598592791
1226,state_cond,5,0.012581861317178195,0.06914020146943767
1227,state_cond,5,0.009029498199246498,0.05739765135889404
1228,state_cond,5,0.011211164375332339,0.06486557279694198
1229,state_cond,5,0.008327022625533788,0.05456862378556726
1230,state_cond,5,0.008619456044260728,0.055833661078206934
1231,state_cond,5,0.009939128957094992,0.060620497704886686
1232,state_cond,5,0.025864883175161377,0.09985685866665361
1233,state_cond,5,0.021145720204825483,0.08992744615276858
1234,state_cond,5,0.011335837578936784,0.06535970516098487
1235,state_cond,5,0.007901827978065436,0.05283249004279923
1236,state_cond,5,0.005841881818984921,0.04423892850984475
1237,state_cond,5,0.007538632616268232,0.05215967256610979
1238,state_cond,5,0.006155584760083003,0.045243058287497084
1239,state_cond,5,0.006431424110017033,0.047178858826533616
1240,state_cond,5,0.004984186924994655,0.03935648682858212
1241,state_cond,5,0.015215905606129235,0.07310281478569969
1242,state_cond,5,0.010110265649812442,0.05695521797858166
1243,state_cond,5,0.01227749160913229,0.06232923550139186
1244,state_cond,5,0.00969795518867873,0.05606901284806436
1245,state_cond,5,0.013227102848032767,0.06864103053299976
1246,state_cond,5,0.01014635130688835,0.058769449424990225
1247,state_cond,5,0.012977823282298686,0.06813225277520338
1248,state_cond,5,0.01788623307771244,0.08194608821109758
1249,state_cond,5,0.016242012673423293,0.07746734670624121
1250,state_cond,5,0.050992244907668,0.14235478341106458
1251,state_cond,5,0.026566385456189313,0.10147869846512027
1252,state_cond,5,0.029538793556042612,0.10720668298085775
1253,state_cond,5,0.021392225456498486,0.09032241210747229
1254,state_cond,5,0.02092848949991822,0.0893586370803936
1255,state_cond,5,0.025920948274683876,0.1001530062425694
1256,state_cond,5,0.01532779489638294,0.07491348023020525
1257,state_cond,5,0.044516660412706986,0.13297169283279098
1258,state_cond,5,0.008196981826834784,0.05288037332830546
1259,state_cond,5,0.024299768768422884,0.09658213704732119
1260,state_cond,5,0.009715923886937605,0.057264962247813245
1261,state_cond,5,0.008240128214080277,0.05303093790037341
1262,state_cond,5,0.008485312516400372,0.053711138223398645
1263,state_cond,5,0.007390914582288794,0.0508619323529044
1264,state_cond,5,0.012827477325317395,0.06733799807008341
1265,state_cond,5,0.0075400879912055005,0.05120475091399193
1266,state_cond,5,0.012599729122018047,0.06660567545909311
1267,state_cond,5,0.012143645212367035,0.06524334496364147
1268,state_cond,5,0.012033213740279786,0.06478966598418202
1269,state_cond,5,0.00739270918286012,0.050778101784880555
1270,state_cond,5,0.007686829536212506,0.05178685054348471
1271,state_cond,5,0.01075627976030927,0.0606093956448797
1272,state_cond,5,0.010390803704013154,0.05936669350428177
1273,state_cond,5,0.007654204873558259,0.051629839028341916
1274,state_cond,5,0.009362924558548404,0.05630315944880719
1275,state_cond,5,0.012510817133694322,0.06625503749973129
1276,state_cond,5,0.008303632302807644,0.05329092595808214
1277,state_cond,5,0.031764260013460735,0.11136853264261432
1278,state_cond,5,0.04673554553239332,0.1362182839269788
1279,state_cond,5,0.00766946250979801,0.0516206712312383
1280,state_cond,5,0.018684074481777516,0.08371340123071365
1281,state_cond,5,0.00791134007551823,0.052314165385695124
1282,state_cond,5,0.035390723434315145,0.11786159187330333
1283,state_cond,5,0.01995442052763236,0.08679567942437444
1284,state_cond,5,0.011421223608748046,0.06276050151216293
1285,state_cond,5,0.024568735043602654,0.09712221726145603
1286,state_cond,5,0.00772058981546921,0.05189096765309081
1287,state_cond,5,0.017166828179590726,0.07976528826788636
1288,state_cond,5,0.009546394922607592,0.05684564355803187
1289,state_cond,5,0.01706589379727336,0.07943702041638302
1290,state_cond,5,0.02410628452743921,0.096085761617129
1291,state_cond,5,0.010293942063793166,0.05901163584226386
1292,state_cond,5,0.013350483544457465,0.06875161265410276
1293,state_cond,5,0.08123858725101167,0.17827575903975434
1294,state_cond,5,0.04605987527918841,0.13504327565447624
1295,state_cond,5,0.027229895351534184,0.10252202159275535
1296,state_cond,5,0.011555676358992953,0.06328594251691468
1297,state_cond,5,0.012890113364151445,0.06767797470611775
1298,state_cond,5,0.009528635011568688,0.05675190376424945
1299,state_cond,5,0.03221527490128186,0.11204964009504356
1300,state_cond,5,0.009519837996393951,0.05672404784377947
1301,state_cond,5,0.03127130851007291,0.11037482040183269
1302,state_cond,5,0.012951551793088949,0.06467107040965211
1303,state_cond,5,0.011942321458477827,0.06207251918105054
1304,state_cond,5,0.009259884227550577,0.05442825628575492
1305,state_cond,5,0.016878481367071627,0.07420178452435741
1306,state_cond,5,0.0071456086667282025,0.04747339800606753
1307,state_cond,5,0.008661034791270415,0.052363215280007314
1308,state_cond,5,0.006120078959320749,0.0441302511990144
1309,state_cond,5,0.00463075966356462,0.03853654392724203
1310,state_cond,5,0.005611662741662451,0.042783429895540855
1311,state_cond,5,0.006675554567672312,0.04584053133669421
1312,state_cond,5,0.008084303986092386,0.05064400011150437
1313,state_cond,5,0.00560668230792827,0.04225520652118593
1314,state_cond,5,0.005600797496837335,0.0425952590224698
1315,state_cond,5,0.008259259399462702,0.05117162504723129
1316,state_cond,5,0.005099445625183378,0.04049901665527825
1317,state_cond,5,0.010746165998705372,0.058694123172909826
1318,state_cond,5,0.006846722273100091,0.04695549772904137
1319,state_cond,5,0.007490298538307045,0.048713402188383166
1320,state_cond,5,0.008438350189274914,0.05206738155323747
1321,state_cond,5,0.012426306286179148,0.06285610554181173
1322,state_cond,5,0.005245526746697821,0.040540317644143266
1323,state_cond,5,0.006174953684385706,0.04419444868577242
1324,state_cond,5,0.010577543744209737,0.05797139071848253
1325,state_cond,5,0.012333770857510274,0.06254266202575504
1326,state_cond,5,0.01213307585853856,0.062433873865005096
1327,state_cond,5,0.007151247802035553,0.04760884739352845
1328,state_cond,5,0.006790330446263149,0.04610116459325909
1329,state_cond,5,0.004668363630724865,0.03890253209784799
1330,state_cond,5,0.005463999848746184,0.041087430283672455
1331,state_cond,5,0.013668442089356976,0.06612184366119621
1332,state_cond,5,0.012960118275777744,0.06435852909091408
1333,state_cond,5,0.008589774128065834,0.05227384072237209
1334,state_cond,5,0.0049250248466114295,0.039527831816086975
1335,state_cond,5,0.005761276782175569,0.042061387005808894
1336,state_cond,5,0.007994469139539198,0.04995152164985442
1337,state_cond,5,0.012155615709198975,0.06218240938716954
1338,state_cond,5,0.009798513625037536,0.0557924111990618
1339,state_cond,5,0.00518876951838795,0.04037245751190408
1340,state_cond,5,0.007137636629075625,0.04744579355070681
1341,state_cond,5,0.011475449546120462,0.06015794610277241
1342,state_cond,5,0.008206477421852548,0.05076562256677993
1343,state_cond,5,0.011639889000189321,0.06100577757839524
1344,state_cond,5,0.008133662830003737,0.05063364681169089
1345,state_cond,5,0.00778924617878867,0.049263095240497726
1346,state_cond,5,0.009608619475960622,0.05502897083257408
1347,state_cond,5,0.008752316813681361,0.052315310391024536
1348,state_cond,5,0.007411641187502222,0.0482673567609328
1349,state_cond,5,0.005148032019891498,0.04021603069865987
1350,state_cond,5,0.004944891722781736,0.03959606063316573
1351,state_cond,5,0.006921296226922876,0.04670511391618777
1352,state_cond,5,0.004991955018929345,0.040059215055890766
1353,state_cond,5,0.0058633010816849344,0.04384198340365883
1354,state_cond,5,0.005029623960019596,0.039634367203718344
1355,state_cond,5,0.013028628026895972,0.07158631820748063
1356,state_cond,5,0.0241186283455924,0.09883890578600833
1357,state_cond,5,0.007379300262315734,0.048630367646624484
1358,state_cond,5,0.005597519629003621,0.04202463813678378
1359,state_cond,5,0.006440011171471072,0.045667321318527805
1360,state_cond,5,0.006408227111589153,0.045585021072865925
1361,state_cond,5,0.008254320294488545,0.05098436329196703
1362,state_cond,5,0.006418907868301203,0.04519490870959687
1363,state_cond,5,0.005968514720034837,0.04342625022517159
1364,state_cond,5,0.003806541332843904,0.03396227520759964
1365,state_cond,5,0.0036779671431420116,0.03298920889329496
1366,state_cond,5,0.005189450772611009,0.04225568197350668
1367,state_cond,5,0.008641949684539815,0.057164639377913724
1368,state_cond,5,0.011377108722823487,0.0591295456374402
1369,state_cond,5,0.005959786628612332,0.041841900350844424
1370,state_cond,5,0.020099044277486648,0.0793851164652847
1371,state_cond,5,0.013710700325917796,0.06501512166406652
1372,state_cond,5,0.005998795493715569,0.04188077226807094
1373,state_cond,5,0.00992778418647381,0.054986867705156185
1374,state_cond,5,0.011249523675951218,0.05878104219171111
1375,state_cond,5,0.005341709383296784,0.039704465492579694
1376,state_cond,5,0.005597335293327406,0.0431760770166516
1377,state_cond,5,0.014361436485121242,0.06670937810724993
1378,state_cond,5,0.016885381525877544,0.07249592487417902
1379,state_cond,5,0.008750660705378336,0.05152865495834663
1380,state_cond,5,0.011163223360298652,0.05884270279865977
1381,state_cond,5,0.01326482680461526,0.06421416690480802
1382,state_cond,5,0.010342504999330503,0.056203888455452274
1383,state_cond,5,0.013085446169747921,0.06379743094575135
1384,state_cond,5,0.015054189895358344,0.06846687680618317
1385,state_cond,5,0.009840702782757085,0.054768416802702245
1386,state_cond,5,0.010669782759558948,0.057175944827132966
1387,state_cond,5,0.015128855474003918,0.06859154798708406
1388,state_cond,5,0.008702733708000829,0.05126296224960199
1389,state_cond,5,0.016221911476091727,0.07112952539293152
1390,state_cond,5,0.01949832055686821,0.07819224221413852
1391,state_cond,5,0.012057825138400759,0.060968331403558965
1392,state_cond,5,0.017247151652796357,0.07336300846141519
1393,state_cond,5,0.01650694789096718,0.07158616826689024
1394,state_cond,5,0.013393075885863429,0.06428148511931799
1395,state_cond,5,0.010187850808936976,0.05569304454964265
1396,state_cond,5,0.011004251681139504,0.05798903838627974
1397,state_cond,5,0.009167089850914894,0.052653503890175646
1398,state_cond,5,0.010457868763175957,0.056489823461919615
1399,state_cond,5,0.010326098826433431,0.05610899741866943
1400,state_cond,5,0.014420026626561716,0.0669009384300679
1401,state_cond,5,0.01755748492257073,0.0740283335255022
1402,state_cond,5,0.015925176313559847,0.0703619069801122
1403,state_cond,5,0.019181235007395367,0.07746529997014248
1404,state_cond,5,0.014974772806219689,0.06804546964916802
1405,state_cond,5,0.016091965280004124,0.0706059526102996
1406,state_cond,5,0.009313449480970319,0.05313491207237792
1407,state_cond,5,0.010793017581505124,0.05732200663840484
1408,state_cond,5,0.012774257009009816,0.06275987726501896
1409,state_cond,5,0.01477384552960046,0.06755728593567084
1410,state_cond,5,0.012554144586775076,0.062195377606928
1411,state_cond,5,0.012651347533300904,0.062455302129208044
1412,state_cond,5,0.012389210990959796,0.06179020325028134
1413,state_cond,5,0.014922892970910411,0.0679667355134281
1414,state_cond,5,0.010427724769857231,0.0564119909968984
1415,state_cond,5,0.017877999088898724,0.07463416136800821
1416,state_cond,5,0.00803841582326816,0.048818564186394464
1417,state_cond,5,0.01442108855570345,0.06675806929349086
1418,state_cond,5,0.013149605812941806,0.06373384940078067
1419,state_cond,5,0.007756647634660687,0.04745261725419419
1420,state_cond,5,0.005167127331857576,0.039873105458692194
1421,state_cond,5,0.012028992617100548,0.060936407604050905
1422,state_cond,5,0.017539518253894347,0.07391916191136985
1423,state_cond,5,0.019694823137550107,0.0786749622768218
1424,state_cond,5,0.017183288317049877,0.07320429431803246
1425,state_cond,5,0.020122953749006873,0.07934140107911586
1426,state_cond,5,0.010628579622092635,0.05674308044784347
1427,state_cond,5,0.012798768376302266,0.06277192280639071
1428,state_cond,5,0.008573409311505532,0.05055502116148088
1429,state_cond,5,0.03398879723268275,0.10487819999465622
1430,state_cond,5,0.019373465341968887,0.0773829729906487
1431,state_cond,5,0.029357370996283973,0.09690927072307254
1432,state_cond,5,0.026175150718529213,0.09117084921412905
1433,state_cond,5,0.015248458653668036,0.07085341497298082
1434,state_cond,5,0.0133932703816594,0.06649700430341053
1435,state_cond,5,0.0047227683338210555,0.0384162307291861
1436,state_cond,5,0.007476406131261172,0.04853167673229491
1437,state_cond,5,0.004589282835846668,0.03782278105505867
1438,state_cond,5,0.014909287905339465,0.0702026917232848
1439,state_cond,5,0.017352812554228676,0.07564480121876271
1440,state_cond,5,0.010131041863028717,0.05749591101332903
1441,state_cond,5,0.01767896125909924,0.07634632896126595
1442,state_cond,5,0.019873137105244246,0.08079993817909459
1443,state_cond,5,0.00987657427241426,0.05648922655462336
1444,state_cond,5,0.019638914649530725,0.08035860433992122
1445,state_cond,5,0.010664076185499777,0.05891562119421678
1446,state_cond,5,0.015539504829201934,0.07156606873878121
1447,state_cond,5,0.005474027481337575,0.04137214223890186
1448,state_cond,5,0.022360900538428128,0.08574856619720951
1449,state_cond,5,0.012179030258305143,0.06331553319034984
1450,state_cond,5,0.01373885946043473,0.06734355508276675
1451,state_cond,5,0.015649564347207257,0.0719587345562525
1452,state_cond,5,0.01414592810878407,0.06829598460618194
1453,state_cond,5,0.007826513014538248,0.04975927585443977
1454,state_cond,5,0.013418471712247028,0.06658477471732173
1455,state_cond,5,0.017899869336903886,0.07678364709612659
1456,state_cond,5,0.009989182144055161,0.057000310853428555
1457,state_cond,5,0.012975569718026148,0.06550902466346506
1458,state_cond,5,0.014165443519763555,0.0684530107636696
1459,state_cond,5,0.011126801376661851,0.06038028779333026
1460,state_cond,5,0.01288042664520478,0.06526393138549139
1461,state_cond,5,0.00911311239887544,0.0542116497239385
1462,state_cond,5,0.009542711966313126,0.055595831767270835
1463,state_cond,5,0.00875455470868806,0.05306741287805765
1464,state_cond,5,0.00576407591647046,0.042446568900740174
1465,state_cond,5,0.017384615385816454,0.07570305213593315
1466,state_cond,5,0.020861456255410873,0.08285884885292419
1467,state_cond,5,0.00886673988501729,0.053401674800545244
1468,state_cond,5,0.0041908922642025555,0.03543780164153008
1469,state_cond,5,0.008348302783267482,0.051507017076399784
1470,state_cond,5,0.004187048706646595,0.03542134485522089
1471,state_cond,5,0.007641612336073958,0.049201013444952445
1472,state_cond,5,0.017423346330296994,0.07590516855710819
1473,state_cond,5,0.004811365212832784,0.038836787343427506
1474,state_cond,5,0.014621244259259904,0.06962431427165716
1475,state_cond,5,0.017898491010654185,0.07687472724308626
1476,state_cond,5,0.0064908261586925295,0.04503095133660917
1477,state_cond,5,0.00917003836803033,0.054686013322595824
1478,state_cond,5,0.009113907041579893,0.054223630051188416
1479,state_cond,5,0.0059978413095077366,0.04329914147545934
1480,state_cond,5,0.01205414929657702,0.06314684913623207
1481,state_cond,5,0.0063623824975555686,0.044573482581332924
1482,state_cond,5,0.011376340369963846,0.06118785227277874
1483,state_cond,5,0.005642389261670007,0.043653019331717356
1484,state_cond,5,0.004135313260553416,0.035126946030974125
1485,state_cond,5,0.015038728587934331,0.07064042617047143
1486,state_cond,5,0.013522106183128987,0.06688081419156001
1487,state_cond,5,0.01212182451323372,0.0634249771431234
1488,state_cond,5,0.014945146872897603,0.07049198696912608
1489,state_cond,5,0.014278205470995195,0.06876859137532439
1490,state_cond,5,0.012702861758821751,0.06487717420010469
1491,state_cond,5,0.012299993138795288,0.06380042517480032
1492,state_cond,5,0.02523008353416666,0.09651046174988118
1493,state_cond,5,0.017147176654988043,0.07911317182806274
1494,state_cond,5,0.012900022622877814,0.06797429543467355
1495,state_cond,5,0.0495074430211224,0.13573270962981648
1496,state_cond,5,0.009847393701510922,0.05779450002381889
1497,state_cond,5,0.010528524395094416,0.059425339160620594
1498,state_cond,5,0.011349080725684161,0.06291065048839153
1499,state_cond,5,0.009903351065746786,0.05987827689249912
1500,state_cond,5,0.010188339330570997,0.05919792166165827
1501,state_cond,5,0.010849195597405452,0.06247444686650935
1502,state_cond,5,0.05628915646440379,0.14445574544575857
1503,state_cond,5,0.03910756664243992,0.1211853998009763
1504,state_cond,5,0.019979768727356448,0.08546249416273621
1505,state_cond,5,0.015007848141954397,0.07346349835459597
1506,state_cond,5,0.023040807571869614,0.09356935231183616
1507,state_cond,5,0.018530990394998993,0.08251625695730051
1508,state_cond,5,0.01142616048315225,0.06393685716685964
1509,state_cond,5,0.011575796494417695,0.06423139204114084
1510,state_cond,5,0.018179207600175544,0.08096092142778391
1511,state_cond,5,0.011274480192123019,0.06322404071919471
1512,state_cond,5,0.011066207683002849,0.06151312932442508
1513,state_cond,5,0.010750972537581139,0.06005791321580123
1514,state_cond,5,0.012991240304609132,0.06780005539719125
1515,state_cond,5,0.013280225073386607,0.0684537984705836
1516,state_cond,5,0.011239396384551043,0.059815780303654566
1517,state_cond,5,0.01168614641145178,0.06418522993473202
1518,state_cond,5,0.010383515031316135,0.059890060822364276
1519,state_cond,5,0.010438947908746492,0.06007647825600104
1520,state_cond,5,0.013332983362854448,0.0686542107378414
1521,state_cond,5,0.015601280649637825,0.07436021428621588
1522,state_cond,5,0.01550554166572872,0.07446640597575013
1523,state_cond,5,0.01041752571164061,0.05893086603807327
1524,state_cond,5,0.011057966685130614,0.06280526378877262
1525,state_cond,5,0.018128354229638096,0.08070237532750994
1526,state_cond,5,0.01112950482690237,0.06283572147697478
1527,state_cond,5,0.012351457666210644,0.06612028661941609
1528,state_cond,5,0.017339313465684087,0.07839881009381475
1529,state_cond,5,0.02887532682135197,0.10372734131779499
1530,state_cond,5,0.010869736900343359,0.06083742935489888
1531,state_cond,5,0.03917431595710792,0.1204266765673164
1532,state_cond,5,0.04337638700863138,0.12692086259475996
1533,state_cond,5,0.010971649494372853,0.06230705762730505
1534,state_cond,5,0.016047949490654762,0.07542551328413706
1535,state_cond,5,0.029624744077838716,0.10505164716033932
1536,state_cond,5,0.040668582575350144,0.12284370473365894
1537,state_cond,5,0.018728205278304,0.08101832237000332
1538,state_cond,5,0.010728843060821829,0.058850804635973114
1539,state_cond,5,0.018642541095139856,0.08198008484133781
1540,state_cond,5,0.025644160897078137,0.09739293955234307
1541,state_cond,5,0.013246661397768388,0.0675720145350246
1542,state_cond,5,0.01378672612618686,0.06742447790448484
1543,state_cond,5,0.01170947431449899,0.05950465276399458
1544,state_cond,5,0.011836513524777426,0.06350394812364255
1545,state_cond,5,0.015589026072110388,0.07357647669891826
1546,state_cond,5,0.01419408493063955,0.06964372807957994
1547,state_cond,5,0.014464759427424615,0.06690630169595886
1548,state_cond,5,0.01822969026868625,0.07978595776712631
1549,state_cond,5,0.012229741669706123,0.06510346982343879
1550,state_cond,5,0.011660540411103563,0.06266495009213727
1551,state_cond,5,0.014648584725568589,0.07153553703972453
1552,state_cond,5,0.012077204123841216,0.06464027541248034
1553,state_cond,5,0.013203472484988982,0.06743881647127234
1554,state_cond,5,0.03392143436003833,0.11179344786054912
1555,state_cond,5,0.023358989598494515,0.09145427792643987
1556,state_cond,5,0.020113197678770213,0.08494562370748214
1557,state_cond,5,0.02732186642966017,0.1001678672887445
1558,state_cond,5,0.034429934758694006,0.11494651619845138
1559,state_cond,5,0.027517209428162263,0.1031629353006394
1560,state_cond,5,0.016616795742956273,0.0786682987691474
1561,state_cond,5,0.024845642258980297,0.09802758516207118
1562,state_cond,5,0.030324347470921106,0.10791218266160783
1563,state_cond,5,0.06003273877195595,0.14856992889490825
1564,state_cond,5,0.03429438913160724,0.11402600809410321
1565,state_cond,5,0.01648621690452676,0.07832779684654867
1566,state_cond,5,0.01622934307571933,0.07772790224649118
1567,state_cond,5,0.023300230394342755,0.09492004756183373
1568,state_cond,5,0.027719029327502673,0.10320486967287823
1569,state_cond,5,0.04197654112255958,0.12535883122372168
1570,state_cond,5,0.028331045272754773,0.10407013325100796
1571,state_cond,5,0.04887117595611552,0.13508413930510035
1572,state_cond,5,0.03864412346392952,0.12061452194187432
1573,state_cond,5,0.02028583648897048,0.08798053418423878
1574,state_cond,5,0.04989242195058513,0.13604227070777072
1575,state_cond,5,0.026577625161497895,0.10088717372696665
1576,state_cond,5,0.018074651743343103,0.08220125543855632
1577,state_cond,5,0.014131704384340329,0.07110634237398324
1578,state_cond,5,0.043114771593787016,0.12663125953843704
1579,state_cond,5,0.02746249668349556,0.10209644678887801
1580,state_cond,5,0.035144471270280725,0.11453175973074742
1581,state_cond,5,0.042998758562065545,0.1260218209288791
1582,state_cond,5,0.03267084458191771,0.11084936566912608
1583,state_cond,5,0.03049489814715628,0.10727278091059626
1584,state_cond,5,0.021813529055260007,0.09088566642409043
1585,state_cond,5,0.030122391240923623,0.10667280243346508
1586,state_cond,5,0.013023294410194702,0.06787028029037184
1587,state_cond,5,0.03490722174563085,0.11401556214213637
1588,state_cond,5,0.03426875847136369,0.11294837622367816
1589,state_cond,5,0.030674210045177983,0.10728386989639593
1590,state_cond,5,0.011507303041701973,0.06287312275334309
1591,state_cond,5,0.02016668404037979,0.08701513578902757
1592,state_cond,5,0.019075000097069406,0.08438924509202989
1593,state_cond,5,0.01608535512138145,0.07671146183163274
1594,state_cond,5,0.016165920438938438,0.07588722121127522
1595,state_cond,5,0.022040273691198722,0.09115154858414974
1596,state_cond,5,0.03236581317293146,0.11072279555587301
1597,state_cond,5,0.015609213647223178,0.07542327167013438
1598,state_cond,5,0.029929639460638903,0.10676251939216314
1599,state_cond,5,0.026411804350967513,0.10053774350074644
1600,state_cond,5,0.02127500308636048,0.09008514027251448
1601,state_cond,5,0.03208708821030347,0.11018871836522717
1602,state_cond,5,0.04137039754833062,0.12441248496430692
1603,state_cond,5,0.06530846833742661,0.15306400005990312
1604,state_cond,5,0.05713001874569748,0.1441172702694469
1605,state_cond,5,0.04413513899978729,0.12800907708677714
1606,state_cond,5,0.026810274238735884,0.10090653040163783
1607,state_cond,5,0.04403189960686119,0.12694896737067884
1608,state_cond,5,0.04325437661515212,0.1254349902313618
1609,state_cond,5,0.017046258495701672,0.0790744658454683
1610,state_cond,5,0.028047753313005883,0.10223872931370542
1611,state_cond,5,0.032627202607752454,0.11006441290191739
1612,state_cond,5,0.016565663895467472,0.07741329405171156
1613,state_cond,5,0.029287837372521976,0.10425588012268776
1614,state_cond,5,0.029146394786722495,0.10427331811564412
1615,state_cond,5,0.02849602827735266,0.10319014958256723
1616,state_cond,5,0.022044579416895943,0.08774425544678573
1617,state_cond,5,0.012969507349139216,0.06540585794652824
1618,state_cond,5,0.01644083270596249,0.07514302427572594
1619,state_cond,5,0.015001867086254938,0.07141918751623176
1620,state_cond,5,0.008096987192868907,0.05376940517151555
1621,state_cond,5,0.017837892455474992,0.08376530216828099
1622,state_cond,5,0.023356182121303127,0.09660546973639109
1623,state_cond,5,0.017439702979323554,0.08284650324329261
1624,state_cond,5,0.02596162840912575,0.10166836950334525
1625,state_cond,5,0.061314625634648845,0.153403433615412
1626,state_cond,5,0.007070585869860961,0.04985384151703485
1627,state_cond,5,0.02658567308105815,0.1029646803618692
1628,state_cond,5,0.00848149152604872,0.05530856367828596
1629,state_cond,5,0.01743389876745232,0.08312890054842623
1630,state_cond,5,0.013807673182576741,0.0724790417173428
1631,state_cond,5,0.01670192497501291,0.08126126047019207
1632,state_cond,5,0.013613226079642275,0.07233394174956535
1633,state_cond,5,0.026823915331085874,0.10350925055201138
1634,state_cond,5,0.00961811381324514,0.05986693439805689
1635,state_cond,5,0.018618451801652777,0.08605844241181775
1636,state_cond,5,0.015210700325333296,0.07721235920583806
1637,state_cond,5,0.025128240822121492,0.10025328123356363
1638,state_cond,5,0.02997652815959116,0.1092755611407563
1639,state_cond,5,0.014283558993625678,0.07469908893907128
1640,state_cond,5,0.030597149764986127,0.11052501869029535
1641,state_cond,5,0.007553082589476815,0.05213689766499371
1642,state_cond,5,0.02347958515473374,0.0970193799778317
1643,state_cond,5,0.01234085244895258,0.06896353145208177
1644,state_cond,5,0.007354880887147948,0.051323683317009344
1645,state_cond,5,0.009653613338594352,0.06015165303564917
1646,state_cond,5,0.00817937893951213,0.054752223193256164
1647,state_cond,5,0.011948868258761658,0.06784141907813113
1648,state_cond,5,0.010264442280638386,0.06242451866765586
1649,state_cond,5,0.018801125666957335,0.08652979927184831
1650,state_cond,5,0.01981977002538749,0.08888801491704566
1651,state_cond,5,0.03760123681535553,0.12272981841734147
1652,state_cond,5,0.028952061509270283,0.10770045624836369
1653,state_cond,5,0.022806386593189062,0.09558968149395262
1654,state_cond,5,0.017077769040870015,0.08236927587016511
1655,state_cond,5,0.008021184952377799,0.05418692955190766
1656,state_cond,5,0.0407581122688226,0.12733137817191603
1657,state_cond,5,0.01782027883919898,0.0841389149052467
1658,state_cond,5,0.018487007739238556,0.08565166879691963
1659,state_cond,5,0.02327950898081007,0.09639349290842679
1660,state_cond,5,0.0159288288031238,0.07947046352100114
1661,state_cond,5,0.02263936019339731,0.0951252093180762
1662,state_cond,5,0.01791543982612721,0.0841936655057233
1663,state_cond,5,0.010097302805356779,0.06130886435090057
1664,state_cond,5,0.008390621047432144,0.05486973964464063
1665,state_cond,5,0.013067677178242714,0.07101775795095808
1666,state_cond,5,0.009719789352146646,0.05991841565005453
1667,state_cond,5,0.043265469335919265,0.13054197772552628
1668,state_cond,5,0.018737081157574165,0.08607813647138123
1669,state_cond,5,0.011688724885564787,0.0667218043136025
1670,state_cond,5,0.027506571878796893,0.10472457217356934
1671,state_cond,5,0.012649027903910273,0.0700599988791625
1672,state_cond,5,0.03098092455659753,0.11101471702509673
1673,state_cond,5,0.041418524774023344,0.1278728110859315
1674,state_cond,5,0.029060230841023882,0.10754351394122635
1675,state_cond,5,0.04219378706267212,0.12887878647008547
1676,state_cond,5,0.04423931329604558,0.13186175869509334
1677,state_cond,5,0.03232905095582597,0.11319778763727574
1678,state_cond,5,0.013533860711731481,0.07185775080934341
1679,state_cond,5,0.03577836739612967,0.11860194218805448
1680,state_cond,5,0.03654792438938928,0.11955966498123657
1681,state_cond,5,0.05368912257301372,0.13328943569187646
1682,state_cond,5,0.06978341209620637,0.1521512353897912
1683,state_cond,5,0.014660352933460867,0.06560893247025167
1684,state_cond,5,0.013128311111907683,0.06179994485111365
1685,state_cond,5,0.01083956240048744,0.06254176262439487
1686,state_cond,5,0.005703998195758294,0.0443882498837473
1687,state_cond,5,0.019479212375913033,0.08653257044538383
1688,state_cond,5,0.0039490618448115924,0.034310922820964214
1689,state_cond,5,0.00818470274245303,0.05158438969893418
1690,state_cond,5,0.009033665275341067,0.05629857124780661
1691,state_cond,5,0.006889233325324575,0.046961338315158495
1692,state_cond,5,0.0040111136719102325,0.03461708870782621
1693,state_cond,5,0.015088209843675964,0.0755766808496195
1694,state_cond,5,0.00524415270572328,0.042273406158103134
1695,state_cond,5,0.010130181487406487,0.05755292669229373
1696,state_cond,5,0.004023294896660587,0.03481706052791886
1697,state_cond,5,0.004018651677998095,0.03460565562131064
1698,state_cond,5,0.005422902334742142,0.04098525973128325
1699,state_cond,5,0.0041101373370855294,0.03509737378273592
1700,state_cond,5,0.005147199117275133,0.03986964803680287
1701,state_cond,5,0.0040837575558434576,0.03531783846126563
1702,state_cond,5,0.005413093218127597,0.04085946417970353
1703,state_cond,5,0.007187162603473973,0.049782159666113296
1704,state_cond,5,0.003952613720634118,0.03434159532836432
1705,state_cond,5,0.008300877072192866,0.051842459899081615
1706,state_cond,5,0.004100268481205886,0.03495505215898951
1707,state_cond,5,0.004371063346693094,0.0364295777432632
1708,state_cond,5,0.004479130320434763,0.03796680182536342
1709,state_cond,5,0.015345420684940068,0.07109098973215497
1710,state_cond,5,0.004796838067101922,0.03837783331961179
1711,state_cond,5,0.004283885881264557,0.03678891156085696
1712,state_cond,5,0.004391016892491497,0.03749174740798243
1713,state_cond,5,0.004694399215738844,0.03789841162593635
1714,state_cond,5,0.004050127320310804,0.03483602136527378
1715,state_cond,5,0.00711280133290119,0.047653586892793455
1716,state_cond,5,0.004163551295495155,0.035417061041332604
1717,state_cond,5,0.009420370700354338,0.05556319505208669
1718,state_cond,5,0.008660474723805616,0.05315027386358187
1719,state_cond,5,0.007222165561363052,0.04799835348922862
1720,state_cond,5,0.00500705127909972,0.041043641523074
1721,state_cond,5,0.011524253617124437,0.061689029571844876
1722,state_cond,5,0.005992871275716791,0.04318067707598085
1723,state_cond,5,0.004042980795802961,0.03506426981150064
1724,state_cond,5,0.0039809783821983385,0.034618600082886655
1725,state_cond,5,0.009049448826059974,0.0560222818043981
1726,state_cond,5,0.003996025281169089,0.03463564384148779
1727,state_cond,5,0.004115803606425114,0.03523741341084859
1728,state_cond,5,0.007681158096982466,0.04978438112677213
1729,state_cond,5,0.004347700536351204,0.03657712858674282
1730,state_cond,5,0.010289330224877945,0.058228902999699524
1731,state_cond,5,0.004498370064425196,0.03719469104999196
1732,state_cond,5,0.004002157766613072,0.03467321836328858
1733,state_cond,5,0.009269721607768806,0.056744086069606764
1734,state_cond,5,0.007182504693000347,0.049890286139434796
1735,state_cond,5,0.005588992616955729,0.041694479489444124
1736,state_cond,5,0.005534070191413789,0.041484710635836766
1737,state_cond,5,0.007834031253614449,0.050455847076495614
1738,state_cond,5,0.004244736888553854,0.03649148547075367
1739,state_cond,5,0.006728749926559117,0.04619792706676897
1740,state_cond,5,0.006071352152995112,0.04359972833171576
1741,state_cond,5,0.0052930137325793635,0.040386066916318165
1742,state_cond,5,0.006434227961988165,0.04512112786958703
1743,state_cond,5,0.01334064335333601,0.06395527898493712
1744,state_cond,5,0.013046742495821962,0.06323547462294087
1745,state_cond,5,0.014154053793522626,0.06591432573676322
1746,state_cond,5,0.007755214798349053,0.047690951336459134
1747,state_cond,5,0.06160998981400517,0.14077796459003195
1748,state_cond,5,0.03221545197631069,0.10101053516573351
1749,state_cond,5,0.04808443256407637,0.12423132150080214
1750,state_cond,5,0.05067129082626884,0.12768842725176158
1751,state_cond,5,0.031524693519535615,0.09980822952495003
1752,state_cond,5,0.04890090678205759,0.12528645829982232
1753,state_cond,5,0.012500786987467651,0.061443994552849435
1754,state_cond,5,0.00560097608679546,0.04072703322663048
1755,state_cond,5,0.014243567400946792,0.0655030259995264
1756,state_cond,5,0.026720354130718993,0.09145728380271502
1757,state_cond,5,0.055313633610089376,0.13317969887253786
1758,state_cond,5,0.055980947188490435,0.1341052207080765
1759,state_cond,5,0.04422954551157756,0.11905377208573784
1760,state_cond,5,0.04878308269778449,0.12504438494040773
1761,state_cond,5,0.043118640389745354,0.11742383934949675
1762,state_cond,5,0.030315964214353265,0.09774886124154132
1763,state_cond,5,0.044410996770603416,0.11922759167885337
1764,state_cond,5,0.03360553978871003,0.10318494856408064
1765,state_cond,5,0.02631036794207334,0.09057841420231369
1766,state_cond,5,0.058344426378490986,0.13692723223279452
1767,state_cond,5,0.048733460730464424,0.12496467385353852
1768,state_cond,5,0.0531657569996681,0.13059037869185205
1769,state_cond,5,0.032546400332258675,0.10146115130148818
1770,state_cond,5,0.02047680226233457,0.07932171077228324
1771,state_cond,5,0.047009377120815966,0.12261426303913643
1772,state_cond,5,0.053715160407632426,0.13117169134560014
1773,state_cond,5,0.042684663442882076,0.1168533147557205
1774,state_cond,5,0.04916143325338298,0.12562306243822655
1775,state_cond,5,0.020386370737164712,0.07889808948262074
1776,state_cond,5,0.04076755523462817,0.11409980503690925
1777,state_cond,5,0.0124567073331973,0.06133653410424096
1778,state_cond,5,0.01963770361988369,0.07721973724403026
1779,state_cond,5,0.04813113055308,0.12427392680030888
1780,state_cond,5,0.04578990791552473,0.12111217531828693
1781,state_cond,5,0.046874400065849184,0.12269860544766002
1782,state_cond,5,0.04360301169108414,0.11826363787304596
1783,state_cond,5,0.030413361842582778,0.09786691174332468
1784,state_cond,5,0.017718089594370247,0.07328268291556135
1785,state_cond,5,0.05970074663797141,0.13843443877904008
1786,state_cond,5,0.026925263365377546,0.09169584881467842
1787,state_cond,5,0.006188412275695684,0.04283512960946814
1788,state_cond,5,0.02419012027210607,0.08640121877242116
1789,state_cond,5,0.02995630988757796,0.10977893682598988
1790,state_cond,5,0.012330298337162959,0.060459131263758244
1791,state_cond,5,0.015376049967972762,0.077332884268331
1792,state_cond,5,0.023977314062856223,0.0858683165888419
1793,state_cond,5,0.03161131589260569,0.11219826055566647
1794,state_cond,5,0.018298291154915682,0.07456309085648107
1795,state_cond,5,0.03279369337932241,0.11475779578287493
1796,state_cond,5,0.013611189374886019,0.06356091917900887
1797,state_cond,5,0.046972065337659026,0.1228799500568398
1798,state_cond,5,0.005141274683589227,0.040042568843233144
1799,state_cond,5,0.014747137332911747,0.06642363824638317
1800,state_cond,5,0.005228342953376133,0.03987877459487508
1801,state_cond,5,0.04187701031790109,0.11565124015040473
1802,state_cond,5,0.03200307102363055,0.10059506785542739
1803,state_cond,5,0.023112970680816892,0.0842712102964805
1804,state_cond,5,0.022701042588447767,0.08344527759647304
1805,state_cond,5,0.03721900213721946,0.10887057073016834
1806,state_cond,5,0.022030080358848243,0.08088481102962726
1807,state_cond,5,0.011880924396615046,0.05845455782927056
1808,state_cond,5,0.021092686858860177,0.07898576518282598
1809,state_cond,5,0.02368554927890355,0.08439286696380462
1810,state_cond,5,0.014167516194263017,0.06523769878878911
1811,state_cond,5,0.014901996807948605,0.06702113434150375
1812,state_cond,5,0.010687152827475262,0.05602280222301322
1813,state_cond,5,0.012460187099347174,0.06083718712095124
1814,state_cond,5,0.022943827819033622,0.08431601333436035
1815,state_cond,5,0.012553812445688772,0.061106257481789036
1816,state_cond,5,0.01758640885680958,0.07331696332358553
1817,state_cond,5,0.013529753309856878,0.06371388958184643
1818,state_cond,5,0.008811389743537868,0.05063544061997837
1819,state_cond,5,0.01056091602419838,0.05569875187466593
1820,state_cond,5,0.017178664287876257,0.07253701856913107
1821,state_cond,5,0.005323889889716183,0.039203108857864294
1822,state_cond,5,0.005346801280525179,0.03945403917640187
1823,state_cond,5,0.024954497131006604,0.08844943304352307
1824,state_cond,5,0.019172168777753146,0.07672911095672677
1825,state_cond,5,0.017430780064125913,0.07287050457889174
1826,state_cond,5,0.005323327470327996,0.03920337543080664
1827,state_cond,5,0.005606623337026398,0.04106804653121494
1828,state_cond,5,0.00547434643765931,0.04022815553098174
1829,state_cond,5,0.023961118712368418,0.08659168567731175
1830,state_cond,5,0.017929562041415603,0.0740969002566041
1831,state_cond,5,0.012968370488586756,0.0622374031796485
1832,state_cond,5,0.015489222717302664,0.06852627290677027
1833,state_cond,5,0.012974958581596908,0.06226282134133529
1834,state_cond,5,0.006107178617816038,0.04245032968275963
1835,state_cond,5,0.02089814030433665,0.08029361077467193
1836,state_cond,5,0.011143096427389918,0.05730789070270565
1837,state_cond,5,0.03348891196198191,0.10397392539684627
1838,state_cond,5,0.017423357403317435,0.07288274625392109
1839,state_cond,5,0.008537377530844378,0.04979576617187596
1840,state_cond,5,0.007431309587017254,0.04694277604308881
1841,state_cond,5,0.006865461781901806,0.04479929501267814
1842,state_cond,5,0.007941312766728487,0.04819832988532426
1843,state_cond,5,0.014534118334721345,0.06613423355984745
1844,state_cond,5,0.021149481553475475,0.08077255591871496
1845,state_cond,5,0.018304488450946396,0.07481387408290721
1846,state_cond,5,0.005504334894046584,0.039996774053547846
1847,state_cond,5,0.020151495814955688,0.07867509669840318
1848,state_cond,5,0.025347843349741706,0.08913960638574983
1849,state_cond,5,0.008081606398040472,0.04864391664385914
1850,state_cond,5,0.014919459462852754,0.06708553682080591
1851,state_cond,5,0.020440075074261137,0.07935686354748245
1852,state_cond,5,0.015245682837557091,0.06796573807326899
1853,state_cond,5,0.01794159371548727,0.0740844065446659
1854,state_cond,5,0.015640168194027165,0.06886664607428306
1855,state_cond,5,0.02151163955234689,0.08156731115972167
1856,state_cond,5,0.012184366241189177,0.0601362150282574
1857,state_cond,5,0.023062984502057245,0.08466345963507269
1858,state_cond,5,0.010902914711585198,0.05663207051901868
1859,state_cond,5,0.01130057143009453,0.05773664996343156
1860,state_cond,5,0.012194705522943558,0.06015972799354059
1861,state_cond,5,0.0054357314727365835,0.03955263051952487
1862,state_cond,5,0.00932671723629294,0.052106743030201276
1863,state_cond,5,0.015928030346469394,0.06952163549740059
1864,state_cond,5,0.01493615726895014,0.06714538789120265
1865,state_cond,5,0.01281367159343326,0.061784827530819035
1866,state_cond,5,0.03516552145394719,0.10678091428632534
1867,state_cond,5,0.11075717700761059,0.18872327069091144
1868,state_cond,5,0.12072016973419827,0.19651385704196048
1869,state_cond,5,0.07320519865188353,0.15488211396817184
1870,state_cond,5,0.06693096319563835,0.14809682967705684
1871,state_cond,5,0.1615469813985483,0.2209995011478293
1872,state_cond,5,0.1577510089276995,0.21842130118866898
1873,state_cond,5,0.17931314873451198,0.2323070630278801
1874,state_cond,5,0.15741692927658202,0.218356025731776
1875,state_cond,5,0.1580819987160989,0.21886877736145174
1876,state_cond,5,0.09702774084578852,0.17310752465317258
1877,state_cond,5,0.17995904687830636,0.23287445266712242
1878,state_cond,5,0.1392514234933505,0.20558688247973414
1879,state_cond,5,0.14868765321057822,0.21231866892058593
1880,state_cond,5,0.17714159329019466,0.23117346597114183
1881,state_cond,5,0.12180948792768269,0.19264017012129045
1882,state_cond,5,0.18052371654783192,0.23308335927649984
1883,state_cond,5,0.12650373676295107,0.19616796732864397
1884,state_cond,5,0.1686861063469196,0.2257653579179669
1885,state_cond,5,0.11405430348177735,0.18679660673799106
1886,state_cond,5,0.16409862765087843,0.2228280669139352
1887,state_cond,5,0.1716662940156373,0.22759062331735577
1888,state_cond,5,0.1458821401009544,0.21036117180629188
1889,state_cond,5,0.1200284158778921,0.19134967449900264
1890,state_cond,5,0.17481565985052605,0.22954200003841954
1891,state_cond,5,0.15422275934499174,0.21614241956908375
1892,state_cond,5,0.17062039862376263,0.22690947199442946
1893,state_cond,5,0.13759558922219034,0.2043122885709944
1894,state_cond,5,0.12503971757683,0.1952095124331641
1895,state_cond,5,0.15875062682706456,0.21917497164896896
1896,state_cond,5,0.17975337720924922,0.2326322918809106
1897,state_cond,5,0.17103051342671713,0.22715146256533464
1898,state_cond,5,0.07256836841608068,0.1501862201999554
1899,state_cond,5,0.14198646500466,0.20741895768527735
1900,state_cond,5,0.11127987584279028,0.1846277681716443
1901,state_cond,5,0.1512486640714866,0.21393110017304692
1902,state_cond,5,0.15653806177334054,0.21751604720850995
1903,state_cond,5,0.0838528129212113,0.16130860732318061
1904,state_cond,5,0.1691642006959147,0.2260171218158092
1905,state_cond,5,0.15360890053918755,0.21567177246861793
1906,state_cond,5,0.15179303877752012,0.21443067905138175
1907,state_cond,5,0.17478158863393947,0.22964501846968274
1908,state_cond,5,0.18147968549783783,0.23378426937675564
1909,state_cond,5,0.1506549036518497,0.2136739657616402
1910,state_cond,5,0.10711052701883762,0.18150857841548526
1911,state_cond,5,0.16122025581964614,0.22080618732899437
1912,state_cond,5,0.1205241377223865,0.1918067011121883
1913,state_cond,5,0.14085944857285143,0.20655493087180746
1914,state_cond,5,0.12145217254885857,0.1925286731831962
1915,state_cond,5,0.15282310969587526,0.21503901738582776
1916,state_cond,5,0.16575990435526905,0.22373848817662617
1917,state_cond,5,0.18269336132077696,0.234477063534693
1918,state_cond,5,0.15174202500114015,0.2143876742941279
1919,state_cond,5,0.19505539878568756,0.241891441856982
1920,state_cond,5,0.09530555879112997,0.1716393265776115
1921,state_cond,5,0.16151750875301402,0.22106985962726064
1922,state_cond,5,0.1465281047348578,0.21072911647701337
1923,state_cond,5,0.13849415615337948,0.2049729660683731
1924,state_cond,5,0.1218094240191965,0.19274952286104763
1925,state_cond,5,0.12352953071994273,0.19411719393361732
1926,state_cond,5,0.16192752116581915,0.22120780884974983
1927,state_cond,5,0.11676679433368312,0.18904738469169857
1928,state_cond,5,0.16529682439038434,0.22344898808459515
1929,state_cond,5,0.1756732543445713,0.23011918905192963
1930,state_cond,5,0.08238385317195433,0.16010645310097402
1931,state_cond,5,0.16391257829239508,0.2236464044985581
1932,state_cond,5,0.16150685924737757,0.22204478918397633
1933,state_cond,5,0.2061393194099134,0.24909262393437478
1934,state_cond,5,0.18704931569296765,0.23813891049026617
1935,state_cond,5,0.10387435378254258,0.17572433699101686
1936,state_cond,5,0.07869202432486663,0.15410064861741188
1937,state_cond,5,0.08449878953031416,0.15945368605905466
1938,state_cond,5,0.08816340939499819,0.16268443041452976
1939,state_cond,5,0.06893801588350403,0.14480801577417715
1940,state_cond,5,0.0501673009708694,0.12431407063202773
1941,state_cond,5,0.06271942372854276,0.1383809029917261
1942,state_cond,5,0.062284656554141414,0.13786095447605354
1943,state_cond,5,0.05051432398168408,0.12461370349458843
1944,state_cond,5,0.06018460265438647,0.1360236491588007
1945,state_cond,5,0.03409893761643765,0.1025423095570036
1946,state_cond,5,0.04669100006353453,0.11998541825809364
1947,state_cond,5,0.07842085852398026,0.15393975161623819
1948,state_cond,5,0.0671736657515225,0.14311852706888342
1949,state_cond,5,0.08179272903203146,0.15711250800849486
1950,state_cond,5,0.006977499621142159,0.043427830416620836
1951,state_cond,5,0.09563822610422767,0.16919584309179095
1952,state_cond,5,0.09821493841379339,0.17132484038230422
1953,state_cond,5,0.07878394789834652,0.1542642966687427
1954,state_cond,5,0.11944804252540614,0.18802454942180824
1955,state_cond,5,0.10287938695223979,0.17514963331764924
1956,state_cond,5,0.10135756337606976,0.17382905147928993
1957,state_cond,5,0.08556904717437071,0.1601923247507081
1958,state_cond,5,0.09149701882279114,0.1654028209013019
1959,state_cond,5,0.07508483125047109,0.1505614081716586
1960,state_cond,5,0.11623933836237568,0.18486545035142327
1961,state_cond,5,0.08117020265956487,0.15626529719466095
1962,state_cond,5,0.11804590547533228,0.18627884768953532
1963,state_cond,5,0.10566259348018467,0.17704568116550487
1964,state_cond,5,0.10850925967384119,0.1789367423524571
1965,state_cond,5,0.10742178680240046,0.17818362560156706
1966,state_cond,5,0.09564289550147671,0.16881360192168424
1967,state_cond,5,0.08447713621422356,0.15917122963375557
1968,state_cond,5,0.10077286003006578,0.17292427561383836
1969,state_cond,5,0.10538667519649712,0.1765505688372594
1970,state_cond,5,0.09160079145164048,0.16538085576341977
1971,state_cond,5,0.09943487017291194,0.1718930406335626
1972,state_cond,5,0.09847825861580141,0.17104883245597508
1973,state_cond,5,0.10879001099565606,0.17905916573056835
1974,state_cond,5,0.09933254349893575,0.17161017854444024
1975,state_cond,5,0.1031374907690384,0.17471999400931285
1976,state_cond,5,0.08854561231898397,0.16266775454278692
1977,state_cond,5,0.06512043028800174,0.14058580179986535
1978,state_cond,5,0.0959322913762864,0.1688539464513257
1979,state_cond,5,0.11591941247034689,0.1842631624703273
1980,state_cond,5,0.10254811935445622,0.17419931317551723
1981,state_cond,5,0.11331869918423684,0.18255577030077116
1982,state_cond,5,0.09304921581114466,0.1665589183348369
1983,state_cond,5,0.11888251057341306,0.1864627478502724
1984,state_cond,5,0.07754045395063643,0.1526974273948693
1985,state_cond,5,0.10938307495580729,0.1791825344553124
1986,state_cond,5,0.12074537941397204,0.18755283400487488
1987,state_cond,5,0.06757768382690978,0.14303116247203387
1988,state_cond,5,0.11401358408164904,0.18295926984313834
1989,state_cond,5,0.10381170884435892,0.17495543632608634
1990,state_cond,5,0.12315168417715847,0.18916498130462453
1991,state_cond,5,0.1200408396628056,0.1870379912555148
1992,state_cond,5,0.04349369078557057,0.11400013532710307
1993,state_cond,5,0.03281878439953664,0.09869688212966747
1994,state_cond,5,0.0424849746401495,0.11258872763819086
1995,state_cond,5,0.021933415765606205,0.0799844870754657
1996,state_cond,5,0.10860030559786882,0.1847629872917582
1997,state_cond,5,0.1282773878438556,0.20052624796335444
1998,state_cond,5,0.10434772176850188,0.1812106749738983
1999,state_cond,5,0.09369716700903942,0.17201753883302673
2000,state_cond,5,0.12231136534167501,0.19574883024640416
2001,state_cond,5,0.09536212463728569,0.17340723538012512
2002,state_cond,5,0.059701642407935296,0.13754519264549456
2003,state_cond,5,0.06507619501154654,0.143645673581561
2004,state_cond,5,0.08919759583529721,0.16772141820153696
2005,state_cond,5,0.11619940640129035,0.19082255696776174
2006,state_cond,5,0.14378962426414485,0.21179725019913778
2007,state_cond,5,0.09728817461675777,0.1751135344813138
2008,state_cond,5,0.10062352284319935,0.17809884455805447
2009,state_cond,5,0.13909756317755673,0.20855709917375592
2010,state_cond,5,0.15699419418425872,0.22123992713425134
2011,state_cond,5,0.11557182490304928,0.19048230645544958
2012,state_cond,5,0.1374212060049825,0.20736874062311386
2013,state_cond,5,0.16917998113680693,0.22937428807175464
2014,state_cond,5,0.08224330833760414,0.1612645162806537
2015,state_cond,5,0.10781305900568333,0.18408606689717907
2016,state_cond,5,0.13505502778918863,0.2055579752722379
2017,state_cond,5,0.11696785564365951,0.19158322268561498
2018,state_cond,5,0.13753422280108984,0.20729569434270823
2019,state_cond,5,0.13226667735535788,0.20349391779863638
2020,state_cond,5,0.12092333031658604,0.19479428576477312
2021,state_cond,5,0.1318087248558489,0.20313808619602966
2022,state_cond,5,0.13278380979425278,0.2038847915667752
2023,state_cond,5,0.09464922486770219,0.1727935749385402
2024,state_cond,5,0.15466294525906815,0.2196594030407991
2025,state_cond,5,0.18242087009301322,0.23777887108648318
2026,state_cond,5,0.10948623435973696,0.18552352759469806
2027,state_cond,5,0.13033753888271984,0.20212828616868445
2028,state_cond,5,0.14880396989660785,0.2157280984631855
2029,state_cond,5,0.15308645231173218,0.21873616974705193
2030,state_cond,5,0.14578765323276804,0.21353277195678605
2031,state_cond,5,0.11950392128411676,0.19373820135382505
2032,state_cond,5,0.13642774909743025,0.20672022096531562
2033,state_cond,5,0.14849287340764128,0.21551774331074397
2034,state_cond,5,0.1472835140493391,0.21466018628594635
2035,state_cond,5,0.1246423693962875,0.1977744659919556
2036,state_cond,5,0.15648546724093776,0.22108238307744466
2037,state_cond,5,0.16635696055829943,0.22769723868730113
2038,state_cond,5,0.1487005193752731,0.21574008067004935
2039,state_cond,5,0.10859480338808546,0.18482469473625177
2040,state_cond,5,0.14340256244761604,0.2119341492935186
2041,state_cond,5,0.13989189523981987,0.20936526400717498
2042,state_cond,5,0.16160203316329455,0.2244698987526597
2043,state_cond,5,0.15457362388089232,0.2196701733758205
2044,state_cond,5,0.07016087854718243,0.1491132697414848
2045,state_cond,5,0.12704974583800646,0.19956608394044556
2046,state_cond,5,0.16306518760539843,0.22555320171175472
2047,state_cond,5,0.14861618255475545,0.21571894987968887
2048,state_cond,5,0.1691527089895504,0.22939163864534626
2049,state_cond,5,0.1599355541672904,0.22344670744725323
2050,state_cond,5,0.09864868397792892,0.17640116063033529
2051,state_cond,5,0.1047778146836247,0.18163549387686623
2052,state_cond,5,0.1543190469244581,0.21968464909337965
2053,state_cond,5,0.34447048024075705,0.3121139574109923
2054,state_cond,5,0.3068416354194943,0.29760685302139234
2055,state_cond,5,0.28239246605190466,0.2873119292506709
2056,state_cond,5,0.3014729777324957,0.29548207549429245
2057,state_cond,5,0.24597106737800234,0.27808972273424554
2058,state_cond,5,0.22677054689391402,0.26913047099753185
2059,state_cond,5,0.2941321226514262,0.3006665878186478
2060,state_cond,5,0.27381117645184705,0.29167045778822254
2061,state_cond,5,0.24621653843983782,0.2790168338718607
2062,state_cond,5,0.24346135124388846,0.27807359379616997
2063,state_cond,5,0.24876085621285365,0.2799045949525534
2064,state_cond,5,0.028172453720217278,0.09236176900420844
2065,state_cond,5,0.23696789372880708,0.274884390655558
2066,state_cond,5,0.20307058230834038,0.2569547772510347
2067,state_cond,5,0.24649127879336996,0.2793776032906963
2068,state_cond,5,0.2838121711739443,0.29812640318758166
2069,state_cond,5,0.30310572139350905,0.3045098317746596
2070,state_cond,5,0.30021164838943043,0.3038259212229922
2071,state_cond,5,0.2958533276224134,0.3021196141195779
2072,state_cond,5,0.2783355367420917,0.2941440530156967
2073,state_cond,5,0.2533023695270728,0.2816921114757814
2074,state_cond,5,0.2623764607560071,0.28611951303432204
2075,state_cond,5,0.26638277789777487,0.2882669099812327
2076,state_cond,5,0.2445659170312112,0.2784246641155053
2077,state_cond,5,0.2683428007904278,0.289456864021098
2078,state_cond,5,0.26989733216611655,0.2904646308898327
2079,state_cond,5,0.2478723616193762,0.2802157086781582
2080,state_cond,5,0.28598183048578946,0.29750604935523034
2081,state_cond,5,0.26183388478664027,0.28652463480881746
2082,state_cond,5,0.31005681874057944,0.30714053118682827
2083,state_cond,5,0.29004754722501613,0.2991550739317297
2084,state_cond,5,0.28204141900596125,0.2952229602135996
2085,state_cond,5,0.26950223636978826,0.29009710342432554
2086,state_cond,5,0.2915424971188453,0.29856053221159873
2087,state_cond,5,0.26752330399867164,0.28856305405559857
2088,state_cond,5,0.26437638326349217,0.2871343435495715
2089,state_cond,5,0.28676770222339487,0.29720307217889147
2090,state_cond,5,0.10959848132148751,0.1912609043687789
2091,state_cond,5,0.2860599578416384,0.29666407414674456
2092,state_cond,5,0.24053437288524823,0.2759592250706426
2093,state_cond,5,0.23961740605112697,0.2751557117477636
2094,state_cond,5,0.32046008392087866,0.31229593696607666
2095,state_cond,5,0.2436446741099947,0.27674911259088675
2096,state_cond,5,0.2538474589166368,0.28281000548909085
2097,state_cond,5,0.2861653395586447,0.2974331588194551
2098,state_cond,5,0.27856044916167827,0.2931257414332215
2099,state_cond,5,0.2619612478938134,0.28667213137769687
2100,state_cond,5,0.23550094173123468,0.2739983075251085
2101,state_cond,5,0.23556767053460698,0.27352433433364787
2102,state_cond,5,0.25299151222802796,0.2811680715735075
2103,state_cond,5,0.30790284327714984,0.3060203730221914
2104,state_cond,5,0.27231898581180874,0.29157293245486166
2105,state_cond,5,0.1963166012951457,0.25296732657390886
2106,state_cond,5,0.2122059847152511,0.2616919071656235
2107,state_cond,5,0.28620408189010066,0.2963924008761814
2108,state_cond,5,0.2718325493176204,0.29083594290958503
2109,state_cond,5,0.2849167577053106,0.2974606490063219
2110,state_cond,5,0.2908810720605538,0.2995410089995941
2111,state_cond,5,0.2811844187028674,0.2944907495033166
2112,state_cond,5,0.19033665665398875,0.24916256795514974
2113,state_cond,5,0.28787671275728816,0.2974779348951381
2114,state_cond,5,0.2553710075718325,0.28287662257233864
2115,state_cond,5,0.2539943482286436,0.28224827240713607
2116,state_cond,5,0.2633761812700123,0.28584914309189563
2117,state_cond,5,0.2511624087728307,0.27980467853556806
2118,state_cond,5,0.2784524175707855,0.29303306212866786
2119,state_cond,5,0.2903177371978226,0.2981601297864234
2120,state_cond,5,0.3612258463541861,0.32531893396674066
2121,state_cond,5,0.2833626079396264,0.29158757790833734
2122,state_cond,5,0.3497621933557581,0.3203678610402448
2123,state_cond,5,0.3831955475840548,0.33325857720024205
2124,state_cond,5,0.3552075103478869,0.3228797003217827
2125,state_cond,5,0.3371541028563176,0.3155425531251643
2126,state_cond,5,0.27556909113854244,0.28822989342252114
2127,state_cond,5,0.41818309169616347,0.3455618884564595
2128,state_cond,5,0.3940613110383633,0.33725104559083446
2129,state_cond,5,0.38748695187324594,0.33473667788970274
2130,state_cond,5,0.21412665179066018,0.25631639612759327
2131,state_cond,5,0.34363165157533276,0.3175733156936394
2132,state_cond,5,0.3577332461774182,0.3231133326576745
2133,state_cond,5,0.3593169996129954,0.3236742880545999
2134,state_cond,5,0.3273043550772429,0.31115261377547604
2135,state_cond,5,0.36123981585735526,0.32491307741399134
2136,state_cond,5,0.40790912416054054,0.3420262555563214
2137,state_cond,5,0.34011445825375713,0.31669182853029926
2138,state_cond,5,0.4186602686122693,0.3459965394054222
2139,state_cond,5,0.31357417756547556,0.30550879746318677
2140,state_cond,5,0.25851138379962824,0.27991435732283176
2141,state_cond,5,0.14476960446665246,0.2126771710614845
2142,state_cond,5,0.23988328214727286,0.2701627055902543
2143,state_cond,5,0.42119979528452356,0.3464350392313333
2144,state_cond,5,0.34536798205846236,0.31861716654196925
2145,state_cond,5,0.40848211301730536,0.3422970292248865
2146,state_cond,5,0.39282523858012186,0.33703182854069214
2147,state_cond,5,0.36241584601603544,0.32517589019315796
2148,state_cond,5,0.3910282257793112,0.3362572663761436
2149,state_cond,5,0.3954702104421545,0.33763400131026117
2150,state_cond,5,0.383924202133445,0.3337004995799377
2151,state_cond,5,0.3971276809105545,0.33842184722288715
2152,state_cond,5,0.39105204699030993,0.3361296797974789
2153,state_cond,5,0.3557893107948835,0.3227542238511579
2154,state_cond,5,0.37230973257839994,0.3290696341335847
2155,state_cond,5,0.4016190093859748,0.33956381986418244
2156,state_cond,5,0.3899148800673242,0.3355231933638913
2157,state_cond,5,0.38827937309334964,0.33504652788503
2158,state_cond,5,0.39016145429997556,0.335754942365701
2159,state_cond,5,0.38420085353802247,0.33341224544964265
2160,state_cond,5,0.3804222174089949,0.3318692405326951
2161,state_cond,5,0.39671202996799415,0.33794243289401044
2162,state_cond,5,0.2850099058776541,0.29251345876078955
2163,state_cond,5,0.34754576786316144,0.31929247624386065
2164,state_cond,5,0.3340730377586708,0.3138456686606463
2165,state_cond,5,0.27480283066338773,0.2875344534141108
2166,state_cond,5,0.4210477003894969,0.34624882470806007
2167,state_cond,5,0.0811082906648092,0.16032164717405292
2168,state_cond,5,0.3559422581252798,0.3225629624605995
2169,state_cond,5,0.3444464350333184,0.3182345977221455
2170,state_cond,5,0.3072075443422407,0.30217375498512683
2171,state_cond,5,0.3995493476468641,0.3378966194811981
2172,state_cond,5,0.3802360297117765,0.3315846160396473
2173,state_cond,5,0.33177066049605447,0.3130017505404677
2174,state_cond,5,0.39053479039301653,0.3357788309474737
2175,state_cond,5,0.3098241958842115,0.3034998508463624
2176,state_cond,5,0.3691949009418434,0.3277068467800368
2177,state_cond,5,0.3670917342983318,0.3270481871348009
2178,state_cond,5,0.32940769978193296,0.3115974695613375
2179,state_cond,5,0.3450789216317795,0.31749281665592766
2180,state_cond,5,0.3762567082610752,0.3303553425641102
2181,state_cond,5,0.36302119906447883,0.325331970416372
2182,state_cond,5,0.27412640081159845,0.2857120611073309
2183,state_cond,5,0.36678121485359294,0.32584196975843427
2184,state_cond,5,0.31194975856422485,0.30317139595039133
2185,state_cond,5,0.44558799498085405,0.3536294254942895
2186,state_cond,5,0.2774648753121718,0.2911067542299463
2187,state_cond,5,0.28064213812777405,0.2926456088294244
2188,state_cond,5,0.32357250785965436,0.31073007377861067
2189,state_cond,5,0.26140039442252727,0.2836765354546445
2190,state_cond,5,0.3748466529956187,0.3299844177722959
2191,state_cond,5,0.2641117663936865,0.2853797037812379
2192,state_cond,5,0.28978701491029973,0.2969519214808579
2193,state_cond,5,0.31129999294955496,0.3060299863221328
2194,state_cond,5,0.2941351091356564,0.2984839641811865
2195,state_cond,5,0.30346768418866643,0.30270665217046006
2196,state_cond,5,0.2522855019437561,0.27963723142994623
2197,state_cond,5,0.2891530229631275,0.2965619336416045
2198,state_cond,5,0.27606757519256614,0.2907996298400129
2199,state_cond,5,0.31307828664171194,0.3066359124068795
2200,state_cond,5,0.24565250057055818,0.2764050907406335
2201,state_cond,5,0.33365697992170185,0.3148390707038465
2202,state_cond,5,0.2460869482397151,0.2767282927762254
2203,state_cond,5,0.30759163646847887,0.30455463684063966
2204,state_cond,5,0.24001862346236497,0.2736038749585657
2205,state_cond,5,0.29645647683348,0.29985292390294727
2206,state_cond,5,0.22512717802016566,0.26583505938728463
2207,state_cond,5,0.3144020730333245,0.3072873408599289
2208,state_cond,5,0.5631839890421322,0.38571708444294067
2209,state_cond,5,0.08270583872386619,0.1634950501247961
2210,state_cond,5,0.2905479440257751,0.29750601830324763
2211,state_cond,5,0.3178361938769085,0.308990983649705
2212,state_cond,5,0.2774113824232254,0.29124315238960896
2213,state_cond,5,0.2954805615755083,0.29882619148480094
2214,state_cond,5,0.28699977677521454,0.2959092953947278
2215,state_cond,5,0.3204434601730127,0.3099200425889582
2216,state_cond,5,0.28111268168847525,0.29351272508377346
2217,state_cond,5,0.26355681427321176,0.2854182498369005
2218,state_cond,5,0.24720803961150253,0.27755105982572637
2219,state_cond,5,0.3434482985699,0.3189709502106548
2220,state_cond,5,0.34672040563876705,0.3201527172028169
2221,state_cond,5,0.30971294899251894,0.3056975532011736
2222,state_cond,5,0.29808017992237534,0.30083106830273937
2223,state_cond,5,0.30134811859047567,0.3023545991176643
2224,state_cond,5,0.3039027958488893,0.3035160517448914
2225,state_cond,5,0.2361704803069616,0.2721553315675548
2226,state_cond,5,0.2796909949107578,0.29290560980551467
2227,state_cond,5,0.2755471621577296,0.2909983925113833
2228,state_cond,5,0.33166256473302286,0.3144904882743173
2229,state_cond,5,0.3335621687364428,0.3149704614994545
2230,state_cond,5,0.2436321507690088,0.27572876227844106
2231,state_cond,5,0.2724332016437304,0.2893937389480324
2232,state_cond,5,0.3001843729040665,0.30170165200052473
2233,state_cond,5,0.26696059511870984,0.287055332940002
2234,state_cond,5,0.25351724311824625,0.2803676233550104
2235,state_cond,5,0.27656226416543844,0.2912194613980832
2236,state_cond,5,0.26490004006624707,0.28594414459238227
2237,state_cond,5,0.13516695531944242,0.20897027463633477
2238,state_cond,5,0.3010985678984552,0.30176494678068577
2239,state_cond,5,0.23523034050723224,0.2711870620291678
2240,state_cond,5,0.29166166804021804,0.29796567300545956
2241,state_cond,5,0.3636270855684275,0.3261106334318672
2242,state_cond,5,0.3113387926126423,0.3063612920392648
2243,state_cond,5,0.25789394387222925,0.2824261673889847
2244,state_cond,5,0.2652219783309308,0.2862797382847197
2245,state_cond,5,0.08743723533958589,0.16974825103340785
2246,state_cond,5,0.07461294385861827,0.15617016309677928
2247,state_cond,5,0.10317948354351594,0.18456862790405773
2248,state_cond,5,0.05129417176013568,0.12848348754097072
2249,state_cond,5,0.20948165420719403,0.2571369802153068
2250,state_cond,5,0.17438696235639148,0.23558629632343933
2251,state_cond,5,0.11888111761113092,0.19430388072782864
2252,state_cond,5,0.22796057934134153,0.2673229634525239
2253,state_cond,5,0.20354035242941662,0.25333823043545534
2254,state_cond,5,0.20565427383874674,0.2546952077669754
2255,state_cond,5,0.1823337239307528,0.24075064078316907
2256,state_cond,5,0.2109627045694464,0.2576030082912322
2257,state_cond,5,0.21391710404441328,0.25920091263637507
2258,state_cond,5,0.17689325992254942,0.23659365811239014
2259,state_cond,5,0.21383695182146284,0.2589275928897324
2260,state_cond,5,0.1688849852408067,0.23129381515389896
2261,state_cond,5,0.19861500675485602,0.24992344007064682
2262,state_cond,5,0.20716656911180115,0.25519168857631014
2263,state_cond,5,0.18002167559971557,0.23853004496026833
2264,state_cond,5,0.2069342968278694,0.2550867601672111
2265,state_cond,5,0.17975693388209385,0.23851471705792526
2266,state_cond,5,0.17845415612751553,0.2376414661217082
2267,state_cond,5,0.21107391397548741,0.25743738389583964
2268,state_cond,5,0.22786481609718473,0.2667374850741005
2269,state_cond,5,0.2728734637855496,0.28971957423805433
2270,state_cond,5,0.18314884438525666,0.24062507447286938
2271,state_cond,5,0.12767929086207191,0.20147335116983198
2272,state_cond,5,0.2414783169122306,0.27405237089731743
2273,state_cond,5,0.1972537341757927,0.24911505710073756
2274,state_cond,5,0.19736860947052853,0.2492092282839212
2275,state_cond,5,0.20336402302391146,0.25290194390051907
2276,state_cond,5,0.23170842218915655,0.26876567833281095
2277,state_cond,5,0.18726800211026767,0.2430465543905464
2278,state_cond,5,0.040947259856288616,0.111716506805916
2279,state_cond,5,0.13403300872587848,0.2064322108350463
2280,state_cond,5,0.13629264094914414,0.2081209093728055
2281,state_cond,5,0.12534900313167538,0.19946328802548186
2282,state_cond,5,0.21039739195265714,0.25702154180451553
2283,state_cond,5,0.18800922271772158,0.2435968314537143
2284,state_cond,5,0.2501109286281443,0.27856704181983016
2285,state_cond,5,0.1330052158115414,0.20590175617586762
2286,state_cond,5,0.04820332753406922,0.12086440380244443
2287,state_cond,5,0.19944041927528838,0.2507083975870599
2288,state_cond,5,0.10202682554572563,0.17922591666279986
2289,state_cond,5,0.07788270566264395,0.15555749989245832
2290,state_cond,5,0.033046639385678915,0.10278750841808855
2291,state_cond,5,0.08832283133523766,0.1659028937959535
2292,state_cond,5,0.12020176289215012,0.19555967918770398
2293,state_cond,5,0.0934747388813707,0.1710076482894358
2294,state_cond,5,0.2569923519681256,0.28270392814159434
2295,state_cond,5,0.1886178096248738,0.24468681457235028
2296,state_cond,5,0.17934710045711655,0.23890819839597086
2297,state_cond,5,0.2299030267747094,0.2687056316679315
2298,state_cond,5,0.17606355239733218,0.23650691937461482
2299,state_cond,5,0.16874977545317288,0.23193968307560955
2300,state_cond,5,0.26520382410616683,0.28665388593429897
2301,state_cond,5,0.2201634629596578,0.26290267816667046
2302,state_cond,5,0.16267528855290897,0.22782879684629812
2303,state_cond,5,0.13574573730382689,0.20798040048067873
2304,state_cond,5,0.09039539587770876,0.16776894875887988
2305,state_cond,5,0.18350887630851992,0.2410513065931402
2306,state_cond,5,0.13307276739921745,0.20451346515337465
2307,state_cond,5,0.18839558197500275,0.24331526018167252
2308,state_cond,5,0.02371070726619841,0.0911352739852642
2309,state_cond,5,0.03438780128671344,0.10774306398756485
2310,state_cond,5,0.11135360362243595,0.18931071817307282
2311,state_cond,5,0.10562754581957191,0.18429359410093882
2312,state_cond,5,0.3047873004793543,0.3065869669845371
2313,state_cond,5,0.03759089371126913,0.11202164397534506
2314,state_cond,5,0.19136505336276113,0.24720966490313226
2315,state_cond,5,0.09671967206609709,0.17611369044141115
2316,state_cond,5,0.08826908175526514,0.16794997555216165
2317,state_cond,5,0.08949100391629163,0.1692165334916362
2318,state_cond,5,0.14646265904225525,0.21705110636644728
2319,state_cond,5,0.09333340962388731,0.17270747495211933
2320,state_cond,5,0.21482809522078214,0.26133193891405737
2321,state_cond,5,0.19066356271904475,0.2472307165673641
2322,state_cond,5,0.18770578019736894,0.24517049569288388
2323,state_cond,5,0.1335968806253397,0.20800339269879906
2324,state_cond,5,0.13731428586227964,0.21057782256655655
2325,state_cond,5,0.1555866072738579,0.22364554872797168
2326,state_cond,5,0.16520139220357477,0.23035053940307412
2327,state_cond,5,0.22357838410614098,0.2660633524442243
2328,state_cond,5,0.15728745541747946,0.22508295946702644
2329,state_cond,5,0.1105619593054729,0.18880430778427396
2330,state_cond,5,0.14153948673363556,0.21371210925879938
2331,state_cond,5,0.19388215965756192,0.24861759486458268
2332,state_cond,5,0.15602756986305913,0.2241032909068299
2333,state_cond,5,0.23908306664826146,0.2744788139355835
2334,state_cond,5,0.18772873240127094,0.24503887752501335
2335,state_cond,5,0.18009500620852018,0.24010319430037344
2336,state_cond,5,0.1740671914290213,0.2363733016117601
2337,state_cond,5,0.14486098275597412,0.2159536268365309
2338,state_cond,5,0.10352451477580692,0.18244551610354315
2339,state_cond,5,0.15486938772577613,0.22305935151006237
2340,state_cond,5,0.09538601093903659,0.17473429893443482
2341,state_cond,5,0.14676819267422864,0.21723553420786124
2342,state_cond,5,0.15489566966523166,0.2230053139138347
2343,state_cond,5,0.20997844069855648,0.25799053352989787
2344,state_cond,5,0.14391085183026395,0.21537140921941128
2345,state_cond,5,0.17654263184604885,0.23785714128784025
2346,state_cond,5,0.13661465175874496,0.20991116746975794
2347,state_cond,5,0.163945440488411,0.2293797891411939
2348,state_cond,5,0.1791710153132102,0.23950577415691393
2349,state_cond,5,0.1364153507285833,0.20974383990314505
2350,state_cond,5,0.12265614939704211,0.198865613261341
2351,state_cond,5,0.20043038316890052,0.2525197361126389
2352,state_cond,5,0.16308971782568732,0.22879249833074866
2353,state_cond,5,0.18114196400428922,0.24073880336274928
2354,state_cond,5,0.15394965130854998,0.22250269735647424
2355,state_cond,5,0.15739289756342142,0.22488814379520639
2356,state_cond,5,0.11702179790845216,0.1942320978676174
2357,state_cond,5,0.21804394309789532,0.2624530639398739
2358,state_cond,5,0.149985175754434,0.21959343494519268
2359,state_cond,5,0.2062659566881595,0.25588752407840626
2360,state_cond,5,0.15222050334511478,0.22124994935661652
2361,state_cond,5,0.19594140708408675,0.24966072832987707
2362,state_cond,5,0.19553681430887943,0.24957630568326655
0,state_free,5,0.002713517248129037,0.029161700965302184
1,state_free,5,0.01764411570557145,0.07773880109279738
2,state_free,5,0.004561131016192177,0.040007795329492925
3,state_free,5,0.0030138595080206726,0.02877075664561321
4,state_free,5,0.0059787372858480185,0.04473007869380237
5,state_free,5,0.0029909946743337575,0.02866273730141727
6,state_free,5,0.0027613118455399517,0.02955198073510521
7,state_free,5,0.0036550957567449945,0.03208105340697702
8,state_free,5,0.002833072242865265,0.02733506281545867
9,state_free,5,0.0029589376459100807,0.0282255077420824
10,state_free,5,0.00794735378448933,0.05182163644475404
11,state_free,5,0.003400438915894399,0.03392172426577261
12,state_free,5,0.005732131828180018,0.042444465038519105
13,state_free,5,0.003933238879635703,0.03671275079914959
14,state_free,5,0.010398424954731091,0.059019546395690126
15,state_free,5,0.0037624541221906284,0.03615396207080337
16,state_free,5,0.0035545278756520552,0.03487882331332107
17,state_free,5,0.03757247045726829,0.11442222194298451
18,state_free,5,0.006034808882306892,0.042997522796983406
19,state_free,5,0.002582187777794947,0.025991643936836714
20,state_free,5,0.0026402688059820605,0.0284364659959049
21,state_free,5,0.006136435940176229,0.04457704200196134
22,state_free,5,0.00705063452071782,0.04631673096651525
23,state_free,5,0.0040293617909627375,0.03486400690838752
24,state_free,5,0.018531238000065803,0.08002521296056259
25,state_free,5,0.003729630989613912,0.03578652765611159
26,state_free,5,0.004599888997788326,0.03795250805195272
27,state_free,5,0.0031638139215286153,0.028723713319403422
28,state_free,5,0.006893444019170465,0.04740234484278889
29,state_free,5,0.008282088039592838,0.05088278082330044
30,state_free,5,0.003201774024626545,0.029197442701367236
31,state_free,5,0.00343104385328383,0.03103616284929818
32,state_free,5,0.002432035859972604,0.026179963092575025
33,state_free,5,0.00668356119642498,0.045970208474271794
34,state_free,5,0.0027630255959247836,0.028181075526702293
35,state_free,5,0.004269310363666001,0.03631706899546232
36,state_free,5,0.002745929795880471,0.029329015202951066
37,state_free,5,0.0030956324861880612,0.029073849221560734
38,state_free,5,0.002398104745274649,0.025278971060877176
39,state_free,5,0.004103392674664753,0.03543099642195598
40,state_free,5,0.0024061854663397627,0.025959424586390403
41,state_free,5,0.0026285299786251723,0.026040140558363928
42,state_free,5,0.002975407020934739,0.028314501444349948
43,state_free,5,0.0035321349713014205,0.03216525478209449
44,state_free,5,0.0030047779846821775,0.028489075748586765
45,state_free,5,0.002997449079497116,0.028455905708450534
46,state_free,5,0.004220116470595651,0.03593902017650423
47,state_free,5,0.0035813105690799783,0.03247100041798303
48,state_free,5,0.0024488807545666584,0.025427499961379548
49,state_free,5,0.00464282074830325,0.037668102921647864
50,state_free,5,0.002334962948756765,0.024951319735082942
51,state_free,5,0.0035766264917630438,0.03247518670116834
52,state_free,5,0.0023311859687515264,0.024944374362569934
53,state_free,5,0.002477244039190009,0.025444307482919943
54,state_free,5,0.003660936479101892,0.03294448874353071
55,state_free,5,0.0034880573685467124,0.03443083431142566
56,state_free,5,0.004923167641374013,0.038587826841836564
57,state_free,5,0.003841346022374082,0.03367905136818385
58,state_free,5,0.006906898158287391,0.0457755838505488
59,state_free,5,0.0028885462874740815,0.028461503484718896
60,state_free,5,0.0037162391161864035,0.0329794604674411
61,state_free,5,0.002609469982128166,0.026225262231065603
62,state_free,5,0.00688207188732913,0.0457151129885104
63,state_free,5,0.010878298245405156,0.05761641117101953
64,state_free,5,0.00817461589042738,0.049634423302289565
65,state_free,5,0.002581422033774202,0.02638586011720907
66,state_free,5,0.006305560689148435,0.04349913833000841
67,state_free,5,0.005735259265890655,0.041721556162927095
68,state_free,5,0.006886445152736309,0.045511772606411725
69,state_free,5,0.003517250408830528,0.03198621809291184
70,state_free,5,0.003666371681719743,0.032782588198730075
71,state_free,5,0.002639227136011974,0.02682476969238258
72,state_free,5,0.006915374385853781,0.04556151603916965
73,state_free,5,0.0022505688494290784,0.025521295588506913
74,state_free,5,0.002199429647617851,0.025226293023596243
75,state_free,5,0.0031064800350640927,0.029852446696803578
76,state_free,5,0.00642663224133328,0.043849757872521884
77,state_free,5,0.002761782843800413,0.027673310080090573
78,state_free,5,0.0049570816210924296,0.03777126097317441
79,state_free,5,0.0035953486607682617,0.03232937444414439
80,state_free,5,0.00463601431223053,0.03704106951975856
81,state_free,5,0.00243784865682699,0.02584446423054278
82,state_free,5,0.007022285283575605,0.04593660505011964
83,state_free,5,0.006440089380146796,0.043750902817407525
84,state_free,5,0.002664714484827385,0.026972815093750567
85,state_free,5,0.004379652817699151,0.03564286820889022
86,state_free,5,0.005907108967747433,0.04191068535224693
87,state_free,5,0.012153534837072485,0.06052667946709969
88,state_free,5,0.0039032168202046496,0.03361499178549569
89,state_free,5,0.004059116570343281,0.034405010218055164
90,state_free,5,0.005680427196259725,0.04088950540911658
91,state_free,5,0.004621858240166622,0.037231595996389866
92,state_free,5,0.006656408292114321,0.044672423659104885
93,state_free,5,0.004609868146292835,0.0364112513076094
94,state_free,5,0.002252404513024093,0.02531072792015089
95,state_free,5,0.005702663735570121,0.04095734468695902
96,state_free,5,0.005077547399697771,0.0387066486069258
97,state_free,5,0.0058001109465315856,0.04135618203837955
98,state_free,5,0.0030101886112240406,0.02919735585848013
99,state_free,5,0.0026979049663968194,0.02722387709498214
100,state_free,5,0.0029331178848717504,0.02877164651722363
101,state_free,5,0.0022152527969622722,0.02525987299942765
102,state_free,5,0.002924791876448428,0.02871037520308306
103,state_free,5,0.0031188463900170453,0.029762355105629905
104,state_free,5,0.0031496743754392546,0.029946034878141358
105,state_free,5,0.0032379395688414228,0.03040247176046052
106,state_free,5,0.005754752630256524,0.04112363008650659
107,state_free,5,0.00392566851844953,0.033827253882434724
108,state_free,5,0.006605457846421807,0.0443672611103197
109,state_free,5,0.030943417747610367,0.10480779712282949
110,state_free,5,0.008759371906448455,0.05474839261992918
111,state_free,5,0.004195209874122723,0.03477514021948808
112,state_free,5,0.008773754449380434,0.051539066139104674
113,state_free,5,0.002157050502224642,0.026332467299947947
114,state_free,5,0.002110331874978626,0.02530050941521944
115,state_free,5,0.0024928865422201266,0.026675276859492687
116,state_free,5,0.006085936674919579,0.04279786258363531
117,state_free,5,0.006971674985243948,0.04574797212072657
118,state_free,5,0.07346706013721202,0.15283512428590268
119,state_free,5,0.06268013558055202,0.14170927293650612
120,state_free,5,0.07918890014894737,0.15864190741021195
121,state_free,5,0.059413570803809365,0.13806946986846008
122,state_free,5,0.09297674666797347,0.17346900971351278
123,state_free,5,0.09641566326826584,0.1762637451352535
124,state_free,5,0.10692507662543281,0.1852477542036402
125,state_free,5,0.1067703823480061,0.18476360044780152
126,state_free,5,0.11267890370429433,0.18981709796900215
127,state_free,5,0.10206875128739164,0.18074012811968587
128,state_free,5,0.11182947806153476,0.18850224672726454
129,state_free,5,0.10327206705315281,0.18160969403363347
130,state_free,5,0.11231583103763894,0.18899353995818519
131,state_free,5,0.10285314493597006,0.1811969112897801
132,state_free,5,0.10268792301866073,0.1813276791598931
133,state_free,5,0.09603029437375304,0.17547205803335905
134,state_free,5,0.10024549314941593,0.17922744961408343
135,state_free,5,0.09543716732168743,0.1750368189076938
136,state_free,5,0.11350254844033605,0.1897368760322314
137,state_free,5,0.10114916198250015,0.1797831577269782
138,state_free,5,0.11191956121503774,0.18855633926928855
139,state_free,5,0.09706645333095289,0.17634755066102042
140,state_free,5,0.10339739102343867,0.1821170615839037
141,state_free,5,0.08912828377186802,0.16932518306776798
142,state_free,5,0.11685450884192859,0.193165919698793
143,state_free,5,0.10444980129278104,0.18252240831352456
144,state_free,5,0.11330342900015032,0.1896519837390681
145,state_free,5,0.10319290736131208,0.18138961059782624
146,state_free,5,0.10708345744732628,0.18483478639077713
147,state_free,5,0.10709425659459737,0.18470365066805905
148,state_free,5,0.10803134574229692,0.1856361862326496
149,state_free,5,0.10631519692523561,0.1840024070380451
150,state_free,5,0.10791167078254858,0.1853307880532199
151,state_free,5,0.10896776124729456,0.1861647728042895
152,state_free,5,0.10796524326077192,0.18526860340859597
153,state_free,5,0.1009457035704914,0.1794998876657271
154,state_free,5,0.109407595571777,0.18638556039696202
155,state_free,5,0.10953940596488615,0.18657442981383238
156,state_free,5,0.09780109404112093,0.17683391589991457
157,state_free,5,0.10428736572293296,0.1822712419148933
158,state_free,5,0.09717991209674745,0.17649664872953588
159,state_free,5,0.1036103315630414,0.18180651739156933
160,state_free,5,0.10111423828044802,0.1794167599406559
161,state_free,5,0.07993077732784155,0.16053963866485632
162,state_free,5,0.0996088149019477,0.17824305874638258
163,state_free,5,0.07934127900343398,0.1598023389109599
164,state_free,5,0.09934704021947653,0.17808198726361016
165,state_free,5,0.10194779581228264,0.1799652502498239
166,state_free,5,0.06672658335051004,0.14702159910522736
167,state_free,5,0.10010658883621085,0.17849417073289844
168,state_free,5,0.10402810154613018,0.18186911093116084
169,state_free,5,0.10188770585027766,0.18028073103471515
170,state_free,5,0.10302159167653913,0.1808367709443498
171,state_free,5,0.0963098900625231,0.17571739186701765
172,state_free,5,0.07092521460892603,0.15151906109467667
173,state_free,5,0.10863479562741611,0.18601671013661894
174,state_free,5,0.11050882702074342,0.18756019459136714
175,state_free,5,0.07358614201072033,0.1541571856820993
176,state_free,5,0.09389288624616958,0.17294305670259594
177,state_free,5,0.1001183494578765,0.1790988359501357
178,state_free,5,0.09862942831793575,0.1777291294374326
179,state_free,5,0.10638384113001309,0.18339943335505227
180,state_free,5,0.10200836076644054,0.1806904620329668
181,state_free,5,0.09569684812513841,0.1749271258874408
182,state_free,5,0.12142172605816376,0.19546800371215092
183,state_free,5,0.10846162454045048,0.18582497299041845
184,state_free,5,0.11131902910189914,0.18763093907006248
185,state_free,5,0.09836649068175202,0.17706482465392068
186,state_free,5,0.03857211234081574,0.11375155320896824
187,state_free,5,0.04364039176050076,0.12062054922189867
188,state_free,5,0.055343458341430785,0.13451660443831095
189,state_free,5,0.055295074044240555,0.13444540754284223
190,state_free,5,0.04836815109727589,0.1264504736405084
191,state_free,5,0.052189843055968514,0.13096433558337459
192,state_free,5,0.06022348229152913,0.1397534586659071
193,state_free,5,0.057271804244346386,0.13659352913075914
194,state_free,5,0.0579458516728087,0.13732222820997886
195,state_free,5,0.05252373550149661,0.13134207907156056
196,state_free,5,0.051950713589191316,0.1306882195032391
197,state_free,5,0.05062014035966554,0.12917015191448988
198,state_free,5,0.0459512834684563,0.12353469659749156
199,state_free,5,0.04755138080733802,0.12549666120838704
200,state_free,5,0.0482562845943218,0.12635994648792795
201,state_free,5,0.04189802819125078,0.11834500423371834
202,state_free,5,0.06216043068627349,0.1417287519044069
203,state_free,5,0.04332680945886322,0.12025387986370706
204,state_free,5,0.032557162514763545,0.10519618678285644
205,state_free,5,0.02885377261660711,0.09926810106340123
206,state_free,5,0.04549181649381277,0.12241842750591227
207,state_free,5,0.03790969100820235,0.11283861911559584
208,state_free,5,0.05331137655757283,0.13142464833297013
209,state_free,5,0.038538207003063825,0.1119732241895183
210,state_free,5,0.047232897352016454,0.12503721024477885
211,state_free,5,0.056415522635817526,0.13519762718643555
212,state_free,5,0.054010564165190636,0.1329668037452859
213,state_free,5,0.044352621121864576,0.12156326730704323
214,state_free,5,0.055846005706259486,0.13495700708733552
215,state_free,5,0.05609904412940165,0.13529611418849757
216,state_free,5,0.04646977446525793,0.1240706412930398
217,state_free,5,0.05602660088767447,0.1352210700164263
218,state_free,5,0.04840542658876011,0.12647820083458045
219,state_free,5,0.051134423258568824,0.12979797607266977
220,state_free,5,0.04308092514893805,0.11990020063066549
221,state_free,5,0.060358970220070994,0.13989799954550622
222,state_free,5,0.05734720759639459,0.136530641441401
223,state_free,5,0.05527890395438739,0.13420763065862634
224,state_free,5,0.05053468053611079,0.12904926348967755
225,state_free,5,0.06110315017783741,0.14055469653041608
226,state_free,5,0.04735106324912064,0.1251300651017034
227,state_free,5,0.05124884991647777,0.12980428319661708
228,state_free,5,0.04677100606081028,0.12432609029967581
229,state_free,5,0.05684388081218604,0.13615607986596712
230,state_free,5,0.0314366830962216,0.10341660695085471
231,state_free,5,0.04676738391720821,0.12453821919417143
232,state_free,5,0.05824723218239539,0.13764122800018647
233,state_free,5,0.05984783847426907,0.13930498199706134
234,state_free,5,0.04768637092425709,0.1256685800562678
235,state_free,5,0.057397124567809314,0.13671009978072882
236,state_free,5,0.06330428666422738,0.14290402478488487
237,state_free,5,0.051091864662175294,0.1296806550451544
238,state_free,5,0.04581459687832722,0.12334028359590957
239,state_free,5,0.05430816612847309,0.13337218271073698
240,state_free,5,0.0505987787627796,0.1291765697804419
241,state_free,5,0.045135066216095476,0.12257029149603353
242,state_free,5,0.04258567117834153,0.1192878389755581
243,state_free,5,0.054042131440802665,0.13305242893678226
244,state_free,5,0.06666346966954473,0.14628878367366874
245,state_free,5,0.060865503437428914,0.14039213168411366
246,state_free,5,0.061264360985903335,0.14074958861507703
247,state_free,5,0.047382352223035246,0.1252717711748795
248,state_free,5,0.04556557459786347,0.12314430122719573
249,state_free,5,0.01975930292178369,0.08236646733383671
250,state_free,5,0.05380296346521964,0.13283926955479258
251,state_free,5,0.04586611927414245,0.12342936141864287
252,state_free,5,0.05725909426626456,0.13661014464419843
253,state_free,5,0.04788285748688181,0.12581340494506082
254,state_free,5,0.06451414389191826,0.14407521718123137
255,state_free,5,0.05998467679922111,0.13933247528200915
256,state_free,5,0.06124732960709827,0.14077090022026995
257,state_free,5,0.05801733958386328,0.1373488441369813
258,state_free,5,0.052591900226635103,0.13144674959748678
259,state_free,5,0.04806645022303121,0.12613138279312877
260,state_free,5,0.05878962847005362,0.1382402907345373
261,state_free,5,0.055615972567893995,0.1347776215525914
262,state_free,5,0.06656083692851618,0.14596701331302012
263,state_free,5,0.050399850927671866,0.1287731073545225
264,state_free,5,0.061402373466710986,0.14090286810949038
265,state_free,5,0.048456596747320835,0.1265858200637176
266,state_free,5,0.0762840079672438,0.15540970951528293
267,state_free,5,0.055089413193163066,0.13412309867556618
268,state_free,5,0.05884411902645781,0.13821184249310361
269,state_free,5,0.060089840329432265,0.1394476515393241
270,state_free,5,0.06600705115631457,0.1456237194287563
271,state_free,5,0.052015410433382654,0.13073553017173617
272,state_free,5,0.05749485029165205,0.1368710476321155
273,state_free,5,0.06777736255071849,0.1473416673846016
274,state_free,5,0.06298906144395093,0.14256654735131874
275,state_free,5,0.05969347400552695,0.13906182412094817
276,state_free,5,0.048738661679981476,0.12690936238871978
277,state_free,5,0.061560458309729775,0.14108512207070947
278,state_free,5,0.05655603754171556,0.13575799838669642
279,state_free,5,0.06600691852799519,0.1454403760614731
280,state_free,5,0.04221974476838666,0.11880023402300209
281,state_free,5,0.06295266235597242,0.14238950221451654
282,state_free,5,0.05147552031108526,0.1301213531293938
283,state_free,5,0.07061817762966131,0.15015256697172702
284,state_free,5,0.047841545457930755,0.12576691850933167
285,state_free,5,0.06161940443438357,0.1411078739444814
286,state_free,5,0.05169463713059822,0.13027004732243014
287,state_free,5,0.05782444490712316,0.13704816856665952
288,state_free,5,0.059059776849006394,0.1383449684264775
289,state_free,5,0.054398169749164185,0.13343190110536615
290,state_free,5,0.05107224837276355,0.12962439074067342
291,state_free,5,0.039669876814402,0.11549333829962898
292,state_free,5,0.0482602797463961,0.12638438120567597
293,state_free,5,0.019184215365496426,0.0812558850612842
294,state_free,5,0.04779046154568952,0.12584592773047265
295,state_free,5,0.049880224320725336,0.1282402965620942
296,state_free,5,0.050826744050816136,0.12936292830982646
297,state_free,5,0.04643725861174422,0.12404216786036878
298,state_free,5,0.06503546839634314,0.14457682495155136
299,state_free,5,0.05598176454978679,0.13514084249119396
300,state_free,5,0.06274579081056478,0.1422148104248635
301,state_free,5,0.04467459655903032,0.12197644770571295
302,state_free,5,0.05283474188278569,0.13174461673905266
303,state_free,5,0.053347627935283845,0.13223898473101664
304,state_free,5,0.04741165564238631,0.12537084993467376
305,state_free,5,0.05442603426753045,0.13334425699225658
306,state_free,5,0.05445804888518424,0.13347019284729605
307,state_free,5,0.03500782896008179,0.10902531315123168
308,state_free,5,0.03343180788044651,0.1067149917399385
309,state_free,5,0.03604517020726501,0.11051225445934856
310,state_free,5,0.01797358798704247,0.07881195558022036
311,state_free,5,0.05605268249153998,0.13539035606759067
312,state_free,5,0.04404488830967455,0.12099476246967714
313,state_free,5,0.040017981465163166,0.11570303738891335
314,state_free,5,0.05610895516451641,0.1354443354177805
315,state_free,5,0.04169201391933028,0.11748644462012961
316,state_free,5,0.06025195649123473,0.13995735960242667
317,state_free,5,0.05111141838434494,0.12978479629549436
318,state_free,5,0.05854897256999556,0.13794174040095075
319,state_free,5,0.042494773228690344,0.11909804991916616
320,state_free,5,0.06262546117036559,0.1423228735691781
321,state_free,5,0.05292352404017053,0.1317225303257093
322,state_free,5,0.046306066603748405,0.12389345413568385
323,state_free,5,0.05457479034813427,0.13376221216109593
324,state_free,5,0.051911692226001546,0.1307299632788652
325,state_free,5,0.05483217996729517,0.13398407309099764
326,state_free,5,0.05504712020708853,0.13426892151963496
327,state_free,5,0.05209747673855106,0.13084204299024704
328,state_free,5,0.06075198659081026,0.14042755933204623
329,state_free,5,0.04988117836590473,0.128311824093549
330,state_free,5,0.05268984111655634,0.13157701980423217
331,state_free,5,0.05709443889275621,0.13652375555082208
332,state_free,5,0.058903252855900236,0.13842447177302744
333,state_free,5,0.016069679781659296,0.07346775367741197
334,state_free,5,0.03794090834934725,0.11289776266162498
335,state_free,5,0.05946027374668362,0.13906626768358016
336,state_free,5,0.05347142849019837,0.13246056332748432
337,state_free,5,0.051041504471710686,0.1297379948703655
338,state_free,5,0.055152194857036776,0.13434041877650413
339,state_free,5,0.05311885950567072,0.13196999824182892
340,state_free,5,0.056628772508162076,0.13599761054279638
341,state_free,5,0.043850427247884266,0.12058445092826989
342,state_free,5,0.023577834267633362,0.08949570180166527
343,state_free,5,0.054026505643328934,0.1331725163917179
344,state_free,5,0.0457205561154132,0.12324957280627234
345,state_free,5,0.051847323957170684,0.13069024196024054
346,state_free,5,0.049366452205025356,0.1277877619351587
347,state_free,5,0.0635972846130507,0.14334009170589096
348,state_free,5,0.05503682443104242,0.13429374366978822
349,state_free,5,0.06312020350696748,0.14291521647649819
350,state_free,5,0.051095141652776205,0.12971692469517027
351,state_free,5,0.059329084827085654,0.13886298929022778
352,state_free,5,0.05177632851085622,0.13039803904078057
353,state_free,5,0.056248108613305994,0.13533564939768802
354,state_free,5,0.04518852445623578,0.12255690162843152
355,state_free,5,0.06563520564274367,0.1454394994430602
356,state_free,5,0.050351772382403494,0.12885341054658123
357,state_free,5,0.050327324647627666,0.12887252473475322
358,state_free,5,0.05158859726718744,0.13033620362168996
359,state_free,5,0.052284762133743605,0.13087924119054872
360,state_free,5,0.05512861175295267,0.13439375631806155
361,state_free,5,0.0541916155357051,0.13335851829499443
362,state_free,5,0.06137094910812385,0.14110556796826196
363,state_free,5,0.04879929983631509,0.12705846711414637
364,state_free,5,0.052268510042841165,0.13108356714435168
365,state_free,5,0.06799915020888465,0.14774093307838262
366,state_free,5,0.06306187590949834,0.14271877344742312
367,state_free,5,0.053249307756208564,0.13198226940958394
368,state_free,5,0.07511141005780463,0.1543469334984672
369,state_free,5,0.0692391583593562,0.14887112834739485
370,state_free,5,0.07113829148724386,0.15069015076991266
371,state_free,5,0.06565392091145406,0.14534621711615178
372,state_free,5,0.06355143067528524,0.1430129102885113
373,state_free,5,0.041210845149195416,0.11753607666272912
374,state_free,5,0.04898807576564649,0.12719374338300557
375,state_free,5,0.05347051321998725,0.13233581298489827
376,state_free,5,0.0634134571085796,0.14290723206306777
377,state_free,5,0.057495323300716314,0.13670903260071351
378,state_free,5,0.06164293828058358,0.1410724244267974
379,state_free,5,0.06669522070356519,0.14611064614406288
380,state_free,5,0.05561831455680268,0.13470942070127592
381,state_free,5,0.056327019022122164,0.13548094901338747
382,state_free,5,0.06200813603462546,0.14143212625506715
383,state_free,5,0.07130055355681178,0.15058672796884495
384,state_free,5,0.06457782262696062,0.14400715527915162
385,state_free,5,0.06078682664614421,0.14019277914259276
386,state_free,5,0.055364531293646733,0.13443780317168189
387,state_free,5,0.06791480060507289,0.14729618509256123
388,state_free,5,0.07162830422446294,0.15079987798373212
389,state_free,5,0.056172706702076074,0.13530671080679318
390,state_free,5,0.057164999653989176,0.13639444962725988
391,state_free,5,0.05398781023241784,0.1329679051717288
392,state_free,5,0.05587703094863706,0.13497444147625198
393,state_free,5,0.06642885591714469,0.1458342380237989
394,state_free,5,0.06254519491449266,0.14199004126657597
395,state_free,5,0.05001466841869026,0.12842722482948724
396,state_free,5,0.043497493024418826,0.12045152821859231
397,state_free,5,0.06229015430167618,0.14178882042098698
398,state_free,5,0.05874318768786502,0.13805307589482413
399,state_free,5,0.06578642072275931,0.14521589439600016
400,state_free,5,0.05790383116607591,0.13718147644858725
401,state_free,5,0.061799591604453884,0.14121624154097176
402,state_free,5,0.06176756226723878,0.1412010682958377
403,state_free,5,0.06494202161957928,0.1444187632194028
404,state_free,5,0.05687605808955257,0.13605732829305173
405,state_free,5,0.06266714091856995,0.14212223216474743
406,state_free,5,0.05733776669178,0.13659349258525094
407,state_free,5,0.06597851870607672,0.14542134542058802
408,state_free,5,0.03816368801112988,0.11339269723478555
409,state_free,5,0.06485424757691312,0.14431303937669354
410,state_free,5,0.04459875110501115,0.12185187556380764
411,state_free,5,0.05933606936154047,0.13873751744443616
412,state_free,5,0.05993962098797553,0.13927948127204726
413,state_free,5,0.06865940804204392,0.14801185750754972
414,state_free,5,0.05563729221352457,0.13475176627558652
415,state_free,5,0.06010330691406452,0.1394724881213982
416,state_free,5,0.06489030676551924,0.14444873758908
417,state_free,5,0.07491267235525514,0.15382775038763824
418,state_free,5,0.06754848120794237,0.1469394826419143
419,state_free,5,0.060828610745848305,0.1402450131036706
420,state_free,5,0.06832214220006345,0.147674487200794
421,state_free,5,0.06765718322248362,0.14708991360802565
422,state_free,5,0.060948288239754775,0.14040343641694913
423,state_free,5,0.06259359482925611,0.14204009443861149
424,state_free,5,0.06882576066629296,0.14816713114417182
425,state_free,5,0.06145881644176394,0.14088964453985475
426,state_free,5,0.05860649261328449,0.1379251706088747
427,state_free,5,0.06564603793435934,0.14507750380583662
428,state_free,5,0.07286064916764932,0.1519941100005547
429,state_free,5,0.054030184512455066,0.1329409228044671
430,state_free,5,0.06438298978488541,0.14383571780133905
431,state_free,5,0.06971643900166642,0.14898160829982016
432,state_free,5,0.06486979126061324,0.14428650046883817
433,state_free,5,0.0667662967068928,0.14611011000458268
434,state_free,5,0.06296740111758355,0.14235797876065143
435,state_free,5,0.1002555161881045,0.1771225071869547
436,state_free,5,0.11315137340841071,0.18706837078333768
437,state_free,5,0.14685217518245883,0.21082082162268972
438,state_free,5,0.11915352816391167,0.19157287226664704
439,state_free,5,0.12433688321960568,0.19511816798748366
440,state_free,5,0.12594034873500687,0.19646036614375112
441,state_free,5,0.1450436062782357,0.21039875497665006
442,state_free,5,0.12142919925018902,0.19316014130085762
443,state_free,5,0.1400618385732658,0.20612757847499152
444,state_free,5,0.11964621593570043,0.19198439279245846
445,state_free,5,0.1371689380301871,0.20481053020362117
446,state_free,5,0.12260609281140784,0.19393985853615678
447,state_free,5,0.1290472541357243,0.19922315693440573
448,state_free,5,0.11627608379915372,0.18948581314149718
449,state_free,5,0.1315680613281538,0.20047384899025067
450,state_free,5,0.13149959983464743,0.20011059054595853
451,state_free,5,0.1217630471675405,0.19325651196605642
452,state_free,5,0.11342722132605132,0.18706518966051075
453,state_free,5,0.08787343447271292,0.16660455057401133
454,state_free,5,0.09961915016646229,0.17670022355227408
455,state_free,5,0.1145747584854171,0.18815595718825803
456,state_free,5,0.11562947241717396,0.18877941590274758
457,state_free,5,0.1148351880866283,0.18784439656000257
458,state_free,5,0.1064857936198486,0.18187018787497575
459,state_free,5,0.12329384569092997,0.1946718754546464
460,state_free,5,0.12220855100056875,0.1938421177958462
461,state_free,5,0.12006509957431317,0.1925153012685884
462,state_free,5,0.1296605824245951,0.19899080987207185
463,state_free,5,0.12319998518147499,0.19518022802354884
464,state_free,5,0.1240153873527013,0.19534835516553825
465,state_free,5,0.12503728853955745,0.19583828752438986
466,state_free,5,0.11807406715089275,0.19123800993686518
467,state_free,5,0.15284998640559083,0.21434727975229237
468,state_free,5,0.1342059946676766,0.20207374934661
469,state_free,5,0.11234550066994607,0.18656044761007595
470,state_free,5,0.1133652112631083,0.18734704967753701
471,state_free,5,0.15184272821063552,0.21573724035707548
472,state_free,5,0.1148384192683049,0.18954595462033796
473,state_free,5,0.11351939578664076,0.18775671862783086
474,state_free,5,0.11819049659075134,0.19106046691795447
475,state_free,5,0.14746034735382713,0.2121999889811565
476,state_free,5,0.11301078721462766,0.18671088447439138
477,state_free,5,0.12536473715224283,0.19575276921888016
478,state_free,5,0.1006221297861109,0.17732125777724284
479,state_free,5,0.11612326628543085,0.18976359111043453
480,state_free,5,0.11188967481806064,0.18616934007662145
481,state_free,5,0.13628135159132712,0.20413283154015788
482,state_free,5,0.10948662932658147,0.18400413037768185
483,state_free,5,0.11093510719021787,0.185247081137405
484,state_free,5,0.15042700953221502,0.21387986208009088
485,state_free,5,0.11620152545375459,0.18961815117600764
486,state_free,5,0.11814364538625259,0.19064669687126337
487,state_free,5,0.1229757681287813,0.19416556067363724
488,state_free,5,0.1408758203221593,0.20736528310358499
489,state_free,5,0.11411643192892065,0.18776875305625573
490,state_free,5,0.12639979460112183,0.19651638524588866
491,state_free,5,0.12293821094654274,0.19432158291538681
492,state_free,5,0.028463878194037562,0.09591479157224628
493,state_free,5,0.01695625315737501,0.07308001154805933
494,state_free,5,0.026078462206874993,0.09131577466137855
495,state_free,5,0.025083076681182606,0.0897951361540776
496,state_free,5,0.025389299458841604,0.09072184606773691
497,state_free,5,0.02102930261127936,0.0825305700548215
498,state_free,5,0.023983744996198864,0.08832231795251594
499,state_free,5,0.013499142220653388,0.06464626565279182
500,state_free,5,0.023468343512900117,0.08709355116296968
501,state_free,5,0.02114083094094053,0.08247726766976901
502,state_free,5,0.01802429399801484,0.07541527119404295
503,state_free,5,0.02454643908755583,0.08966182172298401
504,state_free,5,0.020979502071724478,0.08212523634949562
505,state_free,5,0.024103678978904145,0.088641019702505
506,state_free,5,0.018972415378965202,0.07810015011659668
507,state_free,5,0.024241698718190135,0.08860625263333177
508,state_free,5,0.020507967160875173,0.08133619856891815
509,state_free,5,0.017224349892863356,0.07369807573237869
510,state_free,5,0.022180511127667613,0.08486846676741043
511,state_free,5,0.025046596110596286,0.09040648952792796
512,state_free,5,0.009151193193945627,0.05278514189283432
513,state_free,5,0.002406877189051024,0.027952497869243274
514,state_free,5,0.01861741313350378,0.07725510953136591
515,state_free,5,0.017342085884584548,0.07415839006957518
516,state_free,5,0.0022174913433054694,0.0264381188437228
517,state_free,5,0.009671515151475801,0.055358801447384094
518,state_free,5,0.028038419862291587,0.0952713383309062
519,state_free,5,0.019888090827440086,0.07975143339743859
520,state_free,5,0.018591594575856477,0.07841777232838978
521,state_free,5,0.024826147929532368,0.08923457617636302
522,state_free,5,0.018194805230236567,0.0756256194426938
523,state_free,5,0.020256676695873586,0.08034527906585195
524,state_free,5,0.025122478842705184,0.08969177792315546
525,state_free,5,0.016981684153691768,0.07314655219187867
526,state_free,5,0.027925957342624985,0.09579292581978403
527,state_free,5,0.022719691228423152,0.08577659433168446
528,state_free,5,0.012541822205180918,0.06202517964863139
529,state_free,5,0.01025096287666434,0.05594492197492136
530,state_free,5,0.011668228648215215,0.05967202719458356
531,state_free,5,0.016629961541038792,0.07227548180641429
532,state_free,5,0.022217398853346507,0.08522684618104759
533,state_free,5,0.017262563897715598,0.07444873131332003
534,state_free,5,0.014057211376184608,0.0665487032155988
535,state_free,5,0.019932802452485722,0.07990782085301047
536,state_free,5,0.03484526432820295,0.10687537779740194
537,state_free,5,0.01891491433974219,0.07754705858487554
538,state_free,5,0.01385759702877485,0.06557707469513593
539,state_free,5,0.014736883533651914,0.06776037171570262
540,state_free,5,0.028472055170615924,0.09587548513305512
541,state_free,5,0.014708266038396634,0.06795065646692756
542,state_free,5,0.013471781465916557,0.06487984155968189
543,state_free,5,0.01915171518155738,0.07851693309512779
544,state_free,5,0.019387262990920324,0.07858451785377664
545,state_free,5,0.002622873351935287,0.027036140277049536
546,state_free,5,0.00403372305658258,0.03382194663679459
547,state_free,5,0.027044404785188353,0.09402014862226792
548,state_free,5,0.008218213835017007,0.04981662698999923
549,state_free,5,0.007961168617817274,0.04971018325320756
550,state_free,5,0.0209493489962879,0.08275583059577023
551,state_free,5,0.011773485372156276,0.059821653694317384
552,state_free,5,0.02022716557143253,0.08098748939553188
553,state_free,5,0.031093867126418186,0.10090368883315903
554,state_free,5,0.03177230072854018,0.1015889904381585
555,state_free,5,0.007729708707046711,0.048186538313719954
556,state_free,5,0.03271187427568109,0.10324695617466588
557,state_free,5,0.030818395284729235,0.1010191900458289
558,state_free,5,0.011839673170526524,0.06072261272293256
559,state_free,5,0.0227478441266637,0.08763294314925242
560,state_free,5,0.00234820014413747,0.025715449292860976
561,state_free,5,0.019452658964338253,0.07935693725161286
562,state_free,5,0.010963379324055484,0.05905504761281943
563,state_free,5,0.03161364542566524,0.10226474892807173
564,state_free,5,0.01063699029004931,0.05890226815418709
565,state_free,5,0.016621531307492332,0.07340788756463389
566,state_free,5,0.012727286503689166,0.0638011183427488
567,state_free,5,0.019192678888640655,0.07876823275180377
568,state_free,5,0.018579764390736032,0.07804088080224915
569,state_free,5,0.01562741605671642,0.071063363750384
570,state_free,5,0.013658996032998779,0.06611221354316003
571,state_free,5,0.013913817553594873,0.06659896139145477
572,state_free,5,0.013769690185939645,0.06610875339145035
573,state_free,5,0.02225280067914109,0.08580566082713056
574,state_free,5,0.022443171657666485,0.0861880747088187
575,state_free,5,0.023548173235556052,0.08839810887956032
576,state_free,5,0.028236503204318766,0.09693943383942243
577,state_free,5,0.02705117294298929,0.09448963927457894
578,state_free,5,0.020349792836693324,0.0814202105833522
579,state_free,5,0.024157434501002936,0.0890484290390069
580,state_free,5,0.019888384717986853,0.08008993117544023
581,state_free,5,0.02410683927366791,0.08914871259274453
582,state_free,5,0.018005096321147874,0.07667048848941486
583,state_free,5,0.011769149963749026,0.06068853148888746
584,state_free,5,0.022266945363771697,0.0859001356047404
585,state_free,5,0.023226937518290025,0.08756072087662214
586,state_free,5,0.0164633544390346,0.07298674635464823
587,state_free,5,0.010448647869636755,0.0574081438409256
588,state_free,5,0.02007167591147238,0.08085665815354952
589,state_free,5,0.002148807723362377,0.025843942257959274
590,state_free,5,0.024465120690925494,0.0901569058049044
591,state_free,5,0.008006660943953043,0.049874334283331365
592,state_free,5,0.022643991221219274,0.08657616731493445
593,state_free,5,0.01144469083499782,0.061813242796645095
594,state_free,5,0.02047081327922012,0.08130658925209733
595,state_free,5,0.024075813759865988,0.08956035846191018
596,state_free,5,0.022043914880232985,0.08490835964927061
597,state_free,5,0.02127127908049384,0.08359757590947016
598,state_free,5,0.01649827595872609,0.07308090350554865
599,state_free,5,0.018195152336045083,0.07625926512730605
600,state_free,5,0.01654465811205444,0.07302014220540723
601,state_free,5,0.007922057163802622,0.049133241238775834
602,state_free,5,0.010162324262310158,0.05627443148510771
603,state_free,5,0.01922201040878643,0.07946378100145658
604,state_free,5,0.01463479182051984,0.06842238751852704
605,state_free,5,0.015924878074373566,0.0724182055032713
606,state_free,5,0.017339671544304075,0.07513762669996098
607,state_free,5,0.008374048405985768,0.05060104377760366
608,state_free,5,0.010698711616181336,0.05780035610714002
609,state_free,5,0.015373171212621228,0.07020983126458889
610,state_free,5,0.009327877209321198,0.0536513082411069
611,state_free,5,0.019639946358724233,0.0808349570737141
612,state_free,5,0.009763089219798625,0.055257624260067174
613,state_free,5,0.021822005114352273,0.08475685517153746
614,state_free,5,0.029608925764177108,0.0994276110626371
615,state_free,5,0.047436892321101966,0.12498175398678499
616,state_free,5,0.03954577682852783,0.11470771572364774
617,state_free,5,0.06255058482406302,0.14292089873447136
618,state_free,5,0.049831903066841494,0.12816389683306004
619,state_free,5,0.06141368062142637,0.1417921989462477
620,state_free,5,0.06515627315748296,0.14592270650103936
621,state_free,5,0.05842565381261737,0.1385478954388215
622,state_free,5,0.07528407342030391,0.15624583721356397
623,state_free,5,0.05740654812322178,0.1372897009806084
624,state_free,5,0.06734715648137202,0.14827649752446795
625,state_free,5,0.04261910289351879,0.11842386681032589
626,state_free,5,0.08257633884286497,0.16425270132223324
627,state_free,5,0.06772439317014145,0.14866155809021853
628,state_free,5,0.06661096536829052,0.14749293295723118
629,state_free,5,0.05937466540348498,0.13954374551864737
630,state_free,5,0.06241772315194582,0.14289966240922333
631,state_free,5,0.07324193620609823,0.15433645585707087
632,state_free,5,0.06534377554898184,0.1461466972743158
633,state_free,5,0.048002305400871206,0.12557476533168338
634,state_free,5,0.061663554544079735,0.14215317804386382
635,state_free,5,0.06659362336376307,0.14748587647118433
636,state_free,5,0.06755749777418099,0.14849026643553193
637,state_free,5,0.05498983909833684,0.13447842001377558
638,state_free,5,0.0654015834020978,0.14620019923688587
639,state_free,5,0.0656420003382017,0.14646366632311272
640,state_free,5,0.058796587329644545,0.13886845172355755
641,state_free,5,0.05165815374404645,0.13041170400598134
642,state_free,5,0.04954603237371061,0.12770128454144916
643,state_free,5,0.0659097626189702,0.1467695359240227
644,state_free,5,0.05127457820979049,0.13000966384764942
645,state_free,5,0.06357038523923704,0.14418239534655375
646,state_free,5,0.05560934953734812,0.13524414703112186
647,state_free,5,0.0675828334954828,0.14852823654263642
648,state_free,5,0.058132224583684694,0.1381636274417631
649,state_free,5,0.06394506426557119,0.14463064928765748
650,state_free,5,0.062012857124864595,0.1425352254593996
651,state_free,5,0.07379083911782562,0.15483422717327971
652,state_free,5,0.05856733034119433,0.13865850662512103
653,state_free,5,0.06067895116397192,0.1410379471439136
654,state_free,5,0.058363556464394326,0.13841854239633014
655,state_free,5,0.05978276285474038,0.13995646131858133
656,state_free,5,0.06279451456858848,0.14339575086111694
657,state_free,5,0.05513167118692987,0.13467931226555424
658,state_free,5,0.05600628855795694,0.13570738670590696
659,state_free,5,0.05886688656234188,0.13899805330827358
660,state_free,5,0.05968668766167786,0.13990503061648243
661,state_free,5,0.06396994140543004,0.14464902490522838
662,state_free,5,0.04975209382648165,0.12803699643930927
663,state_free,5,0.06194236701531819,0.14246463890994687
664,state_free,5,0.058990134666945304,0.1391663229142044
665,state_free,5,0.06620404254783255,0.14707818818617852
666,state_free,5,0.06177501907875181,0.14224442863785483
667,state_free,5,0.07955925920587348,0.16036198265191545
668,state_free,5,0.06374201067295361,0.14444052420442471
669,state_free,5,0.04561814548408155,0.12253688343279999
670,state_free,5,0.054006845773738425,0.13323664247302175
671,state_free,5,0.06943959440195006,0.15063990801305494
672,state_free,5,0.04998777563854788,0.1282465429426372
673,state_free,5,0.04956696534886141,0.1278555693849845
674,state_free,5,0.04116628030917934,0.11660256391237132
675,state_free,5,0.06351177133260148,0.1441844179607681
676,state_free,5,0.05586329356565835,0.1355472614024885
677,state_free,5,0.006613089734569278,0.04760189795691055
678,state_free,5,0.008448672932634219,0.054607830455497455
679,state_free,5,0.007803327903597799,0.051896355162847206
680,state_free,5,0.0062321771836881205,0.04618530614833535
681,state_free,5,0.011875141444770943,0.06564792184693508
682,state_free,5,0.023532187376537207,0.09333917751962631
683,state_free,5,0.03394340138518698,0.11190859202971193
684,state_free,5,0.021108357283342503,0.08829826603609503
685,state_free,5,0.01760921913037148,0.08072669386547494
686,state_free,5,0.012518653882195344,0.06768924663491518
687,state_free,5,0.014686975689889558,0.07369218639239992
688,state_free,5,0.018806324925831314,0.08352916514892922
689,state_free,5,0.013583885778028121,0.07065749437224574
690,state_free,5,0.012721178432630455,0.06778410106813866
691,state_free,5,0.015656068753886216,0.07572795664561612
692,state_free,5,0.026873400662952126,0.09974338108692074
693,state_free,5,0.009781984753356851,0.05915541363557864
694,state_free,5,0.022514180454075307,0.09135462441709999
695,state_free,5,0.011408092246665093,0.06442971324843783
696,state_free,5,0.01128028037102881,0.06408415899478452
697,state_free,5,0.006446901934943795,0.04696558289152117
698,state_free,5,0.013984703581552599,0.07178972286881125
699,state_free,5,0.012140124771711266,0.06616177571941319
700,state_free,5,0.006746935997777578,0.04804684812818349
701,state_free,5,0.0065535604267210985,0.047365302415116065
702,state_free,5,0.007246241309479724,0.05014077214513208
703,state_free,5,0.009307263853205986,0.05764163112227304
704,state_free,5,0.01220870280626064,0.06657814817807477
705,state_free,5,0.01723478539140413,0.0796836219844039
706,state_free,5,0.008056593929103746,0.05291840013913173
707,state_free,5,0.019064701792715712,0.08381683871932387
708,state_free,5,0.009182473089787414,0.05715021691672816
709,state_free,5,0.017117052560949527,0.07959594989349356
710,state_free,5,0.009350156924506914,0.05764482687198731
711,state_free,5,0.02634175055130759,0.09875826526404716
712,state_free,5,0.008719884291063967,0.0551650410755435
713,state_free,5,0.012764645129341936,0.06821074374109183
714,state_free,5,0.0055493327773607996,0.04355215361052734
715,state_free,5,0.013127346275520008,0.06943575441067024
716,state_free,5,0.010210353243913088,0.060558338457610675
717,state_free,5,0.01515402817222454,0.07471842183491538
718,state_free,5,0.006969143651202996,0.048847667243622786
719,state_free,5,0.009020459985954521,0.05651227389669783
720,state_free,5,0.02902442304530653,0.10347642843514136
721,state_free,5,0.026434039296123812,0.09881531303308659
722,state_free,5,0.01760796521424146,0.08041389489423198
723,state_free,5,0.020643966673441566,0.08720022605200278
724,state_free,5,0.02903152301496334,0.10353838688274812
725,state_free,5,0.01669741121138621,0.07859541073183274
726,state_free,5,0.016607480395095343,0.07836279664043264
727,state_free,5,0.020678770749334073,0.08751704331457832
728,state_free,5,0.02302892247076164,0.09226932540330048
729,state_free,5,0.014530389036460903,0.072786273839193
730,state_free,5,0.022577322040618835,0.0912434225091373
731,state_free,5,0.024879793657838586,0.09582678711154637
732,state_free,5,0.03891721080653134,0.11949389761925477
733,state_free,5,0.024366170570576738,0.09478674255172781
734,state_free,5,0.007130033662067942,0.0497616122301137
735,state_free,5,0.012902187418341553,0.06850415282983524
736,state_free,5,0.01774560990251798,0.08097937814320395
737,state_free,5,0.013338499551266177,0.06990998327252126
738,state_free,5,0.004553014441948306,0.03974128260336003
739,state_free,5,0.03565336149183186,0.1072542100080709
740,state_free,5,0.06385164291860104,0.14422037208045166
741,state_free,5,0.0478483656004666,0.12518777425172728
742,state_free,5,0.05236020985690403,0.13082316663319846
743,state_free,5,0.040815609993890875,0.1159060150042725
744,state_free,5,0.05999504269207737,0.1404303750738502
745,state_free,5,0.04324201766799903,0.11911101893937531
746,state_free,5,0.04695858679104088,0.12426701292410228
747,state_free,5,0.040703201866057206,0.11566762737044713
748,state_free,5,0.04822889243726327,0.1259205132285077
749,state_free,5,0.04785373410921515,0.12545315540022528
750,state_free,5,0.05787036197494259,0.1376847696333501
751,state_free,5,0.03634851630862936,0.10901091911492836
752,state_free,5,0.04861571897083728,0.12635615491768332
753,state_free,5,0.05002006012375215,0.12819074154159102
754,state_free,5,0.05485279955146276,0.13411617250481458
755,state_free,5,0.044859356065024045,0.12161933330033696
756,state_free,5,0.05092164515027259,0.12936431227361841
757,state_free,5,0.05004588886759127,0.12824047298282618
758,state_free,5,0.04072634558066905,0.11558820877053926
759,state_free,5,0.0518660225657291,0.13050528917172063
760,state_free,5,0.05375533619291208,0.13282560720109882
761,state_free,5,0.046429877476432846,0.12354773957874815
762,state_free,5,0.04719070861076562,0.12463939446391396
763,state_free,5,0.04086076823522259,0.11582664287953379
764,state_free,5,0.04305692745285264,0.11893576178854305
765,state_free,5,0.044322289143312855,0.12080563370049632
766,state_free,5,0.05783691533384108,0.13766431734977372
767,state_free,5,0.04747696695346137,0.12503685234381806
768,state_free,5,0.041787610279598784,0.11733344421886845
769,state_free,5,0.06328571640346252,0.14367399443684342
770,state_free,5,0.05194210744428107,0.130491410223794
771,state_free,5,0.05530176090943152,0.13466469136933765
772,state_free,5,0.04852915453711662,0.1263387620300366
773,state_free,5,0.05663147412938704,0.13624521616318064
774,state_free,5,0.05429207622187131,0.13348441213102613
775,state_free,5,0.043192478618620626,0.11917365836866481
776,state_free,5,0.04913948327327731,0.12713311226271004
777,state_free,5,0.04060513565531705,0.11564200014764107
778,state_free,5,0.050847785827676295,0.12926215191383025
779,state_free,5,0.04405932016360305,0.12050763781941175
780,state_free,5,0.04839117754307717,0.1261838488633991
781,state_free,5,0.04491810643887466,0.12165743872103649
782,state_free,5,0.04279263186701594,0.11870518743725195
783,state_free,5,0.04800846715639028,0.12570703993311688
784,state_free,5,0.057019813994563774,0.13669407363070074
785,state_free,5,0.046915680953150164,0.12427062800779087
786,state_free,5,0.047699477893232,0.12531214635368126
787,state_free,5,0.05580318371613792,0.13526489056168933
788,state_free,5,0.051355050249616396,0.12987627293061946
789,state_free,5,0.05203362569592947,0.1307467819574715
790,state_free,5,0.04778571483693418,0.12536144110112235
791,state_free,5,0.03680646013017296,0.10975099566544455
792,state_free,5,0.03506325286828136,0.10721244530280315
793,state_free,5,0.01804366168659113,0.07498747707124079
794,state_free,5,0.03463189504526048,0.10674922678792803
795,state_free,5,0.043449938636648214,0.1197467065871897
796,state_free,5,0.039676711946778756,0.11444679970877471
797,state_free,5,0.04243748422596684,0.11844964614091412
798,state_free,5,0.046497960492702335,0.12375054070209725
799,state_free,5,0.06811439286715315,0.1488305660481727
800,state_free,5,0.03431174422645818,0.10583199680251254
801,state_free,5,0.03576022958617706,0.10782714625942307
802,state_free,5,0.03465920762074718,0.10627718916262223
803,state_free,5,0.03890281334239409,0.11245296505154732
804,state_free,5,0.02827825549013232,0.09717469613063555
805,state_free,5,0.021549181539683403,0.08443603911337919
806,state_free,5,0.02689828466598864,0.09476181897325997
807,state_free,5,0.02804200421328042,0.09686448842119749
808,state_free,5,0.04128967969193659,0.11740917792477933
809,state_free,5,0.017012541987153736,0.0744834934657632
810,state_free,5,0.031407908194617674,0.1025088605577543
811,state_free,5,0.03840618022114756,0.11331025076643343
812,state_free,5,0.028881314948269454,0.097967113058399
813,state_free,5,0.024622390834034485,0.09079577469674513
814,state_free,5,0.02871471029554919,0.09797980484004033
815,state_free,5,0.03021067707827352,0.10044123265993948
816,state_free,5,0.024544189489462454,0.09063465167018596
817,state_free,5,0.03128768459031406,0.10239969538456724
818,state_free,5,0.031653415891631384,0.10302945292734085
819,state_free,5,0.025215353701018073,0.09180316976338813
820,state_free,5,0.022590968317705313,0.0866825008718017
821,state_free,5,0.029552001425887608,0.09945703660233578
822,state_free,5,0.03247881589330075,0.10433110795133231
823,state_free,5,0.021435227565026277,0.08441109103656505
824,state_free,5,0.014344777185796815,0.06813292675647978
825,state_free,5,0.023548254443710833,0.088590272063288
826,state_free,5,0.024704013413374096,0.09081315479672698
827,state_free,5,0.02195491667168994,0.08556859494825617
828,state_free,5,0.008678870470046963,0.052004322560191024
829,state_free,5,0.02742736945855704,0.09589311530421182
830,state_free,5,0.022751196344632272,0.08703458206329627
831,state_free,5,0.03154071180841472,0.10284468207807172
832,state_free,5,0.01845100864294851,0.07856026687052202
833,state_free,5,0.030574393901215483,0.10114002431727148
834,state_free,5,0.027825614125180295,0.09650222309756779
835,state_free,5,0.02498609633396094,0.0911242256098121
836,state_free,5,0.013242842709063434,0.06482921717378254
837,state_free,5,0.03218238825982807,0.10381630257720903
838,state_free,5,0.0197091947258767,0.08055481634295014
839,state_free,5,0.02226423142899921,0.0861050011101796
840,state_free,5,0.016026585547625767,0.07268692907083811
841,state_free,5,0.020815505481117214,0.08279085174439758
842,state_free,5,0.023552059348587846,0.08871507981586914
843,state_free,5,0.038637826111834736,0.11369590140724001
844,state_free,5,0.026332685714225666,0.09386428063273655
845,state_free,5,0.02586120770248475,0.09297661988866147
846,state_free,5,0.021193497461497277,0.0835756522486479
847,state_free,5,0.037746158312333356,0.11232022540375422
848,state_free,5,0.028923248165434276,0.09833023294174376
849,state_free,5,0.02055202409084116,0.08232655046180003
850,state_free,5,0.02579029961509515,0.0929041624183527
851,state_free,5,0.029522546974545427,0.09936458508908974
852,state_free,5,0.02441835338386526,0.09020668721816326
853,state_free,5,0.029481273721517695,0.09945925978143831
854,state_free,5,0.02168244976715685,0.08475244931458184
855,state_free,5,0.026234999249258963,0.0936219235092617
856,state_free,5,0.014074286788133729,0.06719049018328993
857,state_free,5,0.023557916686925605,0.08841015173401383
858,state_free,5,0.01607358551562895,0.07250561709965923
859,state_free,5,0.02885389644326827,0.09833938027362445
860,state_free,5,0.02341221403131782,0.08871642699775763
861,state_free,5,0.03149207190335196,0.10286292231873684
862,state_free,5,0.004013991756953194,0.03360040133056645
863,state_free,5,0.0034065887783696317,0.030775611550040976
864,state_free,5,0.0028741539887778564,0.028660746418887585
865,state_free,5,0.005296088477441025,0.03864915084056151
866,state_free,5,0.006839156811771791,0.04396613206065583
867,state_free,5,0.0066260033866849645,0.04309521128292301
868,state_free,5,0.004435022080555443,0.0350428762338748
869,state_free,5,0.007874099295324033,0.04747736447477537
870,state_free,5,0.007159754307500612,0.04499001055241448
871,state_free,5,0.0035193523758119656,0.03139769462319079
872,state_free,5,0.00575512867715238,0.039915771194714206
873,state_free,5,0.004056859674959078,0.033651375511128075
874,state_free,5,0.008478737694806268,0.04941482940977662
875,state_free,5,0.003039578625823294,0.02934748265140335
876,state_free,5,0.00843252556674332,0.04929598607742684
877,state_free,5,0.00777374360342809,0.0470482442375565
878,state_free,5,0.007533880827531312,0.04631771173111085
879,state_free,5,0.0034861032673701876,0.031208187601365827
880,state_free,5,0.006931020662844331,0.04422786712270588
881,state_free,5,0.007681975528375356,0.046841374217100364
882,state_free,5,0.006426255641092981,0.042377931001917044
883,state_free,5,0.004519635508977187,0.035229530072084396
884,state_free,5,0.0025783167200360167,0.026975613092567546
885,state_free,5,0.004768623931877714,0.03624607974722328
886,state_free,5,0.003098284818089994,0.03161338080711997
887,state_free,5,0.006691755347824258,0.043415811457191686
888,state_free,5,0.0037889476005626707,0.035997699556540926
889,state_free,5,0.008386908787880861,0.04910379105760967
890,state_free,5,0.002884132997223976,0.02879849795892462
891,state_free,5,0.003204839495225153,0.029896710225647577
892,state_free,5,0.005447820394252608,0.038630666323548196
893,state_free,5,0.004884617811752186,0.04049884845294723
894,state_free,5,0.004513276256240245,0.035460708107759364
895,state_free,5,0.007561136590431079,0.04622186599884356
896,state_free,5,0.00990142600253508,0.05357836421891075
897,state_free,5,0.0023741116709130035,0.027114258984190995
898,state_free,5,0.006920409365204308,0.04412716006345779
899,state_free,5,0.01159693002491142,0.05817560009230199
900,state_free,5,0.002645287836070456,0.027190605604468572
901,state_free,5,0.005977480460230634,0.04046985444134747
902,state_free,5,0.0030895449411291564,0.029454105948270914
903,state_free,5,0.00829330662508842,0.04879381833580378
904,state_free,5,0.0073557078747711275,0.045702161444114785
905,state_free,5,0.007927636844957864,0.04755105123872846
906,state_free,5,0.002996865728285621,0.02910041589649744
907,state_free,5,0.010897140330924435,0.056340075926157474
908,state_free,5,0.01404463680199408,0.06459595837219681
909,state_free,5,0.007371782239932957,0.04569536244669258
910,state_free,5,0.00913511335537387,0.05136334491588042
911,state_free,5,0.009731226328745433,0.05308133764465781
912,state_free,5,0.009657855441641211,0.0528950746206512
913,state_free,5,0.007120716466339401,0.04484455656313151
914,state_free,5,0.012889779916031662,0.06175211616378594
915,state_free,5,0.004994958960496973,0.03719955873415921
916,state_free,5,0.004947756273573214,0.03692227366767789
917,state_free,5,0.008881902097923331,0.05062038213265369
918,state_free,5,0.007694668063575463,0.04691531304577933
919,state_free,5,0.002650310611028137,0.027551002087889492
920,state_free,5,0.005722169957499615,0.03965144075792887
921,state_free,5,0.0041273304453557005,0.033865951590246926
922,state_free,5,0.006627077566713039,0.04306356780871829
923,state_free,5,0.0038869448471579313,0.032661328515653024
924,state_free,5,0.007000666957613791,0.04444322271905338
925,state_free,5,0.00452675691039382,0.035194567754998476
926,state_free,5,0.0031384815624370703,0.029711671428561823
927,state_free,5,0.0024215075986311146,0.026394515886885832
928,state_free,5,0.07881435790603988,0.15851022532595813
929,state_free,5,0.1113099555254562,0.18521106116834754
930,state_free,5,0.0796576676072252,0.15863614873767296
931,state_free,5,0.053679643491434184,0.1316807557404394
932,state_free,5,0.02959415007428083,0.1010882871854478
933,state_free,5,0.039030782511601435,0.11489021525125016
934,state_free,5,0.03157547807686726,0.10422911636025131
935,state_free,5,0.02360041304116531,0.09058589563256653
936,state_free,5,0.0318836788278298,0.10449081463551245
937,state_free,5,0.027800976713243053,0.09802731521363472
938,state_free,5,0.03495521286742538,0.10921134141670849
939,state_free,5,0.0284252080477845,0.09891611151700745
940,state_free,5,0.05689086608604263,0.13630443361412475
941,state_free,5,0.03204418825810005,0.10477968784875474
942,state_free,5,0.03150527438640581,0.10383967256965061
943,state_free,5,0.02943139293862311,0.10056798702062901
944,state_free,5,0.042129221830417535,0.1190429425034614
945,state_free,5,0.03467634478052104,0.10870824703289728
946,state_free,5,0.029270144290752052,0.10030887067329954
947,state_free,5,0.026029837780651228,0.09482199764115515
948,state_free,5,0.025955843698940387,0.09485045314446819
949,state_free,5,0.042714130255231006,0.119875237954762
950,state_free,5,0.034260186878115474,0.10807614693973558
951,state_free,5,0.0269331330041714,0.09641073432025916
952,state_free,5,0.02810834837992502,0.09841809177900183
953,state_free,5,0.037464198917651126,0.11284774769239625
954,state_free,5,0.03395034975782885,0.10760820484643129
955,state_free,5,0.029238273858861692,0.10030784248531618
956,state_free,5,0.02687204401647716,0.09637503629122643
957,state_free,5,0.029135511657581863,0.10021049851617016
958,state_free,5,0.03129671547573241,0.10352362946205168
959,state_free,5,0.032517932729543585,0.10546642542437949
960,state_free,5,0.03388393241312513,0.10762079827908436
961,state_free,5,0.028834736931405633,0.09961409208434281
962,state_free,5,0.024672784000337983,0.09250219142095804
963,state_free,5,0.03475002970309965,0.1087845988811022
964,state_free,5,0.03713776318455863,0.11218787688400671
965,state_free,5,0.03298031622772207,0.10612980999334751
966,state_free,5,0.029352710269536914,0.10047217632195543
967,state_free,5,0.03470868943718415,0.10870227433624606
968,state_free,5,0.033375714659430455,0.10673941258215192
969,state_free,5,0.031770570367003696,0.10432969964816757
970,state_free,5,0.023103469693353945,0.08963421820139113
971,state_free,5,0.042035382469918774,0.11895799435210386
972,state_free,5,0.03280985102338124,0.10592222678195173
973,state_free,5,0.038821192839017485,0.11468260432233761
974,state_free,5,0.02595913700568397,0.09473655109178197
975,state_free,5,0.03903517769467864,0.1149545397328045
976,state_free,5,0.03185860907304187,0.10446013401580682
977,state_free,5,0.05272149806429566,0.13173594360347293
978,state_free,5,0.02550862274237271,0.0939018297691299
979,state_free,5,0.033224008573589335,0.10648490754815755
980,state_free,5,0.034367899662950493,0.10820933252005112
981,state_free,5,0.04182449289482626,0.11871983899634565
982,state_free,5,0.02802509053483724,0.09825811942895674
983,state_free,5,0.022083407930087985,0.08777292378967962
984,state_free,5,0.03476755553435664,0.10882646916363768
985,state_free,5,0.038084013773464605,0.11355514332304324
986,state_free,5,0.039318030663700265,0.11541689885624508
987,state_free,5,0.03892889638839225,0.11469008902374782
988,state_free,5,0.0322599815829418,0.10501060012394892
989,state_free,5,0.037565050819027404,0.11283167862254256
990,state_free,5,0.04301537580649519,0.1200958943542132
991,state_free,5,0.022219020950910634,0.08791050757783003
992,state_free,5,0.37530963032426745,0.35594781308702633
993,state_free,5,0.40400768071309423,0.36727262264995314
994,state_free,5,0.3384400925221839,0.3377356610606899
995,state_free,5,0.37274471359002626,0.3557756277959584
996,state_free,5,0.16799112290929386,0.23445622209405256
997,state_free,5,0.15686464843406903,0.2259676585087738
998,state_free,5,0.1686807198502868,0.23539192242679377
999,state_free,5,0.18924633985990838,0.24893549836994028
1000,state_free,5,0.15201130200430651,0.22269509094041237
1001,state_free,5,0.147014130314061,0.21996521558469168
1002,state_free,5,0.15612465459855504,0.2265544876864403
1003,state_free,5,0.1550954154939844,0.22461962190509682
1004,state_free,5,0.14956533538637853,0.22153068853444854
1005,state_free,5,0.20558379789010658,0.25942885078669387
1006,state_free,5,0.1869915316273158,0.2468795841053001
1007,state_free,5,0.14139403516103852,0.21518378042034667
1008,state_free,5,0.15608720896080266,0.22603342305590385
1009,state_free,5,0.15322651089286687,0.22312426006012961
1010,state_free,5,0.21091322452698763,0.2624103775821672
1011,state_free,5,0.13704090370985195,0.21310204224036478
1012,state_free,5,0.13358288449032135,0.20934485524960467
1013,state_free,5,0.12222326250976029,0.20133686947409243
1014,state_free,5,0.1608675589222082,0.22868298299159445
1015,state_free,5,0.1407826969844302,0.21545144930162208
1016,state_free,5,0.1263841421632736,0.20452825196713156
1017,state_free,5,0.12818501378037014,0.20606379607986622
1018,state_free,5,0.14327999516595008,0.2166808759334928
1019,state_free,5,0.14448331353589605,0.2174647700978104
1020,state_free,5,0.16354185788182612,0.23163727710235987
1021,state_free,5,0.1233103755457093,0.20146975043833815
1022,state_free,5,0.16779892036596009,0.2341829212261788
1023,state_free,5,0.2122972463041847,0.26327457465550513
1024,state_free,5,0.28598451517617124,0.30563877387749483
1025,state_free,5,0.19921976872166142,0.25577998535181445
1026,state_free,5,0.3016376476845041,0.31425104900407347
1027,state_free,5,0.44182950046572633,0.3815715597238529
1028,state_free,5,0.20497295453072797,0.25782742345930204
1029,state_free,5,0.34274334412555146,0.33698473158232334
1030,state_free,5,0.22886066685428866,0.27244304989420326
1031,state_free,5,0.37146855972963255,0.34818721312909284
1032,state_free,5,0.36801597278990206,0.3552619848382439
1033,state_free,5,0.7277712156056867,0.4888058462101495
1034,state_free,5,0.16804722513468034,0.23649617045531174
1035,state_free,5,0.5124501983342732,0.41216045158474424
1036,state_free,5,0.6946475169095495,0.4788274939816427
1037,state_free,5,0.1796159864631173,0.24552924588607516
1038,state_free,5,0.691589955515334,0.48545437051119456
1039,state_free,5,0.27793028280264,0.3022156807332296
1040,state_free,5,0.7732727452444763,0.5043221330227524
1041,state_free,5,0.24224040961844784,0.29883340712724593
1042,state_free,5,0.5727095309021663,0.4328008652823838
1043,state_free,5,0.4926421364950649,0.41616509191299833
1044,state_free,5,0.26820176312926175,0.29575033495628844
1045,state_free,5,0.321366971378151,0.3354511949341475
1046,state_free,5,0.23011137102777818,0.280692773988521
1047,state_free,5,0.5257235540807336,0.426403303422485
1048,state_free,5,0.17427290840146756,0.25391697523666185
1049,state_free,5,0.3229825168155686,0.33927912404273874
1050,state_free,5,0.39047631206013295,0.3738740228130797
1051,state_free,5,0.28319680101686534,0.30801655273069856
1052,state_free,5,0.25895046716632136,0.28815311502083146
1053,state_free,5,0.2314136476497981,0.2727444955752528
1054,state_free,5,0.27420540310568875,0.2949436241101985
1055,state_free,5,0.19226249827275718,0.24999406174673117
1056,state_free,5,0.2357890235995438,0.275947305834524
1057,state_free,5,0.25600105890701896,0.28694298356860914
1058,state_free,5,0.3147004045457414,0.31581543091858316
1059,state_free,5,0.2797646397051906,0.29874605172949087
1060,state_free,5,0.2503671065907691,0.2841795831202101
1061,state_free,5,0.21947640253276404,0.26703062383271037
1062,state_free,5,0.30611178875782136,0.3105861813139924
1063,state_free,5,0.31478369743490014,0.3144276726035007
1064,state_free,5,0.2651957813820314,0.29091593872449417
1065,state_free,5,0.20296412914710577,0.25709544360284275
1066,state_free,5,0.25944214196136767,0.2881338925260546
1067,state_free,5,0.24526507721171356,0.2808595951011556
1068,state_free,5,0.2457984760393753,0.2807950507866531
1069,state_free,5,0.22543676081973077,0.26976497357680707
1070,state_free,5,0.2542720079633366,0.28523669518424943
1071,state_free,5,0.24053520199571965,0.2780783409796281
1072,state_free,5,0.24861702911744668,0.2822048432405005
1073,state_free,5,0.23434749707195757,0.27469358035578095
1074,state_free,5,0.2870417113924852,0.30148978927488757
1075,state_free,5,0.2551783695688082,0.2858419441593309
1076,state_free,5,0.24670559286797805,0.28129989571378666
1077,state_free,5,0.31555427877931497,0.31521717845255903
1078,state_free,5,0.3176170139967308,0.3159232564979206
1079,state_free,5,0.3308336253096076,0.3223413863270663
1080,state_free,5,0.2617187394044908,0.2897343802662817
1081,state_free,5,0.31229085986026955,0.31352898136610863
1082,state_free,5,0.2563757367979615,0.2866538101825459
1083,state_free,5,0.2834584165881385,0.2997250718581682
1084,state_free,5,0.19885564464902208,0.25435713350411965
1085,state_free,5,0.2506143744155166,0.2832040371874697
1086,state_free,5,0.21085251768385171,0.26130224612102176
1087,state_free,5,0.24904626316716832,0.28279023413501286
1088,state_free,5,0.21986799323686435,0.2667187943417678
1089,state_free,5,0.2670544436476089,0.2915948993311976
1090,state_free,5,0.28103377516688727,0.2983554324217547
1091,state_free,5,0.17967662631612386,0.2422477083129603
1092,state_free,5,0.20800953690771762,0.2596894843090074
1093,state_free,5,0.21629131427620646,0.26535683864563353
1094,state_free,5,0.24488749052178777,0.28071822747628283
1095,state_free,5,0.23066435494560505,0.2728310231818815
1096,state_free,5,0.21283256491252697,0.26292655488077793
1097,state_free,5,0.2066477084481178,0.25881194131194935
1098,state_free,5,0.26552785565764336,0.2907454909422
1099,state_free,5,0.3342477995337256,0.3228332317795936
1100,state_free,5,0.23579790805086775,0.27578517466051045
1101,state_free,5,0.2733092092861516,0.2955919985734214
1102,state_free,5,0.2741297602359062,0.2965156077723811
1103,state_free,5,0.31368391224343833,0.3164988042764646
1104,state_free,5,0.22305828388106042,0.26841516838624413
1105,state_free,5,0.2967758922880258,0.30621166848188514
1106,state_free,5,0.24764546113576788,0.28188849988398723
1107,state_free,5,0.24571849436049079,0.2815836109387059
1108,state_free,5,0.29396942417155686,0.30475735373978935
1109,state_free,5,0.24232727750090338,0.27945268933344886
1110,state_free,5,0.37646792524260175,0.34113791412610156
1111,state_free,5,0.24651959749975877,0.2813177909698083
1112,state_free,5,0.2645160166717648,0.29095516320192105
1113,state_free,5,0.026982502073713922,0.09433353850460971
1114,state_free,5,0.047761116422430284,0.13115494974418257
1115,state_free,5,0.017349770533467267,0.07528311849364025
1116,state_free,5,0.04454957719288469,0.12341856200729248
1117,state_free,5,0.05291234842301974,0.13994385362193068
1118,state_free,5,0.0859534044353316,0.17631822236679345
1119,state_free,5,0.029899242919658554,0.1055370103820886
1120,state_free,5,0.0721334372840539,0.16272102332788432
1121,state_free,5,0.07768816868163742,0.16785728457614332
1122,state_free,5,0.053603798988634016,0.14102247915970367
1123,state_free,5,0.03409904674408007,0.11159772677878986
1124,state_free,5,0.05876338468577051,0.14682589101961077
1125,state_free,5,0.054395459670894646,0.14165589481705956
1126,state_free,5,0.035109732093886875,0.11458335410312892
1127,state_free,5,0.05127037501069195,0.1377804412777427
1128,state_free,5,0.0490624794441931,0.13516216585189345
1129,state_free,5,0.05207036107370962,0.13895616327452273
1130,state_free,5,0.04936092361821835,0.1349828889984286
1131,state_free,5,0.045930314457706053,0.1308817389491534
1132,state_free,5,0.031962397542271585,0.10964581673883858
1133,state_free,5,0.07135367215757837,0.16173112017657357
1134,state_free,5,0.0558985347576243,0.14390863269443613
1135,state_free,5,0.049899570721241106,0.13602638673663126
1136,state_free,5,0.04567569883453472,0.13006773822786694
1137,state_free,5,0.04653964378440018,0.13180584955603453
1138,state_free,5,0.04486198325417048,0.1293799404910013
1139,state_free,5,0.03623849057608198,0.11667151928585552
1140,state_free,5,0.04044777663103507,0.12307176436391563
1141,state_free,5,0.039967352676704856,0.12210481587811817
1142,state_free,5,0.05559296039303949,0.14338343744654738
1143,state_free,5,0.04300516395861484,0.1264329121445152
1144,state_free,5,0.041485550404266804,0.12443868198416969
1145,state_free,5,0.05939785249855944,0.14748253501581993
1146,state_free,5,0.06225877183782277,0.1515997728527066
1147,state_free,5,0.04919749266409376,0.1352812241289912
1148,state_free,5,0.05794641488437913,0.1463026308190411
1149,state_free,5,0.055862124464286816,0.1439578187115777
1150,state_free,5,0.038692087493214185,0.12049450498152879
1151,state_free,5,0.042767431556312324,0.12636281637339644
1152,state_free,5,0.05741044879938562,0.1457604472456623
1153,state_free,5,0.035153916067614005,0.1148992695153886
1154,state_free,5,0.03523150813988573,0.11462365184653875
1155,state_free,5,0.06300242169296578,0.15224076219691507
1156,state_free,5,0.0486520569594729,0.13460161290174283
1157,state_free,5,0.030442645152920146,0.10663447760690142
1158,state_free,5,0.05768815121876876,0.145951705378781
1159,state_free,5,0.05278319148820372,0.14000455456177696
1160,state_free,5,0.08312061166415974,0.17374833403622186
1161,state_free,5,0.03786480299019513,0.11901959778290107
1162,state_free,5,0.05957691681153197,0.14836137058244833
1163,state_free,5,0.035530326045281765,0.11533601201849852
1164,state_free,5,0.05410746549261306,0.14174993511388934
1165,state_free,5,0.07856094205385579,0.16895906273231343
1166,state_free,5,0.054433223502239836,0.14205564602099735
1167,state_free,5,0.05747554319599362,0.14553960223632065
1168,state_free,5,0.053933304023139644,0.14112919976682822
1169,state_free,5,0.10847330118025773,0.19801045906068265
1170,state_free,5,0.06597473677488361,0.15565194526115292
1171,state_free,5,0.07724017171938426,0.16803845317877025
1172,state_free,5,0.06119787269082409,0.15023168703754983
1173,state_free,5,0.057219285782586685,0.14568946253634077
1174,state_free,5,0.04403945366948597,0.1282776887461594
1175,state_free,5,0.05994561099312042,0.1488707704413191
1176,state_free,5,0.04611868984323028,0.131028225180301
1177,state_free,5,0.04273499002720208,0.12612042668397336
1178,state_free,5,0.03273167823309429,0.10637716095435848
1179,state_free,5,0.03708855632933819,0.11470705872644142
1180,state_free,5,0.044117672458630214,0.12435320871451998
1181,state_free,5,0.03434270763515592,0.10984734207606958
1182,state_free,5,0.03852592811416193,0.11791685192967397
1183,state_free,5,0.045703902335579076,0.1283446868324407
1184,state_free,5,0.042942828207071064,0.12506608421689552
1185,state_free,5,0.054848116852602234,0.14077846254891221
1186,state_free,5,0.04705834883350072,0.13040701184781636
1187,state_free,5,0.042694470323073344,0.12464895939754606
1188,state_free,5,0.0452606015308259,0.12804009303966413
1189,state_free,5,0.052601255851041105,0.13855534599393654
1190,state_free,5,0.0426874335609227,0.12458811089456748
1191,state_free,5,0.046810231894764215,0.130100641230076
1192,state_free,5,0.034301056691328664,0.11147723040684018
1193,state_free,5,0.04284827928160818,0.12490421262978005
1194,state_free,5,0.052653570021512316,0.13786106793205405
1195,state_free,5,0.05061237773840539,0.1354029999493899
1196,state_free,5,0.057568161591497746,0.14388287961140617
1197,state_free,5,0.04551518090619788,0.12860760880603844
1198,state_free,5,0.04628770337959414,0.13004303723110616
1199,state_free,5,0.03978892358446209,0.1203511692350585
1200,state_free,5,0.037127515072946024,0.11635861444448423
1201,state_free,5,0.05763291105691133,0.14403288098511344
1202,state_free,5,0.032108740580199316,0.1074215107938212
1203,state_free,5,0.045580131260897445,0.12806895099566398
1204,state_free,5,0.016014701142130574,0.07495348953317355
1205,state_free,5,0.04761343274484705,0.1320963072808258
1206,state_free,5,0.044516143369065696,0.12650449946451373
1207,state_free,5,0.05206265370447343,0.13777523901689254
1208,state_free,5,0.031709072114085954,0.10548506260014691
1209,state_free,5,0.03585088358848298,0.1144288639495129
1210,state_free,5,0.045845005353296095,0.129280570231815
1211,state_free,5,0.04429899684209932,0.12717211911694107
1212,state_free,5,0.037685112423088786,0.11669599114695213
1213,state_free,5,0.04310688137190772,0.12496427402271806
1214,state_free,5,0.03136984146166898,0.10657883044827007
1215,state_free,5,0.02763273473900952,0.09984920316439128
1216,state_free,5,0.04074224272135879,0.12132249240846801
1217,state_free,5,0.03735707803339377,0.11618204835879772
1218,state_free,5,0.0489664305572514,0.13297827833941755
1219,state_free,5,0.032565188100513474,0.1082050638688246
1220,state_free,5,0.03182674013951493,0.10729686869446445
1221,state_free,5,0.040529365759317024,0.12124093991164196
1222,state_free,5,0.03726162038035566,0.11671802795504986
1223,state_free,5,0.037202106988578856,0.11587138767878652
1224,state_free,5,0.035179744208394405,0.11252961033406195
1225,state_free,5,0.04203229017762757,0.12376046331089507
1226,state_free,5,0.041677875635219255,0.12310447769135252
1227,state_free,5,0.03990245296119315,0.12041492149340598
1228,state_free,5,0.042461945026787844,0.12424979680004151
1229,state_free,5,0.033941449089051334,0.11107988558398
1230,state_free,5,0.037552119719055574,0.11688327895056122
1231,state_free,5,0.0412124783898681,0.12239694856376739
1232,state_free,5,0.05157069376740691,0.13744802895172512
1233,state_free,5,0.0336159587312755,0.11056391026540162
1234,state_free,5,0.0430746118461749,0.1250555463392267
1235,state_free,5,0.030115088935534832,0.10439443823745066
1236,state_free,5,0.03655201920537141,0.11534582768979133
1237,state_free,5,0.03198200230470052,0.10730050868711784
1238,state_free,5,0.036425791253374945,0.11498950707537513
1239,state_free,5,0.032416338082074295,0.10794616306610058
1240,state_free,5,0.029684702144625624,0.10331058819161476
1241,state_free,5,0.0345973920666844,0.11074541779096955
1242,state_free,5,0.02983276083381594,0.10277388732163453
1243,state_free,5,0.018225321916202103,0.07972567814906799
1244,state_free,5,0.019458824888339516,0.08223853463820319
1245,state_free,5,0.029982379862341754,0.1049910182217099
1246,state_free,5,0.025516837338914442,0.0965282946673914
1247,state_free,5,0.019760587745807367,0.08346645818049236
1248,state_free,5,0.02462704712978074,0.09365069094470818
1249,state_free,5,0.028977667272255266,0.10304969783502187
1250,state_free,5,0.04380024604379801,0.12633708737345709
1251,state_free,5,0.032216577230620394,0.10827832744516452
1252,state_free,5,0.03729500257516546,0.11694090052347157
1253,state_free,5,0.0323353252882602,0.10870632738997763
1254,state_free,5,0.03542561881534885,0.11441189958705344
1255,state_free,5,0.03748442685130327,0.11742080621744823
1256,state_free,5,0.033666590599543744,0.11153990896537161
1257,state_free,5,0.049727345678803346,0.13513662452925426
1258,state_free,5,0.026556106690841665,0.09887460238378953
1259,state_free,5,0.03982760173633096,0.12129526406289451
1260,state_free,5,0.02861533984918754,0.10256634915755927
1261,state_free,5,0.022084529981923274,0.09018420215297544
1262,state_free,5,0.02229892522175512,0.08942582165567378
1263,state_free,5,0.021434075341880892,0.08827221050194449
1264,state_free,5,0.026919367988105947,0.09887686531899498
1265,state_free,5,0.017689138672769417,0.07893186437771318
1266,state_free,5,0.02575539980498487,0.09646867133297558
1267,state_free,5,0.023474223008421256,0.09161089029848839
1268,state_free,5,0.02725966050833403,0.09975703791162352
1269,state_free,5,0.018352245891273777,0.08081731360542244
1270,state_free,5,0.018098299823916926,0.0808152908006743
1271,state_free,5,0.024139224915692297,0.09356804826437985
1272,state_free,5,0.024197767466328117,0.09375542645448962
1273,state_free,5,0.01784412103873192,0.07973584704033698
1274,state_free,5,0.018513967816810112,0.08090146866167458
1275,state_free,5,0.023221835748072482,0.09165501258226913
1276,state_free,5,0.018667613745625634,0.08182620456793863
1277,state_free,5,0.030649745222204837,0.1054008659435375
1278,state_free,5,0.03987611017717595,0.1205825113060886
1279,state_free,5,0.017216329380132577,0.07837014700381444
1280,state_free,5,0.02453696953612327,0.09379813869238407
1281,state_free,5,0.019371040090343513,0.08369661383101977
1282,state_free,5,0.03926413970568011,0.12053404213875635
1283,state_free,5,0.024247476523141295,0.09315248938573192
1284,state_free,5,0.022265668470424625,0.0897595556936085
1285,state_free,5,0.026687578490204467,0.09795440616043302
1286,state_free,5,0.018437441927287235,0.0816490985034821
1287,state_free,5,0.024251448992588177,0.09336899248808796
1288,state_free,5,0.01746208533869974,0.0785477273648432
1289,state_free,5,0.0254951268412536,0.09613184203361567
1290,state_free,5,0.025496048748224993,0.0954047594079321
1291,state_free,5,0.02120378146720177,0.0873497582138895
1292,state_free,5,0.020350743550528107,0.08527342581705939
1293,state_free,5,0.0601683041926234,0.1483302084177885
1294,state_free,5,0.042275260498740155,0.12459117524845563
1295,state_free,5,0.02995993579104786,0.10425189381986902
1296,state_free,5,0.019405348188431558,0.08293915193065773
1297,state_free,5,0.020686065336221277,0.0860525402649079
1298,state_free,5,0.022593916660912726,0.09090232811180902
1299,state_free,5,0.03451242093740901,0.11253112174256075
1300,state_free,5,0.018890997968702663,0.08204336309166192
1301,state_free,5,0.03023064889712651,0.10458138939210587
1302,state_free,5,0.009224256757305321,0.05249775781806862
1303,state_free,5,0.007197777083171327,0.045413277252815465
1304,state_free,5,0.007853078554068858,0.047632960177111584
1305,state_free,5,0.008020127495309342,0.04844993062654916
1306,state_free,5,0.013673884442255778,0.06172891532834729
1307,state_free,5,0.014437935974915557,0.0637276550869382
1308,state_free,5,0.01291805128504058,0.05969725762507839
1309,state_free,5,0.01111046837327074,0.05506758054513761
1310,state_free,5,0.009012018298798458,0.049423671563240755
1311,state_free,5,0.012391401227452109,0.05854967253101727
1312,state_free,5,0.013459245221408558,0.06114422445680317
1313,state_free,5,0.012133565973027359,0.057656287230607804
1314,state_free,5,0.009236188432588822,0.049907605626633
1315,state_free,5,0.01359759852601197,0.061576617126904876
1316,state_free,5,0.009296149632971614,0.05014941762519673
1317,state_free,5,0.014097059052314767,0.06300160726305566
1318,state_free,5,0.012675370171065764,0.05901854975848434
1319,state_free,5,0.01334319944309104,0.06088980868401281
1320,state_free,5,0.013845935765341447,0.0619838098336465
1321,state_free,5,0.01610690746938745,0.06843970532918774
1322,state_free,5,0.012140842858905303,0.057721710432730694
1323,state_free,5,0.012893980977611177,0.05968258181612955
1324,state_free,5,0.01496353422669959,0.06535373703287113
1325,state_free,5,0.016321338453094893,0.06896947523903645
1326,state_free,5,0.01616773144413242,0.06825991118557542
1327,state_free,5,0.014050180463742366,0.06264433935381927
1328,state_free,5,0.014205748525296037,0.06323830480769645
1329,state_free,5,0.011227172400676525,0.055387298880985675
1330,state_free,5,0.01264535897686571,0.05928171243336747
1331,state_free,5,0.01674124780245704,0.06999853820230455
1332,state_free,5,0.016991602325428984,0.07043389168153351
1333,state_free,5,0.015247434816456316,0.0657304434438594
1334,state_free,5,0.012580609949451945,0.0588043703072124
1335,state_free,5,0.013497148875320844,0.06153700800286711
1336,state_free,5,0.014562311543979693,0.0643775877385873
1337,state_free,5,0.01636845768749746,0.06895835466081861
1338,state_free,5,0.015512441617750202,0.0665150715014933
1339,state_free,5,0.01274257458694425,0.059270966361339814
1340,state_free,5,0.014077776793946553,0.06276460649195714
1341,state_free,5,0.016252804059127764,0.06880564289931908
1342,state_free,5,0.01503827166055436,0.06549014629139131
1343,state_free,5,0.016747147693647147,0.06967793288486915
1344,state_free,5,0.01533858340160259,0.06614481230250673
1345,state_free,5,0.015206101833257359,0.06609622197951752
1346,state_free,5,0.016021982385134647,0.0679325403052991
1347,state_free,5,0.015665414120701982,0.06719782990240208
1348,state_free,5,0.014592071068969866,0.06423268542114755
1349,state_free,5,0.012740009046645183,0.059381624045515
1350,state_free,5,0.012143076949236482,0.05785679646162755
1351,state_free,5,0.013385392238822033,0.06100695907376619
1352,state_free,5,0.009824334173892944,0.05158515153932092
1353,state_free,5,0.008697032991782965,0.04860130010389697
1354,state_free,5,0.010777954756817058,0.05426865514431746
1355,state_free,5,0.006959916203176301,0.043491326705622856
1356,state_free,5,0.006144596372533641,0.043357356373529374
1357,state_free,5,0.012494186364629201,0.05868715568480978
1358,state_free,5,0.012139965134023852,0.0578183553689327
1359,state_free,5,0.012323719772912477,0.05809898461211739
1360,state_free,5,0.01283935274737629,0.059347065213148364
1361,state_free,5,0.014216590037139785,0.0634392551020172
1362,state_free,5,0.01302535091449728,0.059998658387012335
1363,state_free,5,0.0127606025967671,0.059393369030423894
1364,state_free,5,0.00576652134329261,0.04095893418795291
1365,state_free,5,0.005896029702249618,0.0409678468520506
1366,state_free,5,0.006052857964071619,0.04292462280408349
1367,state_free,5,0.007137994858620592,0.047043202298194635
1368,state_free,5,0.006024515681508125,0.04273281666743708
1369,state_free,5,0.007966466359247457,0.048978777700766425
1370,state_free,5,0.006144313736125833,0.04081061641819812
1371,state_free,5,0.0058949082970666455,0.04204555056688337
1372,state_free,5,0.008095925109173775,0.04926967265380769
1373,state_free,5,0.006371279673113442,0.04420939235711745
1374,state_free,5,0.005893724797164497,0.04201223536990345
1375,state_free,5,0.007905454706213635,0.048971256660422006
1376,state_free,5,0.013283876029515739,0.06676617808103255
1377,state_free,5,0.0057321494633655705,0.04143764086479513
1378,state_free,5,0.005899671867382938,0.04111022634643376
1379,state_free,5,0.006711942567063612,0.045438196895756885
1380,state_free,5,0.006343248878381424,0.04378690263162584
1381,state_free,5,0.00599158387705969,0.041903602865590514
1382,state_free,5,0.0060757168786948965,0.04306377990978242
1383,state_free,5,0.006189569847473727,0.04291455319544612
1384,state_free,5,0.006131580193218632,0.04217564358406684
1385,state_free,5,0.006336859257737512,0.0440407667069192
1386,state_free,5,0.006245992397436517,0.04361101175994497
1387,state_free,5,0.006035370033363302,0.04191577568792785
1388,state_free,5,0.006504413202248903,0.04474515985364994
1389,state_free,5,0.006160160263290262,0.0420249227734142
1390,state_free,5,0.006311483185864627,0.04125920554890442
1391,state_free,5,0.0061378738673551715,0.04271746497023913
1392,state_free,5,0.0064816567072785705,0.04234931019206416
1393,state_free,5,0.006377679399914923,0.041945766748619204
1394,state_free,5,0.006120003377521759,0.04180689608110589
1395,state_free,5,0.006354088384419297,0.04391950226113787
1396,state_free,5,0.006175016037247731,0.04313411200236307
1397,state_free,5,0.006324819576110203,0.04416423676353713
1398,state_free,5,0.006230437475586256,0.043617856817744285
1399,state_free,5,0.0063582558399375615,0.04418617069097992
1400,state_free,5,0.00616499044355002,0.04246995211849333
1401,state_free,5,0.006364289395170397,0.04217299901061193
1402,state_free,5,0.006344370451435752,0.04249125101498785
1403,state_free,5,0.00654063207142273,0.041941815853521976
1404,state_free,5,0.0062911284030193765,0.04239494362125384
1405,state_free,5,0.006413622044770079,0.04209389294467694
1406,state_free,5,0.0064067788130222755,0.04416565766455165
1407,state_free,5,0.006017411857571762,0.04267709372147754
1408,state_free,5,0.006088941768794391,0.04247659100090471
1409,state_free,5,0.006112715791665227,0.04190525754267951
1410,state_free,5,0.0063171740956356835,0.04328975362408496
1411,state_free,5,0.006130010151598541,0.04268824936141601
1412,state_free,5,0.006191830250569217,0.04293016203474015
1413,state_free,5,0.0061673061748269255,0.042046764282288165
1414,state_free,5,0.006335891008193244,0.043898758613028034
1415,state_free,5,0.006292269241669776,0.041649470221156656
1416,state_free,5,0.006716783698274481,0.04556828687004791
1417,state_free,5,0.00600727305863524,0.041882603628173816
1418,state_free,5,0.006188472745592082,0.042844113716048134
1419,state_free,5,0.00695549535003375,0.046271814784426636
1420,state_free,5,0.009296065695863156,0.053106948775344026
1421,state_free,5,0.006009193355033737,0.04256976288785089
1422,state_free,5,0.00605163596414355,0.04125157527489624
1423,state_free,5,0.00631142974857187,0.040914678681734755
1424,state_free,5,0.006649399432542119,0.042850965811299414
1425,state_free,5,0.0068586736340561835,0.04253466163319832
1426,state_free,5,0.006135987132674357,0.0428580319008775
1427,state_free,5,0.006228453608517488,0.041948286745638545
1428,state_free,5,0.006367619318392822,0.04440473684566798
1429,state_free,5,0.013220029366973222,0.059704613324648936
1430,state_free,5,0.01078852121924063,0.054713571780784065
1431,state_free,5,0.012683906536506086,0.05851140129492652
1432,state_free,5,0.012241922775020923,0.05781170556994608
1433,state_free,5,0.016451457709586403,0.07025892414510246
1434,state_free,5,0.015947932539932395,0.0685311172270511
1435,state_free,5,0.011460243554122757,0.05770494361953969
1436,state_free,5,0.012922365806278365,0.06113220211009716
1437,state_free,5,0.009165991349040293,0.05150219411680941
1438,state_free,5,0.015471072525189826,0.06766388394764325
1439,state_free,5,0.01719350657130776,0.07169109786770296
1440,state_free,5,0.01441554897867181,0.06463774876817716
1441,state_free,5,0.017819496295138463,0.07287223961249358
1442,state_free,5,0.018272307409443175,0.07486078653105517
1443,state_free,5,0.014349148429224511,0.064795828240034
1444,state_free,5,0.018267703433858945,0.07465508589862838
1445,state_free,5,0.014769563648251573,0.06571545370148964
1446,state_free,5,0.01647990181432801,0.07021295109332322
1447,state_free,5,0.012230367127540446,0.05935362606740881
1448,state_free,5,0.01847704021571813,0.07553850230287751
1449,state_free,5,0.015256169662449947,0.06671063937943077
1450,state_free,5,0.01574913064314428,0.06815558648790186
1451,state_free,5,0.01702804901034454,0.07106913846898977
1452,state_free,5,0.015869941694944465,0.06865047030656055
1453,state_free,5,0.013359327312965666,0.062138176337242876
1454,state_free,5,0.015505194375641799,0.06742332725247638
1455,state_free,5,0.017086526605187245,0.0716720212950399
1456,state_free,5,0.014161232727239384,0.06419567725192206
1457,state_free,5,0.015608468452570797,0.06746597491822941
1458,state_free,5,0.015839483128875842,0.0683074347357008
1459,state_free,5,0.014480964066214805,0.06502381151524746
1460,state_free,5,0.01540580504043744,0.06703202667050688
1461,state_free,5,0.013723924487820931,0.06312001950531401
1462,state_free,5,0.013765270359814195,0.06325603415274077
1463,state_free,5,0.013420918416841777,0.06227686113274988
1464,state_free,5,0.011747652224956035,0.058268143997375635
1465,state_free,5,0.01686303478111816,0.07109474768875584
1466,state_free,5,0.018561408894969815,0.07539007255322422
1467,state_free,5,0.014132196303980573,0.06391151947503058
1468,state_free,5,0.01020236629677988,0.05462746724138508
1469,state_free,5,0.012908426944464322,0.061321266673946453
1470,state_free,5,0.01008716713399656,0.054457691650051994
1471,state_free,5,0.012459947165261777,0.05972415153033372
1472,state_free,5,0.017159029344562066,0.07141279356296304
1473,state_free,5,0.011206192397145378,0.05719021325170414
1474,state_free,5,0.015784351354276506,0.0679064436432858
1475,state_free,5,0.017117403939235963,0.07155926207131147
1476,state_free,5,0.012172881760449632,0.05923377669854062
1477,state_free,5,0.013857194267208033,0.06310080917110121
1478,state_free,5,0.013322816984188877,0.0622145463627608
1479,state_free,5,0.011617615119313376,0.057997942201652095
1480,state_free,5,0.014590398278970611,0.06500249290943028
1481,state_free,5,0.012068815602113224,0.05892907808512722
1482,state_free,5,0.01444255691611351,0.06480206909592008
1483,state_free,5,0.009058222574783515,0.051203637705307246
1484,state_free,5,0.010204186013541115,0.0546729323502495
1485,state_free,5,0.015391085775563128,0.06707342200919027
1486,state_free,5,0.014497425694851483,0.06504788263560997
1487,state_free,5,0.014604964967023813,0.06466923906776988
1488,state_free,5,0.01597888424296228,0.06821507403118378
1489,state_free,5,0.015255854699362305,0.06681994806789106
1490,state_free,5,0.014842325677297388,0.0657205326538938
1491,state_free,5,0.014627420138663671,0.06522289036354861
1492,state_free,5,0.020119731640412548,0.08503876648737632
1493,state_free,5,0.015187156496979503,0.07322617353130859
1494,state_free,5,0.012068429598090171,0.06445425474887764
1495,state_free,5,0.03796533264177311,0.11693811019335498
1496,state_free,5,0.018901770309353975,0.08307398222370135
1497,state_free,5,0.0190110502698216,0.08335501570374855
1498,state_free,5,0.02120840937967126,0.08811947918299076
1499,state_free,5,0.022875573521577618,0.09215904411954226
1500,state_free,5,0.019562314063766656,0.08476149527895972
1501,state_free,5,0.023519257182265527,0.09319351862665422
1502,state_free,5,0.10045732818623965,0.18819064916361153
1503,state_free,5,0.07973784350512689,0.16889471727763436
1504,state_free,5,0.050581492947839944,0.1358499878189081
1505,state_free,5,0.04012964062096054,0.12165797495184696
1506,state_free,5,0.057682457019624,0.14526056238529883
1507,state_free,5,0.05467758531279794,0.14144533795672612
1508,state_free,5,0.034442155248205035,0.11296984869882581
1509,state_free,5,0.03338128875998934,0.11101060752799471
1510,state_free,5,0.04891934143478894,0.13356392796556826
1511,state_free,5,0.03094613225036166,0.10699356733629983
1512,state_free,5,0.02608284741653828,0.09797720812287374
1513,state_free,5,0.024110950750580288,0.09432830105732216
1514,state_free,5,0.0355447545088415,0.11434720196381556
1515,state_free,5,0.03419807962213674,0.11181540098074987
1516,state_free,5,0.020590078402369573,0.0867195823905927
1517,state_free,5,0.027531800989119618,0.10051216209841832
1518,state_free,5,0.025661208198677614,0.09732614630169469
1519,state_free,5,0.023390751750579947,0.09268136829773396
1520,state_free,5,0.03237232888073673,0.1087713463256572
1521,state_free,5,0.04060934869851114,0.12182683459697514
1522,state_free,5,0.04098254595874026,0.12243771872997933
1523,state_free,5,0.02096358504131364,0.08766729356593642
1524,state_free,5,0.027563887987612577,0.10093668196222055
1525,state_free,5,0.045582659573134204,0.12901404246816597
1526,state_free,5,0.028859160582489888,0.10321516866692962
1527,state_free,5,0.03033770838006196,0.10539999053500426
1528,state_free,5,0.043506292383424475,0.12589111642812237
1529,state_free,5,0.06858544974470392,0.15721007007589288
1530,state_free,5,0.02675634319824324,0.0992729243209556
1531,state_free,5,0.08523817201622239,0.17408853373384833
1532,state_free,5,0.094244365631539,0.18272697325007667
1533,state_free,5,0.0348488893630004,0.11357068830745355
1534,state_free,5,0.044233505198896295,0.12696709981434748
1535,state_free,5,0.07434675057963878,0.16364712865756934
1536,state_free,5,0.09507258224387413,0.1837780233810329
1537,state_free,5,0.05396986719482446,0.1398321544708201
1538,state_free,5,0.02606893399104369,0.09801088815727668
1539,state_free,5,0.05489919170500057,0.141246674689544
1540,state_free,5,0.07066352709447225,0.15954846439113468
1541,state_free,5,0.040960229510555064,0.12241172231666378
1542,state_free,5,0.030989223790279307,0.10610963510947762
1543,state_free,5,0.022934083625551816,0.09149234572180386
1544,state_free,5,0.03454583924092673,0.1125085716233188
1545,state_free,5,0.044940014092960445,0.1276927261990144
1546,state_free,5,0.036724496586812136,0.11548711404731744
1547,state_free,5,0.022947314786070542,0.09106316861694394
1548,state_free,5,0.04831788967691513,0.1323213999005862
1549,state_free,5,0.03327335446114392,0.11048307463210409
1550,state_free,5,0.02850552152504347,0.10201892826615938
1551,state_free,5,0.0381367195573833,0.11784108553466871
1552,state_free,5,0.03381445435273972,0.11123842766731563
1553,state_free,5,0.03406255868511769,0.11136505811957438
1554,state_free,5,0.0687286460660861,0.1563562517283735
1555,state_free,5,0.05514354216249808,0.1407155347300576
1556,state_free,5,0.050474331330888016,0.1347761303069964
1557,state_free,5,0.06027360501275866,0.1469708385037559
1558,state_free,5,0.06202304128314267,0.14941008425623295
1559,state_free,5,0.0556212088438572,0.1416853733746663
1560,state_free,5,0.042230909665083825,0.12364218793073545
1561,state_free,5,0.050932342250352876,0.1355363460750193
1562,state_free,5,0.058123056163781384,0.1445868835150649
1563,state_free,5,0.09693522862938192,0.1845018991461475
1564,state_free,5,0.0667963905752997,0.15468274412516306
1565,state_free,5,0.042333789469494044,0.12369043745547992
1566,state_free,5,0.04236797726918113,0.12377350919237012
1567,state_free,5,0.05372797181411338,0.13941449026178868
1568,state_free,5,0.05706080828519078,0.14329044063021468
1569,state_free,5,0.07271401788239917,0.16081349900923647
1570,state_free,5,0.060031358983201284,0.14689174354265014
1571,state_free,5,0.08244625050512207,0.17095229315312943
1572,state_free,5,0.07256124246617526,0.1609766941281836
1573,state_free,5,0.050167074800934415,0.13465857236594658
1574,state_free,5,0.0853799910966236,0.1737652781062113
1575,state_free,5,0.0611720180333994,0.14838773423724222
1576,state_free,5,0.04875698025076689,0.13272156470751795
1577,state_free,5,0.040243468263034474,0.12040444692307548
1578,state_free,5,0.07714786041256434,0.1654778780597021
1579,state_free,5,0.061296402852423895,0.14823714270890617
1580,state_free,5,0.07007342901265325,0.15795680753832583
1581,state_free,5,0.08030704011523562,0.16847221028306145
1582,state_free,5,0.06823634080646897,0.15620703105520073
1583,state_free,5,0.06704383228039301,0.15483690176165982
1584,state_free,5,0.053778108004117475,0.13911112530667163
1585,state_free,5,0.06498460641906458,0.15250536512627844
1586,state_free,5,0.038816829600642457,0.11817814541733947
1587,state_free,5,0.0710120805603804,0.15892462202475038
1588,state_free,5,0.06947120084108392,0.15713032117085496
1589,state_free,5,0.06568020706733342,0.15299952701193695
1590,state_free,5,0.031951021648688044,0.10728515016228556
1591,state_free,5,0.051451064154340045,0.1360207132063137
1592,state_free,5,0.04744442130741965,0.1304712074084012
1593,state_free,5,0.04296817618351797,0.12417953141130213
1594,state_free,5,0.03951384867258534,0.11890225244568677
1595,state_free,5,0.052210041279612325,0.13712147884207426
1596,state_free,5,0.0615938094703882,0.14846699020149004
1597,state_free,5,0.04013287250368041,0.12021825825808573
1598,state_free,5,0.058068736785316134,0.1442698384521152
1599,state_free,5,0.0560166321931498,0.1419616123121807
1600,state_free,5,0.04760387785302429,0.13092881449274332
1601,state_free,5,0.060808119846873246,0.14747687923978073
1602,state_free,5,0.07335280399116553,0.1615748976867022
1603,state_free,5,0.09997391464692022,0.18684395931448583
1604,state_free,5,0.09484908225221599,0.1822678639170316
1605,state_free,5,0.08109183761155184,0.1694900192789748
1606,state_free,5,0.0632227392131499,0.15066067692911225
1607,state_free,5,0.08463341691145146,0.17274497345424503
1608,state_free,5,0.09132363322211742,0.1790138858286205
1609,state_free,5,0.04823284223609463,0.13158138190592647
1610,state_free,5,0.06424556922163323,0.15112545043351372
1611,state_free,5,0.07166037683304205,0.15945643066755794
1612,state_free,5,0.050971800017732494,0.1355608413187412
1613,state_free,5,0.06513072563776405,0.15197149133587753
1614,state_free,5,0.0653167185784711,0.1523597758756146
1615,state_free,5,0.06447808472955523,0.1514563710013118
1616,state_free,5,0.04306574636841534,0.12379710149007582
1617,state_free,5,0.023637341045544328,0.09142989138942316
1618,state_free,5,0.03559883454974927,0.11266167850851563
1619,state_free,5,0.03152876876770549,0.10589338091426737
1620,state_free,5,0.02442487056258111,0.09415124575711024
1621,state_free,5,0.03568102108963621,0.11377829933988712
1622,state_free,5,0.04116992304249755,0.1221776076127863
1623,state_free,5,0.03574782908195277,0.11390253105996068
1624,state_free,5,0.04426160777040699,0.12671329140659618
1625,state_free,5,0.07508466397954067,0.16386339719470497
1626,state_free,5,0.021535520487108144,0.08812145936280688
1627,state_free,5,0.044334654671050855,0.12684110890961078
1628,state_free,5,0.024836998363565028,0.09492238620033044
1629,state_free,5,0.03794111941093487,0.11764676084206281
1630,state_free,5,0.032419038161156946,0.10864896888061558
1631,state_free,5,0.03420390353601779,0.11143992758292033
1632,state_free,5,0.031031013745983098,0.10618342324255872
1633,state_free,5,0.043079145185880144,0.12500354442562286
1634,state_free,5,0.026130758691267974,0.09749286703976516
1635,state_free,5,0.034972327135779954,0.11263968906738894
1636,state_free,5,0.03230818885163607,0.10839460600527162
1637,state_free,5,0.04160396590104662,0.12287208538694029
1638,state_free,5,0.04611173052491853,0.129343648041427
1639,state_free,5,0.03203305916673873,0.10804309054800802
1640,state_free,5,0.047547187917419576,0.13145851644785794
1641,state_free,5,0.023346987709368553,0.09232170341437644
1642,state_free,5,0.03987990085079139,0.12038701038941717
1643,state_free,5,0.0297485400998021,0.10424650987173453
1644,state_free,5,0.022588812203404984,0.09079470697557857
1645,state_free,5,0.025246800944809845,0.09597152338244276
1646,state_free,5,0.022103793992015498,0.08943701247631677
1647,state_free,5,0.02670886673180102,0.09853651030449058
1648,state_free,5,0.025015214624558878,0.09555544107579986
1649,state_free,5,0.03303389827088883,0.10976839581007862
1650,state_free,5,0.03394410755995115,0.11122187823001223
1651,state_free,5,0.04785521219883608,0.1317539839120684
1652,state_free,5,0.042387009256205144,0.12409646401254101
1653,state_free,5,0.0373514902892871,0.11654322011228509
1654,state_free,5,0.03329380368352734,0.11020426805535205
1655,state_free,5,0.023187613854823538,0.09190369584892014
1656,state_free,5,0.05121010619023236,0.13611214939625543
1657,state_free,5,0.03413682749488463,0.1113030633769395
1658,state_free,5,0.035580027663506895,0.11372402593693358
1659,state_free,5,0.04026805308378024,0.12100328399109281
1660,state_free,5,0.033196814467518584,0.10997296202240667
1661,state_free,5,0.03897914612213502,0.11891723287915676
1662,state_free,5,0.03556085962315908,0.11367973531439446
1663,state_free,5,0.026824606054314276,0.09869341038870222
1664,state_free,5,0.023393814115292604,0.09191536168308699
1665,state_free,5,0.029112302850117313,0.1027387063117869
1666,state_free,5,0.024543006392995642,0.0941497369437608
1667,state_free,5,0.05496747126180627,0.14086243698033477
1668,state_free,5,0.03552257118259248,0.11363124987722945
1669,state_free,5,0.027965813618346696,0.10085984286316713
1670,state_free,5,0.04300770931331806,0.12498729406363562
1671,state_free,5,0.029145931150315295,0.10296749817925833
1672,state_free,5,0.045151331113953155,0.12791616327504785
1673,state_free,5,0.054824560434255584,0.1407762139202735
1674,state_free,5,0.04675386790423967,0.1303189845365279
1675,state_free,5,0.05820701191896429,0.14501616148952365
1676,state_free,5,0.05989665701235442,0.14707374028775524
1677,state_free,5,0.05126622987090071,0.13642495248192055
1678,state_free,5,0.03365278813581524,0.11071111890579366
1679,state_free,5,0.05607252483275041,0.14246899586227219
1680,state_free,5,0.05762133574766528,0.1442993637175579
1681,state_free,5,0.005225981668920557,0.039238867782849185
1682,state_free,5,0.005101346795016506,0.03773042451687242
1683,state_free,5,0.012507351482962102,0.0641480470703305
1684,state_free,5,0.013729536559733534,0.06746894809515923
1685,state_free,5,0.022456905519883698,0.09015491067310863
1686,state_free,5,0.01658167235818787,0.07648639704846578
1687,state_free,5,0.03488576089325547,0.1145663235393351
1688,state_free,5,0.015543267685273351,0.07510159515189266
1689,state_free,5,0.006453134180557601,0.046563328546063196
1690,state_free,5,0.02044257300377223,0.08681390704548321
1691,state_free,5,0.007929899446593945,0.05243134860853442
1692,state_free,5,0.008901512734281754,0.05523729397582203
1693,state_free,5,0.019423293099663563,0.08267174540714117
1694,state_free,5,0.014869651807062342,0.07257229642909593
1695,state_free,5,0.004096577810829248,0.03408241110250502
1696,state_free,5,0.011332201011752568,0.06296084920020818
1697,state_free,5,0.013256436553771723,0.06882809774493617
1698,state_free,5,0.009173360943443717,0.05645238690817905
1699,state_free,5,0.00793068665071473,0.05085995036515205
1700,state_free,5,0.008858172626446609,0.05540163823266333
1701,state_free,5,0.01297683888140113,0.06778310317478882
1702,state_free,5,0.007502415038519717,0.05035542206244125
1703,state_free,5,0.01696907845502757,0.0781745815474756
1704,state_free,5,0.011240849280021994,0.06277159376573226
1705,state_free,5,0.00597165558512598,0.044023936604055604
1706,state_free,5,0.008993006242127052,0.05554157371632491
1707,state_free,5,0.010540792476447547,0.06083856781805111
1708,state_free,5,0.014054791441073888,0.0706245194914693
1709,state_free,5,0.0038920093470377025,0.03337301164975039
1710,state_free,5,0.008673624504114486,0.05465279084120871
1711,state_free,5,0.013149187285863907,0.0682693416880206
1712,state_free,5,0.01439396623623943,0.07182060849125083
1713,state_free,5,0.007313233100891554,0.04891639753769932
1714,state_free,5,0.010977283265819591,0.06204883706229962
1715,state_free,5,0.007680346803640146,0.05140012467368079
1716,state_free,5,0.011190327956387972,0.06275045581604947
1717,state_free,5,0.006015491079651974,0.04413431763487776
1718,state_free,5,0.006591147010529999,0.046776963997060515
1719,state_free,5,0.006965833866219185,0.04817078571297736
1720,state_free,5,0.01540899721562441,0.07434664966408333
1721,state_free,5,0.005000631219118939,0.038936372368297986
1722,state_free,5,0.006845512939620936,0.04770499386293019
1723,state_free,5,0.012540150162955267,0.06657060868417763
1724,state_free,5,0.012652238155993959,0.06716321177688213
1725,state_free,5,0.018393704458930273,0.08143242214872025
1726,state_free,5,0.010025465103795947,0.05916934614335685
1727,state_free,5,0.011744478475680265,0.0646032562672653
1728,state_free,5,0.007453804862564015,0.05054578451120149
1729,state_free,5,0.012558458208143816,0.0671420934236819
1730,state_free,5,0.005814622552962325,0.043280126297937115
1731,state_free,5,0.009723469573614118,0.05838424952564143
1732,state_free,5,0.010549749881082274,0.060751174604950095
1733,state_free,5,0.02081442826249209,0.08746264366444813
1734,state_free,5,0.016128172089191123,0.07605785843350273
1735,state_free,5,0.00884807104012481,0.055566171106219704
1736,state_free,5,0.009133454163739107,0.05654563639477746
1737,state_free,5,0.008227180660639662,0.05358779785945045
1738,state_free,5,0.014085554930985473,0.07100171429361381
1739,state_free,5,0.007811253914960275,0.051741800555719704
1740,state_free,5,0.008270901223092694,0.053446091925876356
1741,state_free,5,0.008231074775830018,0.05320318460887816
1742,state_free,5,0.008517785601989398,0.05447498593836316
1743,state_free,5,0.005477740305190806,0.04124677967593454
1744,state_free,5,0.005468070017524597,0.04121135965836484
1745,state_free,5,0.005228888361735427,0.040149968759385736
1746,state_free,5,0.006495310726411863,0.04483626455397358
1747,state_free,5,0.006158252470925037,0.04114905411626615
1748,state_free,5,0.004816828745840791,0.03757577418612072
1749,state_free,5,0.005299256026281617,0.038379821873175214
1750,state_free,5,0.005209884886015857,0.03801843126887588
1751,state_free,5,0.004829995676911817,0.03754496528928792
1752,state_free,5,0.005075180756838216,0.03757054307825097
1753,state_free,5,0.005309530337094977,0.040456344131910675
1754,state_free,5,0.007422883873958077,0.04788898333513365
1755,state_free,5,0.0053417255670404834,0.04055158445819057
1756,state_free,5,0.004561706441185039,0.03647094920548383
1757,state_free,5,0.004899282323734595,0.03693893991993098
1758,state_free,5,0.004688573429681539,0.03636548947137721
1759,state_free,5,0.00460269882409476,0.036557699275150395
1760,state_free,5,0.005084592119954284,0.03760529244796478
1761,state_free,5,0.0051312992447455396,0.037851624599994534
1762,state_free,5,0.004733777242126252,0.037323245124246944
1763,state_free,5,0.004950544954856239,0.037399415455933796
1764,state_free,5,0.004663234405501452,0.037071184984527286
1765,state_free,5,0.004595890625524206,0.03667577107418385
1766,state_free,5,0.005468297732111195,0.03876362109065394
1767,state_free,5,0.005257735876976368,0.03819623067903237
1768,state_free,5,0.005360924825654092,0.038462193143887644
1769,state_free,5,0.004590157466527325,0.036754331214762855
1770,state_free,5,0.004716069106867925,0.03721935600946662
1771,state_free,5,0.005081990496966659,0.03764570222170315
1772,state_free,5,0.005680843829789277,0.03966523886358124
1773,state_free,5,0.004789390836572322,0.037070254156505715
1774,state_free,5,0.004948058973002925,0.03731043430549603
1775,state_free,5,0.004811271633711683,0.03779652459523896
1776,state_free,5,0.005053739298797964,0.037811367262711296
1777,state_free,5,0.00537256817451305,0.040728771537688335
1778,state_free,5,0.004814573405286152,0.038139143878916835
1779,state_free,5,0.004846981653131362,0.03711343456551116
1780,state_free,5,0.005114531881198551,0.03780695175061025
1781,state_free,5,0.004824389352431882,0.037040752966537374
1782,state_free,5,0.0049557676895624694,0.03745234784551286
1783,state_free,5,0.004841602998130362,0.03769914951847427
1784,state_free,5,0.004921535074085484,0.03846416083069195
1785,state_free,5,0.006300890411254775,0.041657929701537616
1786,state_free,5,0.004745264172788752,0.03731287354201046
1787,state_free,5,0.007182302588727598,0.046892622863862865
1788,state_free,5,0.004719199097780218,0.03745098264511061
1789,state_free,5,0.02305858397336904,0.08954047704611647
1790,state_free,5,0.005377169658469808,0.040481722013918926
1791,state_free,5,0.021691830033089988,0.0877122622139729
1792,state_free,5,0.004422056425257817,0.03620810141803819
1793,state_free,5,0.034178486844718366,0.11176846210660085
1794,state_free,5,0.004486316001133951,0.03642656826878382
1795,state_free,5,0.031210597538648098,0.10625838704150829
1796,state_free,5,0.005038565094141148,0.03913310818390701
1797,state_free,5,0.003989112080703569,0.03432915372343181
1798,state_free,5,0.009475085250600217,0.05571521181401684
1799,state_free,5,0.006324768652183301,0.04431761023978413
1800,state_free,5,0.009631142317338743,0.056409988551051504
1801,state_free,5,0.0049376334585937345,0.037340705982562214
1802,state_free,5,0.004600732866229906,0.0372430953540883
1803,state_free,5,0.004834540043558061,0.03842770152244459
1804,state_free,5,0.004997336497281866,0.039163510479677296
1805,state_free,5,0.004865212074264804,0.03742256831902452
1806,state_free,5,0.008506698186195687,0.050867900807500505
1807,state_free,5,0.010542894202429952,0.057040145360962836
1808,state_free,5,0.00884781401123581,0.0516745773277397
1809,state_free,5,0.008309938024144967,0.050254218777355045
1810,state_free,5,0.007555530271246821,0.047187207643228146
1811,state_free,5,0.007531531120918884,0.04721117052440338
1812,state_free,5,0.008469317956676225,0.05057796929588518
1813,state_free,5,0.007748628256295062,0.047917476004237895
1814,state_free,5,0.005098719357013848,0.038398589628967
1815,state_free,5,0.006890159558065975,0.045395558344041895
1816,state_free,5,0.006221547341144028,0.043464357553623774
1817,state_free,5,0.007070525542677947,0.04594372390765042
1818,state_free,5,0.006805259618271319,0.045021606716738126
1819,state_free,5,0.0075062993334285245,0.04703969514614103
1820,state_free,5,0.006494069896185221,0.044296845253136145
1821,state_free,5,0.01148004298451228,0.061574883594547984
1822,state_free,5,0.011893927922424616,0.06298951467033405
1823,state_free,5,0.005777866526969317,0.04182201571365145
1824,state_free,5,0.006257212267684233,0.043632968023231584
1825,state_free,5,0.006037541136485472,0.043006075972245324
1826,state_free,5,0.011406009131563264,0.06146511817821691
1827,state_free,5,0.01200143155542944,0.06319792421698253
1828,state_free,5,0.01171068158075406,0.06237486707297329
1829,state_free,5,0.005594642196828086,0.04081739150678058
1830,state_free,5,0.00687257948684822,0.045489523211609394
1831,state_free,5,0.008011665036149617,0.04900191775618233
1832,state_free,5,0.007191218489687967,0.04626985626097696
1833,state_free,5,0.007253130116032746,0.046265237900249806
1834,state_free,5,0.010144340748184811,0.056976819379599065
1835,state_free,5,0.006268248443543802,0.043687304001042045
1836,state_free,5,0.008072599778309602,0.04901489531592143
1837,state_free,5,0.0052686061532468305,0.03939864387175055
1838,state_free,5,0.00655568112931949,0.044603744311158884
1839,state_free,5,0.008007701010127068,0.04869777172874082
1840,state_free,5,0.008934724171433874,0.052248353183745586
1841,state_free,5,0.0086289791186569,0.05076239510698514
1842,state_free,5,0.008736394577956904,0.051373369218031706
1843,state_free,5,0.007062949167754639,0.045855606642061855
1844,state_free,5,0.006202860343409548,0.04343772882754166
1845,state_free,5,0.006652515929454114,0.04487749906451879
1846,state_free,5,0.010781019655744207,0.05926768055360244
1847,state_free,5,0.0060136286602416,0.04267309127825945
1848,state_free,5,0.005542949936678981,0.04072859820455854
1849,state_free,5,0.008577741089927851,0.05072265122907167
1850,state_free,5,0.007022329156505702,0.045830232490198804
1851,state_free,5,0.005969368718832733,0.04240563242109082
1852,state_free,5,0.006592898344927033,0.044560599594316665
1853,state_free,5,0.0065536652042059145,0.04461042605710389
1854,state_free,5,0.006735495003167682,0.045061955016008064
1855,state_free,5,0.005956062482905415,0.042382263242715885
1856,state_free,5,0.007277269650247123,0.04646915749137567
1857,state_free,5,0.0057807178572647985,0.041794804095413085
1858,state_free,5,0.0072221740622279585,0.0462926748809361
1859,state_free,5,0.007360130801684812,0.046664648413512054
1860,state_free,5,0.0072081372265481655,0.046297286494955854
1861,state_free,5,0.010382795297754013,0.05765747108760866
1862,state_free,5,0.008077765179185273,0.049037392283101215
1863,state_free,5,0.006751687370637495,0.04513168798540706
1864,state_free,5,0.006928088602254925,0.04557900854539357
1865,state_free,5,0.0077302888112025245,0.047942713064806936
1866,state_free,5,0.005283883310139088,0.03911898572939119
1867,state_free,5,0.008563969029145562,0.04901469971412068
1868,state_free,5,0.0086904583026492,0.04941217176085155
1869,state_free,5,0.00853974117060476,0.05074734914747667
1870,state_free,5,0.008677728564689364,0.05054861679377324
1871,state_free,5,0.02143104449148134,0.07807353352220371
1872,state_free,5,0.021002240224788735,0.07718688657906753
1873,state_free,5,0.02314363779614917,0.08123063323403674
1874,state_free,5,0.02103603843583665,0.07719473370481617
1875,state_free,5,0.021850993937137922,0.07883363688213782
1876,state_free,5,0.017376061839546875,0.06950064923158104
1877,state_free,5,0.026261415000984948,0.08740758302040519
1878,state_free,5,0.019954176835359414,0.07507542613862069
1879,state_free,5,0.020727418300177453,0.07667652853046064
1880,state_free,5,0.02314760799984865,0.08140705384066202
1881,state_free,5,0.018493609487466294,0.07187553940815387
1882,state_free,5,0.024881851703123146,0.08482177101377324
1883,state_free,5,0.018298112036454112,0.0716240330699395
1884,state_free,5,0.0231298506937201,0.08132921932211751
1885,state_free,5,0.016958802181252654,0.06884560426830828
1886,state_free,5,0.022690596648331264,0.08058472884842542
1887,state_free,5,0.022475215570262976,0.08008061555489486
1888,state_free,5,0.019964628424380872,0.0751420030310553
1889,state_free,5,0.016988171731207247,0.06894668791011713
1890,state_free,5,0.02299863243997557,0.08107852244099041
1891,state_free,5,0.020651722440065252,0.07660206032032621
1892,state_free,5,0.022398817525375952,0.0799663881982041
1893,state_free,5,0.018722991234321078,0.07254990869174059
1894,state_free,5,0.018235898261280158,0.07134525668796854
1895,state_free,5,0.020754685969883974,0.07677520408522673
1896,state_free,5,0.023281827232512146,0.08161286484039273
1897,state_free,5,0.021894188714538493,0.07900152486306493
1898,state_free,5,0.01433284888318324,0.06300732959142534
1899,state_free,5,0.019122622768067993,0.0733650326210217
1900,state_free,5,0.017141683879423338,0.06910141303929977
1901,state_free,5,0.02031494022313263,0.07583882048314582
1902,state_free,5,0.019523422406807128,0.07432616990426907
1903,state_free,5,0.015155197038345093,0.06453288679620883
1904,state_free,5,0.021425510162199225,0.07807017261143417
1905,state_free,5,0.02039528598554533,0.0759253273345035
1906,state_free,5,0.02028528441647707,0.0756950014171029
1907,state_free,5,0.02142157339656539,0.0780076663282477
1908,state_free,5,0.023915744587215845,0.0826780184904095
1909,state_free,5,0.020061562796704433,0.07522925822882448
1910,state_free,5,0.016799185822667907,0.06834388360373155
1911,state_free,5,0.021481060052157525,0.07813314568655708
1912,state_free,5,0.01762671263902942,0.07000740014013881
1913,state_free,5,0.01885384302160769,0.07270610373576686
1914,state_free,5,0.016660647478048164,0.06820634203461287
1915,state_free,5,0.020039184643171056,0.07520265285405361
1916,state_free,5,0.020837757349830666,0.07683661771445716
1917,state_free,5,0.023823739991048174,0.08254212162477984
1918,state_free,5,0.02013286741733908,0.07539747574914568
1919,state_free,5,0.026542996122841583,0.08778050198921504
1920,state_free,5,0.016936255400021295,0.0685765134565478
1921,state_free,5,0.02208379383661343,0.07928729161021122
1922,state_free,5,0.02004009685342829,0.07519034726762837
1923,state_free,5,0.01979974984198026,0.07461878760919408
1924,state_free,5,0.01691940648717236,0.06869434973296804
1925,state_free,5,0.017807151514860342,0.0703906262866698
1926,state_free,5,0.021144663075869395,0.07748768710717206
1927,state_free,5,0.016933385918191258,0.06868318487174922
1928,state_free,5,0.021267329030832553,0.07772832713764642
1929,state_free,5,0.022984074089965764,0.08100882430444134
1930,state_free,5,0.01575574672853237,0.06562163205790222
1931,state_free,5,0.02990902314402473,0.09575853868884704
1932,state_free,5,0.0302592186317721,0.09638596352008774
1933,state_free,5,0.036430637692523374,0.1065267742772956
1934,state_free,5,0.03164183863459651,0.09880530274482287
1935,state_free,5,0.022793833211878813,0.08059958467881055
1936,state_free,5,0.018817669433575747,0.07227182617723982
1937,state_free,5,0.021382875826106026,0.07791025419327338
1938,state_free,5,0.021149347219149642,0.07739065899251145
1939,state_free,5,0.01978548935263228,0.07447073119186835
1940,state_free,5,0.018166109544240427,0.07096113116244149
1941,state_free,5,0.01872491130594689,0.07206192848802724
1942,state_free,5,0.018166938726436627,0.07078909228028456
1943,state_free,5,0.015854101550280858,0.06624167585777126
1944,state_free,5,0.018322628166776204,0.07129488200063036
1945,state_free,5,0.014007804500515409,0.06252131987413703
1946,state_free,5,0.014915745603178812,0.0645043572352739
1947,state_free,5,0.01801870044669107,0.07048274831455437
1948,state_free,5,0.01687865723269879,0.06806957814775297
1949,state_free,5,0.01808421569368609,0.07060198197492236
1950,state_free,5,0.011588212047431027,0.05720388274927546
1951,state_free,5,0.02098610662521255,0.07715506517816215
1952,state_free,5,0.02100446859638504,0.07715559903029766
1953,state_free,5,0.018876103976041437,0.07237135627107394
1954,state_free,5,0.02211797763543919,0.07911916302417132
1955,state_free,5,0.024421301744579054,0.08373130720904344
1956,state_free,5,0.023935806845770867,0.08283113068222012
1957,state_free,5,0.020047412697535502,0.07500497419901635
1958,state_free,5,0.022798201211149473,0.08070452877240021
1959,state_free,5,0.019665287751814416,0.0741821443656136
1960,state_free,5,0.0264188911974811,0.0873248094861212
1961,state_free,5,0.01983548663128588,0.07455588775573042
1962,state_free,5,0.02747066984158408,0.08923046579930037
1963,state_free,5,0.024546949477891135,0.08379709150765093
1964,state_free,5,0.0269782498540436,0.08833350462561561
1965,state_free,5,0.025296816127956315,0.08517967114038098
1966,state_free,5,0.025132131369487963,0.0849678404786811
1967,state_free,5,0.02236388133812703,0.07980685855056795
1968,state_free,5,0.025134234921271408,0.08495868030751198
1969,state_free,5,0.025491259185717173,0.0856129748426289
1970,state_free,5,0.022827534420885115,0.08065485588937331
1971,state_free,5,0.023794772609167486,0.08238663007736827
1972,state_free,5,0.024589079087915744,0.08392535451582392
1973,state_free,5,0.026669688427450745,0.08774975198865426
1974,state_free,5,0.02477321649067708,0.08421177737401632
1975,state_free,5,0.02624533605955961,0.08694889635509483
1976,state_free,5,0.023738315948552247,0.08228216983158682
1977,state_free,5,0.020271317203580674,0.07554051178657305
1978,state_free,5,0.02448761803423046,0.0837311381135992
1979,state_free,5,0.02867507984094564,0.09149552956527587
1980,state_free,5,0.025756416403051305,0.08603148497904557
1981,state_free,5,0.027358747079801786,0.08902211565235273
1982,state_free,5,0.025596375672259204,0.08576545367890569
1983,state_free,5,0.03232207199520093,0.09790953325198645
1984,state_free,5,0.024381225371821708,0.08353145555146985
1985,state_free,5,0.029759277593188724,0.09343575924478036
1986,state_free,5,0.032152293975793424,0.09758105001383682
1987,state_free,5,0.02303166289974177,0.08105691827559273
1988,state_free,5,0.030566279378514284,0.09486499469552533
1989,state_free,5,0.027955062622386295,0.0901715130236894
1990,state_free,5,0.03250617680336647,0.09822088684354922
1991,state_free,5,0.029539204341293274,0.09309260153602401
1992,state_free,5,0.01045980176960919,0.05424398653015626
1993,state_free,5,0.010466004139835816,0.05415791696650727
1994,state_free,5,0.010349669161773269,0.054008024231691765
1995,state_free,5,0.010855441046290121,0.05560570925672847
1996,state_free,5,0.017250099754816218,0.06970771412004213
1997,state_free,5,0.018024856260217402,0.07162711331431924
1998,state_free,5,0.01711146729291346,0.06929916239338682
1999,state_free,5,0.015299381236305719,0.06540389643334797
2000,state_free,5,0.01717492712866568,0.06964681752123489
2001,state_free,5,0.015777264346661057,0.06645598905838664
2002,state_free,5,0.014082540084727976,0.06283193152483632
2003,state_free,5,0.013717414646364978,0.06215864399912145
2004,state_free,5,0.01511510938664921,0.06499486270824517
2005,state_free,5,0.016161538677051942,0.06758911080568854
2006,state_free,5,0.018448253224389304,0.07306824761254108
2007,state_free,5,0.015601590306477574,0.06619674137075349
2008,state_free,5,0.015582507140153388,0.0660625208517315
2009,state_free,5,0.01930014993152821,0.07448556234921884
2010,state_free,5,0.02221276476096318,0.08067739792549965
2011,state_free,5,0.01656203471389465,0.06835321332947275
2012,state_free,5,0.018114558021189737,0.07187734584511662
2013,state_free,5,0.023556704166429684,0.08318143704039817
2014,state_free,5,0.015925543985179317,0.06656120195131701
2015,state_free,5,0.016098142785698547,0.06740826384022094
2016,state_free,5,0.01872088213822396,0.07331766201674345
2017,state_free,5,0.018051430302570136,0.07141008700869544
2018,state_free,5,0.01708394184125849,0.06995062016723545
2019,state_free,5,0.017786080279634388,0.07120601183362288
2020,state_free,5,0.017448079415513594,0.07015741919999287
2021,state_free,5,0.017837726441477596,0.07126613483841189
2022,state_free,5,0.018544913556625922,0.07292632319872049
2023,state_free,5,0.015656455567952192,0.06622555663166525
2024,state_free,5,0.02006464651958479,0.07641625348479958
2025,state_free,5,0.024615078215650583,0.08505679975318796
2026,state_free,5,0.017101478489936966,0.06942509664448204
2027,state_free,5,0.01808605346112756,0.07197890802254711
2028,state_free,5,0.02107131116317931,0.07841754160079441
2029,state_free,5,0.023014778570869615,0.08226314760804602
2030,state_free,5,0.01949969383095134,0.0752442851720962
2031,state_free,5,0.017736271566281783,0.07100256942503455
2032,state_free,5,0.019247613680851237,0.07454475657770507
2033,state_free,5,0.020769572040583256,0.07794255929689838
2034,state_free,5,0.020619344494967634,0.07771434115328435
2035,state_free,5,0.017413539634038334,0.07049533446739006
2036,state_free,5,0.020946971990025452,0.0783333027091792
2037,state_free,5,0.022426183106368774,0.08118773951180104
2038,state_free,5,0.020897555461115654,0.07826368896363967
2039,state_free,5,0.01627417309629601,0.06796469870739259
2040,state_free,5,0.019911378164557868,0.07621507739492799
2041,state_free,5,0.019403203598608604,0.07511873543705938
2042,state_free,5,0.02128198151391691,0.07909204201813344
2043,state_free,5,0.019773346822503274,0.07606733941117641
2044,state_free,5,0.014362805653908878,0.0636065618070786
2045,state_free,5,0.019043040366960945,0.07453373950660996
2046,state_free,5,0.022855249958151972,0.08202561422082036
2047,state_free,5,0.020910001989762065,0.0783756882742227
2048,state_free,5,0.021236786000553814,0.07891511414703714
2049,state_free,5,0.023701829560229627,0.08356843504876162
2050,state_free,5,0.01703470194891832,0.06947947786916314
2051,state_free,5,0.01662246665438042,0.068756702252701
2052,state_free,5,0.021322169822764404,0.07923688618807628
2053,state_free,5,0.051651791549685716,0.12499790800135939
2054,state_free,5,0.04172006022002225,0.11139596732207944
2055,state_free,5,0.03883052988858768,0.10707201880132088
2056,state_free,5,0.04351374129863208,0.11396743211250762
2057,state_free,5,0.01716932929843022,0.07306947232816627
2058,state_free,5,0.014935604603653663,0.06732934330438974
2059,state_free,5,0.019764435518324,0.07991376139544738
2060,state_free,5,0.01853425985678079,0.07675907871284882
2061,state_free,5,0.015975373308506426,0.0700203330401868
2062,state_free,5,0.015143311321058927,0.06780697142399161
2063,state_free,5,0.016793013870197583,0.0722001414357561
2064,state_free,5,0.014986394755040117,0.07030056305607428
2065,state_free,5,0.014366949211000268,0.06602062045975485
2066,state_free,5,0.012109489771722708,0.06154392239312263
2067,state_free,5,0.01462349477057835,0.06664339085787754
2068,state_free,5,0.014476108330096911,0.06587390227618926
2069,state_free,5,0.02084267103460983,0.08254837409768358
2070,state_free,5,0.020070029370516856,0.08044254384619787
2071,state_free,5,0.020397243657324298,0.08110377355461802
2072,state_free,5,0.01908154440912712,0.07753937014940378
2073,state_free,5,0.018022389741616514,0.07496778699209072
2074,state_free,5,0.01839231030789894,0.07589131819137383
2075,state_free,5,0.01821185968887417,0.0755229380148036
2076,state_free,5,0.015873571775749443,0.06977300721916598
2077,state_free,5,0.017563382687576578,0.07415038979482357
2078,state_free,5,0.017551963272768173,0.07406286104377895
2079,state_free,5,0.015674482631623216,0.0692763164362567
2080,state_free,5,0.018586194194042498,0.07681995127052332
2081,state_free,5,0.016893226320638256,0.07244952592719568
2082,state_free,5,0.022142739317589973,0.08572549076682583
2083,state_free,5,0.01979522320570881,0.07975909147358946
2084,state_free,5,0.019934129683789124,0.08002930088190598
2085,state_free,5,0.0181726306983863,0.07566548152601746
2086,state_free,5,0.02223293744555723,0.08586284762691558
2087,state_free,5,0.0190424324232605,0.07777527020650866
2088,state_free,5,0.018543879710788257,0.07668916230405858
2089,state_free,5,0.020707085049221873,0.08229608026810523
2090,state_free,5,0.010930781459313551,0.060216029711973665
2091,state_free,5,0.020690471831919414,0.08244919532962784
2092,state_free,5,0.015858269960058645,0.06972869131732176
2093,state_free,5,0.016027083298135958,0.07013732584557494
2094,state_free,5,0.020541339967824326,0.08199337137078594
2095,state_free,5,0.017102431931524834,0.07282791894258211
2096,state_free,5,0.016354168870326785,0.07102570562947619
2097,state_free,5,0.01937652908653442,0.07872293651472559
2098,state_free,5,0.02124880352434438,0.08361882731766652
2099,state_free,5,0.01743640906157947,0.07393126091096439
2100,state_free,5,0.015218196192365637,0.06797095789334909
2101,state_free,5,0.015601467062177462,0.06904366683366922
2102,state_free,5,0.017304243843693473,0.07356144139443481
2103,state_free,5,0.021694207489199008,0.08480122305212257
2104,state_free,5,0.017621584468722452,0.07451217018613267
2105,state_free,5,0.012554221039071492,0.06253328228728958
2106,state_free,5,0.013452535241617726,0.06411070341477934
2107,state_free,5,0.020040089061118017,0.08060681800849018
2108,state_free,5,0.017392152120194376,0.07396723748428731
2109,state_free,5,0.01762074738623043,0.07467658364831929
2110,state_free,5,0.019127199388130563,0.07821133872163617
2111,state_free,5,0.01993081748595296,0.0801739157628774
2112,state_free,5,0.012760724670036938,0.06279132341562378
2113,state_free,5,0.020551278121570787,0.08185937332924759
2114,state_free,5,0.017327931643146804,0.07354616638307533
2115,state_free,5,0.017047419861297652,0.07287851924988331
2116,state_free,5,0.026819425213062374,0.09677146532161
2117,state_free,5,0.029088365151766847,0.1012625041967379
2118,state_free,5,0.03211297731312892,0.10655053113549484
2119,state_free,5,0.03462488947404546,0.11073513507550013
2120,state_free,5,0.09369670037685948,0.1714847155150406
2121,state_free,5,0.07612351437444782,0.1535317906392891
2122,state_free,5,0.09015881035948124,0.1682236579413558
2123,state_free,5,0.09955841238545064,0.17748057201058345
2124,state_free,5,0.08662742738622041,0.16497864998226652
2125,state_free,5,0.08053335981835168,0.15865455313189145
2126,state_free,5,0.0708257469340007,0.14816435110389017
2127,state_free,5,0.11006255674858434,0.18716535145291524
2128,state_free,5,0.10123557006375793,0.17932922314547808
2129,state_free,5,0.10064909714705383,0.1788113906428275
2130,state_free,5,0.05939517641385796,0.1353880255488818
2131,state_free,5,0.09132801587614703,0.16943708012044018
2132,state_free,5,0.0924196826563206,0.17071790017644495
2133,state_free,5,0.09067273808431368,0.1691437400580814
2134,state_free,5,0.07475243773319644,0.1527848131078265
2135,state_free,5,0.08815662782283398,0.16665055810025264
2136,state_free,5,0.10311553475023427,0.18114291322266785
2137,state_free,5,0.08426048401797036,0.16254345114293361
2138,state_free,5,0.1059622160299947,0.18375799802289766
2139,state_free,5,0.07990540860668116,0.15789894352512715
2140,state_free,5,0.07018399530284655,0.1473619151935236
2141,state_free,5,0.04511479054887366,0.11714767045461087
2142,state_free,5,0.06134366716319421,0.13757997341986353
2143,state_free,5,0.09899742343590727,0.1776790587844805
2144,state_free,5,0.07795892022265175,0.1562380269876126
2145,state_free,5,0.09425402161538984,0.1729780041019386
2146,state_free,5,0.09495939886715914,0.1731776669537337
2147,state_free,5,0.09680984932823894,0.17437377161829587
2148,state_free,5,0.09741904189467573,0.17554866548414672
2149,state_free,5,0.10332005742186497,0.18089178161531042
2150,state_free,5,0.09849808079977064,0.1765435122552509
2151,state_free,5,0.10088898203474289,0.17895659201550626
2152,state_free,5,0.10029999277450212,0.17834949681171047
2153,state_free,5,0.09117760132901416,0.16944458330086914
2154,state_free,5,0.09298195667567052,0.171503014657738
2155,state_free,5,0.10298900441151589,0.1809962348442012
2156,state_free,5,0.09933752780116203,0.1777311553000172
2157,state_free,5,0.09592816816880943,0.17460754465438866
2158,state_free,5,0.09819459050939568,0.17667708540551605
2159,state_free,5,0.09906279267377112,0.17745889398747972
2160,state_free,5,0.09759338119684494,0.17616089757107323
2161,state_free,5,0.10243813182383119,0.18075130961030136
2162,state_free,5,0.07368242813375929,0.15158528747369052
2163,state_free,5,0.08733927196287111,0.16614512283259347
2164,state_free,5,0.08317783769989281,0.16181182312991108
2165,state_free,5,0.06967254689052167,0.14730880517754197
2166,state_free,5,0.10071237732213256,0.17940104427379364
2167,state_free,5,0.0369436366425492,0.10519181681438745
2168,state_free,5,0.08363442662938661,0.16257039693751868
2169,state_free,5,0.07757989429178792,0.1559920343589013
2170,state_free,5,0.07671826851668762,0.15472456260359413
2171,state_free,5,0.09025721450134604,0.16943003490954286
2172,state_free,5,0.09590483677782649,0.17419862357348015
2173,state_free,5,0.08041312443154404,0.15855024020389927
2174,state_free,5,0.09639729786817872,0.17493145099640708
2175,state_free,5,0.08337851627402151,0.16155937964801179
2176,state_free,5,0.09191874469106488,0.170405056847456
2177,state_free,5,0.08875377567978456,0.16741314066152338
2178,state_free,5,0.08390308061108855,0.16217288662934876
2179,state_free,5,0.08525169577211175,0.1637990788478597
2180,state_free,5,0.09193078753189796,0.17058728530686051
2181,state_free,5,0.08769248352080204,0.16636995552176553
2182,state_free,5,0.05709912967320867,0.13294843954624436
2183,state_free,5,0.07381437511870372,0.15180462762708502
2184,state_free,5,0.06374518899254113,0.14076773836582201
2185,state_free,5,0.09792068487631912,0.17585864923633368
2186,state_free,5,0.04223372615395963,0.11603454008221555
2187,state_free,5,0.04346552060834504,0.11791007194594025
2188,state_free,5,0.05200804388237659,0.1298356754335215
2189,state_free,5,0.0430293870592612,0.11738159433283003
2190,state_free,5,0.07111138581248133,0.1536682502065828
2191,state_free,5,0.04455743435448979,0.11946536282079732
2192,state_free,5,0.05030002218494679,0.12753963571043697
2193,state_free,5,0.05253717973646054,0.13059366698100366
2194,state_free,5,0.052555882468392975,0.13093290920955952
2195,state_free,5,0.05061603084944247,0.12821291982344804
2196,state_free,5,0.04110818503702637,0.1145671170714077
2197,state_free,5,0.04850599682769494,0.12538902770641372
2198,state_free,5,0.045061545710361785,0.12036020716551823
2199,state_free,5,0.052061396365067514,0.13034911602482888
2200,state_free,5,0.039642737163121,0.11223524573174697
2201,state_free,5,0.05705705519143041,0.13679749186936793
2202,state_free,5,0.040311251713108585,0.11330197638628044
2203,state_free,5,0.05180563744979812,0.12994866278110614
2204,state_free,5,0.03908629380383803,0.11134490172873955
2205,state_free,5,0.04992105664669886,0.12736904195732598
2206,state_free,5,0.036248089595972234,0.10704321404092355
2207,state_free,5,0.05180193176563148,0.12994863131617143
2208,state_free,5,0.14182671935780858,0.21752258612496259
2209,state_free,5,0.025359010659460928,0.08804055199304872
2210,state_free,5,0.053038437194283375,0.13131706223434914
2211,state_free,5,0.06074523564297477,0.14121924398757044
2212,state_free,5,0.06624895159593959,0.14810761972493933
2213,state_free,5,0.05094396841186374,0.12893301957924092
2214,state_free,5,0.05244089575675875,0.13103419124401763
2215,state_free,5,0.06080741598802984,0.1417947936045098
2216,state_free,5,0.05217341756034862,0.13064610509879304
2217,state_free,5,0.047380263840817796,0.12401174075479027
2218,state_free,5,0.04435193022265319,0.11959464559239376
2219,state_free,5,0.06496190847362228,0.1469447866798693
2220,state_free,5,0.06518007720782477,0.14713718253973465
2221,state_free,5,0.059141182796273964,0.13968472489003264
2222,state_free,5,0.055483375214950385,0.13491162910119653
2223,state_free,5,0.057235004920653844,0.13736087455432075
2224,state_free,5,0.05744119548716305,0.13768419558848138
2225,state_free,5,0.043202148522520856,0.1181138330801098
2226,state_free,5,0.04985373050450929,0.12772915000924992
2227,state_free,5,0.04834242995851145,0.12565672971024244
2228,state_free,5,0.06003642613883624,0.14101697840036917
2229,state_free,5,0.06002622846052673,0.14088889962970796
2230,state_free,5,0.0435174015972087,0.11839024545154012
2231,state_free,5,0.04876055600596136,0.12608522006841663
2232,state_free,5,0.05418997277147301,0.13359169220039063
2233,state_free,5,0.047069440982397834,0.12375921779879279
2234,state_free,5,0.04397818323568042,0.119128156360195
2235,state_free,5,0.04796126232257575,0.12502371137483723
2236,state_free,5,0.04584993334701476,0.12188464248017122
2237,state_free,5,0.02728132266370254,0.09142489249326975
2238,state_free,5,0.05159730525875207,0.13007370966986012
2239,state_free,5,0.045025128759737944,0.12095117102417964
2240,state_free,5,0.05110831155401038,0.1292063541751592
2241,state_free,5,0.06555080112295213,0.14721212747677212
2242,state_free,5,0.05744140924765172,0.137345767864269
2243,state_free,5,0.04694929011488202,0.1233049440934814
2244,state_free,5,0.04699377203992389,0.12326379670748289
2245,state_free,5,0.019587207048050864,0.0777840011647484
2246,state_free,5,0.017988472240792933,0.07430599609465545
2247,state_free,5,0.021460446464227702,0.08103279419266685
2248,state_free,5,0.015925706866041098,0.06951852760711051
2249,state_free,5,0.05015609635899388,0.1271569363979681
2250,state_free,5,0.044562623627023366,0.11973521876755623
2251,state_free,5,0.03849647812186089,0.11074419426177973
2252,state_free,5,0.051169239465999536,0.12845841259205246
2253,state_free,5,0.05136340721495991,0.12887293314141243
2254,state_free,5,0.052357965372299045,0.13001403793176022
2255,state_free,5,0.04705946812325692,0.12319052936194835
2256,state_free,5,0.058527631922507165,0.13759816303764755
2257,state_free,5,0.05819694867086344,0.1371800303012403
2258,state_free,5,0.05142837599382266,0.12915210151008685
2259,state_free,5,0.055442781488006826,0.13409033791712932
2260,state_free,5,0.04941443663036573,0.1267048574979921
2261,state_free,5,0.0523913342513235,0.1305097272371877
2262,state_free,5,0.05089993504849758,0.12841000179924383
2263,state_free,5,0.04866978325226552,0.12580691219301193
2264,state_free,5,0.050560242664702354,0.12802304034015552
2265,state_free,5,0.04747402163830245,0.1241883721903226
2266,state_free,5,0.046327239912655006,0.12273442292297668
2267,state_free,5,0.05066004940239076,0.12824117773044288
2268,state_free,5,0.05541437586673177,0.13450137868067308
2269,state_free,5,0.06398618491609316,0.14517928964305932
2270,state_free,5,0.04910442555697055,0.12623566549873133
2271,state_free,5,0.040455479289858993,0.1145022475747634
2272,state_free,5,0.0597511845805351,0.14002851907900155
2273,state_free,5,0.05441879313843047,0.1334175387020305
2274,state_free,5,0.048737206679207945,0.12601501075900393
2275,state_free,5,0.04815300904859414,0.12526007698155714
2276,state_free,5,0.06034415477767807,0.1408488669954046
2277,state_free,5,0.04922053015493638,0.1265114718874598
2278,state_free,5,0.02681061193367542,0.09259547138883653
2279,state_free,5,0.037974639707765954,0.11103410851363113
2280,state_free,5,0.039294582172074544,0.11309193182945815
2281,state_free,5,0.03448269108335511,0.1054906406823415
2282,state_free,5,0.04066670553731721,0.1149518032416704
2283,state_free,5,0.0439683758984213,0.11942495457603022
2284,state_free,5,0.05591204070960353,0.13523393176404583
2285,state_free,5,0.03726540515640941,0.10937972034739511
2286,state_free,5,0.027343725845356374,0.09309216841095458
2287,state_free,5,0.04614767175889315,0.12236702242518496
2288,state_free,5,0.035222137296207025,0.10655116244646304
2289,state_free,5,0.026940128949863616,0.0928721769501929
2290,state_free,5,0.019877278592324677,0.07706946067038602
2291,state_free,5,0.030427153342870453,0.09873115563479405
2292,state_free,5,0.03176286671085183,0.10073019442220883
2293,state_free,5,0.02898143653242842,0.09603019516139975
2294,state_free,5,0.050913143402850185,0.1280631299615206
2295,state_free,5,0.0441398267192061,0.11892483184511912
2296,state_free,5,0.04433321381520598,0.11915310022578841
2297,state_free,5,0.05280154336766093,0.13027817255825977
2298,state_free,5,0.0501194586510879,0.12701607418817928
2299,state_free,5,0.04644555056235501,0.12218511620690956
2300,state_free,5,0.06262977827889112,0.14235627376282384
2301,state_free,5,0.05653794656009354,0.135217685530891
2302,state_free,5,0.04517492342649572,0.12057802095571092
2303,state_free,5,0.04188440693053834,0.11580580581935349
2304,state_free,5,0.036489667345364137,0.10811344467220046
2305,state_free,5,0.046710026080328884,0.12299052588318236
2306,state_free,5,0.05040704220531855,0.127113939318554
2307,state_free,5,0.060207367360936855,0.13974385168579503
2308,state_free,5,0.025313413399059032,0.08763302240496412
2309,state_free,5,0.027135079879856347,0.0929107646632267
2310,state_free,5,0.03727349115891864,0.10987340293181526
2311,state_free,5,0.03938311001052277,0.1128582643889314
2312,state_free,5,0.07509018218952968,0.15867565864669392
2313,state_free,5,0.023877483344106464,0.08533498225733635
2314,state_free,5,0.07066868577674361,0.15202106665773304
2315,state_free,5,0.04469086174739766,0.11966977737141092
2316,state_free,5,0.054704434386843755,0.13292006894466726
2317,state_free,5,0.03535020906063455,0.10653522422879261
2318,state_free,5,0.0576716885015031,0.13707074225794508
2319,state_free,5,0.03719964420431023,0.10949258519912683
2320,state_free,5,0.0621321876290683,0.14313778742866906
2321,state_free,5,0.058926596119908525,0.13913117786150203
2322,state_free,5,0.06212737475289929,0.14271807629170458
2323,state_free,5,0.04773697033004243,0.1245407684687232
2324,state_free,5,0.0551998181600143,0.13414714420284304
2325,state_free,5,0.05628386667909528,0.13571700039547507
2326,state_free,5,0.0576074130070515,0.13739495622
2327,state_free,5,0.06672265217401227,0.14894533408855276
2328,state_free,5,0.05347412233762988,0.13240472999259656
2329,state_free,5,0.04522333437883447,0.12107187808929606
2330,state_free,5,0.0522526239191351,0.1308100183788777
2331,state_free,5,0.06561673027505865,0.14736193155530766
2332,state_free,5,0.05209372905952567,0.13074582028516207
2333,state_free,5,0.07036076574406458,0.15334209457680575
2334,state_free,5,0.062312744155458594,0.14370730101624019
2335,state_free,5,0.06473064604744798,0.14642274744481376
2336,state_free,5,0.060080956233964145,0.14110840351885412
2337,state_free,5,0.058987241495062924,0.13936394797626148
2338,state_free,5,0.04640084820107587,0.1231383242142486
2339,state_free,5,0.05588129970600831,0.13583925428012872
2340,state_free,5,0.042375834976842254,0.11730396374748875
2341,state_free,5,0.05031765398177605,0.1285792726612828
2342,state_free,5,0.05001278864612155,0.12815901737194493
2343,state_free,5,0.0654458770445248,0.14788396667970774
2344,state_free,5,0.04800231162247452,0.12549269148737355
2345,state_free,5,0.05769633222681185,0.13826215045621543
2346,state_free,5,0.050908825884183086,0.12930532494259897
2347,state_free,5,0.0587615416238751,0.13939013729423422
2348,state_free,5,0.05668583339678609,0.13727246841982646
2349,state_free,5,0.05015121808519163,0.12833774512947582
2350,state_free,5,0.0464154112663659,0.12328672950855334
2351,state_free,5,0.06363501242703205,0.14577118899391572
2352,state_free,5,0.05651413254200099,0.13681720799302285
2353,state_free,5,0.057481407725642246,0.1383520117753672
2354,state_free,5,0.05270428602464615,0.13181425339378655
2355,state_free,5,0.05739634716119583,0.1377512462224948
2356,state_free,5,0.0464299837071234,0.12329957967886272
2357,state_free,5,0.06918711893012197,0.15222757899095934
2358,state_free,5,0.052301651903056946,0.13135682000112778
2359,state_free,5,0.06640203975157725,0.14913761772267262
2360,state_free,5,0.053848329414294696,0.13359948042944786
2361,state_free,5,0.06934766180704473,0.15225625439802298
2362,state_free,5,0.06492703858720489,0.14749186877447493
0,state_cond,10,0.012629122027635373,0.06408007533524959
1,state_cond,10,0.032571892701566595,0.10663687579823235
2,state_cond,10,0.021378005270903604,0.08488217539126304
3,state_cond,10,0.02411221807329756,0.09050579745754127
4,state_cond,10,0.03168188748196841,0.1051521472348563
5,state_cond,10,0.0669494943865654,0.1551787604467132
6,state_cond,10,0.05601752432585924,0.14130315833013096
7,state_cond,10,0.023029407272490754,0.08834735056651401
8,state_cond,10,0.04348971794782539,0.12426868265511326
9,state_cond,10,0.07156279084228445,0.16019382743259977
10,state_cond,10,0.05274734217083869,0.13715221052443724
11,state_cond,10,0.047490134671165744,0.13001465295799716
12,state_cond,10,0.16168271007689472,0.23562606975954736
13,state_cond,10,0.027523946280077823,0.09690199054653559
14,state_cond,10,0.029121254678602455,0.10028609687025412
15,state_cond,10,0.03161224521905707,0.10486665216380782
16,state_cond,10,0.04236279252735846,0.12256204930513666
17,state_cond,10,0.025945849101351826,0.0942408327438246
18,state_cond,10,0.01602040719875983,0.0729656551145557
19,state_cond,10,0.11444168634140607,0.20126006818017875
20,state_cond,10,0.04909726204867628,0.13213268322749402
21,state_cond,10,0.012686272242519355,0.06427711715802835
22,state_cond,10,0.027692919377878024,0.0975690163638883
23,state_cond,10,0.04903587151980559,0.13232478109369766
24,state_cond,10,0.012929858227537595,0.06480134681253644
25,state_cond,10,0.025942626901781726,0.094221402476148
26,state_cond,10,0.018524978916464,0.07879403072335318
27,state_cond,10,0.023459388473416838,0.08927309064088063
28,state_cond,10,0.014461520876829736,0.06913882096319374
29,state_cond,10,0.02750476444723598,0.09750721031897419
30,state_cond,10,0.010417481887144212,0.05755787637448375
31,state_cond,10,0.03291758142343265,0.10735081317108017
32,state_cond,10,0.018271313362686958,0.07821441190806497
33,state_cond,10,0.013563708032213278,0.06680090134581325
34,state_cond,10,0.008052926566052205,0.05062445011223346
35,state_cond,10,0.021118883045407905,0.08439999288235764
36,state_cond,10,0.023830200414023475,0.09004039948621556
37,state_cond,10,0.02352999095096576,0.08940595183298558
38,state_cond,10,0.009188411338239295,0.053883380506444624
39,state_cond,10,0.009918411277459897,0.05601955191272115
40,state_cond,10,0.009942087892218841,0.056094069293793576
41,state_cond,10,0.012112634868950804,0.06277483338975023
42,state_cond,10,0.006717943444274466,0.0463728094297095
43,state_cond,10,0.01484615448825158,0.07014983471660885
44,state_cond,10,0.005406318000265605,0.041635585521004694
45,state_cond,10,0.014219059434060998,0.06854585845100304
46,state_cond,10,0.007944623217508572,0.050315864660452764
47,state_cond,10,0.01199842512062589,0.06243419840242939
48,state_cond,10,0.015767914495853935,0.07243807589187008
49,state_cond,10,0.005653843630027582,0.04258359466602684
50,state_cond,10,0.035499335718210887,0.11194505662216873
51,state_cond,10,0.0040180623110908425,0.03532573433675334
52,state_cond,10,0.006358938156593053,0.04499716893765004
53,state_cond,10,0.004390052521253659,0.037049709299512186
54,state_cond,10,0.021621874174296913,0.08560207117355431
55,state_cond,10,0.011305443537074885,0.06048765480883643
56,state_cond,10,0.01483729121908242,0.07023833956987278
57,state_cond,10,0.003607090909478737,0.033416202171643476
58,state_cond,10,0.004649637666655982,0.038299533734738066
59,state_cond,10,0.003091823623778467,0.032392092596685636
60,state_cond,10,0.007044594858959857,0.047196661597900945
61,state_cond,10,0.003093827917976269,0.03249452584139425
62,state_cond,10,0.0033438601843018994,0.032490285033296123
63,state_cond,10,0.0031052829054799835,0.03269208864796053
64,state_cond,10,0.0037086322188185543,0.0338547794489571
65,state_cond,10,0.004180861145672999,0.036094500608019164
66,state_cond,10,0.006420644955639014,0.04511670807413888
67,state_cond,10,0.0038985437498950857,0.035642401248039635
68,state_cond,10,0.014652397046665272,0.06979590256873214
69,state_cond,10,0.009859996691586704,0.056078977786898423
70,state_cond,10,0.004167280091590112,0.036018312497459806
71,state_cond,10,0.0033875874514177296,0.03354862631156069
72,state_cond,10,0.0032796970961781876,0.03236676044841522
73,state_cond,10,0.003787038560840327,0.03516656584761963
74,state_cond,10,0.0031440334704911877,0.032366970424038674
75,state_cond,10,0.003095082335341344,0.03247263824990214
76,state_cond,10,0.006159289192455596,0.04417400974909482
77,state_cond,10,0.003457195658194496,0.03380196145598456
78,state_cond,10,0.0034938033235002437,0.03327547031839643
79,state_cond,10,0.00666151136477468,0.04591371702837628
80,state_cond,10,0.0030997578517681463,0.032646338353682296
81,state_cond,10,0.0033918655361380085,0.03348683118431988
82,state_cond,10,0.0034984477901171714,0.03402054481369928
83,state_cond,10,0.00366623427282447,0.03372284025425801
84,state_cond,10,0.0030911188461339783,0.03242235143076759
85,state_cond,10,0.003785564319330085,0.035103223490227146
86,state_cond,10,0.00406223535510952,0.035469464865307755
87,state_cond,10,0.0030855127161917226,0.03245487493141663
88,state_cond,10,0.0033761078658924304,0.03344087575914615
89,state_cond,10,0.014388434175675105,0.06912128826834253
90,state_cond,10,0.003360548705382661,0.03345816241590802
91,state_cond,10,0.003194571077699376,0.03294109956191002
92,state_cond,10,0.004058587091857505,0.036256674968316346
93,state_cond,10,0.0030918010622874893,0.03238477600382076
94,state_cond,10,0.007208483769975936,0.04770594256005574
95,state_cond,10,0.004077637577734828,0.03556222345276787
96,state_cond,10,0.011919514183467433,0.06237618512776347
97,state_cond,10,0.0041556780051438605,0.03594949872777043
98,state_cond,10,0.003457999274563232,0.03288669061014635
99,state_cond,10,0.0034149556821071016,0.03273636051242486
100,state_cond,10,0.003151931777611001,0.03285744137335208
101,state_cond,10,0.004153414827517956,0.03670498601269284
102,state_cond,10,0.003157835884897771,0.0323388166142891
103,state_cond,10,0.0034200340336575665,0.03375672731004259
104,state_cond,10,0.12960726823350383,0.21485496301974494
105,state_cond,10,0.07076477691442037,0.1604021182041599
106,state_cond,10,0.007075630935147313,0.04743320365853585
107,state_cond,10,0.003138391306025189,0.03238683398928142
108,state_cond,10,0.004289411084311746,0.03654936852316166
109,state_cond,10,0.005202065332954241,0.04060767664343122
110,state_cond,10,0.026679032298741797,0.09656429715161384
111,state_cond,10,0.004400343531545542,0.03708262125106858
112,state_cond,10,0.003185595571790675,0.032962170141996004
113,state_cond,10,0.19575110555510045,0.2425913627892168
114,state_cond,10,0.19843985257531732,0.24391752187944402
115,state_cond,10,0.1944448070132426,0.24191675722129785
116,state_cond,10,0.15589056898949036,0.22024806670163583
117,state_cond,10,0.12700248022563573,0.20136852918121975
118,state_cond,10,0.16841739911112152,0.22766728430401048
119,state_cond,10,0.19996527583158277,0.24464351098222775
120,state_cond,10,0.2108507832260441,0.25013044189350214
121,state_cond,10,0.21166237473035562,0.2505496414804154
122,state_cond,10,0.20627065113695658,0.24781696792840627
123,state_cond,10,0.23127507346249232,0.25987581009823035
124,state_cond,10,0.21720544185143736,0.2532111991795381
125,state_cond,10,0.2303481794536668,0.2594388995278734
126,state_cond,10,0.20861373721536647,0.24900767693743392
127,state_cond,10,0.20655619432169048,0.24795583714477393
128,state_cond,10,0.192002692707909,0.24054172028366194
129,state_cond,10,0.20018758172074239,0.24474229653048335
130,state_cond,10,0.1882075109246995,0.2385492739837844
131,state_cond,10,0.22284491862832678,0.2559768945653213
132,state_cond,10,0.21021779100323998,0.24980376739617025
133,state_cond,10,0.1981106779705167,0.24380623285189781
134,state_cond,10,0.19766897926242513,0.24347519524114644
135,state_cond,10,0.20201604781640614,0.24567696667230826
136,state_cond,10,0.1834367659744731,0.2359797483760066
137,state_cond,10,0.21878553123843728,0.2539985134071706
138,state_cond,10,0.2203742940147496,0.25473674482629555
139,state_cond,10,0.23213978634272966,0.26027474751497615
140,state_cond,10,0.21347953018246937,0.2514084110513762
141,state_cond,10,0.21016067392840831,0.24978256870728233
142,state_cond,10,0.21961911400734122,0.2543861825661719
143,state_cond,10,0.21797942200518391,0.2535884677788979
144,state_cond,10,0.21987632454890543,0.25449856964426265
145,state_cond,10,0.22162349417789212,0.2553300543650332
146,state_cond,10,0.22093768846992648,0.25501889151635143
147,state_cond,10,0.22147062294052466,0.2552689439784838
148,state_cond,10,0.19983198240756683,0.24457673486047565
149,state_cond,10,0.21253349831800275,0.2509789827977485
150,state_cond,10,0.21253665367317925,0.25096890627868884
151,state_cond,10,0.19764374011701683,0.24343777596693075
152,state_cond,10,0.20457169529501215,0.24698346851192576
153,state_cond,10,0.1807000789560414,0.2345069781272126
154,state_cond,10,0.21027750493455347,0.2498089719177125
155,state_cond,10,0.20805794369243713,0.24872621923128352
156,state_cond,10,0.1474677687495519,0.2149147104570674
157,state_cond,10,0.19286772017790413,0.2410159669928395
158,state_cond,10,0.15373657560907447,0.2188389631250406
159,state_cond,10,0.2009540843942292,0.2451221951284768
160,state_cond,10,0.21084051145137078,0.25010997526418427
161,state_cond,10,0.10889500013752092,0.18769809852925123
162,state_cond,10,0.2050182245935555,0.2472165489334588
163,state_cond,10,0.21904683760457425,0.25412407015233063
164,state_cond,10,0.20150807165528628,0.24543815327937657
165,state_cond,10,0.21300845809436134,0.2511983978575688
166,state_cond,10,0.18743920718114754,0.2381360640265869
167,state_cond,10,0.13411337640712362,0.20607626920213085
168,state_cond,10,0.20861670161032003,0.249035931088993
169,state_cond,10,0.2168106077201955,0.2530468134173141
170,state_cond,10,0.13841352384041564,0.20898570136649375
171,state_cond,10,0.17812218008432282,0.23314859986631892
172,state_cond,10,0.18838136054286972,0.23863758398620213
173,state_cond,10,0.18384758981727364,0.23623206696267324
174,state_cond,10,0.21201407574220132,0.25074271415068816
175,state_cond,10,0.1834359921006882,0.23600112721916466
176,state_cond,10,0.17885724751098908,0.23349881126822308
177,state_cond,10,0.13403668470922733,0.2068154013433978
178,state_cond,10,0.10199229237773921,0.18287945822746232
179,state_cond,10,0.12440429643892353,0.20005480008905907
180,state_cond,10,0.08957058886042098,0.17238245545006275
181,state_cond,10,0.06401652789330411,0.14737099600620698
182,state_cond,10,0.10465860084744832,0.18504817254742764
183,state_cond,10,0.13927993561230528,0.21032940150921617
184,state_cond,10,0.13759414732409878,0.20921216333953613
185,state_cond,10,0.1153504788117845,0.1934016025394132
186,state_cond,10,0.1322645537009104,0.20557170097201227
187,state_cond,10,0.14714165279985209,0.21539249876756214
188,state_cond,10,0.1401014939651183,0.21081874030266776
189,state_cond,10,0.14978866398852284,0.21705567808088333
190,state_cond,10,0.12223836717372107,0.19848083959673526
191,state_cond,10,0.12458944710409849,0.20016785504626242
192,state_cond,10,0.12218735907237864,0.19845208241718232
193,state_cond,10,0.10511783090078558,0.1854011674321111
194,state_cond,10,0.11880772789448686,0.19596030461288294
195,state_cond,10,0.1288368408218141,0.20317522073355965
196,state_cond,10,0.10296160988448057,0.18364882913105265
197,state_cond,10,0.13897132453103828,0.21016606952499034
198,state_cond,10,0.09699607357716522,0.17876782458062138
199,state_cond,10,0.01198611104862218,0.06380063644435953
200,state_cond,10,0.0056850026989155806,0.042610607864873
201,state_cond,10,0.05081687643145893,0.13208500726379238
202,state_cond,10,0.01872812705923047,0.08030445357826359
203,state_cond,10,0.042663745171141354,0.12135922974147607
204,state_cond,10,0.02532934352017786,0.09336323651511401
205,state_cond,10,0.08720574790345846,0.1703159081257425
206,state_cond,10,0.07219727450581254,0.15595985624588338
207,state_cond,10,0.1207644898743275,0.19742955796870737
208,state_cond,10,0.10992190636821139,0.1892425074657948
209,state_cond,10,0.11269292462775761,0.19137822357186818
210,state_cond,10,0.14396228020959015,0.2133345448470166
211,state_cond,10,0.10006072989452972,0.18124593414690618
212,state_cond,10,0.11462364618149298,0.19285987535410037
213,state_cond,10,0.0719313903018209,0.15576428989746932
214,state_cond,10,0.08493986941209385,0.16830473111671834
215,state_cond,10,0.08871585169566512,0.1715867390268754
216,state_cond,10,0.10950289795317614,0.1889560380679097
217,state_cond,10,0.10111121782202623,0.18215959555524383
218,state_cond,10,0.08783317412157272,0.17083198579773182
219,state_cond,10,0.09049841931820116,0.17321955081039195
220,state_cond,10,0.1105808610237959,0.18973230978836392
221,state_cond,10,0.09408801980569188,0.17619900490308618
222,state_cond,10,0.09720454698136577,0.17887695805217033
223,state_cond,10,0.06905464270538102,0.15269738519372322
224,state_cond,10,0.10328229431042854,0.1839556061336156
225,state_cond,10,0.05315852406185998,0.13483205640856646
226,state_cond,10,0.08095226625141443,0.16451520068446965
227,state_cond,10,0.12203139806795228,0.19835529062686946
228,state_cond,10,0.12330537868933727,0.19924064957602697
229,state_cond,10,0.11097973169439473,0.19002609382087934
230,state_cond,10,0.12650180191845103,0.20152203554128145
231,state_cond,10,0.1447864327775388,0.21384907244881268
232,state_cond,10,0.12030848876259637,0.19701877012137442
233,state_cond,10,0.09586811437034791,0.17771304702017518
234,state_cond,10,0.11786055119456505,0.19525669486161307
235,state_cond,10,0.09345843956702754,0.17575523328724255
236,state_cond,10,0.10069504824350005,0.18176600896752151
237,state_cond,10,0.09593515146601313,0.17775338538634775
238,state_cond,10,0.11721853982936213,0.19476697205113294
239,state_cond,10,0.13752801593188296,0.20821369354193048
240,state_cond,10,0.13586533083028549,0.2071039994191408
241,state_cond,10,0.14089971111657584,0.2104575601112923
242,state_cond,10,0.082851713392696,0.16536566681926465
243,state_cond,10,0.0729363524534498,0.15585106577334049
244,state_cond,10,0.015746366560224878,0.07241252200436774
245,state_cond,10,0.10394814425365605,0.18356876689517457
246,state_cond,10,0.10853913385370882,0.18717728493020983
247,state_cond,10,0.11890933768489967,0.19513769238631398
248,state_cond,10,0.14448270596473464,0.21282336958550588
249,state_cond,10,0.14837630559263623,0.21533779968733444
250,state_cond,10,0.14236580416370015,0.21148891068661277
251,state_cond,10,0.13845778505765197,0.2088952758153252
252,state_cond,10,0.1442003111122876,0.21263760723386882
253,state_cond,10,0.1170657369183705,0.1937582148621147
254,state_cond,10,0.09784518015830218,0.178549077671865
255,state_cond,10,0.13222774752641653,0.20467730823711877
256,state_cond,10,0.14090143262121102,0.21047236672108754
257,state_cond,10,0.16066859841759726,0.22292186207472836
258,state_cond,10,0.13796182975771745,0.2085221870492471
259,state_cond,10,0.15693652024226054,0.22060197207398397
260,state_cond,10,0.11912484251575549,0.19529658581544143
261,state_cond,10,0.1582396313942444,0.22143127091632658
262,state_cond,10,0.1459702295155966,0.21376222617388643
263,state_cond,10,0.1324820349923557,0.20486751206278006
264,state_cond,10,0.14205734784870774,0.21127827693969747
265,state_cond,10,0.13839135857479687,0.20885028175281722
266,state_cond,10,0.1175714734419944,0.1941570241810478
267,state_cond,10,0.12170709820368529,0.197200031794794
268,state_cond,10,0.1499775379780878,0.21632609595903488
269,state_cond,10,0.14805457000134423,0.21508722499919944
270,state_cond,10,0.15222507763034127,0.21770147345684548
271,state_cond,10,0.11566727087566522,0.19269862550597674
272,state_cond,10,0.1468201478760112,0.21430563078254775
273,state_cond,10,0.13492142126475012,0.20649350159406138
274,state_cond,10,0.13407633216219808,0.2060031728641401
275,state_cond,10,0.09715332670202165,0.1779413765691574
276,state_cond,10,0.1557141610741534,0.21986707287387666
277,state_cond,10,0.11799085121846896,0.19443331931749186
278,state_cond,10,0.14508231012404402,0.21317384062427303
279,state_cond,10,0.11850412068668857,0.19483978081671266
280,state_cond,10,0.1461327007038851,0.21386876648418895
281,state_cond,10,0.13404712838579436,0.20587908580194364
282,state_cond,10,0.15878570280629994,0.221711471991765
283,state_cond,10,0.15725645597295645,0.2207919608305014
284,state_cond,10,0.12476004280210129,0.19942727404084568
285,state_cond,10,0.1268274812569491,0.20089159774998058
286,state_cond,10,0.07723271959717166,0.16005761456974263
287,state_cond,10,0.11420812317591408,0.19161749620091637
288,state_cond,10,0.013647141089544436,0.06722980775006183
289,state_cond,10,0.09474224895727158,0.17603439393322934
290,state_cond,10,0.11987127475490715,0.1958753838778843
291,state_cond,10,0.12093661128726485,0.19665950084123587
292,state_cond,10,0.11883975493993446,0.19511936343859357
293,state_cond,10,0.14690906545555177,0.2144207364452296
294,state_cond,10,0.14593587245207093,0.2137490379969716
295,state_cond,10,0.15955267052814906,0.22221339802145626
296,state_cond,10,0.09692001926082366,0.17778400532735125
297,state_cond,10,0.09900842834578817,0.17957098963912108
298,state_cond,10,0.1306365550034585,0.20355995061457696
299,state_cond,10,0.09651474610045886,0.17744590684807884
300,state_cond,10,0.1399338237119742,0.20985648429286913
301,state_cond,10,0.13390519418492977,0.2057960143099544
302,state_cond,10,0.04468810221350681,0.1232452438845616
303,state_cond,10,0.047150336997220314,0.1265377508339452
304,state_cond,10,0.04513726245784135,0.12385429353261816
305,state_cond,10,0.00715336585659911,0.04764721691205624
306,state_cond,10,0.05618177935649158,0.13778429758571095
307,state_cond,10,0.041942345826687814,0.11944372865396465
308,state_cond,10,0.032995290012523285,0.1059301422893757
309,state_cond,10,0.06335950347894494,0.14585327304439258
310,state_cond,10,0.02443549700857118,0.090986419395813
311,state_cond,10,0.05707297479068708,0.13892193479342044
312,state_cond,10,0.0515796455821628,0.13222247706542248
313,state_cond,10,0.06039767623714844,0.14255506567759021
314,state_cond,10,0.044227866302214015,0.12261193296129859
315,state_cond,10,0.05520044274625349,0.13653620720524562
316,state_cond,10,0.04974823921415163,0.12989701223900452
317,state_cond,10,0.04517770374801454,0.1239115135287859
318,state_cond,10,0.07045021816080531,0.15338860203529328
319,state_cond,10,0.064819359378054,0.14738629490947774
320,state_cond,10,0.068063695565345,0.15086603973323798
321,state_cond,10,0.07558892659727608,0.15855938526716792
322,state_cond,10,0.06014412553744823,0.1422541448539392
323,state_cond,10,0.08325353421741707,0.1659195206916332
324,state_cond,10,0.05921035642712111,0.14120448486831655
325,state_cond,10,0.06662072240715747,0.14932316377472507
326,state_cond,10,0.07722205298601587,0.16017432437571352
327,state_cond,10,0.07189094324851915,0.15485252352899018
328,state_cond,10,0.0036078449944266394,0.03306266313331822
329,state_cond,10,0.024824298996023123,0.09178388494165646
330,state_cond,10,0.06974497197743554,0.15268724578129164
331,state_cond,10,0.06285386918851969,0.145272045550517
332,state_cond,10,0.08018473508005326,0.16306784503844288
333,state_cond,10,0.06900772732815436,0.15186264677379982
334,state_cond,10,0.056700005472036547,0.1383146237787886
335,state_cond,10,0.07648383197547856,0.1594371168788638
336,state_cond,10,0.03948218471403272,0.11590009600299941
337,state_cond,10,0.006781763623751546,0.04622358698246119
338,state_cond,10,0.059881845225740506,0.14203482100763987
339,state_cond,10,0.04747256592661288,0.1269694277237188
340,state_cond,10,0.0768702987179541,0.15983354624496368
341,state_cond,10,0.06546072391353068,0.14810988133431158
342,state_cond,10,0.07294850899849296,0.15597723444665038
343,state_cond,10,0.06061988825034759,0.14285417134283274
344,state_cond,10,0.07034779047835119,0.15336027170212885
345,state_cond,10,0.051814945725746395,0.13246693750255495
346,state_cond,10,0.06629241339476932,0.14898630096875165
347,state_cond,10,0.04735531863173285,0.12680704603262472
348,state_cond,10,0.05360221580248967,0.13462550600559833
349,state_cond,10,0.04236212503932978,0.12006094150801914
350,state_cond,10,0.07864095106957399,0.16161543175640813
351,state_cond,10,0.05915099433716024,0.14110454767452302
352,state_cond,10,0.06427656898574226,0.14677856008899312
353,state_cond,10,0.06177716959368883,0.14406966955427933
354,state_cond,10,0.04081660220432914,0.1178849757631806
355,state_cond,10,0.07552683994679378,0.1585143816527073
356,state_cond,10,0.06400611209667066,0.14654667313670577
357,state_cond,10,0.07105288154748307,0.15406523101278882
358,state_cond,10,0.03472361915495247,0.108795498566014
359,state_cond,10,0.05092229640374981,0.13135340377023336
360,state_cond,10,0.08062608404120945,0.16346819641779464
361,state_cond,10,0.05780905457478819,0.1396165145723825
362,state_cond,10,0.04349126114812189,0.12159487885529427
363,state_cond,10,0.1622757579387328,0.22420641255148305
364,state_cond,10,0.13571334365193238,0.2073995488792812
365,state_cond,10,0.1450925656559939,0.2135852639475542
366,state_cond,10,0.14370397990103279,0.21269514896116887
367,state_cond,10,0.1641420013484724,0.22531648452565017
368,state_cond,10,0.09399917241719309,0.1756247656042321
369,state_cond,10,0.12849681393439444,0.20244646310209086
370,state_cond,10,0.13976502326505896,0.2101277576096171
371,state_cond,10,0.16321123937865442,0.22475810704112462
372,state_cond,10,0.1597008568238224,0.22264778770317997
373,state_cond,10,0.1760300751490436,0.2320998369253575
374,state_cond,10,0.17115074014335083,0.22938472313450653
375,state_cond,10,0.14610374309489052,0.21420761588500725
376,state_cond,10,0.15426277946089414,0.2193414494437588
377,state_cond,10,0.16990255126698067,0.22861469838678106
378,state_cond,10,0.17522645269328024,0.23164751125751668
379,state_cond,10,0.18509710592487724,0.23706983742102966
380,state_cond,10,0.1731362617737984,0.23045687191041897
381,state_cond,10,0.15514087628425224,0.21986676500357144
382,state_cond,10,0.17371311148071186,0.23081893118825048
383,state_cond,10,0.1885777273850121,0.23889579954482376
384,state_cond,10,0.14808053697969017,0.21548098131603083
385,state_cond,10,0.163503546105338,0.22490223258518774
386,state_cond,10,0.12940163632127516,0.20303768466066985
387,state_cond,10,0.152765584542153,0.2184045974708487
388,state_cond,10,0.18773528731236186,0.23847769676864478
389,state_cond,10,0.18036890202953865,0.23449198529505696
390,state_cond,10,0.15107985899513612,0.2173725033037947
391,state_cond,10,0.12125632982837424,0.1972387481162921
392,state_cond,10,0.15709215791295172,0.22109881378824994
393,state_cond,10,0.15972951890829518,0.2226798515358191
394,state_cond,10,0.19210147118470847,0.2407806053041641
395,state_cond,10,0.17765190206707707,0.2329983688565102
396,state_cond,10,0.17257227832400254,0.2301518345885897
397,state_cond,10,0.16821525239039375,0.22768207171099122
398,state_cond,10,0.17586032392597378,0.2319925982731129
399,state_cond,10,0.1556321745485473,0.22018847934609337
400,state_cond,10,0.17804459139734694,0.23321725893155582
401,state_cond,10,0.1471748752704454,0.2149174786687623
402,state_cond,10,0.18790574786822745,0.23856878323579853
403,state_cond,10,0.09380872434925988,0.17539243048153288
404,state_cond,10,0.1747288439844766,0.2313875552436574
405,state_cond,10,0.11734967349087584,0.19434178376454697
406,state_cond,10,0.1493065162015036,0.21628089695198063
407,state_cond,10,0.18377185108308522,0.23638024264755883
408,state_cond,10,0.17566018046119608,0.23192249890357278
409,state_cond,10,0.1657446212053163,0.22623883646374068
410,state_cond,10,0.1657274258237597,0.22621691077862616
411,state_cond,10,0.146002257468794,0.21420451132337057
412,state_cond,10,0.1899094625754917,0.23963485375100088
413,state_cond,10,0.17820632477666087,0.23332035890382158
414,state_cond,10,0.15886585899697106,0.2221692340680151
415,state_cond,10,0.17480461955011137,0.23140567458409636
416,state_cond,10,0.1741226818506591,0.23100237821412312
417,state_cond,10,0.15445571308346576,0.2194427268727789
418,state_cond,10,0.1651937554005585,0.22588251870118725
419,state_cond,10,0.17493200067642056,0.23151038437188562
420,state_cond,10,0.17293887206216707,0.23034829692380554
421,state_cond,10,0.16687939578486544,0.22688118010879152
422,state_cond,10,0.17858869065007638,0.2335329318505985
423,state_cond,10,0.18129422499395972,0.2349864526578664
424,state_cond,10,0.1410485680968025,0.21092237181828102
425,state_cond,10,0.16682377299193402,0.22686916104496802
426,state_cond,10,0.08366134354636047,0.166701153312858
427,state_cond,10,0.08777616108897286,0.17042425862684638
428,state_cond,10,0.09560603288584527,0.17728167106356188
429,state_cond,10,0.06642146860714958,0.1495724722452879
430,state_cond,10,0.04487154009544014,0.12397297654838221
431,state_cond,10,0.07201525178116,0.15543279250518474
432,state_cond,10,0.10674431592205931,0.18651942360683674
433,state_cond,10,0.08261312993561497,0.16572821908542681
434,state_cond,10,0.09250239275608174,0.17461745351333727
435,state_cond,10,0.09275725509554271,0.17475116328339677
436,state_cond,10,0.08715350391150699,0.1698773934984745
437,state_cond,10,0.08789690742870727,0.1704666256230839
438,state_cond,10,0.09872602756859358,0.17988765222160796
439,state_cond,10,0.07113133685880371,0.15444252373214806
440,state_cond,10,0.08627433636581905,0.1690386648464174
441,state_cond,10,0.08650334397394252,0.16921417195029417
442,state_cond,10,0.0856023333212961,0.1683815262369112
443,state_cond,10,0.07933102870144271,0.16251774009120246
444,state_cond,10,0.0974883337393247,0.17879357603869347
445,state_cond,10,0.10239169827429452,0.18289411541958447
446,state_cond,10,0.09510224004968776,0.1767372305078037
447,state_cond,10,0.08426688253118532,0.16715546352293667
448,state_cond,10,0.029930648810552324,0.10119727146442827
449,state_cond,10,0.040568703388876526,0.11795479184033439
450,state_cond,10,0.07148916776286728,0.15483016009771644
451,state_cond,10,0.08570146878517684,0.16851091794921907
452,state_cond,10,0.09144000930793841,0.1736370616145198
453,state_cond,10,0.0693793690294409,0.15262683932201163
454,state_cond,10,0.07424362288744626,0.1576681273015436
455,state_cond,10,0.08645474111021309,0.16921510553910693
456,state_cond,10,0.08075449530299851,0.1639205862355567
457,state_cond,10,0.09764121883898468,0.17896634927537114
458,state_cond,10,0.06866707368138981,0.1518973784181746
459,state_cond,10,0.08875789537103165,0.1712402918621899
460,state_cond,10,0.1039747921372641,0.1841623725247498
461,state_cond,10,0.06654938530028498,0.1496373483929701
462,state_cond,10,0.10333202692658776,0.18377070658298794
463,state_cond,10,0.07341904392052641,0.15687545165500502
464,state_cond,10,0.04542974520823687,0.12474308594769086
465,state_cond,10,0.052223397658965255,0.13340975765325727
466,state_cond,10,0.06028969612837626,0.14291329636787814
467,state_cond,10,0.04268946978805806,0.12090446106601709
468,state_cond,10,0.0529546314086615,0.13424654029854924
469,state_cond,10,0.06661875384290693,0.14968326378855004
470,state_cond,10,0.08813106368352436,0.17072742054339632
471,state_cond,10,0.076501556160889,0.15979567970553832
472,state_cond,10,0.078718318132575,0.16201753862246415
473,state_cond,10,0.047779555222098764,0.12772312892847165
474,state_cond,10,0.06016251387151606,0.1426512077222804
475,state_cond,10,0.03607906086445171,0.11138101762888787
476,state_cond,10,0.08443163391350053,0.16736237295906584
477,state_cond,10,0.06948735593800831,0.1527036029052238
478,state_cond,10,0.06667977014853918,0.14974409811087347
479,state_cond,10,0.09615400551805235,0.1776997369053624
480,state_cond,10,0.06050181249218402,0.14304165326606805
481,state_cond,10,0.08546094602553485,0.16824163242382453
482,state_cond,10,0.08673480892558316,0.16942289885843206
483,state_cond,10,0.10013557567842256,0.18101599437100493
484,state_cond,10,0.07535137370017314,0.15863645449630873
485,state_cond,10,0.08323559252190993,0.16626142841304553
486,state_cond,10,0.0777277113079854,0.16100109767680118
487,state_cond,10,0.005044591280756051,0.04014116699529988
488,state_cond,10,0.002983708370129881,0.031420825297204004
489,state_cond,10,0.003666098161959246,0.034272491334968055
490,state_cond,10,0.003974343718591353,0.03581852540243907
491,state_cond,10,0.004001805477867779,0.03597906661924959
492,state_cond,10,0.003884131304310812,0.03539083519996064
493,state_cond,10,0.0036424451096797868,0.034213394837369876
494,state_cond,10,0.004880982940428548,0.03858007751354434
495,state_cond,10,0.0035905980796794236,0.03387587755476669
496,state_cond,10,0.003318498256724466,0.03262132244421096
497,state_cond,10,0.0032233817963377618,0.031806850483296484
498,state_cond,10,0.005844935474425776,0.04311928757378626
499,state_cond,10,0.0034334242693743315,0.033076004523073806
500,state_cond,10,0.004241190846364742,0.03698297015852913
501,state_cond,10,0.0032828235391921443,0.0324630819305502
502,state_cond,10,0.003878025863809387,0.03532941840851718
503,state_cond,10,0.0036445023993390314,0.03412380926585655
504,state_cond,10,0.0030695486543435265,0.03152758489411809
505,state_cond,10,0.004064325017797274,0.03618012952512339
506,state_cond,10,0.004787918538532592,0.03908923843014915
507,state_cond,10,0.006783434120924215,0.046073787021955186
508,state_cond,10,0.04421543802722258,0.12747443391100075
509,state_cond,10,0.00423247514298919,0.03577958372292153
510,state_cond,10,0.0033972277763590435,0.03228833556358433
511,state_cond,10,0.037130136248039194,0.11640075341511145
512,state_cond,10,0.0040711901654123745,0.03514401421873577
513,state_cond,10,0.0033259257821404067,0.0327721754945157
514,state_cond,10,0.002973628911569833,0.031793291825577955
515,state_cond,10,0.005432978995041304,0.04163079517385699
516,state_cond,10,0.0033930442339609266,0.032922045639719864
517,state_cond,10,0.0031602157531781683,0.03172207602593322
518,state_cond,10,0.002989306607065822,0.03181449439188703
519,state_cond,10,0.0031155226465185075,0.032032282468930286
520,state_cond,10,0.0033541300265170514,0.032172112605805284
521,state_cond,10,0.006919294992939528,0.04712806872696332
522,state_cond,10,0.003368422656197556,0.032850578242718045
523,state_cond,10,0.005375077538863489,0.04048089924445517
524,state_cond,10,0.006634700914007904,0.04552212487416681
525,state_cond,10,0.008468686498058795,0.0518410283903787
526,state_cond,10,0.0037358559774840175,0.03368833217188489
527,state_cond,10,0.0045108325015649625,0.0380729970646164
528,state_cond,10,0.003361197301074997,0.032745611513009504
529,state_cond,10,0.0029936640404490873,0.03154610860701135
530,state_cond,10,0.0032130954778674553,0.03226594143014622
531,state_cond,10,0.006763668309326879,0.04654940296180412
532,state_cond,10,0.0029636830839639633,0.03170616449817661
533,state_cond,10,0.0038206728214128173,0.03404464828746535
534,state_cond,10,0.0036162149393455,0.03313728813545647
535,state_cond,10,0.004222256842242961,0.0368531446823131
536,state_cond,10,0.003790650744348127,0.033914501525252654
537,state_cond,10,0.0033281258879543116,0.0320726278996851
538,state_cond,10,0.0035185841093646297,0.033491309910376695
539,state_cond,10,0.0029595639621108854,0.0317070337929114
540,state_cond,10,0.030746196874931304,0.10546269656977267
541,state_cond,10,0.02036968150910921,0.08436494065781265
542,state_cond,10,0.0036885302589734358,0.03459610208534213
543,state_cond,10,0.009965884071755228,0.05645029948363924
544,state_cond,10,0.004943152099956243,0.03873766815181402
545,state_cond,10,0.004768974424836976,0.03906311597197652
546,state_cond,10,0.010609704605357505,0.05837130003365823
547,state_cond,10,0.003674240046526131,0.034387217311432614
548,state_cond,10,0.035004026120199844,0.10976116451627642
549,state_cond,10,0.026012158974523303,0.09449491250359121
550,state_cond,10,0.0030404756080125986,0.031770206085313744
551,state_cond,10,0.030133002998653836,0.10176853177034921
552,state_cond,10,0.04381664415460905,0.12260539310906163
553,state_cond,10,0.008144883040318856,0.05167227047067336
554,state_cond,10,0.04503133698343445,0.12424956467803602
555,state_cond,10,0.01592285141663,0.07368844056544344
556,state_cond,10,0.016894825775176606,0.07587431733666139
557,state_cond,10,0.012604277281428608,0.06533138246858633
558,state_cond,10,0.03903071526656334,0.11587323073905151
559,state_cond,10,0.018342673891332883,0.0791596947817755
560,state_cond,10,0.021982657830280253,0.08686109213034339
561,state_cond,10,0.01394496819246853,0.06880771793263411
562,state_cond,10,0.018463033796358712,0.07942815867691638
563,state_cond,10,0.0291171507162689,0.10001399080054402
564,state_cond,10,0.022146742274741137,0.0872289871573703
565,state_cond,10,0.016119506764615824,0.07413443596688278
566,state_cond,10,0.016413389664450523,0.07481863570784916
567,state_cond,10,0.012886394889262251,0.06608029739576153
568,state_cond,10,0.03636847007543585,0.11189363136079224
569,state_cond,10,0.03987618862465493,0.11709810111834822
570,state_cond,10,0.040213675691833387,0.11758507858663504
571,state_cond,10,0.051982857153092796,0.13317376589129215
572,state_cond,10,0.03913130198982057,0.1159915392421472
573,state_cond,10,0.0235401649855029,0.08990379733754562
574,state_cond,10,0.031181162200855834,0.10353734885268431
575,state_cond,10,0.017705496732317198,0.0777100237151921
576,state_cond,10,0.03570212497313448,0.11082995211118164
577,state_cond,10,0.026260548203571356,0.09494713680100987
578,state_cond,10,0.009806156026212704,0.05723830579287586
579,state_cond,10,0.03943536009938212,0.11644563180273018
580,state_cond,10,0.03334736384912178,0.10711977015721659
581,state_cond,10,0.02005768725187923,0.08288196370506669
582,state_cond,10,0.010844583990472242,0.06042401059916497
583,state_cond,10,0.025238697113311802,0.09310366371626437
584,state_cond,10,0.021209825115974468,0.0864439318574013
585,state_cond,10,0.03628117771391826,0.11177467007046328
586,state_cond,10,0.005452192911596323,0.041884460461855746
587,state_cond,10,0.03505092927688692,0.10985632613001006
588,state_cond,10,0.029474737615671674,0.10064036204327623
589,state_cond,10,0.020810296935328952,0.08447637255450881
590,state_cond,10,0.04288285902293704,0.1213570108160745
591,state_cond,10,0.02542214712732016,0.09345469693202134
592,state_cond,10,0.030291458076997815,0.10204074068175603
593,state_cond,10,0.020359697059819073,0.08356091128193287
594,state_cond,10,0.013440816994906292,0.06749869290952228
595,state_cond,10,0.016971481138657235,0.07608919693643852
596,state_cond,10,0.003473311307794019,0.03328317879771188
597,state_cond,10,0.005338378371862464,0.041477002362497684
598,state_cond,10,0.0313937146267667,0.10391712561565858
599,state_cond,10,0.017396638355677507,0.07703667486417592
600,state_cond,10,0.03011111356375147,0.10174054381565363
601,state_cond,10,0.025609860824357303,0.09379329115693424
602,state_cond,10,0.003927700828872239,0.03574815122765547
603,state_cond,10,0.008919230055109735,0.054360573309365424
604,state_cond,10,0.015496744188335625,0.0726713913240753
605,state_cond,10,0.006121202092274986,0.04442276856430534
606,state_cond,10,0.03594718830741949,0.11126207196680374
607,state_cond,10,0.007876860526287503,0.050808658700918136
608,state_cond,10,0.03387401415027373,0.10799741378030638
609,state_cond,10,0.08087059139098268,0.16404301050556946
610,state_cond,10,0.10533796777540264,0.18525535871748386
611,state_cond,10,0.10261751331906807,0.18304200906721838
612,state_cond,10,0.14584558770565714,0.2141350788945989
613,state_cond,10,0.07708728837792021,0.1604162362603555
614,state_cond,10,0.0991808550803691,0.18019066156323166
615,state_cond,10,0.10426171689323652,0.18438308140382467
616,state_cond,10,0.05963983257862655,0.1420008774504285
617,state_cond,10,0.12163410423791826,0.19765050497854514
618,state_cond,10,0.08729161518681726,0.1699552034036684
619,state_cond,10,0.10753276868544376,0.1870028375198515
620,state_cond,10,0.05592667773638105,0.1376965380578213
621,state_cond,10,0.11578411458740435,0.19338298622546926
622,state_cond,10,0.11134796278792637,0.18997869006920606
623,state_cond,10,0.1038996178010604,0.18408549536784144
624,state_cond,10,0.10908030327305061,0.1882120576207751
625,state_cond,10,0.09167678592504555,0.17381527343532094
626,state_cond,10,0.11372018679633854,0.1918119463091094
627,state_cond,10,0.10353769921764674,0.18378754768683017
628,state_cond,10,0.057221341691156634,0.13918982534524163
629,state_cond,10,0.10345273200982892,0.18371717175555116
630,state_cond,10,0.10795467407293687,0.18733516174753995
631,state_cond,10,0.11490465761100291,0.1927026023681291
632,state_cond,10,0.10400501563566937,0.1841741778118183
633,state_cond,10,0.10857365189115864,0.18782090536855478
634,state_cond,10,0.11074041074475008,0.1895099833245773
635,state_cond,10,0.08976074237482895,0.1721389854777436
636,state_cond,10,0.07656103834036367,0.15989578825821243
637,state_cond,10,0.07253129596086329,0.1558757226612087
638,state_cond,10,0.11533590354889554,0.19304030190034868
639,state_cond,10,0.08773258431182726,0.17034922750349651
640,state_cond,10,0.12168945045105113,0.19774124374859664
641,state_cond,10,0.1066444266146633,0.1863038034673736
642,state_cond,10,0.1129482140556106,0.19122455110615358
643,state_cond,10,0.10468576896978228,0.1847380878456079
644,state_cond,10,0.10334190980810137,0.18364389180048687
645,state_cond,10,0.1082597711396863,0.18757858115146445
646,state_cond,10,0.12571169397983298,0.2006083899040128
647,state_cond,10,0.10080275594927181,0.18155879595507132
648,state_cond,10,0.10736586317180032,0.18686660228334825
649,state_cond,10,0.09837531173178551,0.17953453719636087
650,state_cond,10,0.08471981573551825,0.16762007873165846
651,state_cond,10,0.11382711407488166,0.19189353019022454
652,state_cond,10,0.09012964237316999,0.17247245161245411
653,state_cond,10,0.09637060305028988,0.17783708820374183
654,state_cond,10,0.10432488978587813,0.18443847495767574
655,state_cond,10,0.09892121139710204,0.18000147613386738
656,state_cond,10,0.11846490881562151,0.19537479636817667
657,state_cond,10,0.07810343850374463,0.1613968083281999
658,state_cond,10,0.10233926465018735,0.18282198578976785
659,state_cond,10,0.1022621646550869,0.18275672535766208
660,state_cond,10,0.11126779338938228,0.18992819541651706
661,state_cond,10,0.11878951586758131,0.19560699887056074
662,state_cond,10,0.13660551816092392,0.20809715315660718
663,state_cond,10,0.10096358506306118,0.18167200257186336
664,state_cond,10,0.04661171112082233,0.1261337353489127
665,state_cond,10,0.07597240649484147,0.15930905848016996
666,state_cond,10,0.09958067371501587,0.180526605239727
667,state_cond,10,0.06785101717599232,0.15102672385822435
668,state_cond,10,0.08383221263643616,0.16680208269290916
669,state_cond,10,0.058219877980874676,0.14034678848445004
670,state_cond,10,0.11448903269826952,0.19239397216776266
671,state_cond,10,0.09982820522251114,0.18075935619007866
672,state_cond,10,0.03983044185561468,0.12029246912406945
673,state_cond,10,0.04196706735882473,0.12364089076176407
674,state_cond,10,0.044561222555035154,0.12761410464748033
675,state_cond,10,0.04049721002691125,0.12136174212982037
676,state_cond,10,0.04726927707078173,0.13154098661224226
677,state_cond,10,0.07166428602803976,0.1623038048027349
678,state_cond,10,0.0925957586755834,0.18381366358484766
679,state_cond,10,0.07752423079924488,0.16840030942809348
680,state_cond,10,0.05685170127610212,0.1443605370976169
681,state_cond,10,0.043565683064074906,0.12576382669414982
682,state_cond,10,0.04650292783365856,0.13016926104668528
683,state_cond,10,0.06051337365978895,0.14901702843273334
684,state_cond,10,0.04995554615588356,0.13514347985657205
685,state_cond,10,0.05930126704973456,0.14749396953229588
686,state_cond,10,0.06511633093713566,0.1544670506149127
687,state_cond,10,0.07415527576671653,0.16480641943039187
688,state_cond,10,0.046538832859422306,0.13015529856411917
689,state_cond,10,0.06553128290047379,0.15497916202282236
690,state_cond,10,0.048827391241435675,0.13338827740720977
691,state_cond,10,0.045933681401534775,0.1292598449323555
692,state_cond,10,0.04668133619505573,0.13030834620824636
693,state_cond,10,0.04803129106803692,0.132460231470735
694,state_cond,10,0.0582030237420836,0.14603324366596776
695,state_cond,10,0.04143238416166489,0.12270276084247575
696,state_cond,10,0.04278131345787356,0.12477281150268846
697,state_cond,10,0.03801195189983045,0.11732147082392073
698,state_cond,10,0.04045165277430722,0.12120451923894326
699,state_cond,10,0.048786198951679585,0.13361186959401458
700,state_cond,10,0.06000906843638085,0.14844145989520416
701,state_cond,10,0.04589603187486975,0.12934379221987194
702,state_cond,10,0.06830167538160355,0.1582856939015377
703,state_cond,10,0.04490154343702413,0.12769089983414997
704,state_cond,10,0.05066371046099988,0.1361089930964474
705,state_cond,10,0.04688913414303614,0.1307627397883522
706,state_cond,10,0.07100932270210082,0.16137540505222844
707,state_cond,10,0.051658751633871056,0.13751969695245922
708,state_cond,10,0.048428113447732665,0.13308662064284493
709,state_cond,10,0.039963856508210806,0.1202841759572899
710,state_cond,10,0.04360586974457398,0.12600394242552787
711,state_cond,10,0.04496147702401417,0.12795111118715
712,state_cond,10,0.051564227396165355,0.1373985872768262
713,state_cond,10,0.0514866360533936,0.13711203083870244
714,state_cond,10,0.04712353405257079,0.13108713837329902
715,state_cond,10,0.09639175206852381,0.18751478943183084
716,state_cond,10,0.08430874303224101,0.17544417333484394
717,state_cond,10,0.07305111403830782,0.16358065832656207
718,state_cond,10,0.08126166693001777,0.17229923607364425
719,state_cond,10,0.06588682645739417,0.15532258598572504
720,state_cond,10,0.06428205203842272,0.1532211842835282
721,state_cond,10,0.0595763619632262,0.14762032567079386
722,state_cond,10,0.06905271110886715,0.1589277056403575
723,state_cond,10,0.08065526279600295,0.17156865357652376
724,state_cond,10,0.06940103653576674,0.1592890262156078
725,state_cond,10,0.08798176481729857,0.17892188154966363
726,state_cond,10,0.09160748744837549,0.18232651560794025
727,state_cond,10,0.12419230431005804,0.21037462339676707
728,state_cond,10,0.08360300178597717,0.17468687610669553
729,state_cond,10,0.055934877556657756,0.14241525087947648
730,state_cond,10,0.0660592038379667,0.15519622573178518
731,state_cond,10,0.0688098446104076,0.15856003035795477
732,state_cond,10,0.05551181984519967,0.1423737446418296
733,state_cond,10,0.053810695292462296,0.14003948020998538
734,state_cond,10,0.0526498835573619,0.13291610227640477
735,state_cond,10,0.14051760384620401,0.20987400401033152
736,state_cond,10,0.09524499131420494,0.17607491350019283
737,state_cond,10,0.09761426517506021,0.17805569838906904
738,state_cond,10,0.09689473048471776,0.17746780742325793
739,state_cond,10,0.10037586690356433,0.18036680820503614
740,state_cond,10,0.08925731548384985,0.17088097449141498
741,state_cond,10,0.09603914612174583,0.1767458978818753
742,state_cond,10,0.07569100754498556,0.15822203522944794
743,state_cond,10,0.10148737863959811,0.18137557538754956
744,state_cond,10,0.10926172006085196,0.1876671591819107
745,state_cond,10,0.12130955996857946,0.19673948471931327
746,state_cond,10,0.06819305718492501,0.15061920619155528
747,state_cond,10,0.10509679504375523,0.18433903548470515
748,state_cond,10,0.11301072567797718,0.1905614422094877
749,state_cond,10,0.11280044026014362,0.19039032154085353
750,state_cond,10,0.1169368246718812,0.19353704421324305
751,state_cond,10,0.12176059511053801,0.19709387495711092
752,state_cond,10,0.11215656862937047,0.18991036752979007
753,state_cond,10,0.07957762898285746,0.16208384793096267
754,state_cond,10,0.11405148667888086,0.19137180856851832
755,state_cond,10,0.12442348589333878,0.19901399343975557
756,state_cond,10,0.10244112251323793,0.1821924124977651
757,state_cond,10,0.12103507161428935,0.19657866099329763
758,state_cond,10,0.08759806661467427,0.16951461049683547
759,state_cond,10,0.09418077352404029,0.17528278418945908
760,state_cond,10,0.10837700311320979,0.18698219392357507
761,state_cond,10,0.1369176610815573,0.20766744127212847
762,state_cond,10,0.12451242343662883,0.19908484449152447
763,state_cond,10,0.1042111508929643,0.18364336740500217
764,state_cond,10,0.15004787646605977,0.21612542805160892
765,state_cond,10,0.10555597572524278,0.18471857122593868
766,state_cond,10,0.1273248785831451,0.2010867211308343
767,state_cond,10,0.12088549025649807,0.1964607089680003
768,state_cond,10,0.11053423158479063,0.1886540176848288
769,state_cond,10,0.13299928351431742,0.2050106716310032
770,state_cond,10,0.09121360729141208,0.17271455575463834
771,state_cond,10,0.1183415370286304,0.19459707048108865
772,state_cond,10,0.09271215809360771,0.17401198942107945
773,state_cond,10,0.11080299877223551,0.18888728964265675
774,state_cond,10,0.10994578604098505,0.1881989151604581
775,state_cond,10,0.11705882793305429,0.1936418226429283
776,state_cond,10,0.11741360243534565,0.19390609016667598
777,state_cond,10,0.10072841791470263,0.18078343366922878
778,state_cond,10,0.11983386891735325,0.19571460418209954
779,state_cond,10,0.14144692596211478,0.21066389020464682
780,state_cond,10,0.11485993975682147,0.19199230090752004
781,state_cond,10,0.11763804602204705,0.19406680479069474
782,state_cond,10,0.13336890211626443,0.20527775828291997
783,state_cond,10,0.09600484945666118,0.1768288522293942
784,state_cond,10,0.12270847715993112,0.1977879098914544
785,state_cond,10,0.10718362275630419,0.18602549736867718
786,state_cond,10,0.07128142656580702,0.1538473088198956
787,state_cond,10,0.06812614249732671,0.15056169406996947
788,state_cond,10,0.02084179478852365,0.08327471428225569
789,state_cond,10,0.0774775065832038,0.16007268340665703
790,state_cond,10,0.1221509805628674,0.19740549820487746
791,state_cond,10,0.11131399358886561,0.1892957323676693
792,state_cond,10,0.13584538614959862,0.2069794760008951
793,state_cond,10,0.1200199511598205,0.1958568707616982
794,state_cond,10,0.15092534970346858,0.21668397554079138
795,state_cond,10,0.10255627632543368,0.18292468815316093
796,state_cond,10,0.09417262504109818,0.17586731377578582
797,state_cond,10,0.09556457326680913,0.17704743076393092
798,state_cond,10,0.0911987363459619,0.17328774652831241
799,state_cond,10,0.10665375520456236,0.18625637318438765
800,state_cond,10,0.08532072850854226,0.16804924395642357
801,state_cond,10,0.10080657911162638,0.18150524131683993
802,state_cond,10,0.10685709042431536,0.18640493743029998
803,state_cond,10,0.11940680745223506,0.19589241755767203
804,state_cond,10,0.062417261554012754,0.14500703480371094
805,state_cond,10,0.10888206875453624,0.18801528216829744
806,state_cond,10,0.11948048832848467,0.19600677002777764
807,state_cond,10,0.07586967243887699,0.15910973979449947
808,state_cond,10,0.10276889941625228,0.18314342397853065
809,state_cond,10,0.09917540293256683,0.18015914931000387
810,state_cond,10,0.09436853082795955,0.1760839511318634
811,state_cond,10,0.09851727223072569,0.17962551423096806
812,state_cond,10,0.11413516326339898,0.19211671238496794
813,state_cond,10,0.10792739949443475,0.1872399300848349
814,state_cond,10,0.09063588301920729,0.17282659247292084
815,state_cond,10,0.08116144868014062,0.16424007170243962
816,state_cond,10,0.10231065943039579,0.1827641044274145
817,state_cond,10,0.11054000927272245,0.18932698974266318
818,state_cond,10,0.08127061615772539,0.1643326496081036
819,state_cond,10,0.054314130649570525,0.13556100471982188
820,state_cond,10,0.08681388676051394,0.16944434464357944
821,state_cond,10,0.08736892883535397,0.1699394891232758
822,state_cond,10,0.08582390178558402,0.1685474536911741
823,state_cond,10,0.03832381617747188,0.11434814085371514
824,state_cond,10,0.10622850052709272,0.18593947837452515
825,state_cond,10,0.08806055918124882,0.17057133566034194
826,state_cond,10,0.11742023351543075,0.19457006819251688
827,state_cond,10,0.08802183570010742,0.17053003996645577
828,state_cond,10,0.10785425938959532,0.1872256364302645
829,state_cond,10,0.10646527272532331,0.18613283353696625
830,state_cond,10,0.08663687567478794,0.16929039253934344
831,state_cond,10,0.04954372573158015,0.12970051112765443
832,state_cond,10,0.11552308340683987,0.19312802136431978
833,state_cond,10,0.07202049440723467,0.15527973747088042
834,state_cond,10,0.09091631279809846,0.1730893314957737
835,state_cond,10,0.07541199337544498,0.15869933259835223
836,state_cond,10,0.07484420459881974,0.15812639845576207
837,state_cond,10,0.0978073860148154,0.17904683849696698
838,state_cond,10,0.13570484380319267,0.20746814472603387
839,state_cond,10,0.10622298681723645,0.18595249605512998
840,state_cond,10,0.10294683937301141,0.18329647038609112
841,state_cond,10,0.07502521520285275,0.15831295981819993
842,state_cond,10,0.11050054644363294,0.18929697196311052
843,state_cond,10,0.10249698326038285,0.18293374176663993
844,state_cond,10,0.0758260407415117,0.15909653054641584
845,state_cond,10,0.10577750807551826,0.18558961139321306
846,state_cond,10,0.10471568410334478,0.18474625512351142
847,state_cond,10,0.09339227487995778,0.175293671175256
848,state_cond,10,0.11739204734543857,0.19454882444186083
849,state_cond,10,0.07766809820958973,0.1608997105679411
850,state_cond,10,0.09312140807412958,0.17500912374843003
851,state_cond,10,0.04518867383235476,0.12399792046933707
852,state_cond,10,0.07989802804327334,0.16305429813622863
853,state_cond,10,0.06320256769004691,0.14589910083564944
854,state_cond,10,0.11016013875005555,0.18906631983665173
855,state_cond,10,0.10348262504521986,0.18375877372318922
856,state_cond,10,0.11039546408473153,0.1891687320452454
857,state_cond,10,0.010088332337562912,0.05747822267583658
858,state_cond,10,0.004627461297433033,0.03839152877152028
859,state_cond,10,0.0037249471878655874,0.0343024604565071
860,state_cond,10,0.008014172942418546,0.050496727524602054
861,state_cond,10,0.003930092473197549,0.03527091870201071
862,state_cond,10,0.0061900126973046315,0.04405556541511788
863,state_cond,10,0.003723478311983115,0.03431338503957921
864,state_cond,10,0.006900244205332129,0.0466169151194893
865,state_cond,10,0.00792064693724697,0.050150312928185004
866,state_cond,10,0.0039058427679554654,0.03387051652331689
867,state_cond,10,0.004433950060291425,0.03768820548048959
868,state_cond,10,0.003486103834995138,0.03226110428161684
869,state_cond,10,0.006769011775590166,0.04618741969079348
870,state_cond,10,0.00307404277998145,0.03107565933367873
871,state_cond,10,0.007122000554625729,0.04741762294745675
872,state_cond,10,0.010907772348016735,0.059982350732292876
873,state_cond,10,0.005925499036954686,0.04312978059609279
874,state_cond,10,0.003029006367332511,0.03118114846872368
875,state_cond,10,0.004659643783336679,0.03858564402827979
876,state_cond,10,0.0042500423343476,0.03682098812514877
877,state_cond,10,0.005101261265042007,0.0402904353496228
878,state_cond,10,0.004074945543928612,0.03605027295865611
879,state_cond,10,0.013205013356354383,0.06692346051825317
880,state_cond,10,0.003942536975230018,0.03540726658557863
881,state_cond,10,0.01752478809280195,0.07856476026197691
882,state_cond,10,0.006453276268547219,0.04508043487582139
883,state_cond,10,0.012850230501709036,0.0658363953255405
884,state_cond,10,0.010635578109724849,0.05920312311428618
885,state_cond,10,0.003953848032499013,0.035465741459012164
886,state_cond,10,0.004750956933929729,0.037575273435754
887,state_cond,10,0.008959006799346345,0.05386530785390984
888,state_cond,10,0.03775228952321069,0.11832098104312236
889,state_cond,10,0.0035440744411724037,0.03359827637214534
890,state_cond,10,0.014250567355505927,0.06897774470739951
891,state_cond,10,0.009166689152712121,0.054555803269831865
892,state_cond,10,0.0031023254930395623,0.031122483877081778
893,state_cond,10,0.0061030407733378735,0.04380438095333681
894,state_cond,10,0.009312147257508759,0.05503946457042576
895,state_cond,10,0.011392226029346158,0.06127717873220145
896,state_cond,10,0.008685771153691154,0.052921262470861735
897,state_cond,10,0.003946353431191392,0.034031488711619325
898,state_cond,10,0.008041426248028446,0.05064995371033224
899,state_cond,10,0.01747502085240191,0.07660318588756702
900,state_cond,10,0.007098644756597284,0.0473460166215141
901,state_cond,10,0.003054655019082963,0.03102391945624781
902,state_cond,10,0.013407951468632455,0.06680922686515346
903,state_cond,10,0.014382233883519863,0.06929620619572723
904,state_cond,10,0.007213725176773329,0.04776358724532277
905,state_cond,10,0.015299854468587228,0.0715501396885134
906,state_cond,10,0.008245513560748556,0.05133853247878568
907,state_cond,10,0.006452866038402487,0.045054666454706245
908,state_cond,10,0.006435388064691057,0.044988063160361996
909,state_cond,10,0.010378866201313624,0.058395647083542175
910,state_cond,10,0.003041221509072879,0.031247972418942064
911,state_cond,10,0.0034398608911814206,0.03299014043521374
912,state_cond,10,0.009422899337729253,0.05537793765448547
913,state_cond,10,0.004539703578416462,0.0380344252209883
914,state_cond,10,0.003948285444433558,0.0340020239652435
915,state_cond,10,0.005653295049031768,0.042214355296553464
916,state_cond,10,0.0032097322785294385,0.0314807551439372
917,state_cond,10,0.007691649607813278,0.0494147228994356
918,state_cond,10,0.003345545989371968,0.03251585377727313
919,state_cond,10,0.0076214030344541744,0.049177034299105374
920,state_cond,10,0.0053324617952539045,0.04114019222385248
921,state_cond,10,0.0041512250505087896,0.03488915702567011
922,state_cond,10,0.005748094444516303,0.0416393108964981
923,state_cond,10,0.12517856782400633,0.2005721916735993
924,state_cond,10,0.19474617790946266,0.24281184229685357
925,state_cond,10,0.16127189447630505,0.2241562124247991
926,state_cond,10,0.1033423632196357,0.18379760939865894
927,state_cond,10,0.1775356934691437,0.23355638393996903
928,state_cond,10,0.17468153955131632,0.23198257497593322
929,state_cond,10,0.16479201726294873,0.2262914000438244
930,state_cond,10,0.1614036661282101,0.2242318270476614
931,state_cond,10,0.12778323026772836,0.20247951261266703
932,state_cond,10,0.1401740872101026,0.21077476022848432
933,state_cond,10,0.15816994111185864,0.22217432802552697
934,state_cond,10,0.15372911666047603,0.2194490498749478
935,state_cond,10,0.18562407654006585,0.2378362937171732
936,state_cond,10,0.16127955625976365,0.22403879989328362
937,state_cond,10,0.15819979833793985,0.22216769923261198
938,state_cond,10,0.15698395021349246,0.22142503240442518
939,state_cond,10,0.170532035389819,0.22943606594251073
940,state_cond,10,0.16081667008709066,0.22373762594347477
941,state_cond,10,0.1509368585349087,0.21768437945201768
942,state_cond,10,0.1454528140145412,0.21419200477258094
943,state_cond,10,0.1331249995776339,0.20600013919536958
944,state_cond,10,0.18838543227654417,0.23929522228286018
945,state_cond,10,0.16943359498743094,0.22880547903827422
946,state_cond,10,0.14169260971595082,0.21176581028710945
947,state_cond,10,0.14912522052287902,0.21654879965425544
948,state_cond,10,0.1476189425749464,0.21559719720733142
949,state_cond,10,0.15800703412116307,0.2220458020172064
950,state_cond,10,0.14613603259660146,0.2146280151673525
951,state_cond,10,0.1398275444486269,0.210512826195141
952,state_cond,10,0.14457725852170883,0.2136257541607067
953,state_cond,10,0.15613232808363506,0.22090411080246244
954,state_cond,10,0.1626384921458993,0.22483732517272476
955,state_cond,10,0.17048063595967825,0.22940462144650595
956,state_cond,10,0.15305243050162873,0.21900412521913612
957,state_cond,10,0.12889437642791352,0.20305903304055445
958,state_cond,10,0.1623625768386532,0.22466692152593296
959,state_cond,10,0.16859123709763332,0.2283160661271852
960,state_cond,10,0.15952079625225307,0.22296581950901082
961,state_cond,10,0.1508237580455087,0.21761546487244493
962,state_cond,10,0.16824234000745308,0.22809971744061353
963,state_cond,10,0.16083856584949505,0.22373471490964494
964,state_cond,10,0.1509348579048103,0.21767577564823232
965,state_cond,10,0.12242027504665969,0.19841369127549768
966,state_cond,10,0.18566394612041384,0.23783050923004245
967,state_cond,10,0.16228483540779653,0.22461549055709834
968,state_cond,10,0.17777945593830521,0.23350858514686657
969,state_cond,10,0.14498137019956306,0.2138718352871957
970,state_cond,10,0.15952065213960245,0.2229414182960517
971,state_cond,10,0.14868709982167275,0.21624870570220847
972,state_cond,10,0.19103427701445616,0.24066780666794804
973,state_cond,10,0.13077281435979632,0.20433828563805764
974,state_cond,10,0.15257254806744705,0.21868100995387485
975,state_cond,10,0.15781493291624638,0.22190285178165586
976,state_cond,10,0.14748267994399922,0.2154645633420791
977,state_cond,10,0.14344467266799948,0.2128589597210509
978,state_cond,10,0.08530989573364522,0.16799855757314988
979,state_cond,10,0.15165876741980797,0.2181072234275418
980,state_cond,10,0.18009278189537894,0.23474898374078476
981,state_cond,10,0.1834234134167474,0.23656933952851456
982,state_cond,10,0.16022750482854606,0.22334726320656406
983,state_cond,10,0.15435293742287257,0.21976574027035392
984,state_cond,10,0.17271214760381232,0.23063411684384108
985,state_cond,10,0.17271573801277007,0.2306423141180494
986,state_cond,10,0.11270184360218487,0.1910858980172667
987,state_cond,10,0.18887505105829616,0.24974673004237283
988,state_cond,10,0.2189665118286274,0.26808626662173074
989,state_cond,10,0.18027507475724394,0.24444492229095086
990,state_cond,10,0.18218050767880528,0.24566619470053921
991,state_cond,10,0.20702418873852388,0.2609050227962498
992,state_cond,10,0.18761800436717885,0.24886928226467392
993,state_cond,10,0.22191914200272986,0.26948477699538126
994,state_cond,10,0.23553341306364292,0.2775326076057809
995,state_cond,10,0.18562791415083524,0.2477395406849636
996,state_cond,10,0.19098965328118767,0.2510968363960866
997,state_cond,10,0.19551117167195817,0.2541281417649787
998,state_cond,10,0.1805018728459734,0.24489976319954904
999,state_cond,10,0.18745239321790286,0.2490767865621133
1000,state_cond,10,0.2511714117752354,0.28643230893855637
1001,state_cond,10,0.21967343717879786,0.26850615362405833
1002,state_cond,10,0.18054757949856037,0.24466063842858685
1003,state_cond,10,0.1907159122470095,0.25100755277825854
1004,state_cond,10,0.17559112359074902,0.24168464537602805
1005,state_cond,10,0.2493344622441036,0.28542575718719254
1006,state_cond,10,0.18431166319520267,0.24706807011677615
1007,state_cond,10,0.16998422234247096,0.23820821292630603
1008,state_cond,10,0.16816931606367838,0.237080129657773
1009,state_cond,10,0.18243472166025143,0.24607990658948609
1010,state_cond,10,0.18076088067984522,0.24509193676057325
1011,state_cond,10,0.1688647701679525,0.23763130431054252
1012,state_cond,10,0.17127014974293886,0.23914918420381542
1013,state_cond,10,0.17691077653966092,0.24269610296896985
1014,state_cond,10,0.17698863616986746,0.24278713361043733
1015,state_cond,10,0.20165494764468683,0.2579074236901286
1016,state_cond,10,0.1592133690287665,0.23147153233182752
1017,state_cond,10,0.2017135862181588,0.2579185701766798
1018,state_cond,10,0.25106384752703936,0.2863746694519158
1019,state_cond,10,0.33331232089786406,0.32764859975504573
1020,state_cond,10,0.2546315734515372,0.2880184703995484
1021,state_cond,10,0.3503391107554503,0.33556622199002334
1022,state_cond,10,0.5241488169829143,0.41063945770567273
1023,state_cond,10,0.24199800282648343,0.28071729375706733
1024,state_cond,10,0.42100893398676353,0.36722168012965917
1025,state_cond,10,0.2608578299309327,0.2911480221274189
1026,state_cond,10,0.41482179098704436,0.3644054155394375
1027,state_cond,10,0.5262438535489004,0.4112787417658636
1028,state_cond,10,0.920728578251453,0.5371697965783024
1029,state_cond,10,0.28909579797100127,0.3067467113157803
1030,state_cond,10,0.59372024599046,0.43799129929721
1031,state_cond,10,0.8463245709328985,0.5189936635256995
1032,state_cond,10,0.32507975935424693,0.3255932403835216
1033,state_cond,10,1.106881198171158,0.5843249363268527
1034,state_cond,10,0.40123969266073706,0.3610016590910024
1035,state_cond,10,0.969684422378053,0.552347218332353
1036,state_cond,10,0.5336142893571433,0.41714512473972176
1037,state_cond,10,0.6432006274938273,0.45690028084418133
1038,state_cond,10,0.8211650590936714,0.5129942905659387
1039,state_cond,10,0.4405145440223216,0.37904982851783914
1040,state_cond,10,0.5879460212419059,0.4386750297770269
1041,state_cond,10,0.4436179733338362,0.3798142690440385
1042,state_cond,10,0.8186677562288585,0.5114343636053844
1043,state_cond,10,0.4460565164474136,0.37994479409394555
1044,state_cond,10,0.6025646288189964,0.4416447752602212
1045,state_cond,10,0.7408260650518366,0.4882947757301883
1046,state_cond,10,0.43882639859792105,0.3771781585248717
1047,state_cond,10,0.5163295893785226,0.4068514531434581
1048,state_cond,10,0.4296600563991725,0.37306218807279606
1049,state_cond,10,0.44530517531659347,0.3793510411991453
1050,state_cond,10,0.42032854350747567,0.3687546264055443
1051,state_cond,10,0.453781245689704,0.38357234939842505
1052,state_cond,10,0.5070896933971699,0.40254325666530827
1053,state_cond,10,0.5687451259436996,0.4269512110967742
1054,state_cond,10,0.5223965312002925,0.40845718544296705
1055,state_cond,10,0.5133482485295184,0.40526740360144314
1056,state_cond,10,0.38482698978285157,0.35258761457933213
1057,state_cond,10,0.4518661456194361,0.38064318098841377
1058,state_cond,10,0.44258025961629566,0.3770419115709272
1059,state_cond,10,0.38031796986613886,0.34980813343267375
1060,state_cond,10,0.38829057360171315,0.35347832180053573
1061,state_cond,10,0.37176761374777156,0.34604296334174245
1062,state_cond,10,0.38024067608486883,0.35025267992256365
1063,state_cond,10,0.3882454919928382,0.3536350488811882
1064,state_cond,10,0.36938083562502094,0.34503154677991116
1065,state_cond,10,0.40667266717196476,0.36141728526227873
1066,state_cond,10,0.4067190568559469,0.3614614859254549
1067,state_cond,10,0.3844651256770808,0.3515835364981609
1068,state_cond,10,0.3815381086352595,0.3503344457871979
1069,state_cond,10,0.41657026200943753,0.36600892986772215
1070,state_cond,10,0.368027322685926,0.34432875811216995
1071,state_cond,10,0.3774257158146242,0.348610468396975
1072,state_cond,10,0.48725672362248884,0.3955497617468341
1073,state_cond,10,0.47291549031137076,0.38963553104804344
1074,state_cond,10,0.5292102344537625,0.41184358104682717
1075,state_cond,10,0.4498187529565973,0.3817575285338139
1076,state_cond,10,0.45610935858111606,0.3832526761991376
1077,state_cond,10,0.40578939349120885,0.36228668680007275
1078,state_cond,10,0.40685387138839824,0.3615876646769272
1079,state_cond,10,0.3631422232789145,0.3422037746924408
1080,state_cond,10,0.36657379813709384,0.3436283064508523
1081,state_cond,10,0.3581998216741367,0.339847982574542
1082,state_cond,10,0.42206828757487846,0.369645166432852
1083,state_cond,10,0.4023227395376957,0.3605374151507909
1084,state_cond,10,0.384368281872074,0.3514006081203861
1085,state_cond,10,0.40827989732708153,0.36196341827901146
1086,state_cond,10,0.3257396824828293,0.32444420798336104
1087,state_cond,10,0.351545538677089,0.3366964903339971
1088,state_cond,10,0.333044878914474,0.32837293359675895
1089,state_cond,10,0.3438340506232771,0.33315380702881064
1090,state_cond,10,0.3802410929103155,0.3499557779725674
1091,state_cond,10,0.31714770982259854,0.32043821749187346
1092,state_cond,10,0.3182803869308587,0.3211737938487317
1093,state_cond,10,0.37342409521959474,0.34677186313758795
1094,state_cond,10,0.5172142041126881,0.4046240505048687
1095,state_cond,10,0.34846810414342144,0.335373824803406
1096,state_cond,10,0.3441396204870898,0.33326616034110473
1097,state_cond,10,0.33271980176342764,0.3277789168854371
1098,state_cond,10,0.33278343244797925,0.3281579805009068
1099,state_cond,10,0.32676971957683687,0.32508353624798925
1100,state_cond,10,0.4385705885299042,0.3756718550713611
1101,state_cond,10,0.33379125195035275,0.328542326464197
1102,state_cond,10,0.31177710143858783,0.317993110794942
1103,state_cond,10,0.38846182683394437,0.35329953333429215
1104,state_cond,10,0.35138422286794774,0.3367501086552912
1105,state_cond,10,0.5210933226130536,0.40749019385532836
1106,state_cond,10,0.34812456627845334,0.3350996766491784
1107,state_cond,10,0.3429537825234846,0.3327140208009956
1108,state_cond,10,0.057416256127061,0.14617049511826652
1109,state_cond,10,0.06945645141253606,0.16023260686139493
1110,state_cond,10,0.0361577896876457,0.11550266808554088
1111,state_cond,10,0.08227685652361073,0.17459906974378817
1112,state_cond,10,0.04381521758585716,0.12755558670831435
1113,state_cond,10,0.07732690003121002,0.1693023245563597
1114,state_cond,10,0.04194198202297115,0.1239802856778677
1115,state_cond,10,0.06241527074915857,0.15168201876684795
1116,state_cond,10,0.08590468036047012,0.17697198352191085
1117,state_cond,10,0.043531590402078345,0.1271227300484156
1118,state_cond,10,0.040136666714787876,0.12227220633937169
1119,state_cond,10,0.052349720057972275,0.1400215055137119
1120,state_cond,10,0.04369196900350329,0.12778569613081506
1121,state_cond,10,0.031872790559496045,0.10836305893823854
1122,state_cond,10,0.03990990853790759,0.1220682082654517
1123,state_cond,10,0.03193040498486533,0.10877186813524127
1124,state_cond,10,0.036993101091299066,0.11744967325551525
1125,state_cond,10,0.04096378594014249,0.12379715571399197
1126,state_cond,10,0.03018551872601782,0.10561662737842169
1127,state_cond,10,0.022568497407496294,0.09035302241897987
1128,state_cond,10,0.054040463675345554,0.14244542005096883
1129,state_cond,10,0.03869318199956264,0.12007868486734774
1130,state_cond,10,0.03703160962233972,0.1174546822129013
1131,state_cond,10,0.037977350406138935,0.118966927257189
1132,state_cond,10,0.029002551123386386,0.1032456948973278
1133,state_cond,10,0.029149739797149736,0.10375909020495819
1134,state_cond,10,0.025462835575655006,0.0963767270551038
1135,state_cond,10,0.028686084133768337,0.10275388506988409
1136,state_cond,10,0.04469999663828409,0.12851250814933085
1137,state_cond,10,0.045114448769058915,0.12985514473361545
1138,state_cond,10,0.035490668848538236,0.11495588956616118
1139,state_cond,10,0.030494584551329702,0.10625055078447185
1140,state_cond,10,0.05308552902918892,0.14120824818568165
1141,state_cond,10,0.042278451130412516,0.12575518367683694
1142,state_cond,10,0.033194884333554386,0.11093491229664228
1143,state_cond,10,0.04230345241868694,0.12575212843801575
1144,state_cond,10,0.03327606455204191,0.11110980675027031
1145,state_cond,10,0.02808034704482548,0.10139614248818131
1146,state_cond,10,0.031062007187844586,0.10719975566122919
1147,state_cond,10,0.03927067981305631,0.12115926432850332
1148,state_cond,10,0.03139234967286495,0.10735098533135597
1149,state_cond,10,0.030293294692536107,0.10583978479429162
1150,state_cond,10,0.04959369682574119,0.13644858948182842
1151,state_cond,10,0.030554204063082745,0.10635770202046332
1152,state_cond,10,0.02684982505321652,0.09922892550605178
1153,state_cond,10,0.048842144806338736,0.13496800238237472
1154,state_cond,10,0.040820669262178824,0.12297589584967587
1155,state_cond,10,0.07111115135825158,0.16324451756790523
1156,state_cond,10,0.028825511995297128,0.10305082891789205
1157,state_cond,10,0.04306962481286876,0.12689127770613767
1158,state_cond,10,0.027734366897784184,0.10096641079604286
1159,state_cond,10,0.03423601023245293,0.11256164856285247
1160,state_cond,10,0.07099928241082766,0.16300093353899564
1161,state_cond,10,0.04056280111552157,0.1228617732224598
1162,state_cond,10,0.04840976748395734,0.13451509048345095
1163,state_cond,10,0.04612991745102587,0.1311604312902858
1164,state_cond,10,0.08275970323220475,0.1753010173573591
1165,state_cond,10,0.05332692249142075,0.14105329255679705
1166,state_cond,10,0.05863020649854475,0.1479870515709888
1167,state_cond,10,0.04681578958110244,0.13204873756395805
1168,state_cond,10,0.033559787042411346,0.11144221233234544
1169,state_cond,10,0.03542485996924341,0.11428062653292952
1170,state_cond,10,0.04069718183640156,0.12326425172006183
1171,state_cond,10,0.036125283501602684,0.11574440674207712
1172,state_cond,10,0.035664101300733615,0.11503202603555113
1173,state_cond,10,0.04197751153171224,0.12454606719464856
1174,state_cond,10,0.03835059758444894,0.11884578011858374
1175,state_cond,10,0.05156204671746008,0.13847967041762718
1176,state_cond,10,0.04009393956716103,0.1215555228627686
1177,state_cond,10,0.03730611209710214,0.11707590224218085
1178,state_cond,10,0.03887272806939133,0.11993313229347201
1179,state_cond,10,0.03847293278876086,0.11905470423426646
1180,state_cond,10,0.05419461729483061,0.1420528839227464
1181,state_cond,10,0.04123483653010306,0.1236182257238138
1182,state_cond,10,0.0408716368248277,0.12280074980555925
1183,state_cond,10,0.037172729887310595,0.11713875821303103
1184,state_cond,10,0.038912575758892405,0.12012548338289414
1185,state_cond,10,0.03276768340557656,0.10974040080229497
1186,state_cond,10,0.035881712738407893,0.11515834482033001
1187,state_cond,10,0.03313210347561702,0.11002407820303635
1188,state_cond,10,0.03651937317220029,0.11592424407617911
1189,state_cond,10,0.042536242410323596,0.12586465307984424
1190,state_cond,10,0.03832260384705291,0.11920674235458074
1191,state_cond,10,0.05388281678906637,0.14184347471667502
1192,state_cond,10,0.04089089317935055,0.12294424489549298
1193,state_cond,10,0.04158907333189909,0.12398300443059626
1194,state_cond,10,0.03720964373798307,0.1168986419412425
1195,state_cond,10,0.03648041005984985,0.11561889021797009
1196,state_cond,10,0.05406334390572933,0.14211273443839062
1197,state_cond,10,0.03561125751157332,0.11408525649398744
1198,state_cond,10,0.03559351986679902,0.11473024117621813
1199,state_cond,10,0.07045636186319176,0.15864475281694765
1200,state_cond,10,0.0390813638370762,0.12022176245758777
1201,state_cond,10,0.03412377677176263,0.11234450244492847
1202,state_cond,10,0.04626538864760152,0.13121500035763536
1203,state_cond,10,0.02569112902957369,0.09673053387812296
1204,state_cond,10,0.03166144069744597,0.10764162578128418
1205,state_cond,10,0.03204269973301582,0.10868006875204314
1206,state_cond,10,0.028334810036785237,0.10194481064098748
1207,state_cond,10,0.02345764458985529,0.09214796213844101
1208,state_cond,10,0.029388861633233423,0.10389434432409465
1209,state_cond,10,0.02173810569469751,0.0882320345081933
1210,state_cond,10,0.026633248771690637,0.09823657039749022
1211,state_cond,10,0.02514549225236273,0.0957122868847842
1212,state_cond,10,0.017363941291514497,0.07824851779084929
1213,state_cond,10,0.035204630822126756,0.11430734208959825
1214,state_cond,10,0.02150602437778651,0.08779182880583518
1215,state_cond,10,0.018147411610238195,0.07998934557845636
1216,state_cond,10,0.025123306212389104,0.09564514648916943
1217,state_cond,10,0.022216359501433535,0.08940176445334122
1218,state_cond,10,0.020292922299332626,0.08507769390060392
1219,state_cond,10,0.019066471741283057,0.08222941168124309
1220,state_cond,10,0.025331934823474605,0.09607335555933082
1221,state_cond,10,0.026517319990095923,0.09843442790287417
1222,state_cond,10,0.022149843749131,0.08933159454585118
1223,state_cond,10,0.02565003047887675,0.0967312760314482
1224,state_cond,10,0.020628665296691905,0.08577761564706649
1225,state_cond,10,0.021037748535313098,0.08678515229734408
1226,state_cond,10,0.02409847539642689,0.09353214018031517
1227,state_cond,10,0.048593197020799506,0.13438097652577483
1228,state_cond,10,0.03855514985938135,0.1189085688210707
1229,state_cond,10,0.02550882595837183,0.0964641166401449
1230,state_cond,10,0.020153782947705808,0.08459348064454084
1231,state_cond,10,0.01344131973220709,0.06834953596106987
1232,state_cond,10,0.014650812054188727,0.07148690449694663
1233,state_cond,10,0.016541973033544228,0.07618753718823175
1234,state_cond,10,0.014583229944584032,0.07131947155909246
1235,state_cond,10,0.013779973391215495,0.06922212720488456
1236,state_cond,10,0.029701541546092607,0.10469181627352832
1237,state_cond,10,0.01956155167520298,0.08463133015700912
1238,state_cond,10,0.010489780604524336,0.057669169252246924
1239,state_cond,10,0.0114097489787871,0.06216931449280632
1240,state_cond,10,0.016700823165766803,0.07704676545096044
1241,state_cond,10,0.013575756260708085,0.06878249190561905
1242,state_cond,10,0.014582777843805421,0.07134628694670851
1243,state_cond,10,0.019350318092754257,0.08392656856651598
1244,state_cond,10,0.019929332201010043,0.08533202795429214
1245,state_cond,10,0.05261404849049553,0.1388289479312333
1246,state_cond,10,0.02878550146745215,0.10312427354107848
1247,state_cond,10,0.032662905538571,0.10971918886671352
1248,state_cond,10,0.023883302162482647,0.09407896444369165
1249,state_cond,10,0.0229031276516008,0.09206991868326286
1250,state_cond,10,0.028420349454103794,0.10249636610178779
1251,state_cond,10,0.018834344022065748,0.08261731979667929
1252,state_cond,10,0.04789714761135213,0.13237424570660453
1253,state_cond,10,0.011671919345400749,0.06307708770967545
1254,state_cond,10,0.028002450785714145,0.10176720119846501
1255,state_cond,10,0.013298547896409203,0.06791988530500766
1256,state_cond,10,0.011520626235407994,0.05568790033182393
1257,state_cond,10,0.011785947511144923,0.06332687628626171
1258,state_cond,10,0.010871342496828454,0.0582166359251656
1259,state_cond,10,0.016337191104121084,0.07597580283168236
1260,state_cond,10,0.01100725481147478,0.05970929762050369
1261,state_cond,10,0.01602218199386715,0.0751079705387808
1262,state_cond,10,0.01512687706228487,0.07259435333063044
1263,state_cond,10,0.015798193651289608,0.07448630086029656
1264,state_cond,10,0.01095089244709803,0.058734633996169364
1265,state_cond,10,0.011171963846164677,0.0571965720263915
1266,state_cond,10,0.01440203593540642,0.070604518974677
1267,state_cond,10,0.01413951252466857,0.06997116322073647
1268,state_cond,10,0.011275449089650462,0.06081822115842286
1269,state_cond,10,0.012647236754707487,0.06594215633039421
1270,state_cond,10,0.01619615556813546,0.0754230742996758
1271,state_cond,10,0.012027350409709965,0.06385711896104307
1272,state_cond,10,0.03440280149913085,0.11259971410398706
1273,state_cond,10,0.04968510061795506,0.13477817631027464
1274,state_cond,10,0.011300757321877014,0.06091371321508212
1275,state_cond,10,0.0214892954112369,0.08889448803234187
1276,state_cond,10,0.011648494678804277,0.06235404859501378
1277,state_cond,10,0.03929887807600918,0.1199350671350139
1278,state_cond,10,0.022832689697610167,0.09184128811235227
1279,state_cond,10,0.015289291798126787,0.07288254989212936
1280,state_cond,10,0.027545467765551432,0.10103274062429735
1281,state_cond,10,0.011449810939566023,0.06144657900764078
1282,state_cond,10,0.020690271255113368,0.08702060034360509
1283,state_cond,10,0.013140929148573057,0.06740272850528176
1284,state_cond,10,0.02114331709430508,0.08808232258462274
1285,state_cond,10,0.027263754580652912,0.10054563633277498
1286,state_cond,10,0.01441500720639311,0.07070504223354511
1287,state_cond,10,0.017390482203963907,0.07844712375464712
1288,state_cond,10,0.08668180207930791,0.17925664618133094
1289,state_cond,10,0.05131987757173164,0.13700735754332352
1290,state_cond,10,0.031140194655253327,0.10719522091123494
1291,state_cond,10,0.01482526693915065,0.07167921469768074
1292,state_cond,10,0.014346380964119974,0.07054334819619625
1293,state_cond,10,0.013499010085505886,0.06844231052912429
1294,state_cond,10,0.03636111080432692,0.11564001864024866
1295,state_cond,10,0.013312568583766194,0.06790347795717985
1296,state_cond,10,0.03436730985269144,0.11253488520543825
1297,state_cond,10,0.01536428462378607,0.06340189327865722
1298,state_cond,10,0.013484064436925102,0.058556023362362826
1299,state_cond,10,0.011102629389231752,0.05250743552976521
1300,state_cond,10,0.01820991751894377,0.07025318726755637
1301,state_cond,10,0.01470609823888673,0.06170207866267327
1302,state_cond,10,0.017673583920371435,0.06897155999981508
1303,state_cond,10,0.01345963451755119,0.058367406366230445
1304,state_cond,10,0.00890790301484628,0.04763996997651103
1305,state_cond,10,0.007487059456657945,0.04680171891111065
1306,state_cond,10,0.013594881107624145,0.059242439783441916
1307,state_cond,10,0.01638490742250275,0.06613909451005312
1308,state_cond,10,0.012534862820300228,0.05636753567411165
1309,state_cond,10,0.00752365755796931,0.04508282011984732
1310,state_cond,10,0.017089992998485227,0.06802347296077838
1311,state_cond,10,0.007449613827744775,0.04508142998410891
1312,state_cond,10,0.02089537342184473,0.07662532568856227
1313,state_cond,10,0.015591737085646915,0.06429516172693157
1314,state_cond,10,0.01531840810972499,0.06364523237661218
1315,state_cond,10,0.018704233223510055,0.07180095790272176
1316,state_cond,10,0.022387307639540763,0.07969242353000842
1317,state_cond,10,0.011031973591154492,0.05259790544171997
1318,state_cond,10,0.013093096854614215,0.0578150123839707
1319,state_cond,10,0.0197637374336198,0.07408922385079805
1320,state_cond,10,0.021451496179153384,0.07767862380852518
1321,state_cond,10,0.023241561110085747,0.08136020030649795
1322,state_cond,10,0.014983408212895148,0.06262591192583844
1323,state_cond,10,0.0137598963480525,0.059406479879543735
1324,state_cond,10,0.008327773038200082,0.04665006354131289
1325,state_cond,10,0.010876047320710848,0.0521193884804267
1326,state_cond,10,0.024471969706999552,0.08382771455665637
1327,state_cond,10,0.023226005789175115,0.08124122828249673
1328,state_cond,10,0.017964503026713877,0.06974374657612062
1329,state_cond,10,0.010144685428339956,0.05047882409226676
1330,state_cond,10,0.01116345376423276,0.05282245048350717
1331,state_cond,10,0.014736583139466094,0.062024396597465434
1332,state_cond,10,0.02122828891667145,0.07709122869059405
1333,state_cond,10,0.01902772098534247,0.07228323707178014
1334,state_cond,10,0.01093013266929683,0.05219918252563029
1335,state_cond,10,0.014412696064928092,0.06115102227131809
1336,state_cond,10,0.020116075261019294,0.0746123304969975
1337,state_cond,10,0.01566981510137031,0.06422413525906123
1338,state_cond,10,0.02203607021026042,0.07873464627600979
1339,state_cond,10,0.016159212973456027,0.06532509776069158
1340,state_cond,10,0.01493853983044995,0.06238919957554614
1341,state_cond,10,0.018033026265814912,0.06989412101666202
1342,state_cond,10,0.0158714354784609,0.06468080741986641
1343,state_cond,10,0.014532445641245942,0.061423941513327834
1344,state_cond,10,0.010520247884441752,0.05124710973974507
1345,state_cond,10,0.009722133972055591,0.04961463752867505
1346,state_cond,10,0.013911703467445344,0.05988577758548179
1347,state_cond,10,0.007752686601330287,0.045740732261388396
1348,state_cond,10,0.007517698973712042,0.047187354140428045
1349,state_cond,10,0.011088012125056314,0.0526490403524461
1350,state_cond,10,0.010558534313135873,0.06209982267395158
1351,state_cond,10,0.016646431685880193,0.07902676107853232
1352,state_cond,10,0.01723195769231785,0.06832459531890941
1353,state_cond,10,0.012446681216276175,0.05620724266899419
1354,state_cond,10,0.016386828920443988,0.06621188789846241
1355,state_cond,10,0.017316483947459115,0.06848566144869801
1356,state_cond,10,0.01688479347814137,0.06737708753133156
1357,state_cond,10,0.014225656983354222,0.06087802582033846
1358,state_cond,10,0.012949814529160074,0.05741648634833464
1359,state_cond,10,0.005259312979104248,0.037597192818972516
1360,state_cond,10,0.0055631434596357405,0.03874700697218444
1361,state_cond,10,0.0046152300918913215,0.03660472627973874
1362,state_cond,10,0.0054707588448769,0.04345069743250921
1363,state_cond,10,0.004752743154325926,0.03619789784583829
1364,state_cond,10,0.006161094659128575,0.046872423418430516
1365,state_cond,10,0.007217200683907252,0.04442284279186176
1366,state_cond,10,0.005205331802116397,0.03732766394759447
1367,state_cond,10,0.006334285559054197,0.047624096125138835
1368,state_cond,10,0.004648122131930771,0.03699922690816689
1369,state_cond,10,0.0048995793829355126,0.036432572829168425
1370,state_cond,10,0.006228335782572043,0.04726586869408209
1371,state_cond,10,0.01306492215029006,0.06831268091836497
1372,state_cond,10,0.00544193449958034,0.03836432356640122
1373,state_cond,10,0.006223651112730131,0.04080036962652971
1374,state_cond,10,0.004667056073300373,0.03847129787166071
1375,state_cond,10,0.004671253494009506,0.03605903519208383
1376,state_cond,10,0.005280573210781157,0.037747076766818904
1377,state_cond,10,0.00465264945201918,0.03625845624166763
1378,state_cond,10,0.004873407743557714,0.036316852978531974
1379,state_cond,10,0.005443912275226661,0.03832198230633971
1380,state_cond,10,0.004576071444049385,0.03692020917062687
1381,state_cond,10,0.004606100928258314,0.03633425214421453
1382,state_cond,10,0.005488368189248858,0.038523548767186104
1383,state_cond,10,0.004644613453519953,0.03812819948063579
1384,state_cond,10,0.0057527524489391765,0.039379752157169004
1385,state_cond,10,0.007082153561214397,0.043752253288769784
1386,state_cond,10,0.004857278819278019,0.036323918189652325
1387,state_cond,10,0.006071154734021622,0.04026700655165986
1388,state_cond,10,0.0060926757783066705,0.04031114709489814
1389,state_cond,10,0.00540941781976963,0.03803503045679868
1390,state_cond,10,0.004621377932353752,0.03705672775681583
1391,state_cond,10,0.004666899180657505,0.036336696456163414
1392,state_cond,10,0.00462697846721753,0.037758308270911596
1393,state_cond,10,0.004592391389228195,0.0365604063585209
1394,state_cond,10,0.0045917942572058805,0.03701053433165817
1395,state_cond,10,0.005164418169599904,0.03727730413863647
1396,state_cond,10,0.006097186361228334,0.04038746672256815
1397,state_cond,10,0.005556757654369139,0.03867277375513416
1398,state_cond,10,0.00679001064974368,0.042704825012332144
1399,state_cond,10,0.005406149106075951,0.038002723479041586
1400,state_cond,10,0.005897901531314192,0.03970470038111201
1401,state_cond,10,0.004628660583363985,0.037814938393883855
1402,state_cond,10,0.004754532837707764,0.036480982178079845
1403,state_cond,10,0.004974018068059278,0.03658778075464769
1404,state_cond,10,0.005465080640549286,0.03828819544229047
1405,state_cond,10,0.0047579136418242135,0.03613980355324194
1406,state_cond,10,0.00492861275181009,0.03650097338849194
1407,state_cond,10,0.004805053716253186,0.03617539115062549
1408,state_cond,10,0.005467841600383644,0.03833282530264572
1409,state_cond,10,0.004592118202475956,0.03679916966008207
1410,state_cond,10,0.006425000764274422,0.04137672608553386
1411,state_cond,10,0.0049394632108265175,0.040519513102654815
1412,state_cond,10,0.005323427584564755,0.03777741625326328
1413,state_cond,10,0.004906709731245635,0.03646142722098332
1414,state_cond,10,0.00504940877049819,0.04085940317623619
1415,state_cond,10,0.008669947862731082,0.056032133096749044
1416,state_cond,10,0.004841956979515801,0.03625443977153889
1417,state_cond,10,0.006405783985556016,0.041357880100881955
1418,state_cond,10,0.008136456463819448,0.047031992985161586
1419,state_cond,10,0.0061224515237826085,0.040379288455213075
1420,state_cond,10,0.007369742085907156,0.04457255456024069
1421,state_cond,10,0.004791109079657982,0.03682275685742075
1422,state_cond,10,0.0052905904235315,0.037566730316538836
1423,state_cond,10,0.004792564682200889,0.03899952356933951
1424,state_cond,10,0.015552936586909694,0.06730596804276284
1425,state_cond,10,0.007199592109021084,0.043814374963322314
1426,state_cond,10,0.01154155847991092,0.056627690035283874
1427,state_cond,10,0.010020664240052471,0.05234945930913543
1428,state_cond,10,0.011085536047573442,0.05531823905221143
1429,state_cond,10,0.00998422683708309,0.05220695785899564
1430,state_cond,10,0.0050826506093955975,0.03899326450893448
1431,state_cond,10,0.005948717252922285,0.039262760370371415
1432,state_cond,10,0.007983571880035312,0.054167916226669756
1433,state_cond,10,0.010454470246292865,0.05387208418719567
1434,state_cond,10,0.012745573640886314,0.05996244841734669
1435,state_cond,10,0.007567005566066353,0.045220600212634625
1436,state_cond,10,0.013841687344952856,0.0628782520017046
1437,state_cond,10,0.014512511707626784,0.06464478746448238
1438,state_cond,10,0.0072751148569070705,0.044110545895238946
1439,state_cond,10,0.014294335382929412,0.06402174183912486
1440,state_cond,10,0.007638040563594984,0.045367855608763046
1441,state_cond,10,0.010798168432705644,0.05466444915980139
1442,state_cond,10,0.005139252242756816,0.038115591273351006
1443,state_cond,10,0.015765782818389015,0.0679062361660247
1444,state_cond,10,0.008708460043450215,0.048782679712905556
1445,state_cond,10,0.009678469676617646,0.05155637450783814
1446,state_cond,10,0.011399164215532446,0.05638062174253295
1447,state_cond,10,0.009821103068711505,0.051927425093863194
1448,state_cond,10,0.005987999733879641,0.0395275098432746
1449,state_cond,10,0.009297638425157633,0.05053183036739797
1450,state_cond,10,0.012526663295660974,0.05933182380489133
1451,state_cond,10,0.007331190698770849,0.0443396114335272
1452,state_cond,10,0.009462444812566487,0.0509977769277661
1453,state_cond,10,0.010140464560020528,0.052841246960793724
1454,state_cond,10,0.007843379529447225,0.04612111230469303
1455,state_cond,10,0.009192091087097716,0.05024827654606737
1456,state_cond,10,0.006678659080020113,0.04207832704477058
1457,state_cond,10,0.00682885456557962,0.042620657483474114
1458,state_cond,10,0.006457593928142746,0.04134259677804668
1459,state_cond,10,0.0051316249733981455,0.03771084290014985
1460,state_cond,10,0.012346403253460465,0.05898758141552506
1461,state_cond,10,0.01485318711402918,0.06559621236012565
1462,state_cond,10,0.006478499320749524,0.041357418708682904
1463,state_cond,10,0.006885288925679179,0.050110197091245534
1464,state_cond,10,0.00615578230777516,0.040251867627449325
1465,state_cond,10,0.005405347967863931,0.04235758521781858
1466,state_cond,10,0.005800790216288391,0.03898341677562766
1467,state_cond,10,0.012646568155863012,0.05981605498344122
1468,state_cond,10,0.005019394644156465,0.03907469208821092
1469,state_cond,10,0.010596201063470848,0.05432353244335531
1470,state_cond,10,0.012608124131366609,0.05969056784255551
1471,state_cond,10,0.005358493418476638,0.03777239851733624
1472,state_cond,10,0.006902469941137211,0.04293660032476039
1473,state_cond,10,0.006611740812328398,0.04194859002377147
1474,state_cond,10,0.005165259440035938,0.0375315946215438
1475,state_cond,10,0.008568101720591227,0.048561603018650576
1476,state_cond,10,0.005343825070000063,0.03770014621398234
1477,state_cond,10,0.008068859697330294,0.046985443871922994
1478,state_cond,10,0.010028241521819165,0.060647470136861774
1479,state_cond,10,0.005239424795481267,0.04140809635247546
1480,state_cond,10,0.01073148202963878,0.0547867386045552
1481,state_cond,10,0.009568283994634904,0.05142081321391328
1482,state_cond,10,0.00936541294203687,0.050854602281741004
1483,state_cond,10,0.010919096180464424,0.05527694004196034
1484,state_cond,10,0.009992223276135633,0.05257341659011365
1485,state_cond,10,0.008859302212542613,0.04939859795258997
1486,state_cond,10,0.008636381519330731,0.04875777639823089
1487,state_cond,10,0.03314795012753492,0.11155701905365725
1488,state_cond,10,0.023623022727975812,0.09322354881626037
1489,state_cond,10,0.018344434526007643,0.08125900671524226
1490,state_cond,10,0.06083253135733354,0.151588765704223
1491,state_cond,10,0.02927950238297486,0.10458600653579964
1492,state_cond,10,0.029541700693600233,0.10508681264650953
1493,state_cond,10,0.03432980633922901,0.11367186429718172
1494,state_cond,10,0.03323190449492707,0.1117711975202295
1495,state_cond,10,0.03020461460683005,0.10633888865010516
1496,state_cond,10,0.03581249213181292,0.11618333665852976
1497,state_cond,10,0.1387564444400519,0.2256293102535171
1498,state_cond,10,0.10753483265121429,0.19985514519450812
1499,state_cond,10,0.06687825791568143,0.15880999547622343
1500,state_cond,10,0.05310440818917115,0.1415286025890581
1501,state_cond,10,0.06989907814718158,0.16227831331253106
1502,state_cond,10,0.06383350167233653,0.15495927911306975
1503,state_cond,10,0.043107736700914986,0.1274369961198109
1504,state_cond,10,0.043856258314941034,0.12859704692456048
1505,state_cond,10,0.0672550605505279,0.15920953728122714
1506,state_cond,10,0.0412216147128443,0.12462779761778559
1507,state_cond,10,0.03672085546379938,0.11750052699486327
1508,state_cond,10,0.03302062703867349,0.11124386357316918
1509,state_cond,10,0.0509731536233005,0.13871804200790344
1510,state_cond,10,0.052060253594653105,0.1401852814235208
1511,state_cond,10,0.02937032368869044,0.10462920097397946
1512,state_cond,10,0.04115220324231535,0.12460804379277124
1513,state_cond,10,0.034612981482312,0.1140454434061049
1514,state_cond,10,0.035551933601685244,0.11566456438465628
1515,state_cond,10,0.04953810863251259,0.13685761210075129
1516,state_cond,10,0.05980797442261542,0.15024363924844264
1517,state_cond,10,0.058497254943369104,0.14856045425070805
1518,state_cond,10,0.030614205618915317,0.10698497429128778
1519,state_cond,10,0.03958795353107226,0.12220009081504929
1520,state_cond,10,0.0668236704739205,0.1587697591042571
1521,state_cond,10,0.04077221289765786,0.12401254568844325
1522,state_cond,10,0.046165627831206486,0.13204005859866513
1523,state_cond,10,0.06615842204258897,0.1579552413277036
1524,state_cond,10,0.09471592507910373,0.18805659319562676
1525,state_cond,10,0.03587766235466588,0.1160668705650836
1526,state_cond,10,0.11945050847089651,0.2099528077473484
1527,state_cond,10,0.12605316614220868,0.21526147423326902
1528,state_cond,10,0.04297421338546614,0.1271395419400321
1529,state_cond,10,0.06421816095426097,0.15542954214538027
1530,state_cond,10,0.09695757499865919,0.19000307993451004
1531,state_cond,10,0.12294657596092952,0.21266734133783033
1532,state_cond,10,0.07640624939623149,0.1692142814108693
1533,state_cond,10,0.033577438829892836,0.11193718808196272
1534,state_cond,10,0.07603628862599,0.16889650081232216
1535,state_cond,10,0.09646424666291335,0.1895054166083584
1536,state_cond,10,0.057831519675417005,0.1473515042541554
1537,state_cond,10,0.04821050807621269,0.13464974195811824
1538,state_cond,10,0.03171799755686626,0.10867419331363766
1539,state_cond,10,0.04921759774001725,0.13618534815852945
1540,state_cond,10,0.06842125385274743,0.16037940621006683
1541,state_cond,10,0.05938124578080617,0.14949785856505873
1542,state_cond,10,0.037460264963849715,0.11864588382416572
1543,state_cond,10,0.0756457270005875,0.1686551379579871
1544,state_cond,10,0.047540014358585625,0.13390174441177152
1545,state_cond,10,0.04315547486378667,0.1275537797790602
1546,state_cond,10,0.06028132268865715,0.15062225131436102
1547,state_cond,10,0.05005092942916234,0.13737849118966536
1548,state_cond,10,0.05433561596031999,0.14308523771816453
1549,state_cond,10,0.1163625994999736,0.20753216022089876
1550,state_cond,10,0.08684517600657539,0.1803531822186628
1551,state_cond,10,0.0760990155356769,0.16925761232185774
1552,state_cond,10,0.09776946837683113,0.19098152844847766
1553,state_cond,10,0.09664437089109483,0.18987923608965981
1554,state_cond,10,0.08485037202174278,0.1782741248701323
1555,state_cond,10,0.06065476676911661,0.15142977727636817
1556,state_cond,10,0.08113644012163539,0.17456409299876743
1557,state_cond,10,0.09406359138994602,0.1874291131442864
1558,state_cond,10,0.1510224436091306,0.23499911490897393
1559,state_cond,10,0.1052628990092778,0.1976328810069514
1560,state_cond,10,0.06312733328474139,0.15449697207901697
1561,state_cond,10,0.06236009783185263,0.15358033038132632
1562,state_cond,10,0.0794427058074914,0.17288813068290743
1563,state_cond,10,0.09236745230683056,0.18582043995025496
1564,state_cond,10,0.12405775250428895,0.2139917144035092
1565,state_cond,10,0.0939903920723562,0.1872175928875261
1566,state_cond,10,0.1335494908351317,0.22169258367075217
1567,state_cond,10,0.11455421005633287,0.20584590836470304
1568,state_cond,10,0.07517444134399391,0.16817924455067165
1569,state_cond,10,0.13886549343491755,0.22582262057177716
1570,state_cond,10,0.09198929646215773,0.18508760326241944
1571,state_cond,10,0.07282965041541303,0.16556611916439873
1572,state_cond,10,0.06117072904196084,0.15197032876834732
1573,state_cond,10,0.12999559895694998,0.21883930698484266
1574,state_cond,10,0.09947699488015663,0.19232356007713697
1575,state_cond,10,0.11722525878461058,0.20813570597966602
1576,state_cond,10,0.13404718735058388,0.22202172659884725
1577,state_cond,10,0.10937560165931184,0.20123467975581924
1578,state_cond,10,0.10644874598656857,0.19859835042043508
1579,state_cond,10,0.08552285110626578,0.17884330604168824
1580,state_cond,10,0.10608968309122133,0.19831653759566534
1581,state_cond,10,0.05922651373265725,0.14951697925043114
1582,state_cond,10,0.12020852035558034,0.2106443787321651
1583,state_cond,10,0.1194438441904375,0.20995586718261514
1584,state_cond,10,0.11151375307844813,0.20314385155220865
1585,state_cond,10,0.047697074878503616,0.1338464999712087
1586,state_cond,10,0.08262478813295299,0.17598692256899442
1587,state_cond,10,0.08053089122741416,0.17392546657831215
1588,state_cond,10,0.07115446256222628,0.1638175015783324
1589,state_cond,10,0.06834851972143624,0.1607024584916285
1590,state_cond,10,0.0832406996584177,0.17672213418182472
1591,state_cond,10,0.10633315421134273,0.19872747396917947
1592,state_cond,10,0.06351621136499412,0.15503753594875003
1593,state_cond,10,0.10022095100298603,0.19324289578317264
1594,state_cond,10,0.09098102057281272,0.18439233788115864
1595,state_cond,10,0.07889784903305475,0.17228640562754932
1596,state_cond,10,0.1059144221848556,0.19830921709001612
1597,state_cond,10,0.12367533026677438,0.21362863274684302
1598,state_cond,10,0.1676423977675506,0.2465656131403533
1599,state_cond,10,0.15600209692311515,0.23842395124828636
1600,state_cond,10,0.13195848759763165,0.22028587393313726
1601,state_cond,10,0.09736130459938303,0.19008626645177987
1602,state_cond,10,0.13985598828191895,0.22644313754962317
1603,state_cond,10,0.1435330540476813,0.22907023106936988
1604,state_cond,10,0.07881225942826575,0.17184182795117625
1605,state_cond,10,0.11253941507066559,0.20402165014023957
1606,state_cond,10,0.12279012313170734,0.21273791479673393
1607,state_cond,10,0.07693001574966854,0.1698438368477192
1608,state_cond,10,0.11687296833834125,0.20775780834232357
1609,state_cond,10,0.11467014600342168,0.20584351862632172
1610,state_cond,10,0.11265889194606338,0.2040890317694401
1611,state_cond,10,0.08944411754473099,0.18353917042701534
1612,state_cond,10,0.04097075844691462,0.1244445239084252
1613,state_cond,10,0.0693130554196837,0.16224751138618806
1614,state_cond,10,0.0619238006246923,0.15346698339274317
1615,state_cond,10,0.028300472256159382,0.10255433947298169
1616,state_cond,10,0.0526448672009459,0.14145007869909665
1617,state_cond,10,0.06340336500188239,0.1553483834568412
1618,state_cond,10,0.05200159714707608,0.14052638941330017
1619,state_cond,10,0.06733983228168383,0.15997268022823788
1620,state_cond,10,0.12336593390454728,0.2134655993818198
1621,state_cond,10,0.023968519352057044,0.09375259884893171
1622,state_cond,10,0.06788442835556747,0.16063851981452504
1623,state_cond,10,0.02924791722582557,0.1043457406816731
1624,state_cond,10,0.05125205496275014,0.1395197640665762
1625,state_cond,10,0.04302461816520569,0.1276223942291314
1626,state_cond,10,0.048567191642120186,0.1358058411224197
1627,state_cond,10,0.041748370094214414,0.12568479194226004
1628,state_cond,10,0.06638561204886308,0.15894176167071158
1629,state_cond,10,0.031151892450715174,0.10794723991950515
1630,state_cond,10,0.0502494503438345,0.1381526194030062
1631,state_cond,10,0.04355493247536673,0.12843002858396488
1632,state_cond,10,0.06254888840773026,0.15426153709643994
1633,state_cond,10,0.07057450488841302,0.16375572975910752
1634,state_cond,10,0.04108150329596277,0.12460750862312377
1635,state_cond,10,0.0690071527566377,0.16191371857076983
1636,state_cond,10,0.024194286918682657,0.09433442478926547
1637,state_cond,10,0.057874096327553366,0.14845933087054713
1638,state_cond,10,0.03647549609779909,0.11725815139155862
1639,state_cond,10,0.023563245093026586,0.0930379269800322
1640,state_cond,10,0.029905246727913507,0.10565824485200184
1641,state_cond,10,0.026099627722369872,0.09830629583320663
1642,state_cond,10,0.035594168637030126,0.1158230978508656
1643,state_cond,10,0.030534063046186884,0.10686841212487067
1644,state_cond,10,0.04733823126971896,0.13409353623059336
1645,state_cond,10,0.048866786983318644,0.13626994477640741
1646,state_cond,10,0.0769303258785094,0.170880262642401
1647,state_cond,10,0.06345318001363141,0.1554653248796133
1648,state_cond,10,0.05421287072536606,0.14365083219555536
1649,state_cond,10,0.04425937099516926,0.12952117766707208
1650,state_cond,10,0.025366578979974658,0.09679698891896237
1651,state_cond,10,0.0868429702811943,0.18111501715031905
1652,state_cond,10,0.048948941841078744,0.1363347762410248
1653,state_cond,10,0.0502538643187737,0.13813556385922068
1654,state_cond,10,0.05815559448302145,0.1487630233345888
1655,state_cond,10,0.044761431728396216,0.13023301974761534
1656,state_cond,10,0.059280924885836965,0.15021205214637978
1657,state_cond,10,0.050554980813334295,0.1385605455363005
1658,state_cond,10,0.03354230288347966,0.11220759977816148
1659,state_cond,10,0.028705971631362466,0.10332766504264602
1660,state_cond,10,0.04099848143961707,0.12452204386637916
1661,state_cond,10,0.03272334871389452,0.11081120984868245
1662,state_cond,10,0.09625397227908668,0.19012373716330122
1663,state_cond,10,0.051956575596902116,0.14053901556022352
1664,state_cond,10,0.03620899304727561,0.11678713493175054
1665,state_cond,10,0.06621803645069187,0.15869093068530865
1666,state_cond,10,0.0392662780181692,0.121791436067729
1667,state_cond,10,0.07500246257984017,0.16876836530272954
1668,state_cond,10,0.09233213853578298,0.18639415518403363
1669,state_cond,10,0.07211336225977676,0.16548999926065994
1670,state_cond,10,0.09471986004356887,0.1885247485925041
1671,state_cond,10,0.09829718460863941,0.19185186322659295
1672,state_cond,10,0.07918085994979446,0.17310927588022593
1673,state_cond,10,0.04474593492024139,0.1301173618372359
1674,state_cond,10,0.0894192956119387,0.1834992278695279
1675,state_cond,10,0.09386263593964243,0.18769555568265894
1676,state_cond,10,0.011610704405635714,0.05760891873219325
1677,state_cond,10,0.01862677308150418,0.07443967533291432
1678,state_cond,10,0.006729471088543142,0.04872332881924876
1679,state_cond,10,0.007799648889877376,0.052492922933653124
1680,state_cond,10,0.008361971620439387,0.05431242568398435
1681,state_cond,10,0.004881145118641502,0.03929824789317608
1682,state_cond,10,0.015121649733548003,0.07299011389844778
1683,state_cond,10,0.005580216640867038,0.03922512693137366
1684,state_cond,10,0.012033873811454486,0.05867054987455097
1685,state_cond,10,0.007664589778623077,0.0516961692965021
1686,state_cond,10,0.009671442509953193,0.052518453932222965
1687,state_cond,10,0.005878013078972908,0.040351338992816156
1688,state_cond,10,0.011504089220950336,0.06333143708072733
1689,state_cond,10,0.004795882948499302,0.03826822797433917
1690,state_cond,10,0.01611818214297684,0.06861032235761669
1691,state_cond,10,0.004884360098787557,0.0367382567281957
1692,state_cond,10,0.0053723319657847796,0.03854628436763095
1693,state_cond,10,0.007834216674927218,0.04686796788684642
1694,state_cond,10,0.006289034281370255,0.04163774955793535
1695,state_cond,10,0.007803417077698423,0.04675448457880746
1696,state_cond,10,0.004743729445923654,0.03649301291746449
1697,state_cond,10,0.008669499937845621,0.0494591706959434
1698,state_cond,10,0.005810878789388267,0.044871977693983676
1699,state_cond,10,0.004997891693614375,0.03712267537710295
1700,state_cond,10,0.012657442156533001,0.06028295421912928
1701,state_cond,10,0.005894892154908098,0.04033725689812204
1702,state_cond,10,0.0063103250791928175,0.04171674048430453
1703,state_cond,10,0.0046378190165834,0.03697291868751155
1704,state_cond,10,0.021905668151566877,0.08136680922103738
1705,state_cond,10,0.007068180757567199,0.04428586426675294
1706,state_cond,10,0.004652138142783592,0.03635243610580981
1707,state_cond,10,0.004640133319850477,0.03671603800046279
1708,state_cond,10,0.007831240720319979,0.04685904646112218
1709,state_cond,10,0.0059291386969841185,0.04046988281872065
1710,state_cond,10,0.011246758746504876,0.056771247832113715
1711,state_cond,10,0.006179066940007535,0.04127376252983565
1712,state_cond,10,0.014468250707245455,0.06479749591257646
1713,state_cond,10,0.013612961940922751,0.06264957425124792
1714,state_cond,10,0.011840061173875512,0.058306394160656076
1715,state_cond,10,0.00465035887829937,0.0372528965825686
1716,state_cond,10,0.017989149429430508,0.07329376082393471
1717,state_cond,10,0.009887602104038407,0.053163826902978356
1718,state_cond,10,0.004797360066747548,0.03627769983426181
1719,state_cond,10,0.005605868643048253,0.03937376454099352
1720,state_cond,10,0.006310860568369671,0.047074038494848806
1721,state_cond,10,0.006136485410879305,0.041150920002011614
1722,state_cond,10,0.006316753897867796,0.04175881458195377
1723,state_cond,10,0.012701184029812256,0.06045907825403838
1724,state_cond,10,0.006995797486237959,0.04404116376605114
1725,state_cond,10,0.01686408903435459,0.07068993466419982
1726,state_cond,10,0.007457782797106836,0.04567562166018039
1727,state_cond,10,0.0060215264406259785,0.04077405311893366
1728,state_cond,10,0.006422199691993786,0.047499551783335196
1729,state_cond,10,0.005298485974242872,0.0420891515711707
1730,state_cond,10,0.009647158188959426,0.05246923000817401
1731,state_cond,10,0.009444109955028219,0.051869928577446045
1732,state_cond,10,0.012971085606175487,0.06109580987143497
1733,state_cond,10,0.0048468781364740185,0.0364571136064677
1734,state_cond,10,0.011308914167430805,0.05691512448612728
1735,state_cond,10,0.010145131870446078,0.05384816191940382
1736,state_cond,10,0.00883874786595014,0.050037169362653976
1737,state_cond,10,0.010503040059950263,0.05481123630729344
1738,state_cond,10,0.02178860452392741,0.07693524777505013
1739,state_cond,10,0.02106789811126721,0.07551922775111819
1740,state_cond,10,0.022689074574606744,0.07876796135070377
1741,state_cond,10,0.014152498163223825,0.06069944569399739
1742,state_cond,10,0.037154130413402764,0.1038723547227218
1743,state_cond,10,0.01767781290798365,0.06855766602662594
1744,state_cond,10,0.028951900990217737,0.09048741705750034
1745,state_cond,10,0.028893805455923727,0.09041541964825758
1746,state_cond,10,0.018489957037416852,0.07037096683586215
1747,state_cond,10,0.02927726127038043,0.0910004341438908
1748,state_cond,10,0.007873755899976237,0.046098672220097496
1749,state_cond,10,0.00797153234116902,0.05298243475130027
1750,state_cond,10,0.008635321380490243,0.047754299146253454
1751,state_cond,10,0.01759825765409826,0.06829141287015526
1752,state_cond,10,0.03490312709105422,0.10044458289380924
1753,state_cond,10,0.03362460462052683,0.09841455581919195
1754,state_cond,10,0.026512179437039658,0.08632622052766525
1755,state_cond,10,0.03056206810510632,0.0933794015930272
1756,state_cond,10,0.027043634995148697,0.08731683358009118
1757,state_cond,10,0.01745373814763405,0.068060449848662
1758,state_cond,10,0.02722196416226229,0.08760042507305164
1759,state_cond,10,0.019694674548085506,0.07285298158067495
1760,state_cond,10,0.014972363410981949,0.06233089866243013
1761,state_cond,10,0.036014558711258825,0.10227000123479724
1762,state_cond,10,0.030412982805649337,0.09313765800963102
1763,state_cond,10,0.03303812025960823,0.09743906227389999
1764,state_cond,10,0.01904532323262692,0.07151022526905744
1765,state_cond,10,0.012699162641291154,0.0571632144896396
1766,state_cond,10,0.029765826348964155,0.09201925793045862
1767,state_cond,10,0.0352760566436702,0.1010620017682144
1768,state_cond,10,0.025290318595797723,0.08405886222742143
1769,state_cond,10,0.028880048020178014,0.09047459366683062
1770,state_cond,10,0.011418301847725229,0.05396891889016716
1771,state_cond,10,0.024479534680408747,0.08250616314543535
1772,state_cond,10,0.00788056766200642,0.04610678580156615
1773,state_cond,10,0.010991627947859158,0.052961588944180495
1774,state_cond,10,0.028055253808731674,0.08898527858262946
1775,state_cond,10,0.027329817921171375,0.08768903121947189
1776,state_cond,10,0.02660665775595451,0.08641257110876664
1777,state_cond,10,0.02483042065059185,0.08312026557394994
1778,state_cond,10,0.016956831630833884,0.0667981685034012
1779,state_cond,10,0.009926490408534577,0.05048207116680363
1780,state_cond,10,0.0380120215710162,0.10521960079741544
1781,state_cond,10,0.0153269669804133,0.06311979980186293
1782,state_cond,10,0.007988715211846888,0.05299073721034338
1783,state_cond,10,0.012764836210687577,0.05722619062710459
1784,state_cond,10,0.0514650661985633,0.1395463926978914
1785,state_cond,10,0.007877402698114499,0.047053004939840784
1786,state_cond,10,0.03387659018113117,0.11146541704478106
1787,state_cond,10,0.012737391894780481,0.057143704978160216
1788,state_cond,10,0.05851099930479558,0.14892731403442075
1789,state_cond,10,0.012554550461950613,0.056678660573358665
1790,state_cond,10,0.05304485084281143,0.14150493398594205
1791,state_cond,10,0.009410824293890754,0.04981503259884817
1792,state_cond,10,0.026977087831494596,0.08691439649961441
1793,state_cond,10,0.010671920744995041,0.06260701313001858
1794,state_cond,10,0.008667329244374718,0.04811449994842048
1795,state_cond,10,0.009763066994478969,0.05982219982700038
1796,state_cond,10,0.02612888803509176,0.08537073268398271
1797,state_cond,10,0.016363498956357303,0.06541957564766737
1798,state_cond,10,0.012348236451918725,0.05620675809945747
1799,state_cond,10,0.01187047825440968,0.055072310469547324
1800,state_cond,10,0.022799176460475627,0.07906652988776033
1801,state_cond,10,0.01220067281444144,0.055888053433818384
1802,state_cond,10,0.008558693187832648,0.0504042341074797
1803,state_cond,10,0.011851829653793278,0.05527087857402348
1804,state_cond,10,0.014154465079744721,0.05978121274370491
1805,state_cond,10,0.015866774328556075,0.06329398166785015
1806,state_cond,10,0.016155264208805795,0.06394068797439867
1807,state_cond,10,0.012528254660448044,0.056582292213599485
1808,state_cond,10,0.014212097214376608,0.05990957872653741
1809,state_cond,10,0.0245287795259493,0.08121926879957006
1810,state_cond,10,0.014554985338851068,0.060571975943304615
1811,state_cond,10,0.019185596835983802,0.07072123113012178
1812,state_cond,10,0.015529511708571272,0.062470249240841415
1813,state_cond,10,0.013205880899874766,0.05778432673494145
1814,state_cond,10,0.012936741563297823,0.05729500840974226
1815,state_cond,10,0.019388918907141818,0.07123559286706219
1816,state_cond,10,0.008215456876432211,0.05183999612079981
1817,state_cond,10,0.008403285166028006,0.05321568323919306
1818,state_cond,10,0.02646027422139787,0.08493201592435166
1819,state_cond,10,0.0210869948268974,0.07470896339689748
1820,state_cond,10,0.018697411571544684,0.06964006753160644
1821,state_cond,10,0.008247857886333022,0.05178312414158412
1822,state_cond,10,0.008599426983657019,0.05419044500740367
1823,state_cond,10,0.008585171734861003,0.05402247483296988
1824,state_cond,10,0.026900159675008285,0.08563498143103856
1825,state_cond,10,0.019100617308712858,0.07055930425206687
1826,state_cond,10,0.014341772738586387,0.06007679627688879
1827,state_cond,10,0.016771510806448498,0.06530986344139718
1828,state_cond,10,0.015261621943167812,0.06190459450662715
1829,state_cond,10,0.00873958844473029,0.05026989179519579
1830,state_cond,10,0.022132278756171398,0.07671491004591104
1831,state_cond,10,0.01309561666325339,0.05755622555871939
1832,state_cond,10,0.03405935397893544,0.09752703693616176
1833,state_cond,10,0.018297920953544194,0.06872218611797043
1834,state_cond,10,0.01081303797678164,0.053897128297116105
1835,state_cond,10,0.009603912900093495,0.051797446232501924
1836,state_cond,10,0.00957367523833664,0.051716300097910464
1837,state_cond,10,0.01028616767432125,0.05293896093752207
1838,state_cond,10,0.016103966931188065,0.06366443726651953
1839,state_cond,10,0.021725919296372048,0.07592337517024164
1840,state_cond,10,0.018880537321629347,0.0700344158357093
1841,state_cond,10,0.008308272154785317,0.051221044534780165
1842,state_cond,10,0.021004116394319844,0.07449550833862313
1843,state_cond,10,0.026515520930116828,0.08490723715833273
1844,state_cond,10,0.010235160020199731,0.052813697493574216
1845,state_cond,10,0.016112206745355892,0.06372092023124332
1846,state_cond,10,0.02222417167163021,0.07689069905186774
1847,state_cond,10,0.017489221238405368,0.0669188412436874
1848,state_cond,10,0.0189398962517731,0.0701897438959121
1849,state_cond,10,0.017095361848340516,0.06603042427902003
1850,state_cond,10,0.022991483504260102,0.0783830553262971
1851,state_cond,10,0.013898317135013908,0.059173818431243745
1852,state_cond,10,0.024126846805034602,0.08056588604247743
1853,state_cond,10,0.01279718531443642,0.05705777620527054
1854,state_cond,10,0.013345937936958633,0.05800334682723911
1855,state_cond,10,0.013946547900581795,0.05927883671085707
1856,state_cond,10,0.008241113999754324,0.05107144454443955
1857,state_cond,10,0.011537253061945535,0.054918131415646984
1858,state_cond,10,0.017307260918070642,0.06649398957803077
1859,state_cond,10,0.016395698304615725,0.06441477274858794
1860,state_cond,10,0.01397329328764246,0.05930533590730985
1861,state_cond,10,0.0353343356904026,0.09945641719682859
1862,state_cond,10,0.10968599137925483,0.17856450802265755
1863,state_cond,10,0.11946500648780312,0.18609358507084034
1864,state_cond,10,0.07253265605705454,0.14479675752369162
1865,state_cond,10,0.07103226134191064,0.1430784623292607
1866,state_cond,10,0.11206905274682089,0.18043179858993358
1867,state_cond,10,0.10798081034432236,0.17723707340592668
1868,state_cond,10,0.12341554312846377,0.18903664024692168
1869,state_cond,10,0.104790544868706,0.17471498211922448
1870,state_cond,10,0.10678403373724259,0.1764034956669926
1871,state_cond,10,0.06039209351935881,0.1312593315527679
1872,state_cond,10,0.1269901887007858,0.19179141336523745
1873,state_cond,10,0.09508891083243474,0.16662093046441498
1874,state_cond,10,0.10328773959889086,0.1735992294514105
1875,state_cond,10,0.1293152970263204,0.19359859608219865
1876,state_cond,10,0.08386651652541303,0.15642456547566086
1877,state_cond,10,0.13033959301860826,0.19430084929674157
1878,state_cond,10,0.08675880635588804,0.15918304285146687
1879,state_cond,10,0.1206276371673453,0.1872233275049361
1880,state_cond,10,0.07594212283573464,0.14858387541350943
1881,state_cond,10,0.11826441945729287,0.18543717783381553
1882,state_cond,10,0.12210843599929372,0.18834205847619453
1883,state_cond,10,0.10184761761156087,0.17249514088375822
1884,state_cond,10,0.08047957274165413,0.1531359083379637
1885,state_cond,10,0.1252713320700182,0.19063875315179227
1886,state_cond,10,0.10885867850062673,0.17818592622348337
1887,state_cond,10,0.1205937198372901,0.18716656403034976
1888,state_cond,10,0.09306061540866334,0.16489959422541822
1889,state_cond,10,0.08334174782656162,0.1559279113162954
1890,state_cond,10,0.1104206537801316,0.1793783471089291
1891,state_cond,10,0.12821805452836454,0.19281113574286088
1892,state_cond,10,0.12055655060944762,0.18711375589922555
1893,state_cond,10,0.043535946201874814,0.11053453304210124
1894,state_cond,10,0.09682655468542997,0.1681204977888679
1895,state_cond,10,0.07270340828458303,0.1450025462660947
1896,state_cond,10,0.10392710673960714,0.1740405438525712
1897,state_cond,10,0.10661400925344196,0.17620976825506254
1898,state_cond,10,0.051036886065488694,0.12024607904432087
1899,state_cond,10,0.11638938679399374,0.18384115258275238
1900,state_cond,10,0.10427393339835671,0.17434240746070676
1901,state_cond,10,0.10264594606462653,0.17299221039544407
1902,state_cond,10,0.11925947124414862,0.18600253627298338
1903,state_cond,10,0.12692421546553675,0.19177700979724874
1904,state_cond,10,0.1014362000837207,0.1720298099983994
1905,state_cond,10,0.06757754097314538,0.13941833983147664
1906,state_cond,10,0.11008648402684237,0.1790028101793479
1907,state_cond,10,0.07916685198288584,0.15165182516300463
1908,state_cond,10,0.09467895872803803,0.1661609228064726
1909,state_cond,10,0.07938777378601662,0.15181742132931617
1910,state_cond,10,0.10423263802560141,0.17425669587915282
1911,state_cond,10,0.11342686488534755,0.18156540729968954
1912,state_cond,10,0.12702303317793429,0.19177240305233256
1913,state_cond,10,0.10118444806936042,0.1717482394216266
1914,state_cond,10,0.13636770783310323,0.19841948965882467
1915,state_cond,10,0.05878638271473436,0.12937802417720337
1916,state_cond,10,0.11087561573912183,0.17961257460066318
1917,state_cond,10,0.09844980288148789,0.16945597515463148
1918,state_cond,10,0.0939951314878656,0.16558620844267968
1919,state_cond,10,0.08121772083658003,0.15365170281555807
1920,state_cond,10,0.08062256889976722,0.15308036216296927
1921,state_cond,10,0.11061011784459655,0.17935523587381735
1922,state_cond,10,0.07503562465856939,0.14735637520163153
1923,state_cond,10,0.11187895604617043,0.18033577903432013
1924,state_cond,10,0.11962534858124597,0.18617970359596453
1925,state_cond,10,0.04859465087259089,0.11716768598645207
1926,state_cond,10,0.10904323936158107,0.1790864159257995
1927,state_cond,10,0.10778883040386658,0.17805778931495397
1928,state_cond,10,0.14495981954934045,0.2053583068134768
1929,state_cond,10,0.12807710382516974,0.1936425287533322
1930,state_cond,10,0.16529016552588102,0.2183333919215977
1931,state_cond,10,0.1314713857474141,0.1960281371939196
1932,state_cond,10,0.1408820168271527,0.2026397331192983
1933,state_cond,10,0.14504105811748333,0.20547974548024128
1934,state_cond,10,0.12109630273779706,0.18845817615314694
1935,state_cond,10,0.09416278577879425,0.16656830430189073
1936,state_cond,10,0.11301109793842061,0.1820382301645781
1937,state_cond,10,0.11264617620360613,0.1817234757861315
1938,state_cond,10,0.09520154286874062,0.1673763608624732
1939,state_cond,10,0.10668217294214197,0.17701807618847715
1940,state_cond,10,0.07068073792170435,0.14364732699500093
1941,state_cond,10,0.08810869922385527,0.16103020736933618
1942,state_cond,10,0.1292639641833655,0.1942958666429767
1943,state_cond,10,0.11505573486236981,0.18360537676841715
1944,state_cond,10,0.1328081204364222,0.19688155531832482
1945,state_cond,10,0.023853490610231093,0.07921280936061424
1946,state_cond,10,0.153282711572491,0.21060167396384868
1947,state_cond,10,0.1559352586520766,0.21231368820647903
1948,state_cond,10,0.1318735940273328,0.19622412506930118
1949,state_cond,10,0.17697499074028472,0.22509472567062178
1950,state_cond,10,0.16360119382792296,0.2171576515365597
1951,state_cond,10,0.16269854451569235,0.21661608001193808
1952,state_cond,10,0.14436680817652783,0.2047879170911369
1953,state_cond,10,0.15399759020937503,0.21113059355418437
1954,state_cond,10,0.13156564935037307,0.1960021862772997
1955,state_cond,10,0.18532517688282238,0.22988219114244463
1956,state_cond,10,0.13818973650944208,0.20068046498514938
1957,state_cond,10,0.18649500959378623,0.23053302700625627
1958,state_cond,10,0.1694793550736257,0.22078720124490808
1959,state_cond,10,0.17829420835507778,0.22594659772180112
1960,state_cond,10,0.17402902955338687,0.22348494269145858
1961,state_cond,10,0.1611331276687802,0.215726628137882
1962,state_cond,10,0.145896540996893,0.20592730596069014
1963,state_cond,10,0.1677179755108121,0.21976672395824065
1964,state_cond,10,0.17355487751053256,0.2232504256430145
1965,state_cond,10,0.15486574619841245,0.21184475517589196
1966,state_cond,10,0.16420401939788198,0.21767071489350523
1967,state_cond,10,0.16442955666365378,0.21783533981952627
1968,state_cond,10,0.17853407969459273,0.2261509643195728
1969,state_cond,10,0.1667327947842569,0.21924375641436436
1970,state_cond,10,0.17133923691707356,0.22199418686248354
1971,state_cond,10,0.15289469947883438,0.2106265937167026
1972,state_cond,10,0.12162985747412296,0.18890552573091293
1973,state_cond,10,0.16314323535240804,0.21704973421417842
1974,state_cond,10,0.18972704516737493,0.23242206752070244
1975,state_cond,10,0.17138813081152215,0.22207369230347537
1976,state_cond,10,0.1831408820605854,0.2288705761667068
1977,state_cond,10,0.15860162392950217,0.2143417390898156
1978,state_cond,10,0.19381815711372832,0.2346870230390644
1979,state_cond,10,0.13985402931844507,0.2020374733484294
1980,state_cond,10,0.18486123026052037,0.22984863155584162
1981,state_cond,10,0.19805054425312332,0.23695744975898264
1982,state_cond,10,0.12756532504973048,0.19341821661728217
1983,state_cond,10,0.18780608559624665,0.23147496026320455
1984,state_cond,10,0.1768994959346608,0.22537459175959287
1985,state_cond,10,0.20266536748282785,0.2394277449873208
1986,state_cond,10,0.195648708614957,0.23573673993185867
1987,state_cond,10,0.09415445563844593,0.16455983402348742
1988,state_cond,10,0.07800284692181475,0.14927604335667483
1989,state_cond,10,0.09344198061895881,0.16388448331461639
1990,state_cond,10,0.060158208341231076,0.13038498007016033
1991,state_cond,10,0.06708327614258076,0.13799856259899895
1992,state_cond,10,0.08092806810767027,0.15217901342596468
1993,state_cond,10,0.06444614859010657,0.13516616451311989
1994,state_cond,10,0.05562615358107865,0.12520205221246097
1995,state_cond,10,0.07767451948412767,0.14892492748309222
1996,state_cond,10,0.05856874552627031,0.12850672445529024
1997,state_cond,10,0.03359929175827476,0.09501994855285
1998,state_cond,10,0.036826108460524885,0.10001571673887229
1999,state_cond,10,0.054304016948521106,0.12354107964708179
2000,state_cond,10,0.07430785846189708,0.14539940226529793
2001,state_cond,10,0.0963697648908915,0.16648136962244392
2002,state_cond,10,0.05962807012917357,0.1296721216672143
2003,state_cond,10,0.061143996300398,0.1313438202276138
2004,state_cond,10,0.090250265346921,0.16104356587373228
2005,state_cond,10,0.10693768984168421,0.1754003480703326
2006,state_cond,10,0.07339257690609763,0.14451670540679842
2007,state_cond,10,0.08859668087404395,0.1595610087052048
2008,state_cond,10,0.1156056471101541,0.18221378608762048
2009,state_cond,10,0.049679176847343326,0.11792935323233303
2010,state_cond,10,0.06740742071029794,0.13820047045620573
2011,state_cond,10,0.0884158714063952,0.1593874909328223
2012,state_cond,10,0.0766580839634698,0.14792092824801037
2013,state_cond,10,0.09103383352230969,0.16182634446438426
2014,state_cond,10,0.08618038639208378,0.1573399570813341
2015,state_cond,10,0.07754877460427016,0.14884866973362673
2016,state_cond,10,0.0855287246138441,0.1566919421668561
2017,state_cond,10,0.08667511005787472,0.15779813244158428
2018,state_cond,10,0.05794157000463488,0.1277986372035236
2019,state_cond,10,0.10292362805293014,0.1721279930920536
2020,state_cond,10,0.12463336238541244,0.18905440215257194
2021,state_cond,10,0.06903879269894113,0.1399402836091659
2022,state_cond,10,0.08352149321580889,0.15480213588674682
2023,state_cond,10,0.09906562408103567,0.16893045280785474
2024,state_cond,10,0.10425062129963929,0.17326422373044253
2025,state_cond,10,0.09638130823671641,0.16663391725834897
2026,state_cond,10,0.07729739350654112,0.14869070046414873
2027,state_cond,10,0.09030105963153803,0.16121181624626962
2028,state_cond,10,0.10079227453945452,0.17044038020026123
2029,state_cond,10,0.09899062737426706,0.1689203880276906
2030,state_cond,10,0.08074657024063796,0.1521823475810142
2031,state_cond,10,0.10549503553221211,0.17435336754063854
2032,state_cond,10,0.11422112672205807,0.18128993278574748
2033,state_cond,10,0.10139385207399215,0.17101519994125064
2034,state_cond,10,0.06906555149708186,0.14008773893523496
2035,state_cond,10,0.09710061506202483,0.1673324534080843
2036,state_cond,10,0.09485662870667422,0.16536668688901185
2037,state_cond,10,0.11232414620468166,0.17983630983737112
2038,state_cond,10,0.10544481902312886,0.17435415363348533
2039,state_cond,10,0.04179574326265593,0.10741277247611465
2040,state_cond,10,0.08405554186839746,0.1553778331627517
2041,state_cond,10,0.11272270731638821,0.18015096046844947
2042,state_cond,10,0.10162105166304018,0.17123205238041334
2043,state_cond,10,0.11645799059409273,0.18304250561858948
2044,state_cond,10,0.1129031414505331,0.1803268913741612
2045,state_cond,10,0.06364740706536955,0.13437412715379984
2046,state_cond,10,0.0683226198216244,0.13935229305554106
2047,state_cond,10,0.10825495382050293,0.17672111690777592
2048,state_cond,10,0.26879819870322386,0.2686860127615174
2049,state_cond,10,0.23300568636800736,0.2520899743675525
2050,state_cond,10,0.2126326939143772,0.24207373971000437
2051,state_cond,10,0.22933810848676947,0.25030687474089114
2052,state_cond,10,0.21483039084245845,0.24316037731272933
2053,state_cond,10,0.193118340173075,0.23200572367384426
2054,state_cond,10,0.2529820519124582,0.26157015701964664
2055,state_cond,10,0.23573884762234878,0.2533894018712826
2056,state_cond,10,0.2096508242574387,0.24055840465608413
2057,state_cond,10,0.20440739339450162,0.2377619174433047
2058,state_cond,10,0.21408985001827865,0.24259971958778687
2059,state_cond,10,0.01864722661366471,0.06802686955342596
2060,state_cond,10,0.19862832308225564,0.2347296875155572
2061,state_cond,10,0.16699431366766915,0.2169372167610562
2062,state_cond,10,0.208717970143104,0.23995318752485287
2063,state_cond,10,0.23129310109248727,0.2512631560062944
2064,state_cond,10,0.26047396282678276,0.26497182835455896
2065,state_cond,10,0.25452315710065443,0.2622212667353234
2066,state_cond,10,0.24997904128390647,0.2600970462061677
2067,state_cond,10,0.2371152913779924,0.2540423656516824
2068,state_cond,10,0.22058271861339146,0.2457334574457381
2069,state_cond,10,0.22784149481559507,0.24948444296307296
2070,state_cond,10,0.22963527664350888,0.2503709612251796
2071,state_cond,10,0.2069697604712251,0.23902975070777724
2072,state_cond,10,0.22953938423292228,0.2503643765605284
2073,state_cond,10,0.2292126334367309,0.25024440203793363
2074,state_cond,10,0.20884580417552337,0.24003545980237734
2075,state_cond,10,0.24374095214649497,0.2572341264725549
2076,state_cond,10,0.22325649271020417,0.24724260176665844
2077,state_cond,10,0.2676500085898098,0.2681779468494753
2078,state_cond,10,0.24782378867120808,0.2591165332658943
2079,state_cond,10,0.2438453184569175,0.2572582540580489
2080,state_cond,10,0.22968654459162274,0.25042494734506554
2081,state_cond,10,0.2569361808233568,0.2633340506968591
2082,state_cond,10,0.2318323085668936,0.2514657007724241
2083,state_cond,10,0.22882427294423496,0.24997189775318746
2084,state_cond,10,0.2480880755847907,0.2592125319702739
2085,state_cond,10,0.08784108918773842,0.15806288863412538
2086,state_cond,10,0.24897363386533677,0.2596285090261026
2087,state_cond,10,0.20613936446046924,0.23861253905117008
2088,state_cond,10,0.2076759065403423,0.2394083627102103
2089,state_cond,10,0.2697171426978429,0.2690766360283377
2090,state_cond,10,0.21381500822930125,0.24250121798374108
2091,state_cond,10,0.21571835851718038,0.24347162839412212
2092,state_cond,10,0.24478029582064445,0.2577183861920794
2093,state_cond,10,0.24423114270641402,0.2574233978484887
2094,state_cond,10,0.22246116931223983,0.2467647855424314
2095,state_cond,10,0.1979686061002757,0.23440458938030242
2096,state_cond,10,0.20139130997876203,0.23615603346850725
2097,state_cond,10,0.22278155200206862,0.2469842519744079
2098,state_cond,10,0.2672564437506045,0.2680657965416822
2099,state_cond,10,0.2307749897728186,0.2509854999353618
2100,state_cond,10,0.16157602531150536,0.21364572033231524
2101,state_cond,10,0.17767947832638223,0.22324667930591555
2102,state_cond,10,0.2517261338314616,0.2610351916126775
2103,state_cond,10,0.23382815365162835,0.2525052263463502
2104,state_cond,10,0.23975696444277886,0.25532638434012833
2105,state_cond,10,0.24828659971242995,0.25934543900057333
2106,state_cond,10,0.24524277923741886,0.25791834097029176
2107,state_cond,10,0.1581066504008758,0.21146196040622786
2108,state_cond,10,0.2505904189411787,0.26041697557705135
2109,state_cond,10,0.22126586361068878,0.24619514773368487
2110,state_cond,10,0.2198669006273118,0.24549912149489722
2111,state_cond,10,0.22916432505437756,0.24928183170676885
2112,state_cond,10,0.22051581067067422,0.24494809923210228
2113,state_cond,10,0.24114517578018127,0.2551849897518812
2114,state_cond,10,0.2523228263667497,0.2605135639999293
2115,state_cond,10,0.21978879484819847,0.24470646135543697
2116,state_cond,10,0.16646870877795575,0.2150822651106285
2117,state_cond,10,0.21445802544752895,0.2419596627402478
2118,state_cond,10,0.23882824770578148,0.254080632673519
2119,state_cond,10,0.2156341364828742,0.2425574466206606
2120,state_cond,10,0.2016589752815715,0.23541558955010247
2121,state_cond,10,0.15816308203854468,0.21019369441286545
2122,state_cond,10,0.2666647904006589,0.267217776944208
2123,state_cond,10,0.2471570937738308,0.2582696082434877
2124,state_cond,10,0.24330936873377307,0.25643994501369394
2125,state_cond,10,0.11674901575447842,0.18142441941623405
2126,state_cond,10,0.2131014799363533,0.24146251800549895
2127,state_cond,10,0.22368554323986906,0.24686588054536435
2128,state_cond,10,0.22500354322506116,0.24751122480445498
2129,state_cond,10,0.197752310449847,0.23335411567713585
2130,state_cond,10,0.22265432183248257,0.24631052535347997
2131,state_cond,10,0.2587001557909356,0.2636346346530691
2132,state_cond,10,0.2056793180540125,0.23760635907501798
2133,state_cond,10,0.2653666022178771,0.26667797141701727
2134,state_cond,10,0.18618091029985537,0.22700645592018248
2135,state_cond,10,0.14810445456992258,0.2036911605721462
2136,state_cond,10,0.0682937905994669,0.13782917693089683
2137,state_cond,10,0.1357063554697377,0.19521935271633964
2138,state_cond,10,0.26908914907573034,0.26822897205078905
2139,state_cond,10,0.21086758938139802,0.24025335931066397
2140,state_cond,10,0.25962782544057933,0.26402082515193737
2141,state_cond,10,0.24542965985023285,0.257388213747919
2142,state_cond,10,0.22584590809603008,0.24796672956690058
2143,state_cond,10,0.24489028293995924,0.25716456157392786
2144,state_cond,10,0.24936514460432413,0.2592757902596488
2145,state_cond,10,0.23855578456013152,0.2540908413009386
2146,state_cond,10,0.24924670228369813,0.2592323033767099
2147,state_cond,10,0.24576706098364665,0.25764662342100636
2148,state_cond,10,0.2197037552730383,0.2449187280571068
2149,state_cond,10,0.2325010558070842,0.25127494066453787
2150,state_cond,10,0.2562617134710838,0.2625616481212521
2151,state_cond,10,0.2461596058306393,0.25785118987063155
2152,state_cond,10,0.24398442019217473,0.256822372517685
2153,state_cond,10,0.24531154968339447,0.25746351693021974
2154,state_cond,10,0.24223319575988253,0.25599523732345936
2155,state_cond,10,0.24049806722897,0.25516804085118894
2156,state_cond,10,0.2516034106767797,0.26045466874948947
2157,state_cond,10,0.16749056489960873,0.21618769192787393
2158,state_cond,10,0.21494955470020494,0.2425434488507258
2159,state_cond,10,0.20460008914322383,0.237126210367716
2160,state_cond,10,0.16192771194125322,0.21274614053076404
2161,state_cond,10,0.27039074738073615,0.26895862625607314
2162,state_cond,10,0.032281185395650745,0.09117799545799996
2163,state_cond,10,0.2211298493271199,0.24561789500170547
2164,state_cond,10,0.21089605414169493,0.24038178499452634
2165,state_cond,10,0.1869500562487736,0.22751988086901143
2166,state_cond,10,0.2626817960906417,0.26546869602166845
2167,state_cond,10,0.24228916660646266,0.2559815917624145
2168,state_cond,10,0.20251109554136568,0.23596302638093586
2169,state_cond,10,0.24713923129934895,0.25829745690592376
2170,state_cond,10,0.18826501997944262,0.22826369839413743
2171,state_cond,10,0.23158092794274668,0.2507503082351979
2172,state_cond,10,0.22936928695696657,0.24975006034261224
2173,state_cond,10,0.20466026779019414,0.2370973191502441
2174,state_cond,10,0.2200445745342387,0.24507265250476837
2175,state_cond,10,0.23716086688819765,0.2535266001491611
2176,state_cond,10,0.22703657314200398,0.2485842587538555
2177,state_cond,10,0.16138176073462734,0.21096851719263018
2178,state_cond,10,0.23060627760774102,0.24930677292397393
2179,state_cond,10,0.18959764218586467,0.22781775974655757
2180,state_cond,10,0.29215789012530247,0.2776808201105684
2181,state_cond,10,0.21768193540956024,0.2427723301620779
2182,state_cond,10,0.22150463628925318,0.2446719755218204
2183,state_cond,10,0.25734066649072496,0.26229802850196987
2184,state_cond,10,0.2088355257595889,0.2382670857519256
2185,state_cond,10,0.30211789087147,0.2818294918164732
2186,state_cond,10,0.2045911440564919,0.23590261705690985
2187,state_cond,10,0.22829297619522795,0.24819362214903884
2188,state_cond,10,0.24516634155522085,0.25656943923263387
2189,state_cond,10,0.23831330300037595,0.25324513051611397
2190,state_cond,10,0.23885050370216632,0.2535105006932072
2191,state_cond,10,0.1960201615027245,0.23135958695827688
2192,state_cond,10,0.22742499978207276,0.24773963924465758
2193,state_cond,10,0.21569779411020032,0.24166289808538913
2194,state_cond,10,0.24793375407243384,0.2578976107561848
2195,state_cond,10,0.1880941991636948,0.2269504871746233
2196,state_cond,10,0.2655977862752031,0.26610779956831415
2197,state_cond,10,0.18864665872478978,0.2272714809272048
2198,state_cond,10,0.2423053508884621,0.255173117141892
2199,state_cond,10,0.18295105897607758,0.22399996557652485
2200,state_cond,10,0.23363432689587887,0.250866144971221
2201,state_cond,10,0.1705423592690263,0.21662498119804188
2202,state_cond,10,0.24841258992540263,0.2580869604535372
2203,state_cond,10,0.4647531835774518,0.3367309436988597
2204,state_cond,10,0.056150091385816114,0.12375402500772105
2205,state_cond,10,0.22544709515320216,0.24687156818656125
2206,state_cond,10,0.25040438673177645,0.25919313496695623
2207,state_cond,10,0.2313737166814601,0.24988952076858478
2208,state_cond,10,0.23036894118493315,0.24937926484764503
2209,state_cond,10,0.22430883694315823,0.2462948688080818
2210,state_cond,10,0.25350250298001586,0.26065790424421403
2211,state_cond,10,0.2178928367151425,0.24298530374307326
2212,state_cond,10,0.20463481733019293,0.23626037977772735
2213,state_cond,10,0.18965232389907133,0.22796610676967768
2214,state_cond,10,0.27330380638220575,0.26969572466241526
2215,state_cond,10,0.2742887367837587,0.2701391682057527
2216,state_cond,10,0.24160669903263052,0.2550595963150513
2217,state_cond,10,0.2319167123799202,0.25028203454893955
2218,state_cond,10,0.2371286176383287,0.25288364860797086
2219,state_cond,10,0.23850713936953083,0.25356373684748373
2220,state_cond,10,0.180392045088087,0.22280011922850732
2221,state_cond,10,0.21606077021822317,0.24208774514904444
2222,state_cond,10,0.21261770499347932,0.24030140396248437
2223,state_cond,10,0.26095072884788545,0.2641788853773053
2224,state_cond,10,0.26265319337981907,0.26496130894230535
2225,state_cond,10,0.18608632888835708,0.2260744752921536
2226,state_cond,10,0.21090106131582034,0.23941067264321847
2227,state_cond,10,0.23559466614204802,0.25206118604419114
2228,state_cond,10,0.20653642972952543,0.23714844902459434
2229,state_cond,10,0.1940837588467673,0.23042393156994453
2230,state_cond,10,0.21479696522769184,0.24134171663303333
2231,state_cond,10,0.20481638228582716,0.2361699868079635
2232,state_cond,10,0.09619796524721412,0.1638579355716403
2233,state_cond,10,0.23575070308247748,0.25200190707967884
2234,state_cond,10,0.179661568098067,0.221927984293738
2235,state_cond,10,0.22649382436755988,0.2473656762606479
2236,state_cond,10,0.2865555160165693,0.27537637509946766
2237,state_cond,10,0.24542245022309922,0.2568148068915016
2238,state_cond,10,0.2042234050375358,0.23589662705619996
2239,state_cond,10,0.20397403801420008,0.23573746153674485
2240,state_cond,10,0.05670825195266954,0.1254431078400563
2241,state_cond,10,0.04683640571995647,0.1130140378026457
2242,state_cond,10,0.0680127880328782,0.13780861993182078
2243,state_cond,10,0.030552377955316262,0.08871942828865201
2244,state_cond,10,0.061957875804849724,0.13138807967304122
2245,state_cond,10,0.046114910334582905,0.11201866698013767
2246,state_cond,10,0.024111505873827002,0.07644591215619063
2247,state_cond,10,0.07218538325562912,0.14197045220606208
2248,state_cond,10,0.06044330014534054,0.12968362488123447
2249,state_cond,10,0.06229828232384929,0.13151420207119255
2250,state_cond,10,0.050286369593960996,0.11728009269041054
2251,state_cond,10,0.06549793621077558,0.13496370834112628
2252,state_cond,10,0.06793737270070528,0.13750675666097514
2253,state_cond,10,0.05170704092574875,0.11913601377402673
2254,state_cond,10,0.0701170885241854,0.1397341308171035
2255,state_cond,10,0.04845142033670754,0.11491974816819114
2256,state_cond,10,0.06300795474576036,0.13233692538180236
2257,state_cond,10,0.06582765631803537,0.13535058245527204
2258,state_cond,10,0.0532518398223897,0.12107180895335198
2259,state_cond,10,0.06543009256961378,0.1349246744386183
2260,state_cond,10,0.05207699681290425,0.1196153648184798
2261,state_cond,10,0.051728593940576925,0.11915937111191327
2262,state_cond,10,0.06820572097037121,0.13781487346664933
2263,state_cond,10,0.07797545437274744,0.14745453552982704
2264,state_cond,10,0.10256180276595118,0.16998355769321727
2265,state_cond,10,0.053720427041144145,0.12164608870344694
2266,state_cond,10,0.028960381226783117,0.08544679699155744
2267,state_cond,10,0.08504397240782581,0.15422386501702123
2268,state_cond,10,0.06306349831375214,0.13238589164675046
2269,state_cond,10,0.06163921001624697,0.13081394036408062
2270,state_cond,10,0.0641226896730234,0.13352721069756882
2271,state_cond,10,0.08071095533957783,0.15011167036099282
2272,state_cond,10,0.056419290770980395,0.12488323011022759
2273,state_cond,10,0.014837559377051715,0.07159166920840003
2274,state_cond,10,0.03196522251457873,0.09067042928625664
2275,state_cond,10,0.0337113980756826,0.09352417535380932
2276,state_cond,10,0.028741064269493365,0.0850342379758615
2277,state_cond,10,0.06845780501331691,0.13808715554823225
2278,state_cond,10,0.05694040408088226,0.12550991218758825
2279,state_cond,10,0.08941517811057978,0.1583553556697237
2280,state_cond,10,0.03066837150028306,0.08847474211588137
2281,state_cond,10,0.013337904968539592,0.06748831389652048
2282,state_cond,10,0.06183784291158728,0.131064707864434
2283,state_cond,10,0.02087571791041835,0.07104967425905437
2284,state_cond,10,0.014228316205049461,0.06250055141595084
2285,state_cond,10,0.01984102694964792,0.08430063280640013
2286,state_cond,10,0.016199907855973958,0.06489611491233314
2287,state_cond,10,0.025172114852436266,0.07811441310158283
2288,state_cond,10,0.017810252487858117,0.06693546740106796
2289,state_cond,10,0.09031974152492173,0.15908768008469848
2290,state_cond,10,0.05405162795902798,0.12198121900753062
2291,state_cond,10,0.04945169145263411,0.11619395201034621
2292,state_cond,10,0.0739799455062519,0.14354581671814118
2293,state_cond,10,0.04778533238482357,0.1140055948641238
2294,state_cond,10,0.04377853384476142,0.10849320981275799
2295,state_cond,10,0.09368442252322248,0.1622212162910156
2296,state_cond,10,0.07044250106692583,0.14007259753796644
2297,state_cond,10,0.04147896399031235,0.10535021725817106
2298,state_cond,10,0.032136416213515255,0.09098566930519436
2299,state_cond,10,0.016695907037028963,0.06519477610078141
2300,state_cond,10,0.053129193413990076,0.12086867415575826
2301,state_cond,10,0.032708923363113575,0.09067406047214212
2302,state_cond,10,0.055513084590377244,0.12197572098949191
2303,state_cond,10,0.07190427785912817,0.16279578792656263
2304,state_cond,10,0.11508224866684122,0.20723595864356853
2305,state_cond,10,0.028352911955211196,0.08464687029695271
2306,state_cond,10,0.027169685038099755,0.08283668097296291
2307,state_cond,10,0.1219608163552697,0.1827258940282017
2308,state_cond,10,0.0222615530664514,0.08895614079181126
2309,state_cond,10,0.0651275203681954,0.13286515338263352
2310,state_cond,10,0.022902490092193882,0.07671451939916095
2311,state_cond,10,0.024594389435892615,0.07897612979114156
2312,state_cond,10,0.019459013064529473,0.07275412452911169
2313,state_cond,10,0.04599622239227843,0.11038897232049666
2314,state_cond,10,0.02145455179132728,0.07484181667164995
2315,state_cond,10,0.07465246597885423,0.14311133928398456
2316,state_cond,10,0.0602307659026001,0.12771724709401058
2317,state_cond,10,0.06180308994599255,0.12955565456112766
2318,state_cond,10,0.0340265175328257,0.09297944228104628
2319,state_cond,10,0.04008952271955223,0.10224228765807586
2320,state_cond,10,0.04972558244235465,0.1152078779927395
2321,state_cond,10,0.05286920254111922,0.11897884691057045
2322,state_cond,10,0.08159808601732342,0.15001474598502143
2323,state_cond,10,0.0472138808891998,0.11208430246419374
2324,state_cond,10,0.02777448337670641,0.08344581684195194
2325,state_cond,10,0.041137346385619805,0.10379213586863481
2326,state_cond,10,0.06918442142520452,0.13769063562363393
2327,state_cond,10,0.0470282318137045,0.11184010552946867
2328,state_cond,10,0.08926013760045666,0.15707957054489396
2329,state_cond,10,0.06340186043567371,0.13149931349127686
2330,state_cond,10,0.06178322959191045,0.12969547016701427
2331,state_cond,10,0.05613664521248852,0.12303640633458447
2332,state_cond,10,0.0460253525904488,0.1105953510626166
2333,state_cond,10,0.026941559647958815,0.08217468169026233
2334,state_cond,10,0.04940290298367117,0.11487282065564554
2335,state_cond,10,0.024145055574128025,0.07802939983967908
2336,state_cond,10,0.04485290093239207,0.10900710257819893
2337,state_cond,10,0.048125646071231716,0.11327124895094426
2338,state_cond,10,0.07742832093623155,0.14601104883284674
2339,state_cond,10,0.04125410237199845,0.10404765384977716
2340,state_cond,10,0.05800687089190457,0.12532058494284018
2341,state_cond,10,0.039235679231366595,0.10103836534605429
2342,state_cond,10,0.054344835446317075,0.12089857870751061
2343,state_cond,10,0.05949040265515458,0.12707366164679332
2344,state_cond,10,0.0395110346286808,0.10149414115718526
2345,state_cond,10,0.034051768785014085,0.09296661231013234
2346,state_cond,10,0.07177177862141441,0.1404322853892929
2347,state_cond,10,0.05306330705496057,0.11935110109469906
2348,state_cond,10,0.060649005980323245,0.12842771518442622
2349,state_cond,10,0.0470599684745372,0.11194457603290353
2350,state_cond,10,0.05101134128098234,0.11684336396900824
2351,state_cond,10,0.03189469875922897,0.08962015082694388
2352,state_cond,10,0.08326526770997827,0.15165424972602853
2353,state_cond,10,0.0462631378805072,0.11090855343295872
2354,state_cond,10,0.07533214562274682,0.14401144369091684
2355,state_cond,10,0.04609954098226408,0.11072538848294554
2356,state_cond,10,0.07282286920716649,0.14157319348648809
2357,state_cond,10,0.06943234588625738,0.1381228153585222
0,state_free,10,0.003185409736177219,0.033447129176613896
1,state_free,10,0.00694767276703841,0.04621593176083963
2,state_free,10,0.0050078389479036,0.0382215672187436
3,state_free,10,0.0034356855086487585,0.033518091443581984
4,state_free,10,0.007564427746431537,0.04861730573284307
5,state_free,10,0.01853809979641137,0.07896264356826538
6,state_free,10,0.01017508999339968,0.05767784439750652
7,state_free,10,0.004081888806137651,0.03541392923082151
8,state_free,10,0.009798227048116413,0.056395280526171966
9,state_free,10,0.017734257028634636,0.0771857747387088
10,state_free,10,0.011139062305911416,0.060526194696178405
11,state_free,10,0.010990853437635412,0.06002865006368567
12,state_free,10,0.055363779038298255,0.13826532009428902
13,state_free,10,0.0036623329760822054,0.036190327377220805
14,state_free,10,0.005069350959686815,0.03850384748887176
15,state_free,10,0.006307735448435666,0.04350306915225365
16,state_free,10,0.011253162685266658,0.06075231339726663
17,state_free,10,0.006136692911504089,0.04270590531283746
18,state_free,10,0.003909651593426966,0.03491445072738663
19,state_free,10,0.03718032917442959,0.11302175213778567
20,state_free,10,0.009918373660998327,0.0567875330249962
21,state_free,10,0.003383114615113289,0.03339186888036547
22,state_free,10,0.005366282982176774,0.03960102904795639
23,state_free,10,0.012587009740772169,0.06455482607792272
24,state_free,10,0.003434087076647269,0.035393617167214765
25,state_free,10,0.005015950203495771,0.03829124830363634
26,state_free,10,0.004307593589163411,0.036025913541487396
27,state_free,10,0.004921620050304633,0.0379557321055885
28,state_free,10,0.003942372677879216,0.03501088201591375
29,state_free,10,0.006981387202412171,0.046269043713191856
30,state_free,10,0.003260717642546086,0.03342095124603188
31,state_free,10,0.0068616930180605915,0.04583852229939877
32,state_free,10,0.003534144782942478,0.03375898730999034
33,state_free,10,0.003669901590558827,0.03421133812884967
34,state_free,10,0.0031887658739882647,0.03351099833247702
35,state_free,10,0.004696781389671088,0.03716631280701498
36,state_free,10,0.004879402673493595,0.03779140499009135
37,state_free,10,0.0032934629600781993,0.03330003164933741
38,state_free,10,0.0032062474386930226,0.03349451048280807
39,state_free,10,0.003322366827913012,0.03339779481903331
40,state_free,10,0.0033648356722953956,0.03339679730109602
41,state_free,10,0.003573606383194739,0.033897204817018356
42,state_free,10,0.0031522051258197252,0.033635632326481535
43,state_free,10,0.0037319913871961224,0.034386882885571346
44,state_free,10,0.0033737453513723904,0.035275098003094925
45,state_free,10,0.003793655048047511,0.03456520009785854
46,state_free,10,0.0031605447577760155,0.033960530594051005
47,state_free,10,0.0037193962558261027,0.0343542063900024
48,state_free,10,0.004381837294149383,0.03620743200410716
49,state_free,10,0.0032330980695486336,0.034610723383362775
50,state_free,10,0.008595979823345607,0.05237282695363606
51,state_free,10,0.0035990527430221565,0.03611873381609314
52,state_free,10,0.0032959677667402628,0.034720092626250906
53,state_free,10,0.0038562997879902196,0.03717043007258135
54,state_free,10,0.003199158900944887,0.03400526304407878
55,state_free,10,0.0031853523418943304,0.0338774001679189
56,state_free,10,0.0035106345076729596,0.033882630482230544
57,state_free,10,0.003818910550247539,0.0370726603363857
58,state_free,10,0.003895728642138882,0.03734541586330138
59,state_free,10,0.004799111561922536,0.04120500125818165
60,state_free,10,0.0031567215186218633,0.03376421941690837
61,state_free,10,0.0044939740703076395,0.039760104466040155
62,state_free,10,0.003704706547017625,0.03646860290161811
63,state_free,10,0.004675019431669857,0.0406054165685731
64,state_free,10,0.003913051204817859,0.037272794534563676
65,state_free,10,0.003462008931433604,0.03542384938484903
66,state_free,10,0.0032293680668492083,0.03438413875395306
67,state_free,10,0.005725708041646855,0.045028780866292854
68,state_free,10,0.003418220091453351,0.033720475349626466
69,state_free,10,0.003153701910728024,0.03339815116047215
70,state_free,10,0.003552046503413793,0.035806611961251227
71,state_free,10,0.0051657473603947245,0.042850616422228385
72,state_free,10,0.0037902990997701123,0.03679828736787303
73,state_free,10,0.00587039898473749,0.045573618506467524
74,state_free,10,0.003988843000973888,0.03757639616359402
75,state_free,10,0.004200754488610067,0.03843899694954444
76,state_free,10,0.003193486456776608,0.03415528091382421
77,state_free,10,0.005204028775680921,0.043016053905490924
78,state_free,10,0.006148069853651536,0.046508816012515254
79,state_free,10,0.0031902178161870905,0.03412183406192972
80,state_free,10,0.0045949827109495155,0.0402469764570582
81,state_free,10,0.004832662598265109,0.04138012997708649
82,state_free,10,0.006030434608895914,0.046118223761925335
83,state_free,10,0.004473165635555831,0.03962935863151538
84,state_free,10,0.004072909078900194,0.03790302570150524
85,state_free,10,0.0055375915098002035,0.04433065118640438
86,state_free,10,0.003699181090266018,0.03646981394478985
87,state_free,10,0.00482419550976458,0.04127494401152425
88,state_free,10,0.005113922004785653,0.042608019598797536
89,state_free,10,0.003328190910781264,0.033593466242216
90,state_free,10,0.005690694608907026,0.04489848228909433
91,state_free,10,0.0046514757173468655,0.04050140431868645
92,state_free,10,0.0056765757931210685,0.04484049722538954
93,state_free,10,0.004174265403197211,0.03832080774902667
94,state_free,10,0.003179005641343012,0.034010478856596825
95,state_free,10,0.003630139086733103,0.03618945533491912
96,state_free,10,0.003188931073578119,0.03344395739318102
97,state_free,10,0.0038463269344259548,0.037020308256612455
98,state_free,10,0.00432000486008417,0.03891383161559385
99,state_free,10,0.004189146254016923,0.038362093913807065
100,state_free,10,0.004819547661624611,0.041309845254137986
101,state_free,10,0.006184803122795575,0.046679839362995156
102,state_free,10,0.0041055766079029785,0.03804126259811687
103,state_free,10,0.006539738195292804,0.047841807692714365
104,state_free,10,0.03473507390411567,0.10975038991942394
105,state_free,10,0.0120293723919744,0.06379530546942054
106,state_free,10,0.004655758419668051,0.04049503609982093
107,state_free,10,0.0062815947259063434,0.04697204359046274
108,state_free,10,0.004321197707676997,0.03889174330701137
109,state_free,10,0.0032449309601613827,0.03450123912003144
110,state_free,10,0.00478389127734672,0.03795102291430313
111,state_free,10,0.004163340846880609,0.03826683851518902
112,state_free,10,0.0052041367184447,0.04298723977512457
113,state_free,10,0.0722958267789956,0.1553974472495783
114,state_free,10,0.06696990974578919,0.14992045283682237
115,state_free,10,0.0698410717649928,0.1528866016208116
116,state_free,10,0.054137150271550784,0.13555239721548307
117,state_free,10,0.053549605449501506,0.13489039816434314
118,state_free,10,0.05975053815640727,0.14208623487848043
119,state_free,10,0.06645993754112735,0.1493480575368722
120,state_free,10,0.07053462660558955,0.15353532233626474
121,state_free,10,0.071488706687955,0.15451401989840605
122,state_free,10,0.06864197492031794,0.1516062075693932
123,state_free,10,0.07859846864445047,0.16141697880067027
124,state_free,10,0.0715989325111313,0.15460757635708178
125,state_free,10,0.07789740453142721,0.16074969777725687
126,state_free,10,0.07202112794461345,0.15503646022268625
127,state_free,10,0.06895504383213705,0.15193500686275657
128,state_free,10,0.06582051820404314,0.14869134703532264
129,state_free,10,0.06758953179276701,0.15054154381324733
130,state_free,10,0.0642518546164886,0.14702103973295308
131,state_free,10,0.08096104028139184,0.1636591595622328
132,state_free,10,0.07035922493641021,0.15338153281910805
133,state_free,10,0.07928222972619262,0.16214155504037467
134,state_free,10,0.06654008700010836,0.14944483957195165
135,state_free,10,0.06695852808789747,0.14987730462185714
136,state_free,10,0.06008330913672932,0.14242593027818282
137,state_free,10,0.07442079376471111,0.15742150836744467
138,state_free,10,0.07298035493754391,0.15599142632345178
139,state_free,10,0.07978530723635321,0.16252789250386934
140,state_free,10,0.07297402643823098,0.15598363697982584
141,state_free,10,0.07358894284758763,0.156608341614559
142,state_free,10,0.07516065155665178,0.1581085401886545
143,state_free,10,0.07404342270273837,0.1570354473629241
144,state_free,10,0.07511816575269638,0.15808140570045714
145,state_free,10,0.07592574639663732,0.15886043258144433
146,state_free,10,0.07710976612998154,0.16000308460121565
147,state_free,10,0.07720434286350249,0.16009346833818688
148,state_free,10,0.07171765411550612,0.15475266900193996
149,state_free,10,0.0789503811234098,0.16176949044088576
150,state_free,10,0.0781207071626651,0.1609764284837516
151,state_free,10,0.0689983602596644,0.15197758176783535
152,state_free,10,0.07423336113146009,0.15723938542036248
153,state_free,10,0.06621295883209025,0.14910113423139293
154,state_free,10,0.07263687730387815,0.15563932599719998
155,state_free,10,0.07398034961779527,0.1569799624981874
156,state_free,10,0.05418730887315189,0.13558059124347563
157,state_free,10,0.07180833062728206,0.154852734641892
158,state_free,10,0.05613943568073573,0.13789107029221717
159,state_free,10,0.07099358264013567,0.1540045474903994
160,state_free,10,0.07582491124275703,0.15877643270554762
161,state_free,10,0.04289550490721178,0.12102395973445905
162,state_free,10,0.07377010178933474,0.1567876542879268
163,state_free,10,0.07602573235164722,0.15897519412833921
164,state_free,10,0.0725626550757847,0.15560294978810515
165,state_free,10,0.07672551745827183,0.15965011678843916
166,state_free,10,0.0657770131652452,0.1486280216779836
167,state_free,10,0.04531033367954324,0.12428800877422418
168,state_free,10,0.07562346258242082,0.15860598732614814
169,state_free,10,0.07660798377184462,0.1595319322166419
170,state_free,10,0.04926487974203938,0.1294681010925019
171,state_free,10,0.071147313884898,0.15421735019862548
172,state_free,10,0.06748562607257781,0.15042805248099003
173,state_free,10,0.06775913928657917,0.15072977058251327
174,state_free,10,0.08151260909451095,0.16415029058587471
175,state_free,10,0.06882192716352817,0.15181551157789952
176,state_free,10,0.06813550919357646,0.15111376541223578
177,state_free,10,0.08830851708370842,0.1701275117118752
178,state_free,10,0.07409263972838748,0.15702100268138805
179,state_free,10,0.0810865270106001,0.1636501866467352
180,state_free,10,0.07021467265479937,0.1531489649955661
181,state_free,10,0.06389795786333607,0.14656887093460214
182,state_free,10,0.07464382494032032,0.15755702370589317
183,state_free,10,0.08968373249409489,0.1713068727745601
184,state_free,10,0.09001837114863505,0.17160283605217747
185,state_free,10,0.0794153171227682,0.1621043980908351
186,state_free,10,0.0861259172498594,0.16814790737087595
187,state_free,10,0.09143408230156302,0.17273086708904326
188,state_free,10,0.08688377433327064,0.16879564013734735
189,state_free,10,0.09225545373959398,0.1734193918215572
190,state_free,10,0.08368098338332187,0.16595790548271336
191,state_free,10,0.08291337227300939,0.16526011819883682
192,state_free,10,0.08412359050476138,0.16636215937746077
193,state_free,10,0.07614450889427102,0.1589481682350847
194,state_free,10,0.07908548911568503,0.16173229278737122
195,state_free,10,0.08127564503957638,0.1637572909575318
196,state_free,10,0.07142718600187796,0.15431323124573978
197,state_free,10,0.09937184109384509,0.17932950291591793
198,state_free,10,0.07453254512841491,0.15741833663936838
199,state_free,10,0.060036929184305685,0.14236914307598192
200,state_free,10,0.05523967766428281,0.1368017771979147
201,state_free,10,0.0626487866510189,0.14513657450743675
202,state_free,10,0.06265556255014211,0.14523360959532458
203,state_free,10,0.058129499236220475,0.14005725248296458
204,state_free,10,0.041927632527528826,0.11940294257228344
205,state_free,10,0.07489762080940177,0.1577562421549674
206,state_free,10,0.06578022160403975,0.14846740549547177
207,state_free,10,0.0830581235812441,0.16536585025976744
208,state_free,10,0.08065383293272647,0.16314321777510934
209,state_free,10,0.08089243045533233,0.16335149112749334
210,state_free,10,0.08717208482906554,0.1689824605308823
211,state_free,10,0.07280818158494087,0.15561169551067625
212,state_free,10,0.08326129743295618,0.1655502316807487
213,state_free,10,0.07503753394457471,0.15790192840631745
214,state_free,10,0.08189568767812956,0.16435259100529084
215,state_free,10,0.07300586147942967,0.1558405166732722
216,state_free,10,0.0889536120574933,0.17060429864322466
217,state_free,10,0.07989779929036928,0.16245243185195796
218,state_free,10,0.07625196371689212,0.1590148088157222
219,state_free,10,0.08119144999286061,0.16367757665844646
220,state_free,10,0.08361774751084201,0.16584384265458282
221,state_free,10,0.07370712242384507,0.15648726376397679
222,state_free,10,0.07871289813663526,0.16131627483819627
223,state_free,10,0.07000063618723266,0.1528175828051034
224,state_free,10,0.08744349441193452,0.16926528914843406
225,state_free,10,0.06027592109790269,0.14239465548489458
226,state_free,10,0.07695433570956686,0.15967978810473563
227,state_free,10,0.09104671693492838,0.17234320333579
228,state_free,10,0.08663763706732791,0.16849622018893368
229,state_free,10,0.08330102829911412,0.16553478380444175
230,state_free,10,0.0875679358586324,0.16931455632880044
231,state_free,10,0.09200083226754491,0.1730962917063276
232,state_free,10,0.0819707115438793,0.16428623401974612
233,state_free,10,0.07557746058410963,0.15830098451604818
234,state_free,10,0.08676988994078239,0.16863152663752243
235,state_free,10,0.08320905644703906,0.16548586147849834
236,state_free,10,0.07939856464093116,0.16194651828002674
237,state_free,10,0.07525928091912493,0.15799189785121995
238,state_free,10,0.08528247280660733,0.1673050124001446
239,state_free,10,0.0966367068573659,0.17706374675201408
240,state_free,10,0.09737482201848842,0.17767289021389282
241,state_free,10,0.10116537871218347,0.1807116508033971
242,state_free,10,0.07914439541373049,0.16179408287940453
243,state_free,10,0.08203848780630914,0.16452175705719718
244,state_free,10,0.04428770073030542,0.12271883901086794
245,state_free,10,0.09078357426701478,0.17222383847002265
246,state_free,10,0.08661023951802999,0.1685716264540584
247,state_free,10,0.09423652423296316,0.17511700164495442
248,state_free,10,0.0994037864448561,0.17928081862244272
249,state_free,10,0.10548458963179315,0.1840883696406513
250,state_free,10,0.10585870974666445,0.18437627679211738
251,state_free,10,0.10170592470594936,0.18112038246399398
252,state_free,10,0.10020088298452576,0.17989527190481333
253,state_free,10,0.08786766906966853,0.16963157194548695
254,state_free,10,0.08051560035823314,0.16301245700155165
255,state_free,10,0.09762819851161733,0.17786639245850414
256,state_free,10,0.09638409323257523,0.17681868938557327
257,state_free,10,0.11633836413497996,0.19225008469806282
258,state_free,10,0.09639326478611668,0.17681731125654784
259,state_free,10,0.10272728461171277,0.18188540205681725
260,state_free,10,0.0894294738118434,0.17097847190864737
261,state_free,10,0.10917321831112878,0.18691498855336458
262,state_free,10,0.09933746302113473,0.17920748357217417
263,state_free,10,0.10273888024220114,0.18194729191765746
264,state_free,10,0.10709119042203366,0.18531848083409883
265,state_free,10,0.10462761798682844,0.18340755274520326
266,state_free,10,0.0943143532683841,0.1751071661320853
267,state_free,10,0.09405342816429743,0.1748987837205722
268,state_free,10,0.10635422207152515,0.18473851395987906
269,state_free,10,0.10249536054396452,0.18170469695648195
270,state_free,10,0.10376689221352058,0.18269645088501568
271,state_free,10,0.09024082414305998,0.1716665284487659
272,state_free,10,0.102628306933961,0.18179654386055555
273,state_free,10,0.10012070701752368,0.1798273755062516
274,state_free,10,0.11287876591607302,0.18968352534460578
275,state_free,10,0.0835790678090562,0.16578312065713008
276,state_free,10,0.10843827795742307,0.18632046345461614
277,state_free,10,0.09213298358500172,0.17325499815379472
278,state_free,10,0.10093906976051159,0.18044925205061232
279,state_free,10,0.09505821721008999,0.17572553595559756
280,state_free,10,0.10456115144148914,0.18332978918853943
281,state_free,10,0.09842965167966189,0.1784616682655025
282,state_free,10,0.10592418774728797,0.18438021188684006
283,state_free,10,0.10521573291480081,0.1838042837546785
284,state_free,10,0.09655516217048987,0.17696896710116264
285,state_free,10,0.09489559002017656,0.1755904622883969
286,state_free,10,0.07740076813602728,0.16010785626879162
287,state_free,10,0.08849826452566081,0.17017639419369143
288,state_free,10,0.0446294861195225,0.12316801373645059
289,state_free,10,0.08703896204600584,0.16894995466358032
290,state_free,10,0.09276608456808945,0.17383859918178074
291,state_free,10,0.09326702244481347,0.17426060963069925
292,state_free,10,0.09284876798182426,0.17391767819816228
293,state_free,10,0.10683820493828515,0.18512511381987212
294,state_free,10,0.09828293852965686,0.17834827093559233
295,state_free,10,0.10692188069680537,0.18517527522907387
296,state_free,10,0.08196421675359819,0.16434997719496322
297,state_free,10,0.08628610181951422,0.16826755198393303
298,state_free,10,0.09580190169961414,0.176352324098465
299,state_free,10,0.08268260795699801,0.16500895865100002
300,state_free,10,0.10102047844389893,0.1805643047004873
301,state_free,10,0.09594935592537905,0.176465556780089
302,state_free,10,0.06957501924876074,0.15220415393765122
303,state_free,10,0.07140235416487108,0.15407329850658105
304,state_free,10,0.07001834822063366,0.15266092533087855
305,state_free,10,0.04460966852024967,0.12293586947601573
306,state_free,10,0.08251843899409403,0.16474442298872705
307,state_free,10,0.06702806884879886,0.1495643369206183
308,state_free,10,0.06304733206427413,0.14532433670730124
309,state_free,10,0.08346272676933937,0.16558277198638968
310,state_free,10,0.057443602226134136,0.13901584422930266
311,state_free,10,0.09042224174509675,0.1717001296149453
312,state_free,10,0.07859176909406775,0.16102278191994338
313,state_free,10,0.07959388226992764,0.16192770928115738
314,state_free,10,0.06879541700544452,0.1513153350345089
315,state_free,10,0.0741345640419164,0.156670027059363
316,state_free,10,0.07490035410653305,0.157471931247489
317,state_free,10,0.07040022602535956,0.15297953403652917
318,state_free,10,0.08476606064018445,0.16665204007880716
319,state_free,10,0.08111132709972953,0.16333028495981997
320,state_free,10,0.08121229467897263,0.16338384606727788
321,state_free,10,0.08452916659564874,0.16641284155819017
322,state_free,10,0.07661937582292533,0.1590974541300564
323,state_free,10,0.08923683115318168,0.1705777386639767
324,state_free,10,0.07664051700108321,0.1591284588206861
325,state_free,10,0.07943770500662697,0.1617589204556374
326,state_free,10,0.08612494801213713,0.16785378619985164
327,state_free,10,0.08382157414758583,0.16579462750907192
328,state_free,10,0.032050477257680406,0.10387337640645605
329,state_free,10,0.06175798233174642,0.14388261041933614
330,state_free,10,0.08583091263888944,0.16763652393493636
331,state_free,10,0.07928101523884913,0.16164463019073305
332,state_free,10,0.09058067301483566,0.17175878521830515
333,state_free,10,0.08179466658789794,0.16395854001737553
334,state_free,10,0.07607530071945594,0.15859202747081136
335,state_free,10,0.0847664472611784,0.16664016445011512
336,state_free,10,0.06410186775746542,0.14636486259652595
337,state_free,10,0.04258558491444657,0.12006309210142135
338,state_free,10,0.08312760170815992,0.16522979223122547
339,state_free,10,0.07172719870569566,0.1543372319874946
340,state_free,10,0.08534224779209755,0.16717419487939847
341,state_free,10,0.08109746585751262,0.16334165362680447
342,state_free,10,0.08776291754851352,0.16934157718664822
343,state_free,10,0.08415871344152315,0.166164145637985
344,state_free,10,0.09255979123108987,0.17347620512349005
345,state_free,10,0.07670774764255231,0.15921853768726163
346,state_free,10,0.08320597183977095,0.16524695862196354
347,state_free,10,0.0736809391887624,0.1562631781738381
348,state_free,10,0.07457469289433535,0.15712545146014906
349,state_free,10,0.07058009567023019,0.15317794967967752
350,state_free,10,0.09491771694036208,0.17541501575858492
351,state_free,10,0.07731947181529533,0.15974986454471973
352,state_free,10,0.07947922679862487,0.16178547549632552
353,state_free,10,0.0798770117645248,0.1621670256815484
354,state_free,10,0.07112804769282297,0.1537340581912375
355,state_free,10,0.08659048670811449,0.1682651922839946
356,state_free,10,0.08437221531270722,0.16632127534899285
357,state_free,10,0.0916175087848657,0.17265550335960328
358,state_free,10,0.07511999111162944,0.15772786432871455
359,state_free,10,0.07806286826181359,0.16047231903433537
360,state_free,10,0.09410406141509912,0.1747070445312442
361,state_free,10,0.08369994009958732,0.16570272615246143
362,state_free,10,0.07257256550090627,0.15514019216391264
363,state_free,10,0.10583742531065204,0.18406263427086042
364,state_free,10,0.0938690552162351,0.1745170775222814
365,state_free,10,0.09757674236743133,0.17755864965209692
366,state_free,10,0.09688181201122407,0.17699214806894112
367,state_free,10,0.1056902888970601,0.18394336009224505
368,state_free,10,0.08077634116043043,0.16307067430204647
369,state_free,10,0.09037830247694058,0.17157156298007442
370,state_free,10,0.09577914995789318,0.17610622053548197
371,state_free,10,0.10382431726454663,0.182517015652312
372,state_free,10,0.10169709048228397,0.180864202723686
373,state_free,10,0.10921214291850047,0.18662945515626883
374,state_free,10,0.11327957448566056,0.18965705785584294
375,state_free,10,0.09691305911887119,0.17702465309749554
376,state_free,10,0.10110098331428073,0.1803944363474093
377,state_free,10,0.10523834048160889,0.18360360155123684
378,state_free,10,0.10990943340218085,0.18715009632349003
379,state_free,10,0.11610802851667462,0.19167391997211483
380,state_free,10,0.10814594821626818,0.18581429237454153
381,state_free,10,0.10054311584046499,0.17993966254046806
382,state_free,10,0.11268167454110588,0.18920406465280043
383,state_free,10,0.11359096169748306,0.18982490491815457
384,state_free,10,0.10003527167451125,0.1795466899762032
385,state_free,10,0.10485970892838192,0.1833144113700591
386,state_free,10,0.090513605330492,0.1716874739219815
387,state_free,10,0.09881507733404257,0.17856192521054673
388,state_free,10,0.11554177632729827,0.19126345141776765
389,state_free,10,0.10964838611078313,0.18693876186624628
390,state_free,10,0.09790781130972177,0.17783640384671906
391,state_free,10,0.08624111182226979,0.16798626075878784
392,state_free,10,0.10228495071634087,0.18134517750209211
393,state_free,10,0.10180511180954285,0.18095794330104134
394,state_free,10,0.11499628662581775,0.19087051904053198
395,state_free,10,0.10769604887254336,0.1854817741160335
396,state_free,10,0.10517347476797588,0.18355743942403316
397,state_free,10,0.10637815536982594,0.1844979821327188
398,state_free,10,0.10560442353884182,0.1838792939073966
399,state_free,10,0.09941516243675975,0.17905543388400982
400,state_free,10,0.10830824623465282,0.18594509620000155
401,state_free,10,0.09788411830352141,0.17783392289485356
402,state_free,10,0.11391014849478856,0.1900877059964936
403,state_free,10,0.07604278338471646,0.15858120746900028
404,state_free,10,0.10957119847225125,0.18691296791106857
405,state_free,10,0.08475383291590688,0.16667304104131764
406,state_free,10,0.09928870661226007,0.17898324141208352
407,state_free,10,0.11492346335182622,0.1908497235687185
408,state_free,10,0.11210943554519784,0.1888005903716608
409,state_free,10,0.1060628128593823,0.184261708597709
410,state_free,10,0.10413080068690228,0.18276195688386632
411,state_free,10,0.10246856634675588,0.18151165094272023
412,state_free,10,0.11672429953455432,0.19211340572212024
413,state_free,10,0.11280781686449774,0.18929105632537382
414,state_free,10,0.10661503207322733,0.18468248686420982
415,state_free,10,0.1099894109869192,0.1871935646931881
416,state_free,10,0.10733129917797583,0.18518039554842755
417,state_free,10,0.1000939773568919,0.1795723427037089
418,state_free,10,0.10386287057109381,0.18253134170219737
419,state_free,10,0.11439293634602593,0.19044720167367152
420,state_free,10,0.1087584774791009,0.18626469291295128
421,state_free,10,0.1072020217160902,0.18509796947930404
422,state_free,10,0.11545994585719337,0.19120130815913972
423,state_free,10,0.11266710130586262,0.1891475435638677
424,state_free,10,0.09630618942258459,0.17650901491876883
425,state_free,10,0.11047721519904008,0.18757224721702392
426,state_free,10,0.11024939477853894,0.18729913412628524
427,state_free,10,0.10946907740828278,0.18670384143676663
428,state_free,10,0.11987762810144352,0.19433858290940073
429,state_free,10,0.10409717718017104,0.18257832303318156
430,state_free,10,0.0922844982826136,0.17302651039459327
431,state_free,10,0.10664146330579491,0.18455808079223499
432,state_free,10,0.13176142922009848,0.20250234708039586
433,state_free,10,0.11014805871191732,0.1872174163690252
434,state_free,10,0.11713019301238389,0.1923656252743402
435,state_free,10,0.11535391710678214,0.19110155375292592
436,state_free,10,0.12265530497561973,0.1963256998560235
437,state_free,10,0.11283785172491495,0.1892375065626336
438,state_free,10,0.12756780866744694,0.19969332998246744
439,state_free,10,0.10967358406953212,0.18687912824725142
440,state_free,10,0.11893529582547,0.19367488379366682
441,state_free,10,0.11478903297411878,0.1906615117407252
442,state_free,10,0.1114792246054513,0.18821712909668867
443,state_free,10,0.10668346615528258,0.18457422196981096
444,state_free,10,0.11894643069573767,0.19367395849992516
445,state_free,10,0.12293753023510313,0.1964847743535221
446,state_free,10,0.11516925316390458,0.1909405567998063
447,state_free,10,0.10920575369061145,0.18649752503636943
448,state_free,10,0.0797439007198479,0.16192314989934306
449,state_free,10,0.0893856280054533,0.1705902933647355
450,state_free,10,0.10738864722320318,0.18515514292779783
451,state_free,10,0.11048622188137464,0.1874983965023094
452,state_free,10,0.11432428137550313,0.19035814858331374
453,state_free,10,0.10113488783070701,0.1802711035684971
454,state_free,10,0.11237666376914072,0.18893552444731795
455,state_free,10,0.11203838674010365,0.1886627749485226
456,state_free,10,0.1065737251222638,0.1845184604407365
457,state_free,10,0.11960441798690151,0.19416946062624146
458,state_free,10,0.10481447413174769,0.18315892783673557
459,state_free,10,0.11006292776003476,0.1871673586834654
460,state_free,10,0.11441200670867839,0.1903942861858788
461,state_free,10,0.10229947328048176,0.18119377954139912
462,state_free,10,0.13940611995316132,0.20749504026341964
463,state_free,10,0.12414434294994259,0.19735272699869416
464,state_free,10,0.10417396987445818,0.18268630261226845
465,state_free,10,0.10397635339941008,0.18251166014973566
466,state_free,10,0.11883246424879819,0.19360353186566695
467,state_free,10,0.0920147991011037,0.17279566573068625
468,state_free,10,0.09821309609824781,0.17791590116144534
469,state_free,10,0.10566364734513184,0.18378900626135394
470,state_free,10,0.12245463584951394,0.19614880652362854
471,state_free,10,0.10910502319726074,0.186399968256571
472,state_free,10,0.11909349102157743,0.19376336729204247
473,state_free,10,0.09320578977176362,0.1737792080420051
474,state_free,10,0.10035578794969369,0.17961422472745486
475,state_free,10,0.10457925576841551,0.18301514148501893
476,state_free,10,0.11896572065982261,0.19367113960497873
477,state_free,10,0.10647676981038433,0.18439884666273723
478,state_free,10,0.10576723182571916,0.18385394470142005
479,state_free,10,0.12710682370601276,0.19933836699741067
480,state_free,10,0.1035760630789798,0.1821505927316064
481,state_free,10,0.11147707536688509,0.18817686587908816
482,state_free,10,0.11525050688896409,0.19097917725309307
483,state_free,10,0.12156951560651863,0.19549636528643932
484,state_free,10,0.10632182460582416,0.18425476474500216
485,state_free,10,0.11970911601916426,0.19419475543058026
486,state_free,10,0.11282274162732885,0.18919219452264363
487,state_free,10,0.024297442053323022,0.09000945982477307
488,state_free,10,0.016583686983698647,0.07291856778776391
489,state_free,10,0.020940689705621292,0.08294876761357842
490,state_free,10,0.022130529071297443,0.08552547351980877
491,state_free,10,0.02324151505851798,0.08785583335757352
492,state_free,10,0.0221818363552277,0.08562197759649347
493,state_free,10,0.02359366379752241,0.08858153125727068
494,state_free,10,0.013299893799627741,0.0651312167657129
495,state_free,10,0.021966218589613604,0.08515720546237274
496,state_free,10,0.021176896225002812,0.0831418538306077
497,state_free,10,0.01668065474592677,0.07291303297094012
498,state_free,10,0.026884445748200658,0.09476276846761258
499,state_free,10,0.021017128710110796,0.08277744647702374
500,state_free,10,0.024930607647742638,0.0909562983549715
501,state_free,10,0.020951387380284302,0.08262691545026969
502,state_free,10,0.02320551162725423,0.08741052893191731
503,state_free,10,0.021755647299317595,0.08435714774139107
504,state_free,10,0.016653614065270887,0.0728081924908119
505,state_free,10,0.02346204694972194,0.08794990937247006
506,state_free,10,0.02547566825557266,0.09202502283993604
507,state_free,10,0.010583938227326865,0.05802841134874759
508,state_free,10,0.003309390999616535,0.03355851968110962
509,state_free,10,0.0192812711123318,0.07900251702447078
510,state_free,10,0.017141030165174428,0.07400850689250583
511,state_free,10,0.0032448151930085933,0.03349292866234623
512,state_free,10,0.017562829471215763,0.0750194368188959
513,state_free,10,0.022851912926972483,0.08676413057816726
514,state_free,10,0.019646149837821984,0.07976797685531029
515,state_free,10,0.02788872273307737,0.09667525839369577
516,state_free,10,0.021327512996469004,0.08347972052511712
517,state_free,10,0.016197963365100588,0.07177391957491355
518,state_free,10,0.019304790668733664,0.0789028008585738
519,state_free,10,0.02057209125110252,0.08180395355751605
520,state_free,10,0.01628762020387309,0.07200169866363168
521,state_free,10,0.029382238674738607,0.09936769178896487
522,state_free,10,0.022888824933604838,0.0867634377791881
523,state_free,10,0.012628097274913196,0.06299014477709161
524,state_free,10,0.011261923268563416,0.059657744704392036
525,state_free,10,0.00982279350303299,0.056139274297624026
526,state_free,10,0.015502155733609552,0.07010174542395074
527,state_free,10,0.025340469218688225,0.09179115725144835
528,state_free,10,0.02080555332734107,0.08231281886919904
529,state_free,10,0.01739525246400087,0.07454722776101777
530,state_free,10,0.02034842105978396,0.08129350623146189
531,state_free,10,0.030920308346415425,0.10210748307230824
532,state_free,10,0.018573808677657726,0.07721059369815376
533,state_free,10,0.014463019235976853,0.06752682132902357
534,state_free,10,0.014792689502973423,0.06834724686022363
535,state_free,10,0.022865186467973052,0.08670715395504676
536,state_free,10,0.015706208787486832,0.07057930916081567
537,state_free,10,0.015685345563321417,0.0705088856712667
538,state_free,10,0.021216860158483498,0.08321716913860043
539,state_free,10,0.01877483115052856,0.07771473907017247
540,state_free,10,0.0035696804529181734,0.035515509738649545
541,state_free,10,0.0052005063127502985,0.04201266528407269
542,state_free,10,0.026295252341269573,0.09371797090935882
543,state_free,10,0.008561118088552888,0.05289604375288314
544,state_free,10,0.013331472283081538,0.06478762354850306
545,state_free,10,0.025574602275750657,0.09228291982319653
546,state_free,10,0.00825023314416951,0.05205870824302601
547,state_free,10,0.02296524476608572,0.08700312194616418
548,state_free,10,0.029955371343630445,0.10041096139728584
549,state_free,10,0.026270447492228698,0.09360052729689787
550,state_free,10,0.009721578432846684,0.05584129874127514
551,state_free,10,0.02805791766469532,0.09694035072012733
552,state_free,10,0.03365271665496354,0.10673719240415727
553,state_free,10,0.015327435524988288,0.06958943497324573
554,state_free,10,0.035463817899007474,0.10966893032297285
555,state_free,10,0.003855052386076573,0.03673331744182587
556,state_free,10,0.021626049198397973,0.08410236560648734
557,state_free,10,0.018470844826708237,0.07706599802870032
558,state_free,10,0.0328180815461739,0.1053907069906518
559,state_free,10,0.021831552164919252,0.08465707757032978
560,state_free,10,0.022633048582305602,0.08631415728391993
561,state_free,10,0.01951336775347424,0.07950492053950761
562,state_free,10,0.021241293960281585,0.08338110062916491
563,state_free,10,0.02547770614140903,0.09205387602260869
564,state_free,10,0.021812825225841475,0.08458628654018094
565,state_free,10,0.01983035753455055,0.08023339710423782
566,state_free,10,0.019481481031747697,0.07943608332425271
567,state_free,10,0.01816008801565463,0.07636319543127305
568,state_free,10,0.028822734321068577,0.09840040172724937
569,state_free,10,0.029535541928495924,0.09967094991591237
570,state_free,10,0.030970921465542298,0.10221898223753655
571,state_free,10,0.03586289450436607,0.11033221440118199
572,state_free,10,0.02990329359230133,0.10030491073080325
573,state_free,10,0.023476819764155766,0.08805808746308527
574,state_free,10,0.026548461671560324,0.09410237608348054
575,state_free,10,0.020817917216169102,0.08241450836375383
576,state_free,10,0.02800177060487407,0.0968392661344427
577,state_free,10,0.024150300194048176,0.08941104367924908
578,state_free,10,0.016128363728631755,0.0715842710637952
579,state_free,10,0.02999923969134182,0.10047638080211317
580,state_free,10,0.028015489239045246,0.09687876639339675
581,state_free,10,0.021848095307941816,0.08465834741017367
582,state_free,10,0.01719420661051855,0.07410942625536639
583,state_free,10,0.02330859737426557,0.08771725768896724
584,state_free,10,0.0032741564402799846,0.03366402925155985
585,state_free,10,0.03135272762887803,0.10291542366674547
586,state_free,10,0.013367313667263365,0.06488471793649082
587,state_free,10,0.028965640300740413,0.0986732866201228
588,state_free,10,0.025042250936511353,0.0912191267914785
589,state_free,10,0.02124802866794324,0.08337821743178765
590,state_free,10,0.03328317340883014,0.10617238341648583
591,state_free,10,0.02464548026982077,0.09045441766512952
592,state_free,10,0.026101246702367995,0.09327799659403858
593,state_free,10,0.021989687906190637,0.08499093279689322
594,state_free,10,0.018911675160710514,0.07809569556518316
595,state_free,10,0.020791556308635828,0.08239428026244781
596,state_free,10,0.011156275385900387,0.05946646907358502
597,state_free,10,0.014716981392202308,0.06827135925198292
598,state_free,10,0.026079288921698675,0.09324610257585983
599,state_free,10,0.02001798506736822,0.08064846881585214
600,state_free,10,0.025120363890992387,0.09137087507151617
601,state_free,10,0.02360629515855553,0.08835855933988228
602,state_free,10,0.011580286770913798,0.06049632887210596
603,state_free,10,0.01569626291920037,0.07060782626705557
604,state_free,10,0.019811221245371324,0.08024264611304996
605,state_free,10,0.013090576900376988,0.06422495498490952
606,state_free,10,0.029133320042402634,0.09898563569535578
607,state_free,10,0.0151515627925346,0.06931112133275544
608,state_free,10,0.02698118091642509,0.09498727397264989
609,state_free,10,0.03971391832844872,0.11620727714047864
610,state_free,10,0.04907630849347171,0.1292094058675317
611,state_free,10,0.04847828096063462,0.12843694727178115
612,state_free,10,0.06613318304862466,0.14911611781967113
613,state_free,10,0.04133242342337588,0.11860040553488434
614,state_free,10,0.04723902310465991,0.12678626596437645
615,state_free,10,0.050215251791864916,0.130655212657144
616,state_free,10,0.03743002559933127,0.11279426922504487
617,state_free,10,0.06418147215569943,0.1470496543916955
618,state_free,10,0.04619333066027827,0.12536579636965764
619,state_free,10,0.05348588988863037,0.13471826768290748
620,state_free,10,0.03553580010729742,0.10974162983756201
621,state_free,10,0.05622938089862043,0.1380059720629175
622,state_free,10,0.05702051165577796,0.13895975095999188
623,state_free,10,0.05273975953298491,0.13379217338211163
624,state_free,10,0.054507836521899306,0.13594398917120176
625,state_free,10,0.04787226441250007,0.12756297708222827
626,state_free,10,0.05630916001229793,0.13807194237565062
627,state_free,10,0.05306964336353735,0.1341829637615197
628,state_free,10,0.03721861776524367,0.11236026175068294
629,state_free,10,0.053015888942428355,0.13412251266531444
630,state_free,10,0.053391321622347825,0.13456870577595187
631,state_free,10,0.05608151907010646,0.1378019041451382
632,state_free,10,0.05190150717851125,0.13271559550527695
633,state_free,10,0.05400265477149879,0.13530504797850118
634,state_free,10,0.05409577136780604,0.13541468122244912
635,state_free,10,0.04703467840714223,0.12643049562594183
636,state_free,10,0.04308431678901845,0.12102992761861188
637,state_free,10,0.04063456013155487,0.11749787993488042
638,state_free,10,0.055618268378384045,0.13726040672337875
639,state_free,10,0.04548287085581275,0.12435672448600013
640,state_free,10,0.05761588013458615,0.13961142760044226
641,state_free,10,0.051644243353063696,0.13239830586903514
642,state_free,10,0.05509467542146239,0.13663533009037557
643,state_free,10,0.05103326812395792,0.1316255107086544
644,state_free,10,0.05087112480118093,0.1314272746433894
645,state_free,10,0.05241674385946288,0.13336103452329634
646,state_free,10,0.06117352112825934,0.14368051575438398
647,state_free,10,0.05010384589426668,0.13043718724871994
648,state_free,10,0.05181578529520966,0.13260340987846744
649,state_free,10,0.049243378954652556,0.12933696363289202
650,state_free,10,0.04582599181662373,0.12483549169773389
651,state_free,10,0.05497423798152157,0.1364879349547177
652,state_free,10,0.04711044825759021,0.12655618907550617
653,state_free,10,0.048566721508805394,0.12847045700939336
654,state_free,10,0.051760294867951244,0.1325566099688704
655,state_free,10,0.04876455856349649,0.1287134007097395
656,state_free,10,0.05591691846078621,0.13761761251095161
657,state_free,10,0.0423262190337908,0.11995934359392012
658,state_free,10,0.05146186832151249,0.13219352731519793
659,state_free,10,0.0505591634739295,0.1310397075394105
660,state_free,10,0.053441337262794736,0.13462977407723456
661,state_free,10,0.055460979959626656,0.1370653912051986
662,state_free,10,0.06639131929925801,0.14934466919526268
663,state_free,10,0.05352315315621315,0.13474066805325458
664,state_free,10,0.03646622278877995,0.11122582813837777
665,state_free,10,0.043419423438846916,0.12149914564336908
666,state_free,10,0.05019719189336064,0.13056711070616342
667,state_free,10,0.04048294211163306,0.11728880190076316
668,state_free,10,0.0457197419267791,0.1246924675489895
669,state_free,10,0.03692500895513236,0.1119179856738628
670,state_free,10,0.05487907785866266,0.13637957921866373
671,state_free,10,0.051151344915520425,0.13179216058536655
672,state_free,10,0.009996605392168767,0.059091816544325895
673,state_free,10,0.010994984962434784,0.06227451172704053
674,state_free,10,0.01290278379311373,0.06777630572203126
675,state_free,10,0.010359022270345119,0.060256904143987045
676,state_free,10,0.01381436211935113,0.07020703328666522
677,state_free,10,0.02410286755901279,0.09272357387091794
678,state_free,10,0.03131454653988995,0.10576000835975463
679,state_free,10,0.022876924758265887,0.09033580034851203
680,state_free,10,0.01637455164014935,0.07650320376032253
681,state_free,10,0.00931698179214883,0.05648688574811596
682,state_free,10,0.01140479197877996,0.06320839808532504
683,state_free,10,0.019397481216626267,0.08317276007752107
684,state_free,10,0.014193525884446912,0.0709216519725087
685,state_free,10,0.01882168953794682,0.08192767700033007
686,state_free,10,0.019763813517133997,0.08394213545771022
687,state_free,10,0.024009152147565608,0.09245697086123526
688,state_free,10,0.010891440026677919,0.061657153613334265
689,state_free,10,0.020590071140262445,0.08566239681379788
690,state_free,10,0.011619006215806716,0.06384185981702295
691,state_free,10,0.010412181852642402,0.06013360768644466
692,state_free,10,0.01003013064209179,0.05889286476261185
693,state_free,10,0.013564022997724513,0.06927701090293001
694,state_free,10,0.017052053117973306,0.07794112848571984
695,state_free,10,0.010961041735411436,0.06186541356489122
696,state_free,10,0.011510673839531794,0.06353341704480057
697,state_free,10,0.008784989312086846,0.05460223427651868
698,state_free,10,0.010478825371340771,0.06035140895401367
699,state_free,10,0.015064815385840553,0.07316209819450548
700,state_free,10,0.020089702784753215,0.08463700573504856
701,state_free,10,0.012127116164032871,0.06531652689718301
702,state_free,10,0.02261568544619772,0.08974463294210809
703,state_free,10,0.009124240469060171,0.05581502194063001
704,state_free,10,0.014340989251179177,0.0712879861921861
705,state_free,10,0.012156295364567093,0.06539152269490027
706,state_free,10,0.023602578608267265,0.09165396141482061
707,state_free,10,0.015679873800242584,0.07466409458993307
708,state_free,10,0.015140878339351717,0.07333032538024135
709,state_free,10,0.008432683838866249,0.05330727375937184
710,state_free,10,0.01189811081857176,0.06465238544427324
711,state_free,10,0.011187571936404836,0.06255016651475861
712,state_free,10,0.015623269466589948,0.07453483369918382
713,state_free,10,0.012765080138541579,0.06710248623179807
714,state_free,10,0.011864838458450504,0.06455471773166646
715,state_free,10,0.036175280184411115,0.11353050357762487
716,state_free,10,0.02700525281550721,0.09807983701693568
717,state_free,10,0.023739648133451134,0.09190422930454663
718,state_free,10,0.026196630113981545,0.09658967393871459
719,state_free,10,0.02014079787936443,0.08469385918294323
720,state_free,10,0.016585359027043806,0.07681810034293522
721,state_free,10,0.016420498345420576,0.07643523341716381
722,state_free,10,0.020691095552448635,0.0858340608392835
723,state_free,10,0.02489213223442352,0.09413879007932913
724,state_free,10,0.020236835008456525,0.0848927898911106
725,state_free,10,0.02722489284463796,0.09848408216055389
726,state_free,10,0.027316766850056556,0.09864771733138938
727,state_free,10,0.041012100685279246,0.1207776412446174
728,state_free,10,0.028218049133234,0.10024790807190537
729,state_free,10,0.008976378722267303,0.05529470365474613
730,state_free,10,0.016451876861383673,0.07646896847073263
731,state_free,10,0.01992718348354585,0.08421426526199781
732,state_free,10,0.014569026525882234,0.07184999348581853
733,state_free,10,0.012551090435533945,0.06650043205357899
734,state_free,10,0.025118861315745634,0.0914669659362731
735,state_free,10,0.055486235567781095,0.13744315880736577
736,state_free,10,0.038097391465497676,0.113993318417097
737,state_free,10,0.038451142035954795,0.11451231813277198
738,state_free,10,0.0383798761783073,0.11439537472841778
739,state_free,10,0.03936997942451466,0.11589862639219582
740,state_free,10,0.035949661338996776,0.11061694233043387
741,state_free,10,0.04028723593413495,0.11729548331872121
742,state_free,10,0.03502582482199161,0.10918361426354402
743,state_free,10,0.042804013840484,0.12076822743752674
744,state_free,10,0.04395356139292431,0.12234515989485857
745,state_free,10,0.04940269249572498,0.1297007313781364
746,state_free,10,0.031360390031639734,0.10277650102012398
747,state_free,10,0.04196564220822141,0.1195192908371057
748,state_free,10,0.04410230631634422,0.1225524174272181
749,state_free,10,0.04543156465742123,0.12440296417650058
750,state_free,10,0.04610736260457089,0.12531056599043666
751,state_free,10,0.04699046408735253,0.12648972245951234
752,state_free,10,0.044832546379812196,0.1235607990973201
753,state_free,10,0.035318359516378905,0.10939852425805123
754,state_free,10,0.04564012862658516,0.12466564157265853
755,state_free,10,0.047965616449455906,0.1277888431324749
756,state_free,10,0.041606424249842726,0.11898568957894132
757,state_free,10,0.04637118795900348,0.12564497562560123
758,state_free,10,0.03648466743279838,0.11123052969093794
759,state_free,10,0.038229089889422425,0.11395134208757922
760,state_free,10,0.04218210372044116,0.11981791701690554
761,state_free,10,0.053199183323475834,0.13448013723154134
762,state_free,10,0.048028072198609224,0.1278742781242294
763,state_free,10,0.04126510081228914,0.11848421206665485
764,state_free,10,0.05982237423132296,0.14231737480313916
765,state_free,10,0.04289266270368852,0.12082564541035039
766,state_free,10,0.04950314600602868,0.129780991388601
767,state_free,10,0.04669627592713792,0.12607253010751726
768,state_free,10,0.044014872973933666,0.12239854096948302
769,state_free,10,0.052169811330439096,0.1331773482740858
770,state_free,10,0.03899304655049551,0.1151021562782347
771,state_free,10,0.046364789701347046,0.12562412089025185
772,state_free,10,0.039306674964955185,0.11558168475477085
773,state_free,10,0.04507765123093374,0.12387173033274072
774,state_free,10,0.044168523784080815,0.12262018691369644
775,state_free,10,0.04581836046072122,0.12488908886793533
776,state_free,10,0.04521062639426182,0.1240527528981198
777,state_free,10,0.04068968676521127,0.11763885533491496
778,state_free,10,0.04629760150291545,0.12554447253153464
779,state_free,10,0.053996199020045675,0.13543785414046294
780,state_free,10,0.044945068312303715,0.1236896169326978
781,state_free,10,0.04696520872620047,0.12645084752303112
782,state_free,10,0.05186141892482357,0.1327867921324029
783,state_free,10,0.04393318811657937,0.12233051459274566
784,state_free,10,0.04957921234289309,0.12987460786440846
785,state_free,10,0.04435199337925588,0.12285722183790107
786,state_free,10,0.0325816470991806,0.10481457706129342
787,state_free,10,0.03205481034717537,0.10394992368624664
788,state_free,10,0.016647616854569832,0.07251376191545753
789,state_free,10,0.03457362943667297,0.10819886412971069
790,state_free,10,0.04861745627108787,0.12865934796883832
791,state_free,10,0.043348218475665196,0.12147151542985028
792,state_free,10,0.05222204618618957,0.13325061101494778
793,state_free,10,0.047565846170734186,0.12725418860652446
794,state_free,10,0.06168228617160542,0.14440991735620742
795,state_free,10,0.03322197841080163,0.10567072797090962
796,state_free,10,0.03121329135745187,0.10222746980162718
797,state_free,10,0.03203460813967427,0.10367132575358477
798,state_free,10,0.029815898042954144,0.09973288208706962
799,state_free,10,0.03405451385046434,0.1070271890844897
800,state_free,10,0.02755011946708956,0.09554103143762649
801,state_free,10,0.03313381777762969,0.10550354424957377
802,state_free,10,0.03545238431186874,0.10932197069094593
803,state_free,10,0.04826702169410391,0.12794939915595827
804,state_free,10,0.023710322416584582,0.08795565973632406
805,state_free,10,0.037698639558769495,0.11288084764775766
806,state_free,10,0.04452614395084073,0.12289633000864453
807,state_free,10,0.028246080696597693,0.09684531643631138
808,state_free,10,0.035274169046948016,0.10900928919037164
809,state_free,10,0.034504545128064605,0.10776524770397425
810,state_free,10,0.032998792795777575,0.10525454332547102
811,state_free,10,0.03432889413696892,0.10747031216342703
812,state_free,10,0.03919802224885629,0.11512459154308095
813,state_free,10,0.03968220555224372,0.11588771974993309
814,state_free,10,0.03325614690248311,0.10567681475284817
815,state_free,10,0.02989413168560355,0.09982857238921716
816,state_free,10,0.03590669354997347,0.11002017187653812
817,state_free,10,0.03865766409528994,0.11430494806658238
818,state_free,10,0.029361413947962968,0.09887258353542959
819,state_free,10,0.022142460996871255,0.08459549963224965
820,state_free,10,0.030618527006187245,0.10114419803025569
821,state_free,10,0.0312291923907932,0.10223730856423895
822,state_free,10,0.031069743211197987,0.10196179946269869
823,state_free,10,0.016219478297941153,0.07121948591561753
824,state_free,10,0.03641283557193484,0.11086725558390843
825,state_free,10,0.030148062022172274,0.10033122918597814
826,state_free,10,0.04002141551883432,0.1163953238940735
827,state_free,10,0.030203326490314472,0.10042292548262528
828,state_free,10,0.036366557963547964,0.11078129014934605
829,state_free,10,0.03586031360955262,0.10996422574263932
830,state_free,10,0.029500134538001977,0.09914203258705073
831,state_free,10,0.019410804183691403,0.07852804924536551
832,state_free,10,0.03858530594808116,0.11424441177519482
833,state_free,10,0.02539871995676317,0.09138371083954047
834,state_free,10,0.030503749202247035,0.10097500162870626
835,state_free,10,0.025805255159751475,0.09218978264373799
836,state_free,10,0.02522704585021361,0.09106155743173387
837,state_free,10,0.03279986511615422,0.10497543978663179
838,state_free,10,0.04746834509066444,0.12690218161456013
839,state_free,10,0.03541781564981532,0.1092639359235102
840,state_free,10,0.03461502459004556,0.10796400642973915
841,state_free,10,0.026212095100938387,0.09297322412403293
842,state_free,10,0.03824722853151845,0.11372421470187763
843,state_free,10,0.035019909066397154,0.10861666607150344
844,state_free,10,0.026324137813077797,0.09318613561227813
845,state_free,10,0.03528677758098336,0.10905232832691752
846,state_free,10,0.03516833982140294,0.10885749957874213
847,state_free,10,0.031202054190672943,0.10216720644572526
848,state_free,10,0.04032640041688522,0.11685523762099789
849,state_free,10,0.027923202565968565,0.09625197196439692
850,state_free,10,0.03312130955805319,0.10549169883224813
851,state_free,10,0.020592664313914214,0.0812809842804505
852,state_free,10,0.02831006008633084,0.09697391896259815
853,state_free,10,0.02416257077289226,0.08890692261834926
854,state_free,10,0.03717812809006756,0.11205949644705465
855,state_free,10,0.03515256308306062,0.10883340602846671
856,state_free,10,0.042664993812873496,0.1202804103613195
857,state_free,10,0.008673265457968163,0.05231369940602894
858,state_free,10,0.006104599270419444,0.0442406142371969
859,state_free,10,0.005511357023463693,0.04248828737434799
860,state_free,10,0.007674356173560417,0.049443768749542386
861,state_free,10,0.005546731569956656,0.042592174256861806
862,state_free,10,0.006857553430104063,0.04687037333054139
863,state_free,10,0.005474904751279394,0.04237797299949355
864,state_free,10,0.007386497536545781,0.04859051738860694
865,state_free,10,0.007902571485001947,0.05013135076355507
866,state_free,10,0.0039148204327569555,0.037462402269570906
867,state_free,10,0.006286950139537073,0.04491764752413225
868,state_free,10,0.004079949080798459,0.03823986145991315
869,state_free,10,0.007300144560375538,0.04826270893348746
870,state_free,10,0.004422167888648054,0.03954466914879009
871,state_free,10,0.007380919806948581,0.04852278528763071
872,state_free,10,0.009354159527015706,0.0540708401823082
873,state_free,10,0.007045085079105746,0.047430027496890494
874,state_free,10,0.004743564554652372,0.04056291782255744
875,state_free,10,0.00641217208751781,0.04528484279941751
876,state_free,10,0.006058648946050274,0.04414231024077393
877,state_free,10,0.006456807841316709,0.04538807375210976
878,state_free,10,0.00603013470303549,0.044061540849265494
879,state_free,10,0.0036778015941801847,0.03461701025985005
880,state_free,10,0.005683142201074668,0.04299831937410355
881,state_free,10,0.004216426761298489,0.036738002684774396
882,state_free,10,0.006832294869035704,0.04677357382226517
883,state_free,10,0.0038087020588145493,0.03508726751973463
884,state_free,10,0.00859524698196496,0.05210117879735653
885,state_free,10,0.005365405962649263,0.04214101540468999
886,state_free,10,0.0035681532594876108,0.03510918216538853
887,state_free,10,0.007896221692505844,0.05013786245265972
888,state_free,10,0.008088139227781184,0.052073922519949765
889,state_free,10,0.004949684253244318,0.041054829964834026
890,state_free,10,0.009776009661567548,0.05516617022362878
891,state_free,10,0.007676696211919688,0.04943673294805488
892,state_free,10,0.004034449092145064,0.038047020014621284
893,state_free,10,0.006339935048314539,0.045045282196449696
894,state_free,10,0.007776749955153435,0.049742058231318456
895,state_free,10,0.003739280427500614,0.03482009509023061
896,state_free,10,0.007364665964903172,0.048476634474882076
897,state_free,10,0.003647494450203188,0.03581211321200508
898,state_free,10,0.00715861747399116,0.04784898860673023
899,state_free,10,0.010945067938519128,0.05794839164691852
900,state_free,10,0.006988712860526663,0.04724384361995277
901,state_free,10,0.004183585584574594,0.038675900126509836
902,state_free,10,0.009295295059683899,0.053877482418314714
903,state_free,10,0.010395313807846505,0.05660081984493222
904,state_free,10,0.007159341899379896,0.04777658614922311
905,state_free,10,0.011132989277792318,0.058421810689145835
906,state_free,10,0.00830378552540142,0.05124637565054407
907,state_free,10,0.007356179271891643,0.04838120917576505
908,state_free,10,0.007488535556200816,0.04881439447155344
909,state_free,10,0.009715397473706516,0.054945597288363415
910,state_free,10,0.004990844380491297,0.04127731823015692
911,state_free,10,0.005662488075525281,0.042934986819519676
912,state_free,10,0.00899554553903122,0.053082353249302744
913,state_free,10,0.006534974028723761,0.04561030626723968
914,state_free,10,0.004073581036642147,0.03820025755118659
915,state_free,10,0.007117080244052839,0.04760227722506442
916,state_free,10,0.004443703315227787,0.039645254888267464
917,state_free,10,0.00805445474657574,0.0504880497131066
918,state_free,10,0.005434705485218862,0.04237458579147487
919,state_free,10,0.008001490495370842,0.05034547175951583
920,state_free,10,0.0068509934453946,0.04672709790929598
921,state_free,10,0.003919792901717923,0.037481139587653096
922,state_free,10,0.0035956257524542073,0.03528460617859156
923,state_free,10,0.07606665591309347,0.157931244746922
924,state_free,10,0.11154055675507549,0.18779075260414993
925,state_free,10,0.08908159648127537,0.1697384577392724
926,state_free,10,0.061634940229901666,0.1428989254173086
927,state_free,10,0.09829084558274202,0.17750309996794278
928,state_free,10,0.1015644767048186,0.18014998516471942
929,state_free,10,0.1008115827239028,0.1795567189925891
930,state_free,10,0.09209639610445197,0.17234176826532235
931,state_free,10,0.09718171797408179,0.1766682399051405
932,state_free,10,0.08406897965524092,0.16546616820958643
933,state_free,10,0.09388666625535079,0.17402732658057452
934,state_free,10,0.09064415991248326,0.17126116255085358
935,state_free,10,0.11291560409555483,0.1889095376406243
936,state_free,10,0.09873255693492478,0.17799769398793483
937,state_free,10,0.09416253267766311,0.17421999487323533
938,state_free,10,0.09249099053842898,0.17280316103008375
939,state_free,10,0.1011499557394723,0.1799059631185089
940,state_free,10,0.09657158584728681,0.17621086462652635
941,state_free,10,0.09118155299708229,0.1716841663286279
942,state_free,10,0.0868964353587412,0.1679485929726933
943,state_free,10,0.08251756882495541,0.16401616511448208
944,state_free,10,0.11470906785102157,0.19021538892289114
945,state_free,10,0.10195244286384023,0.1805265898794121
946,state_free,10,0.09073670793483082,0.17131036142396622
947,state_free,10,0.09271002576497164,0.1729785791530953
948,state_free,10,0.0942097922386054,0.17425179181438985
949,state_free,10,0.096381515299889,0.1760280316852331
950,state_free,10,0.08908761186201568,0.169854570024566
951,state_free,10,0.08585385556829601,0.1670058935789229
952,state_free,10,0.08717383572678669,0.16817993143036172
953,state_free,10,0.09383762194539125,0.17393048034254086
954,state_free,10,0.09928909693931968,0.1784083248005821
955,state_free,10,0.10281354691660195,0.1811955678845331
956,state_free,10,0.09342629470863506,0.1735634437250279
957,state_free,10,0.08246500177668113,0.1639460547565782
958,state_free,10,0.09740929566440036,0.1768633780758134
959,state_free,10,0.10133876435609292,0.18002368912754504
960,state_free,10,0.0983374422587389,0.1776214306754444
961,state_free,10,0.09410669058142758,0.17413520175909164
962,state_free,10,0.10062812196524414,0.17943699690619003
963,state_free,10,0.09568859643398919,0.17542414848526813
964,state_free,10,0.0927114496415316,0.17295173379648252
965,state_free,10,0.07814871263487552,0.15991528663225915
966,state_free,10,0.11349756890086819,0.18927836109096544
967,state_free,10,0.10019708738423123,0.1791071496051539
968,state_free,10,0.11015276044598439,0.18678844616331924
969,state_free,10,0.09066281389937793,0.1711870542399602
970,state_free,10,0.09761368560358917,0.17700269744365274
971,state_free,10,0.09291415840610168,0.17310766392880392
972,state_free,10,0.1219196158151205,0.1953504305517442
973,state_free,10,0.08586957487169368,0.16697478443473984
974,state_free,10,0.09838938393868385,0.17762490317381624
975,state_free,10,0.10179447659247497,0.18035902996438646
976,state_free,10,0.09516241058611909,0.17497253969196838
977,state_free,10,0.0920539105636663,0.1723599247224003
978,state_free,10,0.07428879001894993,0.15625067461831926
979,state_free,10,0.09684953770622806,0.17636167837987793
980,state_free,10,0.10698273153740095,0.18432933732403284
981,state_free,10,0.11213742984859407,0.18824089839223432
982,state_free,10,0.10057100252230991,0.1793460062137676
983,state_free,10,0.09680767833331438,0.17630265827354566
984,state_free,10,0.10698803461509146,0.18435095081217484
985,state_free,10,0.11044413191927235,0.18696361160881841
986,state_free,10,0.07722821584685281,0.15899929916073097
987,state_free,10,0.2386373018739368,0.28120276954435924
988,state_free,10,0.2702416535625952,0.2986648780393328
989,state_free,10,0.22384632768320126,0.27254210351069796
990,state_free,10,0.22728542921460926,0.2745802170941562
991,state_free,10,0.2562487681785896,0.29108944233926687
992,state_free,10,0.231013111012343,0.2767756143872447
993,state_free,10,0.2638214453866148,0.2952041419144805
994,state_free,10,0.2847445580228117,0.3062502982221172
995,state_free,10,0.2304774818986573,0.2764647113608049
996,state_free,10,0.23547773978210962,0.2797650812797384
997,state_free,10,0.24503417799646782,0.2852339025679896
998,state_free,10,0.22734942636144562,0.2750220003511748
999,state_free,10,0.23459650261583553,0.27926420383576095
1000,state_free,10,0.3036844529020356,0.3162290536060597
1001,state_free,10,0.2704066243137474,0.29916766955557095
1002,state_free,10,0.22165282337143408,0.2716630204467793
1003,state_free,10,0.2402570103938242,0.2825365442923409
1004,state_free,10,0.21971169856692013,0.27047510390236124
1005,state_free,10,0.30386256258692285,0.3163413316894005
1006,state_free,10,0.2307015025778222,0.2769961477090898
1007,state_free,10,0.21342200741255407,0.2666398061894707
1008,state_free,10,0.20990316076721466,0.2644714640632479
1009,state_free,10,0.23102947135378782,0.27718740959684884
1010,state_free,10,0.22959109753118961,0.27634759938890935
1011,state_free,10,0.2145027728095829,0.26731340026768047
1012,state_free,10,0.21787240188199283,0.2693501510500903
1013,state_free,10,0.2249780267643498,0.2736165817853373
1014,state_free,10,0.22546765746512407,0.2739018057271402
1015,state_free,10,0.2535422678655596,0.2900027471572852
1016,state_free,10,0.2006454888631984,0.25866782488879775
1017,state_free,10,0.2536659769768491,0.2900733003260048
1018,state_free,10,0.3053315037615275,0.31705225431171585
1019,state_free,10,0.383011746474906,0.353996208711844
1020,state_free,10,0.3025053621149171,0.31564520659528694
1021,state_free,10,0.4013172545615254,0.3620911050635228
1022,state_free,10,0.5474504153554607,0.4208052151019232
1023,state_free,10,0.26754686837961755,0.29766257756793413
1024,state_free,10,0.4676478787728705,0.3896283821016951
1025,state_free,10,0.3016686909843706,0.31527469363551336
1026,state_free,10,0.4647297245398157,0.38849523158456883
1027,state_free,10,0.5582878524266001,0.4250338892361932
1028,state_free,10,0.870771435792361,0.5229648182847442
1029,state_free,10,0.2901273791765282,0.30955608371909216
1030,state_free,10,0.6257708199575543,0.44946895674157544
1031,state_free,10,0.8264632092563617,0.5116219430007284
1032,state_free,10,0.206102095794743,0.2630669745337107
1033,state_free,10,1.0178215909650705,0.5625947705104695
1034,state_free,10,0.40086762534058856,0.36214584196355615
1035,state_free,10,0.9282443917562532,0.5403890868766821
1036,state_free,10,0.5427138374858739,0.4195533285424903
1037,state_free,10,0.6514569607346077,0.4586211245775784
1038,state_free,10,0.8001961167803004,0.5049956610449344
1039,state_free,10,0.37984506334992085,0.3527458994738748
1040,state_free,10,0.5698369136738527,0.4297193565737466
1041,state_free,10,0.426332649145305,0.37312897636746173
1042,state_free,10,0.7928806687032174,0.5027505878963762
1043,state_free,10,0.4590033584104004,0.3865953579848666
1044,state_free,10,0.6184996238573562,0.44741695078543414
1045,state_free,10,0.7356463006444321,0.4851205070654896
1046,state_free,10,0.44957518233844523,0.38277534551378894
1047,state_free,10,0.5055308426668049,0.3958038774514094
1048,state_free,10,0.40666181410029734,0.3600164805201333
1049,state_free,10,0.44580383160127185,0.37457924876626775
1050,state_free,10,0.41433096674905606,0.36282324756634077
1051,state_free,10,0.40096967299518094,0.35793480810640915
1052,state_free,10,0.4992475108419335,0.39328984987833204
1053,state_free,10,0.53806909870972,0.4070488429854706
1054,state_free,10,0.5131035791848335,0.3979635424884372
1055,state_free,10,0.5073562401555514,0.39615175457461044
1056,state_free,10,0.35006052079124245,0.33675602345681827
1057,state_free,10,0.46640722906091836,0.38110859868940905
1058,state_free,10,0.4588454197987055,0.37847358384566226
1059,state_free,10,0.4056299572384674,0.35859342105947173
1060,state_free,10,0.4129038884198554,0.3614114943019014
1061,state_free,10,0.3953940060831698,0.3547557062808471
1062,state_free,10,0.3842772750046429,0.35059322642927243
1063,state_free,10,0.4090865143211171,0.36000980530719073
1064,state_free,10,0.38486199930806736,0.35071542190229754
1065,state_free,10,0.43179440060798774,0.3683793906609572
1066,state_free,10,0.4351222615464292,0.3696019560851033
1067,state_free,10,0.41582485919941126,0.36234373725665403
1068,state_free,10,0.4092741045652618,0.3599363380354963
1069,state_free,10,0.44003661804086786,0.37158327598563673
1070,state_free,10,0.3943887301596328,0.3543100762897483
1071,state_free,10,0.3973270809131285,0.3554766403168428
1072,state_free,10,0.48964121811572087,0.38976280407975744
1073,state_free,10,0.480845877766011,0.3864803372406851
1074,state_free,10,0.5190705033271843,0.40010493812416537
1075,state_free,10,0.43438674996682364,0.3702213439143559
1076,state_free,10,0.4674854730431099,0.3818270055906996
1077,state_free,10,0.39517122998251014,0.35491973636196966
1078,state_free,10,0.4346938115474927,0.36952091598892084
1079,state_free,10,0.379782676683555,0.3486651039013694
1080,state_free,10,0.4044264169949577,0.3580042351891576
1081,state_free,10,0.3971373074262319,0.3552707865878386
1082,state_free,10,0.39181924647569216,0.35370978204696957
1083,state_free,10,0.3846552105324676,0.3507808100661621
1084,state_free,10,0.41384637104732674,0.36152119816092454
1085,state_free,10,0.4354113628364468,0.36964451628926875
1086,state_free,10,0.3591331157084857,0.3401372783438311
1087,state_free,10,0.38314322766011133,0.3498195633846477
1088,state_free,10,0.3345882401120451,0.32987920696987016
1089,state_free,10,0.3642610382067705,0.3422818218841595
1090,state_free,10,0.3732880185155535,0.3460933990878058
1091,state_free,10,0.3412439222098097,0.33255890778345526
1092,state_free,10,0.3668172473961159,0.3429711017355009
1093,state_free,10,0.413889354236353,0.3612578475872324
1094,state_free,10,0.5209872878206644,0.39927231651794143
1095,state_free,10,0.3652552997503406,0.34271931103808206
1096,state_free,10,0.3714421083525862,0.3451822865590259
1097,state_free,10,0.3644327070678848,0.34224225643508804
1098,state_free,10,0.3817957933026442,0.349031432164538
1099,state_free,10,0.3695187355486123,0.34425248842995154
1100,state_free,10,0.4527847634360463,0.3762687854404032
1101,state_free,10,0.3776769268345682,0.34749855624312503
1102,state_free,10,0.349792055599767,0.3361819566469112
1103,state_free,10,0.42714724694525996,0.3663705848223359
1104,state_free,10,0.36463534786314045,0.34251884524836673
1105,state_free,10,0.522248076123809,0.400446139996238
1106,state_free,10,0.3819520129886196,0.3493339809635718
1107,state_free,10,0.37533324570967735,0.34672895449565927
1108,state_free,10,0.08245904774701515,0.17179063611688916
1109,state_free,10,0.09185962514336218,0.1809361129228869
1110,state_free,10,0.05520597816954397,0.14121281747082506
1111,state_free,10,0.1090260926803996,0.19640534959245654
1112,state_free,10,0.06643125868200024,0.15468884108058994
1113,state_free,10,0.10358716657628829,0.19169312158860963
1114,state_free,10,0.04870560726359906,0.13273901458356066
1115,state_free,10,0.07836696688930486,0.16756711014753098
1116,state_free,10,0.10051063658567846,0.188955940630158
1117,state_free,10,0.060222650891362424,0.14742053090086388
1118,state_free,10,0.061055897753781514,0.1484762932477825
1119,state_free,10,0.07654637202253935,0.16581240351579854
1120,state_free,10,0.06789674501745709,0.15640616050401043
1121,state_free,10,0.04871348754078556,0.1328653046219248
1122,state_free,10,0.06300696651728811,0.15081395612247267
1123,state_free,10,0.053676029468363834,0.13944513430815633
1124,state_free,10,0.0605225424378976,0.14789396683262018
1125,state_free,10,0.0662633876598555,0.15461949520626625
1126,state_free,10,0.052633138568839236,0.13807794049671215
1127,state_free,10,0.04015812912775357,0.1209722765798097
1128,state_free,10,0.07923297018345052,0.16859927223818988
1129,state_free,10,0.06154884220713815,0.14907749651090152
1130,state_free,10,0.06075489683248411,0.14815362070665455
1131,state_free,10,0.061854095914633284,0.14944235195320227
1132,state_free,10,0.04748625109797233,0.13123928762786538
1133,state_free,10,0.05236282137590747,0.13773840517491037
1134,state_free,10,0.04267699051827238,0.12459810216563316
1135,state_free,10,0.04721572115442745,0.13090221916939607
1136,state_free,10,0.05260064237308745,0.13786741100019345
1137,state_free,10,0.06475149844371454,0.1528447389109058
1138,state_free,10,0.057099158382692417,0.1436876678156438
1139,state_free,10,0.05189578508404931,0.137141445712331
1140,state_free,10,0.07723551409711032,0.16654897683244235
1141,state_free,10,0.06644555954440934,0.15481047663243924
1142,state_free,10,0.05494525321151884,0.14096509597399076
1143,state_free,10,0.06654650381939672,0.1549161067711796
1144,state_free,10,0.056374465540522695,0.14276695724336347
1145,state_free,10,0.043048366459686356,0.1251619029240523
1146,state_free,10,0.051828576816800934,0.13702722698383302
1147,state_free,10,0.06350298987313345,0.15141400270019476
1148,state_free,10,0.04310175172868095,0.12517695975928972
1149,state_free,10,0.050349748238043904,0.13510375874227049
1150,state_free,10,0.07347159590134476,0.1625811653681921
1151,state_free,10,0.052699761801890455,0.1381802894083008
1152,state_free,10,0.04494825974593162,0.12779291814087107
1153,state_free,10,0.06680184527123008,0.15517517583917728
1154,state_free,10,0.05284210625813594,0.1382326128009467
1155,state_free,10,0.0930550625557489,0.18207554820889846
1156,state_free,10,0.048661493415839224,0.1328449015339558
1157,state_free,10,0.06528117808041135,0.15348566217451418
1158,state_free,10,0.04688528087885093,0.13045034695422136
1159,state_free,10,0.05109830036351238,0.13600327761755024
1160,state_free,10,0.09258219631331342,0.1816139160210477
1161,state_free,10,0.0594761230679599,0.14657624936088332
1162,state_free,10,0.07041882685461111,0.15923010927782455
1163,state_free,10,0.06627913733510071,0.15458830315616245
1164,state_free,10,0.10500052352087538,0.19286943478500043
1165,state_free,10,0.07644574054461481,0.16564937542294417
1166,state_free,10,0.08276619430520664,0.17209007161127615
1167,state_free,10,0.06948290131279398,0.1581311784935853
1168,state_free,10,0.05645534357209227,0.1428291360408295
1169,state_free,10,0.050614038374013536,0.1352592835822625
1170,state_free,10,0.06585415628538539,0.15410113851140964
1171,state_free,10,0.0567228912573737,0.14315168873865702
1172,state_free,10,0.05665067932164854,0.14307973619696226
1173,state_free,10,0.047038643856955935,0.1284813026926115
1174,state_free,10,0.04410545406802782,0.12426059846950824
1175,state_free,10,0.055700370634676255,0.13992872763152664
1176,state_free,10,0.04375359019007079,0.12378631761818129
1177,state_free,10,0.041647065672629074,0.12063144546155694
1178,state_free,10,0.049086466080732485,0.1312030362754426
1179,state_free,10,0.04407496975239372,0.12418502538037036
1180,state_free,10,0.05761652629444178,0.14229283769168055
1181,state_free,10,0.049937894281168314,0.13235546306030443
1182,state_free,10,0.044275415350206224,0.12416785990904461
1183,state_free,10,0.04740436132659106,0.12849175547207753
1184,state_free,10,0.05197383677483862,0.1346264709965752
1185,state_free,10,0.04394049167873364,0.12357804173438258
1186,state_free,10,0.04923006176074097,0.13097021037877601
1187,state_free,10,0.03608324707800463,0.11155627398732867
1188,state_free,10,0.04401458849069212,0.123707626740303
1189,state_free,10,0.05520960708753795,0.13877263732032852
1190,state_free,10,0.05240224718487834,0.13516295792726307
1191,state_free,10,0.06127020534148741,0.1462729169690415
1192,state_free,10,0.04736350021773019,0.12853512399349015
1193,state_free,10,0.04691059308714663,0.12791257276126683
1194,state_free,10,0.04135197902564752,0.11985331262228095
1195,state_free,10,0.03800114794656987,0.11465786830110758
1196,state_free,10,0.06096496247514514,0.1458781433241346
1197,state_free,10,0.03502350328296668,0.10982490688648745
1198,state_free,10,0.04898638556841624,0.13059687758598945
1199,state_free,10,0.01821628870705836,0.07650847360965703
1200,state_free,10,0.04622930344768668,0.12675827395629222
1201,state_free,10,0.04749929999107452,0.1284173324937611
1202,state_free,10,0.05188875989637286,0.13449221798712757
1203,state_free,10,0.039011368976388926,0.1159156481855434
1204,state_free,10,0.03522081809195937,0.10992959902517282
1205,state_free,10,0.045193043862169456,0.12515685169703145
1206,state_free,10,0.043138351375869195,0.12213499305505317
1207,state_free,10,0.03869643216331202,0.11534128561805
1208,state_free,10,0.04390036372547046,0.1232877562836439
1209,state_free,10,0.03128645105175504,0.1029270693297103
1210,state_free,10,0.02798734241550946,0.09683903844583795
1211,state_free,10,0.041649606768717075,0.11979246125252385
1212,state_free,10,0.037435710892454316,0.11311099909653402
1213,state_free,10,0.050264683697214624,0.1320760280887175
1214,state_free,10,0.03404686677253116,0.10769720622435947
1215,state_free,10,0.031566651437139555,0.10327475536603543
1216,state_free,10,0.040696737658500105,0.11836804452797728
1217,state_free,10,0.03555641349141918,0.11020580225876428
1218,state_free,10,0.03785230775452591,0.11386051884088952
1219,state_free,10,0.03619188095109393,0.111167767731797
1220,state_free,10,0.041057122233368853,0.11891894157980162
1221,state_free,10,0.041307471611119764,0.11932201457246433
1222,state_free,10,0.039456546361569006,0.11642782797080728
1223,state_free,10,0.04213877487804635,0.12056169044179924
1224,state_free,10,0.03319401332548824,0.10621312812233955
1225,state_free,10,0.036737935914160705,0.1121089134982455
1226,state_free,10,0.040804912414357,0.1185208793372044
1227,state_free,10,0.0498771597561861,0.13180143947458084
1228,state_free,10,0.034024779569937554,0.10795922709222665
1229,state_free,10,0.042744058567632325,0.12138962511446343
1230,state_free,10,0.02973742853884977,0.09996165920069969
1231,state_free,10,0.034410032422921656,0.10796311077612569
1232,state_free,10,0.03235708753229953,0.10448677007826693
1233,state_free,10,0.03537747866019389,0.1096936644576508
1234,state_free,10,0.03316955559953823,0.10588841966537733
1235,state_free,10,0.03009145110786433,0.10035990577164362
1236,state_free,10,0.03528490492885992,0.10695798181383101
1237,state_free,10,0.030347525303943634,0.0986364891047743
1238,state_free,10,0.019632415560637072,0.07726307898381077
1239,state_free,10,0.02109694768861931,0.08042085219991094
1240,state_free,10,0.026157661087339724,0.09096142057520062
1241,state_free,10,0.023446537307098815,0.08548272711702533
1242,state_free,10,0.023482141689579593,0.08556356797937151
1243,state_free,10,0.026536986375879267,0.091679443062505
1244,state_free,10,0.026310071363409508,0.0912745426544602
1245,state_free,10,0.04088071425840882,0.11613806669805649
1246,state_free,10,0.03117418133402463,0.10013370931454622
1247,state_free,10,0.03343261847190735,0.1039131287640168
1248,state_free,10,0.030059004613471833,0.09819513066805256
1249,state_free,10,0.030041552017558565,0.09815772878593093
1250,state_free,10,0.03299494052289264,0.10317574911461208
1251,state_free,10,0.02849800611797966,0.09537439487987161
1252,state_free,10,0.04217341468231131,0.11806888531663776
1253,state_free,10,0.023420268074987732,0.0853521693911377
1254,state_free,10,0.03362448134995572,0.10415844540551533
1255,state_free,10,0.025479931040105184,0.0895804745441214
1256,state_free,10,0.018576608515860234,0.07403590244992972
1257,state_free,10,0.02269121119206963,0.0835791886927
1258,state_free,10,0.01954175951968622,0.07628569090642014
1259,state_free,10,0.025535342543026477,0.08957388302126192
1260,state_free,10,0.02005576826144015,0.07740828268517422
1261,state_free,10,0.025105779980512256,0.08864564584578166
1262,state_free,10,0.024281309810342114,0.08694504242495789
1263,state_free,10,0.024905206396702503,0.08824070244815524
1264,state_free,10,0.01938054175788024,0.07567656170319083
1265,state_free,10,0.017619860606775402,0.071818870978734
1266,state_free,10,0.02264839671466805,0.0833335703788572
1267,state_free,10,0.02236398780055877,0.08269376779003758
1268,state_free,10,0.018828564761364942,0.07439479753281165
1269,state_free,10,0.020337080274891638,0.07793002101596887
1270,state_free,10,0.022229359066400375,0.08242390530316072
1271,state_free,10,0.0187844258979353,0.07430428654196441
1272,state_free,10,0.029886118596610906,0.09781792851760394
1273,state_free,10,0.0368300877296863,0.10922318473931802
1274,state_free,10,0.01820628381424345,0.07307775918236084
1275,state_free,10,0.02514328129602527,0.08866967741490567
1276,state_free,10,0.018341520238530723,0.07335472331611351
1277,state_free,10,0.031992290336506364,0.10148309203824904
1278,state_free,10,0.025339351350158818,0.08915802084035247
1279,state_free,10,0.021158844328737672,0.07999854624240833
1280,state_free,10,0.027206923124290572,0.09282085809259065
1281,state_free,10,0.017704998205919247,0.07196689701854368
1282,state_free,10,0.023895219716994404,0.08588346551436489
1283,state_free,10,0.01927290826303324,0.0753451257123744
1284,state_free,10,0.023845159784261546,0.08577073078956177
1285,state_free,10,0.02678161656480937,0.0919089816322838
1286,state_free,10,0.020392486743782526,0.0780154808439812
1287,state_free,10,0.02111795752524508,0.07992681808837955
1288,state_free,10,0.051793759711526,0.13277171170200033
1289,state_free,10,0.03643230321851409,0.10860881310756555
1290,state_free,10,0.029093515830673922,0.09638454980674352
1291,state_free,10,0.021478544105590844,0.08066816672068444
1292,state_free,10,0.020827897084766126,0.07919159212961142
1293,state_free,10,0.019669534577082044,0.07635418699221111
1294,state_free,10,0.03049633118051977,0.0988817001408436
1295,state_free,10,0.019674500687392838,0.07629052470673313
1296,state_free,10,0.029652022352374362,0.09736444950545574
1297,state_free,10,0.019488134910199312,0.07071947547865536
1298,state_free,10,0.01923675306858399,0.07002965636603245
1299,state_free,10,0.018282534496399706,0.06799415402510312
1300,state_free,10,0.020589702417173037,0.07292380547538257
1301,state_free,10,0.019992675069333235,0.07148718535243201
1302,state_free,10,0.021120645477328292,0.07380838532291632
1303,state_free,10,0.0196871085041761,0.07085978520734697
1304,state_free,10,0.01723321324350362,0.0660184685244794
1305,state_free,10,0.015241193003924462,0.062402110314695926
1306,state_free,10,0.01845201250530316,0.06832179364121664
1307,state_free,10,0.019864500773541745,0.0713224893143121
1308,state_free,10,0.018690351853326174,0.0686157492919706
1309,state_free,10,0.015629356011661034,0.06283387786092905
1310,state_free,10,0.01965506994556177,0.07092923109186333
1311,state_free,10,0.015209297371331797,0.06210363249619651
1312,state_free,10,0.020488844783876442,0.07275033714515396
1313,state_free,10,0.019437326571512915,0.0703792037415526
1314,state_free,10,0.01925030094105948,0.07002857288673274
1315,state_free,10,0.02071947800254846,0.07299479979662256
1316,state_free,10,0.021780169251940023,0.07529250093895967
1317,state_free,10,0.018293493696858593,0.06778841891048533
1318,state_free,10,0.01902349444940889,0.06937286490725451
1319,state_free,10,0.02114634699521351,0.07391110324213603
1320,state_free,10,0.022170010846075842,0.07596190805404988
1321,state_free,10,0.022936798419993083,0.07765183408603228
1322,state_free,10,0.02050946961605164,0.07251894974470079
1323,state_free,10,0.02022984435169003,0.07188297081150152
1324,state_free,10,0.017249578469713426,0.06585150667086466
1325,state_free,10,0.018566611048374357,0.06829407255779722
1326,state_free,10,0.02321510863300708,0.07835178804205696
1327,state_free,10,0.023722046893941414,0.07912023977527075
1328,state_free,10,0.022405524999270333,0.07619256930407035
1329,state_free,10,0.019181857779243833,0.06938781763406396
1330,state_free,10,0.01922399276027697,0.06961322671501591
1331,state_free,10,0.020767839121999258,0.07292148348870715
1332,state_free,10,0.023002398019147538,0.07757680569463613
1333,state_free,10,0.02262732906451423,0.07668044226448432
1334,state_free,10,0.019397740595880873,0.06995427351670509
1335,state_free,10,0.02067950178673498,0.07275324114489246
1336,state_free,10,0.022577065264107462,0.0767742881668841
1337,state_free,10,0.021633168474183263,0.07457760212275344
1338,state_free,10,0.02389733579861635,0.07936005347707928
1339,state_free,10,0.022099416231442258,0.07550895946048032
1340,state_free,10,0.02144500188331447,0.07425070425640005
1341,state_free,10,0.02288009506830538,0.07706842574346054
1342,state_free,10,0.02221910209299183,0.07564770227005456
1343,state_free,10,0.0213889751375702,0.07408573536422794
1344,state_free,10,0.019384039480640058,0.06985986065432728
1345,state_free,10,0.01875316273424454,0.068578159817824
1346,state_free,10,0.020206056930997664,0.0718386018550555
1347,state_free,10,0.016267951260946913,0.06393115586125639
1348,state_free,10,0.01508072518254698,0.06188406841356636
1349,state_free,10,0.01744152080420813,0.06628357859042665
1350,state_free,10,0.01277266297886515,0.05828231105190569
1351,state_free,10,0.01134859992954418,0.05697843686249238
1352,state_free,10,0.01925573678217307,0.07025480867487004
1353,state_free,10,0.018132068353898457,0.0675511821827263
1354,state_free,10,0.0196243465742103,0.07083535950586428
1355,state_free,10,0.02001933172343419,0.07167069197613903
1356,state_free,10,0.019989390859507242,0.07163729769450146
1357,state_free,10,0.01935273636696092,0.07018115663434825
1358,state_free,10,0.018934800222443357,0.06921095734468173
1359,state_free,10,0.010786452281776075,0.05560525366344088
1360,state_free,10,0.011044138000856128,0.0558523110711434
1361,state_free,10,0.011003286814100134,0.05628425838407185
1362,state_free,10,0.011723627052842462,0.05868241941472733
1363,state_free,10,0.010818380425782571,0.05579162594852679
1364,state_free,10,0.012259678707102878,0.060585379375274605
1365,state_free,10,0.011131466910848396,0.055211091012005824
1366,state_free,10,0.010508307403906972,0.055080887861570275
1367,state_free,10,0.012311691645755945,0.060731751463520355
1368,state_free,10,0.011153769862734088,0.05686516914000013
1369,state_free,10,0.011149876842994686,0.056619646369998
1370,state_free,10,0.012344465396336282,0.06070374857766522
1371,state_free,10,0.016381981599166352,0.07073693200134472
1372,state_free,10,0.010680891075187642,0.055516241149348736
1373,state_free,10,0.011136917839071569,0.05589195264203592
1374,state_free,10,0.011451600701457076,0.05764713652989862
1375,state_free,10,0.01113958008575115,0.056599277478852086
1376,state_free,10,0.011193817931959105,0.05649683408356972
1377,state_free,10,0.011100551160333521,0.056582087523685064
1378,state_free,10,0.011149387622186719,0.05662100220050508
1379,state_free,10,0.011251060681634924,0.05650246247267612
1380,state_free,10,0.011285542653209498,0.05712000306155129
1381,state_free,10,0.011187387952747468,0.05680470151392455
1382,state_free,10,0.011145345123559393,0.0563469044153563
1383,state_free,10,0.01138802963557106,0.05749445221223156
1384,state_free,10,0.011283735230469091,0.05639570610016573
1385,state_free,10,0.011534828127311438,0.05593647408264193
1386,state_free,10,0.011326978782066056,0.05696718605028636
1387,state_free,10,0.011691759909625671,0.05666502932709975
1388,state_free,10,0.011794407919025746,0.056807385208896825
1389,state_free,10,0.011677799517942485,0.05709862081592001
1390,state_free,10,0.011508819609990633,0.05746218170147582
1391,state_free,10,0.011439890635662966,0.05728927042372085
1392,state_free,10,0.011444136754271469,0.05747437973215996
1393,state_free,10,0.011390765744891925,0.05719557617923183
1394,state_free,10,0.01131939632347393,0.05719695411052994
1395,state_free,10,0.011387217359089848,0.056884004740718114
1396,state_free,10,0.011637487129080198,0.056625687932451874
1397,state_free,10,0.011586046499175533,0.05690229076399847
1398,state_free,10,0.011818034405419914,0.056492801306198215
1399,state_free,10,0.011549280711529697,0.05692887362526625
1400,state_free,10,0.01192687729134778,0.05706448255184351
1401,state_free,10,0.011618566257393078,0.05769520558839472
1402,state_free,10,0.011306990597749709,0.056991993685435546
1403,state_free,10,0.011520610937827648,0.05718882249527091
1404,state_free,10,0.011661141790699004,0.05702970461706189
1405,state_free,10,0.011528567002553853,0.05737512481343614
1406,state_free,10,0.011460901594326134,0.057140118433044146
1407,state_free,10,0.011485398489522458,0.057270426198880967
1408,state_free,10,0.011650235721426453,0.0570105209759077
1409,state_free,10,0.011468914248298908,0.05737464452051863
1410,state_free,10,0.011788023229267825,0.056579329993823674
1411,state_free,10,0.011621140558552108,0.05804937667007411
1412,state_free,10,0.011299111630768478,0.05664143691376343
1413,state_free,10,0.011324233926764736,0.056935274272370336
1414,state_free,10,0.011480914578789614,0.058192795895402244
1415,state_free,10,0.013510546306123708,0.06389535326512118
1416,state_free,10,0.011202755556176785,0.05673301288640191
1417,state_free,10,0.011453005605846712,0.05619132507631692
1418,state_free,10,0.012270737278485202,0.05724020953082256
1419,state_free,10,0.011858097326868584,0.05685474534356909
1420,state_free,10,0.012314054854995244,0.057363538983516094
1421,state_free,10,0.011481195100548892,0.05733162459205021
1422,state_free,10,0.01196487527899991,0.05749731036070932
1423,state_free,10,0.011526307977292915,0.057661196997219034
1424,state_free,10,0.021397769249779094,0.07306505021637451
1425,state_free,10,0.018346846889410583,0.06866601299345826
1426,state_free,10,0.020315427431383738,0.07130104329330189
1427,state_free,10,0.019796470731501335,0.07048438112037382
1428,state_free,10,0.020294093754367398,0.07128749273214562
1429,state_free,10,0.01991836958309991,0.07068911118748264
1430,state_free,10,0.016994433806816894,0.06731627817442595
1431,state_free,10,0.01765995423154588,0.06794124973333679
1432,state_free,10,0.015699350910109214,0.06611462766251038
1433,state_free,10,0.018787492094795792,0.06902278680354124
1434,state_free,10,0.019917065839212683,0.07090783548890606
1435,state_free,10,0.018060104967252855,0.06822233988784983
1436,state_free,10,0.020548701458363558,0.07198813691371153
1437,state_free,10,0.020960409321612417,0.07262462705082394
1438,state_free,10,0.0183380741564775,0.06874948000801587
1439,state_free,10,0.021054311799080638,0.07278387585017758
1440,state_free,10,0.01860598493308085,0.06908650916849021
1441,state_free,10,0.019894917547124347,0.07096041168680625
1442,state_free,10,0.016887219744974508,0.06703851781520713
1443,state_free,10,0.02135207901610436,0.07320655521454161
1444,state_free,10,0.018973616341632478,0.0695463352601622
1445,state_free,10,0.019355123981875468,0.07007802218968162
1446,state_free,10,0.01998422246246516,0.07109163865663605
1447,state_free,10,0.019433696329405094,0.070186167552523
1448,state_free,10,0.01758860532360972,0.06782909445396529
1449,state_free,10,0.019032707821265794,0.0696009974586644
1450,state_free,10,0.020231482327952778,0.07150765441520028
1451,state_free,10,0.01821141707789418,0.06854015354632477
1452,state_free,10,0.019021126138260305,0.0695798770623929
1453,state_free,10,0.019278881228978462,0.06993810467362019
1454,state_free,10,0.018325755890922005,0.06866865764315444
1455,state_free,10,0.018844448899277215,0.06932259077383761
1456,state_free,10,0.017687400280832943,0.06785110582365608
1457,state_free,10,0.01764871107765653,0.06774162606668069
1458,state_free,10,0.01741301766664027,0.0674713374884512
1459,state_free,10,0.016308477839635765,0.06599368236811637
1460,state_free,10,0.019576646987503908,0.07031746627762835
1461,state_free,10,0.020845010414641124,0.07235794939037117
1462,state_free,10,0.01772753262362524,0.06793143994615554
1463,state_free,10,0.01564120104388568,0.0656727536835234
1464,state_free,10,0.017036846871066883,0.06684029941233803
1465,state_free,10,0.01545765240871333,0.0649266941759529
1466,state_free,10,0.01662192010276411,0.06626365308301226
1467,state_free,10,0.01936732755731921,0.069954269969644
1468,state_free,10,0.01590141961771618,0.06556627837875002
1469,state_free,10,0.018594640989865175,0.06872835505440021
1470,state_free,10,0.019476070452657354,0.07016538824039623
1471,state_free,10,0.0165389837688108,0.06628060184362199
1472,state_free,10,0.017300114340230884,0.06716186296451734
1473,state_free,10,0.017160653083326347,0.06702197969271462
1474,state_free,10,0.01618653843683941,0.06576729908086025
1475,state_free,10,0.017756025198935595,0.06761509957194071
1476,state_free,10,0.016255369902319038,0.06580249532977984
1477,state_free,10,0.017545353580508696,0.06718429254131408
1478,state_free,10,0.015082109407713252,0.06570468317706146
1479,state_free,10,0.015340491549679735,0.06480706190265116
1480,state_free,10,0.01822775076238455,0.06811365862238328
1481,state_free,10,0.017955246627454968,0.0679384318721123
1482,state_free,10,0.01796214161040379,0.06795647910566163
1483,state_free,10,0.01854947694076134,0.06871474953250668
1484,state_free,10,0.018301854762291004,0.06844732429217144
1485,state_free,10,0.017951190826421652,0.06802188068557428
1486,state_free,10,0.017847570838770133,0.06788178341447813
1487,state_free,10,0.02742211040115618,0.09778148778370713
1488,state_free,10,0.021613994228482546,0.08595230562921033
1489,state_free,10,0.017915955939216938,0.07747189291184765
1490,state_free,10,0.04715720451484804,0.12985553328933958
1491,state_free,10,0.025343109639555036,0.09374191083770182
1492,state_free,10,0.02540405690356797,0.09386250929456982
1493,state_free,10,0.028183851718104513,0.09925272890755982
1494,state_free,10,0.02707157336254889,0.09708963388277585
1495,state_free,10,0.025070541293291938,0.09310545169988063
1496,state_free,10,0.029476089870769523,0.10206291125778649
1497,state_free,10,0.10940349620833545,0.19659373475178193
1498,state_free,10,0.08800455029966855,0.17723333395579585
1499,state_free,10,0.057665053558494994,0.14421567478075517
1500,state_free,10,0.04621673629021492,0.12916583283197033
1501,state_free,10,0.060437524695999674,0.14758045793314542
1502,state_free,10,0.05945230418896018,0.14645988627782786
1503,state_free,10,0.041034494318188786,0.12173769244644035
1504,state_free,10,0.04165818098866876,0.12265077651108953
1505,state_free,10,0.05768234477392061,0.14423924895798973
1506,state_free,10,0.0385187665974946,0.11784060025516982
1507,state_free,10,0.034874417253681546,0.11194504383876051
1508,state_free,10,0.03168977348704747,0.10645346770609698
1509,state_free,10,0.04395961577380847,0.1259413237759228
1510,state_free,10,0.044992978251362906,0.12744730167794294
1511,state_free,10,0.029243886343964572,0.10208148944243266
1512,state_free,10,0.03694064582706094,0.1152407803572094
1513,state_free,10,0.03362007860349101,0.1098340644344127
1514,state_free,10,0.031242450218461594,0.10548694979251155
1515,state_free,10,0.0431845494599256,0.12483038216551753
1516,state_free,10,0.05080466078660581,0.13544582333250127
1517,state_free,10,0.05070509889458237,0.13533908393145222
1518,state_free,10,0.02853001962129111,0.10060653951320761
1519,state_free,10,0.03481329492684153,0.11173144586974271
1520,state_free,10,0.054409153943968246,0.1401017719175865
1521,state_free,10,0.03685335268767112,0.1151397800853369
1522,state_free,10,0.040703302532033095,0.12113947069040404
1523,state_free,10,0.05472065233729144,0.14052771324062874
1524,state_free,10,0.08069305995452747,0.1700629678450102
1525,state_free,10,0.03590541072463837,0.1137829705644754
1526,state_free,10,0.10009829632982627,0.18862947201797012
1527,state_free,10,0.10856741363648553,0.19603245258602484
1528,state_free,10,0.04287099698560167,0.12460117113338032
1529,state_free,10,0.05789839780850256,0.14461033888058059
1530,state_free,10,0.08335176344846269,0.1727840683891392
1531,state_free,10,0.1052266845739978,0.19316712721266943
1532,state_free,10,0.06997394371943028,0.15872796530980587
1533,state_free,10,0.036011780981902934,0.1141181737524212
1534,state_free,10,0.06819202714958565,0.15667093786517966
1535,state_free,10,0.08465202833200887,0.1741514907965236
1536,state_free,10,0.0557735881394229,0.14204621422091823
1537,state_free,10,0.04793063232556764,0.13180481725938425
1538,state_free,10,0.03435125191922319,0.11139410214863696
1539,state_free,10,0.04761433024397802,0.13134576544896157
1540,state_free,10,0.06342435699359239,0.15121331957819772
1541,state_free,10,0.05363308912274497,0.13929114682948315
1542,state_free,10,0.03741466378722186,0.11625855062892396
1543,state_free,10,0.06436176485177261,0.1522628844233668
1544,state_free,10,0.04436561546043649,0.12674701916373335
1545,state_free,10,0.0406073572539448,0.12118726003117768
1546,state_free,10,0.05327217729730805,0.13881083427933727
1547,state_free,10,0.045980391395770676,0.12899693726260952
1548,state_free,10,0.04845879890451402,0.13241457719035168
1549,state_free,10,0.08899079084889774,0.17799034326068666
1550,state_free,10,0.07133604582901398,0.16001275296311016
1551,state_free,10,0.06587040701868481,0.15395986714402665
1552,state_free,10,0.07739898967844457,0.16645098404011172
1553,state_free,10,0.07802802944850733,0.1671001967107592
1554,state_free,10,0.07143758098842672,0.16016110640630996
1555,state_free,10,0.05634456149802806,0.14259967081339903
1556,state_free,10,0.06773620848165743,0.15604866094245434
1557,state_free,10,0.07664723170848976,0.16568454445125266
1558,state_free,10,0.1213338604491098,0.20620279210167075
1559,state_free,10,0.0878110945808743,0.17681645009576707
1560,state_free,10,0.059206140624336406,0.1459885094895339
1561,state_free,10,0.05880763959604051,0.14550668061256505
1562,state_free,10,0.06841087761066497,0.15664753809507143
1563,state_free,10,0.07602748696691297,0.16483660607832146
1564,state_free,10,0.09707534725261958,0.1855129782035532
1565,state_free,10,0.0805947216257781,0.16960282755375705
1566,state_free,10,0.10591137343128988,0.19342126827314374
1567,state_free,10,0.09503301949215824,0.18370814953322423
1568,state_free,10,0.06915675986266169,0.157543551644397
1569,state_free,10,0.10994204952841419,0.19688014623779762
1570,state_free,10,0.08252474278633899,0.17164944549218117
1571,state_free,10,0.06874595097219366,0.15710826426174132
1572,state_free,10,0.060686172426693566,0.1478523706158924
1573,state_free,10,0.10370537804029491,0.19150431584191033
1574,state_free,10,0.08486255648875303,0.17394722954060013
1575,state_free,10,0.09635883640384807,0.18492661737357055
1576,state_free,10,0.10856006891450527,0.19572484056990974
1577,state_free,10,0.09295396123133211,0.18180870340540742
1578,state_free,10,0.09226953587012053,0.18117037929540633
1579,state_free,10,0.07661908555631496,0.16553256035044192
1580,state_free,10,0.08978484938841132,0.17877216246975594
1581,state_free,10,0.05936994587455082,0.14626914889081066
1582,state_free,10,0.09853888383820675,0.18691899569953085
1583,state_free,10,0.09882720443378358,0.18719977372063704
1584,state_free,10,0.09427485121901713,0.1830279290131702
1585,state_free,10,0.05265712431976742,0.1379354692780241
1586,state_free,10,0.07509280567587212,0.16393333090027912
1587,state_free,10,0.07090241341346207,0.15943159421568778
1588,state_free,10,0.06543223034624997,0.1533458126951207
1589,state_free,10,0.061736400101795,0.14901600496590647
1590,state_free,10,0.07258675626932787,0.16124580909165925
1591,state_free,10,0.08437473529807189,0.17335660790370436
1592,state_free,10,0.05782215332940355,0.14427754129131748
1593,state_free,10,0.08023338868691965,0.16915384804979733
1594,state_free,10,0.07595063142398036,0.16478115590225775
1595,state_free,10,0.06741529488234964,0.1555374385014009
1596,state_free,10,0.0847971974121761,0.17379449292604812
1597,state_free,10,0.09887149769318605,0.18720621997943335
1598,state_free,10,0.12863251373220788,0.2118583556970256
1599,state_free,10,0.12534243558203842,0.20936414573887657
1600,state_free,10,0.10914961237234781,0.1962616820208607
1601,state_free,10,0.08771931045022245,0.1768576408596519
1602,state_free,10,0.11655955129105766,0.20241410809746777
1603,state_free,10,0.12532656138755452,0.20939348098882268
1604,state_free,10,0.07486395673936816,0.16372899157723286
1605,state_free,10,0.0958814758446674,0.1845406793183445
1606,state_free,10,0.10318699254902004,0.191115710479364
1607,state_free,10,0.07416434654993756,0.16300530442797917
1608,state_free,10,0.098359099918062,0.18680616297673105
1609,state_free,10,0.09753876613119575,0.18607260549513976
1610,state_free,10,0.0960113493966599,0.1846725248673113
1611,state_free,10,0.06990726862796635,0.15860489459643784
1612,state_free,10,0.042764161980545376,0.12440525778093271
1613,state_free,10,0.05927231890435769,0.14638743239814858
1614,state_free,10,0.054863355753299065,0.14091558674724108
1615,state_free,10,0.034667586511528015,0.1117164608149911
1616,state_free,10,0.04867461923421689,0.132761138950247
1617,state_free,10,0.05460352640315767,0.14056658173815761
1618,state_free,10,0.04905013997196504,0.13329583924495658
1619,state_free,10,0.058100278509745786,0.1449570989154234
1620,state_free,10,0.09361540621509797,0.1825088950869282
1621,state_free,10,0.032184849773017374,0.1075718097588636
1622,state_free,10,0.05809463691429682,0.1449202834199625
1623,state_free,10,0.03532407041561919,0.11283094283149411
1624,state_free,10,0.048192610328225416,0.1321162377266149
1625,state_free,10,0.043334965039713985,0.12522928848063508
1626,state_free,10,0.045820123475778185,0.1287673670995363
1627,state_free,10,0.04216101753936425,0.12347965827696655
1628,state_free,10,0.05604339272349476,0.14236035721254475
1629,state_free,10,0.0360387973923131,0.11395684988444033
1630,state_free,10,0.04711555847988356,0.130604527758214
1631,state_free,10,0.04345047107442332,0.1253795831110219
1632,state_free,10,0.054498398984773024,0.14042582035857126
1633,state_free,10,0.05918900682700917,0.1462480005544003
1634,state_free,10,0.04286137524053421,0.12454707520192462
1635,state_free,10,0.05919260368837921,0.1462612273627892
1636,state_free,10,0.031764532028794916,0.10674799966490849
1637,state_free,10,0.050955158546989655,0.1357961090880103
1638,state_free,10,0.03922725113401915,0.11903479085924773
1639,state_free,10,0.030436947240378463,0.10431995676016409
1640,state_free,10,0.034016449653433395,0.11055989859748218
1641,state_free,10,0.03111411627323027,0.10548185486964919
1642,state_free,10,0.03639668687726304,0.11445702180154455
1643,state_free,10,0.033272343154158605,0.10923985949681805
1644,state_free,10,0.04251499910375143,0.12392608649291856
1645,state_free,10,0.043773849760720435,0.12579463130253327
1646,state_free,10,0.059675159170534633,0.14679772393078608
1647,state_free,10,0.05308422651263393,0.1385816778349697
1648,state_free,10,0.04845666624598622,0.1324349990072958
1649,state_free,10,0.04359843834748268,0.12560134168793427
1650,state_free,10,0.03178729485233217,0.10674190780929375
1651,state_free,10,0.06564075057460408,0.15379374050843136
1652,state_free,10,0.04640963511995747,0.12961755026340538
1653,state_free,10,0.0474821137687814,0.13111839629210922
1654,state_free,10,0.051957244586158684,0.13714033228212513
1655,state_free,10,0.044618255147228794,0.12709390258655023
1656,state_free,10,0.05231391490238045,0.13760707550158244
1657,state_free,10,0.04779791696408614,0.13156192934586972
1658,state_free,10,0.03783745951300106,0.11689995595455552
1659,state_free,10,0.034173191201953015,0.11090088820056543
1660,state_free,10,0.040641545033578017,0.12119072633689527
1661,state_free,10,0.03545306038836131,0.11297985154323884
1662,state_free,10,0.07067381273886812,0.15940255176772197
1663,state_free,10,0.04749712276035082,0.13114386923180274
1664,state_free,10,0.03869228424278399,0.11823939828698203
1665,state_free,10,0.05596469089176415,0.142281092634413
1666,state_free,10,0.04019313550193639,0.1205440082634123
1667,state_free,10,0.05967568349923186,0.1468365035130122
1668,state_free,10,0.07015149188240204,0.15885006530930193
1669,state_free,10,0.06037301754548692,0.1476918379555763
1670,state_free,10,0.07515472465772911,0.16419726919098407
1671,state_free,10,0.07727753308427827,0.16637522650629247
1672,state_free,10,0.06684054603722024,0.15519317522658146
1673,state_free,10,0.04733423403617656,0.13100356367783664
1674,state_free,10,0.07247470486976386,0.1613555942175444
1675,state_free,10,0.07604138097947477,0.16512074221344256
1676,state_free,10,0.008464487439806448,0.05011683256014724
1677,state_free,10,0.006153139870240865,0.04298437162446964
1678,state_free,10,0.02122605709331817,0.08406939080592933
1679,state_free,10,0.02259392261054693,0.0871173431427533
1680,state_free,10,0.02345980576278348,0.08900196540274063
1681,state_free,10,0.018542760988849185,0.07782209428880509
1682,state_free,10,0.02935840711165137,0.10066237431525063
1683,state_free,10,0.01307134917200466,0.06369394213629645
1684,state_free,10,0.006532247460008585,0.04388982147484362
1685,state_free,10,0.01803896735298115,0.07697788690114513
1686,state_free,10,0.0072940382125119725,0.04636346647497152
1687,state_free,10,0.009865442017152773,0.05450722743672683
1688,state_free,10,0.023045008575303758,0.08816447697931364
1689,state_free,10,0.015347178231326575,0.06984236166516189
1690,state_free,10,0.005767274004914321,0.04176331813212879
1691,state_free,10,0.012596803401181755,0.06229047788276328
1692,state_free,10,0.01163423937717526,0.05963691187495006
1693,state_free,10,0.009238467880173856,0.05250333422534705
1694,state_free,10,0.01041395629461071,0.056068064162217365
1695,state_free,10,0.009046726864400943,0.05189498115214483
1696,state_free,10,0.012508042200946489,0.06207351455620501
1697,state_free,10,0.008233789762658223,0.04919908676726649
1698,state_free,10,0.015914550142396365,0.07120824401941188
1699,state_free,10,0.011495968226921928,0.05923782743470936
1700,state_free,10,0.006740326495906853,0.04452528240414012
1701,state_free,10,0.009986334448748226,0.054749417207222074
1702,state_free,10,0.009994807118531622,0.05475571328850791
1703,state_free,10,0.013591266448145576,0.06489803697170618
1704,state_free,10,0.00570457160379634,0.04217758686739048
1705,state_free,10,0.009182656624526431,0.05220628511609955
1706,state_free,10,0.012346461538028113,0.061586562516424144
1707,state_free,10,0.01251483292017123,0.062049912789195895
1708,state_free,10,0.009054071151283484,0.05180175454267165
1709,state_free,10,0.010456064813208866,0.056141441657728774
1710,state_free,10,0.007597861458688492,0.04730165185324085
1711,state_free,10,0.010292891051345582,0.055622369606297815
1712,state_free,10,0.006821382753135338,0.044777529258214946
1713,state_free,10,0.007037465916580013,0.04551331849097727
1714,state_free,10,0.00767453886206748,0.04755193602814377
1715,state_free,10,0.013537328168801443,0.06475370272725205
1716,state_free,10,0.006367780722672203,0.04355805077901139
1717,state_free,10,0.0075765148420298516,0.04723163027269233
1718,state_free,10,0.01178565262338348,0.0599867460874178
1719,state_free,10,0.01067930446981213,0.0567928580032511
1720,state_free,10,0.017411023444974066,0.07469037639913964
1721,state_free,10,0.009990280434114412,0.05474046307834429
1722,state_free,10,0.010109436938931194,0.05509137647881853
1723,state_free,10,0.007408641642435066,0.046755874802078726
1724,state_free,10,0.009956673035699644,0.05459248318855118
1725,state_free,10,0.006594123933336766,0.04417211586588257
1726,state_free,10,0.009222570555982414,0.05230051957810433
1727,state_free,10,0.010373581525733725,0.055850560923611806
1728,state_free,10,0.01759322578726508,0.07514806211116935
1729,state_free,10,0.01514510246782695,0.06921130780311557
1730,state_free,10,0.008493493117960554,0.0499806999527073
1731,state_free,10,0.008579648718090133,0.05025869584327656
1732,state_free,10,0.007361488296831918,0.04660172367232901
1733,state_free,10,0.012432109525038221,0.06182029140007469
1734,state_free,10,0.008076011578800281,0.048743483827556035
1735,state_free,10,0.008404108288363582,0.049670844423908345
1736,state_free,10,0.008610109472090498,0.050357711064798194
1737,state_free,10,0.008085498945737474,0.04874365278494691
1738,state_free,10,0.007212395223506714,0.04605192878944107
1739,state_free,10,0.007204173376406875,0.046066796384677824
1740,state_free,10,0.007109787919213207,0.045823979055585586
1741,state_free,10,0.007872539576878163,0.04805385179506
1742,state_free,10,0.0071904714263538545,0.045772872354111864
1743,state_free,10,0.0075300648336583354,0.04676871647973772
1744,state_free,10,0.007104747811462795,0.04573811711818319
1745,state_free,10,0.007136344731038023,0.04580868483270756
1746,state_free,10,0.007391691907062087,0.04651665397065683
1747,state_free,10,0.006966401256574762,0.045143026725215446
1748,state_free,10,0.009233477331282556,0.052069576760902334
1749,state_free,10,0.012357166569002206,0.06106277625543318
1750,state_free,10,0.00917550435881472,0.05188407006333218
1751,state_free,10,0.0074505850510593165,0.0466516671257792
1752,state_free,10,0.007181947615846438,0.04569547864308996
1753,state_free,10,0.007242493800617632,0.04585536415599068
1754,state_free,10,0.0071775607791872255,0.04578195338680485
1755,state_free,10,0.0072259130303929334,0.045823240054509204
1756,state_free,10,0.007230104221711761,0.04587554977007999
1757,state_free,10,0.0075627750900853444,0.04685088940931462
1758,state_free,10,0.007151014566567148,0.04566884649631393
1759,state_free,10,0.007355111179291649,0.04638204753146038
1760,state_free,10,0.007678520652580116,0.04733732231412098
1761,state_free,10,0.007346471943576128,0.045993540646491894
1762,state_free,10,0.007247392008181807,0.045870110349466704
1763,state_free,10,0.00728627909360212,0.045948085575721824
1764,state_free,10,0.0074201259396493415,0.046550294531611754
1765,state_free,10,0.008017925790212422,0.048364959144388806
1766,state_free,10,0.007231142370061463,0.04583650454433148
1767,state_free,10,0.007369846479468041,0.0461298588001594
1768,state_free,10,0.007187560781391456,0.045794110287903575
1769,state_free,10,0.0072444526528559,0.0458732645950867
1770,state_free,10,0.008128477928616368,0.04878517540263223
1771,state_free,10,0.0071993919357129284,0.04585242317009639
1772,state_free,10,0.009309241329813806,0.052284310786800875
1773,state_free,10,0.008260984691421655,0.049340383273228136
1774,state_free,10,0.007129166352898057,0.04562295221074316
1775,state_free,10,0.0071182951109469515,0.04560206405863588
1776,state_free,10,0.0071343135384107775,0.04564477592883783
1777,state_free,10,0.00712397478396286,0.04566725764080045
1778,state_free,10,0.007477426474834112,0.04668489511987555
1779,state_free,10,0.008404470945248252,0.04979134092677461
1780,state_free,10,0.007455319888456725,0.046158826631236834
1781,state_free,10,0.007556204995878594,0.046863951320260624
1782,state_free,10,0.012037623702175242,0.06011127344384245
1783,state_free,10,0.007934361451636101,0.048218243844996976
1784,state_free,10,0.03223917007521938,0.10545620522557642
1785,state_free,10,0.009354070183983114,0.052322575495025794
1786,state_free,10,0.02764930353688004,0.097260216722406
1787,state_free,10,0.007543027207116694,0.04712915425554437
1788,state_free,10,0.037619720870460484,0.11446016338008864
1789,state_free,10,0.007814262559108309,0.048029096370542895
1790,state_free,10,0.036601842895271706,0.11289167942827207
1791,state_free,10,0.009000792754757975,0.05141531780382511
1792,state_free,10,0.0068233062441427576,0.04497116246837108
1793,state_free,10,0.01557166492231299,0.07005237760786046
1794,state_free,10,0.009535479861703763,0.05282276102703417
1795,state_free,10,0.015379687047068406,0.06961537480475455
1796,state_free,10,0.006801020706135858,0.0449346405438357
1797,state_free,10,0.007715628771302147,0.04746666090944256
1798,state_free,10,0.008258066785750284,0.04937209304824192
1799,state_free,10,0.008441602639888279,0.04985306937817615
1800,state_free,10,0.007106533624969314,0.045777388020412084
1801,state_free,10,0.01343391403900038,0.06336530406754544
1802,state_free,10,0.01625795901179336,0.07005790383970986
1803,state_free,10,0.013816784369000058,0.06417772376460289
1804,state_free,10,0.013161156200198774,0.06267076592248078
1805,state_free,10,0.012533797193211585,0.061144234163349395
1806,state_free,10,0.01236337579361134,0.06065918854188998
1807,state_free,10,0.013384906089090168,0.06321227628756647
1808,state_free,10,0.012762967178629,0.061703433405813635
1809,state_free,10,0.009306679821904596,0.05161124541948784
1810,state_free,10,0.011698574961883201,0.059002592686759225
1811,state_free,10,0.010895685075384203,0.05668422199617183
1812,state_free,10,0.011905690548987012,0.05954419416221674
1813,state_free,10,0.012423152317980945,0.06084130127454009
1814,state_free,10,0.012443583760814187,0.06090347753325799
1815,state_free,10,0.011342967768938908,0.05799964290576303
1816,state_free,10,0.016550866414129287,0.07095235758238125
1817,state_free,10,0.01685831785475399,0.07177080251138035
1818,state_free,10,0.010410134598052921,0.05528069875793031
1819,state_free,10,0.0109739631661175,0.056922152025711374
1820,state_free,10,0.01055204080469311,0.05569586520545529
1821,state_free,10,0.016021444588317547,0.06964778650692191
1822,state_free,10,0.017383889789150474,0.07309419340892248
1823,state_free,10,0.01698208810272055,0.07213943813105395
1824,state_free,10,0.010196025300170384,0.05445915901549607
1825,state_free,10,0.011476559282773443,0.058380514417451894
1826,state_free,10,0.012582688239753975,0.06126731172287852
1827,state_free,10,0.011858948337871728,0.059436935258073906
1828,state_free,10,0.012320614794721203,0.06056709925738253
1829,state_free,10,0.015209714839761709,0.06760293842512968
1830,state_free,10,0.010964364288802765,0.05686663431935769
1831,state_free,10,0.013023108082439647,0.06241339212520894
1832,state_free,10,0.00970648617292135,0.05280937491274262
1833,state_free,10,0.011214219837287565,0.05764717682981965
1834,state_free,10,0.013089815826391814,0.06260013690424109
1835,state_free,10,0.013919656704891988,0.0645270204947753
1836,state_free,10,0.01418456856995788,0.06509202295203283
1837,state_free,10,0.013915822704625413,0.06450167278595427
1838,state_free,10,0.011890497949410316,0.0594865970248433
1839,state_free,10,0.010898182251287122,0.056698638275229335
1840,state_free,10,0.01141810949525986,0.05821590208068997
1841,state_free,10,0.015836593657145702,0.06923530378050112
1842,state_free,10,0.01073712847410027,0.05623285340786118
1843,state_free,10,0.010089797509961787,0.054065670968856935
1844,state_free,10,0.01372240805281329,0.0641018924664742
1845,state_free,10,0.011730138581326677,0.059092729775241895
1846,state_free,10,0.010708166478892042,0.05611472893874527
1847,state_free,10,0.01157697014689821,0.05867758255983021
1848,state_free,10,0.011292516779408308,0.05786452474099209
1849,state_free,10,0.011616207464954889,0.05879226649812268
1850,state_free,10,0.010703472088155103,0.05608817835489895
1851,state_free,10,0.01222275086678605,0.06035325004782698
1852,state_free,10,0.010464225162112862,0.05534303740172711
1853,state_free,10,0.012160690757784675,0.06017976494316195
1854,state_free,10,0.012392404524921694,0.06076450071886674
1855,state_free,10,0.012075882418406405,0.059994480795068854
1856,state_free,10,0.015848601087579683,0.06920729281441376
1857,state_free,10,0.013052439561431208,0.06251002150426928
1858,state_free,10,0.011557827223449878,0.058631523586029306
1859,state_free,10,0.0117958197478613,0.05928012387100272
1860,state_free,10,0.012440639447416704,0.06089303066315335
1861,state_free,10,0.009649715019899741,0.0525170721860003
1862,state_free,10,0.013815919599607955,0.06112945437781484
1863,state_free,10,0.014021537333780532,0.06140018179981758
1864,state_free,10,0.014342501030760041,0.06461644745186387
1865,state_free,10,0.014407385179264657,0.0649826104569972
1866,state_free,10,0.013837388234910009,0.061392851871993497
1867,state_free,10,0.013820970672473986,0.06157485325285578
1868,state_free,10,0.014209161217393811,0.06146925789708471
1869,state_free,10,0.013829464920261072,0.06155770839752912
1870,state_free,10,0.013931949969849394,0.061645680116472784
1871,state_free,10,0.01398774444064002,0.06326439026215826
1872,state_free,10,0.015019675205027705,0.06229005981809825
1873,state_free,10,0.014006111248522735,0.06193170265085518
1874,state_free,10,0.014115117722280045,0.06161287783965689
1875,state_free,10,0.015002722536640676,0.06234695049305596
1876,state_free,10,0.014124315079574914,0.06277072732221774
1877,state_free,10,0.015302117917642402,0.06277901671933969
1878,state_free,10,0.014121116982215055,0.06263152021884232
1879,state_free,10,0.01467806098798604,0.062083271821590166
1880,state_free,10,0.014179681379717835,0.06321381483803515
1881,state_free,10,0.014615074464181728,0.0620939897004277
1882,state_free,10,0.014728071277155103,0.06211594622201448
1883,state_free,10,0.01421308608597453,0.06209427916065166
1884,state_free,10,0.014215637472078924,0.06320671547271331
1885,state_free,10,0.014698421682794637,0.06206092517648369
1886,state_free,10,0.014311126840775335,0.061935094012518295
1887,state_free,10,0.01458912030189731,0.06201051509747957
1888,state_free,10,0.014106604918815359,0.0624393751659391
1889,state_free,10,0.014220542506558315,0.06319082341159184
1890,state_free,10,0.014249982186720675,0.06182697685036755
1891,state_free,10,0.014716588526821712,0.06210478806708756
1892,state_free,10,0.014454438280869295,0.061927615993650896
1893,state_free,10,0.01577887824343638,0.06883055690113063
1894,state_free,10,0.014044310572942207,0.06236206464067722
1895,state_free,10,0.014291776175337046,0.06393779292655209
1896,state_free,10,0.014008597658591991,0.06187523043547967
1897,state_free,10,0.01403593806686788,0.0616836645678139
1898,state_free,10,0.015399364581302913,0.06782125075010996
1899,state_free,10,0.014164398511841937,0.061563316526862824
1900,state_free,10,0.014024118642581795,0.06207348487156143
1901,state_free,10,0.014009880231120693,0.062144187592978906
1902,state_free,10,0.014184681287816706,0.06156828039067907
1903,state_free,10,0.014474617801687772,0.061835431626253656
1904,state_free,10,0.0140378801253405,0.0622595589996687
1905,state_free,10,0.014534461038232548,0.06505516883777156
1906,state_free,10,0.014053112220613163,0.06168164681229987
1907,state_free,10,0.014253863457188935,0.06375389166356045
1908,state_free,10,0.013971565645375567,0.06242300126605594
1909,state_free,10,0.014237554337015776,0.06377555873408189
1910,state_free,10,0.013963256014467434,0.062095238926083235
1911,state_free,10,0.014058262802258276,0.06164936107362199
1912,state_free,10,0.014434345735888398,0.0616992917611345
1913,state_free,10,0.01396998295502112,0.06207500411772246
1914,state_free,10,0.014985933769416974,0.062231954410352834
1915,state_free,10,0.014332272635289576,0.06460684557619797
1916,state_free,10,0.014087763364883179,0.06164153113375885
1917,state_free,10,0.01399567552757401,0.06217432800870497
1918,state_free,10,0.014000583893228192,0.062398213206279286
1919,state_free,10,0.014137467181493581,0.06330149527900157
1920,state_free,10,0.014229889111492346,0.06362311936066063
1921,state_free,10,0.014043057033801909,0.061668565278267765
1922,state_free,10,0.014358995810888042,0.06432820872563026
1923,state_free,10,0.014052174578113067,0.06161404407902208
1924,state_free,10,0.014222396864672379,0.061498109167125795
1925,state_free,10,0.015418983878571019,0.06789794699086349
1926,state_free,10,0.016357163980821102,0.06280001215410254
1927,state_free,10,0.01608831020120658,0.06241869399879377
1928,state_free,10,0.0186813312327027,0.0662163047531392
1929,state_free,10,0.017451278445090656,0.06421513669474735
1930,state_free,10,0.02102803092708382,0.07066532074596588
1931,state_free,10,0.01775204781717669,0.06471703688720684
1932,state_free,10,0.019128716022239235,0.06701279800339825
1933,state_free,10,0.019395039881612997,0.06749684034901426
1934,state_free,10,0.017479224280983762,0.06431206810375864
1935,state_free,10,0.01695186440562486,0.06356114136610654
1936,state_free,10,0.017308521317301536,0.06412726957425381
1937,state_free,10,0.017130936848476365,0.06385395140089647
1938,state_free,10,0.015728109069537227,0.062268410644413914
1939,state_free,10,0.016445012940231884,0.06293791864586998
1940,state_free,10,0.01452688238242563,0.06149254505570967
1941,state_free,10,0.0150045189958946,0.06156327544199254
1942,state_free,10,0.017200149859070667,0.06388539691596579
1943,state_free,10,0.016139319221731764,0.06258485632908586
1944,state_free,10,0.017407855058645613,0.0641507647044985
1945,state_free,10,0.014918668592581162,0.06630590169539721
1946,state_free,10,0.018561777682981336,0.06605561337937074
1947,state_free,10,0.01893947155442824,0.06672769140934323
1948,state_free,10,0.017167686133073984,0.06388270704088699
1949,state_free,10,0.021381213007602987,0.07149140000495013
1950,state_free,10,0.02037574044137751,0.06936828339254522
1951,state_free,10,0.02035191495713611,0.06925604222866429
1952,state_free,10,0.018581509328679656,0.06617760789508756
1953,state_free,10,0.019675513657704525,0.06804149168661153
1954,state_free,10,0.017768137364544672,0.06485778392561808
1955,state_free,10,0.02324542375927955,0.07517349356066011
1956,state_free,10,0.018553558270778838,0.06611350255719806
1957,state_free,10,0.024047608897913797,0.07681360537188392
1958,state_free,10,0.022322931087290748,0.07319540274263966
1959,state_free,10,0.023621754208529334,0.07587256605840557
1960,state_free,10,0.023440207711333746,0.07548547768526978
1961,state_free,10,0.02203594382268025,0.07254960893014373
1962,state_free,10,0.02056520232835764,0.06961195929276813
1963,state_free,10,0.02264457057344124,0.0737950518972482
1964,state_free,10,0.023210590560493512,0.07490804148044325
1965,state_free,10,0.021414904961124807,0.07124976357738591
1966,state_free,10,0.02250632062993962,0.07346481264255053
1967,state_free,10,0.023023755164536544,0.0745948612714428
1968,state_free,10,0.024971280204317815,0.07843404144282702
1969,state_free,10,0.023743757988498003,0.0760246423421022
1970,state_free,10,0.02450586045936266,0.07752969357799976
1971,state_free,10,0.022478757020603396,0.07339599048094679
1972,state_free,10,0.01938643085249786,0.067642814990554
1973,state_free,10,0.023275458098884275,0.07508037082883795
1974,state_free,10,0.026610351828846548,0.08139650419009743
1975,state_free,10,0.024749247243262506,0.07794132207051555
1976,state_free,10,0.02673148720823492,0.08155986552663648
1977,state_free,10,0.02424505886137999,0.07695576538118538
1978,state_free,10,0.02945625688586366,0.08636953624164058
1979,state_free,10,0.023654140699947045,0.07586353354087678
1980,state_free,10,0.02832695015702309,0.08427374624494266
1981,state_free,10,0.03069077236393294,0.0884799246240141
1982,state_free,10,0.02206080378867139,0.07238637673408839
1983,state_free,10,0.028946971330024374,0.08533677337588298
1984,state_free,10,0.027421583936429374,0.08264979780673234
1985,state_free,10,0.03080078626057948,0.088541211129689
1986,state_free,10,0.030236053315774128,0.08757992956493349
1987,state_free,10,0.013989942967723998,0.06323988161459031
1988,state_free,10,0.01449344349962271,0.0653884177556701
1989,state_free,10,0.013796943794140388,0.06250533636260024
1990,state_free,10,0.01513819746798718,0.06751821234359308
1991,state_free,10,0.014463516869542729,0.06547065142980797
1992,state_free,10,0.014111211271254812,0.0639169279202232
1993,state_free,10,0.014809572175968459,0.06657195212110542
1994,state_free,10,0.015545188942942644,0.06854494067567309
1995,state_free,10,0.014337311765250426,0.06482548140919464
1996,state_free,10,0.015239107600535174,0.0673589661105765
1997,state_free,10,0.016540788793965134,0.07091015554411194
1998,state_free,10,0.01657116832633866,0.07099985542365968
1999,state_free,10,0.015525657070920428,0.0681572564143226
2000,state_free,10,0.014605615241749727,0.06512213295602325
2001,state_free,10,0.014012440685475174,0.061788034532409365
2002,state_free,10,0.014996720117771088,0.06665648412270019
2003,state_free,10,0.015278203047680027,0.06744168333205186
2004,state_free,10,0.01414954890586416,0.06281898358486933
2005,state_free,10,0.0141690852955089,0.061625391888605
2006,state_free,10,0.014725315593895828,0.06542355129536345
2007,state_free,10,0.014308269328919859,0.063387602098123
2008,state_free,10,0.01442351877448082,0.06138186834533072
2009,state_free,10,0.015678723371203917,0.06853064440745184
2010,state_free,10,0.014818587493221725,0.06585983726088147
2011,state_free,10,0.01420753782790915,0.0629343163810056
2012,state_free,10,0.014541311861257858,0.06452319943863788
2013,state_free,10,0.01426698634809032,0.0630451549026498
2014,state_free,10,0.01433016889334779,0.06344960233497372
2015,state_free,10,0.014580530829215088,0.0646748480187949
2016,state_free,10,0.014344100298532753,0.06355380886934893
2017,state_free,10,0.014242167281943519,0.06313169225622679
2018,state_free,10,0.015261405440030861,0.06737781134388766
2019,state_free,10,0.014177289092862063,0.061864826011326035
2020,state_free,10,0.014775352127911173,0.06159257003335833
2021,state_free,10,0.014682798501638896,0.0651755357732563
2022,state_free,10,0.014239895888514995,0.0630425677194431
2023,state_free,10,0.014242972331098856,0.062075497223016786
2024,state_free,10,0.014301290554299182,0.0616244860301899
2025,state_free,10,0.014268767714788846,0.06210976148967466
2026,state_free,10,0.014455370479775454,0.06388740435239396
2027,state_free,10,0.014306075645640568,0.06278450855595129
2028,state_free,10,0.014327622976389244,0.06205321153917648
2029,state_free,10,0.01433106204608646,0.061847679014792316
2030,state_free,10,0.014429941908476176,0.06359890800888925
2031,state_free,10,0.014401928361066596,0.06180289831059423
2032,state_free,10,0.014641569911005025,0.06176978380191653
2033,state_free,10,0.01444010486398597,0.06196492113735814
2034,state_free,10,0.014658444220474194,0.06468808357929752
2035,state_free,10,0.01435328481648221,0.06214551070836257
2036,state_free,10,0.014351273531664733,0.06238261435105761
2037,state_free,10,0.014621206696216926,0.0618065230488995
2038,state_free,10,0.014525862606278896,0.06182107992099265
2039,state_free,10,0.015782854706811622,0.06880293340269868
2040,state_free,10,0.014146892326925155,0.06178946552716009
2041,state_free,10,0.01477366463338201,0.06182531431438176
2042,state_free,10,0.014497955258964926,0.06188358769792342
2043,state_free,10,0.015026119748876215,0.06202256955787282
2044,state_free,10,0.015073083234554238,0.06210203615925196
2045,state_free,10,0.01469458433855554,0.06463547946561378
2046,state_free,10,0.014594716817028864,0.06421161379465434
2047,state_free,10,0.01469751415424272,0.061962933409334564
2048,state_free,10,0.03281991038421772,0.08816485959534316
2049,state_free,10,0.029438492199411262,0.08463665851556967
2050,state_free,10,0.02762354376582419,0.08278593392619013
2051,state_free,10,0.028851564162582617,0.08405568803687676
2052,state_free,10,0.02775671373699448,0.08284174744102175
2053,state_free,10,0.02622344675277755,0.08160549157671586
2054,state_free,10,0.03078186056083617,0.0861438226331754
2055,state_free,10,0.029471849182567223,0.08464023669569513
2056,state_free,10,0.027270886434775685,0.08240784656203191
2057,state_free,10,0.026367017319587887,0.08123848643267186
2058,state_free,10,0.02710464412972595,0.08166048288861892
2059,state_free,10,0.02713371202749593,0.09357062664103646
2060,state_free,10,0.024944396903895008,0.07967345727184652
2061,state_free,10,0.02299427421486581,0.07843311410531788
2062,state_free,10,0.02505044166615391,0.0798734543935984
2063,state_free,10,0.02692802587265452,0.08128648813564994
2064,state_free,10,0.030350356881628418,0.08489275391349399
2065,state_free,10,0.029953512062044312,0.08451310485327332
2066,state_free,10,0.029777389103579008,0.08438623050753008
2067,state_free,10,0.028501297684898202,0.08305598887723777
2068,state_free,10,0.02697287917079133,0.08145152428298215
2069,state_free,10,0.027904633260659246,0.08246527704151713
2070,state_free,10,0.027865527114481994,0.08245710790946505
2071,state_free,10,0.02608133500616318,0.08091980026259006
2072,state_free,10,0.027830189088463124,0.08236732036459146
2073,state_free,10,0.02782764718786557,0.08239121478069164
2074,state_free,10,0.026182300489558965,0.08098943976640369
2075,state_free,10,0.029096497102136992,0.08367839763980535
2076,state_free,10,0.02725444771703464,0.08181045524357904
2077,state_free,10,0.0319129624517621,0.08663958237490517
2078,state_free,10,0.030011246841038786,0.08471884185962246
2079,state_free,10,0.02978619905555252,0.08449078845962542
2080,state_free,10,0.028470312279544264,0.08313374740149125
2081,state_free,10,0.031478122552357275,0.08629636974115087
2082,state_free,10,0.02917345227920635,0.08386176239260144
2083,state_free,10,0.028959358704855533,0.0836453855674299
2084,state_free,10,0.031171919462791672,0.08601768844408189
2085,state_free,10,0.022556883676803478,0.0804401053468389
2086,state_free,10,0.031034467518228363,0.08572594048765078
2087,state_free,10,0.026774785902678584,0.08154236532829665
2088,state_free,10,0.02670136506946879,0.08150091598742862
2089,state_free,10,0.03275338667914836,0.08758761857309173
2090,state_free,10,0.027420952563011657,0.08212194559300345
2091,state_free,10,0.027280044359155486,0.08201102185315515
2092,state_free,10,0.029906630115125794,0.08462592061142984
2093,state_free,10,0.030664284579267752,0.08536042021536339
2094,state_free,10,0.027984874969754263,0.08265243886687311
2095,state_free,10,0.026307502623597535,0.08130997743241063
2096,state_free,10,0.026282316063377383,0.08118025543906651
2097,state_free,10,0.0277292391645839,0.08230542680187608
2098,state_free,10,0.03232113146252882,0.08714200808294555
2099,state_free,10,0.028563931564077133,0.08326114756538576
2100,state_free,10,0.023847621079029022,0.07973052764122808
2101,state_free,10,0.024407594897684924,0.0797894787193
2102,state_free,10,0.03000610227240011,0.08468062476052791
2103,state_free,10,0.02809352204361486,0.08265661461554845
2104,state_free,10,0.028850747277089715,0.08342957790504255
2105,state_free,10,0.0299404745591206,0.0846178244888696
2106,state_free,10,0.029877742813828444,0.08456513876620933
2107,state_free,10,0.023697143339431268,0.07921129985662119
2108,state_free,10,0.030611074912342863,0.08535051620121158
2109,state_free,10,0.027594477067452234,0.08220467346553162
2110,state_free,10,0.027494095667230843,0.08210484042329041
2111,state_free,10,0.036554561393645234,0.09574648913161528
2112,state_free,10,0.03681419601066499,0.09627033206597
2113,state_free,10,0.04065666158154975,0.10204515730054865
2114,state_free,10,0.04302162099181724,0.10538117352410223
2115,state_free,10,0.03679337531559954,0.0959305735493528
2116,state_free,10,0.028546620599965374,0.08155097738386344
2117,state_free,10,0.03558798813917026,0.09404303220016007
2118,state_free,10,0.040465968141565355,0.10173770996923034
2119,state_free,10,0.03590648344157826,0.0945905959649988
2120,state_free,10,0.034575790173773095,0.09180724451039624
2121,state_free,10,0.028318721060689004,0.08131534932796274
2122,state_free,10,0.04792252810083521,0.11161013283106504
2123,state_free,10,0.04436830710648258,0.1067414271272026
2124,state_free,10,0.04447999306620298,0.10689082137879263
2125,state_free,10,0.024784245017852757,0.07694613426758769
2126,state_free,10,0.03689907526596645,0.0956892224604976
2127,state_free,10,0.038700973852451075,0.09851238876897188
2128,state_free,10,0.03855175289283632,0.09826958858426128
2129,state_free,10,0.03393764785913809,0.09063872324692143
2130,state_free,10,0.03782197398121485,0.09721083315942722
2131,state_free,10,0.0459442619457514,0.10889316326289333
2132,state_free,10,0.03566881177718741,0.09356011677067047
2133,state_free,10,0.048405678312189775,0.11215885776434396
2134,state_free,10,0.03318262710761939,0.08940486695779813
2135,state_free,10,0.027767396912841486,0.08060603837921099
2136,state_free,10,0.020310194211704054,0.07246602950162609
2137,state_free,10,0.02426196073267082,0.07614410831941505
2138,state_free,10,0.045924896330452436,0.10908757892774093
2139,state_free,10,0.03492049075384944,0.0925022718353266
2140,state_free,10,0.044251983765504516,0.10661376767140249
2141,state_free,10,0.04111245445767691,0.10213326698834292
2142,state_free,10,0.03795477704657247,0.09733553893578656
2143,state_free,10,0.04167692721488795,0.10293107980068336
2144,state_free,10,0.04309401945130872,0.10500374707852718
2145,state_free,10,0.04162857204906981,0.10289383740876998
2146,state_free,10,0.04425001054557396,0.10657403277563722
2147,state_free,10,0.0438024464782408,0.10582339875467628
2148,state_free,10,0.038622628971355016,0.0982625331806374
2149,state_free,10,0.040852835163691696,0.10156999869067435
2150,state_free,10,0.04596848782900676,0.10881536980800033
2151,state_free,10,0.04474650238532954,0.10715124310008635
2152,state_free,10,0.04419559513162118,0.10634540828694297
2153,state_free,10,0.04470832149634739,0.10704596067752203
2154,state_free,10,0.04449834767777513,0.10677995729902012
2155,state_free,10,0.04439961184390456,0.10662111350801971
2156,state_free,10,0.04774070030380233,0.11116880188555714
2157,state_free,10,0.032074042511628154,0.08727558995852727
2158,state_free,10,0.03925524206773019,0.09919473910700129
2159,state_free,10,0.037163570015469584,0.09591199906190319
2160,state_free,10,0.029978664427731318,0.08354908774308056
2161,state_free,10,0.05000758784811485,0.11426894369301763
2162,state_free,10,0.019278692733254735,0.07186483943775002
2163,state_free,10,0.03822279380644099,0.0978755681364622
2164,state_free,10,0.035706878326419986,0.09371772853404278
2165,state_free,10,0.03174446355920169,0.08695321433583184
2166,state_free,10,0.045608653070284,0.10852895635576845
2167,state_free,10,0.041560753079815826,0.1027354007942084
2168,state_free,10,0.034471133831083155,0.09157474600081061
2169,state_free,10,0.04364449514970953,0.10578880321038941
2170,state_free,10,0.034288399747619366,0.09137708918020167
2171,state_free,10,0.039733242510018654,0.10019827571062902
2172,state_free,10,0.03981094470243364,0.10011744187769772
2173,state_free,10,0.03542475700544511,0.09316147737161776
2174,state_free,10,0.03782403929084168,0.09712768189670229
2175,state_free,10,0.04108703673317872,0.10196490857924762
2176,state_free,10,0.038891437721890465,0.09878761842172501
2177,state_free,10,0.02682404789258551,0.08134784279809373
2178,state_free,10,0.033384334516142866,0.08842993538595562
2179,state_free,10,0.02866564317085071,0.0833062341918006
2180,state_free,10,0.044901701797333445,0.10596883251004098
2181,state_free,10,0.03268628979641891,0.0876835374141167
2182,state_free,10,0.03292404763154015,0.08798798111801026
2183,state_free,10,0.03840130299068554,0.09579538564989595
2184,state_free,10,0.032247998889367316,0.08718760120426886
2185,state_free,10,0.051714450925491554,0.11522495019008361
2186,state_free,10,0.03266759616700758,0.08803684084844057
2187,state_free,10,0.036138448733352875,0.09265616238593478
2188,state_free,10,0.038139549258310125,0.09567972560501647
2189,state_free,10,0.037574938366042324,0.09474796912007545
2190,state_free,10,0.03776369917028125,0.09507070054848947
2191,state_free,10,0.03185207036500563,0.08708539709421444
2192,state_free,10,0.03616142117450096,0.09270752039250911
2193,state_free,10,0.034115994614800915,0.08984497574098842
2194,state_free,10,0.03879497767028288,0.0966308769913945
2195,state_free,10,0.030853665013389316,0.08581906755512213
2196,state_free,10,0.04182436411818023,0.101659128715922
2197,state_free,10,0.031085826842650426,0.08609603255220137
2198,state_free,10,0.037962842850837106,0.09546065799792382
2199,state_free,10,0.030391953954449807,0.08519204174572684
2200,state_free,10,0.03651948125972066,0.09331285654113762
2201,state_free,10,0.02883169017342552,0.08351057906789201
2202,state_free,10,0.03795066654110669,0.09548441619202128
2203,state_free,10,0.10750781388278313,0.17816622012589253
2204,state_free,10,0.023998162648103605,0.08007564820262282
2205,state_free,10,0.03932393239421548,0.09728854940083297
2206,state_free,10,0.04371017604652872,0.10422697728844386
2207,state_free,10,0.040316735744058266,0.09885307037988278
2208,state_free,10,0.04114412551142118,0.10032476316236218
2209,state_free,10,0.04026376608046307,0.09880760981605005
2210,state_free,10,0.045990883562623194,0.10752315139648312
2211,state_free,10,0.04011807286423992,0.09839984260417556
2212,state_free,10,0.0374803092710572,0.09420950642488359
2213,state_free,10,0.03495097168213013,0.09102289198268453
2214,state_free,10,0.049194234310239005,0.11194474527576825
2215,state_free,10,0.0501161066793916,0.11311125086336371
2216,state_free,10,0.04549518779674743,0.10660362360024928
2217,state_free,10,0.04301444451464602,0.10285041227551046
2218,state_free,10,0.04372578042461036,0.10391705538328681
2219,state_free,10,0.044043329561156884,0.10436620341433214
2220,state_free,10,0.035233594470635635,0.09130749193519808
2221,state_free,10,0.03956354341977802,0.09746063129411717
2222,state_free,10,0.03849381595647219,0.09593486280515576
2223,state_free,10,0.046884811079387835,0.10857474314083691
2224,state_free,10,0.0473029552977546,0.10913417530151125
2225,state_free,10,0.03528458822601422,0.09137356577583738
2226,state_free,10,0.03849363062942437,0.09597290761506827
2227,state_free,10,0.04196790111822031,0.10146187247459282
2228,state_free,10,0.037100322114101754,0.09385685343777815
2229,state_free,10,0.035462170768194926,0.09167955007863511
2230,state_free,10,0.03795308416085346,0.09524506376927029
2231,state_free,10,0.036111793671904126,0.09250208678739379
2232,state_free,10,0.025321609490879967,0.08035429842022433
2233,state_free,10,0.04000114423676175,0.09872645353393344
2234,state_free,10,0.03479147741230779,0.09092292452893266
2235,state_free,10,0.03909556902917885,0.09703296452971494
2236,state_free,10,0.04986882463703054,0.11284899718666808
2237,state_free,10,0.04279911847123167,0.1027391251891787
2238,state_free,10,0.03669098702857401,0.09327913383720979
2239,state_free,10,0.03608055708751262,0.09244651146533509
2240,state_free,10,0.01811898497981864,0.06937166956489098
2241,state_free,10,0.01767402184625465,0.06871547127537019
2242,state_free,10,0.01906884878864385,0.07025583986630284
2243,state_free,10,0.01746645305094203,0.06951139349614963
2244,state_free,10,0.018648328606220115,0.06992610955358952
2245,state_free,10,0.017871797240246987,0.06906725280392782
2246,state_free,10,0.01747122646967334,0.0704743077843436
2247,state_free,10,0.019352434036782357,0.07053839640233883
2248,state_free,10,0.01871751789182387,0.06991804821467622
2249,state_free,10,0.020203454325342554,0.07111737181973303
2250,state_free,10,0.01936959034827475,0.07052200193220079
2251,state_free,10,0.02102292030720647,0.07200334019598449
2252,state_free,10,0.021541424404118353,0.07263637712894569
2253,state_free,10,0.02009537763609193,0.07152231325001317
2254,state_free,10,0.02208384534267591,0.07330288262528631
2255,state_free,10,0.019951072384155936,0.07144458790182177
2256,state_free,10,0.021295906022188456,0.07272517809561531
2257,state_free,10,0.02169166978628367,0.07311290586324867
2258,state_free,10,0.020587636260191812,0.0720704380205182
2259,state_free,10,0.021814431710816845,0.0731995935696145
2260,state_free,10,0.020563986214596767,0.07208007982815012
2261,state_free,10,0.020241672767322676,0.0716701839449817
2262,state_free,10,0.02204344566294167,0.07346480879782005
2263,state_free,10,0.0232656542606438,0.07475806805633212
2264,state_free,10,0.02745588512035319,0.08002974069744989
2265,state_free,10,0.021436560725901298,0.07312182410751857
2266,state_free,10,0.019265202528805345,0.07126367315998365
2267,state_free,10,0.024641430956064775,0.07637668394460324
2268,state_free,10,0.02221786181282676,0.07374600440549138
2269,state_free,10,0.022181949816864256,0.07367776112351
2270,state_free,10,0.022567148539907392,0.07414709855709604
2271,state_free,10,0.024817444512096283,0.0766763208190965
2272,state_free,10,0.02197593532084587,0.07364740872420543
2273,state_free,10,0.019609169304975502,0.07681292342415189
2274,state_free,10,0.018884570739096072,0.07058473507474536
2275,state_free,10,0.018816870691673766,0.0704850905168007
2276,state_free,10,0.018544899580816936,0.07040361893250548
2277,state_free,10,0.021000173409447178,0.0723258337606542
2278,state_free,10,0.02016794380066019,0.0715016079905202
2279,state_free,10,0.023960105285933814,0.07538495145502967
2280,state_free,10,0.018734090524151373,0.07051304652069051
2281,state_free,10,0.019623504227834147,0.07736106002417023
2282,state_free,10,0.019733704340334033,0.07091386722466499
2283,state_free,10,0.018097445165553536,0.07123044689772795
2284,state_free,10,0.018130101863353076,0.07284450624793457
2285,state_free,10,0.021880792994125327,0.0833110417982799
2286,state_free,10,0.01800449504541382,0.07281386434223434
2287,state_free,10,0.017555758580098536,0.07026549737476262
2288,state_free,10,0.017939483445479215,0.07255288758543788
2289,state_free,10,0.02093784037318751,0.07151035314113444
2290,state_free,10,0.018194335993412036,0.06921403920474545
2291,state_free,10,0.01822437773809857,0.06935204863716264
2292,state_free,10,0.019895546607949545,0.0707497753773626
2293,state_free,10,0.01827682240774478,0.06948157898835645
2294,state_free,10,0.018091194202119885,0.06907270423481075
2295,state_free,10,0.022782682916925735,0.07376174964406979
2296,state_free,10,0.0206480940176135,0.0718075980824673
2297,state_free,10,0.01873043272409639,0.07016728933406316
2298,state_free,10,0.018406616910982422,0.07019272176169122
2299,state_free,10,0.018241133681716294,0.07213730984898359
2300,state_free,10,0.01895780620323128,0.07012011855967466
2301,state_free,10,0.026049615910016376,0.08314372259349065
2302,state_free,10,0.028709051271881104,0.08473285406470789
2303,state_free,10,0.038171448295035444,0.11235910300435692
2304,state_free,10,0.05149206333513332,0.13064328802282993
2305,state_free,10,0.02369918440714493,0.08093669646443426
2306,state_free,10,0.02408007462858303,0.08169818303257874
2307,state_free,10,0.040828530772082997,0.09849039065947005
2308,state_free,10,0.027803542037178327,0.09368323295372515
2309,state_free,10,0.029922319306255843,0.08556365488813461
2310,state_free,10,0.024555274919946916,0.08289002119804822
2311,state_free,10,0.024652289931882843,0.08285379282357247
2312,state_free,10,0.02450184665309026,0.08375516771915752
2313,state_free,10,0.02605355938971404,0.0823471499789298
2314,state_free,10,0.024545041505933323,0.08348189040478428
2315,state_free,10,0.030313592525407385,0.08630358115581574
2316,state_free,10,0.029409337255547452,0.0854191900102429
2317,state_free,10,0.029137078109993633,0.08525383735743132
2318,state_free,10,0.02606290611992297,0.08305454358337087
2319,state_free,10,0.026582540436801666,0.08324724781318003
2320,state_free,10,0.027735845413065917,0.08389906430124602
2321,state_free,10,0.028289512796404438,0.08439536327908205
2322,state_free,10,0.03358859067846613,0.08994074887870866
2323,state_free,10,0.02829709205324445,0.08460087313434869
2324,state_free,10,0.02591617172686793,0.0833192019216516
2325,state_free,10,0.027319334106889116,0.08362821155592015
2326,state_free,10,0.03164108948117494,0.08786018368371833
2327,state_free,10,0.02827242627234125,0.08459330452387644
2328,state_free,10,0.036441150290058115,0.09291731961336694
2329,state_free,10,0.03199536555147785,0.08837823897398873
2330,state_free,10,0.032086222185497906,0.08849088689382589
2331,state_free,10,0.03160130027146193,0.08811315620921949
2332,state_free,10,0.029882331337153553,0.08640538585332505
2333,state_free,10,0.026810590828557763,0.08380035919519982
2334,state_free,10,0.030111925825694115,0.08661096274875912
2335,state_free,10,0.026420168585108136,0.0838210218402614
2336,state_free,10,0.028878921135700807,0.08526749291556936
2337,state_free,10,0.02919403601051279,0.08553889068483098
2338,state_free,10,0.03456307548645603,0.09104816462953626
2339,state_free,10,0.02877810932329212,0.08528334234495107
2340,state_free,10,0.031226670737079232,0.08781107667555726
2341,state_free,10,0.02840807526807823,0.08479280237581113
2342,state_free,10,0.030557621612809574,0.08711598478694428
2343,state_free,10,0.031636311497229556,0.08816333349386377
2344,state_free,10,0.0285334657743182,0.08502979450870433
2345,state_free,10,0.027585043717550266,0.08419281003794502
2346,state_free,10,0.033777341401943974,0.09021002404917605
2347,state_free,10,0.030831945836166684,0.08738689078342492
2348,state_free,10,0.032148636289247357,0.08863883171416405
2349,state_free,10,0.030090353823642536,0.08668108939916616
2350,state_free,10,0.030577439672452276,0.08719518791315393
2351,state_free,10,0.027523425199049482,0.08430819100491127
2352,state_free,10,0.03656487143949374,0.0931369763336828
2353,state_free,10,0.030026237064904336,0.08662483234655718
2354,state_free,10,0.0357248276170258,0.09228694967647776
2355,state_free,10,0.03099326610290183,0.0875926946203341
2356,state_free,10,0.03569459639721386,0.0923333708833851
2357,state_free,10,0.03585858811259364,0.09251953019646308
