t,dobrushin,row_hetero,row_entropy
0,0.04165910882875323,0.00991395229931532,3.9775909684049813
1,0.0335135767236352,0.007939195102362922,3.9322738927768617
2,0.039444619324058294,0.009313607446673743,3.9655106480536193
3,0.03214045148342848,0.0075222288512370806,3.907942359947556
4,0.041207332629710436,0.009796787852339874,3.9740769397708147
5,0.03214267734438181,0.00754125011075125,3.909460092022321
6,0.03623776603490114,0.008537570226573784,3.944603256620735
7,0.04521437222138047,0.010822464328773495,3.9916243412502364
8,0.03699572663754225,0.008801446352091302,3.9529742414321385
9,0.046665826346725225,0.011230761554054539,3.996468079719878
10,0.041557801887393,0.00988952770879373,3.975342844860784
11,0.04430029122158885,0.01060422751362677,3.9872736511317943
12,0.04313589399680495,0.010269081643359228,3.984320853613104
13,0.041374307591468096,0.009880199032500135,3.9764617122053147
14,0.03449202235788107,0.00819622502546218,3.939668896490222
15,0.03729075938463211,0.008775597361703512,3.9515001439189277
16,0.04374237218871713,0.010435659835986818,3.985772236444007
17,0.03896939568221569,0.009262158199893906,3.964109872711446
18,0.03431744175031781,0.008119589497369748,3.9349776442331543
19,0.0377411306835711,0.008935371477796574,3.9549875045675718
20,0.03855912247672677,0.009157744058178933,3.9602990309643067
21,0.03054264304228127,0.007088640585905474,3.8388694441656592
22,0.04217258468270302,0.01012788684192029,3.9818200628353835
23,0.0422671246342361,0.010043937239407089,3.979175942366083
24,0.04168376652523875,0.009908057475205423,3.9765956321836846
25,0.039264364168047905,0.009351519999480007,3.965413395944526
26,0.0431572119705379,0.010311871820352094,3.98262164651753
27,0.04547507269307971,0.010921259495972183,3.9927668492830173
28,0.03041385253891349,0.007155771937647753,3.889133183275781
29,0.038651466835290194,0.00914754225348784,3.9591662339667324
30,0.04669742099940777,0.011250520764727785,3.9963736601891524
31,0.04265513876453042,0.010155045657547235,3.9804480970739835
32,0.03787478758022189,0.009019829092001674,3.9583897609109444
33,0.045970064122229815,0.011086408645918071,3.9961492220761725
34,0.04274548729881644,0.010187192317035665,3.982280689295869
35,0.0445178747177124,0.010684747277109913,3.9901628353211605
36,0.04316937876865268,0.010321444456123744,3.9849491323164794
37,0.04554293677210808,0.010980291870933792,3.9943344208200933
38,0.04205129062756896,0.010086340122928323,3.980667280136778
39,0.04682987043634057,0.011319434200648707,3.9985478796722123
40,0.040995942894369364,0.009770281938365613,3.9749411760263187
41,0.044528497382998466,0.010665098208344544,3.990488617874357
42,0.0457636583596468,0.011046060098190901,3.9952141709475275
43,0.0475924126803875,0.011544921675615438,4.000871622677069
44,0.0437403810210526,0.010485615064499755,3.9872071056665814
45,0.043183470610529184,0.010327989458159766,3.984588628719857
46,0.04293809365481138,0.01021474397957626,3.9849465755512936
47,0.04690499138087034,0.011362471873636799,3.9997740323868083
48,0.046678239945322275,0.011303247793605833,3.998885173517967
49,0.04668766027316451,0.011306412292876428,3.9988677566406547
50,0.046069142408668995,0.01113968164493841,3.9966113534608247
51,0.04789560241624713,0.011642478164348137,4.002232235897138
52,0.04527954198420048,0.01090999736202887,3.993712446664247
53,0.048459002282470465,0.011785539972787152,4.0036202352736545
54,0.045412052888423204,0.010953320407932655,3.994334320967774
55,0.047535561956465244,0.011507701535116542,4.000994769925453
56,0.04617226589471102,0.01116748527946697,3.9966983437601487
57,0.04514972772449255,0.010892578591953223,3.9928361938501546
58,0.04861219320446253,0.01181822858550131,4.003365947308367
59,0.04020621720701456,0.00961333156974127,3.972107393780029
60,0.048822675831615925,0.012115841145040813,4.0050561139304595
61,0.04758171644061804,0.0117403326643888,4.002470016702258
62,0.048511140048503876,0.012006158266931471,4.00457546229579
63,0.04264505533501506,0.010324375702049395,3.9865678352129383
64,0.045259780716151,0.011094119782349478,3.9975434637999974
65,0.043912273831665516,0.010786110203499946,3.993757258783785
66,0.04824701743200421,0.012006085636313717,4.0054232573312785
67,0.04752296535298228,0.011764608079611452,4.004266566027262
68,0.04861051356419921,0.012137426296092244,4.0059734967843825
69,0.04589954670518637,0.011371133643318506,4.001703735699642
70,0.04845097614452243,0.012113951744279677,4.005979326606813
71,0.047825556714087725,0.011951537316144517,4.005649258335861
72,0.048548638354986906,0.012149320402957173,4.005979771731523
73,0.04753168672323227,0.011827079700901853,4.005248295981595
74,0.04714711103588343,0.011740735469241736,4.0047515549126365
75,0.04630024032667279,0.011466507049848135,4.002402681145231
76,0.049101595766842365,0.01234510718509304,4.005263288344766
77,0.04348653694614768,0.010704431544851374,3.993655880922012
78,0.045218758285045624,0.01116792183143623,3.998944733535351
79,0.0476215835660696,0.011840835895376775,4.004813105293703
80,0.04925120249390602,0.012344757184035047,4.005744537904275
81,0.04820905579254031,0.012041137943840789,4.00571208071274
82,0.049493635538965464,0.012418497449746638,4.005397266597465
83,0.04835905972868204,0.012085379724099178,4.005880598485786
84,0.04864221904426813,0.012160485585279738,4.005964366644748
85,0.04667992889881134,0.011566545198411252,4.002629074355865
86,0.04933945322409272,0.012368866646982203,4.005675974620011
87,0.04842188209295273,0.012037883019106155,4.005508391404388
88,0.04606682853773236,0.011413543434305624,4.002128489376306
89,0.0484482035972178,0.012126485421400681,4.005980040761776
90,0.048705548513680696,0.012231445020246586,4.005751586970388
91,0.04897226393222809,0.012281812565018632,4.005676377341784
92,0.04751060949638486,0.01180690256282938,4.005298826740476
93,0.04781354358419776,0.011989364620009657,4.005963230028943
94,0.04866234166547656,0.012241659233164707,4.005405329378655
95,0.04692995408549905,0.011675663436026084,4.004842138206075
96,0.04806835623458028,0.012020760765205129,4.00598113720824
97,0.048312128987163305,0.01213734788813876,4.0057674942718355
98,0.043222606647759676,0.010638926116755916,3.9939603063047637
99,0.04856198141351342,0.012183437695858454,4.005746595574792
100,0.04811930796131492,0.012082034809144859,4.0059159106586195
101,0.048596099484711885,0.012241575951603327,4.00515812883624
102,0.04778646118938923,0.011973143114962361,4.005949848360373
103,0.04558344604447484,0.0112960231882404,4.001519236311109
104,0.047079735435545444,0.011723347154982163,4.004886422369076
105,0.04422856122255325,0.010903861778803947,3.996642404277412
106,0.04739675857126713,0.011770788583942133,4.0048354457756306
107,0.048027054872363806,0.011950091296424367,4.005542720317166
108,0.047924951650202274,0.011935585718413796,4.005578146006149
109,0.04863340361043811,0.012174481378009023,4.005945647283316
110,0.049202147871255875,0.01236760798302363,4.0050723609537915
111,0.04806919535622001,0.01200975560291548,4.005858123990108
112,0.04905150132253766,0.012283921893999633,4.005738165313829
113,0.02786818379536271,0.006542390472998824,3.8733009096828948
114,0.03274832060560584,0.007890357222621288,3.936880833496291
115,0.04718321980908513,0.011592582511630926,4.002116854711774
116,0.049025277607142925,0.012197699450483226,4.005931831339924
117,0.047739810310304165,0.011812066853121675,4.004638823993667
118,0.04702407866716385,0.01168187874548062,4.003673137290286
119,0.040753308683633804,0.009958388339665402,3.98130896425943
120,0.048018967267125845,0.011881456601273531,4.0046506085674345
121,0.04915264202281833,0.012288576484930636,4.005915244054497
122,0.03079464554321021,0.008133488314646463,3.851246018954239
123,0.030453447019681334,0.00809843897402462,3.851675238523427
124,0.03097334282938391,0.008200758653112785,3.854451572640117
125,0.03521335788536817,0.009315627318201743,3.882128507659599
126,0.03958597616292536,0.01032131163321862,3.9034799963653346
127,0.03331314935348928,0.00884187515411112,3.87261558095234
128,0.02966300817206502,0.007953632702135328,3.850482324840858
129,0.028665726946201175,0.0076994719514497855,3.843072449473896
130,0.02868087898241356,0.007692428980013262,3.8425565412404463
131,0.029041489877272397,0.007800712642300661,3.846337851295431
132,0.027205884805880487,0.007280425491871356,3.8291937216012135
133,0.028082238568458706,0.007557714700868184,3.8388883978494976
134,0.027222010889090598,0.007292920811280533,3.829871420321612
135,0.028984796022996306,0.007759929287579751,3.8447842432050265
136,0.02899620123207569,0.007789561500293062,3.846135473229003
137,0.0305058432277292,0.008159610424159401,3.8562909181193095
138,0.029647445131558925,0.007947729875158004,3.850488901709406
139,0.03095673059578985,0.00827234661730276,3.858938656913953
140,0.028057020448613912,0.007484061203611644,3.8348171463392875
141,0.028702322451863438,0.007708794717999921,3.843666050367491
142,0.030539346858859062,0.00806469713692061,3.8519675983433475
143,0.02975896908901632,0.007979586395287654,3.8522744717742112
144,0.029359995503909886,0.007879312019418888,3.8492366725488387
145,0.031195904477499425,0.008361203979813691,3.86233655181389
146,0.027971318864729255,0.0075103387950765915,3.8375863620521464
147,0.02771272516110912,0.007464846100670722,3.8366751306018703
148,0.02709722105646506,0.007232706568843563,3.8286752611409547
149,0.028287770226597786,0.00760575155476704,3.8414477777856235
150,0.02864043030422181,0.007681220323976242,3.8436552573393756
151,0.02774985326686874,0.0074656294015164075,3.837138969375007
152,0.027827077778056264,0.007494933858846223,3.838316467287666
153,0.027651239652186632,0.007448365619117613,3.837010855425925
154,0.027528901351615787,0.0074049937991136905,3.835824820207189
155,0.02766916179098189,0.007430466564735931,3.8362931594393546
156,0.027592440193984658,0.007411976174376152,3.8359305879569576
157,0.029527125414460897,0.007904205302102648,3.8508583430732783
158,0.028498774685431272,0.007620971870956698,3.8419425042538067
159,0.028371358872391284,0.007600603571870311,3.842001664656808
160,0.02945074567105621,0.00791516171765172,3.8523594212007155
161,0.02900456718634814,0.007768249824041068,3.847449813518505
162,0.031357974046841264,0.008371443418403367,3.8642802576207367
163,0.028194237500429153,0.007603547463635679,3.8434358916507945
164,0.028597321710549295,0.0076796883721882946,3.845095782126647
165,0.03535798948723823,0.00940917417820957,3.8884563818856193
166,0.03026238887105137,0.008071252449199257,3.855356931798707
167,0.034575712285004556,0.009207558575766757,3.883753474662807
168,0.029185863269958645,0.007838785631491204,3.849751612887664
169,0.028437916713301092,0.0076321480984671,3.843132723681239
170,0.04168595909141004,0.010907447751868605,3.9177747760979544
171,0.02909411012660712,0.0077809496072469035,3.846625667334966
172,0.02786736306734383,0.007479684364430054,3.8375171718499375
173,0.02949503343552351,0.007879806751140741,3.8496764292591914
174,0.028422414849046618,0.007609086722270382,3.841628497861809
175,0.03066692955326289,0.008203535827867661,3.859531913897279
176,0.037362994509749115,0.009900972356405172,3.8983561053567963
177,0.028915110509842634,0.007725133655611614,3.844298236733949
178,0.028053078101947904,0.00752608186733103,3.8390572147834288
179,0.036720139207318425,0.00973932397856004,3.8952503916170995
180,0.03211307746823877,0.00849298840382384,3.8657336729298715
181,0.030556357698515058,0.0081750829299592,3.8587015914734644
182,0.031134789460338652,0.008304013180160764,3.8619520206998232
183,0.02862497780006379,0.007635400619323331,3.842211043308245
184,0.031089628231711686,0.00829086393033239,3.862359334535426
185,0.03157351806294173,0.00840731636646144,3.865485589644774
186,0.03672071034088731,0.009527629183335638,3.8981310244849503
187,0.0412810726556927,0.010641929889975824,3.922590204548188
188,0.0378183436114341,0.009813135926790461,3.9049985982004967
189,0.043508954579010606,0.011146773932884237,3.9324008242266144
190,0.048121183877810836,0.01216556660718087,3.9530704908388588
191,0.040839387220330536,0.010543011627018904,3.919967669159992
192,0.03596144064795226,0.009351517340820596,3.8937482735792783
193,0.036248562624678016,0.009416039145053035,3.8952392080210245
194,0.03925871243700385,0.010149857320788281,3.912184454119977
195,0.03680575708858669,0.009558627099388275,3.8990316789168835
196,0.03470642969477922,0.009059759961623034,3.8880057353097186
197,0.0354996946407482,0.00926412368767114,3.8933461280521797
198,0.03430171881336719,0.00896740827446032,3.8860931189450514
199,0.03808137308806181,0.009861053971366749,3.9068763409413143
200,0.03765029413625598,0.009769700343410175,3.9049202851203884
201,0.03807804989628494,0.009858298945783163,3.906758274449515
202,0.04062022443395108,0.010481984916484917,3.9199849997294876
203,0.03857909014914185,0.009998866773966185,3.909241703867872
204,0.03710821201093495,0.009650564744993291,3.9016663991933886
205,0.04115279181860387,0.010621045380579903,3.921735424611061
206,0.03639663592912257,0.009435440964294403,3.893862247384742
207,0.04226754163391888,0.01084025857455853,3.9264917932888372
208,0.05673144897446036,0.013947719493598649,3.9982732331966995
209,0.056264912243932486,0.013759940794295936,4.003649234663973
210,0.049251515651121736,0.012416719200296534,3.9631044954077503
211,0.05525731109082699,0.013612915005422,3.9920111495480066
212,0.050655185244977474,0.01272277607510387,3.9704832841539024
213,0.05417170678265393,0.013478277995868865,3.9860237149405537
214,0.04312024055980146,0.010995203030831886,3.933292056056453
215,0.045344869839027524,0.011566565624165415,3.946183483679048
216,0.03777311777230352,0.009767766140859186,3.9074459424219996
217,0.039519312558695674,0.01017002342786226,3.9161902617723534
218,0.03897160186897963,0.010046394100657316,3.913974881416292
219,0.03425297362264246,0.008960124877083933,3.8902442971311926
220,0.04064927902072668,0.010476231665322275,3.924079609158223
221,0.03871598420664668,0.009979846281617228,3.9124085871759053
222,0.045708542224019766,0.011565240115391385,3.946593107713363
223,0.04340618452988565,0.011027002734404923,3.9356394423414347
224,0.04215263668447733,0.010796672206447281,3.932734089050203
225,0.03938800224568695,0.010113415556179003,3.9162718818587465
226,0.04026569006964564,0.010334027804095636,3.923019087764578
227,0.04231269983574748,0.010802760414515783,3.933542172128272
228,0.04195027705281973,0.01069737466315579,3.9313010241345223
229,0.03847194672562182,0.009920372429651894,3.9154698083594766
230,0.0405405517667532,0.010439511064615615,3.9286055873314707
231,0.04038883012253791,0.010370114186828837,3.926003049858442
232,0.0449811986181885,0.011430194006561731,3.948839436827339
233,0.03972868958953768,0.01019110713335952,3.9209937563217845
234,0.04718682751990855,0.011993422727680668,3.962206809741975
235,0.0430748478975147,0.010967804923628517,3.9387202752771393
236,0.03688284568488598,0.00954254151663746,3.906538476886099
237,0.03638722561299801,0.009443450858189352,3.905863887213347
238,0.03813232097309083,0.009846225253585413,3.915381250780203
239,0.03582924965303391,0.009315909747103298,3.9033704521542227
240,0.0335302276071161,0.00872715690960286,3.8897073042512242
241,0.03641851688735187,0.009474939400461888,3.908309402390617
242,0.04019542085006833,0.010349554954541955,3.9272495468969075
243,0.03720534162130207,0.009627231012603349,3.9098843821489786
244,0.04109107865951955,0.010498362507746377,3.92913649369481
245,0.03939354699105024,0.010148492207756949,3.9232431687823253
246,0.04000019887462258,0.010311742215056712,3.9270802517331225
247,0.0370763469254598,0.009606171520395512,3.910375207039151
248,0.033282640972174704,0.008852863535661289,3.895153066125522
249,0.033550802152603865,0.008916589771224944,3.896527861718476
250,0.03290419653058052,0.00876980471042195,3.892747868485024
251,0.041321213357150555,0.010700529281626948,3.937862130606727
252,0.043165529146790504,0.01112531344484701,3.9455804982936695
253,0.05363006703555584,0.013308982735480925,3.994669618400427
254,0.03826845285948366,0.010005821916039544,3.9198740632772844
255,0.03749548515770584,0.009823781904460304,3.917260119133798
256,0.03620276227593422,0.009526403958717932,3.9092431325288466
257,0.032531639910303056,0.008673334146633443,3.8901112061321244
258,0.03224485064856708,0.008611614310875636,3.887359042412144
259,0.03298371541313827,0.008787098528679323,3.8918388812242637
260,0.03326096944510937,0.008853838202835184,3.8947285286031486
261,0.03231643722392619,0.008634231028049832,3.890428428559686
262,0.03593871125485748,0.00947131863591396,3.910991393528514
263,0.03892056364566088,0.010148143255926343,3.9258477984221583
264,0.034114170470274985,0.00904500154286046,3.8991388755653063
265,0.03281936107669026,0.008743583588305898,3.892859396273007
266,0.031038218992762268,0.00833553303039385,3.878298669268802
267,0.032947639352642,0.008782904172905717,3.8952096205869107
268,0.030576506513170898,0.008230128943738261,3.8810405175531226
269,0.03567111701704562,0.009409905955672064,3.9094812847266325
270,0.03082854044623673,0.008287211525119114,3.8799594821452867
271,0.03190621011890471,0.008541863467795178,3.8892243936589725
272,0.03401950211264193,0.009037892528737485,3.8992324546061607
273,0.032677148818038404,0.008729999801708441,3.8919754304418777
274,0.03292106802109629,0.008789608082404792,3.8947702457886995
275,0.03547598060686141,0.009383469735043318,3.910566954422526
276,0.03482499613892287,0.009232148431987825,3.907274734170863
277,0.031248820829205215,0.008404154924562935,3.886047491916157
278,0.03127189306542277,0.008411216685667584,3.887630668283817
279,0.030728890793398023,0.00828532752696964,3.8845466524567507
280,0.035568493767641485,0.009405633583445391,3.912111181542237
281,0.031455385498702526,0.008451588852142896,3.888353268079147
282,0.03310792555566877,0.008834768255062476,3.8974133699359603
283,0.03383844206109643,0.009016672980748996,3.897961804231058
284,0.03784825117327273,0.009931304546305126,3.9264857171893475
285,0.03024519351311028,0.008178262881031542,3.8816745443474656
286,0.034938817261718214,0.009266944614831697,3.9103407589663304
287,0.03129898977931589,0.008422653952782804,3.889668365224333
288,0.0350526652764529,0.009292536014565565,3.909886680026158
289,0.031441780272871256,0.008455410401841707,3.8888793957733547
290,0.032912423950619996,0.00879481069050629,3.898073267448783
291,0.02985613269265741,0.008083724586437347,3.879668020116371
292,0.030134321888908744,0.008146695983956759,3.880920726890987
293,0.034439776092767715,0.009147018501033336,3.905159041218387
294,0.034063082304783165,0.009058013930916787,3.9034171776809874
295,0.041638733353465796,0.010781391125849702,3.942445812334265
296,0.03588946221861988,0.009474752218735338,3.912775383228918
297,0.05335155641660094,0.013223766699834705,3.996717370672195
298,0.03934533870778978,0.010258591833276681,3.9272359583916296
299,0.03547153261024505,0.009371088576732009,3.90853838278957
300,0.0353798569412902,0.009347946139880353,3.9078873321877783
301,0.035819055628962815,0.009448762985905915,3.909502446179708
302,0.03219015581998974,0.008610780336125832,3.8882953034981584
303,0.03180277510546148,0.008518914247608998,3.88919689710131
304,0.030386729980818927,0.008189419322562489,3.879159168068967
305,0.03874434716999531,0.010118220971665197,3.9268021961224897
306,0.038661027094349265,0.010099747631799192,3.924781170546851
307,0.03393528948072344,0.009017206957996494,3.9003559789852313
308,0.03888060036115348,0.010146519971967546,3.926976041710004
309,0.03285510232672095,0.00876092276604915,3.8933474924947458
310,0.03359009022824466,0.00893016295940286,3.8981472126208248
311,0.0420168018899858,0.010925676256907407,3.96974732889689
312,0.041733896592631936,0.01085574432630531,3.9671205460753036
313,0.04186751204542816,0.010896557703401004,3.968868087916982
314,0.045809844974428415,0.011594434408627776,4.002402189196153
315,0.04150407621636987,0.010694367731121755,3.9588656985090407
316,0.04209522437304258,0.01098048500465825,3.97168563957967
317,0.043350661639124155,0.01125406581525901,3.979358803637155
318,0.04019919573329389,0.010434004184648847,3.953293094024091
319,0.04418338043615222,0.011461205106943545,3.987038325606748
320,0.04250833508558571,0.010823170385113368,3.958438435959566
321,0.04136017174459994,0.010684565194139276,3.963430216130573
322,0.039572251960635185,0.010339503629942133,3.955948682407278
323,0.041372931096702814,0.010809717290667873,3.969737550298006
324,0.039902926655486226,0.010470536050483936,3.9602519124316915
325,0.04120679013431072,0.010707184988754465,3.9649761194385404
326,0.04147469694726169,0.010817537005514107,3.9688434248389672
327,0.03877978469245136,0.01008760414936075,3.9475306866493067
328,0.03898857533931732,0.010216037274310082,3.9524129537906494
329,0.03857568954117596,0.010107571566759637,3.9496735071474705
330,0.03802043688483536,0.009890168243297925,3.9435194555707707
331,0.03944899910129607,0.010354845295738591,3.9563486789221343
332,0.03773762076161802,0.009717950626254484,3.9372298139668622
333,0.039652576204389334,0.01039507018828683,3.957182307882097
334,0.03865702357143164,0.010156766519966451,3.9508310838038154
335,0.038119853008538485,0.009873636694694007,3.942177046767174
336,0.03848352679051459,0.010014895634468557,3.946616697879692
337,0.04500560322776437,0.011286299260527597,4.005446010157684
338,0.04457611404359341,0.01147953282903742,3.9860684048747776
339,0.03916727309115231,0.010180311585754557,3.9478749414594554
340,0.03937049233354628,0.010325114659162282,3.954044993023522
341,0.03835378889925778,0.009877540531445935,3.9397305835042498
342,0.03855841909535229,0.010107612398512636,3.949014141359368
343,0.039982933551073074,0.0104749775422668,3.9591934921607512
344,0.037891319720074534,0.009875258204436263,3.9426945280886923
345,0.04187466041184962,0.010995766428308655,3.9739314785219975
346,0.045920625794678926,0.011606491053545916,4.002711029632966
347,0.04059622623026371,0.010535475546462768,3.955722464334829
348,0.041597447358071804,0.010855973587506246,3.9669540226762594
349,0.038044148590415716,0.009923919533012492,3.9422943615913213
350,0.039364890893921256,0.010315190637578266,3.9519251610822916
351,0.039024469908326864,0.010121888591459504,3.945662426819505
352,0.040480036521330476,0.010491668166097265,3.9559337458547437
353,0.03993173874914646,0.010250743046741595,3.9477595010386053
354,0.04076863802038133,0.010608263363942555,3.9633339112804093
355,0.0389009069185704,0.010158375808373345,3.951041961101209
356,0.04135019727982581,0.010755497723291017,3.967095246387913
357,0.04017794970422983,0.010525266517279827,3.9616392202158033
358,0.04193589580245316,0.010899329617594428,3.971295826600224
359,0.03892927314154804,0.009942863379865384,3.9407893107869416
360,0.03920949902385473,0.010305377254921078,3.957195170897077
361,0.03862652531825006,0.01016958833167248,3.9527749137102073
362,0.039212128380313516,0.0102803728408384,3.954896983473662
363,0.04224469140172005,0.010940153818100892,3.9726890072116463
364,0.03813869063742459,0.00989183201250755,3.9433249904011967
365,0.039534215815365314,0.010284196721195472,3.95312471983403
366,0.03950384049676359,0.010131255560789747,3.9472080940738588
367,0.04376591881737113,0.011116473746771363,3.9780344756723203
368,0.040570237673819065,0.010525763349024334,3.9637915491932243
369,0.038099516183137894,0.009712461541447575,3.939273657807525
370,0.0399253258947283,0.010341756792130695,3.958337283964159
371,0.041114297695457935,0.010669029460160018,3.9703526603937562
372,0.030726444791071117,0.00791858560829,3.8765883180572662
373,0.03284982230979949,0.008631294480640981,3.8970463572350096
374,0.0320741580799222,0.008377287953132482,3.8899097150410946
375,0.0322824427857995,0.008438778141833315,3.8909915312362564
376,0.030793198850005865,0.007935779529344603,3.875996690953154
377,0.037618380039930344,0.010041522623513283,3.929254619636537
378,0.033541201963089406,0.008874897543585511,3.9020895469445267
379,0.03270646999590099,0.008580051255428078,3.893839423302508
380,0.03066399577073753,0.007939273946187913,3.87665600985424
381,0.030749777448363602,0.007996901865383791,3.8792892661933984
382,0.029578808113001287,0.00761459037467135,3.867492658755473
383,0.030515714432112873,0.007806565629958052,3.8710626293010186
384,0.0316542818909511,0.008300038852324389,3.8893127707776607
385,0.0311338915489614,0.00811069477694454,3.883170958478223
386,0.029761654208414257,0.007709194240175965,3.8718590794880567
387,0.029680713079869747,0.007631032276892351,3.868113941800324
388,0.029118071077391505,0.007432131157711349,3.8611184957365787
389,0.029594942345283926,0.007627207145050971,3.86967865900906
390,0.030908033717423677,0.008054309088881018,3.8826649902408135
391,0.03004165377933532,0.007687192802671782,3.869121247756571
392,0.028368269675411284,0.007260751437320552,3.8586599534461126
393,0.03167073428630829,0.008248504011669143,3.887929584928559
394,0.030315840616822243,0.00784576336197831,3.8764488260447973
395,0.03306706214789301,0.00876993032404369,3.9017825002315347
396,0.031075794831849635,0.008122197412242894,3.8841833291514885
397,0.028846818720921874,0.007365454227729428,3.8591510349575775
398,0.02909924474079162,0.00747820787015763,3.864533311472448
399,0.03138230799231678,0.008199356026439505,3.885686263545218
400,0.03400257101748139,0.009084704695175392,3.9079223345693332
401,0.031211854540742934,0.008104510662249393,3.880965132520683
402,0.03090079256799072,0.008029189169005514,3.8792441941640403
403,0.028511726413853467,0.007287102212709209,3.856118975029009
404,0.029350246535614133,0.007566120905914541,3.8664909160762515
405,0.02965987764764577,0.0076707487833382005,3.8700564319118542
406,0.030292174429632723,0.007817115459860826,3.8731608668255477
407,0.029295687680132687,0.007574375161763142,3.8676568359558954
408,0.03107324056327343,0.008108937368894417,3.8823228257945557
409,0.029339342028833926,0.007557421875960799,3.8660350459156647
410,0.03189217846374959,0.008342918571592733,3.8885514907452925
411,0.028762292116880417,0.007361648732526636,3.858996604943024
412,0.03695431281812489,0.009988596685770084,3.929486703017229
413,0.02980386558920145,0.007673480138903867,3.868026104191261
414,0.034371155546978116,0.009237940535294238,3.9110363380440236
415,0.03191317664459348,0.008340638305879,3.886654225319069
416,0.029468846856616437,0.007539293976964723,3.861928739206042
417,0.03000228852033615,0.00769800221083391,3.8678675018964355
418,0.030459052650257945,0.007876201090481295,3.8749595879718868
419,0.030224804650060833,0.00783876760107048,3.8749272346539265
420,0.032552751479670405,0.00845113362119806,3.889358081979649
421,0.028789390926249325,0.007339914685416252,3.857587922908752
422,0.029635865706950426,0.0075829890225810135,3.8660757158399828
423,0.03116559679619968,0.008028815572717625,3.8799640186312505
424,0.029556266264989972,0.007585790350105024,3.868358019743865
425,0.0293198733124882,0.007555153591225946,3.8689226302839033
426,0.030888803536072373,0.008044464087665633,3.8831692802400424
427,0.03003857599105686,0.007780653664447142,3.875255705853125
428,0.030053828726522624,0.007666935161953974,3.8683001962777315
429,0.029590921592898667,0.007604840955374016,3.8697749318336188
430,0.0300856523681432,0.00775004485653406,3.8741230194950993
431,0.029582332354038954,0.007537965608842245,3.8656984218320853
432,0.028944273246452212,0.007395662865460371,3.8638334417189277
433,0.031905548297800124,0.008352212140944972,3.893111032340279
434,0.030345253879204392,0.007776593478076687,3.874004541704138
435,0.037972973892465234,0.009849118887249268,3.937459921689225
436,0.03709741169586778,0.009670921860682944,3.9336992297267956
437,0.036887333961203694,0.009512901269463879,3.927476189006133
438,0.04052539146505296,0.010442995710254518,3.9511929459167416
439,0.04369338299147785,0.011209576800214723,3.9691981075874367
440,0.03979352884925902,0.010270783229596186,3.9461897604894896
441,0.036434498499147594,0.009268337847690038,3.9185951376000303
442,0.037952928338199854,0.009844895300176308,3.9380066242523686
443,0.03690187679603696,0.009545814173189478,3.9299082964098475
444,0.03674178756773472,0.00952444767221959,3.9297655139438223
445,0.038086703047156334,0.00979017291519076,3.9342483585905943
446,0.036949512315914035,0.009606095039683961,3.9336114293412328
447,0.03684749675448984,0.009394974722950295,3.924995070939323
448,0.03952666302211583,0.010167931581562015,3.947305125589999
449,0.037517132703214884,0.009669856530824293,3.9347961151072792
450,0.037071554688736796,0.009604664319994474,3.9347186757160864
451,0.03699447400867939,0.009620316332262574,3.9354545366573994
452,0.037697337567806244,0.009808352181016897,3.940522091088981
453,0.036154926754534245,0.009292239526142476,3.9259178497457436
454,0.03585683763958514,0.00916976807607645,3.9221715319479675
455,0.03612552140839398,0.00933261026662809,3.9279653174200537
456,0.03708240995183587,0.009656355471698323,3.936584084877656
457,0.04484884976409376,0.011561875569599646,3.9822742078134605
458,0.04399666888639331,0.011293291078522952,3.972617685277158
459,0.03978201490826905,0.010251863951158242,3.9465767789537387
460,0.037615477573126554,0.009761526195413938,3.935276808694038
461,0.03718655277043581,0.009641272750266073,3.9307809918702605
462,0.04002014501020312,0.010346349524114569,3.9487223279125296
463,0.0402101909276098,0.010299264131308305,3.944565862508703
464,0.03781751403585076,0.00978219726590145,3.9346928064713285
465,0.038338063983246684,0.009941041542323751,3.9393854762014837
466,0.036785085569135845,0.009452286728435143,3.9258148333587894
467,0.04023273498751223,0.010348792059930285,3.9493397804968153
468,0.0369897335767746,0.009623655674960275,3.932792248271973
469,0.03533424192573875,0.009125333199722798,3.9208827583121133
470,0.04043292859569192,0.01042053052961124,3.9511271826552976
471,0.037655046908184886,0.009514725937191335,3.921210221606926
472,0.04055331088602543,0.010294580965393822,3.9454516418632464
473,0.043801927007734776,0.011049857878311213,3.9687498753591353
474,0.04240744817070663,0.01078039763670929,3.962745648374667
475,0.04199584387242794,0.010589265524212159,3.95598551435502
476,0.04276324203237891,0.010951451222515769,3.9710246641039397
477,0.04146537324413657,0.010635479549667249,3.962104964454933
478,0.0396743412129581,0.010210250745141747,3.9507232185303565
479,0.0375951521564275,0.009609913917866721,3.9332720317966756
480,0.03806619276292622,0.00984414787837602,3.942830787086683
481,0.038609427167102695,0.009891990395984063,3.940948556105648
482,0.04189341934397817,0.01076465743415133,3.9667674360606333
483,0.04026493732817471,0.01036943204337198,3.956065071651137
484,0.04557956964708865,0.01138889102973922,3.9767588625567125
485,0.037519237492233515,0.009620225317588058,3.935973507267467
486,0.038915687473490834,0.01003275806435481,3.948578003609877
487,0.03942262637428939,0.010141377519464954,3.9508004809856274
488,0.03688747505657375,0.009348426963694971,3.9268794739038317
489,0.04034791002050042,0.010344207252654865,3.9561156695021893
490,0.03670412162318826,0.009490390303184087,3.93537886179728
491,0.03698996244929731,0.009515468738910425,3.9345436597308305
492,0.035773596609942615,0.009102953189469699,3.9238884827891165
493,0.037717325147241354,0.009785622566850598,3.9438468476076265
494,0.03779528778977692,0.009681631071235897,3.937287732051605
495,0.037864811485633254,0.009767496536614417,3.94181477418795
496,0.037615250796079636,0.009331336761087881,4.004440524644548
497,0.03765238635241985,0.008981697732325555,4.005989340063344
498,0.037800680845975876,0.009225558984384994,4.005490114656341
499,0.03766916273161769,0.009241958570851621,4.005234774351289
500,0.03754990641027689,0.009249228486784982,4.0052147270106975
501,0.03741489443928003,0.009176874431069652,4.005318341386878
502,0.037438084837049246,0.009206221765691183,4.005534541622247
503,0.036628609988838434,0.00853083433539478,4.0038614877691465
504,0.03716622665524483,0.009099257362360504,4.005545804414845
505,0.03702927986159921,0.009003995787916762,4.00582082931793
506,0.03675108961760998,0.00871243506657455,4.005655363018603
507,0.03682814911007881,0.009201714444140393,4.0035666117096165
508,0.0368567043915391,0.008967649425546127,4.005736413400305
509,0.036731993313878775,0.009092934499259549,4.0050393568559
510,0.03660756628960371,0.008893381532670473,4.005852539491308
511,0.036547687370330095,0.008980472841823742,4.005352021751728
512,0.036405811086297035,0.008895393020727418,4.005555106145687
513,0.03639395395293832,0.008643249356460691,4.005843488866529
514,0.036520082503557205,0.008991929908794185,4.0051756531560105
515,0.03643042920157313,0.009059453894218009,4.0045619893224575
516,0.035577360074967146,0.008164619619296456,4.001696516606706
517,0.029551881831139326,0.006453121358196342,3.962781636570856
518,0.037645595613867044,0.00900922600079566,4.004667983340717
519,0.037178703118115664,0.008827439165025047,4.005470802437672
520,0.030740127433091402,0.0067371903702315656,3.9700165729027184
521,0.037761221174150705,0.008984414280489439,4.0048228740890535
522,0.03772749053314328,0.009238282860780404,4.005800917309138
523,0.03759150067344308,0.009069204760671464,4.006055250390205
524,0.03762596566230059,0.009382515342950018,4.0039601344715186
525,0.03712551249191165,0.009049079803630759,4.005769157232491
526,0.03686153423041105,0.008745757991491946,4.005740042704947
527,0.037088203709572554,0.008936850185371208,4.006044036522144
528,0.036990574561059475,0.008969625245516349,4.005971671676521
529,0.03676875028759241,0.008701976693489336,4.005510855868642
530,0.036908382549881935,0.009284199947359587,4.002579288895616
531,0.03664847416803241,0.008978248565686672,4.005795993136241
532,0.035768152214586735,0.008282973002705108,4.00324888300949
533,0.03570056241005659,0.008209160640083178,4.00195755699813
534,0.0357195595279336,0.00815485078490242,4.000038393583343
535,0.03718805965036154,0.00875867119416444,4.005109102133836
536,0.037382038310170174,0.009273458619661603,4.004763715928213
537,0.03712220583111048,0.009029931935045856,4.00578809249907
538,0.03715330362319946,0.008868774632462348,4.005955080502152
539,0.03720234427601099,0.00902059633059032,4.005891887281367
540,0.037240319419652224,0.009362727686486862,4.002761286790154
541,0.03655102988705039,0.008774658638093407,4.006044942909674
542,0.03636711835861206,0.008528364566389961,4.004970087750765
543,0.03667168552055955,0.008624152695565714,4.005217221816693
544,0.036988865584135056,0.009105047745385555,4.005021001500656
545,0.03670996055006981,0.008647117832744564,4.004983766643221
546,0.03696047281846404,0.008735941266421517,4.005543441492529
547,0.037179894745349884,0.009067916695141431,4.00563873753779
548,0.037149257492274046,0.00892770467231972,4.006048131485897
549,0.031863565556705,0.007018068047108674,3.9765906058255753
550,0.034396746195852757,0.007675963911770369,3.9878118653344843
551,0.03877710411325097,0.00955808016562502,4.005442109063469
552,0.036340655758976936,0.008273793117265508,3.9983393851194116
553,0.03783304849639535,0.008830151385831512,4.003806141930562
554,0.03836944838985801,0.009513203085397028,4.004512648369958
555,0.03632733691483736,0.008257718813238722,3.9976337498735846
556,0.03842382226139307,0.009433870123517433,4.005472909532403
557,0.03822210826911032,0.009887224772587569,3.9773619807947336
558,0.03906381642445922,0.010004917354094058,3.985706823921826
559,0.0412922827526927,0.010060829136784029,4.006004982722123
560,0.03863004804588854,0.009942952746067584,3.981617088531773
561,0.036399601958692074,0.00952947591133541,3.970127039927432
562,0.041033309418708086,0.01025368289626909,4.001715758227765
563,0.03645052504725754,0.00949238755235367,3.9688013636349537
564,0.036832163110375404,0.00848661375793343,3.9917576399057726
565,0.0403187177143991,0.010200499266586721,3.9932266340678355
566,0.04086922015994787,0.010271674984131597,3.9975601802448884
567,0.037372299237176776,0.009703126762639291,3.9740028642628205
568,0.03978937491774559,0.010109319359139361,3.9925226015856006
569,0.03918189974501729,0.010065194546097658,3.9891244780407833
570,0.04070790717378259,0.010245835024750594,3.9963864589807074
571,0.040212361607700586,0.010225235323362078,3.9922390365482525
572,0.03849155246280134,0.009970426364090006,3.9827845083467155
573,0.03960899543017149,0.01017613542212882,3.9890603316683415
574,0.04071481991559267,0.010305485595331247,3.99442111773312
575,0.04075373010709882,0.01033891537838211,3.9941069245163807
576,0.04176713852211833,0.010472175601230125,3.997301194061117
577,0.03818168141879141,0.009913826696198396,3.976328023648264
578,0.037171057192608714,0.009740282897759066,3.9735286201255247
579,0.037183795124292374,0.00971220876231338,3.973263676740054
580,0.03578978218138218,0.009318225625087115,3.9631823608190273
581,0.036474043503403664,0.009597773250719213,3.974282340692815
582,0.03859131643548608,0.009959325256446997,3.9878831751084802
583,0.037387552205473185,0.009766664967154112,3.9810022132690177
584,0.03957431809976697,0.01010670262053358,3.99304928577486
585,0.036904948530718684,0.009694483176638883,3.9769692154194236
586,0.038420205004513264,0.009958002678673677,3.9854479491903736
587,0.04088454181328416,0.010285907980644141,4.0001390701284
588,0.03670157492160797,0.009641821773390376,3.973603215208716
589,0.03765093069523573,0.009796052087123447,3.9792405360023024
590,0.0395911606028676,0.010129534469459595,3.9909587720719966
591,0.041009950917214155,0.010298242132721926,3.9991717148235653
592,0.038866046350449324,0.010053027186680724,3.9861267378302463
593,0.03587439237162471,0.008325892443508412,3.986329457893432
594,0.03859013505280018,0.009946339294276756,3.975631950842526
595,0.04247312666848302,0.01042539172050126,4.004057527153658
596,0.03831334179267287,0.009919732286020963,3.9773198425080745
597,0.03877658070996404,0.010038562730795104,3.982606612786544
598,0.040244617499411106,0.010286717317521774,3.9902589911948305
599,0.037263651844114065,0.009708174537892394,3.970773896721653
600,0.03930220799520612,0.010079968288565926,3.9862371101848604
601,0.0383043778128922,0.009933440224502725,3.981805455544933
602,0.03980908216908574,0.010163189398018198,3.99066124393547
603,0.04098265850916505,0.010310740729398799,3.996825913129177
604,0.04057119460776448,0.01026633046943732,3.9935765530016956
605,0.041991176549345255,0.01023118425449137,4.00570036612007
606,0.04300856310874224,0.010455747821716347,4.004027129902164
607,0.038546152878552675,0.009997378089324091,3.9805389611992497
608,0.04088546568527818,0.010366823883595491,3.9933308602648543
609,0.03869251860305667,0.010031228135606456,3.9818814969844296
610,0.039645134937018156,0.010183610155024513,3.9859865676123234
611,0.04250816581770778,0.010377095595177778,4.005342592932528
612,0.04265004023909569,0.01058315149436294,4.000766076790523
613,0.042149807792156935,0.010561283321593345,3.9948540794974647
614,0.04295716714113951,0.0105994021313058,4.003397780275157
615,0.03906472446396947,0.01006946309849068,3.976546614735106
616,0.04300721501931548,0.010605339349721016,4.001908464390488
617,0.039132943376898766,0.010110156437200228,3.978412325717322
618,0.03266487340442836,0.008804486792609848,3.9392115483566315
619,0.03081005613785237,0.00806992240861585,3.920193066586235
620,0.03118699591141194,0.008187797477293245,3.9224639130784307
621,0.028155329986475408,0.007052964128879987,3.88968308628149
622,0.0330006533768028,0.008872908008244102,3.9429908368591295
623,0.031089330557733774,0.008183961085385646,3.9249692788928967
624,0.030846881680190563,0.008041766091165218,3.921149745170891
625,0.03604332986287773,0.009484826153777666,3.957160203250422
626,0.03048198437318206,0.0076646587411600235,3.9075272481752252
627,0.03197041223756969,0.008449939681022657,3.9347657349796448
628,0.030497022555209696,0.007857777055051893,3.9186487440459543
629,0.03570645675063133,0.009464280393840086,3.9603721671861782
630,0.02988095721229911,0.0076390380608952705,3.912089213843167
631,0.030439648078754544,0.00776070918721658,3.9158694491005286
632,0.030596795142628253,0.007888767341785258,3.9216136541803683
633,0.030204363982193172,0.007741792665273955,3.917554755799849
634,0.03124903654679656,0.00818663851110271,3.9311976017084214
635,0.02975914767012,0.007585188886464294,3.9139276158682264
636,0.03044813929591328,0.007830008255280178,3.921907169177287
637,0.034511868143454194,0.00923036064588863,3.9592682140618716
638,0.030452924664132297,0.007836428501953681,3.9216043547492356
639,0.030084641184657812,0.007733909631938193,3.9184296875684206
640,0.029568964731879532,0.007533407100924739,3.9131017957035845
641,0.03022226318717003,0.007799087366659934,3.9215549671389707
642,0.029877094668336213,0.007655796766757764,3.9179496499874222
643,0.029645321774296463,0.007593100393184708,3.916290617438654
644,0.031121336622163653,0.00817160829086396,3.932751655140841
645,0.032272819429636,0.00861269376532297,3.943254210077147
646,0.03246561950072646,0.008750098330040873,3.946443459369616
647,0.029521078220568597,0.007543218374465551,3.9125503774878854
648,0.031475982163101435,0.008327720990962652,3.934395582462876
649,0.02907793049234897,0.0073847962502603375,3.90780508538279
650,0.03004159522242844,0.007768071815214725,3.919538072586122
651,0.029678954277187586,0.0075901241258087785,3.9145978298105106
652,0.030102730728685856,0.007799739233039395,3.9210185046891866
653,0.03025303443428129,0.007844050051895306,3.9220149814830836
654,0.029880419257096946,0.007707362846229915,3.918176015400741
655,0.028903859434649348,0.007273546246629873,3.904863599848004
656,0.030305403051897883,0.007872988438854615,3.924108119376572
657,0.029829285689629614,0.007703714981606161,3.9188522511947794
658,0.030560100451111794,0.007966136918262099,3.9259252323009317
659,0.03174913604743779,0.008387911495649152,3.9367162651193626
660,0.02958888467401266,0.007574056603817225,3.9137913796214554
661,0.03130719461478293,0.008227626515571216,3.9324774872527284
662,0.03081721649505198,0.008058481829033957,3.9274047356065585
663,0.030360883683897555,0.007849353801785194,3.9212145617161274
664,0.030612224247306585,0.007994307991217583,3.9254934334854505
665,0.029310235287994146,0.0074815105477517305,3.910323643642468
666,0.0322444555349648,0.008632844308648347,3.942157614794756
667,0.03065344295464456,0.007935171419760896,3.9226514848974885
668,0.030509540461935103,0.007918739521261367,3.9228479254985356
669,0.029831926221959293,0.007670237037419069,3.9158667265188924
670,0.029209500877186656,0.007461675974110812,3.9101335522576877
671,0.02838733361568302,0.007067766995404405,3.8967765281906694
672,0.03066347213461995,0.007865800059428722,3.9240394089151938
673,0.03635231079533696,0.009524205867012943,3.9682107235114734
674,0.03223088011145592,0.008578859890500704,3.9434352719294377
675,0.030473342165350914,0.0079060686874495,3.924774826053531
676,0.032996006309986115,0.008894695583354643,3.9504252551741397
677,0.031886407639831305,0.008419104265394035,3.9372393855374734
678,0.03475733404047787,0.009279658347807248,3.9583396275393796
679,0.02962076012045145,0.00758349424108913,3.913093773480243
680,0.030855813063681126,0.008000101446979976,3.9248475713154987
681,0.018276528920978308,0.004159995518399007,3.9668682689486117
682,0.01792059699073434,0.004087046765869715,3.9654914224874247
683,0.017519059590995312,0.003995579634777424,3.962810898970871
684,0.018236329313367605,0.0041563670285773595,3.9670278943794677
685,0.017345536965876818,0.003960806980528414,3.960006228640702
686,0.01575820241123438,0.0037285883694586127,3.9347808942881177
687,0.01583173032850027,0.0038395669380271876,3.9131829298685292
688,0.016373229678720236,0.0038392659057220222,3.9288953749999402
689,0.017350962851196527,0.003972077895871517,3.950260781030059
690,0.01911681704223156,0.004341875086930465,3.9642668975990496
691,0.018383263610303402,0.004174517147769832,3.961156522883803
692,0.016763185616582632,0.0038729806835151683,3.94670090101269
693,0.017896235454827547,0.004076740855620767,3.9576763906613173
694,0.017006128560751677,0.0039167602399132065,3.9479750467049364
695,0.016938198823481798,0.0039136338728144515,3.942006986803519
696,0.016508740838617086,0.0038631039398788203,3.9327110376918872
697,0.01897963834926486,0.00430616268430294,3.9612944773611507
698,0.01694209175184369,0.003919866298535456,3.941538960649541
699,0.018725736532360315,0.004246470172848765,3.958895798340918
700,0.018976164050400257,0.004305990126222271,3.961796187847183
701,0.018796060234308243,0.004264112162444527,3.9609956841179317
702,0.01802047621458769,0.004105285100438177,3.9596081550961584
703,0.017145771998912096,0.003931841951001574,3.9491026458744605
704,0.018854286056011915,0.004301942233936955,3.9664818199722176
705,0.01864220853894949,0.004250501941024053,3.965006130858584
706,0.019332565367221832,0.00441970955204181,3.9699460919252476
707,0.01867605373263359,0.0042626302394551865,3.967390566454641
708,0.017506344243884087,0.004002417168056323,3.9588066582995216
709,0.01661062054336071,0.0038452655886008283,3.9472719504731493
710,0.018347749952226877,0.004176148767849612,3.961886555550365
711,0.016314321663230658,0.0038137457926164975,3.938672282444204
712,0.019140356685966253,0.004349688570382017,3.962954117199608
713,0.017781279981136322,0.00405433071770953,3.956882893165391
714,0.018280243035405874,0.004160495328807871,3.960807738584012
715,0.016160994302481413,0.003790842613161413,3.9358832471121987
716,0.01768840616568923,0.00404331289382294,3.9559789337055866
717,0.018066763412207365,0.004132338023747659,3.9592183499926703
718,0.01967859547585249,0.004494738447094204,3.96794647533044
719,0.0185996163636446,0.004244164846561573,3.964147914535771
720,0.018559688236564398,0.004224678675208228,3.9627581179367
721,0.01749926619231701,0.004003214489932012,3.9559681679207026
722,0.017947914078831673,0.004082784833079236,3.9560623643658372
723,0.0181313157081604,0.004125499709035812,3.960572003613745
724,0.015539124142378569,0.0038016911508258343,3.9095939566650224
725,0.01632253499701619,0.0038575823083269074,3.9223467950306197
726,0.016545800492167473,0.003863884680449762,3.9339556072928175
727,0.01656642137095332,0.0038891470160096983,3.92541884079716
728,0.01725183054804802,0.003976335688823401,3.9413537253600213
729,0.01776920910924673,0.004053888518852417,3.942929567573822
730,0.017904422711580992,0.0040879411704411815,3.947781034340994
731,0.017190215177834034,0.003970923627215604,3.937977933514983
732,0.016872894018888474,0.003937252948330308,3.9260069687961296
733,0.017382986843585968,0.004002921077538821,3.9376922678253456
734,0.01689914846792817,0.003969796503006609,3.9184047415720005
735,0.01706261932849884,0.004010427214506299,3.9147264006140947
736,0.017721926560625434,0.004239236529577862,3.88068910876906
737,0.017119156196713448,0.004007454677437893,3.9232796023493575
738,0.020076639018952847,0.004537124151006491,3.9516994122398477
739,0.018287033308297396,0.004160538979928301,3.9410618557150476
740,0.017661754973232746,0.004054778798636965,3.9382747988802835
741,0.01880298601463437,0.004276537036002686,3.952037890903866
742,0.019156782887876034,0.004346503921304689,3.9537271155490075
743,0.036660475889220834,0.009176755471387094,3.9609538243297315
744,0.025050042779184878,0.006226038614206442,3.8931282593839445
745,0.029031570302322507,0.007474960362607682,3.9282424732410495
746,0.02866044081747532,0.00736876704012003,3.926160593985577
747,0.028715859167277813,0.007384517261764719,3.9266961004096
748,0.028357074945233762,0.007269050379249233,3.9239698498476128
749,0.029552450170740485,0.007657912584893431,3.932803047870578
750,0.028887288877740502,0.0073989862250007365,3.927366392848606
751,0.03200138616375625,0.008106463904545865,3.9437216998567464
752,0.028133699321188033,0.007177643444520807,3.923544672459533
753,0.027310957317240536,0.0069408756636885885,3.9177162321822494
754,0.02612542756833136,0.006562975761308162,3.9084951406541966
755,0.032749630277976394,0.008359640007619103,3.9504516274390853
756,0.02760205150116235,0.007047727172849355,3.9207028578151766
757,0.026908006169833243,0.006830276435661296,3.914801598414539
758,0.026883067563176155,0.006808494866013477,3.915000514555459
759,0.026473460951820016,0.0066919087344523434,3.9118383397928245
760,0.025926098111085594,0.006537354060194709,3.908166670775373
761,0.026848765672184527,0.006808530827137557,3.9155456944197993
762,0.030562371481209993,0.00788840348753915,3.9411632499293914
763,0.02662082191091031,0.0067378046325022225,3.9138882407935647
764,0.025634377263486385,0.006452451082203625,3.9061205012338194
765,0.027711903443560004,0.0070874555133634345,3.9230714537787845
766,0.025927822454832494,0.006545391716439314,3.9086551671002656
767,0.029273993335664272,0.007602137202704294,3.93476725001415
768,0.028669981053099036,0.007398922425327879,3.9293856773078293
769,0.02729528909549117,0.006960487394885282,3.9183301064830727
770,0.024705094401724637,0.006163334293817781,3.896774888385202
771,0.025677075958810747,0.0064614598316325485,3.9061691713283024
772,0.027617350104264915,0.007063227614563473,3.9217058433213237
773,0.02365677896887064,0.005841957379025893,3.8871129225208456
774,0.0272837522206828,0.006955555021003992,3.9207536869387134
775,0.025195646099746227,0.00632342524741861,3.9039243682003453
776,0.025757072027772665,0.006499271361182384,3.9088673885797323
777,0.02671371668111533,0.006786508707687108,3.9167677793036333
778,0.024654710665345192,0.006159811347616391,3.8996870073698586
779,0.02866791165433824,0.007396427743914553,3.9319634160889456
780,0.02597605949267745,0.006561247912244965,3.9106596370661735
781,0.028489251853898168,0.007340079512108456,3.930686054669038
782,0.02669231768231839,0.006767010014435208,3.916484877109666
783,0.0267960955388844,0.006805929712957455,3.9171921042580773
784,0.026180734974332154,0.006620033024982722,3.9117432859046026
785,0.0261515878373757,0.006617890593285362,3.911493777529999
786,0.027840934228152037,0.007134890600549754,3.9243900419650917
787,0.026041586650535464,0.006576402738740548,3.909593895138795
788,0.02411820669658482,0.006004831678726356,3.8934517312966515
789,0.026397612295113504,0.006689207677914438,3.913554940061352
790,0.026109001017175615,0.006588487208566882,3.9113075899463006
791,0.024645560421049595,0.006160525390596101,3.8994548954538364
792,0.028127201832830906,0.007167082313786853,3.9281787878233905
793,0.025400850805453956,0.006377000120070195,3.9073649057365922
794,0.026772999903187156,0.006804061979713915,3.919376310923472
795,0.031138290651142597,0.00806298158304007,3.947853860781937
796,0.03211284405551851,0.008225102357955191,3.950276294367414
797,0.0431054662913084,0.010454224839630953,3.9905353494579896
798,0.030911389738321304,0.007944168163908753,3.9422263793649512
799,0.025957901612855494,0.006529630283959938,3.9077040101749865
800,0.026918159215711057,0.006845109297984878,3.9162167808599726
801,0.024659744114615023,0.006162744235586036,3.897586428266824
802,0.026003139093518257,0.006554329349982367,3.909614304923795
803,0.023570406017825007,0.0058116467925171155,3.8865493342847097
804,0.027182480785995722,0.0068980229861708205,3.923011745550402
805,0.027890714118257165,0.007110747634762465,3.9293867655731654
806,0.02769674197770655,0.0070539300938321885,3.928221279950448
807,0.02814173512160778,0.007197555782655975,3.931706806370292
808,0.02667359437327832,0.006754406206842875,3.919587608968865
809,0.028778399573639035,0.007402715307067741,3.93645697026481
810,0.027249354403465986,0.00691830586761186,3.924127914367127
811,0.026631465298123658,0.006729110503123967,3.9194860358061465
812,0.02637676813174039,0.00650223430202214,3.910010888646809
813,0.030514070531353354,0.007978302509734024,3.9549966458115
814,0.025995654403232038,0.006542513460573123,3.9174912614700257
815,0.02544254658278078,0.006298769055787311,3.909638600603564
816,0.028715639375150204,0.0073973761344648375,3.943931512391232
817,0.026237003272399306,0.006635805187740611,3.922307860393808
818,0.026577951153740287,0.006733150226738216,3.925249257748309
819,0.026998755987733603,0.006862097270222325,3.92902204029348
820,0.026605489198118448,0.0067431114629688685,3.925735978062154
821,0.025213340297341347,0.006331430698246366,3.913656039788056
822,0.02571548684500158,0.006454295348626897,3.91849334249647
823,0.027080530766397715,0.0068848646860507,3.9320290434009992
824,0.02797677554190159,0.00717309604897493,3.9395386200009526
825,0.026113549480214715,0.006599182524226029,3.9226964663254815
826,0.025350977899506688,0.006372445349515688,3.916424081483393
827,0.028122340561822057,0.007219656008085619,3.939532745438763
828,0.030993901891633868,0.008167871243323542,3.9616102875150774
829,0.027742220554500818,0.007091965952493025,3.934796213233933
830,0.02786025940440595,0.00711418371961173,3.934559451104454
831,0.02800218272022903,0.007155266989599474,3.9358002213305383
832,0.0345050657633692,0.009023423467822348,3.9752688946261285
833,0.026260228012688458,0.006626424666255813,3.919386255216018
834,0.02800018759444356,0.007164148599072438,3.9340959315286033
835,0.02526045951526612,0.006335088894122378,3.911105291980236
836,0.027898981468752027,0.0071367867312924025,3.934160140221258
837,0.02603984798770398,0.006570422103133065,3.9184241008234
838,0.026108924765139818,0.0065943559769678995,3.9196049455551303
839,0.02796305762603879,0.0071655439294448205,3.935209453795225
840,0.032402362674474716,0.008546928447743357,3.965670911375121
841,0.025486557744443417,0.006405151693420077,3.9122702473073816
842,0.029679848114028573,0.007701884009734247,3.947084783165552
843,0.02785333408974111,0.007116220418602128,3.931635918322331
844,0.0294482025783509,0.007628362161116769,3.9442192134121945
845,0.029712079325690866,0.007704716152276354,3.9445950349109946
846,0.027455706615000963,0.006979819997731182,3.9262307825995153
847,0.02450127713382244,0.006045950151296327,3.89739386900689
848,0.02629546367097646,0.006650371675972234,3.919910228545659
849,0.02652092999778688,0.006718919438745839,3.922315399022972
850,0.029272862477228045,0.007577467207743564,3.94457872972264
851,0.025824098847806454,0.0064974094571715055,3.9163139088223624
852,0.026451320154592395,0.006694975005218176,3.922698538982766
853,0.029067523311823606,0.007519234656058377,3.9438997044737056
854,0.02622748038265854,0.006631518065339889,3.919957855998734
855,0.026319991797208786,0.006658285711217759,3.9209446555239027
856,0.027349642012268305,0.006976811696308028,3.929845359565743
857,0.025272848084568977,0.006336942673206129,3.911137595350327
858,0.02875600499100983,0.007408347231044311,3.9424834996603724
859,0.02726919949054718,0.006930912044902743,3.929910693799892
860,0.03292856691405177,0.008531482969896762,3.969412230406314
861,0.02852250263094902,0.007334220331312731,3.9402928400279937
862,0.030378365190699697,0.007924012189749816,3.954180807249818
863,0.025835966342128813,0.006509470456257864,3.916514089330115
864,0.02638974820729345,0.006676311856951025,3.9219392582654558
865,0.026029557338915765,0.006495703998263235,3.9165932282893823
866,0.03437095647677779,0.008631453333228125,4.000086618750898
867,0.03487611701712012,0.008793209866943584,4.00468069437234
868,0.034805962815880775,0.008845266174236532,4.005420244831477
869,0.034243411384522915,0.008688165619342214,4.001626975368882
870,0.03497530799359083,0.008863012164655558,4.005262326872711
871,0.0347990388981998,0.008789867892083697,4.003269955087381
872,0.0351040605455637,0.008852831132534378,4.0054265399253834
873,0.03467465145513415,0.00871825334851188,4.002635182121892
874,0.034339305479079485,0.008653919406310476,4.001752774105003
875,0.034663365222513676,0.008704581874287892,4.00473257441036
876,0.03521968796849251,0.008757360524777009,4.004791038562636
877,0.03482822887599468,0.008742579718054545,4.0052457459589155
878,0.03443421609699726,0.00870185262877933,4.002707064994723
879,0.03488230612128973,0.008791251683149875,4.0057777667819305
880,0.03450958291068673,0.008724184812168882,4.002399463160589
881,0.03379405941814184,0.008506058109453832,3.9990607027739085
882,0.034183128736913204,0.008640692912368261,4.003550178742015
883,0.03441643342375755,0.00869777831264618,4.005880203372245
884,0.034504575189203024,0.008670696159605225,4.004611245654332
885,0.03427622141316533,0.008688167143951762,4.004981977961242
886,0.03426091047003865,0.008706975562704933,4.004240264794036
887,0.034679236356168985,0.008696409809694747,4.005135336958129
888,0.0326549606397748,0.008213989491815921,3.9948112213410454
889,0.03511000005528331,0.008839539464826535,4.005180987762779
890,0.032459006644785404,0.008147137546880477,3.9902649030534105
891,0.03545580944046378,0.008914771943857975,4.00289867033405
892,0.033934107050299644,0.008478247844661125,3.9951352745962176
893,0.03494310565292835,0.008788620545105501,3.999089137931764
894,0.035701391287148,0.008986173095401088,4.005246383801417
895,0.03540679905563593,0.008919403794839326,4.003801437052862
896,0.035330158192664385,0.008860045704074981,4.00069246230684
897,0.029517205897718668,0.007288266237361062,3.9692257679890335
898,0.036836633924394846,0.009181869512279627,4.005486264221631
899,0.03490569768473506,0.00876851731516195,3.9959734162025278
900,0.03496104618534446,0.008844482601441519,4.000669809835884
901,0.03585343761369586,0.009047849675772166,4.0057297834096035
902,0.03555850079283118,0.008984440494240936,4.003308483074349
903,0.034943326376378536,0.008832171113427842,4.000482824984448
904,0.03404822526499629,0.008541768498919428,3.9966537974558403
905,0.03529259329661727,0.00892995812174447,4.000878740080104
906,0.03593766130506992,0.008986916206149942,4.004700959955825
907,0.035589941311627626,0.008962899300987873,4.001533767933709
908,0.033599614165723324,0.008533196286721664,3.9931549466927034
909,0.03490404179319739,0.008821635572898268,4.002532926128744
910,0.03548519220203161,0.008962103442260713,4.005807556300824
911,0.033805868588387966,0.008629025551506164,3.996698701112383
912,0.03366302326321602,0.00849594779011577,3.995985701549641
913,0.03423296706750989,0.008712580066287156,4.002420757328722
914,0.03307253820821643,0.008355393692198827,3.9951060450702687
915,0.03366022789850831,0.008480937105387148,4.0015090081950175
916,0.03362683206796646,0.008543652155583956,4.0030730006155
917,0.03367378655821085,0.008514457232372126,4.003079910876016
918,0.032998749520629644,0.00829567381742125,3.999540891678369
919,0.0336857121437788,0.008526180029818507,4.005895698745097
920,0.03391502611339092,0.008584671286922512,4.00564461075868
921,0.03287475137040019,0.008357760088160785,4.000359286858526
922,0.03337756311520934,0.0084904806606898,4.0047611593722205
923,0.03379765851423144,0.008418526345556633,4.004703285792509
924,0.033381531946361065,0.008499650845950099,4.003713335866959
925,0.03373116161674261,0.008539738487264123,4.005585868382071
926,0.03323802910745144,0.008453738437307002,4.001889212223781
927,0.03380785556510091,0.008591186075223616,4.005728650067662
928,0.033310259226709604,0.008463833533754253,4.001983379662305
929,0.03357348730787635,0.008531692168151691,4.004063742734518
930,0.033689954318106174,0.008532948108383702,4.004466234379042
931,0.033946622628718615,0.008568242139587498,4.002771315336041
932,0.030614867573603988,0.007638631966153178,3.903789964765873
933,0.02570731786545366,0.006297083694004902,3.8548540277737287
934,0.027743350714445114,0.0068311859634062055,3.878901306673978
935,0.032751224585808814,0.008295259509166633,3.922368079668405
936,0.026693455525673926,0.0065564786016577324,3.8668373564479666
937,0.026983433170244098,0.006626230090392459,3.869226442739416
938,0.027667641174048185,0.006792447988182206,3.8763084065631728
939,0.027724138111807406,0.006810465573273624,3.8786912812294374
940,0.031026563374325633,0.007674056965456366,3.9035676455102677
941,0.029138484504073858,0.007163702679942252,3.893640514176189
942,0.027710938127711415,0.006778382947229426,3.8804421376252214
943,0.028022658312693238,0.0068615052753413465,3.883767627978839
944,0.025922225206159055,0.006307929179628038,3.860855013881424
945,0.027351241558790207,0.006662893715167186,3.878360797470031
946,0.027461204444989562,0.006689245516892134,3.8805013313909225
947,0.02749020606279373,0.006696501922690206,3.8813723499092205
948,0.026541231432929635,0.006446100011474205,3.871572355056649
949,0.027150465408340096,0.006597804325171794,3.8786308070026947
950,0.02788490185048431,0.006787850323324452,3.8858164085234783
951,0.02832734608091414,0.006910999792217205,3.8898213049261705
952,0.0293635088019073,0.007194661777717397,3.8989984538940643
953,0.02549346094019711,0.006178921991363419,3.85882324559526
954,0.026485597249120474,0.006414993325411421,3.8724890909420444
955,0.028528310474939644,0.00693579966716644,3.8926896234756607
956,0.02792166150175035,0.006779747513539914,3.88708288038917
957,0.028053871705196798,0.00680456759881617,3.888226819514233
958,0.02721476217266172,0.006595093084449067,3.8806048018529746
959,0.028141802875325084,0.0068346053264683945,3.8893577925653853
960,0.02864250331185758,0.006969134906237876,3.893991419009631
961,0.028333850554190576,0.006896071209374703,3.890436116639997
962,0.02745847054757178,0.006667404455643912,3.881959480650484
963,0.026993794250302017,0.0065419856186090695,3.8772875217620615
964,0.026384142809547484,0.0063831915062936865,3.871658078329229
965,0.027549323393031955,0.006676330395757851,3.8843154422815482
966,0.029489335138350725,0.007195094847731819,3.902224329783119
967,0.026876111049205065,0.0065098944789595175,3.8773620581503447
968,0.026477186009287834,0.006403903401478723,3.873010406172761
969,0.027078448212705553,0.006552588400158166,3.879590218251084
970,0.027688769856467843,0.006706339714935783,3.88590471457041
971,0.02633848588448018,0.0063618052024896,3.873201902581555
972,0.026843910804018378,0.006493498822548725,3.8786179068466717
973,0.027595231775194407,0.006681661564317416,3.8858266791886034
974,0.029990405309945345,0.007338749905828675,3.9071344126921357
975,0.025445834966376424,0.0061444960133194525,3.8607085917675312
976,0.026783521519973874,0.006469796116774281,3.8776454300319663
977,0.025712886243127286,0.006191482105032111,3.8664468605349573
978,0.02792246942408383,0.0067489369138949845,3.890277806194123
979,0.02686546405311674,0.00648532489546722,3.879495025682003
980,0.027642282424494624,0.006677925821098966,3.8874827668876057
981,0.025009076460264623,0.006022632967285586,3.857074707635763
982,0.028849506750702858,0.006974765419903578,3.9009322014257872
983,0.027198206982575357,0.0065425583707037,3.8845073778427133
984,0.026786970207467675,0.006441611400256655,3.880757066930047
985,0.027499834774062037,0.006616667892802695,3.888355959656084
986,0.02779842773452401,0.006698119685191799,3.891300639850035
987,0.032809569500386715,0.008031153430541357,3.936128773162933
988,0.02716815029270947,0.006539046063686812,3.8849471344920645
989,0.02523717109579593,0.006061526765946537,3.8647560060646633
990,0.02506667363923043,0.00601456024078809,3.8625137176262077
991,0.02649516484234482,0.006363030422874021,3.879136294565963
992,0.026889750850386918,0.006461656749913287,3.883322709979089
993,0.025655411882326007,0.006156769137898529,3.8700336312057853
994,0.0256832221057266,0.00615708028791027,3.87011046487586
995,0.03017694386653602,0.007329626107331277,3.914661918329927
996,0.024450123542919755,0.005477791318437868,3.803837466273964
997,0.025431937538087368,0.005718056188413391,3.774030082740038
998,0.0239209805149585,0.005346663750908792,3.8175045169504225
999,0.023980135563760996,0.005366942335095771,3.8150073971409912
1000,0.02501083933748305,0.00561841431133424,3.7873103015267016
1001,0.024389942875131965,0.005446707382986341,3.8092546118728485
1002,0.02633625827729702,0.005859443206051584,3.7709073847966894
1003,0.026291809044778347,0.005894500681007851,3.7558609388523276
1004,0.02417390956543386,0.005409342069680542,3.811728477433292
1005,0.024668014142662287,0.005508825398969028,3.804091023736257
1006,0.024444143986329436,0.0054993257958203656,3.799046225909495
1007,0.02379905851557851,0.005342402223572887,3.815826885381492
1008,0.024228179128840566,0.00543452846137211,3.8079277774249163
1009,0.026691871462389827,0.0059995721103717585,3.73645025390072
1010,0.025740656768903136,0.005776503133063866,3.7726358050272335
1011,0.024184119189158082,0.005385695424821441,3.8160878741229864
1012,0.024428456323221326,0.005481071678313242,3.804292340103511
1013,0.023794249864295125,0.005310394407660773,3.8212617791065053
1014,0.026578548830002546,0.005977958573423552,3.7383241164617114
1015,0.024221515748649836,0.005419156638598101,3.8121330290558597
1016,0.023509372724220157,0.005243855674973742,3.827435979157336
1017,0.023450586013495922,0.005220048396098694,3.829332443034932
1018,0.024019777541980147,0.00538191144708983,3.8134273829554357
1019,0.023778847884386778,0.005340517861674531,3.8154254325930714
1020,0.023203719640150666,0.005200201354807976,3.8286148886291307
1021,0.02333020674996078,0.005231930109474695,3.8258360420661353
1022,0.02363079646602273,0.005302719465184091,3.819588702050236
1023,0.023566172225400805,0.005295436931868093,3.819569670725927
1024,0.024720423854887486,0.005565198515902464,3.79202261237358
1025,0.022745251888409257,0.005080002418057585,3.839494381331659
1026,0.024777144892141223,0.005575295829963604,3.7917377604489304
1027,0.02661820058710873,0.005989447910877992,3.7367051735419805
1028,0.02832817006856203,0.006387455851429139,3.644600164492731
1029,0.027467876905575395,0.006145331901984183,3.7344891761664987
1030,0.028781219036318362,0.006482120378331755,3.6254105367155325
1031,0.030503682559356093,0.006862640971324159,3.435063137186141
1032,0.0266996449790895,0.005920124431501334,3.75103111754487
1033,0.029945775750093162,0.006737659214635188,3.5461689100663425
1034,0.02759886090643704,0.006169508748157859,3.7287025007789834
1035,0.029511541593819857,0.00665216108671192,3.5532086067829205
1036,0.030343322549015284,0.006827733401673209,3.433615955665896
1037,0.02622900268761441,0.006055677487351853,3.037046957137918
1038,0.026735750027000904,0.005907218624219951,3.7026666693621855
1039,0.030367486993782222,0.006841337963662765,3.3589688908495448
1040,0.02803118812153116,0.006386746767036592,3.108597260859224
1041,0.02488071657717228,0.004968597049125618,3.665133682651626
1042,0.023907576192868873,0.005572921321695978,2.865411140231154
1043,0.028496069717220962,0.006448871889292742,3.580619128829592
1044,0.02622981878812425,0.006016052572914283,2.9886789971493375
1045,0.030084209865890443,0.006832608584195426,3.4346180015136563
1046,0.030071580782532692,0.006794081769980842,3.311603396147291
1047,0.02839751314604655,0.0064386121141614535,3.1334951098966277
1048,0.026855112751945853,0.0059016920185588325,3.537162384093048
1049,0.02978203585371375,0.006760257074722286,3.3708467208261785
1050,0.028691359097138047,0.006470883327225844,3.529155649525793
1051,0.02807201404357329,0.0063774726436683525,3.131977819638704
1052,0.029653030331246555,0.00673293640009231,3.52780379722103
1053,0.03003410209203139,0.00677759617948058,3.352366011390176
1054,0.028961628035176545,0.006557365468160723,3.212350229639662
1055,0.029342395486310124,0.006675355089828372,3.5354399974026163
1056,0.02904745121486485,0.006449214356201967,3.4745247016212133
1057,0.026937452843412757,0.0058065993932423865,3.5642643617115097
1058,0.02765670116059482,0.006050047094021181,3.5465953333505973
1059,0.027253567706793547,0.005908897893365335,3.5728643166615526
1060,0.026081591146066785,0.005512117493508842,3.5387024011011636
1061,0.02884756657294929,0.006374109199314507,3.482839910571044
1062,0.028224833542481065,0.00620064161191083,3.423362724254923
1063,0.029084232868626714,0.006441818376664411,3.4696720108259713
1064,0.02874403086025268,0.006365174908498271,3.4789294604994323
1065,0.02685899054631591,0.0057097761932547245,3.610943085700444
1066,0.028642495395615697,0.00635378432651411,3.539224952165765
1067,0.02851777372416109,0.006327668184834699,3.5499547542917815
1068,0.0278167559299618,0.006133726544784827,3.6144812818470413
1069,0.027917103725485504,0.006156271930175649,3.6052855864146447
1070,0.027676599216647446,0.006083757159384814,3.6227145945409367
1071,0.02710581524297595,0.0058835548776756934,3.6138812843890418
1072,0.027512127882800996,0.0060327932251121865,3.605292960573914
1073,0.027163282851688564,0.005921592502400078,3.6253517392392327
1074,0.0281807747669518,0.006228915057599745,3.5858073778432136
1075,0.028294590418227017,0.0062746187418021935,3.5863795270525385
1076,0.028023583814501762,0.006201211077879224,3.609623441395747
1077,0.027723677805624902,0.0061152169565585526,3.612597522191736
1078,0.02816459210589528,0.00623617968083005,3.575997230889324
1079,0.027580153429880738,0.006073330076856645,3.627134933088874
1080,0.027382383006624877,0.006006876276398347,3.6168061283749626
1081,0.02842102712020278,0.006288078907086994,3.5033862735201384
1082,0.02855322335381061,0.00633279223838564,3.5193385428158264
1083,0.028623772668652236,0.00633938617844398,3.4624003306443463
1084,0.02670159295666963,0.005817949146138949,3.5437727968489785
1085,0.02824079303536564,0.006256647597252069,3.5359981348855714
1086,0.026739242137409747,0.005792125919833779,3.588499769464001
1087,0.028187855728901923,0.006252652981321669,3.5862803206991525
1088,0.027206887723878026,0.005958219727357028,3.632374561267143
1089,0.027948998496867716,0.006204666162963317,3.6279544629945657
1090,0.02788631117437035,0.0061885815112215,3.636825382409162
1091,0.02608894696459174,0.005590280869925514,3.5709815046534805
1092,0.026111931540071964,0.005610979835562383,3.5918676842236343
1093,0.027498985291458666,0.0060690007238376024,3.609854654784792
1094,0.027913368889130652,0.00617816512400805,3.584940887999525
1095,0.027185274753719568,0.0059840316758789,3.671595451961455
1096,0.0271481741219759,0.005978474745006373,3.6436487591824718
1097,0.02662736875936389,0.005752973910421133,3.663721586458551
1098,0.02662112796679139,0.0058138239492195026,3.652016609670495
1099,0.02582420303951949,0.005556713983805393,3.6144431420916368
1100,0.026318542193621397,0.005746189384761985,3.6804607076000764
1101,0.026919435942545533,0.005974514858941438,3.6783136373046
1102,0.027616669656708837,0.006138266408690549,3.620510625423723
1103,0.029297610628418624,0.006500143898801521,3.4732385927894085
1104,0.026713096303865314,0.005840293559173642,3.6490648794632263
1105,0.02695948863402009,0.0059199761072493565,3.6517198233911374
1106,0.026760975597426295,0.0058899007336258484,3.663696918514752
1107,0.02735104877501726,0.006091385886938584,3.663279076379258
1108,0.027141999686136842,0.00601424023490211,3.669709844530764
1109,0.027292865444906056,0.006016452525670229,3.5535005188009645
1110,0.027306912932544947,0.006064200331064988,3.663347530102177
1111,0.026979320216923952,0.005958615183855347,3.6856253939992083
1112,0.027961211977526546,0.006226050451724015,3.604647549382431
1113,0.02672704088035971,0.0058358411174518395,3.6447730560844485
1114,0.028873423230834305,0.006392986414584046,3.4694663282752085
1115,0.027271399274468422,0.006030920113088808,3.649204596144068
1116,0.027166381711140275,0.005994147347342787,3.6529716191153745
1117,0.026420596055686474,0.006107754979019213,3.951179747976922
1118,0.024481285829097033,0.005635767258227072,3.937805336166973
1119,0.030767100397497416,0.007025699584622576,3.9713263416237496
1120,0.022020788863301277,0.005133360286904907,3.925124392530232
1121,0.029037808999419212,0.006665093049105971,3.96359653583623
1122,0.02285459265112877,0.0053176624142260666,3.9299886908419093
1123,0.030146058183163404,0.006792917423050613,3.9655319815332244
1124,0.025530541315674782,0.005817126406212447,3.9447842994720186
1125,0.022446105256676674,0.00510198106606701,3.921645900204646
1126,0.028425327502191067,0.006515083826375931,3.963926191840499
1127,0.02870503719896078,0.006635603024577251,3.967173938594606
1128,0.02599152084439993,0.0060728358399587045,3.954818477852275
1129,0.02795030502602458,0.006499527656921634,3.963602212297988
1130,0.03080930281430483,0.007078145005385884,3.975569332429508
1131,0.02838514745235443,0.006606682798251359,3.9673401811021516
1132,0.030228798277676105,0.007016877185314994,3.9754340831326367
1133,0.02893340028822422,0.006741837532532336,3.970263626632709
1134,0.028189650736749172,0.006586105019631811,3.9662609490147425
1135,0.030812892131507397,0.007152424414049495,3.977237677055921
1136,0.032838196493685246,0.00759526853847885,3.9850290583531742
1137,0.025397181510925293,0.005968952233517411,3.9530514478381655
1138,0.028885819017887115,0.006713496624595589,3.968642385760976
1139,0.029156276490539312,0.006786185810938226,3.9702467117833256
1140,0.02904669474810362,0.006758609317519046,3.9692943580497455
1141,0.03132201684638858,0.007230846921251679,3.978456331661323
1142,0.030789070762693882,0.007170019523939902,3.97824612591255
1143,0.03204036504030228,0.007401881263487869,3.9820540478924986
1144,0.030808221083134413,0.007134204381067143,3.9787136906821368
1145,0.02766540413722396,0.006304041900192246,3.9624733016584943
1146,0.02673006011173129,0.006230642672264416,3.962126097966683
1147,0.02883164258673787,0.006723355219671221,3.971836106232237
1148,0.03004510374739766,0.006994777546587215,3.976889768002479
1149,0.0253048543818295,0.005951716575257305,3.9540283285521682
1150,0.02775765536352992,0.006485190008600754,3.964973822124725
1151,0.029927227646112442,0.006945474519823938,3.9741694811954487
1152,0.02792787365615368,0.006515805314762223,3.9648702694476365
1153,0.03000786853954196,0.006973840653745815,3.974075264086024
1154,0.03160863136872649,0.007263882035508702,3.9793707741913145
1155,0.030162318609654903,0.007001911508866432,3.976288888486741
1156,0.0281819230876863,0.006592824251739063,3.967934073676274
1157,0.030744000803679228,0.007037589107624409,3.9760369243558387
1158,0.030071026645600796,0.006986141329010328,3.977099785969146
1159,0.025817216839641333,0.006073481942015866,3.9575291137709354
1160,0.030215084087103605,0.007035991125536286,3.9768769459009454
1161,0.03125035669654608,0.00723506299095222,3.98062229017057
1162,0.026301588397473097,0.0061055754490121445,3.958277008050832
1163,0.028254226315766573,0.006476646843632865,3.966469782422492
1164,0.022200522478669882,0.005243065743785515,3.9361766678877452
1165,0.030839236918836832,0.00714779462201226,3.9787343527791714
1166,0.027452592737972736,0.006401731307784516,3.9640666658411488
1167,0.031107028014957905,0.0072049299418073314,3.979749976014698
1168,0.0295856692828238,0.006824132182983437,3.973073637904367
1169,0.022352471482008696,0.005267053226052912,3.9362546559687037
1170,0.028372391127049923,0.0065632740399402,3.9667892444697976
1171,0.02660856442525983,0.006205876756722879,3.9587666015886622
1172,0.02729289699345827,0.006330269647241643,3.9610807514414152
1173,0.02136098872870207,0.0050097990103743295,3.9247756595376653
1174,0.02631297567859292,0.006116451967745919,3.953995882711003
1175,0.025368967559188604,0.00590857775499323,3.9486047557854795
1176,0.027907561510801315,0.00645561176430597,3.9604543911758174
1177,0.03083172906190157,0.007118708477277145,3.9738347178671005
1178,0.030578826554119587,0.006986560685064656,3.9719327206665747
1179,0.028655441012233496,0.006665496218334946,3.966533845558502
1180,0.029904906172305346,0.006897980171045671,3.971210627722075
1181,0.029831495601683855,0.006891002382468495,3.9716542592810646
1182,0.02678915299475193,0.0062168929600454744,3.9654543736699326
1183,0.027756876312196255,0.006431954348403396,3.9690882345985714
1184,0.023576701525598764,0.005512196149187859,3.955812094829614
1185,0.027393152471631765,0.006344700844876895,3.9673681185169642
1186,0.028114430606365204,0.006506203359576187,3.9701251525101857
1187,0.026260398793965578,0.0061088663692075,3.968465434777445
1188,0.02725775958970189,0.006313747847421402,3.9689253896203724
1189,0.02253449009731412,0.005301642458672676,3.953158205191593
1190,0.025779937859624624,0.006000805451763599,3.966164631284853
1191,0.0269857719540596,0.006249998129201859,3.9666411387697096
1192,0.026869043242186308,0.0062427088342331075,3.970311653947934
1193,0.02579532889649272,0.006019799511641364,3.9685161992737084
1194,0.028483239468187094,0.006612839774300755,3.97474498592794
1195,0.02690409729257226,0.006262796022850857,3.9715500981617557
1196,0.030144243501126766,0.006976475584185886,3.9744292496712497
1197,0.027423952240496874,0.006351561661220159,3.970952323971852
1198,0.024560665246099234,0.005757253332320689,3.9648615786298826
1199,0.025933112483471632,0.006054777189813279,3.969115965320658
1200,0.02260294184088707,0.005333686794972781,3.95357112124758
1201,0.026907084975391626,0.006250195938980941,3.9666542019828896
1202,0.026780124753713608,0.006214028298980259,3.965916452122315
1203,0.028424334712326527,0.00658225263296454,3.9703365223242764
1204,0.028794337064027786,0.006648273743463285,3.9710649638114695
1205,0.022049409803003073,0.005226110158996149,3.9533754073396103
1206,0.029677290469408035,0.0068488029813274795,3.972013292792674
1207,0.02635409403592348,0.0061372920444316735,3.971846617556044
1208,0.026519871782511473,0.005866482940436613,3.9373600915710805
1209,0.024991268757730722,0.00581444470393738,3.968502697697121
1210,0.025594324339181185,0.005962874613050058,3.9732988401748353
1211,0.023340006358921528,0.005475138102717673,3.961117594656501
1212,0.029027678072452545,0.006719442322749883,3.981898550796615
1213,0.02853196719661355,0.006553803436357766,3.9758054703136616
1214,0.026278025470674038,0.00610879389788667,3.975380288072025
1215,0.027277545537799597,0.006329380898338175,3.979113692783911
1216,0.02930926950648427,0.006797962699098017,3.984084814083802
1217,0.027082587126642466,0.006288953883077962,3.977952465600375
1218,0.03142133029177785,0.007259807675474822,3.9858817279751793
1219,0.03070896305143833,0.007031115765372912,3.980897743200185
1220,0.027311874087899923,0.006345053385278392,3.9823166348088477
1221,0.029625166207551956,0.00689010445705869,3.9902547774182806
1222,0.024306540843099356,0.005710774939820823,3.9720361701794507
1223,0.030199069529771805,0.00697719369096186,3.9861034446614996
1224,0.03135512303560972,0.007259178740483542,3.989490189900737
1225,0.027553549967706203,0.006393329232855878,3.9822941608140154
1226,0.029244164936244488,0.0067570817082969825,3.985319841002537
1227,0.028972157277166843,0.006724242694199286,3.9872390486150024
1228,0.02962676715105772,0.00687182824933268,3.9884863609288117
1229,0.02736162394285202,0.006350338505424233,3.9820739374347838
1230,0.027329552453011274,0.006341278762478218,3.9809012730419395
1231,0.028573790099471807,0.006634825477470653,3.9853631262706006
1232,0.02735403459519148,0.006354452001702304,3.9817621999335797
1233,0.030554115772247314,0.007063985731364902,3.9869532988251444
1234,0.029338904656469822,0.0067972924196559575,3.9864879663011603
1235,0.02779385121539235,0.006453301676044159,3.9833377143725777
1236,0.02263322751969099,0.005325280805980718,3.9587064492651254
1237,0.026784606277942657,0.006126955868394086,3.9689515131725317
1238,0.026841986924409866,0.0062467863902399435,3.981964981745045
1239,0.031044023111462593,0.007150483711525446,3.987455825816132
1240,0.03062302153557539,0.007121309183337271,3.9942813772517916
1241,0.030926847830414772,0.007173778858625327,3.9930097438506285
1242,0.029637526720762253,0.006879294753350593,3.99104469193763
1243,0.030681729782372713,0.007121284716207572,3.9930868001005115
1244,0.03170464653521776,0.0073526437221853825,3.9939276766085334
1245,0.030129486229270697,0.007539095861291645,3.9761255094202728
1246,0.03392697079107165,0.008538017424469444,3.9865456534288883
1247,0.039569851476699114,0.010036080463566764,3.9968969601884656
1248,0.03750990051776171,0.009528198837606795,3.995521256870943
1249,0.034066726453602314,0.008644457164562311,3.989502014315642
1250,0.035709393210709095,0.00907606330922858,3.992965460736825
1251,0.03482160624116659,0.00883470954505181,3.991835403011436
1252,0.0325405104085803,0.008240840122454896,3.9866990649416576
1253,0.032185439486056566,0.008132314308850653,3.9861106347809647
1254,0.02275713160634041,0.005655362492157554,3.9531247795087783
1255,0.029192622285336256,0.007331935138212712,3.9770532311827766
1256,0.028123443014919758,0.007070048791215275,3.973031835325007
1257,0.031173632945865393,0.007873870211618918,3.9820275560385925
1258,0.03169377148151398,0.008006170889996118,3.9830262368855616
1259,0.02991979429498315,0.0075248639397197704,3.9773393614826764
1260,0.0335015538148582,0.008479097004515756,3.9872985858280394
1261,0.0246960436925292,0.006167081567248712,3.957777695623744
1262,0.037741248961538076,0.009610879135879402,3.995242115465504
1263,0.030267157591879368,0.007599658046156067,3.977699147662578
1264,0.03655484225600958,0.009291363836137535,3.993309394982313
1265,0.040098242461681366,0.010314969591144158,3.996467624438761
1266,0.037100682966411114,0.009489069142777109,3.995063919427113
1267,0.03854029020294547,0.009900701856899142,3.9965706004516277
1268,0.03392810048535466,0.00863541370126033,3.9898950501811834
1269,0.03772703651338816,0.00970451218148173,3.996232363418267
1270,0.03395291185006499,0.008660486648455012,3.9902452675808044
1271,0.034390800166875124,0.008773033547933254,3.9912576691081667
1272,0.03408109210431576,0.008692764526590555,3.9905186913219954
1273,0.03795558866113424,0.009792299500920556,3.9964355504099425
1274,0.03819363750517368,0.009866593867189154,3.9965100959835684
1275,0.034278564155101776,0.008769481575825199,3.99202419719369
1276,0.03440626431256533,0.008809124887215369,3.9923477616078187
1277,0.036566789261996746,0.009426980266215825,3.995870254636463
1278,0.03498778259381652,0.00899637072262439,3.99406500653939
1279,0.032788397278636694,0.008359866211761529,3.990076624376776
1280,0.03524191677570343,0.00906758166423149,3.994864604144671
1281,0.026076958049088717,0.006578822153611014,3.9711578254718676
1282,0.02257403824478388,0.005666744448119141,3.9560199251591155
1283,0.036375283263623714,0.009361098906156993,3.9958646024665736
1284,0.03054141905158758,0.00775968706805999,3.9844066751761846
1285,0.03563645062968135,0.009174991110559265,3.9953684668829417
1286,0.024805722292512655,0.006244344735260965,3.966211833412672
1287,0.030018677935004234,0.007594254898277397,3.9831073734513223
1288,0.033095354214310646,0.008437557840211826,3.99109494821757
1289,0.028248812537640333,0.007143763541196934,3.9781495138199148
1290,0.03580928035080433,0.009228089273678334,3.9956653647638496
1291,0.030421667266637087,0.007754402244557636,3.985241689782491
1292,0.0339295594021678,0.008721362901632031,3.9935209720136537
1293,0.030150530394166708,0.007681438895663629,3.98478164144501
1294,0.02816782519221306,0.007146329265903142,3.9784670912744797
1295,0.03331757802516222,0.00852978190137481,3.992071562577867
1296,0.031611443031579256,0.008025200737119724,3.988786845366675
1297,0.01613646699115634,0.003949891471990733,3.9202945652839225
1298,0.021951764822006226,0.005511505391937916,3.9545002078390965
1299,0.02730971435084939,0.00688796942733755,3.9745895166973457
1300,0.03348174411803484,0.008560443505243421,3.991616058674523
1301,0.03369753295555711,0.008611500223703456,3.9921191164206995
1302,0.033915798645466566,0.008684573241631792,3.9930892811046528
1303,0.025480997748672962,0.006429830630018254,3.9691815506240045
1304,0.03398805623874068,0.008727601934412512,3.993336043827023
1305,0.026021209079772234,0.006569317890713713,3.9711809804549607
1306,0.01866139331832528,0.005024769165324241,3.9944801824394465
1307,0.018691874109208584,0.005058936821140023,3.996137744245907
1308,0.019082412123680115,0.005153516007066776,3.998091644554481
1309,0.01825433736667037,0.004943464667558269,3.9921473317738494
1310,0.018363517709076405,0.005013993333535965,3.9951191515798774
1311,0.01788906566798687,0.004917325241873762,3.992608502116588
1312,0.018404721282422543,0.005020027713668266,3.996148668863338
1313,0.019515863619744778,0.005223121578720483,3.9998041286920416
1314,0.020307972095906734,0.0053692433399835015,4.000619508886352
1315,0.01897187903523445,0.005090748509925223,3.995904876281061
1316,0.018301294650882483,0.00498686326473249,3.9935650531262614
1317,0.01877253921702504,0.0050998795564327175,3.9968191543807725
1318,0.02022254979237914,0.005380404858476786,4.000704556863276
1319,0.018558356910943985,0.005054070138896154,3.9929467254520263
1320,0.020415738690644503,0.005410919695942089,4.000742674415744
1321,0.01835769461467862,0.004998976671409728,3.9896919118427263
1322,0.018512228038161993,0.0050565403845374435,3.9942602263162232
1323,0.018621266819536686,0.005058852498504248,3.9944817245550306
1324,0.017970462795346975,0.00496985323551528,3.991595533527744
1325,0.01770458137616515,0.004873807409069554,3.988461623154756
1326,0.018941788468509912,0.005136904698680547,3.99806661990548
1327,0.01861282018944621,0.005066253116310445,3.9963389942275374
1328,0.017882968299090862,0.0049122893543104935,3.9906813758359783
1329,0.017398349475115538,0.004842949998235762,3.9892538771937165
1330,0.017279438441619277,0.00477345623922619,3.9877295132580057
1331,0.017909852322191,0.00490883290642239,3.9947542855028404
1332,0.01792509714141488,0.004908458281446386,3.9957634812133764
1333,0.019215299747884274,0.005168217360998444,4.000121849356446
1334,0.01868755416944623,0.005062960003587333,3.998151280603296
1335,0.017342780716717243,0.004754524681754787,3.98664895574802
1336,0.016946337651461363,0.004700719120187892,3.987744795754458
1337,0.017057246528565884,0.004770505491656687,3.9922221256136097
1338,0.018357551656663418,0.0050186596472154964,3.9987434146561602
1339,0.018410987686365843,0.005015217006106168,3.9979215003921804
1340,0.017758289352059364,0.00490372627283688,3.994943819344403
1341,0.01704789325594902,0.00474964275216113,3.9894321052567254
1342,0.01702006906270981,0.004766597703525715,3.991319479858106
1343,0.01822789292782545,0.00498941574584354,3.998113643071588
1344,0.017732031643390656,0.004879073747229897,3.9952124737810273
1345,0.01714483182877302,0.004731751328666604,3.990382266998139
1346,0.017330117523670197,0.004820052713080488,3.9941692878723076
1347,0.01678504515439272,0.004669943382894551,3.9887402056753065
1348,0.017087777145206928,0.0047704245211550285,3.9937501309843304
1349,0.017355690244585276,0.004803550473542928,3.994770656603721
1350,0.016918562352657318,0.004737977061408136,3.9921492593034293
1351,0.017121864948421717,0.004792904369658493,3.993992703793287
1352,0.017394262365996838,0.004841311672319868,3.9951203807354205
1353,0.018220001365989447,0.004995762657762979,3.9984438510086835
1354,0.018495795782655478,0.005054045382648807,3.9990819945519704
1355,0.017959209624677896,0.004928122024343472,3.9956383115444423
1356,0.019541235640645027,0.0052251485976004845,4.000480843081431
1357,0.020042727701365948,0.005305160593354341,4.000513944495248
1358,0.019233453553169966,0.0051020920696834525,3.997980074365059
1359,0.020494842436164618,0.005386274051460554,3.996666833187004
1360,0.020733623765408993,0.005366865348585125,3.9901669220513063
1361,0.018799145240336657,0.005042399246534113,3.9927874107194437
1362,0.01908690854907036,0.005150328431065235,3.9969133112274724
1363,0.018459598533809185,0.005037157578701122,3.9935771174261654
1364,0.018290375359356403,0.004992097749779321,3.9927923620109604
1365,0.01830408675596118,0.0049810088487335724,3.9931596715727373
1366,0.018483282532542944,0.005032608516965851,3.9954059516384404
1367,0.018602850381284952,0.005054476347936925,3.9964688212105335
1368,0.015315318014472723,0.0037999056342374595,4.003507493580452
1369,0.014971086289733648,0.0036922498979301563,4.003277946431134
1370,0.015986640006303787,0.004061264589253299,4.003884684968103
1371,0.017215953674167395,0.0044697119374618385,4.002691414534474
1372,0.015874766744673252,0.00398650921141158,4.003847813366636
1373,0.017712776083499193,0.004611727632958479,4.001897274699418
1374,0.01483124028891325,0.0035069298657654513,4.00189598533486
1375,0.015356994234025478,0.0038555217505454615,4.003505246391595
1376,0.017540907487273216,0.00461609075880713,4.001688203464027
1377,0.01616132352501154,0.004121799940111661,4.003808732619217
1378,0.015580803155899048,0.0039058804361507145,4.003775600642117
1379,0.017649218905717134,0.004590244086377749,4.0017012643589585
1380,0.018901343923062086,0.004964178880231348,3.9942808889278947
1381,0.015825390815734863,0.0038504017516970634,4.003403969418833
1382,0.015162728726863861,0.0036510767176847667,4.002814761980872
1383,0.016823632642626762,0.004282585532100313,4.003643130816505
1384,0.016139758750796318,0.0040354173680648255,4.00391786904657
1385,0.015551474876701832,0.003813634375078911,4.00355445351924
1386,0.016213560476899147,0.004068417653993324,4.003907679781906
1387,0.015838521532714367,0.003932225617018814,4.003820248720099
1388,0.015348390210419893,0.0037624789257643602,4.0034288459681875
1389,0.016433951910585165,0.004156981072441898,4.00387375958786
1390,0.016263237688690424,0.004089328688051966,4.00391752277147
1391,0.015448251273483038,0.003774894533760419,4.003389734971394
1392,0.016769355162978172,0.004262639427877436,4.003697727885718
1393,0.01524754660204053,0.003708656767527463,4.003188353107253
1394,0.014703883323818445,0.0035080196229295697,4.002103919609721
1395,0.01548952842131257,0.0038928092466761367,4.003800632376949
1396,0.014633155427873135,0.003583983293662368,4.00292581293566
1397,0.014472513925284147,0.0035597843917632346,4.002905055579992
1398,0.01470614643767476,0.00367510780591756,4.003424435264142
1399,0.015807820949703455,0.0040453987108286385,4.003821094197479
1400,0.015660706907510757,0.003969356374382371,4.003882304687625
1401,0.01623848406597972,0.004150677081636508,4.003752449762962
1402,0.016027516219764948,0.0040614642955438054,4.003889671960987
1403,0.016312355641275644,0.004137913492015918,4.003842060632093
1404,0.015394279733300209,0.003802942245044692,4.0036289404854175
1405,0.014805688057094812,0.0036037765700457874,4.002918014890172
1406,0.014896384440362453,0.003677442706870511,4.00333498889286
1407,0.014343458227813244,0.0034802993345591756,4.002343042733903
1408,0.014691089745610952,0.003685025308243554,4.003420737466695
1409,0.014330267440527678,0.0035577024769050504,4.0030582578057805
1410,0.01590439584106207,0.004089745747471097,4.003741807134153
1411,0.015481874346733093,0.003945347035197096,4.003814324539578
1412,0.015121640171855688,0.0038051056584675704,4.003731877695338
1413,0.01471537072211504,0.003666572241419895,4.003389739676264
1414,0.015343979466706514,0.003883559961085167,4.003855754337825
1415,0.015179982408881187,0.00382720553864935,4.003756032148249
1416,0.015364378225058317,0.003873404270345314,4.003836768927288
1417,0.014794491697102785,0.0036739369653641975,4.003397099521521
1418,0.015897285658866167,0.004052847360420709,4.003863288599533
1419,0.014437556732445955,0.003523064850004835,4.002645322497534
1420,0.016595937311649323,0.00429808116182434,4.003262561646444
1421,0.015042860992252827,0.0037491877673049567,4.0034887360893965
1422,0.015310687012970448,0.003861138139936057,4.003766760360722
1423,0.016788039356470108,0.004395804797559475,4.003146000319319
1424,0.018163801170885563,0.004762195038800488,3.998980740804718
1425,0.015748171601444483,0.003925779944141505,4.003830017478042
1426,0.014782016165554523,0.003576650193920641,4.002665169848192
1427,0.014300210867077112,0.0033809780347026155,4.001226897563494
1428,0.01427059294655919,0.0035315980263029285,4.002879163076769
1429,0.013762362767010927,0.0033557137223556386,4.001849711960594
1430,0.0151046859100461,0.003901780216706923,4.00374368585722
1431,0.014408529736101627,0.003641821871125939,4.0034997668775745
1432,0.01594609348103404,0.004151934650585507,4.00350388666581
1433,0.01971919136121869,0.004973420769804054,3.994740015581144
1434,0.01959707634523511,0.005006436622303343,4.001888966985432
1435,0.01954501448199153,0.004948890202926466,3.9982372177668166
1436,0.019516829401254654,0.00494919958201422,3.9995475120809822
1437,0.01941375993192196,0.00490747534290508,3.9986326760745476
1438,0.01939630601555109,0.00491400124937898,3.9995746337635736
1439,0.019292408134788275,0.005016176330446194,4.003270405758057
1440,0.019608434289693832,0.005041177814155315,4.002851407829714
1441,0.01938540581613779,0.005043287653011906,3.999695994458006
1442,0.01996708009392023,0.0050690942014307286,3.9990042637901833
1443,0.019783994182944298,0.004996056321017469,3.997067775598795
1444,0.019606873858720064,0.005000998474256157,4.001509885301857
1445,0.01945785479620099,0.004918261319524311,3.9960942504664496
1446,0.01935738790780306,0.004884606334521915,3.995528413524875
1447,0.019418206065893173,0.004947105228198498,4.0017503094019915
1448,0.01930845808237791,0.004866037061845614,3.995701539421107
1449,0.019361549522727728,0.00492059014148082,4.001443950230099
1450,0.01932186959311366,0.004885691002964572,3.9987420818776136
1451,0.019339440390467644,0.005003180832097226,4.003324159382936
1452,0.019337079022079706,0.004877685002280205,3.9943773282074915
1453,0.019404472783207893,0.0049234143241938914,4.000547475524414
1454,0.019391102716326714,0.004911885579878633,3.999703857991918
1455,0.019364426378160715,0.0048977250597041465,3.9982203656552957
1456,0.019390541594475508,0.0049124664272674,3.999594286288672
1457,0.01944725913926959,0.004986458219060994,4.002780663085533
1458,0.019481699913740158,0.004946532097930459,4.000032105183399
1459,0.01936681242659688,0.0048995253056137245,3.9972474933447573
1460,0.01951773138716817,0.004980648389268001,4.001713205177343
1461,0.019500037655234337,0.004954011109265615,3.999890336015389
1462,0.019482740201056004,0.004946967657116125,3.9993181465183967
1463,0.019567618612200022,0.004987301671821059,4.001279936188448
1464,0.019553561694920063,0.0049726225316574675,4.0001300068888765
1465,0.019615046679973602,0.005021256066056012,4.002244642627887
1466,0.019680938683450222,0.005039670113285984,4.00212201879222
1467,0.01972013572230935,0.005060906577792634,4.002425154951463
1468,0.01986847724765539,0.005123182447620916,4.003377455977906
1469,0.019927605986595154,0.005036107011716374,3.9973891872990386
1470,0.01974530052393675,0.0049691675387649025,3.9952334681383443
1471,0.019560042768716812,0.0050040389477002505,4.002402554990844
1472,0.01972291199490428,0.00509093471925066,4.001033645215327
1473,0.019840676803141832,0.0051013363217966325,4.002653507288571
1474,0.020053244661539793,0.005149824445070041,4.002764898198536
1475,0.019948810338974,0.00514510771265937,4.002941297476708
1476,0.020096936728805304,0.0050912550145678645,3.997135239139196
1477,0.019964489620178938,0.005143183892473629,4.003333543936803
1478,0.019977321848273277,0.005083225681901179,3.9988970800259627
1479,0.01985918963328004,0.005037987214020808,3.9971789934764037
1480,0.019774924498051405,0.005111119841611144,4.003255514103635
1481,0.019924924708902836,0.005115253801899727,4.002069377774687
1482,0.019901499152183533,0.00511401426486094,4.002306893902668
1483,0.020052181091159582,0.005159000612118028,4.003382255082925
1484,0.02007082710042596,0.005130317222690743,4.000662271485675
1485,0.020052638836205006,0.005159713380565547,4.003274454914105
1486,0.020156987011432648,0.00514645871866231,4.001089301339242
1487,0.0195880145765841,0.005076268892923389,3.997632639320702
1488,0.020377797540277243,0.005213626046423558,4.002980774960092
1489,0.020225285552442074,0.0051626947059324295,3.9987905523274656
1490,0.020078962668776512,0.005141976959250792,3.999829094911898
1491,0.020015628077089787,0.005121799465582427,3.999998026950696
1492,0.01998015819117427,0.005105340445683861,3.998656708367737
1493,0.01993148447945714,0.0050948583825118215,3.9994550640090605
1494,0.019940472207963467,0.0051046994411283065,4.000432064994478
1495,0.01994083123281598,0.00510525852880795,4.000613674679513
1496,0.01816519908607006,0.004285914149850306,3.9741135948476094
1497,0.018396777100861073,0.004348068031472991,3.98410129111932
1498,0.018321390729397535,0.00433381281303938,3.9895179114296195
1499,0.01701013371348381,0.0040069303108435685,3.946151745297426
1500,0.018252138048410416,0.004299760838148971,3.978342679375119
1501,0.018212304916232824,0.004289132315878716,3.9780018503552985
1502,0.01800781860947609,0.0042370273822586145,3.9730972912603737
1503,0.017957419157028198,0.0042306729815022315,3.9742310679926915
1504,0.017993110232055187,0.0042436278403206705,3.977327369749035
1505,0.017954918555915356,0.004223182174041616,3.971211777346142
1506,0.01635797624476254,0.0037587789790422626,3.867543105155781
1507,0.01635998347774148,0.0037738409655337984,3.89912664507172
1508,0.017562823835760355,0.004118331364961184,3.9398374276381367
1509,0.01824847888201475,0.0042806261422909065,3.953643446534707
1510,0.017464860808104277,0.004102990392482642,3.9365956967964073
1511,0.018382694106549025,0.0042701080918111384,3.9427982325229323
1512,0.019236816558986902,0.004485002486192016,3.9638331285500006
1513,0.019117312505841255,0.004458333176846054,3.963005642918852
1514,0.01759732374921441,0.00413029056092605,3.9392289002096748
1515,0.019220311660319567,0.004484771384609869,3.9658342984462824
1516,0.019326274283230305,0.004510353655501046,3.97038411216041
1517,0.019293914549052715,0.004508546226178155,3.97415848542735
1518,0.018337733577936888,0.004294351480825983,3.955770983277967
1519,0.018353260587900877,0.004296559582680765,3.9547381688185603
1520,0.019534971565008163,0.004552709553328026,3.9779660868367563
1521,0.018884260207414627,0.004408454595240278,3.9657907854390544
1522,0.019327083602547646,0.004499839497761494,3.9725234008291572
1523,0.01873596105724573,0.004387183626016182,3.971558015569006
1524,0.0184849314391613,0.00430912828066634,3.9572564939091683
1525,0.01795583963394165,0.0041911492538121015,3.946863939397859
1526,0.01823753910139203,0.004246125111876915,3.948212075760012
1527,0.019176091998815536,0.004477341930924441,3.9766845955934933
1528,0.018860839772969484,0.004402192185322443,3.9673986824798892
1529,0.017454948276281357,0.004096035633599919,3.9397044796640315
1530,0.019050850067287683,0.0044400335399289725,3.966283689097365
1531,0.018788660410791636,0.004380476882411575,3.9606862420722475
1532,0.0176318041048944,0.004132216453226126,3.9403957382165555
1533,0.01710772467777133,0.003948524707508107,3.911760990452511
1534,0.01997046358883381,0.0046216171598595,3.9713861769119334
1535,0.01711732870899141,0.003883730237268739,3.886857080847211
1536,0.017683900194242597,0.003971087909382,3.8805429211247
1537,0.020114519633352757,0.004650129875174476,3.964223450297738
1538,0.01851382525637746,0.004308966863963138,3.9423897713362415
1539,0.017344928812235594,0.003994971854919536,3.909455710630975
1540,0.01764354621991515,0.0039825742361872685,3.8834702426535443
1541,0.018499061465263367,0.0042859235734550236,3.930365869120173
1542,0.02112112008035183,0.004840184814023851,3.9737691674629905
1543,0.018300984520465136,0.004247742054062058,3.930393672460101
1544,0.017874150536954403,0.004085998455695934,3.910059410315364
1545,0.019934986252337694,0.0045849541697638605,3.949118881510937
1546,0.0204230435192585,0.004696316240662677,3.958724605212066
1547,0.021149469073861837,0.004833440786158597,3.9755942430618285
1548,0.01993577554821968,0.004594572817260769,3.957648587080515
1549,0.018892134074121714,0.004351401480811613,3.938280525154186
1550,0.019100538454949856,0.004421075059709324,3.947450825080384
1551,0.02030691783875227,0.004684910558866532,3.9697150776915318
1552,0.01786488899961114,0.004163242722249994,3.930896600961122
1553,0.01982217188924551,0.004581487320539124,3.959520678482058
1554,0.01991436257958412,0.004606709096216995,3.9638881439392883
1555,0.01886267540976405,0.004378442265569963,3.9464358750749144
1556,0.019461883697658777,0.00451204296301812,3.9568517041847837
1557,0.019094582181423903,0.004436787683203164,3.9524748974286203
1558,0.015764660434797406,0.003938261086516308,3.8912029655263134
1559,0.01740212133154273,0.00433039087676741,3.920483944749859
1560,0.018491717986762524,0.004556650321566898,3.931037539055025
1561,0.01677760062739253,0.004178457983114101,3.909528033489499
1562,0.01696773269213736,0.004215145943002769,3.9107195560423103
1563,0.017923736944794655,0.00442835637540729,3.9223875240687334
1564,0.020462993066757917,0.004929161948537586,3.946482229899153
1565,0.01811206853017211,0.004471697294551515,3.9259426560271766
1566,0.017194019630551338,0.00426012765998742,3.913212437208632
1567,0.016255395719781518,0.00398398492805133,3.8577611992362066
1568,0.016978896455839276,0.004193956823862763,3.902782174046123
1569,0.020553250331431627,0.0049421181657699625,3.9443276523978485
1570,0.02049423661082983,0.004934465108746631,3.9449684392755913
1571,0.018595955334603786,0.00456330537708219,3.9279636991236084
1572,0.01754276012070477,0.004327223510152162,3.9152282582860054
1573,0.016247748862951994,0.004007393374775696,3.8840554897605855
1574,0.017761955736204982,0.004362891996059855,3.9138016877595643
1575,0.016341455280780792,0.004012828162849351,3.8747724267282515
1576,0.01699624815955758,0.0041598616211803675,3.893661188029803
1577,0.01974342530593276,0.00476608941086916,3.9324268680190397
1578,0.016462187049910426,0.004032493993853178,3.869438707302329
1579,0.018386880634352565,0.004477100785169437,3.91586157381303
1580,0.0200673989020288,0.004825616310592051,3.934666784106782
1581,0.02131664613261819,0.005057228267544046,3.9462315007600486
1582,0.01665191794745624,0.004059060745141924,3.8781702640634523
1583,0.017774834530428052,0.0043387650537245,3.9084596679373864
1584,0.01704056141898036,0.004150937096864888,3.89089519257943
1585,0.016719320323318243,0.004067700051448562,3.8744374274988433
1586,0.01748884655535221,0.004255848600582443,3.8987437242087326
1587,0.017742799362167716,0.004308859334148542,3.9015712695897276
1588,0.018994411919265985,0.004604291009029956,3.9221633767046398
1589,0.017651017755270004,0.004295911412585765,3.9017692523157503
1590,0.021823132410645485,0.0051370715245805205,3.948301572811024
1591,0.01704657357186079,0.004142580034292808,3.887816593614704
1592,0.0171976569108665,0.004172523819248784,3.888784952745997
1593,0.017461470793932676,0.004241079018962404,3.8965955952401186
1594,0.023111615795642138,0.005328181130115432,3.9599386221259842
1595,0.018821705132722855,0.004587426236658185,3.924854727970366
1596,0.018820837140083313,0.004596951457135605,3.9270284460942135
1597,0.019780040252953768,0.004781521509969074,3.93632360786249
1598,0.020001343451440334,0.004822798174890605,3.9390847303777825
1599,0.018478783313184977,0.004525082988620607,3.9242745302424065
1600,0.0168449766933918,0.004156925198104646,3.901537922188364
1601,0.020570747554302216,0.0049295698960471635,3.9440238242100296
1602,0.017233677674084902,0.004239849103708761,3.907489352876178
1603,0.017922360450029373,0.004389964873817834,3.9166851950752877
1604,0.018968741409480572,0.0046142611834487125,3.9286267967949433
1605,0.017089081229642034,0.004197227528713869,3.901882691114936
1606,0.016843468649312854,0.0040964692796546,3.8845353104718194
1607,0.01698175212368369,0.004095474979918613,3.8411492436637187
1608,0.017339738318696618,0.004155391632494601,3.8529733213395323
1609,0.017456082860007882,0.0041904956773425196,3.8766011027184963
1610,0.0188365641515702,0.004512513178378745,3.910560684441605
1611,0.01749298069626093,0.004188762264332486,3.8686140524408343
1612,0.0180901107378304,0.004269018442517379,3.8653499316682267
1613,0.020300517324358225,0.004828156345846878,3.928953704028481
1614,0.01791816670447588,0.004305011372988172,3.895403325327901
1615,0.017671384382992983,0.004238710296889046,3.8854733844368803
1616,0.02054750733077526,0.0048724709110027214,3.9308246281800345
1617,0.017782069044187665,0.004267209301693271,3.891224413272852
1618,0.01790828420780599,0.004290748872051034,3.8935433310221605
1619,0.018007389036938548,0.004313545839340498,3.8954811474630247
1620,0.01955069205723703,0.0047311532806592555,3.918865053380861
1621,0.026401072274893522,0.006155659652217872,3.9665670497566916
1622,0.022119999397546053,0.0052652917733346976,3.938176974947557
1623,0.023259274661540985,0.005506504409843021,3.9456067761417337
1624,0.028168125078082085,0.006518876681148203,3.9792278756021413
1625,0.024429171346127987,0.005768401572725387,3.954615288541261
1626,0.022878812160342932,0.005445690933451909,3.944074717565826
1627,0.024580807890743017,0.0057907442458801795,3.955428415919368
1628,0.022391850128769875,0.00532634126881658,3.940188281301555
1629,0.01760951429605484,0.00425270648911495,3.885892485993736
1630,0.028813399840146303,0.006583880132647476,3.9837932808491674
1631,0.022153507452458143,0.005283147223946021,3.9395345275214995
1632,0.027948542963713408,0.0064765068009395394,3.9783001736929102
1633,0.02452812809497118,0.005791147950070875,3.9560024053914704
1634,0.02568718371912837,0.006034515730986491,3.96435595258602
1635,0.024748940486460924,0.005858785050108979,3.9587860648975535
1636,0.02578059770166874,0.006067679854429731,3.9656240866296804
1637,0.02216595457866788,0.005306623591367243,3.9410940937914165
1638,0.027442659251391888,0.00640184420164085,3.9764010446760607
1639,0.02440594509243965,0.005782540316257613,3.9569914040100436
1640,0.025316196028143167,0.005971285917793058,3.9638258848034087
1641,0.022520223166793585,0.005381820770450915,3.9448435064971843
1642,0.021505402866750956,0.005167498961969056,3.937033786323104
1643,0.025892409961670637,0.006077331264412363,3.966357146506467
1644,0.02170256059616804,0.005201680116631366,3.9384839436475203
1645,0.028287127148360014,0.00655353917718335,3.983406869647246
1646,0.023179780691862106,0.005536238018812154,3.949419011590068
1647,0.026506532449275255,0.006221825477701647,3.9709340862902263
1648,0.028011989314109087,0.00652214020415388,3.983954726234687
1649,0.026991945691406727,0.0063340065599441124,3.977442406486733
1650,0.02745292568579316,0.006434751924767036,3.9813522219572683
1651,0.025987163186073303,0.006147114059539756,3.9717233353612746
1652,0.026648618280887604,0.0062809360266885775,3.97685705080718
1653,0.024261467158794403,0.005786607909935091,3.959943654895329
1654,0.024090419057756662,0.0057447650335001625,3.9584405822913604
1655,0.02027235645800829,0.0049285900568972136,3.930725518781781
1656,0.02246159641072154,0.005380671497697782,3.9440875257894397
1657,0.023891301825642586,0.005681325621928029,3.953179689682473
1658,0.02546494361013174,0.006000084000379349,3.9630948663159606
1659,0.028056951239705086,0.006525630389751008,3.9821213663339274
1660,0.019227631855756044,0.004712970046207359,3.9208839579282984
1661,0.024932334665209055,0.005885903808830764,3.958526377037493
1662,0.02472121687605977,0.005830925141746548,3.9571040602872327
1663,0.023606497794389725,0.005594523165763829,3.9492504070598184
1664,0.025810679886490107,0.0060446490649673276,3.9626568853532804
1665,0.023414590395987034,0.005555211683666264,3.948131202780386
1666,0.02485213801264763,0.005852228944951837,3.9568619684371957
1667,0.02744231838732958,0.006376164469253334,3.973885689438239
1668,0.02785181673243642,0.0064670323955541105,3.978688573232731
1669,0.025839193258434534,0.0060824681242758576,3.9663076314803343
1670,0.026972684543579817,0.006320706863420379,3.9746775466348487
1671,0.018604601034894586,0.004545819681601893,3.9118062522765586
1672,0.024536573328077793,0.005795453738433745,3.9556033734324476
1673,0.026866734493523836,0.00626777733052118,3.9712024481917667
1674,0.022428609430789948,0.005334602365339244,3.9412340505744954
1675,0.026502753607928753,0.006199269068838169,3.9681838492667594
1676,0.021231797989457846,0.005100163315683102,3.9325719699848567
1677,0.019300254760310054,0.004682146739026513,3.91578197313276
1678,0.02208240143954754,0.005253641849841534,3.9356481640921066
1679,0.0196574570145458,0.004707867575665115,3.913492569444129
1680,0.01957329362630844,0.004683136894847407,3.9101818194506537
1681,0.021805167198181152,0.0051628442757107595,3.92878263748504
1682,0.02683019870892167,0.006186932273309439,3.9627432494092436
1683,0.02052878774702549,0.004894963703008513,3.9185746255343212
1684,0.02020886237733066,0.004807381166352166,3.9144266360412416
1685,0.03561945632100105,0.008758962965297578,3.9976624872518345
1686,0.03565931972116232,0.008758907476032422,3.9919912094795094
1687,0.0320447338744998,0.007873919544120629,4.001196544061506
1688,0.031902475748211145,0.007831774596814755,4.000134535474035
1689,0.03206322295591235,0.007847850806760266,3.9995423846644678
1690,0.03364311205223203,0.008243810300799933,4.003403583038035
1691,0.030720372684299946,0.00750868832033993,3.9923979252963173
1692,0.03563023125752807,0.008637710594217786,4.003138198827761
1693,0.037503886967897415,0.009056671705059331,3.9976633235289785
1694,0.033664008136838675,0.007857058076846479,4.000253369500816
1695,0.035794482100754976,0.008664483558825571,3.999623558118061
1696,0.034637521021068096,0.00834892626651108,4.002977504772639
1697,0.030438401736319065,0.007407628199217296,3.9962248344227467
1698,0.03289218805730343,0.008031673153065872,4.003574128672795
1699,0.035666968673467636,0.00870488404048613,3.9940027668377462
1700,0.03265058808028698,0.008022651736082052,4.0037289689931805
1701,0.032683178316801786,0.00807377283245024,4.003359198651709
1702,0.03285471675917506,0.008159933046685525,4.001298665727888
1703,0.03236159635707736,0.00804636039981236,4.002636027689778
1704,0.032716010231524706,0.008125146610743872,4.001337192472518
1705,0.03204237390309572,0.00789116990285289,4.00379139879473
1706,0.03293271781876683,0.008153584501031874,4.000581669612134
1707,0.03105986164882779,0.007591258811604495,4.002310067799883
1708,0.03219113918021321,0.007938482543384588,4.003620705417667
1709,0.03328046528622508,0.008194076449858019,3.997090965655792
1710,0.03190744295716286,0.007920537814372517,4.002976811603044
1711,0.03152195969596505,0.007889731997241476,4.002621041826664
1712,0.030817877501249313,0.0076982655001158265,4.003792204826388
1713,0.03329745586961508,0.008167051457759205,3.9889342929479885
1714,0.031364299822598696,0.0078177513987428,4.002039814619279
1715,0.03056424856185913,0.007643976837697655,4.00385747043449
1716,0.030831100419163704,0.007654777243231684,4.003834540250323
1717,0.031592207960784435,0.007883602187589362,4.001312074748674
1718,0.03113401820883155,0.007821144558715097,4.00294373761333
1719,0.03198225004598498,0.00792902043459291,3.9983590450707887
1720,0.031009714119136333,0.007789744165183518,4.0027618341278
1721,0.032109291292726994,0.00794153438460847,3.9955441768149615
1722,0.03185489168390632,0.007890196871451456,3.996342724209348
1723,0.03142718318849802,0.007820111908871517,3.9979052591011777
1724,0.029972467571496964,0.007538481774780686,4.003746100866714
1725,0.031900777481496334,0.007888795553960583,3.99238937061291
1726,0.0318686724640429,0.007871157431391754,3.999622004601853
1727,0.030019567348062992,0.007588359335380973,4.003821880852038
1728,0.030722067691385746,0.007728614988627056,4.0032081804418125
1729,0.029222301207482815,0.007370944381989413,4.00176590225957
1730,0.03142175544053316,0.007849018186682,4.002744929209638
1731,0.03137940261512995,0.007856304522741725,4.002629068221939
1732,0.032066825311630964,0.0079525036774952,3.997098511726823
1733,0.031164408195763826,0.007818560275289948,4.0020978522387916
1734,0.032070884481072426,0.007936194520255532,3.9934488348689032
1735,0.03125637723132968,0.007799116689523663,4.001711941387614
1736,0.030992943793535233,0.007777239569158666,4.002891236711091
1737,0.029593725688755512,0.0074133434517917405,4.00163848729439
1738,0.031129672657698393,0.007606974437280938,4.00294536118522
1739,0.03205766715109348,0.007981562676529089,3.9997203623461837
1740,0.03195142326876521,0.007957637140696699,3.999974744198706
1741,0.03215315891429782,0.007974344760380208,3.996888240933596
1742,0.030890976078808308,0.0077619885862726555,4.003783653381935
1743,0.03197010746225715,0.007965631045476354,3.998293329717958
1744,0.031900964211672544,0.007950881002502208,3.999375199228015
1745,0.031927512027323246,0.00794353825651636,4.000503355432808
1746,0.03191542951390147,0.007936036872116203,3.999057469202032
1747,0.03789251367561519,0.00911280446519655,3.9889622755393086
1748,0.03789073182269931,0.009087321753942907,3.9896513147860246
1749,0.037416133331134915,0.008962878683324816,3.988275290124097
1750,0.039317463524639606,0.009489419288080348,3.995499902040008
1751,0.034281536005437374,0.008218952492569332,3.9760101210517975
1752,0.03844522894360125,0.009269822315196899,3.9925863463890954
1753,0.03597580804489553,0.008643206298940812,3.982945264427617
1754,0.03594505344517529,0.008641153069131503,3.9830623989233147
1755,0.038038981379941106,0.009138733416682842,3.9918764293409583
1756,0.03537173802033067,0.008378551694994121,3.9828417255128157
1757,0.039975438732653856,0.00961472953572518,4.000621337442212
1758,0.039479642175138,0.00955516738371817,3.999553158212877
1759,0.040250102523714304,0.009702507582703223,3.999986610397536
1760,0.03850312903523445,0.009240654165157264,3.9926239129673413
1761,0.03478565043769777,0.008344335267351633,3.9781049869946887
1762,0.03513963706791401,0.008468572407496799,3.979285367897769
1763,0.03652348741889,0.008787786204568566,3.985258199441824
1764,0.03563279798254371,0.008582309990343623,3.981814077008296
1765,0.036309507209807634,0.008747443414421796,3.9848030333098947
1766,0.038391861598938704,0.009285971026566595,3.992858952473435
1767,0.03627668274566531,0.00871906930812782,3.984563288311871
1768,0.03790093143470585,0.009133470779353822,3.9909750768945926
1769,0.03880055341869593,0.009329276975332085,3.994916376631497
1770,0.0342621523886919,0.00820489721341366,3.977163941869118
1771,0.03551122383214533,0.008540539987548333,3.981990465539687
1772,0.03481880412437022,0.008339133067213325,3.9797623010620926
1773,0.03780789114534855,0.009126738880005248,3.991551905519263
1774,0.039158836007118225,0.009486632151936843,3.9968097902947193
1775,0.03575647156685591,0.008618464743599346,3.9823811976038432
1776,0.03454017639160156,0.008305561645050542,3.9778820071122807
1777,0.03651894931681454,0.008767363780902492,3.9862947651643665
1778,0.035810548113659024,0.008622548655177207,3.983222824622474
1779,0.0393783962354064,0.00951497874501779,3.9978848964213864
1780,0.03678845544345677,0.008848557107602104,3.986840134440683
1781,0.04013674147427082,0.009697763402930614,4.000596588989802
1782,0.039755590725690126,0.009568661179782365,3.998131053626238
1783,0.03619774989783764,0.00870008991705097,3.9838008410197348
1784,0.036297246580943465,0.008708243573441951,3.9845419457645175
1785,0.03627649717964232,0.008687924416829841,3.985150147916687
1786,0.03658568533137441,0.008751889985518825,3.9866410871939815
1787,0.03835568740032613,0.009248244760225618,3.993263607712634
1788,0.03977117268368602,0.009570995485566882,3.999034965702347
1789,0.03382851602509618,0.00809604380286051,3.9754175846215962
1790,0.038589396979659796,0.009283513346881376,3.9946672406965624
1791,0.03945324430242181,0.00955144218435693,3.9995216497109216
1792,0.039471003226935863,0.009504278347849445,3.9966085953296835
1793,0.02801687316969037,0.0067282963481415,3.954943692050464
1794,0.03963553998619318,0.00925824504834835,4.000419304395227
1795,0.03246448840945959,0.0076161859312442815,3.9725386544456356
1796,0.038801183458417654,0.009114887017869588,3.996513606742272
1797,0.026754677761346102,0.006367786508367118,3.9480174394246466
1798,0.03940074099227786,0.009326942115771248,3.9965994557333895
1799,0.028127315919846296,0.0066447407013488936,3.953370516894409
1800,0.04031173046678305,0.009586890488988422,3.999231512912947
1801,0.03642906853929162,0.008661057262270639,3.9846780592578632
1802,0.03926505381241441,0.009467073967084539,3.996465593991108
1803,0.04073538724333048,0.009773897833068564,3.9998982823590343
1804,0.039770187344402075,0.009532125485490267,3.9975132903979778
1805,0.036652128444984555,0.008715849142734851,3.985251257249702
1806,0.03935503610409796,0.009474058465887902,3.9937402479258073
1807,0.040009560994803905,0.009599467507416151,3.9970397623042864
1808,0.04019208764657378,0.009678854090898527,3.997420167790773
1809,0.03769425977952778,0.009035874648264261,3.988239814647414
1810,0.036610587034374475,0.00926838201229219,3.99693065743332
1811,0.03719847649335861,0.009423110724398585,3.9995524120624593
1812,0.036909172777086496,0.009377891436118871,3.9971431593886098
1813,0.03654059022665024,0.00928698123028182,3.9953075353872305
1814,0.03622223506681621,0.00919275215767349,3.9939154398744745
1815,0.03608280164189637,0.00914621269926178,3.9936880849498686
1816,0.03660671319812536,0.009267938238026116,3.9966454351000964
1817,0.036334092263132334,0.009192191791855526,3.9952647677571544
1818,0.03230491210706532,0.00805405770061594,3.986705058576072
1819,0.03553661098703742,0.008939207830663883,3.9951183317709633
1820,0.03474489809013903,0.008776587050295237,3.9912793171397865
1821,0.03550808969885111,0.009008809653195468,3.9943183315666593
1822,0.03587203053757548,0.009087992862167984,3.9961875461855083
1823,0.035900607239454985,0.00908314357339232,3.996388529236323
1824,0.03493030252866447,0.008896280019559744,3.9910993453232853
1825,0.036564643029123545,0.009279948750805574,3.999564758579362
1826,0.036566645838320255,0.009229405879698418,3.999255869946071
1827,0.03387067839503288,0.008626003197773739,3.985078794183762
1828,0.03475994663313031,0.008827017733093464,3.9897576142692905
1829,0.03448592405766249,0.008652524425576031,3.9917102741613815
1830,0.03642161609604955,0.009191882494924848,3.9995504128211343
1831,0.03643229277804494,0.00921680337877988,3.9989541463236495
1832,0.036550420336425304,0.009188261824449907,3.999007896639163
1833,0.03368686488829553,0.008551626673802382,3.9847176442458543
1834,0.035197275690734386,0.008954178802480903,3.9914142496086233
1835,0.03604863630607724,0.009172276517859212,3.99528082800133
1836,0.03557822573930025,0.009038080081581969,3.9932658729540558
1837,0.0359269636683166,0.00913959562791016,3.9945144197167086
1838,0.03687103232368827,0.009341955944419108,3.9994901449771483
1839,0.034763086354359984,0.008839991085720483,3.9887487165870668
1840,0.03635255107656121,0.009243788067188728,3.996287696764449
1841,0.03239918849430978,0.00823642572588742,3.978889645677601
1842,0.03510352713055909,0.00887913015460978,3.9920835452666252
1843,0.03624519053846598,0.009129884422628165,3.9980555466188874
1844,0.03648034017533064,0.009209821376987178,3.9989299721750604
1845,0.036656332202255726,0.009277636464998778,3.9989382141949403
1846,0.03668744722381234,0.009297162857571435,3.9984163288836716
1847,0.035745751578360796,0.009057876482129298,3.9937723819531903
1848,0.03470658138394356,0.008811239341919871,3.9891671212934923
1849,0.03522098623216152,0.008947807883135097,3.9915601318229643
1850,0.03670916799455881,0.009249258184372777,3.999557802351884
1851,0.03464933205395937,0.008761299364833218,3.9896564091393705
1852,0.03352206479758024,0.008488491414622826,3.985219238002413
1853,0.036438270937651396,0.009227298795926049,3.998512602810375
1854,0.03550074086524546,0.008991361303123259,3.993769224263193
1855,0.0343889135401696,0.008724123164258822,3.9887551336403977
1856,0.035255962517112494,0.008953594474391605,3.9927099812654103
1857,0.03498016973026097,0.008885421357133272,3.9914904888700256
1858,0.03529332019388676,0.008958155185184896,3.9930225322206114
1859,0.034232558915391564,0.008706960125327713,3.9881288346378607
1860,0.0357080171816051,0.009046986665238033,3.995646088816916
1861,0.03394675278104842,0.008621122601194313,3.987154277017229
1862,0.03569022240117192,0.008988719873807647,3.9965325943739973
1863,0.035785163287073374,0.009076360085044645,3.9960531769675196
1864,0.03563199145719409,0.009014671994529991,3.9955659724938175
1865,0.036509737372398376,0.009245322878638702,3.999639236879726
1866,0.03625322273001075,0.009178938470805935,3.9974405824401775
1867,0.03533134609460831,0.008960210620378606,3.9927955720013095
1868,0.035500172059983015,0.009008242454856433,3.9935863438361863
1869,0.035945084411650896,0.009121825727900672,3.9955576785050813
1870,0.031866861740127206,0.008092149365254323,3.9778477880136247
1871,0.028325927909463644,0.006999685821791339,3.919136638301493
1872,0.026991471648216248,0.006709904456040775,3.9121059025464695
1873,0.033712142147123814,0.008429857618441988,3.948193176627193
1874,0.03408064227551222,0.008521755506293941,3.949239969289964
1875,0.028039008378982544,0.006966158181196862,3.9175280113104476
1876,0.02858027897309512,0.007103050359985744,3.9207676612765185
1877,0.026546373032033443,0.00656956220672839,3.9091698638754515
1878,0.028839210979640484,0.007158099652051625,3.9232068314726964
1879,0.02852253697346896,0.0070811885663054205,3.921642054332233
1880,0.03551653609611094,0.008720852470382897,3.958091123672625
1881,0.02597145619802177,0.006389313401898952,3.906696404827455
1882,0.02998371107969433,0.007437470985375822,3.930935677238326
1883,0.028787221061065793,0.007144870161257609,3.9245598755434954
1884,0.025448043714277446,0.00631211889086147,3.9050920437978762
1885,0.031453328439965844,0.007849134387517416,3.939612193089997
1886,0.02534645504783839,0.006256104451180859,3.9043017123530306
1887,0.030927284038625658,0.007722314774852108,3.9373823776418257
1888,0.026320716948248446,0.00655286124129764,3.911502842604817
1889,0.03253107867203653,0.008132586600603882,3.945785241929955
1890,0.026624835445545614,0.0066272927800927195,3.9132402328673277
1891,0.02613216231111437,0.006502184539450088,3.9105079243520042
1892,0.028731032740324736,0.0071850187742537016,3.9257778199776827
1893,0.03193483571521938,0.008000349454732254,3.94221661154885
1894,0.025841403868980706,0.006443016978313124,3.908037132932734
1895,0.027844243217259645,0.006960693231755586,3.9204822135692385
1896,0.026354313362389803,0.00657024515545002,3.911613794381677
1897,0.03012545546516776,0.007525747164343844,3.932522034181748
1898,0.03148961684200913,0.007904294421990412,3.9399356228258196
1899,0.02772668853867799,0.006929448020239972,3.919165688661337
1900,0.025590978795662522,0.006382478164628098,3.905980925249213
1901,0.026455927407369018,0.00661275331887357,3.9117043609003934
1902,0.03790186834521592,0.009584029980618443,3.9716612537549922
1903,0.029801574652083218,0.007442344854639135,3.929321627628009
1904,0.033499499317258596,0.008375002401144015,3.9483089541960443
1905,0.028984927921555936,0.0072158550749523475,3.9240672095632294
1906,0.028600029880180955,0.007118705881646637,3.9221340564203953
1907,0.036974551156163216,0.00931829329962632,3.9655836614541675
1908,0.02737147209700197,0.006811497859995474,3.9145460826074463
1909,0.028966694371774793,0.007226454494176087,3.9239423078888267
1910,0.02921654749661684,0.0072886147567695035,3.9251413287658283
1911,0.026962957112118602,0.006728051085438993,3.912573503624144
1912,0.026048262254334986,0.006480961817439006,3.9069346214808136
1913,0.029290781123563647,0.007317175291892555,3.9260823925720567
1914,0.034413295332342386,0.008608542411566182,3.9523400305471044
1915,0.02819255320355296,0.007019664484831921,3.9193316596524825
1916,0.03265140065923333,0.008170583878991881,3.943228058608391
1917,0.03046632162295282,0.007588825573962846,3.931131371732989
1918,0.03277784399688244,0.008190999039596178,3.9430356682168908
1919,0.029177015530876815,0.0072697767476717435,3.9238264924057575
1920,0.027899930370040238,0.006948651287623176,3.916976104754828
1921,0.02619797468651086,0.006498929768211211,3.906882665678208
1922,0.029474427341483533,0.007338447077356605,3.9263129602620874
1923,0.025025946204550564,0.006188469081928934,3.8999401854266487
1924,0.035847597755491734,0.008884215872320864,3.959440599616693
1925,0.0279810291249305,0.00697930908890485,3.91869153723226
1926,0.029731207294389606,0.0074112339942443255,3.928330361989929
1927,0.03033828060142696,0.007571899804822875,3.931696612914225
1928,0.032321201637387276,0.008077935765964616,3.9415940172049435
1929,0.03245565865654498,0.008121791982283246,3.942014486040052
1930,0.028231570264324546,0.007031138961106188,3.919014522866841
1931,0.033430014038458467,0.008371219639462553,3.9464924657804508
1932,0.02808772004209459,0.006994067858716454,3.918051644681156
1933,0.027041277731768787,0.00671393580543448,3.9123507440181684
1934,0.037520250771194696,0.009426099496269567,3.9675655426525953
1935,0.035213837516494095,0.008450007919999787,3.920020191421866
1936,0.0355105132330209,0.008519601742250952,3.921311333741507
1937,0.031558465445414186,0.0075874411665618115,3.8937213197646336
1938,0.03324201004579663,0.007984314003162813,3.9062390226650683
1939,0.029626311268657446,0.007136286305959779,3.8792217428811013
1940,0.032871366827748716,0.007904712580025246,3.9037965348015793
1941,0.03178667393513024,0.007641771610086213,3.8967799828659837
1942,0.03141016187146306,0.007551060538575906,3.893787159713987
1943,0.033837103052064776,0.008128047441304834,3.911404836695027
1944,0.036668713320977986,0.008761477635339254,3.9317599758786512
1945,0.0346368009923026,0.00830804156233566,3.9172605374688008
1946,0.03474692755844444,0.008336339797354255,3.9176338517500433
1947,0.036873417790047824,0.008840709532883883,3.9309002137317113
1948,0.03554086689837277,0.008521775235437635,3.92207109364799
1949,0.039789008907973766,0.009552832040935755,3.9500057803751436
1950,0.03783803153783083,0.009073947156820233,3.9361975519254626
1951,0.03318262507673353,0.007976728960282172,3.905131700522854
1952,0.034821354201994836,0.008358825268756961,3.915891975646027
1953,0.03283255151472986,0.007895629046177523,3.902604398868091
1954,0.044093475909903646,0.010779833989625526,3.987814355273873
1955,0.030895604169927537,0.00743094921199862,3.8870775670153357
1956,0.03069045301526785,0.007383073882830113,3.885956270854547
1957,0.032878843951039016,0.007908964841642264,3.9034407133846973
1958,0.028652402223087847,0.006917823966818325,3.8709090833507744
1959,0.029787643579766154,0.007174313345748417,3.880523912180064
1960,0.029861827264539897,0.007190485329677661,3.8811153428877745
1961,0.03158224746584892,0.007593797387944076,3.8943106710006807
1962,0.030633172253146768,0.007369193100285801,3.8872853123611524
1963,0.0327545702457428,0.007876995710267213,3.9036250853569014
1964,0.027804099372588098,0.006726690725758923,3.865046545011637
1965,0.03205724305007607,0.007708476353687569,3.898873775782032
1966,0.027633504068944603,0.0066891812706077695,3.864284352011241
1967,0.029046840616501868,0.00700195224325389,3.8763777199107428
1968,0.02824967249762267,0.006822189696051607,3.8701136657418647
1969,0.02856618561781943,0.006891391395594335,3.873137587840233
1970,0.02966972754802555,0.007141819558191029,3.8822534168090814
1971,0.031048017437569797,0.007463748366274065,3.8931825646772062
1972,0.02908640366513282,0.007007400795459898,3.8774575956912467
1973,0.028598016826435924,0.006896312097369722,3.873426771708947
1974,0.03018316370435059,0.007258912045602696,3.8867330318834092
1975,0.02935782226268202,0.007068958398274551,3.880015039987373
1976,0.02925445686560124,0.007045301649663033,3.8798833192273796
1977,0.028021887643262744,0.006767489462745962,3.8699390349912104
1978,0.028978528804145753,0.0069810352100040576,3.8782930957781105
1979,0.028551991912536323,0.006884152117351491,3.8749932398294966
1980,0.030152377556078136,0.007249830862638926,3.8881505363880744
1981,0.03320594283286482,0.007971978511642476,3.9110221668348895
1982,0.029292195104062557,0.007052093846974299,3.8806559576209385
1983,0.027080273197498173,0.006556591613262089,3.8621283860365136
1984,0.028501112363301218,0.006869729261795178,3.8750161247814
1985,0.02741299825720489,0.006626655802801753,3.86670650405385
1986,0.02943663636688143,0.007081428285757149,3.8840918886494236
1987,0.026495273516047746,0.006423532522537492,3.85928808243957
1988,0.030967963626608253,0.007438117900066805,3.8977042737517045
1989,0.027085621550213546,0.006550090951352734,3.8653831181500107
1990,0.026101532741449773,0.006327568558562133,3.856410905482629
1991,0.03208717762026936,0.0077004029829468995,3.906707644187311
1992,0.026830469025298953,0.006491841582161208,3.8632978901135204
1993,0.027689374517649412,0.006679279007556964,3.8711063886469197
1994,0.025806138233747333,0.0062534726265604645,3.8532352183716223
1995,0.026253873482346535,0.006357822265250213,3.858122512872751
1996,0.031232893117703497,0.007669625235157031,3.932101422967061
1997,0.03377515682950616,0.008303483199917708,3.9442922978096506
1998,0.031175868469290435,0.007617250101026211,3.9323181851402
1999,0.03664927161298692,0.00899060439876585,3.9583768900214564
2000,0.03537924401462078,0.008640285898062717,3.952753299266077
2001,0.03312167013064027,0.008099626593906369,3.941938393988543
2002,0.03589412709698081,0.008786450251184328,3.954938054168004
2003,0.037390141282230616,0.009183266260645506,3.961895160274001
2004,0.0337385768070817,0.008263059718038899,3.944428839314093
2005,0.03704028809443116,0.009071793422567021,3.9600558313502363
2006,0.0410362605471164,0.009994275953231838,3.9799269971266993
2007,0.04071148741059005,0.009950674469786562,3.9772247364688402
2008,0.037814736599102616,0.00927508086411389,3.963240436052213
2009,0.03454686189070344,0.008466170614064744,3.9475633757241178
2010,0.03078941348940134,0.0074922899663862254,3.9306669109328096
2011,0.03682596096768975,0.009000664115303293,3.959269593484855
2012,0.036648559384047985,0.009010530931417288,3.9579373201818266
2013,0.031807282008230686,0.007774827969401623,3.9352838369983405
2014,0.029142953688278794,0.007128089312808933,3.922712585238312
2015,0.034516162471845746,0.008482376455959648,3.9484674063425964
2016,0.03203309350647032,0.007864244774090572,3.936562048878086
2017,0.027699382975697517,0.006760522063275931,3.916186861133367
2018,0.03825996280647814,0.009387994438146401,3.967208094818557
2019,0.035404561553150415,0.00868512724184428,3.952954670120179
2020,0.03195057006087154,0.007822917033651662,3.936694149078676
2021,0.03389339544810355,0.00832058831215256,3.945866821946405
2022,0.03154426487162709,0.007742947633832894,3.9347349960447002
2023,0.03230554412584752,0.007927317883167102,3.9385281002988655
2024,0.03372388519346714,0.008297443716952997,3.9451822148678204
2025,0.032433409127406776,0.007968233569810537,3.9389785908246693
2026,0.032206208910793066,0.007887130886510716,3.938147454055594
2027,0.03693587984889746,0.009083668964441478,3.960581668812713
2028,0.02963857864961028,0.007265005024425961,3.9255957394648764
2029,0.026349597610533237,0.006446375096411216,3.909565211692372
2030,0.034907885594293475,0.008570794420323087,3.9519390759323163
2031,0.03248859441373497,0.007943496945147914,3.9404876633991255
2032,0.03004529420286417,0.0073676356100336165,3.9286267623302025
2033,0.029129152186214924,0.007115972947693032,3.9247532890803734
2034,0.03028340288437903,0.007423090258055063,3.9307275716767016
2035,0.03331940993666649,0.00818299867043441,3.9453984638477504
2036,0.031256407615728676,0.007682654509784948,3.935263858474927
2037,0.02960646734572947,0.007268638210371136,3.92733174499101
2038,0.02979429520200938,0.007275483042145969,3.928760332179693
2039,0.032646875362843275,0.0080258428266504,3.942718011595736
2040,0.028789251344278455,0.007059105317757437,3.9237361288251704
2041,0.02743767446372658,0.00673341681312155,3.9172824938212782
2042,0.029264018987305462,0.007170483514804531,3.9269615400302174
2043,0.0343613033182919,0.008445048815122357,3.951848060779194
2044,0.029901481117121875,0.007341634511935089,3.930043867481837
2045,0.03032299317419529,0.007454070107390483,3.9318695064522347
2046,0.027640673448331654,0.006790325936300034,3.9186704959002188
2047,0.028574693016707897,0.006995605374294449,3.923901226388843
2048,0.03874680260196328,0.009534135689764512,3.9735120006159983
2049,0.03186920389998704,0.007701485426406618,3.939960550251059
2050,0.027444274397566915,0.006708499470173761,3.91835656125452
2051,0.02900867525022477,0.007096538743825774,3.9268030605673707
2052,0.02672541281208396,0.006530911825371511,3.915597351109697
2053,0.027109994553029537,0.006602888244834512,3.918313081321084
2054,0.0346563917119056,0.008517923540990763,3.95614744074966
2055,0.034038198878988624,0.008353312822491533,3.952309393544255
2056,0.027883634669706225,0.0068495378255693596,3.9216131433224612
2057,0.017398840573150665,0.004175937988384555,3.8110013427874496
2058,0.018564030004199594,0.004439342648781811,3.834658022036901
2059,0.019234770617913455,0.004615242693334918,3.8481197955745094
2060,0.01862871221965179,0.004459183760652137,3.8369509927691574
2061,0.019255448947660625,0.004609159819675164,3.8466790281462098
2062,0.020123409864027053,0.00484490694426414,3.861321633012972
2063,0.01785583677701652,0.004274315424404587,3.821443897314021
2064,0.01849850470898673,0.0044222060180981,3.832841568578964
2065,0.019424706290010363,0.004659715180617666,3.850155278881087
2066,0.019677428528666496,0.004723587616265247,3.8535883326906117
2067,0.019417349598370492,0.004639904385727363,3.8470462991900796
2068,0.035795250441879034,0.009327633536862905,3.991688668218296
2069,0.020400233508553356,0.004862629238324811,3.8565850118892033
2070,0.022205973276868463,0.005340354424283561,3.8793618604446336
2071,0.01987770601408556,0.00474860102027617,3.8504823104143635
2072,0.019017304992303252,0.004520724805758683,3.835621941503234
2073,0.018080863868817687,0.004301326983899931,3.8167169270091494
2074,0.018166343274060637,0.004325261283258246,3.8205674271313175
2075,0.018205853819381446,0.0043414470847846585,3.8234781406141813
2076,0.018527254869695753,0.004422098101329949,3.831825501835111
2077,0.019180865318048745,0.004577312073968226,3.84257185363921
2078,0.01880621671443805,0.004495305840399505,3.8378492616172672
2079,0.01868494803784415,0.004468827669881911,3.8366241051058605
2080,0.019608618051279336,0.004701106524430466,3.851787645463138
2081,0.01874452573247254,0.004476509150117635,3.836688099114906
2082,0.01873591128969565,0.004476921745538335,3.836988764814597
2083,0.019614240329246968,0.004694735511952403,3.850579634879948
2084,0.01831166195916012,0.004368061826545557,3.8274114112584936
2085,0.01901229255599901,0.004542287886346556,3.840947704840734
2086,0.01754150923807174,0.004200634079662337,3.812054111604006
2087,0.01809571631019935,0.00432545571048628,3.8248756846657366
2088,0.018153775134123862,0.004343267970386052,3.8274193779245276
2089,0.018607806763611734,0.0044541136492576815,3.836682974556283
2090,0.017752479063346982,0.004254290041112363,3.8189455104596473
2091,0.01854486862430349,0.004438912578990138,3.8353385108192795
2092,0.01862101338338107,0.004459219705940597,3.8372466895556836
2093,0.018008013314101845,0.004315819543384969,3.8246860474774973
2094,0.027462394325993955,0.006949832344659752,3.937583625909704
2095,0.018246267340146005,0.004353029147866072,3.823721639273895
2096,0.019579393789172173,0.004695306803171934,3.8524782343533537
2097,0.01950704411137849,0.004679343123412268,3.851347944184123
2098,0.01737423980375752,0.004174476436822227,3.810745586563543
2099,0.019198987807612866,0.004606200622156362,3.8473641463042365
2100,0.01910368021344766,0.004583247339898589,3.8459285830134755
2101,0.01810286595718935,0.004333382154664382,3.826771172325045
2102,0.018356906599365175,0.0043809243035737916,3.827281362704842
2103,0.018789151625242084,0.004506404789067453,3.8413847955398843
2104,0.019790972117334604,0.004767331198525775,3.8579567999402884
2105,0.01973741000983864,0.004741430579785019,3.8555308091672806
2106,0.018922245071735233,0.004527324827870837,3.8411614988321716
2107,0.017374896735418588,0.0041733946682577985,3.812331159855255
2108,0.01851184561382979,0.004435269918327254,3.836005523861357
2109,0.02181856636889279,0.005310190501952111,3.883191535530026
2110,0.021101532503962517,0.005077550886198878,3.8717738414487735
2111,0.018012056418228894,0.004300409091890536,3.8221932717214377
2112,0.018552643654402345,0.0044323194475675174,3.833986897130605
2113,0.01840191287919879,0.004391948225271421,3.8300462988614385
2114,0.018097052117809653,0.004323380610275299,3.824517287159952
2115,0.01815735176205635,0.0043402757454092805,3.8265337338867225
2116,0.022419279790483415,0.0053862098234420275,3.885796767932357
2117,0.01802309072809294,0.004309050624591208,3.822875549219412
2118,0.018902439100202173,0.004528916851846307,3.8422547726708705
2119,0.019012985925655812,0.0045514350982778,3.843141808066614
2120,0.017561304033733904,0.004373263365899523,3.8374726164065565
2121,0.018217191216535866,0.004499510219179545,3.8432034060398346
2122,0.016786867869086564,0.004203383761273089,3.8295504253239043
2123,0.016074151208158582,0.004058208823304385,3.8223106752930622
2124,0.017497551103588194,0.004394659854515585,3.843645675768623
2125,0.021215411950834095,0.005267524800297838,3.8800016634811936
2126,0.018059207941405475,0.004503338092307777,3.8470770901143565
2127,0.01670260855462402,0.004195809463879426,3.8310067808824364
2128,0.017877088743261993,0.004469809935095811,3.846373387333037
2129,0.01879081374499947,0.0046735862492637,3.8557385394854493
2130,0.022189320530742407,0.0054592362779070334,3.885876899047631
2131,0.015458927548024803,0.003921794909936837,3.8129282961382
2132,0.01620562036987394,0.004088849535835938,3.8257052652360244
2133,0.01622842624783516,0.004100702594971968,3.8281300656353348
2134,0.025527613703161478,0.006341789163937572,3.915827216706424
2135,0.017806029063649476,0.0044614356243982915,3.8478090590208605
2136,0.01721765729598701,0.004327757186679678,3.8410016634348527
2137,0.017068458837457,0.0043028205284309454,3.8401146571307727
2138,0.01873971364693716,0.004687735921882018,3.8584160546460287
2139,0.017287203401792794,0.004346310578816593,3.841569582218926
2140,0.015588347800076008,0.003962055442036327,3.8182295206158523
2141,0.018140504194889218,0.004552866413998057,3.8531624326713607
2142,0.01524359016912058,0.0038909837914009888,3.8139001584546834
2143,0.01934531092410907,0.004836375185175601,3.8662968545223553
2144,0.02258435997646302,0.005611018446095363,3.8929971002146346
2145,0.03245160751976073,0.00802437404377593,3.952515259568182
2146,0.024701801827177405,0.006084042983066905,3.90167878725784
2147,0.015762288006953895,0.003967080938140626,3.8113347811291085
2148,0.018402918649371713,0.004575867318510633,3.849682275193011
2149,0.015855878067668527,0.004005055173193591,3.8176203216466056
2150,0.01631805213401094,0.004120280647647225,3.826779736500245
2151,0.01729972567409277,0.0043413058019741765,3.8397113637264355
2152,0.016246769344434142,0.004107537997340915,3.8270552541916034
2153,0.015988940314855427,0.004051714980667489,3.8241287569495657
2154,0.016344323579687625,0.004137079306072258,3.8310417811737225
2155,0.015856219397392124,0.0040280182700861335,3.8241117941563196
2156,0.015862022526562214,0.004040429834433226,3.8265493600414744
2157,0.017100500699598342,0.004325576140608024,3.8436129567804187
2158,0.016451618750579655,0.004176452630105419,3.8351726116462967
2159,0.015309413138311356,0.003923292111320051,3.8196968411049683
2160,0.01573081425158307,0.004014398449771608,3.826258855729398
2161,0.015688097453676164,0.004015692510337942,3.827679397481572
2162,0.015605502005200833,0.0039984436505019465,3.8268234541453547
2163,0.015760220063384622,0.004030508889192684,3.8288331841844645
2164,0.015785926720127463,0.004038176616271236,3.8299835873455406
2165,0.015345088031608611,0.003935461745343425,3.8227743087582775
2166,0.020232582581229508,0.005075960485139228,3.8793734999548897
2167,0.01719422551104799,0.004350013348120281,3.8467251898268517
2168,0.017860085470601916,0.004500752231278629,3.8538263046143415
2169,0.020942040253430605,0.005246156828026429,3.88326956658013
2170,0.014939898566808552,0.0038299714291926083,3.810607386290504
2171,0.036660818848758936,0.009079368410613199,3.9808721431824545
2172,0.017724732926581055,0.004414390088905665,3.8422302101170063
2173,0.018089384480845183,0.0045228480827063326,3.8496331812163773
2174,0.01967572106514126,0.004897724410757322,3.86591860685702
2175,0.015529994445387274,0.003944218807903931,3.815502683551587
2176,0.016286281519569457,0.004120493166443424,3.8288682370916773
2177,0.018426400260068476,0.004613911632529965,3.8552602085749244
2178,0.016166080604307353,0.004081106605557004,3.8255408139681917
2179,0.019788659818004817,0.00487118949055333,3.865122587515282
2180,0.016644407471176237,0.004208312522673271,3.835500760095779
2181,0.01677074481267482,0.004237467897522831,3.837265726359752
2182,0.018230254587251693,0.004568032720612255,3.8537589672581016
2183,0.017323898151516914,0.004359204286587133,3.8433633832721235
2184,0.01639990118565038,0.0041524244568025325,3.8321883994081523
2185,0.017034402408171445,0.004289116509265019,3.8388750001005416
2186,0.026108558755367994,0.006409351852869847,3.8839926350390255
2187,0.02079980366397649,0.005128993068332549,3.8367276390777216
2188,0.02376389567507431,0.005838408135112864,3.8643930528914687
2189,0.017608303460292518,0.004380464242137843,3.7972913427069988
2190,0.021536905667744577,0.0053074928380781,3.8455132589415117
2191,0.021286717907059938,0.005248143218978236,3.8428063502652483
2192,0.019138029136229306,0.004742443492645492,3.819386048992381
2193,0.022094023996032774,0.0054396709595784945,3.8513973250580404
2194,0.01711523500853218,0.004282381347700427,3.791154327513164
2195,0.02197301690466702,0.005423296814132168,3.8534454928757125
2196,0.02033264172496274,0.005038153842132326,3.837445771615932
2197,0.01925810967804864,0.004790288055478674,3.8263470877024806
2198,0.019605071865953505,0.004873443626475705,3.830914688689346
2199,0.019558960339054465,0.004863036880959515,3.830511679832076
2200,0.022408090298995376,0.005538574265479188,3.8591758829180147
2201,0.020394123042933643,0.005052896100880346,3.8380266063037665
2202,0.021071966097224504,0.0052166846302504144,3.8458538805571187
2203,0.019092049216851592,0.004752547185717508,3.824634664277626
2204,0.023064289649482816,0.005696292876372559,3.864654494562922
2205,0.01814458897570148,0.004532742421048684,3.8131545735662162
2206,0.022994941915385425,0.005679995816919062,3.8643344595425777
2207,0.019429013424087316,0.004829792001422632,3.8282360187732207
2208,0.02353809238411486,0.005804946840198253,3.8682396463588744
2209,0.019973991147708148,0.004954790722136621,3.8338948935318284
2210,0.024698136723600328,0.006077752852034739,3.8768447326799214
2211,0.019183251599315554,0.004767276213570225,3.824193629341033
2212,0.013535768506699242,0.0032990772553064206,3.6959531826742267
2213,0.037401811918243766,0.009190881232847068,3.961851126065043
2214,0.019883555767592043,0.004953106712418223,3.83890929888482
2215,0.018375965242739767,0.00460578991423176,3.8229380686264487
2216,0.019407643529120833,0.004849080544400973,3.835456446816124
2217,0.01953706896165386,0.004873595445931134,3.8360769867201654
2218,0.01983546157134697,0.004946182565826308,3.840101299988216
2219,0.018131967110093683,0.004552508404349865,3.820916977429551
2220,0.02006807766156271,0.005005260837665737,3.8444007307376284
2221,0.02102280338294804,0.0052323504623107185,3.8535314205591034
2222,0.02219928294653073,0.005505095330781934,3.863442046619638
2223,0.0170293974224478,0.004306590267510376,3.8082095250617285
2224,0.016856699774507433,0.00427386561488601,3.807741078281376
2225,0.01844314462505281,0.004634699619042778,3.828781721668246
2226,0.018899935006629676,0.004747089842861199,3.8350712009094976
2227,0.018571872322354466,0.004672323106646989,3.8316154224914962
2228,0.01848003693157807,0.004651449306127976,3.8307441225709296
2229,0.022649341088254005,0.0056216289291647495,3.8699446568085913
2230,0.020037499023601413,0.005005639915821779,3.8455079394215033
2231,0.02040043647866696,0.005086622534473411,3.847880600958663
2232,0.017483892384916544,0.004414820691150447,3.8161729629740715
2233,0.017326109460555017,0.004382606336583543,3.815158646597042
2234,0.02224714425392449,0.005529488410223714,3.866078570833126
2235,0.02056525502121076,0.005121157519905028,3.849059137029339
2236,0.019018737133592367,0.004762462981402723,3.832684667615121
2237,0.020894742687232792,0.0052015889537918945,3.852097153901629
2238,0.02196446934249252,0.005443640377510477,3.8605001752301416
2239,0.020536186173558235,0.0051072963596531734,3.8464662294856224
2240,0.021275614388287067,0.005280368550843638,3.8532272396138922
2241,0.03231810871511698,0.007935422073159153,3.9309157228349476
2242,0.01960346585838124,0.004874386695552279,3.832396613502781
2243,0.024042667413596064,0.005875960291168881,3.8706588166801237
2244,0.019905433466192335,0.004958038068978548,3.8386421467000074
2245,0.016438348800875247,0.004175157034503114,3.799934272749457
2246,0.01847142423503101,0.004637261687680728,3.8263245310615637
2247,0.02112548187142238,0.005253086021320537,3.8536246129505836
2248,0.02125326864188537,0.005280684427160657,3.8537416180428927
2249,0.03016753657720983,0.007269792472912306,3.9612384663569227
2250,0.03158984729088843,0.007552600233981806,3.9687806743734653
2251,0.028250218834728003,0.006760311834137849,3.952031008617502
2252,0.03392955893650651,0.008129243785672216,3.9818269727425672
2253,0.029118834994733334,0.006969200506154134,3.9567127031904183
2254,0.03152732946909964,0.007547705147026565,3.969421537595406
2255,0.034996842965483665,0.00839933464366328,3.9869276668888394
2256,0.02769746584817767,0.006629507009077955,3.9486626615360696
2257,0.029245660174638033,0.006949848585420285,3.9580705241800773
2258,0.028851355658844113,0.006782734021544457,3.9575085738375244
2259,0.030252860859036446,0.007138855190264055,3.966903931795437
2260,0.027884621173143387,0.006563284615625436,3.954995002434316
2261,0.02710560243576765,0.006423773111066834,3.953096391596534
2262,0.029218837385997176,0.006982215700250884,3.965813160140307
2263,0.026461947476491332,0.0063083290197707784,3.9513825378639047
2264,0.02943540853448212,0.007055238695181781,3.9683302896023123
2265,0.027386358939111233,0.006565668284015022,3.956905002215427
2266,0.026870139641687274,0.006447323946978408,3.954757060885839
2267,0.028549766400828958,0.00683909344395955,3.9646114746334535
2268,0.026835474651306868,0.006416047669269822,3.9550595187801547
2269,0.028623348101973534,0.006863750460610948,3.965555528390341
2270,0.028946032281965017,0.006931905164963469,3.9658028639526246
2271,0.02637228276580572,0.00634700706924754,3.9529159542687604
2272,0.024971437407657504,0.006029849601376438,3.9454643933361306
2273,0.021684725652448833,0.00529717200087628,3.9268395162388856
2274,0.027700436767190695,0.006647572670169551,3.964353225346157
2275,0.031529330648481846,0.007596287379975772,3.983750770011065
2276,0.023809827282093465,0.005753200980348619,3.9398798603356537
2277,0.026560171274468303,0.006374829528408018,3.9570348738760597
2278,0.026759975356981158,0.006393634211209286,3.9580771591970865
2279,0.02618968696333468,0.006297163373668387,3.95612477428528
2280,0.023994713556021452,0.005776406132525166,3.943354292609162
2281,0.027112874435260892,0.006505424739096803,3.962223294731279
2282,0.031799256801605225,0.0077899781861640385,3.991422222037559
2283,0.031871257117018104,0.007589307954842193,3.9811477279708503
2284,0.03181463573127985,0.007613528986470868,3.9799292108303255
2285,0.03286114614456892,0.007898945587150978,3.983886117183148
2286,0.027079288382083178,0.006525497568100189,3.952659297403099
2287,0.028661347925662994,0.006866516780910969,3.961781325993728
2288,0.02413163927849382,0.005820778264391302,3.936731896035535
2289,0.03226909879595041,0.007765456126306696,3.982498548877952
2290,0.033883456606417894,0.008257272214274414,3.9933737459894028
2291,0.028578168945387006,0.006858879150916832,3.957437053324151
2292,0.03487879130989313,0.008418699654026165,3.9899452514203415
2293,0.036065913271158934,0.00856741628913767,3.994555569281558
2294,0.03314357902854681,0.008008751993127143,3.9857484910230037
2295,0.03700582101009786,0.008809169375271809,3.99316470837346
2296,0.03591413819231093,0.008536086824129928,3.986517357088397
2297,0.037140382220968604,0.008858811887614554,3.992122885765106
2298,0.026019041310064495,0.006274393537812411,3.9357394412889035
2299,0.031231938395649195,0.007476007469587956,3.9639859275475557
2300,0.03181579173542559,0.007603511716919616,3.9675771276742338
2301,0.02787237917073071,0.006687715941231058,3.9483872861322884
2302,0.03171990625560284,0.007613984864794646,3.9688682759875458
2303,0.03233521617949009,0.007609289390370501,3.97191123154163
2304,0.024597407435066998,0.005957842938388739,3.933258895901964
2305,0.027564234798774123,0.006606610622633286,3.951216266486596
2306,0.031741005601361394,0.0075434700297411245,3.973813146573163
2307,0.03327655140310526,0.008007069297059619,3.981169255813524
2308,0.03566444828175008,0.008585994921135482,3.9929426426197483
2309,0.03071038448251784,0.007295738507425945,3.9644439892771155
2310,0.03319588769227266,0.007976379839120189,3.980328421038259
2311,0.03064433461986482,0.007378964970571927,3.9625747113663903
2312,0.023557568434625864,0.00588510463309007,3.9322906489292397
2313,0.018565953942015767,0.004645616194916895,3.891642437563491
2314,0.036052029114216566,0.00848218445926403,3.983036498892436
2315,0.03582647000439465,0.00844887474846559,3.984373062333794
2316,0.026633741799741983,0.006358540536497127,3.9126079101331626
2317,0.033499612007290125,0.008106550953730389,3.983000053148511
2318,0.03120382339693606,0.007394746338214838,3.9548078094759407
2319,0.0349840116687119,0.008335887607161946,3.98754823360296
2320,0.03480035299435258,0.008316929043530916,3.986231184344287
2321,0.03545709187164903,0.008518003045835278,3.9898895911706624
2322,0.032566516660153866,0.007794169484251978,3.969505049001896
2323,0.0353281213901937,0.008484187297623366,3.988497562183217
2324,0.02959450369235128,0.007100945740141702,3.947416232313004
2325,0.030760210938751698,0.007337347468869253,3.958836638585847
2326,0.030193710001185536,0.007260865220166618,3.9574624565364487
2327,0.033035977045074105,0.007928555977126264,3.979112083156367
2328,0.0322906996589154,0.007765527020337104,3.9743325962411964
2329,0.031274551060050726,0.007531659935698264,3.9668473844800167
2330,0.03087192913517356,0.0074200505331183724,3.9644287441732984
2331,0.027692863019183278,0.006709547187687723,3.9423802483759096
2332,0.030858832644298673,0.007457743671656859,3.968909927702573
2333,0.03318744990974665,0.008000837702943821,3.983928925908519
2334,0.031845671124756336,0.0076444039268651195,3.973542552796673
2335,0.0287350092548877,0.006935616844782123,3.951864525031398
2336,0.03070368734188378,0.0074241086887666076,3.969084837691721
2337,0.026547393877990544,0.00643820736278162,3.9366062598432494
2338,0.02873447653837502,0.006941015123129393,3.956454813597147
2339,0.028705368284136057,0.0069360501330458756,3.957639691253418
2340,0.029138745507225394,0.007028417536041853,3.9620412337138546
2341,0.030123254749923944,0.007259525581316314,3.969875101255442
2342,0.03247895836830139,0.0077667900157295895,3.9846088074342085
2343,0.0299229531083256,0.0072164320932569526,3.967123559224783
2344,0.032778627471998334,0.00790891532444392,3.986727307919845
2345,0.030606420012190938,0.007391789263296208,3.9706713312966726
2346,0.03026026301085949,0.007315693786273701,3.9682277502816317
2347,0.027242851676419377,0.006617325650816564,3.9456322540500817
2348,0.030647264327853918,0.007417756004215089,3.973655695243006
2349,0.028906695544719696,0.0070174633914146965,3.960543457374533
2350,0.031191803282126784,0.007478059120852538,3.9751805724496156
2351,0.029321956215426326,0.0071036898117098545,3.963336681686075
2352,0.028782389126718044,0.006973905785805749,3.9594249588078823
2353,0.030799611238762736,0.007450557573187331,3.9749499253030116
2354,0.031689667608588934,0.007627130128907335,3.9791534228838836
2355,0.02768168947659433,0.0067139049963743395,3.949882150219517
2356,0.029438714496791363,0.007108735413249795,3.9644752674628245
2357,0.028533433098345995,0.006912731492471715,3.9585323829843384
2358,0.029842291958630085,0.007217041397097235,3.9691169200604217
2359,0.02944687381386757,0.007132282791979084,3.96597977990194
2360,0.03167730593122542,0.007647428359610565,3.980866162029997
2361,0.026419381028972566,0.00643079077545867,3.9411351067849663
2362,0.029805392725393176,0.007216767341789072,3.9697715133157687
2363,0.02690393105149269,0.006531882124893393,3.9471999957383836
2364,0.029802880017086864,0.007136620965594996,3.9699059392737253
2365,0.026759245665743947,0.006519555826342166,3.9491451134365367
2366,0.026879016309976578,0.006534477798675849,3.9518447254434235
